{
  "performance_analysis": {
    "tabular_cfr_baseline": {
      "mean": 0.0713754924236497,
      "std": 0.014006737296195544,
      "sem": 0.0038847699633374516,
      "min": 0.04019211458224806,
      "max": 0.09997124517112208,
      "median": 0.0709940853761479,
      "n": 14,
      "ci_95": [
        0.06298295715729427,
        0.07976802769000513
      ]
    },
    "deep_cfr_baseline": {
      "mean": 0.3987794871549183,
      "std": 0.026133184075022988,
      "sem": 0.0059953636029458765,
      "min": 0.3372089905176417,
      "max": 0.4510288900953455,
      "median": 0.4020247630593309,
      "n": 20,
      "ci_95": [
        0.38623104691902876,
        0.4113279273908078
      ]
    },
    "deep_cfr_wide": {
      "mean": 0.33995715214753913,
      "std": 0.021077540685837837,
      "sem": 0.00483551946462811,
      "min": 0.2960534355492658,
      "max": 0.3807489532422249,
      "median": 0.3383188153492139,
      "n": 20,
      "ci_95": [
        0.32983629359251315,
        0.3500780107025651
      ]
    },
    "deep_cfr_deep": {
      "mean": 0.4043550436674767,
      "std": 0.0243826209410837,
      "sem": 0.005593756876886445,
      "min": 0.35354084520921175,
      "max": 0.4466594163979577,
      "median": 0.4047163570872747,
      "n": 20,
      "ci_95": [
        0.3926471759696417,
        0.4160629113653117
      ]
    },
    "deep_cfr_fast": {
      "mean": 0.436190636067582,
      "std": 0.01581294134447434,
      "sem": 0.003627737543194728,
      "min": 0.4099226851215552,
      "max": 0.4722590596953181,
      "median": 0.43486079184586557,
      "n": 20,
      "ci_95": [
        0.42859769412659554,
        0.4437835780085685
      ]
    }
  },
  "statistical_tests": {
    "tabular_cfr_baseline_vs_deep_cfr_baseline": {
      "method1": "tabular_cfr_baseline",
      "method2": "deep_cfr_baseline",
      "mean1": 0.0713754924236497,
      "mean2": 0.3987794871549183,
      "improvement": 82.10151356257657,
      "overlap": false
    },
    "tabular_cfr_baseline_vs_deep_cfr_wide": {
      "method1": "tabular_cfr_baseline",
      "method2": "deep_cfr_wide",
      "mean1": 0.0713754924236497,
      "mean2": 0.33995715214753913,
      "improvement": 79.00456220062897,
      "overlap": false
    },
    "tabular_cfr_baseline_vs_deep_cfr_deep": {
      "method1": "tabular_cfr_baseline",
      "method2": "deep_cfr_deep",
      "mean1": 0.0713754924236497,
      "mean2": 0.4043550436674767,
      "improvement": 82.34831157878529,
      "overlap": false
    },
    "tabular_cfr_baseline_vs_deep_cfr_fast": {
      "method1": "tabular_cfr_baseline",
      "method2": "deep_cfr_fast",
      "mean1": 0.0713754924236497,
      "mean2": 0.436190636067582,
      "improvement": 83.6366289136498,
      "overlap": false
    },
    "deep_cfr_baseline_vs_deep_cfr_wide": {
      "method1": "deep_cfr_baseline",
      "method2": "deep_cfr_wide",
      "mean1": 0.3987794871549183,
      "mean2": 0.33995715214753913,
      "improvement": -17.30286732777743,
      "overlap": false
    },
    "deep_cfr_baseline_vs_deep_cfr_deep": {
      "method1": "deep_cfr_baseline",
      "method2": "deep_cfr_deep",
      "mean1": 0.3987794871549183,
      "mean2": 0.4043550436674767,
      "improvement": 1.3788764601495875,
      "overlap": true
    },
    "deep_cfr_baseline_vs_deep_cfr_fast": {
      "method1": "deep_cfr_baseline",
      "method2": "deep_cfr_fast",
      "mean1": 0.3987794871549183,
      "mean2": 0.436190636067582,
      "improvement": 8.576788637633054,
      "overlap": false
    },
    "deep_cfr_wide_vs_deep_cfr_deep": {
      "method1": "deep_cfr_wide",
      "method2": "deep_cfr_deep",
      "mean1": 0.33995715214753913,
      "mean2": 0.4043550436674767,
      "improvement": 15.926075989025005,
      "overlap": false
    },
    "deep_cfr_wide_vs_deep_cfr_fast": {
      "method1": "deep_cfr_wide",
      "method2": "deep_cfr_fast",
      "mean1": 0.33995715214753913,
      "mean2": 0.436190636067582,
      "improvement": 22.062253510901314,
      "overlap": false
    },
    "deep_cfr_deep_vs_deep_cfr_fast": {
      "method1": "deep_cfr_deep",
      "method2": "deep_cfr_fast",
      "mean1": 0.4043550436674767,
      "mean2": 0.436190636067582,
      "improvement": 7.298550167677785,
      "overlap": false
    }
  },
  "metadata": {
    "total_experiments": 100,
    "successful_experiments": 94,
    "failed_experiments": 6,
    "timestamp": 1760018377.462059
  }
}