{
  "ablation_type": "no_critic",
  "config": {
    "state_dim": 10,
    "num_actions": 2,
    "hidden_dims": [
      64,
      64
    ],
    "dropout": 0.0,
    "activation": "relu",
    "batch_size": 32,
    "mixture_weight": 0.1,
    "lambda_mode": "adaptive",
    "lambda_alpha": 0.5,
    "actor_lr": 0.0001,
    "critic_lr": 0.001,
    "regret_lr": 0.001
  },
  "num_iterations": 50,
  "total_time": 0.144697904586792,
  "lambda_stats": {
    "initial_lambda": 0.5002065896987915,
    "final_lambda": 0.42862972617149353,
    "min_lambda": 0.42826008796691895,
    "max_lambda": 0.5002065896987915,
    "mean_lambda": 0.450004585981369,
    "std_lambda": 0.021529336050514346
  },
  "final_losses": {
    "actor_loss": 0.6563937664031982,
    "critic_loss": 0.0,
    "regret_loss": 0.06227843090891838,
    "total_loss": 0.7186722159385681
  },
  "results_data": {
    "iterations": [
      0,
      1,
      2,
      3,
      4,
      5,
      6,
      7,
      8,
      9,
      10,
      11,
      12,
      13,
      14,
      15,
      16,
      17,
      18,
      19,
      20,
      21,
      22,
      23,
      24,
      25,
      26,
      27,
      28,
      29,
      30,
      31,
      32,
      33,
      34,
      35,
      36,
      37,
      38,
      39,
      40,
      41,
      42,
      43,
      44,
      45,
      46,
      47,
      48,
      49
    ],
    "lambda_values": [
      0.5002065896987915,
      0.4974040687084198,
      0.4941744804382324,
      0.49339109659194946,
      0.4906553030014038,
      0.4861171543598175,
      0.48331859707832336,
      0.48016634583473206,
      0.4763413965702057,
      0.4723649322986603,
      0.46894046664237976,
      0.46559715270996094,
      0.4631522595882416,
      0.46025729179382324,
      0.45727023482322693,
      0.45501118898391724,
      0.4535837173461914,
      0.45077958703041077,
      0.4493789076805115,
      0.44757091999053955,
      0.4453601539134979,
      0.4447593092918396,
      0.44385603070259094,
      0.44313085079193115,
      0.44240400195121765,
      0.44133099913597107,
      0.43990156054496765,
      0.43883979320526123,
      0.43800461292266846,
      0.43666592240333557,
      0.43545597791671753,
      0.4354706108570099,
      0.43558669090270996,
      0.43421706557273865,
      0.4349652826786041,
      0.4342629611492157,
      0.4337889850139618,
      0.4341801106929779,
      0.4337870478630066,
      0.43300673365592957,
      0.43199968338012695,
      0.43105199933052063,
      0.43012678623199463,
      0.4292852580547333,
      0.4290352165699005,
      0.4289402663707733,
      0.42826008796691895,
      0.4293524920940399,
      0.4288913905620575,
      0.42862972617149353
    ],
    "actor_losses": [
      0.6290388703346252,
      0.7073134779930115,
      0.6489592790603638,
      0.6058511137962341,
      0.6590401530265808,
      0.5929518342018127,
      0.5978620648384094,
      0.6157684922218323,
      0.6659713983535767,
      0.6581312417984009,
      0.6648392677307129,
      0.6359533071517944,
      0.6583299040794373,
      0.6851311922073364,
      0.667221188545227,
      0.617640495300293,
      0.5979753732681274,
      0.7043614387512207,
      0.6169780492782593,
      0.6417104601860046,
      0.6567181944847107,
      0.6359372735023499,
      0.5965522527694702,
      0.6155029535293579,
      0.6222424507141113,
      0.6150615811347961,
      0.6578884124755859,
      0.6547995805740356,
      0.6363287568092346,
      0.6624453663825989,
      0.6614139676094055,
      0.5905100107192993,
      0.5896182060241699,
      0.7045164108276367,
      0.54915851354599,
      0.6369563341140747,
      0.6145209670066833,
      0.5704888701438904,
      0.6138455271720886,
      0.6582111716270447,
      0.6836430430412292,
      0.6795337796211243,
      0.6813952326774597,
      0.6817380785942078,
      0.6332647800445557,
      0.6372673511505127,
      0.6580989360809326,
      0.567864179611206,
      0.6558291912078857,
      0.6563937664031982
    ],
    "critic_losses": [
      0.0,
      0.0,
      0.0,
      0.0,
      0.0,
      0.0,
      0.0,
      0.0,
      0.0,
      0.0,
      0.0,
      0.0,
      0.0,
      0.0,
      0.0,
      0.0,
      0.0,
      0.0,
      0.0,
      0.0,
      0.0,
      0.0,
      0.0,
      0.0,
      0.0,
      0.0,
      0.0,
      0.0,
      0.0,
      0.0,
      0.0,
      0.0,
      0.0,
      0.0,
      0.0,
      0.0,
      0.0,
      0.0,
      0.0,
      0.0,
      0.0,
      0.0,
      0.0,
      0.0,
      0.0,
      0.0,
      0.0,
      0.0,
      0.0,
      0.0
    ],
    "regret_losses": [
      0.6455692648887634,
      0.4847602844238281,
      0.36980554461479187,
      0.4965626895427704,
      0.38724416494369507,
      0.15493790805339813,
      0.26267585158348083,
      0.22975140810012817,
      0.20064139366149902,
      0.14976465702056885,
      0.16862714290618896,
      0.11854012310504913,
      0.1860790103673935,
      0.15685035288333893,
      0.10800791531801224,
      0.09283587336540222,
      0.12193064391613007,
      0.10555968433618546,
      0.10875183343887329,
      0.08915743231773376,
      0.05682694539427757,
      0.1484101414680481,
      0.07964412122964859,
      0.10568391531705856,
      0.10639389604330063,
      0.06522371619939804,
      0.07036943733692169,
      0.08547038584947586,
      0.07673774659633636,
      0.05511302500963211,
      0.05360285937786102,
      0.07244833558797836,
      0.0799330398440361,
      0.07487092167139053,
      0.08072351664304733,
      0.05655331164598465,
      0.046971555799245834,
      0.06951528787612915,
      0.05221271514892578,
      0.06182480975985527,
      0.06239483505487442,
      0.05487325042486191,
      0.05080471187829971,
      0.05039006471633911,
      0.04331798106431961,
      0.05793611705303192,
      0.03020322509109974,
      0.07915233820676804,
      0.049201007932424545,
      0.06227843090891838
    ],
    "total_losses": [
      1.2746081352233887,
      1.1920738220214844,
      1.018764853477478,
      1.1024137735366821,
      1.0462843179702759,
      0.7478897571563721,
      0.8605378866195679,
      0.8455199003219604,
      0.8666127920150757,
      0.8078958988189697,
      0.8334664106369019,
      0.7544934153556824,
      0.8444089293479919,
      0.8419815301895142,
      0.7752290964126587,
      0.7104763984680176,
      0.7199060320854187,
      0.809921145439148,
      0.7257298827171326,
      0.730867862701416,
      0.7135451436042786,
      0.784347414970398,
      0.6761963963508606,
      0.7211868762969971,
      0.7286363244056702,
      0.6802852749824524,
      0.7282578349113464,
      0.7402699589729309,
      0.7130665183067322,
      0.7175583839416504,
      0.7150168418884277,
      0.6629583239555359,
      0.6695512533187866,
      0.779387354850769,
      0.6298820376396179,
      0.6935096383094788,
      0.6614925265312195,
      0.6400041580200195,
      0.6660582423210144,
      0.720035970211029,
      0.7460379004478455,
      0.7344070076942444,
      0.7321999669075012,
      0.7321281433105469,
      0.6765827536582947,
      0.6952034831047058,
      0.6883021593093872,
      0.6470165252685547,
      0.7050302028656006,
      0.7186722159385681
    ],