{
  "ablation_type": "no_regret",
  "config": {
    "state_dim": 10,
    "num_actions": 2,
    "hidden_dims": [
      64,
      64
    ],
    "dropout": 0.0,
    "activation": "relu",
    "batch_size": 32,
    "mixture_weight": 0.1,
    "lambda_mode": "adaptive",
    "lambda_alpha": 0.5,
    "actor_lr": 0.0001,
    "critic_lr": 0.001,
    "regret_lr": 0.001
  },
  "num_iterations": 50,
  "total_time": 0.13473725318908691,
  "lambda_stats": {
    "initial_lambda": 0.4919578731060028,
    "final_lambda": 0.4213905334472656,
    "min_lambda": 0.4213905334472656,
    "max_lambda": 0.4919578731060028,
    "mean_lambda": 0.43535681426525114,
    "std_lambda": 0.01773318954404661
  },
  "final_losses": {
    "actor_loss": 0.6826436519622803,
    "critic_loss": 0.9764711856842041,
    "regret_loss": 0.0,
    "total_loss": 1.6591148376464844
  },
  "results_data": {
    "iterations": [
      0,
      1,
      2,
      3,
      4,
      5,
      6,
      7,
      8,
      9,
      10,
      11,
      12,
      13,
      14,
      15,
      16,
      17,
      18,
      19,
      20,
      21,
      22,
      23,
      24,
      25,
      26,
      27,
      28,
      29,
      30,
      31,
      32,
      33,
      34,
      35,
      36,
      37,
      38,
      39,
      40,
      41,
      42,
      43,
      44,
      45,
      46,
      47,
      48,
      49
    ],
    "lambda_values": [
      0.4919578731060028,
      0.48412665724754333,
      0.47706010937690735,
      0.4712166488170624,
      0.4674113988876343,
      0.4625622034072876,
      0.4578690528869629,
      0.4538824260234833,
      0.45079073309898376,
      0.44805535674095154,
      0.4458354413509369,
      0.44351673126220703,
      0.44089576601982117,
      0.43872517347335815,
      0.4370652735233307,
      0.43627116084098816,
      0.43463701009750366,
      0.43321096897125244,
      0.43221378326416016,
      0.43158289790153503,
      0.43043896555900574,
      0.42944663763046265,
      0.42823848128318787,
      0.4276595115661621,
      0.4267047643661499,
      0.42640063166618347,
      0.42603054642677307,
      0.4257339835166931,
      0.42522192001342773,
      0.4247710406780243,
      0.42571505904197693,
      0.42470890283584595,
      0.4248218238353729,
      0.42448121309280396,
      0.4239971935749054,
      0.42425110936164856,
      0.4233996868133545,
      0.4231274724006653,
      0.42283663153648376,
      0.4223848879337311,
      0.4225088059902191,
      0.4225706160068512,
      0.4215918183326721,
      0.42154017090797424,
      0.42173412442207336,
      0.4217011332511902,
      0.42162656784057617,
      0.421872079372406,
      0.4220477342605591,
      0.4213905334472656
    ],
    "actor_losses": [
      0.643425703048706,
      0.691211998462677,
      0.6932168006896973,
      0.652384877204895,
      0.536093533039093,
      0.6509308815002441,
      0.6779078245162964,
      0.6592844128608704,
      0.6195962429046631,
      0.6160452365875244,
      0.5966783761978149,
      0.6228213310241699,
      0.6663176417350769,
      0.6512539982795715,
      0.6275501847267151,
      0.5707274079322815,
      0.6455672383308411,
      0.6420242786407471,
      0.6187725067138672,
      0.5970730185508728,
      0.644080400466919,
      0.6410963535308838,
      0.6668698787689209,
      0.6253840327262878,
      0.6608493328094482,
      0.6154829263687134,
      0.6233689785003662,
      0.6203893423080444,
      0.6404529809951782,
      0.6396428346633911,
      0.5291905403137207,
      0.6810448169708252,
      0.5976999402046204,
      0.6339006423950195,
      0.6484434008598328,
      0.5919767618179321,
      0.6804242134094238,
      0.6399691700935364,
      0.6437262296676636,
      0.6593075394630432,
      0.6158246397972107,
      0.6198983192443848,
      0.7047129273414612,
      0.6367210149765015,
      0.6170001029968262,
      0.6340222358703613,
      0.6377050876617432,
      0.6120644807815552,
      0.6157835125923157,
      0.6826436519622803
    ],
    "critic_losses": [
      0.6255529522895813,
      1.4599272012710571,
      0.787979245185852,
      1.1067302227020264,
      1.017249584197998,
      1.3847975730895996,
      1.0803487300872803,
      1.2583141326904297,
      0.43791714310646057,
      0.6247037649154663,
      0.9591594934463501,
      1.1828266382217407,
      1.4777188301086426,
      1.0767313241958618,
      1.1054928302764893,
      0.6781759262084961,
      1.3614217042922974,
      0.924599289894104,
      1.9197134971618652,
      0.9666959643363953,
      1.0889289379119873,
      1.5582464933395386,
      1.396747350692749,
      1.1336109638214111,
      1.095778465270996,
      0.6078709363937378,
      0.9658436179161072,
      0.8212084174156189,
      1.2125658988952637,
      1.1383416652679443,
      1.0974072217941284,
      1.2805750370025635,
      1.2222846746444702,
      0.8873810172080994,
      0.9254574775695801,
      1.007572054862976,
      1.2541241645812988,
      1.421582579612732,
      0.7369360327720642,
      1.1680879592895508,
      0.8979932069778442,
      0.7037543058395386,
      1.1135764122009277,
      0.6877425312995911,
      1.0921028852462769,
      0.9577031135559082,
      0.8925426006317139,
      1.1333723068237305,
      0.884349524974823,
      0.9764711856842041
    ],
    "regret_losses": [
      0.0,
      0.0,
      0.0,
      0.0,
      0.0,
      0.0,
      0.0,
      0.0,
      0.0,
      0.0,
      0.0,
      0.0,
      0.0,
      0.0,
      0.0,
      0.0,
      0.0,
      0.0,
      0.0,
      0.0,
      0.0,
      0.0,
      0.0,
      0.0,
      0.0,
      0.0,
      0.0,
      0.0,
      0.0,
      0.0,
      0.0,
      0.0,
      0.0,
      0.0,
      0.0,
      0.0,
      0.0,
      0.0,
      0.0,
      0.0,
      0.0,
      0.0,
      0.0,
      0.0,
      0.0,
      0.0,
      0.0,
      0.0,
      0.0,
      0.0
    ],
    "total_losses": [
      1.2689785957336426,
      2.151139259338379,
      1.4811960458755493,
      1.7591150999069214,
      1.5533430576324463,
      2.0357284545898438,
      1.7582565546035767,
      1.9175984859466553,
      1.0575133562088013,
      1.2407490015029907,
      1.555837869644165,
      1.8056479692459106,
      2.1440365314483643,
      1.7279853820800781,
      1.7330429553985596,
      1.2489032745361328,
      2.006989002227783,
      1.566623568534851,
      2.5384860038757324,
      1.563768982887268,
      1.7330093383789062,
      2.199342727661133,
      2.06361722946167,
      1.7589950561523438,
      1.7566277980804443,
      1.2233538627624512,
      1.5892126560211182,
      1.4415977001190186,
      1.853018879890442,
      1.7779844999313354,
      1.6265977621078491,
      1.9616198539733887,
      1.8199846744537354,
      1.5212817192077637,
      1.5739009380340576,
      1.5995488166809082,
      1.9345483779907227,
      2.061551809310913,
      1.380662202835083,
      1.8273954391479492,
      1.5138177871704102,
      1.3236526250839233,
      1.8182892799377441,
      1.3244636058807373,
      1.709102988243103,
      1.5917253494262695,
      1.530247688293457,
      1.7454367876052856,
      1.5001330375671387,
      1.6591148376464844
    ],