{
  "games": {
    "kuhn_poker": {
      "adaptive": {
        "lambda_alpha": null,
        "values": [
          0.4586899162005317,
          0.4587718458762654,
          0.45761835233302706,
          0.4586896942561172,
          0.4587731955816967,
          0.45777982030449016,
          0.4586883291181431,
          0.45876878362742046,
          0.4577748166657133,
          0.45838301454037894,
          0.4588936715326485,
          0.45775501078048797,
          0.45853161776710427,
          0.458884024412885,
          0.45765916600605316,
          0.4583369245038399,
          0.4583277727257274,
          0.45834669652235405,
          0.4583543477059854,
          0.45832340116341064
        ],
        "mean": 0.45836752008121395,
        "std": 0.0004298372926572706,
        "n": 20
      },
      "fixed": {
        "lambda": 0.75,
        "values": [
          0.4584655385114613,
          0.45869655669737797,
          0.4577183809342023
        ],
        "mean": 0.4582934920476805,
        "std": 0.0005112797132594616,
        "n": 3
      },
      "welch_t": {
        "t_statistic": 0.23846083031065388,
        "df": 2.443663335584862
      },
      "bootstrap": {
        "ci_lower": -0.0003765890893767665,
        "ci_upper": 0.00060256751750426,
        "prob_adaptive_better": 0.3982
      },
      "supported": false
    },
    "leduc_poker": {
      "adaptive": {
        "lambda_alpha": 0.25,
        "values": [
          2.3713021289896665,
          2.3731435154763605,
          2.3748930057082855,
          2.372983801360771,
          2.371712173256551,
          2.3760726452838448,
          2.3738635457657895,
          2.372649240049538,
          2.3734348015645597,
          2.3741296140174266
        ],
        "mean": 2.3734184471472792,
        "std": 0.0014208599250448346,
        "n": 10
      },
      "fixed": {
        "lambda": 0.75,
        "values": [
          2.3698060699597328,
          2.373564292918509,
          2.374610993147618,
          2.372645731740424,
          2.3735544555196455,
          2.3751827572595765,
          2.3715136761234845,
          2.3738998887482525,
          2.373535881274373,
          2.3733770595615438
        ],
        "mean": 2.373169080625316,
        "std": 0.0015446930366994427,
        "n": 10
      },
      "welch_t": {
        "t_statistic": 0.37572419251394024,
        "df": 17.87575657363193
      },
      "bootstrap": {
        "ci_lower": -0.0009819839211022696,
        "ci_upper": 0.001496199817168975,
        "prob_adaptive_better": 0.3552
      },
      "supported": false
    }
  },
  "overall_supported": false
}