{
  "total_runs": 341,
  "experiments": {
    "20seed": 160,
    "batch32": 80,
    "update10": 80,
    "architecture": 15,
    "ablation_study_results": 6
  },
  "architectures": {
    "baseline": 88,
    "lstm_optimized": 85,
    "lstm_no_history": 80,
    "lstm_no_embedding": 80,
    "gru": 5,
    "opponent_model": 3
  },
  "mean_exploitability_by_arch": {
    "baseline": 2.721745112056137,
    "gru": 3.0366354011352,
    "lstm_no_embedding": 3.0184804362404516,
    "lstm_no_history": 3.0185539784524145,
    "lstm_optimized": 3.0432048714793107,
    "opponent_model": 2.8642446402995585
  }
}