iteration,exploitability,nash_conv,actor_loss,average_lambda,mean_episode_length,mean_return_player0,mean_return_player1,wall_time_sec,scheduler_loss,gate_entropy,gate_regret_norm,gate_avg_utility,handoff_frozen_clusters,handoff_missing_clusters,gate_prob_actor,gate_prob_regret,gate_prob_ra,gate_prob_explore,gate_prob_cfr
1,0.4583333274999999,0.9166666549999998,0.0,0.19075809829697318,2.296875,0.21875,-0.21875,2.045471582969185,0.0003912478442253152,1.6054720882655813,0.0,0.0,0.0,0.0,0.19734257302519415,0.19075809829697318,0.2313477124283914,0.1782055805329563,0.20234604772864556
2,0.34960206254837267,0.6992041250967453,4.061405449950809e-06,0.1940992188035396,2.2265625,0.34375,-0.34375,1.9573483749991283,0.00022082227663128848,1.6072049203671908,6.623769700807162e-10,-6.63818943711484e-12,0.0,0.0,0.19971228126893964,0.1940992188035396,0.22345571998964275,0.18382440005478107,0.198908387568959
3,0.3855383469862083,0.7710766939724166,-0.00011295460131654078,0.19733919694702676,2.203125,0.359375,-0.359375,1.896252042031847,-0.07974879758709923,1.6083018686754484,0.010649881224382263,-1.4858705223901383e-07,0.0,0.0,0.2014748214724216,0.19733919694702676,0.2156359649507712,0.18838704942811466,0.19716296984371565
4,0.41181965622211064,0.8236393124442213,-8.393095365854641e-05,0.20250423063117615,2.2734375,-0.015625,0.015625,1.961394999991171,-0.12581613604171374,1.608504485838192,0.0239203754930107,-2.075179007743344e-06,0.0,0.0,0.1995795695335185,0.20250423063117615,0.21281102740068206,0.18898292367196165,0.19612225797987476
5,0.3814784984840114,0.7629569969680228,-5.164044949117676e-05,0.20716690198849824,2.3046875,0.1484375,-0.1484375,1.9845743750338443,-0.1473188100540537,1.60848518953485,0.0412695874150207,-6.801461628920998e-06,0.0,0.0,0.19740675455432827,0.20716690198849824,0.2102734144966481,0.18838752892057775,0.19676540089865863
6,0.39301854077685316,0.7860370815537063,-0.00017952329541562196,0.21291467292117072,2.234375,0.1015625,-0.1015625,1.9215190410031937,-0.1426011261927498,1.6081944399780326,0.05871659370798928,-1.4325302233627232e-05,0.0,0.0,0.19572966389514349,0.21291467292117072,0.2078509700152424,0.18759266261037413,0.19591204431298728
7,0.34616867162691367,0.6923373432538273,-2.6090799603888066e-06,0.21944451379148583,2.2265625,0.0703125,-0.0703125,1.921396374993492,-0.09429091554984712,1.6076418027543184,0.07797789095881551,-2.5934535792545194e-05,0.0,0.0,0.19404853598067634,0.21944451379148583,0.20469674954288883,0.18671337062852425,0.1950968377422868
8,0.40057962097337185,0.8011592419467437,-0.00024354172409209553,0.22615469278807335,2.203125,0.125,-0.125,1.8886798750027083,-0.20304792063931623,1.6067487343828728,0.09817153638626526,-4.275870289216499e-05,0.0,0.0,0.19154956672631257,0.22615469278807335,0.20202245140540684,0.18536178931488212,0.1949115052607888
9,0.404541560049175,0.80908312009835,-0.00022694397016705602,0.23362305925952065,2.3203125,-0.0390625,0.0390625,2.0110692090238445,-0.1762835057358248,1.6054223647422663,0.12201904092459397,-6.492954895426228e-05,0.0,0.0,0.18845121241378462,0.23362305925952065,0.19861066652468157,0.18415419034885638,0.19516087511573174
10,0.411783487694647,0.823566975389294,-7.768453555308098e-05,0.24034089105178233,2.28125,0.0234375,-0.0234375,1.9739672500290908,-0.24262333420194584,1.6039128589303526,0.14667960374693698,-9.217725865321806e-05,0.0,0.0,0.1861919160575083,0.24034089105178233,0.19571003629124328,0.18201453907236662,0.19574262844781354
11,0.3865724738045371,0.7731449476090742,-0.00035008804864275196,0.24737565349412444,2.328125,0.2265625,-0.2265625,2.0081222919980064,-0.2512179874321258,1.6020438011060625,0.1722479374050939,-0.00012561022330714877,0.0,0.0,0.18369417852603348,0.24737565349412444,0.19300876122793095,0.18050797968702828,0.19541343691565047
12,0.38128847415065625,0.7625769483013125,-0.0003617723852980069,0.2552067377443971,2.265625,-0.0859375,0.0859375,1.9333685830351897,-0.3803040152993695,1.5996837200789615,0.19704223629863313,-0.00016453778302150113,0.0,0.0,0.18209919292351295,0.2552067377443971,0.1897643818937499,0.17832147443088991,0.19460822348964626
13,0.384082397368822,0.768164794737644,-0.00045151133255314884,0.2637127830948628,2.21875,0.0625,-0.0625,1.9043086250312626,-0.41853352772517943,1.5968327560055424,0.22228564297256526,-0.00020986104075341552,0.0,0.0,0.17982661435511751,0.2637127830948628,0.1867125504978106,0.17688292464320088,0.19286514173301172
14,0.3606085167421207,0.7212170334842414,-0.00036447895243417515,0.273094450713883,2.21875,0.3828125,-0.3828125,1.9056499589933082,-0.4589653663520872,1.5931633035062065,0.24738128305762075,-0.0002601529806156577,0.0,0.0,0.1773046832794035,0.273094450713883,0.18385358999522639,0.17498001881258587,0.19076726958155632
15,0.3659550492836676,0.7319100985673352,-0.00028495959843967286,0.2845152423415386,2.21875,0.03125,-0.03125,1.9255768750444986,-0.3904318692634853,1.5881062460617281,0.27656790329880704,-0.0003296851479982858,0.0,0.0,0.1745887592854634,0.2845152423415386,0.18011927625662844,0.1720884736679809,0.18868825411502743
16,0.3159438523952802,0.6318877047905604,-0.0006321015570446431,0.2964931697176214,2.2265625,0.28125,-0.28125,1.899904833000619,-0.49194911224277393,1.5820558924424022,0.30718285212060437,-0.00040963354854757955,0.0,0.0,0.17102490830839726,0.2964931697176214,0.17662431033034073,0.1693398750664895,0.18651775451082933
17,0.30765894656541204,0.6153178931308241,-0.0005161215126378715,0.3099814445203078,2.203125,0.0703125,-0.0703125,1.877949541027192,-0.4017155043952537,1.574375700443349,0.33472516857242834,-0.0004994584834321358,0.0,0.0,0.16722161380957204,0.3099814445203078,0.17259431979123582,0.16589865527043107,0.18430397923745162
18,0.30732138364617645,0.6146427672923529,-0.0004266310406366595,0.3279361401172663,2.359375,0.2734375,-0.2734375,2.022153249999974,-0.4192091162557041,1.5626822552144133,0.365956005116459,-0.0006247482067844127,0.0,0.0,0.16194811315331237,0.3279361401172663,0.16706729655628963,0.1621276747114611,0.18092079125098046
19,0.3007819017725041,0.6015638035450082,-0.0014385820028737924,0.3432251973864959,2.2734375,0.1953125,-0.1953125,2.01238899998134,-0.662051366379683,1.5517064955635989,0.40127970976755023,-0.0007658646244597852,0.0,0.0,0.15771099643404132,0.3432251973864959,0.1628127204593514,0.15788228292645456,0.17836882230342457
20,0.32835292129904925,0.6567058425980985,-0.0008900725914068107,0.3634525794688969,2.28125,0.109375,-0.109375,1.953111208975315,-0.6969271420966834,1.5355408959192773,0.43566920525821234,-0.0009183979095948777,0.0,0.0,0.1523445669102342,0.3634525794688969,0.15697695279162224,0.15316162533956032,0.17406428635936894
21,0.30701718405131234,0.6140343681026247,-0.001228100767107472,0.3840717595647758,2.21875,0.078125,-0.078125,1.9128656249959022,-0.9041261647755778,1.5173310465376142,0.47651864973886404,-0.0010907725340985053,1.0,0.0,0.14720909255491177,0.3840717595647758,0.15164673674694248,0.14796725702537616,0.16910516507398915
22,0.31688152250636303,0.6337630450127261,-0.0009123761972159023,0.39661429459398445,2.1484375,0.2265625,-0.2265625,1.8593163329642266,-0.6490173980525948,1.471133104196364,0.5156930172524881,-0.0012819617407634116,1.0,0.0,0.13954367946494708,0.39661429459398445,0.14381046652793883,0.14052618704058908,0.17950538066300478
23,0.32228226738227095,0.6445645347645419,-0.00045763083253586864,0.4204733282985056,2.125,-0.0078125,0.0078125,1.81829879200086,-0.8735439488835468,1.4383752044008626,0.5543049676149773,-0.0014748953562649565,1.0,0.0,0.1322792499216602,0.4204733282985056,0.13647207420538454,0.13400892496985548,0.1767664315069423
24,0.33506851425508066,0.6701370285101613,-0.002262700500418999,0.45966663540050545,2.1796875,0.3046875,-0.3046875,1.881419166980777,-0.685799831557872,1.4210320964773537,0.5971596640835438,-0.0017135850853406964,1.0,0.0,0.12574727264463262,0.45966663540050545,0.13018562727504307,0.128472280785388,0.1559281986887737
25,0.30034727096884084,0.6006945419376817,-0.002699644948154073,0.48974297211753376,2.171875,-0.0703125,0.0703125,1.8728436660021544,-0.6781774045356798,1.3740943934175027,0.6506816305918619,-0.0020367370368982543,1.0,0.0,0.11705068983941627,0.48974297211753376,0.12144166520602412,0.1200619022355234,0.15170278528825842
26,0.33625414768332007,0.6725082953666401,-0.0020375017079815277,0.5223426174732947,2.1796875,0.1171875,-0.1171875,1.8817360840039328,-0.5671634913044965,1.319085369282649,0.6934583696226279,-0.002343670060668046,1.0,0.0,0.10757401142282726,0.5223426174732947,0.1119875127055739,0.11127082421360905,0.14682504395857507
27,0.3225264892725466,0.6450529785450932,-0.0023675043538843605,0.5512733754358794,2.2265625,-0.2734375,0.2734375,1.9343227909994312,-1.178542848578409,1.2427039248682488,0.7315576917996319,-0.002627032369521961,3.0,0.0,0.09644165292643664,0.5512733754358794,0.10113493353128433,0.1006295371996729,0.15052051405634798
28,0.33654517068528833,0.6730903413705767,-0.002960342238394321,0.536578862390048,2.21875,0.03125,-0.03125,1.894471750012599,-0.8223669060102572,1.0928258314219361,0.7678576693676101,-0.0028068856383166954,3.0,0.0,0.08077819178431807,0.536578862390048,0.08586486982522716,0.0852261886105571,0.21155189578487
29,0.3779673202514599,0.7559346405029198,-0.002774578341766432,0.5832320449607713,2.1875,0.046875,-0.046875,1.868080208019819,-0.7289032537406975,1.0430434461252491,0.8231445622514002,-0.0030461905592649905,5.0,0.0,0.07278793098937188,0.5832320449607713,0.07799358365259,0.07765305797968591,0.18833339296813523
30,0.3910080245740204,0.7820160491480408,-0.005335637269709008,0.5123202321746133,2.1484375,-0.3984375,0.3984375,1.853436374978628,-1.2917550554939292,0.8363648024823951,0.9045821160737736,-0.00358916205626277,6.0,0.0,0.05577008759433573,0.5123202321746133,0.06054056999358264,0.05983935281634331,0.31152976683594963
31,0.42558809217444526,0.8511761843488905,-0.0031336991126415495,0.489628903847888,2.078125,-0.390625,0.390625,1.7915411249850877,-0.7151848639552376,0.7128198166881264,0.9870496939790124,-0.0041733130554651625,8.0,0.0,0.045001230195612835,0.489628903847888,0.04924119955727032,0.04877849045048531,0.36735018171874206
32,0.4642469186760486,0.9284938373520972,-0.003951568052890288,0.3090898489362359,2.2109375,-0.015625,0.015625,1.8895051670260727,-1.497810629244183,0.41390785008972153,1.0893231631383637,-0.004834172837862835,8.0,1.0,0.02497964133854047,0.3090898489362359,0.027846894171023116,0.02709291318543387,0.6109907021844766
33,0.3980621145415737,0.7961242290831474,-0.004191388128810828,0.2890696885642745,2.2890625,-0.0078125,0.0078125,1.9575172920012847,-0.8056673911406497,0.32923247685359114,1.2217897836923262,-0.005542658131327533,8.0,1.0,0.018393454081521914,0.2890696885642745,0.02065898219930841,0.020237255663493388,0.6516406269229109
34,0.3978950694211069,0.7957901388422138,-0.004563642808198881,0.29441411388698724,2.2734375,-0.203125,0.203125,1.975798333005514,-0.6449306093418772,0.2928940236424059,1.4660469482652843,-0.006587745631986763,8.0,2.0,0.015231334594721646,0.29441411388698724,0.017308706078435137,0.01691178668968866,0.6561340678393636
35,0.3862890127379817,0.7725780254759634,-0.004153283839281237,0.3620688471983486,2.1640625,-0.1171875,0.1171875,1.8634582500089891,-1.2324683668233944,0.28844930996960444,1.5655903358943761,-0.007026394888225695,8.0,2.0,0.01342156325678748,0.3620688471983486,0.015443267919365249,0.01531180328544942,0.5937545304640536
36,0.33746825264950375,0.6749365052990075,-0.003995720159203035,0.38162529468536377,2.0390625,-0.3125,0.3125,1.7398978330311365,-1.54215860517849,0.25103535673600974,1.8288022745400667,-0.008118734163063992,9.0,3.0,0.010557500474240589,0.38162529468536377,0.012333834008581337,0.012261352726611597,0.5832220272400142
37,0.4114764227357638,0.8229528454715276,-0.004365726729370887,0.2932840170768591,2.03125,-0.1953125,0.1953125,1.7565589160076343,-1.4663985754123692,0.15181765082575419,1.9465064838942554,-0.009117160517942265,9.0,3.0,0.005671843266687714,0.2932840170768591,0.006704363538525425,0.006720976044352238,0.6876187969285709
38,0.49491519542805656,0.9898303908561131,-0.004324449479736558,0.25452430406585336,2,-0.515625,0.515625,1.812802832981106,-2.08238870674586,0.10772155876116019,2.1140977926552296,-0.009748069736815523,9.0,6.0,0.003586534679925535,0.25452430406585336,0.004319872008636594,0.004331370277213864,0.7332379114523064
39,0.3342780227347807,0.6685560454695614,-0.0005151130647495877,0.31254277026006416,2.015625,0.2890625,-0.2890625,1.741136374999769,-1.0760233516014333,0.10342099852536468,2.1703580452594906,-0.00889828078015853,10.0,4.0,0.003001025004326835,0.31254277026006416,0.0036991509363459526,0.003724003835155289,0.6770330569020999
40,0.3333333280975682,0.6666666561951364,-0.0008409923493805563,0.15281056077219546,2,0.4296875,-0.4296875,1.6975967500475235,0.8886405191619815,0.038419601812637705,1.3180982997873798,-0.003221427513835806,10.0,4.0,0.0009573478455422446,0.15281056077219546,0.0011794043839472579,0.0012395184403430903,0.8438131674993201
41,0.33169326095723284,0.6633865219144657,-0.0010038765178336296,0.2218371862652658,2.0390625,0.2421875,-0.2421875,1.7282357499934733,1.6275178460865423,0.04384517275599299,1.2106684705411845,-0.002898380561501571,11.0,1.0,0.0009672130061977211,0.2218371862652658,0.0012175168456702396,0.0012727309146831776,0.7747053491144344
42,0.29166666125000007,0.5833333225000001,2.4427989969495663e-05,0.07473219897000845,2.046875,0.1015625,-0.1015625,1.7662912080413662,1.927104928494095,0.009477323153134442,1.2417190327224406,-0.002344693337818171,11.0,1.0,0.0001593288887320584,0.07473219897000845,0.00021052863164484957,0.00021860972117945438,0.9246793349081551
43,0.25272806091296235,0.5054561218259247,-0.0015440844898647196,0.08535767549818213,2.0625,0.0234375,-0.0234375,1.761743083014153,1.3106118790904777,0.01043592519725764,1.3263042563572527,-0.0015717076932560304,11.0,2.0,0.00016561374606240088,0.08535767549818213,0.00022217181729943013,0.00022832300711536047,0.9140262162863192
44,0.2161098914349183,0.4322197828698366,-0.0021203225684882743,0.08288740607408376,2.03125,0.015625,-0.015625,1.7539494580123574,0.3346188335742157,0.010171371270727238,1.3164529718458653,-0.0021494617838470733,11.0,2.0,0.0001555164004317843,0.08288740607408376,0.00021135046934852233,0.00021466769349689666,0.9165310551269124
45,0.2668828998236495,0.533765799647299,-0.001424978194890275,0.08867152232044148,2.0703125,-0.2734375,0.2734375,1.7811825410462916,1.1295483443577157,0.011069533334650586,1.5823534225734572,-0.004299536968270938,11.0,0.0,0.00016440762523210273,0.08867152232044148,0.0002262632450405157,0.00022691378615937144,0.9107108947522236
46,0.3767401037962036,0.7534802075924072,-0.0011888768660542866,0.0741350674457068,2.1640625,-0.0859375,0.0859375,1.8553548749769107,2.625876455383856,0.009687417982056206,1.654792715541341,-0.004207065720203735,11.0,1.0,0.0001427039780590132,0.0741350674457068,0.00019823683893126486,0.00019625972095702098,0.9253277293598071
47,0.4587208078949156,0.9174416157898312,-0.0019347768698568322,0.061686018683824194,2.59375,0.265625,-0.265625,2.2246302909916267,0.9669728400133107,0.008878298472562546,1.765785746043548,-0.005210880224694847,11.0,0.0,0.00013466206370819225,0.061686018683824194,0.00018741192817912404,0.00018348346649478358,0.9378084239314299
48,0.4884605021061761,0.9769210042123522,0.0011304601854988535,0.019580331024707565,2.328125,0.296875,-0.296875,1.9959195419796742,0.3775946950074481,0.003086273137691231,2.1436178735034033,-0.005132971715118567,11.0,1.0,4.871394766507133e-05,0.019580331024707565,6.778303521291521e-05,6.566196367544616e-05,0.9802375104553347
49,0.4972628787658171,0.9945257575316342,-0.0002256815971074826,0.030195384702055513,2.2578125,0.5,-0.5,1.9170612090383656,0.7070139221003953,0.005188378049172863,2.307025580751625,-0.004605254061144396,11.0,1.0,8.51362086445815e-05,0.030195384702055513,0.00011858662226234134,0.00011358862971584071,0.9694873042868701
50,0.49745358882724516,0.9949071776544903,0.0017284398961250461,0.020556865854466214,2.203125,0.71875,-0.71875,1.9151369589962997,-0.0815434675057483,0.0038755972307462022,2.447492938488722,-0.0045085813066676065,11.0,1.0,6.620836582906703e-05,0.020556865854466214,9.235581184955353e-05,8.746605128683942e-05,0.9791971049965063
51,0.4555649702521326,0.9111299405042652,-6.231091714821801e-05,0.04011576622724533,2.25,0.6796875,-0.6796875,1.9468891249853186,-0.34949145136225623,0.00821183267714313,2.5505043512040917,-0.004360212248271141,11.0,1.0,0.00014482195062252382,0.04011576622724533,0.00020280261135970554,0.00018968654330819845,0.9593469229682038
52,0.3719639275247606,0.7439278550495212,-0.00029191507544631403,0.06444219333022388,2.09375,0.3828125,-0.3828125,1.8264705839683302,0.1144847759492426,0.014183866327704464,2.319034572173324,-0.0019490267020753687,11.0,3.0,0.00025546889918953627,0.06444219333022388,0.00036045433188885897,0.00033191220014731383,0.9346099724270293
53,0.45644326461128676,0.9128865292225735,0.0012485260481090534,0.045668310978833365,2.125,0.2734375,-0.2734375,1.8555442919605412,-1.4472783044457174,0.01087674021603767,2.2132902565515704,-0.0028701184023197535,11.0,3.0,0.00019967766574529165,0.045668310978833365,0.0002845372741028447,0.0002569914504420012,0.9535904833430644
54,0.45777178061245094,0.9155435612249019,0.0009286917699448145,0.032355546051601194,2.0703125,0.46875,-0.46875,1.7961556250229478,-0.7227911187859718,0.008103080211703683,2.3450920776360564,-0.0020011833156685396,11.0,3.0,0.00014773281466848445,0.032355546051601194,0.000213783065665443,0.00018942153854471333,0.967093516387186
55,0.5366641167178112,1.0733282334356224,-6.93296728107916e-05,0.03930375405720302,2.078125,0.0625,-0.0625,1.7883277499931864,0.5900957874141466,0.010210569256009893,2.449615880743497,-0.0011324216288307474,11.0,3.0,0.0001831367643395985,0.03930375405720302,0.0002696887744044451,0.0002342980386535252,0.9600091232897195
56,0.537517169097999,1.075034338195998,-0.0011721106727088136,0.09745147021104258,2.203125,-0.1328125,0.1328125,1.863843499973882,2.3566274057198786,0.026479314841107313,2.500779262627475,-0.0031142800065329843,11.0,0.0,0.00047279168779017233,0.09745147021104258,0.0007073218960658456,0.0006018176374309663,0.9007666024465298
57,0.5386284662985075,1.077256932597015,-0.00011685311682429697,0.11354568731175722,2.140625,0.0,0.0,1.8242257499950938,2.5042626025936103,0.03329801205306979,2.161196519028057,-0.0007832461884721521,11.0,1.0,0.0006112034745296858,0.11354568731175722,0.0009221466968556607,0.0007696415273894141,0.8841513244666322
58,0.5392813585934882,1.0785627171869765,-0.000810401739113988,0.11321921874619888,2.1953125,-0.2578125,0.2578125,1.87051054101903,2.489352423242613,0.03677227072693211,2.2144409811801533,-0.0007541459708590992,11.0,1.0,0.0007128392137401468,0.11321921874619888,0.001077280959836953,0.000883626751601696,0.8841070450338605
59,0.4502077686788686,0.9004155373577372,-0.000507039410595772,0.12809424704693734,2.203125,-0.0859375,0.0859375,1.8716439589625224,1.8885350456540366,0.0470466457242022,2.2644361929798666,-0.0007851124140539799,11.0,1.0,0.0009839044725324245,0.12809424704693734,0.0014811774339289108,0.0011957381118802314,0.8682449297147229
60,0.4782312195024846,0.9564624390049692,0.0002202669578796022,0.07768934030158847,2.390625,-0.0078125,0.0078125,2.060135999985505,0.5493060045259673,0.03265982132619553,2.6915241251699626,-0.0030471495374513324,11.0,0.0,0.0007505983576860303,0.07768934030158847,0.001118892298560906,0.000885558272011919,0.9195556119571324
61,0.4677841981583114,0.9355683963166228,0.0013868321382356733,0.10863378534348912,2.3359375,0.2421875,-0.2421875,2.009526083013043,1.5605242432727413,0.051544305309861566,2.757930886466056,-0.0031297744802335123,11.0,0.0,0.0012952159703973943,0.10863378534348912,0.0019125863660538077,0.001484342205982942,0.8866740604706831
62,0.4297713575967538,0.8595427151935076,-0.0036679731181143847,0.07413143796665612,2.3359375,0.0625,-0.0625,1.9805707500199787,1.1394398588680172,0.040295269011514916,2.80874748636658,-0.003359336689641168,11.0,0.0,0.0011053465051346,0.07413143796665612,0.0016172296588735835,0.0012332472302343535,0.9219127348234821
63,0.3789202112025204,0.7578404224050408,-0.0012981497300771482,0.07189014952653533,2.453125,0.3671875,-0.3671875,2.0707154590054415,1.8320473746328383,0.04489299678309736,2.9075020244248058,-0.0041627128474222745,11.0,0.0,0.0013404469225247195,0.07189014952653533,0.001944173127412796,0.001458474784899669,0.923366747464344
64,0.3538473977895512,0.7076947955791024,-0.002339639835341373,0.0915044786500149,2.3828125,0.2421875,-0.2421875,2.0273478330345824,2.156827233698349,0.06622998605780595,2.5770189251581375,-0.008077111862224807,11.0,1.0,0.002161240498306321,0.0915044786500149,0.0031045411087450435,0.002292383682043826,0.9009373526348442
65,0.4446529137076891,0.8893058274153782,0.003072343446806708,0.07739716123890232,2.3125,0.3515625,-0.3515625,1.9843275830498897,1.4571401832312207,0.06555026870157352,3.0249100089810477,-0.004799489413926494,11.0,0.0,0.0023515857001011435,0.07739716123890232,0.003335830327626821,0.002427534879864873,0.9144878827438161
66,0.4435946971897099,0.8871893943794198,0.002325425306571894,0.02376221350903781,2.0703125,0.421875,-0.421875,1.7822187499841675,-0.2515838470186968,0.023502888097141295,2.9398279993587897,-0.0024154592279551756,11.0,3.0,0.0009246401067049998,0.02376221350903781,0.001295650455186952,0.0009297186473630509,0.9730877772817071
67,0.44209935154315494,0.8841987030863099,0.00010658748872666337,0.022883829080833577,2.0703125,0.453125,-0.453125,1.7841801670147106,-0.5555156767598951,0.02577013722249599,3.0270779566425414,-0.0029565334059750764,11.0,3.0,0.0010934649773363797,0.022883829080833577,0.0015189180958945796,0.001075272852519773,0.9734285127441838
68,0.39905163687729683,0.7981032737545937,-0.000938584261980008,0.0213477715958644,2.140625,0.546875,-0.546875,1.8394551249803044,-0.7768730180207164,0.026823435444906778,3.1546933201866016,-0.003197393048645204,11.0,3.0,0.001208474601272249,0.0213477715958644,0.0016708484966389454,0.0011677681094538557,0.9746051387195169
69,0.39768017453168936,0.7953603490633787,0.000725540036328308,0.05102091747931194,2.1640625,0.3203125,-0.3203125,1.869243249995634,-0.14783810865846783,0.07034476849379429,2.75776610980657,-0.0024661641542810353,11.0,1.0,0.0033148421169618405,0.05102091747931194,0.004581357167515944,0.0031635407291164467,0.937919343851964
70,0.4378534998542465,0.875706999708493,0.0004436220147081157,0.041889789947964225,2.1640625,0.1875,-0.1875,1.8572350000031292,-0.24934918151047109,0.06294089105941872,2.8057332916015927,-0.002598050266070376,11.0,1.0,0.0030789878152122567,0.041889789947964225,0.004264133474671884,0.0029102450888940142,0.9478568439018855
71,0.4366414153018009,0.8732828306036018,0.0002858091187720048,0.02688681130056028,2.109375,0.4140625,-0.4140625,1.8311628749943338,-0.4549798034812772,0.04363129530453139,3.3568815630343227,-0.003243946774293565,11.0,3.0,0.002200575876567099,0.02688681130056028,0.0030620460157041196,0.002064109538440351,0.9657864577240414
72,0.4773109039252733,0.9546218078505466,0.002767476079972581,0.032924127491081465,2.125,0.171875,-0.171875,1.8305239170440473,0.26942060460843253,0.05709110844063967,3.407168187201023,-0.003000506598457125,11.0,3.0,0.0029449496034751922,0.032924127491081465,0.004128268755534116,0.0027486478416796994,0.9572540028568577
73,0.4763997744903001,0.9527995489806002,0.001538361554989263,0.019388820976018906,2.25,0.234375,-0.234375,1.9494569579837844,-0.19717669937340865,0.035742720997344435,3.8076673614030536,-0.006066960503548299,11.0,1.0,0.0018818122334778309,0.019388820976018906,0.0026579764671623707,0.0017482436960563064,0.9743231469765306
74,0.5171231446275187,1.0342462892550375,0.00022272342423516357,0.01904761791229248,2.2265625,0.203125,-0.203125,1.9081781670101918,-0.0018908414466862094,0.037036324360312727,3.8630938028747384,-0.006072039857496169,11.0,1.0,0.0019775717666274625,0.01904761791229248,0.002820119261741638,0.0018319801672508841,0.9743227110097282
75,0.5161883623382937,1.0323767246765874,0.0002461731574722172,0.021259109244534845,2.375,0.359375,-0.359375,2.0567993329605088,0.10592457006906013,0.0433344637170416,3.9148005759343505,-0.006188126339111477,11.0,1.0,0.0023375978007128366,0.021259109244534845,0.0033686859778275617,0.002161168076686169,0.9708734394394254
76,0.5153108776579934,1.0306217553159869,0.0007111494841279171,0.020105038016748886,2.4453125,0.6640625,-0.6640625,2.096625500009395,0.029267154999237995,0.04290716360490917,3.941449873361059,-0.005947755348064344,11.0,1.0,0.0023360851045233755,0.020105038016748886,0.003404510978121346,0.002155619105115866,0.9719987453553623
77,0.5144505155272019,1.0289010310544038,0.00200903897997917,0.015284719532483245,2.28125,0.1640625,-0.1640625,1.9389085410512052,0.17616818904117618,0.03399702432678212,3.927518095821142,-0.005386009637732059,11.0,1.0,0.0018615032712074174,0.015284719532483245,0.002747005591653798,0.001716195720515839,0.9783905756800142
78,0.47194812564088284,0.9438962512817657,0.000562964173619582,0.026789109237858506,2.3828125,0.4765625,-0.4765625,2.0192664579954,0.4207935238379191,0.061890237635053816,3.9189474257555874,-0.00459113888527182,11.0,1.0,0.0034031787368117784,0.026789109237858506,0.00508608241550258,0.0031353499068588505,0.9615862767715924
79,0.42964129369490833,0.8592825873898167,0.0020273718491567766,0.018154681746056462,2.2890625,0.265625,-0.265625,1.9846092910156585,-0.17986643802431815,0.04351699279446898,3.9330530261451546,-0.004336160216057165,11.0,1.0,0.0024067577445059506,0.018154681746056462,0.0036392025268118535,0.0022136300497087604,0.9735857266614868
80,0.429097002559659,0.858194005119318,-0.0013063026705622894,0.009690731431471814,2.1015625,0.4296875,-0.4296875,1.8147438330342993,0.36232308046476824,0.023919841069759647,3.604786329799228,-0.0007835159129980537,11.0,3.0,0.0013203322056500886,0.009690731431471814,0.002025306695677534,0.0012155408974473805,0.9857480876618602
81,0.4285864384841731,0.8571728769683462,0.00033138419893733926,0.01709181865056356,2.109375,0.078125,-0.078125,1.8813214580295607,0.19565617508358427,0.04319069483952944,3.591406371858385,0.00022122725689162812,11.0,3.0,0.002375598003466924,0.01709181865056356,0.0036957119901974995,0.0021894693374633787,0.9746474037567775
82,0.4281110151693397,0.8562220303386794,0.001332284223584414,0.02630870005455159,2.1015625,-0.078125,0.078125,1.8034133330220357,0.18736372516597846,0.06777069300236221,3.609816051191754,0.0003792046465807491,11.0,3.0,0.0037034752200527264,0.02630870005455159,0.005847130178518898,0.003420757926086511,0.9607199366207902
83,0.42767795968492495,0.8553559193698499,0.0019975210394890743,0.016888147906253214,2.078125,0.421875,-0.421875,1.8013492089812644,-0.15878821838353024,0.04421594335863367,3.6210586627324424,0.00038438851091389853,11.0,3.0,0.002394175563091622,0.016888147906253214,0.003838997614338882,0.0022184291112243683,0.9746602487967426
84,0.4272345507282982,0.8544691014565964,-0.0005914136038736265,0.023796377027476275,2.109375,0.2421875,-0.2421875,1.830019666987937,0.25185831557545396,0.06299539826773617,3.649853232834074,0.0005069958472934862,11.0,3.0,0.003358333143923018,0.023796377027476275,0.005483944493311423,0.0031288890926926224,0.9642324576775233
85,0.4689880597518425,0.937976119503685,-0.0009317800847425838,0.014197509357894676,2.15625,0.1640625,-0.1640625,1.870589750004001,-0.7126751760007355,0.03793959708141334,3.6721975886159473,0.0004722509345608867,11.0,3.0,0.001988594730695089,0.014197509357894676,0.0033085696075273595,0.0018634975388430166,0.9786418296288752
86,0.5097827556438094,1.0195655112876187,-0.0005539444390767924,0.02072911059602778,2.203125,0.328125,-0.328125,1.930281292006839,-0.41733835364942906,0.05551302722913659,3.9563054984266106,-0.002628629423931918,11.0,1.0,0.002824682504572767,0.02072911059602778,0.004815128889489681,0.002674442022404772,0.9689566366215969
87,0.5093757466233103,1.0187514932466206,0.0013259309751297052,0.01582524287195858,2.3984375,0.3984375,-0.3984375,2.038135709008202,-0.03329149266729186,0.042240909234559164,3.972558518702334,-0.0030145236206325617,11.0,1.0,0.0020716018999050027,0.01582524287195858,0.0036290601041495604,0.001982814762802,0.9764912806038748
88,0.5088924081574224,1.0177848163148449,0.002197137936919152,0.011172954497164232,2.3671875,0.328125,-0.328125,2.033784792001825,-0.3087620793491381,0.029797350834171458,4.010032705285332,-0.0033107699392448094,11.0,1.0,0.0014100059522653963,0.011172954497164232,0.002538829205846629,0.0013630562784648177,0.9835151544105102
89,0.5083495762281266,1.0166991524562532,0.00040738789817227326,0.018327859469822474,2.4609375,0.484375,-0.484375,2.1117062919656746,-0.22328447950412594,0.04883093184113304,4.058612329716032,-0.0036117009532807224,11.0,1.0,0.0022214082025346304,0.018327859469822474,0.004120824734369913,0.002170921081588382,0.9731589884985061
90,0.5077878141196169,1.0155756282392339,0.0019854880148500987,0.017354661383644582,2.3671875,0.2734375,-0.2734375,2.08778295799857,0.0323475832457688,0.04622110000098912,4.119756668806076,-0.004547851340083236,11.0,1.0,0.0020161856691239296,0.017354661383644582,0.003858758499323338,0.0019929220918381567,0.9747774692455141
91,0.5072452782612955,1.014490556522591,-0.0012645078765638803,0.012406787062002942,2.390625,0.609375,-0.609375,2.0306744999834336,0.07202100255557038,0.03306492712161513,4.201326223936948,-0.0052464329743419184,11.0,1.0,0.0013841002010831645,0.012406787062002942,0.0027324779360902076,0.0013827527660170411,0.9820938819374134
92,0.5067112847670707,1.0134225695341414,0.0006404244996669377,0.020086440199711283,2.3828125,0.6328125,-0.6328125,2.050574124965351,0.07303660950760861,0.053546545481619474,4.256620115854523,-0.005795980740169232,11.0,1.0,0.002155150460903762,0.020086440199711283,0.004379781763084599,0.002174257120636643,0.9712043679151379
93,0.5032314332434384,1.0064628664868769,-0.00047849116207312597,0.013851371152620567,2.375,0.3984375,-0.3984375,2.0396230000187643,-0.3294311899455926,0.03694576196831515,4.320855983956293,-0.00670722211626443,11.0,1.0,0.0014314541446143075,0.013851371152620567,0.0029891551913399446,0.0014588403589043178,0.9802691790422327
94,0.4946379668753714,0.9892759337507429,0.0013330223415778104,0.018415036975153235,2.359375,0.4609375,-0.4609375,2.050420208950527,-0.05311121834004113,0.04921699536436071,4.377408908849413,-0.006783058284781873,11.0,1.0,0.001828237035811342,0.018415036975153235,0.00393230611125365,0.001883396989857124,0.9739410237760733
95,0.42132081576162195,0.8426416315232439,0.0022174500978291763,0.012098834066107721,2.3671875,0.390625,-0.390625,2.034224832954351,-0.11337476664471745,0.03245612079227926,4.436275421895764,-0.006776123191229999,11.0,1.0,0.001155577575412914,0.012098834066107721,0.002562389318699097,0.0012023114528593058,0.9829808878819934
96,0.42046105085105023,0.8409221017021005,-0.0010851234432178163,0.01695039120506258,2.0859375,0.4921875,-0.4921875,1.8185295829898678,-0.5789635055785657,0.04565724652600102,4.164153498080042,-0.001979722246889853,11.0,3.0,0.001554733163185334,0.01695039120506258,0.003558934460418501,0.0016335237506177095,0.9763024176997639
97,0.4196034940370348,0.8392069880740696,0.002048734713116136,0.009901898813423635,2.1171875,0.125,-0.125,1.8156024999916553,0.13455115755971836,0.02662659305182651,4.146531113319927,-0.0014877489714611631,11.0,3.0,0.0008511619979165137,0.009901898813423635,0.002024402532630301,0.0009092399884853856,0.986313297739768
98,0.41862867566970074,0.8372573513394015,0.0012817686637904024,0.010038360953330994,2.0625,0.1328125,-0.1328125,1.760603083006572,0.14130676212494797,0.02695693693665517,4.1488195692396,-0.0011395204670002891,11.0,3.0,0.0008096227591687983,0.010038360953330994,0.001998249610716646,0.0008786699988625267,0.9862750958312642
99,0.41751745928486905,0.8350349185697381,-3.058697273584427e-05,0.014314709783910395,2.1328125,0.265625,-0.265625,1.833427292003762,-0.06702464245832883,0.038596694186538286,4.152616186067462,-0.000692961131183741,11.0,3.0,0.001093218655704142,0.014314709783910395,0.0027968759065145976,0.0012034965003584767,0.9805916966972771
100,0.45792421214529005,0.9158484242905801,0.00036843881340103827,0.01235521750016646,2.1484375,0.1875,-0.1875,1.8736826669774018,-0.284493173929778,0.033622735766916774,4.158512066842781,-0.00018995756949556785,11.0,3.0,0.000900312987240878,0.01235521750016646,0.002387494824149392,0.0010025343027981846,0.9833544419028543
101,0.45661595296241947,0.9132319059248389,0.00035106154115972907,0.01563146106156287,2.2734375,0.359375,-0.359375,1.961082708032336,-0.1900365936643479,0.04305135903382272,4.409896343269131,-0.004681869880269832,11.0,1.0,0.0010860177377859752,0.01563146106156287,0.002990771891530027,0.001222423018561196,0.9790693291069306
102,0.4552238496003168,0.9104476992006336,0.0013144641637069152,0.01329734209267532,2.125,-0.125,0.125,1.8383253749925643,-0.06717305789660553,0.037065922158232255,4.395123592154547,-0.004511802237671377,11.0,1.0,0.0008786855101147119,0.01329734209267532,0.002515439464546302,0.000998257488176665,0.9823102763689616
103,0.4537429377514001,0.9074858755028002,-0.0035025028794333107,0.0068752841477680545,2.2109375,0.3359375,-0.3359375,1.898522250005044,-0.07818732983613709,0.019441671719176785,4.378737858750603,-0.004156053410208022,11.0,1.0,0.00043327219178735575,0.0068752841477680545,0.0012888213086465223,0.000496009470032719,0.9909066127172207
104,0.4521115876757578,0.9042231753515156,-0.0009073653701186565,0.01061043806716326,2.2109375,0.0390625,-0.0390625,1.8890598749858327,-0.32067204927597787,0.030495301473522616,4.3736317039213395,-0.003879382393568614,11.0,1.0,0.0006380017991622008,0.01061043806716326,0.0019722077534813764,0.0007362308329491228,0.9860431212839726
105,0.4086188071185417,0.8172376142370834,0.0001864172589400853,0.02119071693981395,2.390625,0.2421875,-0.2421875,2.0459484580205753,-0.5519475585330594,0.06193236670268936,4.295803230425173,-0.002774596312850587,11.0,1.0,0.0012049399973715052,0.02119071693981395,0.0038840884671491735,0.001405604841078029,0.9723146557807922
106,0.406728882348042,0.813457764696084,0.0007202611978447511,0.009960241939710535,2.15625,0.4140625,-0.4140625,1.8494002080406062,0.024383927023956094,0.029583274668507856,4.090584184560511,0.002187790504346291,11.0,3.0,0.0005269154798293459,0.009960241939710535,0.0017799225406370301,0.00062436750833539,0.9871085536652717
107,0.40441405677842207,0.8088281135568441,0.0011430549941199237,0.01843571073174898,2.2109375,0.09375,-0.09375,1.8896165830083191,-1.3747476301922763,0.055745469519176735,4.130852380146583,0.0021892631557420827,11.0,3.0,0.0009074871405274624,0.01843571073174898,0.003208674516778953,0.0010931998385978671,0.9763549292466666
108,0.40175575519830464,0.8035115103966093,0.000594387422753217,0.01134271072189161,2.1015625,0.4140625,-0.4140625,1.8140948329819366,-1.1991425524309942,0.034859506555351485,4.1788154654204845,0.0020519563598403088,11.0,3.0,0.0004982456675692562,0.01134271072189161,0.0018711115292456956,0.000617352753988429,0.9856705802967114
109,0.3985729813323111,0.7971459626646222,0.0002140351390949831,0.010242876562758954,2.140625,0.234375,-0.234375,1.8939254579599947,-1.5452285405404758,0.03207096295291592,4.244717908402284,0.0017500038245796328,11.0,3.0,0.0003906398889248389,0.010242876562758954,0.0015752094994931326,0.0005012808068499077,0.9872899925621756
110,0.3951535224374069,0.7903070448748138,0.0011563265382369256,0.010013086795806885,2.1484375,0.2578125,-0.2578125,1.881700457946863,-1.6802905742485414,0.03220998212298582,4.314749400234884,0.001772248399599145,11.0,3.0,0.0003219331428408623,0.010013086795806885,0.0014148978888988495,0.00043223261833190917,0.987817850112915
111,0.3916913620577833,0.7833827241155666,0.0007044993334201914,0.008644747777261597,2.15625,0.5078125,-0.5078125,1.8597624999820255,-1.8060302654841403,0.028718040021026174,4.379949147502582,0.0019641987035154468,11.0,3.0,0.00022659708570311034,0.008644747777261597,0.0011006534113076286,0.00032185794839608496,0.9897061448166335
112,0.38848796551988596,0.7769759310397719,0.0007732184008251476,0.005456749419594525,2.0859375,0.3125,-0.3125,1.790563500020653,-1.3635689272651665,0.018831896365504894,4.423129986557695,0.0021335006846735873,11.0,3.0,0.00011283248551329423,0.005456749419594525,0.0006149275026071384,0.00017240005876687582,0.9936430909660425
113,0.38560525898157283,0.7712105179631457,0.0005351014392709113,0.0060437355204261975,2.1171875,0.5390625,-0.5390625,1.8269036250421777,-2.186170777949467,0.021827888246076406,4.458799555897713,0.0023144497665473157,11.0,3.0,9.828957048591873e-05,0.0060437355204261975,0.0006064252439900078,0.00016107699899106008,0.9930904729779796
114,0.42472220405176125,0.8494444081035225,0.0002766358390159387,0.0063377781105892995,2.1875,0.015625,-0.015625,1.956192417012062,-2.581843867362477,0.02408492105477933,4.499359450406498,0.002543632755987346,12.0,3.0,7.974584462187652e-05,0.0063377781105892995,0.0005660366067396742,0.0001402787581485297,0.9928761614220483
115,0.4166666616666667,0.8333333233333334,0.003203212915518776,0.0,2.28125,0.1328125,-0.1328125,1.9794065419700928,-2.2780890851728106,7.368272463281755e-07,4.657348162748597,-0.0020612210712649607,12.0,1.0,0.0,0.0,0.0,0.0,1.0
116,0.4166666616666667,0.8333333233333334,-0.0006850346645812311,0.0,2.34375,0.2578125,-0.2578125,2.0162374160136096,-2.401120676584542,7.368272463281755e-07,4.656255234371532,-0.001975048031784933,12.0,1.0,0.0,0.0,0.0,0.0,1.0
117,0.37499999541666673,0.7499999908333335,-0.001763630326823966,0.0,2.3828125,0.359375,-0.359375,2.0638768330099992,-2.553097057770022,7.368272463281755e-07,4.673346412452784,-0.001427888695616275,12.0,1.0,0.0,0.0,0.0,0.0,1.0
118,0.37499999541666673,0.7499999908333335,0.0005988570514712121,0.0,2.1484375,0.0703125,-0.0703125,1.9035846670158207,-4.213814409835772,7.368272463281755e-07,4.436233537064658,0.003869021880543894,12.0,3.0,0.0,0.0,0.0,0.0,1.0
119,0.37499999541666673,0.7499999908333335,0.0034294327081128536,0.0,2.265625,0.484375,-0.484375,1.9676180829992518,-3.823864944176427,7.368272463281755e-07,4.481480114989811,0.003425383694573409,12.0,3.0,0.0,0.0,0.0,0.0,1.0
120,0.37499999541666673,0.7499999908333335,0.0015167787551860986,0.0,2.171875,0.5625,-0.5625,1.8657366249826737,-4.967351960770371,7.368272463281755e-07,4.544545971684986,0.003414063455743922,12.0,3.0,0.0,0.0,0.0,0.0,1.0
121,0.37499999541666673,0.7499999908333335,0.00019122455569999173,0.0,2.1796875,0.3125,-0.3125,1.8696132089826278,-4.343396237456343,7.368272463281755e-07,4.605824735429552,0.003431883459496829,12.0,3.0,0.0,0.0,0.0,0.0,1.0
122,0.37499999541666673,0.7499999908333335,0.001508238799994797,0.0,2.1796875,0.28125,-0.28125,1.8621437909896486,-3.2460381939321237,7.368272463281755e-07,4.654703511132134,0.0033382388388013672,12.0,3.0,0.0,0.0,0.0,0.0,1.0
123,0.37499999541666673,0.7499999908333335,0.002095339688607735,0.0,2.1953125,0.1875,-0.1875,1.8937628329731524,-3.73207172221592,7.368272463281755e-07,4.706944627894296,0.003323796826104323,12.0,3.0,0.0,0.0,0.0,0.0,1.0
124,0.37499999541666673,0.7499999908333335,0.0007387257001353089,0.0,2.1953125,0.0859375,-0.0859375,1.8717182080144994,-4.118054606801386,7.368272463281755e-07,4.741150660647286,0.003409608629428678,12.0,3.0,0.0,0.0,0.0,0.0,1.0
125,0.37499999541666673,0.7499999908333335,-0.0003273733619505945,0.0,2.15625,-0.171875,0.171875,1.863715083047282,-4.051714408524382,7.368272463281755e-07,4.76095618142022,0.0034264601741193067,12.0,3.0,0.0,0.0,0.0,0.0,1.0
126,0.37499999541666673,0.7499999908333335,0.0017148799824364834,0.0,2.1875,0.0078125,-0.0078125,1.94431229197653,-5.383750484761445,7.368272463281755e-07,4.7957020699977875,0.0027741436950034564,12.0,3.0,0.0,0.0,0.0,0.0,1.0
127,0.37499999541666673,0.7499999908333335,0.0009893460848955857,0.0,2.1484375,0.0078125,-0.0078125,1.8652835000539199,-4.907211692028338,7.368272463281755e-07,4.8379709058337745,0.002322850619546241,12.0,3.0,0.0,0.0,0.0,0.0,1.0
128,0.37499999541666673,0.7499999908333335,0.0018436705923877714,0.0,2.1953125,0.15625,-0.15625,1.9261867080349475,-5.762077546465906,7.368272463281755e-07,4.902204685741001,0.0017934956898291905,12.0,3.0,0.0,0.0,0.0,0.0,1.0
129,0.37499999541666673,0.7499999908333335,0.0008170804200595858,0.0,2.1171875,0.2890625,-0.2890625,1.8140507920179516,-4.456490043658695,7.368272463281755e-07,4.943894578350915,0.001894410311554869,12.0,3.0,0.0,0.0,0.0,0.0,1.0
130,0.37499999541666673,0.7499999908333335,4.8436140106855596e-05,0.0,2.1796875,0.1875,-0.1875,1.8619782910100184,-7.375900375205537,7.368272463281755e-07,4.849244929022259,0.00339907874715411,12.0,3.0,0.0,0.0,0.0,0.0,1.0
131,0.37499999541666673,0.7499999908333335,0.000307850106806252,0.0,2.1640625,0.53125,-0.53125,1.8630183329805732,-9.322197076896796,7.368272463281755e-07,4.818819579150942,0.004682581043905682,12.0,3.0,0.0,0.0,0.0,0.0,1.0
132,0.37499999541666673,0.7499999908333335,0.00242488095439424,0.0,2.1640625,0.3828125,-0.3828125,1.8659115839982405,-11.165902486529589,7.368272463281755e-07,4.820593771007326,0.005227608088817861,12.0,3.0,0.0,0.0,0.0,0.0,1.0
133,0.37499999541666673,0.7499999908333335,0.00041052051425938393,0.0,2.203125,0.4140625,-0.4140625,1.9101515000220388,-12.110028060467531,7.368272463281755e-07,4.875615643130408,0.005379734311847844,12.0,3.0,0.0,0.0,0.0,0.0,1.0
134,0.37499999541666673,0.7499999908333335,0.0021225604308130748,0.0,2.1953125,0.484375,-0.484375,1.906329499965068,-10.310828533142912,7.368272463281755e-07,4.8481481108400555,0.006300317501882091,12.0,3.0,0.0,0.0,0.0,0.0,1.0
135,0.37499999541666673,0.7499999908333335,0.0012633459554506233,0.0,2.140625,0.3515625,-0.3515625,1.8633581250323914,-12.068150589011447,7.368272463281755e-07,4.865105473332935,0.0069558948404543726,12.0,3.0,0.0,0.0,0.0,0.0,1.0
136,0.37499999541666673,0.7499999908333335,0.002928357952957697,0.0,2.1328125,0.4375,-0.4375,1.8613323330064304,-13.403136701756345,7.368272463281755e-07,4.886689220037725,0.00759208197915642,12.0,3.0,0.0,0.0,0.0,0.0,1.0
137,0.37499999541666673,0.7499999908333335,0.0012197537510351476,0.0,2.140625,0.5,-0.5,1.851867375022266,-14.267205287233322,7.368272463281755e-07,4.910842269866003,0.0078265273962946,12.0,3.0,0.0,0.0,0.0,0.0,1.0
138,0.37499999541666673,0.7499999908333335,0.0022998465196990307,0.0,2.140625,0.2578125,-0.2578125,1.8698249169974588,-14.87337394956037,7.368272463281755e-07,4.936591733660963,0.007928459550991343,12.0,3.0,0.0,0.0,0.0,0.0,1.0
139,0.37499999541666673,0.7499999908333335,-0.0005466719988191196,0.0,2.1640625,0.5390625,-0.5390625,1.8633843749994412,-16.561069726621202,7.368272463281755e-07,4.965495829780896,0.008055796271138307,12.0,3.0,0.0,0.0,0.0,0.0,1.0
140,0.37499999541666673,0.7499999908333335,0.002524228222649026,0.0,2.2109375,0.03125,-0.03125,1.9125633749645203,-17.025417046812315,7.368272463281755e-07,4.986625015735626,0.00817376766321508,12.0,3.0,0.0,0.0,0.0,0.0,1.0
141,0.37499999541666673,0.7499999908333335,0.0034042261282393365,0.0,2.1484375,0.6484375,-0.6484375,1.8786342910025269,-22.049472808946263,7.368272463281755e-07,4.9011966991755695,0.007297266393531269,12.0,3.0,0.0,0.0,0.0,0.0,1.0
142,0.37499999541666673,0.7499999908333335,-0.0004303855147014884,0.0,2.15625,0.375,-0.375,1.8742941670352593,-20.169672181424886,7.368272463281755e-07,4.8881323867374,0.005506362672248442,12.0,3.0,0.0,0.0,0.0,0.0,1.0
143,0.37499999541666673,0.7499999908333335,-0.00024069972714123268,0.0,2.140625,0.2890625,-0.2890625,1.8491164580336772,-22.423762273570915,7.368272463281755e-07,4.955362462335163,0.004712009385305767,12.0,3.0,0.0,0.0,0.0,0.0,1.0
144,0.37499999541666673,0.7499999908333335,0.0017701193069048177,0.0,2.171875,0.390625,-0.390625,2.014197916025296,-25.286663119848683,7.368272463281755e-07,5.060934003856447,0.004127578887467583,12.0,3.0,0.0,0.0,0.0,0.0,1.0
145,0.37499999541666673,0.7499999908333335,0.0018124234546354413,0.0,2.21875,0.4609375,-0.4609375,1.9408169999951497,-25.789727678811047,7.368272463281755e-07,5.159918470515145,0.00412087867476253,12.0,3.0,0.0,0.0,0.0,0.0,1.0
146,0.37499999541666673,0.7499999908333335,-0.0007295746234007945,0.0,2.2109375,0.3125,-0.3125,1.9175019999966025,-24.85533327769896,7.368272463281755e-07,5.224409957726796,0.003990133978529937,12.0,3.0,0.0,0.0,0.0,0.0,1.0
147,0.37499999541666673,0.7499999908333335,0.0038670027480599122,0.0,2.15625,0.2109375,-0.2109375,1.8526618329924531,-23.725938164777514,7.368272463281755e-07,5.248556832472484,0.003799422391845534,12.0,3.0,0.0,0.0,0.0,0.0,1.0
148,0.37499999541666673,0.7499999908333335,0.0040317148123055375,0.0,2.2421875,0.3125,-0.3125,1.9679518330376595,-30.61195144213035,7.368272463281755e-07,5.2809555066956415,0.004045143904578354,12.0,3.0,0.0,0.0,0.0,0.0,1.0
149,0.37499999541666673,0.7499999908333335,-0.0005077235385187002,0.0,2.1796875,0.546875,-0.546875,1.879593499994371,-32.208345914079295,7.368272463281755e-07,5.230607410271962,0.00522445994687991,12.0,3.0,0.0,0.0,0.0,0.0,1.0
150,0.37499999541666673,0.7499999908333335,0.0021559189933310157,0.0,2.15625,0.3125,-0.3125,1.8833591250004247,-32.72896704002135,7.368272463281755e-07,5.213428199291229,0.0060144625992203755,12.0,3.0,0.0,0.0,0.0,0.0,1.0
151,0.37499999541666673,0.7499999908333335,0.000902373374982211,0.0,2.171875,0.1875,-0.1875,1.8669452919857576,-37.374433173014104,7.368272463281755e-07,5.211452106634776,0.0067989624027783675,12.0,3.0,0.0,0.0,0.0,0.0,1.0
152,0.37499999541666673,0.7499999908333335,0.005000715310914483,0.0,2.15625,0.1796875,-0.1796875,1.8775736250099726,-34.49704339182463,7.368272463281755e-07,5.083532200919257,0.008685269975103438,12.0,3.0,0.0,0.0,0.0,0.0,1.0
153,0.37499999541666673,0.7499999908333335,0.0006567781101734476,0.0,2.140625,0.5546875,-0.5546875,1.870577041991055,-35.53785407978253,7.368272463281755e-07,5.102949288156298,0.009912671314345466,12.0,3.0,0.0,0.0,0.0,0.0,1.0
154,0.37499999541666673,0.7499999908333335,0.0008380273833848773,0.0,2.1875,0.40625,-0.40625,1.9201548750279471,-39.377378503233196,7.368272463281755e-07,5.157865696483189,0.010053926115182953,12.0,3.0,0.0,0.0,0.0,0.0,1.0
155,0.37499999541666673,0.7499999908333335,0.0007724099204840486,0.0,2.125,0.28125,-0.28125,1.8422274999902584,-39.38270002340569,7.368272463281755e-07,5.2250467605061,0.01017633055905915,12.0,3.0,0.0,0.0,0.0,0.0,1.0
156,0.37499999541666673,0.7499999908333335,0.0021746844114075604,0.0,2.1953125,0.4140625,-0.4140625,1.8950250829802826,-41.96455739274144,7.368272463281755e-07,5.282883498403761,0.010331428739138775,12.0,3.0,0.0,0.0,0.0,0.0,1.0
157,0.37499999541666673,0.7499999908333335,0.0017328926250368406,0.0,2.203125,0.265625,-0.265625,2.0506744169979356,-44.6651942488995,7.368272463281755e-07,5.316772672865126,0.00953150816106548,12.0,3.0,0.0,0.0,0.0,0.0,1.0
158,0.37499999541666673,0.7499999908333335,-0.002014542687133891,0.0,2.125,0.3984375,-0.3984375,1.8667254999745637,-51.649934836827654,7.368272463281755e-07,5.344299448861016,0.009093314435126053,12.0,3.0,0.0,0.0,0.0,0.0,1.0
159,0.37499999541666673,0.7499999908333335,-0.0011094443164752265,0.0,2.1640625,0.5,-0.5,1.8732676659710705,-48.15757064914015,7.368272463281755e-07,5.389129254553053,0.008492479876925548,12.0,3.0,0.0,0.0,0.0,0.0,1.0
160,0.37499999541666673,0.7499999908333335,0.00012511021358028543,0.0,2.1953125,0.1328125,-0.1328125,1.9056492910021916,-51.68790400473673,7.368272463281755e-07,5.446373932891422,0.008577817287813459,12.0,3.0,0.0,0.0,0.0,0.0,1.0
161,0.37499999541666673,0.7499999908333335,0.004414361583255054,0.0,2.1796875,0.21875,-0.21875,1.8848010420333594,-59.337867710539086,7.368272463281755e-07,5.490700953536564,0.00868173463580509,12.0,3.0,0.0,0.0,0.0,0.0,1.0
162,0.37499999541666673,0.7499999908333335,-0.0005293498693359925,0.0,2.15625,0.4140625,-0.4140625,1.887710666982457,-62.33752827994201,7.368272463281755e-07,5.5346711542871265,0.008845487156779401,12.0,3.0,0.0,0.0,0.0,0.0,1.0
163,0.37499999541666673,0.7499999908333335,0.0013593068208950752,0.0,2.1328125,0.2578125,-0.2578125,1.8754044999950565,-57.08576869440603,7.368272463281755e-07,5.341211901770698,0.007817710801545117,12.0,3.0,0.0,0.0,0.0,0.0,1.0
164,0.37499999541666673,0.7499999908333335,0.0010090130264476726,0.0,2.1953125,0.3046875,-0.3046875,1.9026517500169575,-59.74445335296549,7.368272463281755e-07,5.308373729387919,0.007634660487787591,12.0,3.0,0.0,0.0,0.0,0.0,1.0
165,0.37499999541666673,0.7499999908333335,0.001430061667089334,0.0,2.1640625,0.2734375,-0.2734375,1.9662424580310471,-66.60393034206831,7.368272463281755e-07,5.354550414615208,0.008491392273248898,12.0,3.0,0.0,0.0,0.0,0.0,1.0
166,0.37499999541666673,0.7499999908333335,0.0015097679545427066,0.0,2.15625,0.2578125,-0.2578125,1.864729167020414,-64.89139856981194,7.368272463281755e-07,5.418523960643345,0.008637076593004167,12.0,3.0,0.0,0.0,0.0,0.0,1.0
167,0.37499999541666673,0.7499999908333335,-0.0003134530994689914,0.0,2.2265625,0.3828125,-0.3828125,1.9459836250171065,-68.72728772037908,7.368272463281755e-07,5.443258855077955,0.008719119062233303,12.0,3.0,0.0,0.0,0.0,0.0,1.0
168,0.37499999541666673,0.7499999908333335,-0.0018925672126206188,0.0,2.1640625,0.2734375,-0.2734375,1.8672900419915095,-75.07145258644428,7.368272463281755e-07,5.454835474491119,0.008804772618330188,12.0,3.0,0.0,0.0,0.0,0.0,1.0
169,0.37499999541666673,0.7499999908333335,0.002185756456542444,0.0,2.1328125,0.21875,-0.21875,1.849867750017438,-73.78954263004191,7.368272463281755e-07,5.466431472036573,0.008876057613330582,12.0,3.0,0.0,0.0,0.0,0.0,1.0
170,0.4517036057325501,0.9034072114651002,0.0017952035573121302,0.0,2.1484375,-0.078125,0.078125,1.8848174170125276,-79.6546568072926,7.368272463281755e-07,5.476070602734883,0.008942706445749436,12.0,3.0,0.0,0.0,0.0,0.0,1.0
171,0.45680468725949275,0.9136093745189855,0.0027027170421272152,0.0,2.375,0.4609375,-0.4609375,2.0286695830291137,-43.5678318056621,7.368272463281755e-07,5.403036721728065,0.0011943105987897566,12.0,1.0,0.0,0.0,0.0,0.0,1.0
172,0.4574032877004386,0.9148065754008772,7.33477708464065e-05,0.0,2.4140625,0.6015625,-0.6015625,2.0858355420059524,-34.63563856414992,7.368272463281755e-07,5.370539970018647,0.0009477503005076538,12.0,1.0,0.0,0.0,0.0,0.0,1.0
173,0.45762882474527566,0.9152576494905513,0.00248881662812276,0.0,2.4375,0.578125,-0.578125,2.125024334003683,-34.5305698689742,7.368272463281755e-07,5.382462059232322,0.000225832135501233,12.0,1.0,0.0,0.0,0.0,0.0,1.0
174,0.4577264498250379,0.9154528996500758,0.0024729975422018106,0.0,2.359375,0.5234375,-0.5234375,2.0203405839856714,-37.86593937518581,7.368272463281755e-07,5.294387211853808,0.0014360438376157122,12.0,1.0,0.0,0.0,0.0,0.0,1.0
175,0.457749402682766,0.915498805365532,0.0012554576323331353,0.0,2.421875,0.359375,-0.359375,2.0954802079941146,-53.24226419541144,7.368272463281755e-07,5.32900439880111,0.0028524873169689354,12.0,1.0,0.0,0.0,0.0,0.0,1.0
176,0.4577084591646327,0.9154169183292654,0.0009653905634729649,0.0,2.46875,0.5390625,-0.5390625,2.09335199999623,-40.10982058772558,7.368272463281755e-07,5.397329257293181,0.0029109400876967065,12.0,1.0,0.0,0.0,0.0,0.0,1.0
177,0.45757985945875435,0.9151597189175087,-0.001484224173989929,0.0,2.4140625,0.2890625,-0.2890625,2.110929499962367,-35.33914725101496,7.368272463281755e-07,5.457446902990341,0.0029863098488104615,12.0,1.0,0.0,0.0,0.0,0.0,1.0
178,0.4574168458434196,0.9148336916868391,-0.0006377452277547783,0.0,2.359375,0.3828125,-0.3828125,2.011593124945648,-33.76353511510306,7.368272463281755e-07,5.407797237011519,0.0037139162542933427,12.0,1.0,0.0,0.0,0.0,0.0,1.0
179,0.4570524975459744,0.9141049950919488,-0.0014725202688934801,0.0,2.4296875,0.703125,-0.703125,2.087783957947977,-8.323618104220204,7.368272463281755e-07,5.378313425589692,0.004347432306861843,12.0,1.0,0.0,0.0,0.0,0.0,1.0
180,0.45560695108192567,0.9112139021638513,0.0029699359254126046,0.0,2.390625,0.484375,-0.484375,2.064094291999936,-29.6481804134799,7.368272463281755e-07,5.368889866904779,0.0038183146283369174,12.0,1.0,0.0,0.0,0.0,0.0,1.0
181,0.424333969747366,0.848667939494732,0.002608527060380449,0.0,2.4140625,0.703125,-0.703125,2.091858208004851,-48.916526480785855,7.368272463281755e-07,5.43962732126767,0.003135585878308947,12.0,1.0,0.0,0.0,0.0,0.0,1.0
182,0.37499999541666673,0.7499999908333335,-5.7132154906323426e-05,0.0,2.2578125,0.21875,-0.21875,1.9404994159704074,-69.63317788760968,7.368272463281755e-07,5.470913023772565,0.0031830725768238403,12.0,1.0,0.0,0.0,0.0,0.0,1.0
183,0.37499999541666673,0.7499999908333335,-0.0011561748349575914,0.0,2.171875,0.375,-0.375,1.8631285000010394,-96.01620996470074,7.368272463281755e-07,5.513017002493143,0.013889927569834981,12.0,3.0,0.0,0.0,0.0,0.0,1.0
184,0.37499999541666673,0.7499999908333335,6.59339525296587e-05,0.0,2.1484375,0.25,-0.25,1.881563292001374,-96.49979861953042,7.368272463281755e-07,5.522941271877951,0.013243542833758207,12.0,3.0,0.0,0.0,0.0,0.0,1.0
185,0.37499999541666673,0.7499999908333335,0.001963973709168191,0.0,2.171875,0.4609375,-0.4609375,1.8733377499738708,-106.64918459190739,7.368272463281755e-07,5.4227307914859715,0.011056627428236728,12.0,3.0,0.0,0.0,0.0,0.0,1.0
186,0.37499999541666673,0.7499999908333335,0.0018962985726396861,0.0,2.1640625,0.5546875,-0.5546875,1.8850933749927208,-121.26149508884237,7.368272463281755e-07,5.457288540899754,0.009158410374463225,12.0,3.0,0.0,0.0,0.0,0.0,1.0
187,0.37499999541666673,0.7499999908333335,0.00358601237242071,0.0,2.21875,0.5625,-0.5625,1.9214692909736186,-141.82044871844036,7.368272463281755e-07,5.544593901269966,0.008506115985154692,12.0,3.0,0.0,0.0,0.0,0.0,1.0
188,0.37499999541666673,0.7499999908333335,0.0015865075348402632,0.0,2.1328125,0.5234375,-0.5234375,1.8355225410195999,-122.92099794974693,7.368272463281755e-07,5.662714685002963,0.008645510326863991,12.0,3.0,0.0,0.0,0.0,0.0,1.0
189,0.37499999541666673,0.7499999908333335,0.002164137856843508,0.0,2.1875,0.1796875,-0.1796875,1.8996750420192257,-161.01121042285646,7.368272463281755e-07,5.740287570489778,0.00873183556056271,12.0,3.0,0.0,0.0,0.0,0.0,1.0
190,0.37499999541666673,0.7499999908333335,0.00069597919323899,0.0,2.1640625,0.6171875,-0.6171875,1.8792052500066347,-141.39470871433025,7.368272463281755e-07,5.753136406342189,0.008880307729769912,12.0,3.0,0.0,0.0,0.0,0.0,1.0
191,0.37499999541666673,0.7499999908333335,0.00506344803386961,0.0,2.1875,0.25,-0.25,1.8905159590067342,-146.07866283910616,7.368272463281755e-07,5.668115629090203,0.009933611882540086,12.0,3.0,0.0,0.0,0.0,0.0,1.0
192,0.37499999541666673,0.7499999908333335,0.002564732550879447,0.0,2.140625,0.140625,-0.140625,1.8671332499943674,-147.40936970710754,7.368272463281755e-07,5.6429900626341505,0.010752705520846777,12.0,3.0,0.0,0.0,0.0,0.0,1.0
193,0.4583333279166667,0.9166666558333334,0.003652715982606182,0.0,2.1875,0.2734375,-0.2734375,1.881056709040422,-159.86854298966273,7.368272463281755e-07,5.633090602027045,0.011739712544820376,12.0,3.0,0.0,0.0,0.0,0.0,1.0
194,0.4583333279166667,0.9166666558333334,0.00010535038670772996,0.0,2.4375,0.53125,-0.53125,2.1108656669966877,-83.55816527895438,7.368272463281755e-07,5.488442658023401,0.0030239983289820057,12.0,1.0,0.0,0.0,0.0,0.0,1.0
195,0.541091871846941,1.082183743693882,0.003975295867242045,0.0,2.375,0.5,-0.5,2.058795958990231,-61.800772917113804,7.368272463281755e-07,5.458705278621479,0.004153757631270723,12.0,1.0,0.0,0.0,0.0,0.0,1.0
196,0.5412733868255823,1.0825467736511647,0.0020127618636862216,0.0,2.3046875,0.4296875,-0.4296875,1.9879419580101967,-25.64097153211044,7.368272463281755e-07,5.3401956910436805,0.005931855793195692,12.0,1.0,0.0,0.0,0.0,0.0,1.0
197,0.54137140309437,1.08274280618874,-0.0007706686511880947,0.0,2.3125,0.296875,-0.296875,1.9885678749997169,-37.035158735674784,7.368272463281755e-07,5.383124974640933,0.007221547368151898,12.0,1.0,0.0,0.0,0.0,0.0,1.0
198,0.5414277440929158,1.0828554881858317,0.0014458239340884576,0.0,2.2421875,0.3203125,-0.3203125,1.9395435419864953,-33.47406482696533,7.368272463281755e-07,5.457990361885591,0.006936542245305397,12.0,1.0,0.0,0.0,0.0,0.0,1.0
199,0.5414369273110742,1.0828738546221484,0.003866710070083002,0.0,2.3984375,0.5234375,-0.5234375,2.0556177910184488,-20.30592112587795,7.368272463281755e-07,5.469453825192018,0.006596561230253428,12.0,1.0,0.0,0.0,0.0,0.0,1.0
200,0.5414339372687033,1.0828678745374065,0.0024262232182328024,0.0,2.3671875,0.328125,-0.328125,2.060898667026777,-51.60301803834368,7.368272463281755e-07,5.489817137067968,0.006084166810151973,12.0,1.0,0.0,0.0,0.0,0.0,1.0
201,0.5414144074614373,1.0828288149228746,0.002593221793093369,0.0,2.3125,0.625,-0.625,2.00256954098586,-31.959382430121707,7.368272463281755e-07,5.516292848370292,0.006075247397265312,12.0,1.0,0.0,0.0,0.0,0.0,1.0
202,0.5333800182137332,1.0667600364274663,0.00275900742668698,0.0,2.2734375,0.2890625,-0.2890625,1.966613458993379,-42.41983733144413,7.368272463281755e-07,5.533666383136403,0.004871011145455254,12.0,1.0,0.0,0.0,0.0,0.0,1.0
203,0.4684162698757889,0.9368325397515778,0.002377033599584409,0.0,2.25,0.1640625,-0.1640625,1.9391055000014603,-71.20362100087934,7.368272463281755e-07,5.611034333705902,0.0038445376716977494,12.0,1.0,0.0,0.0,0.0,0.0,1.0
204,0.4583333279166667,0.9166666558333334,0.0034381670269156323,0.0,2.15625,0.3515625,-0.3515625,1.8758193330140784,-124.13438168729562,7.368272463281755e-07,5.599296987056732,0.004263730461719784,12.0,1.0,0.0,0.0,0.0,0.0,1.0
205,0.4583333279166667,0.9166666558333334,0.0014525997937080127,0.0,2.046875,0.4140625,-0.4140625,1.7925931669888087,-117.55703235946538,7.368272463281755e-07,5.719549412528674,0.015538141219318883,12.0,3.0,0.0,0.0,0.0,0.0,1.0
206,0.4583333279166667,0.9166666558333334,0.0018648728343889367,0.0,2.0859375,0.3515625,-0.3515625,1.8140289160073735,-148.51934600233585,7.368272463281755e-07,5.596304482883877,0.014341650553332228,12.0,3.0,0.0,0.0,0.0,0.0,1.0
207,0.41666666166666666,0.8333333233333333,0.0017839750455863807,0.0,2.0859375,0.2265625,-0.2265625,1.830793500004802,-138.7855881671334,7.368272463281755e-07,5.664583871761958,0.013205913917368485,12.0,3.0,0.0,0.0,0.0,0.0,1.0
208,0.41666666166666666,0.8333333233333333,0.0013864863122759674,0.0,2.1328125,0.3125,-0.3125,1.845618416031357,-157.36616650256482,7.368272463281755e-07,5.782479153739081,0.014049347457734661,12.0,3.0,0.0,0.0,0.0,0.0,1.0
209,0.37499999541666673,0.7499999908333335,0.0010422681962368298,0.0,2.109375,0.2109375,-0.2109375,1.8462548750103451,-187.43982769030112,7.368272463281755e-07,5.828862925370534,0.0142799524215257,12.0,3.0,0.0,0.0,0.0,0.0,1.0
210,0.37499999541666673,0.7499999908333335,0.0007872314114635519,0.0,2.1640625,0.3203125,-0.3203125,1.899590332992375,-254.8320489515036,7.368272463281755e-07,5.849649680985345,0.013513812893911058,12.0,3.0,0.0,0.0,0.0,0.0,1.0
211,0.4166666616666667,0.8333333233333334,0.0019530464227057343,0.0,2.125,0.359375,-0.359375,1.8690877910121344,-254.34870450724574,7.368272463281755e-07,5.889947490559684,0.012970708863576874,12.0,3.0,0.0,0.0,0.0,0.0,1.0
212,0.4166666616666667,0.8333333233333334,0.001029705834271404,0.0,2.3125,0.375,-0.375,1.990117667010054,-245.74758478113122,7.368272463281755e-07,5.804597056724808,0.0014299052153629336,12.0,1.0,0.0,0.0,0.0,0.0,1.0
213,0.4166666616666667,0.8333333233333334,0.0017355854769408382,0.0,2.3203125,0.2421875,-0.2421875,2.0262642089510337,-270.5667000691899,7.368272463281755e-07,5.8351760242473,0.001412538028406826,12.0,1.0,0.0,0.0,0.0,0.0,1.0
214,0.4583333279166667,0.9166666558333334,0.0017148528854341646,0.0,2.2734375,0.4921875,-0.4921875,1.9850607499829493,-253.72674141061265,7.368272463281755e-07,5.843608464707028,0.001959146333816038,12.0,1.0,0.0,0.0,0.0,0.0,1.0
215,0.49999999416666674,0.9999999883333335,0.002815068638945557,0.0,2.2890625,0.5078125,-0.5078125,1.9903470000135712,-216.36459616508094,7.368272463281755e-07,5.805055089972236,0.0030462546611405824,12.0,1.0,0.0,0.0,0.0,0.0,1.0
216,0.49999999416666674,0.9999999883333335,0.0008857853124190542,0.0,2.3515625,0.46875,-0.46875,2.002376375021413,-67.20648096883019,7.368272463281755e-07,5.610917149619623,0.006561964115297253,12.0,1.0,0.0,0.0,0.0,0.0,1.0
217,0.5416666604166668,1.0833333208333336,0.0016204216632284868,0.0,2.3984375,0.5390625,-0.5390625,2.0640188329853117,-99.76924716533202,7.368272463281755e-07,5.6131396361372685,0.009036997925828804,12.0,1.0,0.0,0.0,0.0,0.0,1.0
218,0.5416666604166668,1.0833333208333336,0.0020415276516166573,0.0,2.3515625,0.2421875,-0.2421875,2.0079777920036577,-76.17507751122662,7.368272463281755e-07,5.725057270716537,0.009892176381650974,12.0,1.0,0.0,0.0,0.0,0.0,1.0
219,0.5416666604166668,1.0833333208333336,0.0019038041018668184,0.0,2.265625,0.3359375,-0.3359375,1.95317995804362,-53.224498000638235,7.368272463281755e-07,5.750952425328168,0.0104355488226495,12.0,1.0,0.0,0.0,0.0,0.0,1.0
220,0.5416666604166668,1.0833333208333336,0.002203494636297541,0.0,2.328125,0.546875,-0.546875,1.9923356249928474,-65.02915581280753,7.368272463281755e-07,5.7881503660570495,0.010672888715899635,12.0,1.0,0.0,0.0,0.0,0.0,1.0
221,0.5416666604166668,1.0833333208333336,0.0018044395494710745,0.0,2.2890625,0.21875,-0.21875,1.9557943330146372,-60.847737341610646,7.368272463281755e-07,5.826217583634636,0.010906403916041281,12.0,1.0,0.0,0.0,0.0,0.0,1.0
222,0.5416666604166668,1.0833333208333336,0.0028944538647477816,0.0,2.3203125,0.640625,-0.640625,1.9954739169916138,-28.627570616275776,7.368272463281755e-07,5.858511289412325,0.010851526706987484,12.0,1.0,0.0,0.0,0.0,0.0,1.0
223,0.5416666604166668,1.0833333208333336,0.0014233301213290729,0.0,2.34375,0.4921875,-0.4921875,2.011754833976738,13.36872786839803,7.368272463281755e-07,5.896705773743716,0.010799530131573027,12.0,1.0,0.0,0.0,0.0,0.0,1.0
224,0.5416666604166668,1.0833333208333336,0.002779476943387241,0.0,2.2734375,0.28125,-0.28125,1.9805913330055773,-74.28478111352298,7.368272463281755e-07,5.876546496694738,0.009563071526248346,12.0,1.0,0.0,0.0,0.0,0.0,1.0
225,0.45902075593993275,0.9180415118798655,0.0012707810692869207,0.0,2.3125,0.5546875,-0.5546875,1.997474416042678,-42.97549831222843,7.368272463281755e-07,5.83828017115593,0.006798963432877578,12.0,1.0,0.0,0.0,0.0,0.0,1.0
226,0.4583333279166667,0.9166666558333334,0.000673911692587958,0.0,2.046875,0.1796875,-0.1796875,1.7883793750079349,-220.24952149391174,7.368272463281755e-07,6.125397976901796,0.01656398465274833,12.0,3.0,0.0,0.0,0.0,0.0,1.0
227,0.4583333279166667,0.9166666558333334,-0.00029913957382839823,0.0,2.0703125,0.359375,-0.359375,1.7963490830152296,-230.65221007724978,7.368272463281755e-07,6.257486492395401,0.016190792304567166,12.0,3.0,0.0,0.0,0.0,0.0,1.0
228,0.4583333279166667,0.9166666558333334,0.0016690106765450607,0.0,2.1171875,0.5546875,-0.5546875,1.8299550830270164,-222.91315594810402,7.368272463281755e-07,6.316301567686929,0.015830562527601916,12.0,3.0,0.0,0.0,0.0,0.0,1.0
229,0.4583333279166667,0.9166666558333334,0.0013362943149049988,0.0,2.0703125,0.578125,-0.578125,1.8340315830428153,-250.49490265576344,7.368272463281755e-07,6.3256514966487885,0.016413705190643668,12.0,3.0,0.0,0.0,0.0,0.0,1.0
230,0.4583333279166667,0.9166666558333334,0.001560304367372711,0.0,2.1015625,0.515625,-0.515625,1.8366585840121843,-255.62718260952974,7.368272463281755e-07,6.3311514258384705,0.017164314191581473,12.0,3.0,0.0,0.0,0.0,0.0,1.0
231,0.4583333279166667,0.9166666558333334,0.0017419836627249005,0.0,2.1484375,0.5625,-0.5625,1.8723954169545323,-227.29499765222724,7.368272463281755e-07,6.3402542736795215,0.018217292045139603,12.0,3.0,0.0,0.0,0.0,0.0,1.0
232,0.4583333279166667,0.9166666558333334,0.0017422314379366367,0.0,2.0859375,0.5,-0.5,1.816247583949007,-309.57775284913595,7.368272463281755e-07,6.369694881969028,0.018797346313173573,12.0,3.0,0.0,0.0,0.0,0.0,1.0
233,0.41666666166666666,0.8333333233333333,0.00030667831193573804,0.0,2.1015625,0.46875,-0.46875,1.8459473340190016,-337.36418607066554,7.368272463281755e-07,6.408505592081282,0.019506821408867836,12.0,3.0,0.0,0.0,0.0,0.0,1.0
234,0.41666666166666666,0.8333333233333333,0.000706672290758978,0.0,2.0703125,0.2109375,-0.2109375,1.8050520420074463,-384.05008435699176,7.368272463281755e-07,6.426843914720747,0.019559486691529553,12.0,3.0,0.0,0.0,0.0,0.0,1.0
235,0.41666666166666666,0.8333333233333333,0.0007324063018629958,0.0,2.15625,0.3046875,-0.3046875,1.8789392079925165,-408.5248299215151,7.368272463281755e-07,6.2972513569725885,0.020895339781418443,12.0,3.0,0.0,0.0,0.0,0.0,1.0
236,0.37499999541666673,0.7499999908333335,0.0007524152994542468,0.0,2.1484375,0.5390625,-0.5390625,1.8762733329785988,-382.38286142002454,7.368272463281755e-07,6.375680565834045,0.021719443870501384,12.0,3.0,0.0,0.0,0.0,0.0,1.0
237,0.37569726074973286,0.7513945214994657,0.0003291524598712612,0.0,2.1875,0.4921875,-0.4921875,1.954359084018506,-385.2099376354899,7.368272463281755e-07,6.4963596728112964,0.020939659016827743,12.0,3.0,0.0,0.0,0.0,0.0,1.0
238,0.38133887052597326,0.7626777410519465,0.0002286929154438802,0.0,2.21875,0.53125,-0.53125,1.9412190419971012,-465.1103560437619,7.368272463281755e-07,6.842581033706665,0.008873598207719624,12.0,2.0,0.0,0.0,0.0,0.0,1.0
239,0.4606306027346394,0.9212612054692788,0.0009341080170610934,0.0,2.171875,0.3515625,-0.3515625,1.8810530840419233,-467.48786824384183,7.368272463281755e-07,6.2830729918046435,0.008156532516957006,12.0,1.0,0.0,0.0,0.0,0.0,1.0
240,0.46130773374900125,0.9226154674980025,0.0011120202060900036,0.0,2.4140625,0.4453125,-0.4453125,2.0800148750422522,-273.46582060415767,7.368272463281755e-07,6.150816711512479,0.010148171140992252,12.0,1.0,0.0,0.0,0.0,0.0,1.0
241,0.4620198135815561,0.9240396271631122,0.0014270744739309678,0.0,2.453125,0.703125,-0.703125,2.1074455000343733,-98.16192280410961,7.368272463281755e-07,6.097841054201126,0.012540904064239427,12.0,1.0,0.0,0.0,0.0,0.0,1.0
242,0.4626535223547874,0.9253070447095748,0.0016498492417268663,0.0,2.4921875,0.65625,-0.65625,2.140134167042561,-115.25359835221103,7.368272463281755e-07,6.123708619312807,0.013130370495756242,12.0,1.0,0.0,0.0,0.0,0.0,1.0
243,0.46349048436978724,0.9269809687395745,0.0012686337624671262,0.0,2.4296875,0.359375,-0.359375,2.23278974997811,-164.80650072005784,7.368272463281755e-07,6.166041848334399,0.01321410090366209,12.0,1.0,0.0,0.0,0.0,0.0,1.0
244,0.4646597013627587,0.9293194027255174,0.0018037701923109028,0.0,2.390625,0.46875,-0.46875,2.041847000014968,-105.06148131220948,7.368272463281755e-07,6.2111209603873165,0.013327966920438816,12.0,1.0,0.0,0.0,0.0,0.0,1.0
245,0.4657228406477476,0.9314456812954952,0.001653481663956064,0.0,2.4609375,0.46875,-0.46875,2.1154510410269722,-155.47416688525487,7.368272463281755e-07,6.095731653950431,0.009315262686207214,12.0,1.0,0.0,0.0,0.0,0.0,1.0
246,0.42761124904726766,0.8552224980945353,0.0007441576420832386,0.0,2.3984375,0.46875,-0.46875,2.162383165967185,-203.90273092934675,7.368272463281755e-07,6.2757569551467896,0.005739350395742804,12.0,1.0,0.0,0.0,0.0,0.0,1.0
247,0.4305065920290691,0.8610131840581382,0.0009120153431939374,0.0,2.25,0.421875,-0.421875,2.045783416950144,-335.4864292807049,7.368272463281755e-07,6.399345365437594,0.005064428254792636,12.0,1.0,0.0,0.0,0.0,0.0,1.0
248,0.44231411882138055,0.8846282376427611,0.0006159476099270542,0.0,2.3203125,0.3203125,-0.3203125,2.0154027919634245,-415.13741578638354,7.368272463281755e-07,6.449405819177628,0.004965242548761043,12.0,1.0,0.0,0.0,0.0,0.0,1.0
249,0.49999999416666674,0.9999999883333335,0.0018069032150399734,0.0,2.21875,0.53125,-0.53125,1.9395164580200799,-379.2060426926949,7.368272463281755e-07,6.491963467814705,0.0052054323949216105,12.0,1.0,0.0,0.0,0.0,0.0,1.0
250,0.49999999416666674,0.9999999883333335,0.002275031990549652,0.0,2.25,0.4296875,-0.4296875,1.9704573749913834,-352.04544291893643,7.368272463281755e-07,6.4757189506834205,0.005666254569818689,12.0,1.0,0.0,0.0,0.0,0.0,1.0
251,0.49999999416666674,0.9999999883333335,0.00149527625209251,0.0,2.2265625,0.3125,-0.3125,2.0182042910018936,-307.0962592777453,7.368272463281755e-07,6.4164077693765815,0.006418860250216147,12.0,1.0,0.0,0.0,0.0,0.0,1.0
252,0.49999999416666674,0.9999999883333335,0.0022582751158218006,0.0,2.1796875,0.5078125,-0.5078125,1.9617495829588734,-236.6814612863739,7.368272463281755e-07,6.377917899326845,0.0071405691454525695,12.0,1.0,0.0,0.0,0.0,0.0,1.0
253,0.4583333279166667,0.9166666558333334,0.001533229021864804,0.0,2.2265625,0.5859375,-0.5859375,1.9422336670104414,-291.91262965955235,7.368272463281755e-07,6.3570320497859605,0.00788882394077849,12.0,1.0,0.0,0.0,0.0,0.0,1.0
254,0.4583333279166667,0.9166666558333334,0.0010517441283965283,0.0,2.0859375,0.5625,-0.5625,1.8527559580397792,-371.61785917603567,7.368272463281755e-07,6.499088090327051,0.02465720548449705,12.0,3.0,0.0,0.0,0.0,0.0,1.0
255,0.4583333279166667,0.9166666558333334,0.002719883751999314,0.0,2.0546875,0.4609375,-0.4609375,1.790897250000853,-357.86555206458377,7.368272463281755e-07,6.568686289919747,0.02732618215183417,12.0,3.0,0.0,0.0,0.0,0.0,1.0
256,0.4583333279166667,0.9166666558333334,0.0006844097829408203,0.0,2.09375,0.734375,-0.734375,1.8334863749914803,-316.61586440854995,7.368272463281755e-07,6.676951302422418,0.02854129656528433,12.0,3.0,0.0,0.0,0.0,0.0,1.0
257,0.4583333279166667,0.9166666558333334,0.000578565169913455,0.0,2.1015625,0.1875,-0.1875,1.838344459014479,-410.22488138489564,7.368272463281755e-07,6.763811177677578,0.028674566445665226,12.0,3.0,0.0,0.0,0.0,0.0,1.0
258,0.4583333279166667,0.9166666558333334,0.0008906687949425285,0.0,2.1015625,0.5546875,-0.5546875,1.8322977920179255,-443.0556521078911,7.368272463281755e-07,6.819010737869474,0.028349599619913433,12.0,3.0,0.0,0.0,0.0,0.0,1.0
259,0.4584159827321087,0.9168319654642174,0.001987769670882234,0.0,2.0625,0.421875,-0.421875,1.7788755419896916,-283.2279301809542,7.368272463281755e-07,6.875125166442659,0.028208547556358907,12.0,3.0,0.0,0.0,0.0,0.0,1.0
260,0.4584866731933619,0.9169733463867238,0.0006736375620855034,0.0,2.1328125,0.734375,-0.734375,1.8283999999985099,-492.0533616376884,7.368272463281755e-07,6.935544335179859,0.027666635035226744,12.0,3.0,0.0,0.0,0.0,0.0,1.0
261,0.4585220785790342,0.9170441571580684,0.0010774818237784544,0.0,2.1015625,0.5625,-0.5625,1.8285452920245007,-577.6422863892906,7.368272463281755e-07,6.989709287881851,0.027240825273717444,12.0,3.0,0.0,0.0,0.0,0.0,1.0
262,0.4585321708906602,0.9170643417813203,0.0019868234070737553,0.0,2.0859375,0.65625,-0.65625,1.8147755830432288,-498.73735361420705,7.368272463281755e-07,6.685176518830386,0.01248018423476341,12.0,1.0,0.0,0.0,0.0,0.0,1.0
263,0.4585199513413585,0.917039902682717,0.001087721800538166,0.0,2.1328125,0.6328125,-0.6328125,1.8631630830350332,-518.9635413313086,7.368272463281755e-07,6.849869830740823,0.026850083920483787,12.0,3.0,0.0,0.0,0.0,0.0,1.0
264,0.45845106280595976,0.9169021256119195,0.0012920150240596066,0.0,2.09375,0.3671875,-0.3671875,1.8291262090206146,-504.8127830704646,7.368272463281755e-07,6.572702304883436,0.010568214813247323,12.0,1.0,0.0,0.0,0.0,0.0,1.0
265,0.4583661631074608,0.9167323262149216,-7.384688728676905e-05,0.0,2.0625,0.234375,-0.234375,1.768675750005059,-499.73469001957864,7.368272463281755e-07,6.982376856936349,0.025503213206926983,12.0,3.0,0.0,0.0,0.0,0.0,1.0
266,0.4583333279166667,0.9166666558333334,0.0006946741491545015,0.0,2.1328125,0.265625,-0.265625,1.843747415987309,-545.1701462434762,7.368272463281755e-07,6.982113245460722,0.026535547752347257,12.0,3.0,0.0,0.0,0.0,0.0,1.0
267,0.4583333279166667,0.9166666558333334,0.000940598483826568,0.0,2.09375,0.1953125,-0.1953125,1.8206404160009697,-617.6798856187222,7.368272463281755e-07,7.002015084028244,0.027345901950159006,12.0,3.0,0.0,0.0,0.0,0.0,1.0
268,0.4583333279166667,0.9166666558333334,0.0018875537529974248,0.0,2.109375,0.5703125,-0.5703125,1.852941999968607,-538.4286913907087,7.368272463281755e-07,7.046316226323445,0.026964427282412846,12.0,3.0,0.0,0.0,0.0,0.0,1.0
269,0.4583333279166667,0.9166666558333334,0.0013945260393330226,0.0,2.09375,0.4296875,-0.4296875,1.8272262919927016,-618.0477426123264,7.368272463281755e-07,7.089314043521881,0.02661787040738596,12.0,3.0,0.0,0.0,0.0,0.0,1.0
270,0.4583333279166667,0.9166666558333334,7.781019280235861e-05,0.0,2.0546875,0.0625,-0.0625,1.7683948330231942,-535.4334081316175,7.368272463281755e-07,7.1267356806331215,0.02646312288319071,12.0,3.0,0.0,0.0,0.0,0.0,1.0
271,0.4583333279166667,0.9166666558333334,0.0014022036314109002,0.0,2.09375,0.734375,-0.734375,1.8243565410375595,-614.4096441589185,7.368272463281755e-07,7.177754534615411,0.02615575845508526,12.0,3.0,0.0,0.0,0.0,0.0,1.0
272,0.49999999416666674,0.9999999883333335,0.0027870422823587904,0.0,2.1015625,0.4375,-0.4375,1.8396417910116725,-638.6082823374014,7.368272463281755e-07,7.23151754339536,0.02575355248215298,12.0,3.0,0.0,0.0,0.0,0.0,1.0
273,0.49999999416666674,0.9999999883333335,0.0007160934245957146,0.0,2.1953125,0.5,-0.5,1.8976549580111168,-730.5461851405079,7.368272463281755e-07,6.8742747415195815,0.010930163912813772,12.0,1.0,0.0,0.0,0.0,0.0,1.0
274,0.49999999416666674,0.9999999883333335,-0.0004660616158022749,0.0,2.25,0.546875,-0.546875,1.9556095830048434,-587.3036861419678,7.368272463281755e-07,6.725560063665563,0.013092042928540402,12.0,1.0,0.0,0.0,0.0,0.0,1.0
275,0.49999999416666674,0.9999999883333335,-0.00045690646004659634,0.0,2.171875,0.15625,-0.15625,1.861553625029046,-514.1700400036874,7.368272463281755e-07,6.761299194260077,0.01594910401300612,12.0,1.0,0.0,0.0,0.0,0.0,1.0
276,0.49999999416666674,0.9999999883333335,0.0007390733769434616,0.0,2.1640625,0.1953125,-0.1953125,1.8535939999856055,-435.55483466193135,7.368272463281755e-07,6.7251119816845115,0.01698310662967825,12.0,1.0,0.0,0.0,0.0,0.0,1.0
277,0.49999999416666674,0.9999999883333335,0.000776521844113321,0.0,2.1953125,0.3046875,-0.3046875,1.8976888339966536,-491.58180591814033,7.368272463281755e-07,6.703388783064756,0.018312980189379727,12.0,1.0,0.0,0.0,0.0,0.0,1.0
278,0.49999999416666674,0.9999999883333335,0.002553515379362811,0.0,2.1640625,0.3515625,-0.3515625,1.8800577080110088,-457.8503434632229,7.368272463281755e-07,6.716616218062964,0.01948973031804516,12.0,1.0,0.0,0.0,0.0,0.0,1.0
279,0.49999999416666674,0.9999999883333335,0.0015701815373919006,0.0,2.2265625,0.359375,-0.359375,1.923339999979362,-522.5635010669106,7.368272463281755e-07,6.770084890452298,0.02029442220439457,12.0,1.0,0.0,0.0,0.0,0.0,1.0
280,0.49999999416666674,0.9999999883333335,0.002334504284810097,0.0,2.1640625,0.1640625,-0.1640625,1.886973417014815,-498.98610347100544,7.368272463281755e-07,6.710316383025863,0.01781655646945265,12.0,1.0,0.0,0.0,0.0,0.0,1.0
281,0.49999999416666674,0.9999999883333335,0.000871391542699739,0.0,2.21875,0.3828125,-0.3828125,1.9146764579927549,-484.6536578326158,7.368272463281755e-07,6.887103961272673,0.01632629866203801,12.0,1.0,0.0,0.0,0.0,0.0,1.0
282,0.4583333279166667,0.9166666558333334,-0.0005627224270657536,0.0,2.1328125,0.28125,-0.28125,1.8886066660052165,-478.0708206861447,7.368272463281755e-07,6.947694409977306,0.0162581348828429,12.0,1.0,0.0,0.0,0.0,0.0,1.0
283,0.4583333279166667,0.9166666558333334,0.0009861401990177402,0.0,2.203125,0.46875,-0.46875,1.8974789999774657,-403.07796442424154,7.368272463281755e-07,6.917011038823561,0.015244703794451198,12.0,1.0,0.0,0.0,0.0,0.0,1.0
284,0.49999999416666674,0.9999999883333335,0.0004196102127838208,0.0,2.1796875,0.2109375,-0.2109375,1.8834607080207206,-559.1855714175864,7.368272463281755e-07,6.921167930418795,0.01435438894523858,12.0,1.0,0.0,0.0,0.0,0.0,1.0
285,0.49999999416666674,0.9999999883333335,0.0011455710026355744,0.0,2.2578125,0.3203125,-0.3203125,1.9434968329733238,-607.6138549197503,7.368272463281755e-07,6.861709493466399,0.01408689834352117,12.0,1.0,0.0,0.0,0.0,0.0,1.0
286,0.49999999416666674,0.9999999883333335,0.0016097458102206082,0.0,2.21875,0.4765625,-0.4765625,1.9056650419952348,-511.84611607941105,7.368272463281755e-07,6.848478048362515,0.01397002055389087,12.0,1.0,0.0,0.0,0.0,0.0,1.0
287,0.49999999416666674,0.9999999883333335,0.0012299331761819474,0.0,2.1796875,0.390625,-0.390625,1.8685237500467338,-767.6680633517576,7.368272463281755e-07,6.852479536763647,0.014475986825841987,12.0,1.0,0.0,0.0,0.0,0.0,1.0
288,0.4583333279166667,0.9166666558333334,0.0016027478067561292,0.0,2.234375,0.2109375,-0.2109375,1.9382809160160832,-712.9408452894304,7.368272463281755e-07,6.911883542144841,0.014638876035777766,12.0,1.0,0.0,0.0,0.0,0.0,1.0
289,0.4166666616666667,0.8333333233333334,0.0003282611096170318,0.0,2.171875,0.5234375,-0.5234375,1.8528842499945313,-304.29097753291506,7.368272463281755e-07,6.964062898673794,0.014810709604882339,12.0,1.0,0.0,0.0,0.0,0.0,1.0
290,0.4166666616666667,0.8333333233333334,0.00014552085928168734,0.0,2.09375,0.390625,-0.390625,1.8081017910153605,-686.3232033145962,7.368272463281755e-07,7.528879140814145,0.031227214261889458,12.0,3.0,0.0,0.0,0.0,0.0,1.0
291,0.4166666616666667,0.8333333233333334,0.0021786757090975378,0.0,2.0859375,0.265625,-0.265625,1.797210290969815,-681.8137420268541,7.368272463281755e-07,7.5766220721933575,0.03082179157839467,12.0,3.0,0.0,0.0,0.0,0.0,1.0
292,0.4583333279166667,0.9166666558333334,0.0017541326213280815,0.0,2.09375,0.375,-0.375,1.8047098749666475,-822.2383415805759,7.368272463281755e-07,7.6026420328352184,0.030455646932952933,12.0,3.0,0.0,0.0,0.0,0.0,1.0
293,0.4583333279166667,0.9166666558333334,0.0009912787326905028,0.0,2.078125,0.28125,-0.28125,1.7867023749859072,-744.9832448529122,7.368272463281755e-07,7.625508785247803,0.030596380186681118,12.0,3.0,0.0,0.0,0.0,0.0,1.0
294,0.4583333279166667,0.9166666558333334,0.0009853758573415343,0.0,2.09375,0.5,-0.5,1.8217517919838428,-587.0173676761228,7.368272463281755e-07,7.497748212681876,0.032822542642760605,12.0,3.0,0.0,0.0,0.0,0.0,1.0
295,0.4583333279166667,0.9166666558333334,0.00037131199532118716,0.0,2.078125,0.609375,-0.609375,1.808567333035171,-786.0075490205808,7.368272463281755e-07,7.586614482932621,0.03490171688867526,12.0,3.0,0.0,0.0,0.0,0.0,1.0
296,0.4166666616666667,0.8333333233333334,0.0010934105604734966,0.0,2.0859375,0.2734375,-0.2734375,1.816501708002761,-874.598322643323,7.368272463281755e-07,7.6798638635211525,0.036007151460378535,12.0,3.0,0.0,0.0,0.0,0.0,1.0
297,0.4166666616666667,0.8333333233333334,0.002115483905004181,0.0,2.1171875,0.5234375,-0.5234375,1.9301387090235949,-976.6111869952775,7.368272463281755e-07,7.569043649567498,0.03414427494216296,12.0,3.0,0.0,0.0,0.0,0.0,1.0
298,0.4166666616666667,0.8333333233333334,-0.0006444967935900133,0.0,2.03125,0.1875,-0.1875,1.7734154170029797,-1006.4681012667143,7.368272463281755e-07,7.57758852508333,0.031642903547940984,12.0,3.0,0.0,0.0,0.0,0.0,1.0
299,0.4166666616666667,0.8333333233333334,0.001247552265544126,0.0,2.078125,0.2265625,-0.2265625,1.8176266250084154,-1187.793952669416,7.368272463281755e-07,7.659035371409522,0.03187680456580387,12.0,3.0,0.0,0.0,0.0,0.0,1.0
300,0.4583333279166667,0.9166666558333334,0.00021638850770487497,0.0,2.1015625,0.59375,-0.59375,1.8476847910205834,-1304.221771126786,7.368272463281755e-07,7.727492544386122,0.032131723697400756,12.0,3.0,0.0,0.0,0.0,0.0,1.0
301,0.4583333279166667,0.9166666558333334,0.0006253798734694744,0.0,2.09375,0.3359375,-0.3359375,1.8029933339566924,-1084.5438035779925,7.368272463281755e-07,7.765178925461239,0.03236231689030925,12.0,3.0,0.0,0.0,0.0,0.0,1.0
302,0.4583333279166667,0.9166666558333334,-0.0005063996620134392,0.0,2.078125,0.40625,-0.40625,1.805851041979622,-1054.0254097415093,7.368272463281755e-07,7.78136729531818,0.03257532973980738,12.0,3.0,0.0,0.0,0.0,0.0,1.0
303,0.4583333279166667,0.9166666558333334,0.0006700682926419027,0.0,2.078125,0.46875,-0.46875,1.8223903750185855,-912.067233451327,7.368272463281755e-07,7.790994054741329,0.03287781084266802,12.0,3.0,0.0,0.0,0.0,0.0,1.0
304,0.4583333279166667,0.9166666558333334,0.0005941562290462895,0.0,2.125,0.59375,-0.59375,1.8264131670002826,-992.283524183666,7.368272463281755e-07,7.8011877867910595,0.033169969347202115,12.0,3.0,0.0,0.0,0.0,0.0,1.0
305,0.4166666616666667,0.8333333233333334,0.00010937909650861472,0.0,2.0703125,0.5234375,-0.5234375,1.802504958002828,-1180.1804731405007,7.368272463281755e-07,7.812030494213104,0.03337388878895177,12.0,3.0,0.0,0.0,0.0,0.0,1.0
306,0.4166666616666667,0.8333333233333334,-0.0006019441281510258,0.0,2.0546875,0.1796875,-0.1796875,1.7836589999496937,-697.0592721206607,7.368272463281755e-07,7.826039301024543,0.033551055705174804,12.0,3.0,0.0,0.0,0.0,0.0,1.0
307,0.4166666616666667,0.8333333233333334,1.186343808630745e-05,0.0,2.1015625,0.1484375,-0.1484375,1.8145515830256045,-1041.1900513517812,7.368272463281755e-07,7.8436992565790815,0.03376368981682592,12.0,3.0,0.0,0.0,0.0,0.0,1.0
308,0.4166666616666667,0.8333333233333334,-0.0002089827310766764,0.0,2.1171875,0.609375,-0.609375,1.8501113340025768,-1413.4275774867772,7.368272463281755e-07,7.857989894019233,0.03402591421682802,12.0,3.0,0.0,0.0,0.0,0.0,1.0
309,0.4166666616666667,0.8333333233333334,-0.0005653131027506271,0.0,2.078125,0.203125,-0.203125,1.8288184159900993,-1224.5898021683656,7.368272463281755e-07,7.872463332282172,0.034232938662171364,12.0,3.0,0.0,0.0,0.0,0.0,1.0
310,0.4583333279166667,0.9166666558333334,0.000981665956630848,0.0,2.1171875,0.53125,-0.53125,1.854782708978746,-1154.6286751581733,7.368272463281755e-07,7.887615303198497,0.034484555246308446,12.0,3.0,0.0,0.0,0.0,0.0,1.0
311,0.4583333279166667,0.9166666558333334,-0.0007498068527853272,0.0,2.1171875,0.625,-0.625,1.8338903749827296,-1230.1245485284671,7.368272463281755e-07,7.900665594471826,0.03473239050557216,12.0,3.0,0.0,0.0,0.0,0.0,1.0
312,0.4583333279166667,0.9166666558333334,0.0009358311123383252,0.0,2.078125,0.5625,-0.5625,1.8232740000239573,-1275.0791335643682,7.368272463281755e-07,7.904751943217383,0.035027665137830705,12.0,3.0,0.0,0.0,0.0,0.0,1.0
313,0.4583333279166667,0.9166666558333334,-0.0015391775413043933,0.0,2.09375,0.3515625,-0.3515625,1.8077020830241963,-1324.1071907655516,7.368272463281755e-07,7.9136433601379395,0.03527065723513564,12.0,3.0,0.0,0.0,0.0,0.0,1.0
314,0.4583333279166667,0.9166666558333334,-0.0010334074353946095,0.0,2.140625,0.859375,-0.859375,1.856981499993708,-1096.5733739685838,7.368272463281755e-07,7.922761221726735,0.03553749346691701,12.0,3.0,0.0,0.0,0.0,0.0,1.0
315,0.4166666616666667,0.8333333233333334,-0.0014257330118443816,0.0,2.1015625,0.4140625,-0.4140625,1.8139733750140294,-1192.6534213239818,7.368272463281755e-07,7.932573682732052,0.03574224349318279,12.0,3.0,0.0,0.0,0.0,0.0,1.0
316,0.4166666616666667,0.8333333233333334,0.00021759992362952983,0.0,2.0703125,0.578125,-0.578125,1.8293453749502078,-1317.7822655803752,7.368272463281755e-07,7.94098906384574,0.0359481338204609,12.0,3.0,0.0,0.0,0.0,0.0,1.0
317,0.4166666616666667,0.8333333233333334,0.0002450015443022605,0.0,2.1015625,0.3828125,-0.3828125,1.831099625036586,-1085.2245464537666,7.368272463281755e-07,7.950622227456835,0.036148600202674665,12.0,3.0,0.0,0.0,0.0,0.0,1.0
318,0.4166666616666667,0.8333333233333334,-0.000526269714488995,0.0,2.0390625,0.515625,-0.515625,1.762747999979183,-955.0823293810147,7.368272463281755e-07,7.959663252035777,0.03635253351078265,12.0,3.0,0.0,0.0,0.0,0.0,1.0
319,0.4583333279166667,0.9166666558333334,0.0010040955130574281,0.0,2.0625,0.578125,-0.578125,1.8075477500096895,-993.2830349315296,7.368272463281755e-07,7.968345430162218,0.03655206000742813,12.0,3.0,0.0,0.0,0.0,0.0,1.0
320,0.4583333279166667,0.9166666558333334,-0.0013063673282504265,0.0,2.1015625,0.5859375,-0.5859375,1.8400206670048647,-983.0122368539576,7.368272463281755e-07,7.978053086333805,0.03677537884666688,12.0,3.0,0.0,0.0,0.0,0.0,1.0
321,0.4583333279166667,0.9166666558333334,0.00032315272956035733,0.0,2.1015625,0.5078125,-0.5078125,1.8298065420240164,-978.7647301911421,7.368272463281755e-07,7.987331946690877,0.036988678802218705,12.0,3.0,0.0,0.0,0.0,0.0,1.0
322,0.4583333279166667,0.9166666558333334,0.00016690288661987804,0.0,2.09375,0.4375,-0.4375,1.8311547500197776,-1224.1290766587897,7.368272463281755e-07,7.995790554417504,0.037198642579217754,12.0,3.0,0.0,0.0,0.0,0.0,1.0
323,0.4166666616666667,0.8333333233333334,-0.0011687479947431224,0.0,2.09375,0.46875,-0.46875,1.8307095000054687,-1091.0717552669012,7.368272463281755e-07,8.004071712493896,0.03740647559364637,12.0,3.0,0.0,0.0,0.0,0.0,1.0
324,0.4166666616666667,0.8333333233333334,-0.0015651588632041944,0.0,2.109375,0.3671875,-0.3671875,1.8478686249582097,-1525.6030599382188,7.368272463281755e-07,8.012014746665955,0.037616584760447346,12.0,3.0,0.0,0.0,0.0,0.0,1.0
325,0.4166666616666667,0.8333333233333334,-0.0012473427232566228,0.0,2.1328125,0.640625,-0.640625,1.9088262910372578,-1521.7414000235199,7.368272463281755e-07,8.017815503809187,0.03784460507126318,12.0,3.0,0.0,0.0,0.0,0.0,1.0
326,0.4166666616666667,0.8333333233333334,-0.0017227425348115381,0.0,2.0703125,0.421875,-0.421875,1.7833799159852788,-869.9766968637142,7.368272463281755e-07,8.023913966284859,0.03803781096616553,12.0,3.0,0.0,0.0,0.0,0.0,1.0
327,0.4166666616666667,0.8333333233333334,-6.908599322472751e-05,0.0,2.0859375,0.3515625,-0.3515625,1.803664791979827,-1601.707655103019,7.368272463281755e-07,8.03220064110226,0.03814845123431749,12.0,3.0,0.0,0.0,0.0,0.0,1.0
328,0.4583333279166667,0.9166666558333334,-0.00042281356455453877,0.0,2.09375,0.3828125,-0.3828125,1.8355566670070402,-1191.7318169038688,7.368272463281755e-07,8.043111655447218,0.038278821027941175,12.0,3.0,0.0,0.0,0.0,0.0,1.0
329,0.4583333279166667,0.9166666558333334,0.0015089546825329773,0.0,2.1015625,0.5390625,-0.5390625,1.831044957973063,-993.7755085544516,7.368272463281755e-07,8.053503248426649,0.03847382372866074,12.0,3.0,0.0,0.0,0.0,0.0,1.0
330,0.4583333279166667,0.9166666558333334,-0.00048204478574938385,0.0,2.0703125,0.4453125,-0.4453125,1.8367252090247348,-1214.5580769952737,7.368272463281755e-07,8.062936544418335,0.03865941122381224,12.0,3.0,0.0,0.0,0.0,0.0,1.0
331,0.4583333279166667,0.9166666558333334,-0.002071685567137282,0.0,2.09375,0.5234375,-0.5234375,1.8485570829943754,-1344.005352418814,7.368272463281755e-07,8.071792893939548,0.03886299435463217,12.0,3.0,0.0,0.0,0.0,0.0,1.0
332,0.4166666616666667,0.8333333233333334,-0.0007099712515241531,0.0,2.1015625,0.6171875,-0.6171875,1.8544610420358367,-1983.457204769092,7.368272463281755e-07,8.093500256538391,0.03897148960580429,12.0,3.0,0.0,0.0,0.0,0.0,1.0
333,0.4166666616666667,0.8333333233333334,-0.00011961820080276643,0.0,2.1328125,0.5078125,-0.5078125,1.8735991250141524,-1895.3680724678459,7.368272463281755e-07,8.10929787158966,0.03911570314731863,12.0,3.0,0.0,0.0,0.0,0.0,1.0
334,0.4166666616666667,0.8333333233333334,-0.0001884745552279515,0.0,2.0859375,0.2734375,-0.2734375,1.8263589580310509,-1953.1871753078276,7.368272463281755e-07,8.122642159461975,0.03928160869205991,12.0,3.0,0.0,0.0,0.0,0.0,1.0
335,0.4166666616666667,0.8333333233333334,0.0014429459516779335,0.0,2.078125,0.390625,-0.390625,1.8368872080463916,-1387.3026270328608,7.368272463281755e-07,8.132293754153782,0.039466843836837344,12.0,3.0,0.0,0.0,0.0,0.0,1.0
336,0.4166666616666667,0.8333333233333334,-0.0012815389077342975,0.0,2.0546875,0.3359375,-0.3359375,1.8027434579562396,-2078.411824665142,7.368272463281755e-07,8.142124440934923,0.03964386099121637,12.0,3.0,0.0,0.0,0.0,0.0,1.0
337,0.4166666616666667,0.8333333233333334,-0.0008411258205587713,0.0,2.0546875,0.578125,-0.578125,1.7996034999960102,-1783.8930124348108,7.368272463281755e-07,8.149285091294182,0.039836311298939914,12.0,3.0,0.0,0.0,0.0,0.0,1.0
338,0.4583333279166667,0.9166666558333334,-0.0019393948538207022,0.0,2.0703125,0.2265625,-0.2265625,1.8049413749831729,-1979.3852794719191,7.368272463281755e-07,8.155565765168932,0.039994579325947494,12.0,3.0,0.0,0.0,0.0,0.0,1.0
339,0.4583333279166667,0.9166666558333334,-0.0010088292730352116,0.0,2.0703125,0.5546875,-0.5546875,1.8244074580143206,-2204.2251266623443,7.368272463281755e-07,8.158278769916958,0.04019846332569917,12.0,3.0,0.0,0.0,0.0,0.0,1.0
340,0.4583333279166667,0.9166666558333334,-0.0005700999063282851,0.0,2.09375,0.53125,-0.53125,1.8393860420328565,-1581.2315610060052,7.368272463281755e-07,8.158880790074667,0.04040464712306857,12.0,3.0,0.0,0.0,0.0,0.0,1.0
341,0.4166666616666667,0.8333333233333334,-0.0018482492760834295,0.0,2.0703125,0.390625,-0.390625,1.7926374999806285,-1727.704022245587,7.368272463281755e-07,8.13824274804857,0.040689889496813215,12.0,3.0,0.0,0.0,0.0,0.0,1.0
342,0.4166666616666667,0.8333333233333334,-0.0013450212829740952,0.0,2.0703125,0.3828125,-0.3828125,1.7841137499781325,-1818.7652879247125,7.368272463281755e-07,8.111824234326681,0.04100693896826771,12.0,3.0,0.0,0.0,0.0,0.0,1.0
343,0.4166666616666667,0.8333333233333334,0.0010991947255082546,0.0,2.0859375,0.390625,-0.390625,1.8103645000373945,-1385.4166217046732,7.368272463281755e-07,8.099678224987453,0.041253303824406534,12.0,3.0,0.0,0.0,0.0,0.0,1.0
344,0.4166666616666667,0.8333333233333334,0.00032867876852616713,0.0,2.09375,0.53125,-0.53125,1.8243155420059338,-1426.3446614564355,7.368272463281755e-07,8.09348632229699,0.04144405772806042,12.0,3.0,0.0,0.0,0.0,0.0,1.0
345,0.4166666616666667,0.8333333233333334,-0.001003413426612745,0.0,2.09375,0.421875,-0.421875,1.8035997080150992,-1863.724665584849,7.368272463281755e-07,8.092391994264391,0.041631081555452615,12.0,3.0,0.0,0.0,0.0,0.0,1.0
346,0.4166666616666667,0.8333333233333334,-0.004350634822621573,0.0,2.0703125,0.296875,-0.296875,1.8245386250200681,-1429.5409795365244,7.368272463281755e-07,8.091188311576843,0.04179517298729883,12.0,3.0,0.0,0.0,0.0,0.0,1.0
347,0.4166666616666667,0.8333333233333334,-0.0007582426706665592,0.0,2.1015625,0.7890625,-0.7890625,1.8628879160387442,-1463.4642699429537,7.368272463281755e-07,8.090817001130846,0.0420086948821942,12.0,3.0,0.0,0.0,0.0,0.0,1.0
348,0.4166666616666667,0.8333333233333334,-0.0008609075325999986,0.0,2.0625,0.3046875,-0.3046875,1.8366431249887682,-1357.4534929448907,7.368272463281755e-07,8.089440332518684,0.04215618072905474,12.0,3.0,0.0,0.0,0.0,0.0,1.0
349,0.4583333279166667,0.9166666558333334,-0.001317672205392184,0.0,2.0390625,0.2734375,-0.2734375,1.7906674169935286,-1672.0868236205588,7.368272463281755e-07,8.087498903274536,0.042298112323300704,12.0,3.0,0.0,0.0,0.0,0.0,1.0
350,0.4166666616666667,0.8333333233333334,-0.0014651346147765243,0.0,2.078125,0.296875,-0.296875,1.8112020840053447,-1316.8466854955916,7.368272463281755e-07,8.087141089969212,0.042455734892023936,12.0,3.0,0.0,0.0,0.0,0.0,1.0
351,0.4166666616666667,0.8333333233333334,-0.0018851503460245765,0.0,2.0859375,0.4921875,-0.4921875,1.832614291983191,-1933.524521131194,7.368272463281755e-07,8.086562461323208,0.04261955706816581,12.0,3.0,0.0,0.0,0.0,0.0,1.0
352,0.4166666616666667,0.8333333233333334,-0.0019415938159365847,0.0,2.1015625,0.328125,-0.328125,1.818117542017717,-1717.9677447634558,7.368272463281755e-07,8.086070577303568,0.042772688851174384,12.0,3.0,0.0,0.0,0.0,0.0,1.0
353,0.4166666616666667,0.8333333233333334,-0.0002303232602535061,0.0,2.0859375,0.4140625,-0.4140625,1.8262958750128746,-1533.3811551069052,7.368272463281755e-07,8.085215356614855,0.04291850012830562,12.0,3.0,0.0,0.0,0.0,0.0,1.0
354,0.4166666616666667,0.8333333233333334,-0.00149842639767753,0.0,2.078125,0.4375,-0.4375,1.8041213329997845,-1602.2839306422643,7.368272463281755e-07,8.084361089600456,0.043088217421124377,12.0,3.0,0.0,0.0,0.0,0.0,1.0
355,0.4166666616666667,0.8333333233333334,-0.0012288579099694415,0.0,2.0703125,0.3046875,-0.3046875,1.7894164160243236,-2245.613318562058,7.368272463281755e-07,8.084520101547241,0.043230801148133144,12.0,3.0,0.0,0.0,0.0,0.0,1.0
356,0.4166666616666667,0.8333333233333334,-0.0019488171263997603,0.0,2.09375,0.640625,-0.640625,1.8366296669701114,-1691.3413172906903,7.368272463281755e-07,8.08307949701945,0.04340357085069021,12.0,3.0,0.0,0.0,0.0,0.0,1.0
357,0.4166666616666667,0.8333333233333334,-0.000728636527627877,0.0,2.0546875,0.4296875,-0.4296875,1.7898375839577056,-1777.5161695734175,7.368272463281755e-07,8.096175710360209,0.043305731275015406,12.0,3.0,0.0,0.0,0.0,0.0,1.0
358,0.4166666616666667,0.8333333233333334,-0.002496590099336444,0.0,2.03125,0.2578125,-0.2578125,1.7741662919870578,-2064.7394326136664,7.368272463281755e-07,8.122185269991556,0.04329426038182444,12.0,3.0,0.0,0.0,0.0,0.0,1.0
359,0.4166666616666667,0.8333333233333334,-0.0038017094101601145,0.0,2.09375,0.6796875,-0.6796875,1.8368937920313329,-2045.4146738906404,7.368272463281755e-07,8.137467516793144,0.0434903283086088,12.0,3.0,0.0,0.0,0.0,0.0,1.0
360,0.4166666616666667,0.8333333233333334,-0.0009978781161280085,0.0,2.0859375,0.4921875,-0.4921875,1.8139044169802219,-2729.682049283374,7.368272463281755e-07,8.12585186958313,0.04375595413148403,12.0,3.0,0.0,0.0,0.0,0.0,1.0
361,0.4166666616666667,0.8333333233333334,-0.0021757864128397306,0.0,2.1015625,0.609375,-0.609375,1.8270614580251276,-1869.7799753805962,7.368272463281755e-07,8.119463483492533,0.04400174397354325,12.0,3.0,0.0,0.0,0.0,0.0,1.0
362,0.4166666616666667,0.8333333233333334,-0.0013572228533643594,0.0,2.0546875,0.5,-0.5,1.7832137920195237,-2287.4137061666625,7.368272463281755e-07,8.115982360310024,0.04415873950347304,12.0,3.0,0.0,0.0,0.0,0.0,1.0
363,0.4166666616666667,0.8333333233333334,-0.0025528363625024206,0.0,2.09375,0.5625,-0.5625,1.8437856249511242,-1976.3178499136397,7.368272463281755e-07,8.113795492384169,0.04431421666716536,12.0,3.0,0.0,0.0,0.0,0.0,1.0
364,0.4166666616666667,0.8333333233333334,-0.002293497217262078,0.0,2.125,0.7734375,-0.7734375,1.8589896250050515,-1553.0366165357477,7.368272463281755e-07,8.110072612762451,0.04447167299480902,12.0,3.0,0.0,0.0,0.0,0.0,1.0
365,0.4166666616666667,0.8333333233333334,-0.0022686998695187937,0.0,2.0859375,0.828125,-0.828125,1.8493285839795135,-1775.257699730691,7.368272463281755e-07,8.106393628650242,0.0446279923328095,12.0,3.0,0.0,0.0,0.0,0.0,1.0
366,0.4166666616666667,0.8333333233333334,-0.0023367836757990893,0.0,2.09375,0.53125,-0.53125,1.8490480000036769,-2037.6039435258551,7.368272463281755e-07,8.103947069909838,0.04474762899594174,12.0,3.0,0.0,0.0,0.0,0.0,1.0
367,0.4166666616666667,0.8333333233333334,-0.0032384877806059223,0.0,2.0625,0.3359375,-0.3359375,1.8120040830108337,-2558.747732191375,7.368272463281755e-07,8.101960526572334,0.044870214640266366,12.0,3.0,0.0,0.0,0.0,0.0,1.0
368,0.4166666616666667,0.8333333233333334,-0.0019097247911937171,0.0,2.078125,0.3828125,-0.3828125,1.8821969170239754,-2165.633575009224,7.368272463281755e-07,8.100540889634026,0.04501423389754362,12.0,3.0,0.0,0.0,0.0,0.0,1.0
369,0.4166666616666667,0.8333333233333334,-0.0022181018312604885,0.0,2.0546875,0.328125,-0.328125,1.8076649169670418,-2395.521014601559,7.368272463281755e-07,8.094193604257372,0.04512888451831208,12.0,3.0,0.0,0.0,0.0,0.0,1.0
370,0.4166666616666667,0.8333333233333334,-0.0017211424602001186,0.0,2.0859375,0.359375,-0.359375,1.8297490419936366,-2763.866063621607,7.368272463281755e-07,8.1166955365075,0.04513428681012657,12.0,3.0,0.0,0.0,0.0,0.0,1.0
371,0.4166666616666667,0.8333333233333334,-0.002282939144309478,0.0,2.0859375,0.3359375,-0.3359375,1.813119042024482,-2536.860781123129,7.368272463281755e-07,8.132637818654379,0.0451808822237783,12.0,3.0,0.0,0.0,0.0,0.0,1.0
372,0.4166666616666667,0.8333333233333334,-0.0010557178877811835,0.0,2.078125,0.296875,-0.296875,1.8913294580415823,-2235.5051809755482,7.368272463281755e-07,8.095949119991726,0.04558209510934022,12.0,3.0,0.0,0.0,0.0,0.0,1.0
373,0.4166666616666667,0.8333333233333334,-0.004087302261117384,0.0,2.09375,0.3671875,-0.3671875,1.805674207978882,-2035.7114811370623,7.368272463281755e-07,8.070628311898973,0.04591622379504972,12.0,3.0,0.0,0.0,0.0,0.0,1.0
374,0.4166666616666667,0.8333333233333334,-0.0037757219510339045,0.0,2.078125,0.28125,-0.28125,1.8085165419615805,-2346.2175536191553,7.368272463281755e-07,8.059686581293741,0.046059986783398524,12.0,3.0,0.0,0.0,0.0,0.0,1.0
375,0.4166666616666667,0.8333333233333334,-0.003101416941847412,0.0,2.0859375,0.390625,-0.390625,1.8087203750037588,-2727.4203135172525,7.368272463281755e-07,8.050824893845451,0.0461992792164286,12.0,3.0,0.0,0.0,0.0,0.0,1.0
376,0.4166666616666667,0.8333333233333334,-0.0015980166941436647,0.0,2.0703125,0.40625,-0.40625,1.8158097080304287,-2758.8034062511515,7.368272463281755e-07,8.048493994606865,0.04634788725525141,12.0,3.0,0.0,0.0,0.0,0.0,1.0
377,0.4166666616666667,0.8333333233333334,-0.004838771797729917,0.0,2.0625,0.5234375,-0.5234375,1.8262320419889875,-2702.1454304492836,7.368272463281755e-07,8.046530154016283,0.04649903402767248,12.0,3.0,0.0,0.0,0.0,0.0,1.0
378,0.4166666616666667,0.8333333233333334,-0.003373487452734849,0.0,2.0625,0.4765625,-0.4765625,1.9031035840162076,-2036.835605245648,7.368272463281755e-07,8.041453136338127,0.04662585227439801,12.0,3.0,0.0,0.0,0.0,0.0,1.0
379,0.4166666616666667,0.8333333233333334,-0.002316576932461038,0.0,2.1015625,0.46875,-0.46875,1.9090570829575881,-2745.9119405356482,7.368272463281755e-07,8.039857241842482,0.04676612466573715,12.0,3.0,0.0,0.0,0.0,0.0,1.0
380,0.4166666616666667,0.8333333233333334,-0.0015613895918483469,0.0,2.1328125,0.421875,-0.421875,1.872888958954718,-2039.1673037630298,7.368272463281755e-07,8.03380024433136,0.04688389009485642,12.0,3.0,0.0,0.0,0.0,0.0,1.0
381,0.4166666616666667,0.8333333233333334,-0.0007032300359878751,0.0,2.1171875,0.6484375,-0.6484375,1.9173959999461658,-2249.8507702535367,7.368272463281755e-07,8.030917154418098,0.04704660353147321,12.0,3.0,0.0,0.0,0.0,0.0,1.0
382,0.4166666616666667,0.8333333233333334,-0.0032124351493995388,0.0,2.078125,0.4609375,-0.4609375,2.032099707983434,-3264.9120861139513,7.368272463281755e-07,8.027617851893107,0.047183263322545424,12.0,3.0,0.0,0.0,0.0,0.0,1.0
383,0.4166666616666667,0.8333333233333334,-0.003570592936959561,0.0,2.0625,0.53125,-0.53125,1.9752157499897294,-2118.9954216408005,7.368272463281755e-07,8.02233107884725,0.0473221553903487,12.0,3.0,0.0,0.0,0.0,0.0,1.0
384,0.4166666616666667,0.8333333233333334,-0.002610582140490484,0.0,2.09375,0.4765625,-0.4765625,2.0595216249930672,-2583.6897657309005,7.368272463281755e-07,8.018443491723803,0.047457973886695176,12.0,3.0,0.0,0.0,0.0,0.0,1.0
385,0.4166666616666667,0.8333333233333334,-0.0019254910945504385,0.0,2.078125,0.3359375,-0.3359375,1.991456083022058,-2716.6398673380227,7.368272463281755e-07,8.011720657348633,0.04757333060519563,12.0,3.0,0.0,0.0,0.0,0.0,1.0
386,0.4166666616666667,0.8333333233333334,-0.004389394568399953,0.0,2.0859375,0.453125,-0.453125,2.155514709011186,-2735.210945272267,7.368272463281755e-07,8.016871677504646,0.04753148555755615,12.0,3.0,0.0,0.0,0.0,0.0,1.0
387,0.4166666616666667,0.8333333233333334,-0.002652307886167764,0.0,2.0625,0.34375,-0.34375,1.9120430420152843,-2797.070120724765,7.368272463281755e-07,8.01971983909607,0.04756997743000587,12.0,3.0,0.0,0.0,0.0,0.0,1.0
388,0.4166666616666667,0.8333333233333334,-0.0017056251154656207,0.0,2.0625,0.234375,-0.234375,1.8179025829886086,-2638.5516609134097,7.368272463281755e-07,8.049809773763021,0.04744782578200102,12.0,3.0,0.0,0.0,0.0,0.0,1.0
389,0.4166666616666667,0.8333333233333334,-0.0037350021935129434,0.0,2.0625,0.375,-0.375,1.8213569999788888,-3251.3969560680966,7.368272463281755e-07,8.08410750495063,0.0474827377539542,12.0,3.0,0.0,0.0,0.0,0.0,1.0
390,0.4166666616666667,0.8333333233333334,-0.002363583161975827,0.0,2.0859375,0.2421875,-0.2421875,1.8671474999864586,-3661.5033580194254,7.368272463281755e-07,8.103356785244411,0.047626793591512576,12.0,3.0,0.0,0.0,0.0,0.0,1.0
391,0.4166666616666667,0.8333333233333334,-0.004059298353752597,0.0,2.0859375,0.4921875,-0.4921875,1.8288188750157133,-3390.790528972497,7.368272463281755e-07,8.117085244920519,0.04777292917586035,12.0,3.0,0.0,0.0,0.0,0.0,1.0
392,0.4166666616666667,0.8333333233333334,-0.002134496846626405,0.0,2.1015625,0.4375,-0.4375,1.8680221249815077,-3938.6768181102425,7.368272463281755e-07,8.125201013353136,0.04790665188597308,12.0,3.0,0.0,0.0,0.0,0.0,1.0
393,0.4166666616666667,0.8333333233333334,-0.0010457073863336895,0.0,2.1015625,0.2578125,-0.2578125,1.9221901249838993,-3633.8062128967513,7.368272463281755e-07,8.131111092037624,0.04801590885553095,12.0,3.0,0.0,0.0,0.0,0.0,1.0
394,0.4166666616666667,0.8333333233333334,-0.001556088315748982,0.0,2.0546875,0.3671875,-0.3671875,1.814772957994137,-3848.082737708726,7.368272463281755e-07,8.132869058185154,0.04813844193187025,12.0,3.0,0.0,0.0,0.0,0.0,1.0
395,0.4166666616666667,0.8333333233333334,-0.0040093354700672535,0.0,2.0625,0.1328125,-0.1328125,1.8111804579966702,-3565.223118724245,7.368272463281755e-07,8.134105973773533,0.04823944800429874,12.0,3.0,0.0,0.0,0.0,0.0,1.0
396,0.4166666616666667,0.8333333233333334,-0.0047559781216179025,0.0,2.0625,0.3828125,-0.3828125,1.8541333329631016,-4271.48812045473,7.368272463281755e-07,8.085848808288574,0.04862320837047365,12.0,3.0,0.0,0.0,0.0,0.0,1.0
397,0.4166666616666667,0.8333333233333334,-0.005729615813971343,0.0,2.1328125,0.765625,-0.765625,1.8585266249720007,-3571.1404346004947,7.368272463281755e-07,8.059552934434679,0.04885893066724142,12.0,3.0,0.0,0.0,0.0,0.0,1.0
398,0.4166666616666667,0.8333333233333334,-0.0023885781555071537,0.0,2.09375,0.4140625,-0.4140625,1.840366874996107,-2773.3192790301878,7.368272463281755e-07,8.040351072947184,0.04896313541879257,12.0,3.0,0.0,0.0,0.0,0.0,1.0
399,0.4166666616666667,0.8333333233333334,-0.005774882153285688,0.0,2.09375,0.5625,-0.5625,1.85589412500849,-3807.1063145594812,7.368272463281755e-07,8.03035052617391,0.049092629096574254,12.0,3.0,0.0,0.0,0.0,0.0,1.0
400,0.4166666616666667,0.8333333233333334,-0.00433389943473294,0.0,2.0703125,0.515625,-0.515625,1.9396387920132838,-2869.7679311788306,7.368272463281755e-07,7.990552504857381,0.049477321509685784,12.0,3.0,0.0,0.0,0.0,0.0,1.0
401,0.4166666616666667,0.8333333233333334,-0.0024008359124172316,0.0,2.0546875,0.3515625,-0.3515625,1.8163932919851504,-2161.05115451015,7.368272463281755e-07,7.961393700705634,0.049673557488454714,12.0,3.0,0.0,0.0,0.0,0.0,1.0
402,0.4166666616666667,0.8333333233333334,-0.002697308593980783,0.0,2.0625,0.453125,-0.453125,1.805849833006505,-3501.097352576978,7.368272463281755e-07,7.9479600588480634,0.049787983401781984,12.0,3.0,0.0,0.0,0.0,0.0,1.0
403,0.4166666616666667,0.8333333233333334,-0.0034843007102529212,0.0,2.078125,0.328125,-0.328125,1.854736250010319,-3680.2446383426063,7.368272463281755e-07,7.943049086464776,0.0498998352429933,12.0,3.0,0.0,0.0,0.0,0.0,1.0
404,0.4166666616666667,0.8333333233333334,-0.0012710551917404353,0.0,2.0625,0.1171875,-0.1171875,1.77979029197013,-2426.7864364566226,7.368272463281755e-07,7.935756153530544,0.04997510307778915,12.0,3.0,0.0,0.0,0.0,0.0,1.0
405,0.4166666616666667,0.8333333233333334,-0.004710671504977905,0.0,2.078125,0.203125,-0.203125,1.818258584011346,-3851.961511741007,7.368272463281755e-07,7.92906912167867,0.05007710380272733,12.0,3.0,0.0,0.0,0.0,0.0,1.0
406,0.4166666616666667,0.8333333233333334,-0.0030240021927802584,0.0,2.078125,0.4765625,-0.4765625,1.8532347499858588,-3196.3822945903116,7.368272463281755e-07,7.924870544009739,0.05022849194291565,12.0,3.0,0.0,0.0,0.0,0.0,1.0
407,0.4166666616666667,0.8333333233333334,-0.0036100750467281555,0.0,2.0625,0.25,-0.25,1.7935230410075746,-4059.3853984312577,7.368272463281755e-07,7.919086986117893,0.05033388319942686,12.0,3.0,0.0,0.0,0.0,0.0,1.0
408,0.4166666616666667,0.8333333233333334,-0.006001273449474134,0.0,2.0625,0.4296875,-0.4296875,1.7904642909998074,-3099.099414218556,7.368272463281755e-07,7.913317018085056,0.05045392307349377,12.0,3.0,0.0,0.0,0.0,0.0,1.0
409,0.4166666616666667,0.8333333233333334,-0.004487372165463088,0.0,2.0859375,0.2890625,-0.2890625,1.821351416001562,-3351.7123058190505,7.368272463281755e-07,7.902554896142748,0.05053028040048149,12.0,3.0,0.0,0.0,0.0,0.0,1.0
410,0.4166666616666667,0.8333333233333334,-0.0035198535954218345,0.0,2.0625,0.1953125,-0.1953125,1.8416122079943307,-3052.0549428535232,7.368272463281755e-07,7.893540422121684,0.050599595066159964,12.0,3.0,0.0,0.0,0.0,0.0,1.0
411,0.4166666616666667,0.8333333233333334,-0.002166816589866626,0.0,2.09375,0.546875,-0.546875,1.9278695420362055,-2971.2403442610557,7.368272463281755e-07,7.884056475427416,0.05070724395207233,12.0,3.0,0.0,0.0,0.0,0.0,1.0
412,0.4166666616666667,0.8333333233333334,-0.004552710507042934,0.0,2.046875,0.2265625,-0.2265625,1.7942177499644458,-4583.146909349747,7.368272463281755e-07,7.878211657206218,0.050786692131724626,12.0,3.0,0.0,0.0,0.0,0.0,1.0
413,0.4166666616666667,0.8333333233333334,-0.004181370632652726,0.0,2.0703125,0.21875,-0.21875,1.8852194580249488,-3907.7776642421504,7.368272463281755e-07,7.871611621644762,0.05087399671578573,12.0,3.0,0.0,0.0,0.0,0.0,1.0
414,0.4166666616666667,0.8333333233333334,-0.0041052656711776285,0.0,2.0703125,0.2890625,-0.2890625,1.865529541973956,-4589.245641888313,7.368272463281755e-07,7.876704772313436,0.05070251474777857,12.0,3.0,0.0,0.0,0.0,0.0,1.0
415,0.4166666616666667,0.8333333233333334,-0.0059719060588487895,0.0,2.109375,0.453125,-0.453125,1.8321680829976685,-4254.192003122966,7.368272463281755e-07,7.887007448408339,0.05061105377454725,12.0,3.0,0.0,0.0,0.0,0.0,1.0
416,0.4166666616666667,0.8333333233333334,-0.004063024529342407,0.0,2.09375,0.3125,-0.3125,1.8391734579927288,-5064.2989484587715,7.368272463281755e-07,7.900547809071011,0.0507317458331171,12.0,3.0,0.0,0.0,0.0,0.0,1.0
417,0.3617712367063115,0.723542473412623,-0.0037090758793217353,0.0,2.0625,0.2734375,-0.2734375,1.8188549160258844,-4134.261602632927,7.368272463281755e-07,7.909623351362017,0.05082436868300041,12.0,3.0,0.0,0.0,0.0,0.0,1.0
418,0.34853507445095827,0.6970701489019165,-0.006692431476126731,0.0,2.09375,0.265625,-0.265625,1.8716141670010984,-4736.235058257829,7.368272463281755e-07,7.918137980831994,0.05091335413615323,12.0,3.0,0.0,0.0,0.0,0.0,1.0
419,0.3450831111198617,0.6901662222397233,-0.0030281170003749803,0.0,2.171875,0.375,-0.375,1.900726332969498,-5106.852104214456,7.368272463281755e-07,7.926051225927141,0.05098619300406426,12.0,3.0,0.0,0.0,0.0,0.0,1.0
420,0.33593730531219756,0.6718746106243951,-0.0030120632837836764,0.0,2.15625,0.53125,-0.53125,1.8780301659717225,-4942.4698311902475,7.368272463281755e-07,7.933474646674262,0.0510681178744158,12.0,3.0,0.0,0.0,0.0,0.0,1.0
421,0.3333333291666667,0.6666666583333334,-0.003535002541332071,0.0,2.171875,0.40625,-0.40625,1.8842967079835944,-4547.482192389399,7.368272463281755e-07,7.943092975351545,0.05117830976895574,12.0,3.0,0.0,0.0,0.0,0.0,1.0
422,0.3333333291666667,0.6666666583333334,-0.0032408064713123686,0.0,2.1484375,0.28125,-0.28125,1.8996446669916622,-5428.7663183038885,7.368272463281755e-07,7.954618526829614,0.05129993895146375,12.0,3.0,0.0,0.0,0.0,0.0,1.0
423,0.3333333291666667,0.6666666583333334,-0.004542848004308164,0.0,2.171875,0.3359375,-0.3359375,1.9369547920068726,-5234.134051892397,7.368272463281755e-07,7.964537481466929,0.05147027594891066,12.0,3.0,0.0,0.0,0.0,0.0,1.0
424,0.3333333291666667,0.6666666583333334,-0.004389003859372123,0.0,2.140625,0.484375,-0.484375,1.8521200830000453,-4226.3720673888265,7.368272463281755e-07,7.9764540327919855,0.051646093462800816,12.0,3.0,0.0,0.0,0.0,0.0,1.0
425,0.3333333291666667,0.6666666583333334,-0.0029081188957092888,0.0,2.140625,0.4921875,-0.4921875,1.8791836250456981,-5226.423056386683,7.368272463281755e-07,7.987929946846432,0.0518322551700597,12.0,3.0,0.0,0.0,0.0,0.0,1.0
426,0.3333333291666667,0.6666666583333334,-0.006640278311000384,0.0,2.1640625,0.609375,-0.609375,1.9888217500410974,-5082.095525693377,7.368272463281755e-07,7.99884268310335,0.05202738829474482,12.0,3.0,0.0,0.0,0.0,0.0,1.0
427,0.3333333291666667,0.6666666583333334,-0.0038903907048233187,0.0,2.171875,0.5546875,-0.5546875,1.906291917024646,-6343.360382052634,7.368272463281755e-07,8.00991020600001,0.05223123299785786,12.0,3.0,0.0,0.0,0.0,0.0,1.0
428,0.3333333291666667,0.6666666583333334,-0.004769648427741428,0.0,2.1640625,0.6171875,-0.6171875,1.8895610829931684,-4988.810559296866,7.368272463281755e-07,7.959896955225203,0.05292756426044636,12.0,3.0,0.0,0.0,0.0,0.0,1.0
429,0.3333333291666667,0.6666666583333334,-0.004296586278066681,0.0,2.1953125,0.234375,-0.234375,1.912185333960224,-6339.148629538105,7.368272463281755e-07,7.950745052761501,0.05325309590746959,12.0,3.0,0.0,0.0,0.0,0.0,1.0
430,0.3333333291666667,0.6666666583333334,-0.005903816530230024,0.0,2.1875,0.5078125,-0.5078125,1.8781576249748468,-4411.41671534947,7.368272463281755e-07,7.950312091244592,0.05347620519912905,12.0,3.0,0.0,0.0,0.0,0.0,1.0
431,0.37499999541666673,0.7499999908333335,-0.005712982791236519,0.0,2.1953125,0.140625,-0.140625,1.9329379999544472,-5641.12223536264,7.368272463281755e-07,7.957802904976739,0.053667757039268814,12.0,3.0,0.0,0.0,0.0,0.0,1.0
432,0.37499999541666673,0.7499999908333335,-0.0038076957844042822,0.0,2.1328125,0.546875,-0.546875,1.8691240000189282,-5206.5684000092115,7.368272463281755e-07,7.955349379115635,0.05378653647171126,12.0,3.0,0.0,0.0,0.0,0.0,1.0
433,0.37499999541666673,0.7499999908333335,-0.0036511222598797806,0.0,2.09375,0.1484375,-0.1484375,1.8500536670326255,-5203.134545938293,7.368272463281755e-07,7.954828917980194,0.053845881225748196,12.0,3.0,0.0,0.0,0.0,0.0,1.0
434,0.37499999541666673,0.7499999908333335,-0.005864224617396597,0.0,2.1171875,0.3984375,-0.3984375,1.8319367080111988,-5048.485004044986,7.368272463281755e-07,7.958695179886288,0.05393522108594576,12.0,3.0,0.0,0.0,0.0,0.0,1.0
435,0.37499999541666673,0.7499999908333335,-0.0034961725537456466,0.0,2.1015625,0.4453125,-0.4453125,1.8578109579975717,-3944.215539329557,7.368272463281755e-07,7.963332361645168,0.0540582740213722,12.0,3.0,0.0,0.0,0.0,0.0,1.0
436,0.37499999541666673,0.7499999908333335,-0.003998807864138697,0.0,2.1015625,0.546875,-0.546875,1.8164671250269748,-5752.569730397051,7.368272463281755e-07,7.969190094206068,0.054173888017733894,12.0,3.0,0.0,0.0,0.0,0.0,1.0
437,0.4166666616666667,0.8333333233333334,-0.004687494028094061,0.0,2.1328125,0.2421875,-0.2421875,1.9463111669756472,-6398.319105434767,7.368272463281755e-07,7.972431229220496,0.05423576821987,12.0,3.0,0.0,0.0,0.0,0.0,1.0
438,0.4166666616666667,0.8333333233333334,-0.003018019692675653,0.0,2.1015625,0.7890625,-0.7890625,1.8594869169755839,-4375.4880014299015,7.368272463281755e-07,7.974427190091875,0.0543707400534509,12.0,3.0,0.0,0.0,0.0,0.0,1.0
439,0.4166666616666667,0.8333333233333334,-0.004097272833693878,0.0,2.109375,0.4921875,-0.4921875,1.8085216250037774,-4658.841037382903,7.368272463281755e-07,7.979165315628052,0.054443213322277494,12.0,3.0,0.0,0.0,0.0,0.0,1.0
440,0.4166666616666667,0.8333333233333334,-0.004788037107047198,0.0,2.1015625,0.296875,-0.296875,1.8117809160030447,-4418.0629657050495,7.368272463281755e-07,7.995471580160989,0.05443071799042324,12.0,3.0,0.0,0.0,0.0,0.0,1.0
441,0.4166666616666667,0.8333333233333334,-0.00804018437225872,0.0,2.1015625,0.4296875,-0.4296875,1.8619674159563147,-5394.112098154968,7.368272463281755e-07,8.037938091490004,0.05396126885898411,12.0,3.0,0.0,0.0,0.0,0.0,1.0
442,0.4166666616666667,0.8333333233333334,-0.004982987873798284,0.0,2.0625,0.4140625,-0.4140625,1.8095738330157474,-5088.259975173257,7.368272463281755e-07,8.09862463341819,0.05378077981165714,12.0,3.0,0.0,0.0,0.0,0.0,1.0
443,0.4166666616666667,0.8333333233333334,-0.0026185121450834773,0.0,2.0625,0.421875,-0.421875,1.7819571659783833,-6051.970462625677,7.368272463281755e-07,8.154083185725742,0.053764528387950525,12.0,3.0,0.0,0.0,0.0,0.0,1.0
444,0.4166666616666667,0.8333333233333334,-0.0038258952413997367,0.0,2.1015625,0.5625,-0.5625,1.8287060000002384,-4040.8261676206907,7.368272463281755e-07,8.20479686392678,0.053795171798103385,12.0,3.0,0.0,0.0,0.0,0.0,1.0
445,0.4166666616666667,0.8333333233333334,-0.005429005917172083,0.0,2.1171875,0.25,-0.25,1.8535389159806073,-5853.529846472934,7.368272463281755e-07,8.248806436856588,0.05382066494267848,12.0,3.0,0.0,0.0,0.0,0.0,1.0
446,0.4166666616666667,0.8333333233333334,-0.005872754099093923,0.0,2.0546875,0.0546875,-0.0546875,1.769647667009849,-4827.0269069309015,7.368272463281755e-07,8.298815104696486,0.05383938054243723,12.0,3.0,0.0,0.0,0.0,0.0,1.0
447,0.4166666616666667,0.8333333233333334,-0.0059493212803979865,0.0,2.078125,0.5859375,-0.5859375,1.7876563749741763,-4769.619214681755,7.368272463281755e-07,8.338059292899239,0.05394231290039089,12.0,3.0,0.0,0.0,0.0,0.0,1.0
448,0.4166666616666667,0.8333333233333334,-0.006249842876018345,0.0,2.125,0.6953125,-0.6953125,1.86850450001657,-6577.84067585889,7.368272463281755e-07,8.365807082917955,0.05404837388131353,12.0,3.0,0.0,0.0,0.0,0.0,1.0
449,0.4166666616666667,0.8333333233333334,-0.004332654725844872,0.0,2.0546875,0.53125,-0.53125,1.8553319170023315,-6101.842292176453,7.368272463281755e-07,8.402122073703342,0.05410522481219636,12.0,3.0,0.0,0.0,0.0,0.0,1.0
450,0.4166666616666667,0.8333333233333334,-0.005249899350063709,0.0,2.0703125,0.15625,-0.15625,1.8564100420335308,-5626.697850007831,7.368272463281755e-07,8.43824545542399,0.054151924740937024,12.0,3.0,0.0,0.0,0.0,0.0,1.0
451,0.37499999541666673,0.7499999908333335,-0.0074326263439244145,0.0,2.125,0.6953125,-0.6953125,1.938607000047341,-6102.560931542341,7.368272463281755e-07,8.466797749201456,0.05427365729378329,12.0,3.0,0.0,0.0,0.0,0.0,1.0
452,0.37499999541666673,0.7499999908333335,-0.0060147271316837924,0.0,2.1171875,0.3515625,-0.3515625,1.8638341249898076,-6774.536149253704,7.368272463281755e-07,8.469331714842054,0.05462801922112703,12.0,3.0,0.0,0.0,0.0,0.0,1.0
453,0.37499999541666673,0.7499999908333335,-0.002952137146973699,0.0,2.1015625,0.1640625,-0.1640625,1.843704292026814,-7548.431228183902,7.368272463281755e-07,8.47445019086202,0.05492746022840341,12.0,3.0,0.0,0.0,0.0,0.0,1.0
454,0.37499999541666673,0.7499999908333335,-0.004145608576257417,0.0,2.1484375,0.4296875,-0.4296875,1.966957916971296,-6867.945120738636,7.368272463281755e-07,8.456554810206095,0.055415046194361314,12.0,3.0,0.0,0.0,0.0,0.0,1.0
455,0.37499999541666673,0.7499999908333335,-0.005604659810170337,0.0,2.1171875,0.5390625,-0.5390625,1.8372800000361167,-7416.191331025859,7.368272463281755e-07,8.36026014222039,0.05644189126582609,12.0,3.0,0.0,0.0,0.0,0.0,1.0
456,0.37499999541666673,0.7499999908333335,-0.0030783495366908946,0.0,2.125,0.5625,-0.5625,1.8572137920418754,-5603.390048475827,7.368272463281755e-07,8.315153572294447,0.057060447340417236,12.0,3.0,0.0,0.0,0.0,0.0,1.0
457,0.37499999541666673,0.7499999908333335,-0.010715845135104833,0.0,2.09375,0.4375,-0.4375,1.8109044999582693,-5802.195819570057,7.368272463281755e-07,8.282663544019064,0.05749450731349902,12.0,3.0,0.0,0.0,0.0,0.0,1.0
458,0.37499999541666673,0.7499999908333335,-0.0068674160152322585,0.0,2.140625,0.4375,-0.4375,1.8387077080551535,-5695.645830029119,7.368272463281755e-07,8.269648604922825,0.05772092502512452,12.0,3.0,0.0,0.0,0.0,0.0,1.0
459,0.37499999541666673,0.7499999908333335,-0.005092727684542266,0.0,2.0703125,0.234375,-0.234375,1.7814350000116974,-6837.115235181124,7.368272463281755e-07,8.25576561027103,0.05795905382061998,12.0,3.0,0.0,0.0,0.0,0.0,1.0
460,0.37499999541666673,0.7499999908333335,-0.005765281234980241,0.0,2.140625,0.75,-0.75,1.9684377500088885,-7940.993322998938,7.368272463281755e-07,8.242597738901773,0.05822358585687147,12.0,3.0,0.0,0.0,0.0,0.0,1.0
461,0.37499999541666673,0.7499999908333335,-0.003503580732518732,0.0,2.15625,0.265625,-0.265625,1.8739579999819398,-5380.322227533313,7.368272463281755e-07,8.22167577346166,0.058405062856359616,12.0,3.0,0.0,0.0,0.0,0.0,1.0
462,0.37499999541666673,0.7499999908333335,-0.005483361706620592,0.0,2.1640625,0.5078125,-0.5078125,1.8709357499610633,-8443.140173516118,7.368272463281755e-07,8.210033337275187,0.05858861585147679,12.0,3.0,0.0,0.0,0.0,0.0,1.0
463,0.37499999541666673,0.7499999908333335,-0.005108267991418965,0.0,2.1015625,0.3515625,-0.3515625,1.837363208993338,-7493.281243476726,7.368272463281755e-07,8.20273444056511,0.05877015015317334,12.0,3.0,0.0,0.0,0.0,0.0,1.0
464,0.37499999541666673,0.7499999908333335,-0.005118905399673924,0.0,2.1640625,0.484375,-0.484375,1.8874119580141269,-6386.190321774259,7.368272463281755e-07,8.19908438126246,0.05894065606925222,12.0,3.0,0.0,0.0,0.0,0.0,1.0
465,0.37499999541666673,0.7499999908333335,-0.0066957311104744845,0.0,2.171875,0.34375,-0.34375,1.923681874992326,-7577.35609633631,7.368272463281755e-07,8.195774424407217,0.059102723012781806,12.0,3.0,0.0,0.0,0.0,0.0,1.0
466,0.37499999541666673,0.7499999908333335,-0.005420530592219402,0.0,2.140625,0.5078125,-0.5078125,1.8619457079912536,-8227.500827705773,7.368272463281755e-07,8.201594917310608,0.05927655245694849,12.0,3.0,0.0,0.0,0.0,0.0,1.0
467,0.37499999541666673,0.7499999908333335,-0.007298426778108432,0.0,2.15625,0.6953125,-0.6953125,1.8804253750131465,-5180.744539951933,7.368272463281755e-07,8.247342546780905,0.05868885681654016,12.0,3.0,0.0,0.0,0.0,0.0,1.0
468,0.37499999541666673,0.7499999908333335,-0.0059306821489753326,0.0,2.140625,0.40625,-0.40625,1.897275124967564,-7327.051029121789,7.368272463281755e-07,8.300746162732443,0.05862703138134546,12.0,3.0,0.0,0.0,0.0,0.0,1.0
469,0.37499999541666673,0.7499999908333335,-0.009354835538224091,0.0,2.0859375,0.515625,-0.515625,1.8227621669648215,-6509.734680404377,7.368272463281755e-07,8.355948706467947,0.05877086866853966,12.0,3.0,0.0,0.0,0.0,0.0,1.0
470,0.37499999541666673,0.7499999908333335,-0.00521495835068898,0.0,2.171875,0.40625,-0.40625,1.8708932919544168,-8667.74647077382,7.368272463281755e-07,8.396760510073769,0.0589195147363676,12.0,3.0,0.0,0.0,0.0,0.0,1.0
471,0.37499999541666673,0.7499999908333335,-0.0016442267421313322,0.0,2.09375,0.3046875,-0.3046875,1.8236501659848727,-6615.588520676342,7.368272463281755e-07,8.436691681543985,0.0590656865388155,12.0,3.0,0.0,0.0,0.0,0.0,1.0
472,0.37499999541666673,0.7499999908333335,-0.009416925779939045,0.0,2.109375,0.3359375,-0.3359375,1.8479819999774918,-8666.737520966706,7.368272463281755e-07,8.466147204240164,0.059230963389078774,12.0,3.0,0.0,0.0,0.0,0.0,1.0
473,0.37499999541666673,0.7499999908333335,-0.008404544919388723,0.0,2.15625,0.25,-0.25,1.8655233340105042,-9162.182221564693,7.368272463281755e-07,8.493346962663862,0.059375034696939916,12.0,3.0,0.0,0.0,0.0,0.0,1.0
474,0.37499999541666673,0.7499999908333335,-0.006783794329464091,0.0,2.1484375,0.1953125,-0.1953125,1.9820927500259131,-8427.162136618874,7.368272463281755e-07,8.514775077501932,0.059505287350879774,12.0,3.0,0.0,0.0,0.0,0.0,1.0
475,0.37499999541666673,0.7499999908333335,-0.007691299574453486,0.0,2.1796875,0.5546875,-0.5546875,1.9369959580362774,-9824.39226485495,7.368272463281755e-07,8.538488699330223,0.05967408056474394,12.0,3.0,0.0,0.0,0.0,0.0,1.0
476,0.37499999541666673,0.7499999908333335,-0.008230327737569825,0.0,2.125,0.46875,-0.46875,1.8312843330204487,-7731.474925602183,7.368272463281755e-07,8.559714562363094,0.059838007773376174,12.0,3.0,0.0,0.0,0.0,0.0,1.0
477,0.37499999541666673,0.7499999908333335,-0.005108765643152844,0.0,2.109375,0.5703125,-0.5703125,1.848141249967739,-10727.855699044687,7.368272463281755e-07,8.578123642338646,0.05998241089077459,12.0,3.0,0.0,0.0,0.0,0.0,1.0
478,0.37499999541666673,0.7499999908333335,-0.008489306334875199,0.0,2.1015625,0.3984375,-0.3984375,1.8404651250457391,-9905.664975418034,7.368272463281755e-07,8.593935290972391,0.06009884732257989,12.0,3.0,0.0,0.0,0.0,0.0,1.0
479,0.37499999541666673,0.7499999908333335,-0.008348480191391755,0.0,2.1484375,0.3046875,-0.3046875,1.8939779169741087,-11318.21251287287,7.368272463281755e-07,8.612151119444105,0.06022246978763077,12.0,3.0,0.0,0.0,0.0,0.0,1.0
480,0.37499999541666673,0.7499999908333335,-0.005428501612884134,0.0,2.1328125,0.4375,-0.4375,1.8863447500043549,-8782.072636419163,7.368272463281755e-07,8.629560788472494,0.06035042911147078,12.0,3.0,0.0,0.0,0.0,0.0,1.0
481,0.37499999541666673,0.7499999908333335,-0.00554261550020144,0.0,2.1015625,0.2265625,-0.2265625,1.8289897500071675,-8279.755849561727,7.368272463281755e-07,8.520548635058933,0.06142786709177825,12.0,3.0,0.0,0.0,0.0,0.0,1.0
482,0.37499999541666673,0.7499999908333335,-0.004420465853542534,0.0,2.1171875,0.5234375,-0.5234375,1.829782874963712,-7988.407581568644,7.368272463281755e-07,8.491428679890102,0.061783129452831216,12.0,3.0,0.0,0.0,0.0,0.0,1.0
483,0.37499999541666673,0.7499999908333335,-0.0018348013013064163,0.0,2.1171875,0.3515625,-0.3515625,1.8774752499884926,-7707.812316444088,7.368272463281755e-07,8.487701574961344,0.06190463052027755,12.0,3.0,0.0,0.0,0.0,0.0,1.0
484,0.37499999541666673,0.7499999908333335,-0.005915219176184184,0.0,2.125,0.3125,-0.3125,1.9346812500152737,-9050.889042966506,7.368272463281755e-07,8.493136790063646,0.06201336750139793,12.0,3.0,0.0,0.0,0.0,0.0,1.0
485,0.37499999541666673,0.7499999908333335,-0.010015563493608041,0.0,2.078125,0.5234375,-0.5234375,1.8024450830416754,-5776.828607602227,7.368272463281755e-07,8.502249969376457,0.06215498156638609,12.0,3.0,0.0,0.0,0.0,0.0,1.0
486,0.37499999541666673,0.7499999908333335,-0.009295007549948007,0.0,2.15625,0.1328125,-0.1328125,1.9394703339785337,-11337.002320994501,7.368272463281755e-07,8.515655875205994,0.062259172917240195,12.0,3.0,0.0,0.0,0.0,0.0,1.0
487,0.37499999541666673,0.7499999908333335,-0.005819014500754775,0.0,2.15625,0.6015625,-0.6015625,1.9087457499699667,-7136.086825108183,7.368272463281755e-07,8.529192566871643,0.06240801104447908,12.0,3.0,0.0,0.0,0.0,0.0,1.0
488,0.37499999541666673,0.7499999908333335,-0.006280920598548167,0.0,2.1171875,0.421875,-0.421875,1.8233076669857837,-9965.10927990002,7.368272463281755e-07,8.542242699199253,0.06252730073821214,12.0,3.0,0.0,0.0,0.0,0.0,1.0
489,0.37499999541666673,0.7499999908333335,-0.006178373569332791,0.0,2.078125,0.1640625,-0.1640625,1.863340874959249,-7276.825936166863,7.368272463281755e-07,8.556458552678427,0.06263408297672868,12.0,3.0,0.0,0.0,0.0,0.0,1.0
490,0.37499999541666673,0.7499999908333335,-0.0054173018809609425,0.0,2.1328125,0.3125,-0.3125,1.8641169999609701,-11330.463496952267,7.368272463281755e-07,8.571399648984274,0.06276846977157725,12.0,3.0,0.0,0.0,0.0,0.0,1.0
491,0.37499999541666673,0.7499999908333335,-0.009464853993955186,0.0,2.0859375,0.421875,-0.421875,1.817279957991559,-8442.665633126591,7.368272463281755e-07,8.58481272061666,0.06289333431050181,12.0,3.0,0.0,0.0,0.0,0.0,1.0
492,0.37499999541666673,0.7499999908333335,-0.004684110454415938,0.0,2.1328125,0.390625,-0.390625,1.8926713340333663,-9943.288029150212,7.368272463281755e-07,8.598389916949802,0.06299455262099703,12.0,3.0,0.0,0.0,0.0,0.0,1.0
493,0.37499999541666673,0.7499999908333335,-0.010909585987635967,0.0,2.1640625,0.328125,-0.328125,1.8670791250187904,-10270.144783708593,7.368272463281755e-07,8.64720884958903,0.062222563558154635,12.0,3.0,0.0,0.0,0.0,0.0,1.0
494,0.37499999541666673,0.7499999908333335,-0.00837596811921253,0.0,2.140625,0.3359375,-0.3359375,1.8749372919555753,-10355.200511180572,7.368272463281755e-07,8.713267750210232,0.06188411943407522,12.0,3.0,0.0,0.0,0.0,0.0,1.0
495,0.37499999541666673,0.7499999908333335,-0.010318452859724088,0.0,2.15625,-0.0859375,0.0859375,1.9105894999811426,-10529.361020461372,7.368272463281755e-07,8.76403702629937,0.061986905263943806,12.0,3.0,0.0,0.0,0.0,0.0,1.0
496,0.37499999541666673,0.7499999908333335,-0.008678200680762884,0.0,2.109375,0.484375,-0.484375,1.8874564580037259,-7857.396788307473,7.368272463281755e-07,8.817597415712145,0.06214930158522394,12.0,3.0,0.0,0.0,0.0,0.0,1.0
497,0.37499999541666673,0.7499999908333335,-0.004488328941460854,0.0,2.125,0.4609375,-0.4609375,1.9098522090353072,-9824.62213600383,7.368272463281755e-07,8.844768749343025,0.06227746160907878,12.0,3.0,0.0,0.0,0.0,0.0,1.0
498,0.37499999541666673,0.7499999908333335,-0.008280442711236636,0.0,2.125,0.546875,-0.546875,1.92831012501847,-13051.723929797901,7.368272463281755e-07,8.855888300471836,0.062408209002266325,12.0,3.0,0.0,0.0,0.0,0.0,1.0
499,0.37499999541666673,0.7499999908333335,-0.009705664694106435,0.0,2.078125,0.109375,-0.109375,1.8744243750115857,-10088.27902818264,7.368272463281755e-07,8.868493027157253,0.06251704542794162,12.0,3.0,0.0,0.0,0.0,0.0,1.0
500,0.37499999541666673,0.7499999908333335,-0.011336555992403177,0.0,2.1328125,0.4375,-0.4375,1.8866119159501977,-11586.406884665017,7.368272463281755e-07,8.878633856773376,0.0626568737336331,12.0,3.0,0.0,0.0,0.0,0.0,1.0
