iteration,exploitability,nash_conv,actor_loss,average_lambda,mean_episode_length,mean_return_player0,mean_return_player1,wall_time_sec,scheduler_loss,gate_entropy,gate_regret_norm,gate_avg_utility,handoff_frozen_clusters,handoff_missing_clusters,gate_prob_actor,gate_prob_regret,gate_prob_ra,gate_prob_explore,gate_prob_cfr
1,0.4583333275,0.916666655,0.0,0.20383007051391405,2.2890625,0.09375,-0.09375,1.9842264579492621,9.863527329581386e-05,1.6084605756473216,0.0,0.0,0.0,0.0,0.18735265563982745,0.20383007051391405,0.21024730013295653,0.19649739380379178,0.20207258291008529
2,0.35790259815293335,0.7158051963058667,-2.030703731987645e-05,0.20219176803549674,2.28125,0.0546875,-0.0546875,1.9801710830070078,4.609666151961005e-05,1.6089798101823625,1.0870218648188646e-09,9.002977849316162e-12,0.0,0.0,0.19268243831314452,0.20219176803549674,0.2066368314705483,0.1977543080710385,0.2007346731955058
3,0.3594457788725861,0.7188915577451722,-4.4513566839704026e-05,0.20075048321915656,2.2734375,0.09375,-0.09375,1.9644528339849785,-0.08474882555885065,1.6092422602512582,0.013421988116272784,-2.3093545977366978e-07,1.0,0.0,0.1967703900283964,0.20075048321915656,0.20306670143432223,0.19899358746317244,0.20041885925936945
4,0.3924859603794132,0.7849719207588264,-0.00011658813377835122,0.1850095844079911,2.21875,-0.1015625,0.1015625,1.8846407079836354,-0.09509402883409614,1.4561950500942382,0.026151019827617954,8.324836163013197e-07,1.0,0.0,0.17712860627913138,0.1850095844079911,0.18182007349292997,0.17980248885045588,0.27623925373797686
5,0.36994373589148505,0.7398874717829701,-3.29085909504325e-05,0.1934686091222565,2.2578125,0.4140625,-0.4140625,1.9354697079979815,-0.2771548698414568,1.492104307095507,0.041517325991056474,-1.4561218569501358e-05,1.0,0.0,0.18025046427150912,0.1934686091222565,0.18490827707477095,0.18384855609245365,0.25752409699672646
6,0.33879555549051243,0.6775911109810249,-3.8500307871306994e-05,0.19652667811791377,2.2578125,-0.078125,0.078125,2.0188041669898666,-0.32027577440069394,1.480613044868276,0.06093026498092513,-4.546458330108768e-05,1.0,0.0,0.17761819111022156,0.19652667811791377,0.18170319837888632,0.1818169802942903,0.26233495493454917
7,0.3624183451791462,0.7248366903582923,-0.00014076591046866883,0.19758849342664084,2.1796875,-0.140625,0.140625,1.8784530839766376,-0.24161506854924023,1.4524749162315824,0.0814633101860333,-9.168467888898135e-05,1.0,0.0,0.17259393301275042,0.19758849342664084,0.176567604358051,0.17760901890134298,0.2756409601819131
8,0.39439298516640947,0.7887859703328189,-2.9541606542401375e-06,0.20650492806872017,2.171875,0.21875,-0.21875,1.862559458008036,-0.23274410020054584,1.4801158223139332,0.09639512658395688,-8.639034191556168e-05,1.0,0.0,0.17404287110129707,0.20650492806872017,0.17838111669897175,0.18054249550370002,0.26052859779313314
9,0.41549134581627045,0.8309826916325409,-0.00011569795871958652,0.2098479654752847,2.3203125,0.0390625,-0.0390625,1.9861939169932157,-0.14835959211970218,1.4546083412855715,0.11331774017889984,-5.3084750040473715e-05,1.0,0.0,0.1689244254871651,0.2098479654752847,0.1734580597793213,0.17683837424825738,0.2709311790237523
10,0.43108499969370984,0.8621699993874197,-0.00025218837667028446,0.218269310242623,2.2421875,0.109375,-0.109375,1.9300671249511652,-0.1466345002400958,1.4704543968289232,0.1334033488140752,-3.743242974962868e-05,1.0,0.0,0.1689535050234313,0.218269310242623,0.17417543981133438,0.17719620673913988,0.2614055527211897
11,0.41800087235715105,0.8360017447143021,-0.00021952778921521492,0.22037347714448796,2.265625,0.046875,-0.046875,1.9553288330207579,-0.12837110297304802,1.4368448057785725,0.15750420352560468,-5.061514015380908e-05,1.0,0.0,0.16213060776735175,0.22037347714448796,0.16840887722270242,0.17255552411079406,0.27653151950959504
12,0.3811813084623419,0.7623626169246838,-0.00013751411463681196,0.23359929816797376,2.25,-0.0625,0.0625,1.9076597500243224,-0.16069564362341124,1.4724148529113843,0.1838517608048278,-7.847471387852541e-05,1.0,0.0,0.16328454731653133,0.23359929816797376,0.1714987896589769,0.174820760006292,0.25679661038642126
13,0.3854577286095607,0.7709154572191214,-4.087189040670092e-05,0.23903974306952094,2.2734375,0.21875,-0.21875,1.9313954579993151,-0.03673093102206684,1.4544919633803204,0.20241215690233125,-9.781368275222728e-05,1.0,0.0,0.15792874664170636,0.23903974306952094,0.16812621825134633,0.17140858730499686,0.2634967119525798
14,0.36216766257240673,0.7243353251448135,-0.00030574605085856565,0.24746680574517854,2.21875,0.109375,-0.109375,1.8942335409810767,-0.2598007577471435,1.4533698762486826,0.22079935093643144,-0.00012085775604949352,1.0,0.0,0.15454745617970614,0.24746680574517854,0.16636552047771466,0.16940018692066972,0.2622200512445309
15,0.35507177620003105,0.7101435524000621,-0.00014158299917171592,0.2620356317816509,2.25,-0.0390625,0.0390625,1.9212064170278609,-0.34258724024726284,1.4727512878676476,0.24153650762067022,-0.00016219936611250318,1.0,0.0,0.1530913619014124,0.2620356317816509,0.1669037216860387,0.16939923255186942,0.24857006770455176
16,0.34173943450412053,0.6834788690082411,-0.0006731322920304404,0.2602910314287458,2.1875,0.1953125,-0.1953125,1.8859112919890322,-0.39913026447008765,1.402038631605488,0.26481134141795337,-0.00020013421890278474,1.0,0.0,0.1429519221718822,0.2602910314287458,0.15761899687349795,0.1588823705379452,0.28025569144104207
17,0.3472635162186566,0.6945270324373132,-0.0005019384948774486,0.27796816931548696,2.203125,0.1328125,-0.1328125,1.8827624580007978,-0.46970838939123755,1.4245032950858627,0.28806637435142574,-0.0002493666965506236,1.0,0.0,0.1417597216811586,0.27796816931548696,0.15841935411201302,0.15888550206490443,0.26296725457018993
18,0.365492780359638,0.730985560719276,-0.0008342328060724333,0.3039904811406789,2.28125,-0.078125,0.078125,1.9361271670204587,-0.3976119304560635,1.4622084724732227,0.31263234261617373,-0.0003224667841171443,1.0,0.0,0.1405398299636906,0.3039904811406789,0.16027050281632438,0.1606024802751737,0.2345967199908544
19,0.3870158859895262,0.7740317719790524,-0.0010534978821717844,0.30544989953613955,2.2109375,0.1796875,-0.1796875,1.927513667033054,-0.24919689996266745,1.3875746526602923,0.33948183121780556,-0.00039956056768157094,1.0,0.0,0.129709551591334,0.30544989953613955,0.15032266101441197,0.14939911726717392,0.2651187773306884
20,0.37501391253120453,0.7500278250624091,-0.0010751956113191719,0.33303502839187094,2.265625,0.21875,-0.21875,1.974557250039652,-0.3703627305811849,1.4078542122935092,0.3735377350045989,-0.0005397568163516553,1.0,0.0,0.12699955935622084,0.33303502839187094,0.15027315262062796,0.1479032469720676,0.24178902625009932
21,0.3487434342629364,0.6974868685258728,-0.00017231929291752855,0.35902167036871596,2.2578125,0.3984375,-0.3984375,1.9565371669596061,-0.3691962818392781,1.4160481511672656,0.4051764546505486,-0.0006719167867383172,1.0,0.0,0.12263389586577365,0.35902167036871596,0.14833630750336035,0.1455608100008387,0.22444733461706695
22,0.33268050105914887,0.6653610021182977,-0.0009541492790497325,0.37394193886485816,2.28125,-0.046875,0.046875,1.9612938750069588,-0.3739563063431327,1.3632848754826774,0.4407757833056773,-0.0008123659227218619,1.0,0.0,0.11311800122158984,0.37394193886485816,0.13977456439847816,0.1361704368195305,0.23699507137683973
23,0.3212073091275963,0.6424146182551926,-0.0004137753744765103,0.40285332662028234,2.3125,0.0234375,-0.0234375,2.005218959006015,-0.6782162831435483,1.3531623100030294,0.47879918028290075,-0.000977641584123982,1.0,0.0,0.1073465352575924,0.40285332662028234,0.13550728202067516,0.130974546125209,0.22331831785472664
24,0.3257675823954562,0.6515351647909124,-0.0010100772347659925,0.423524413700704,2.234375,0.1484375,-0.1484375,1.917365042027086,-0.7878011477186339,1.308846930666786,0.5148132515023462,-0.0011266599807034556,1.0,0.0,0.09926715000838666,0.423524413700704,0.12838407196886056,0.1225101468967391,0.2263142277414982
25,0.32563333016140394,0.6512666603228079,-0.0014762217252084694,0.43545744619214577,2.1640625,0.0703125,-0.0703125,1.857093625003472,-0.8274835165630394,1.228667574148556,0.555933016721004,-0.001290039809096773,1.0,0.0,0.08854772032167937,0.43545744619214577,0.11762738701238529,0.11098548995889052,0.24738197235746934
26,0.346006841850242,0.692013683700484,-0.001429874398743926,0.48911409515098936,2.140625,0.3125,-0.3125,1.8416945419739932,-1.2612942774409606,1.2404698875781823,0.5923159089870751,-0.0015007630329174997,1.0,0.0,0.08429643955000125,0.48911409515098936,0.11537744738433482,0.10758258584533295,0.20362944737838132
27,0.34980079308151424,0.6996015861630285,-0.0024748505967399598,0.4805808092063328,2.0703125,-0.0390625,0.0390625,1.775991874979809,-0.9990408933756627,1.101662284867398,0.6322316766406099,-0.0016761514643235387,3.0,0.0,0.07118437523549458,0.4805808092063328,0.099806968530394,0.09158601375683299,0.25684184029979523
28,0.4096770230264866,0.8193540460529732,-0.002592253630117588,0.4924871436122692,2.0625,-0.03125,0.03125,1.7698836249765009,-0.6730979727969194,0.9947144803160234,0.670333368567905,-0.001838747565803563,4.0,0.0,0.06010866066384496,0.4924871436122692,0.08731683157384396,0.07896566704254258,0.2811217006070144
29,0.3574888453191004,0.7149776906382008,-0.0025527485434188877,0.4545706452733298,2.3359375,0.1953125,-0.1953125,1.9868547919904813,-0.33059368523952853,0.7927526166227705,0.7547103775432333,-0.0024188898352122123,4.0,0.0,0.044251004863144164,0.4545706452733298,0.06675691047938771,0.0598746951931097,0.3745467455989142
30,0.3373756535016147,0.6747513070032294,-0.0019160485157331656,0.5442545913686656,2.3203125,0.2265625,-0.2265625,1.9789742499706335,-0.3443764598957053,0.7990369920225138,0.8691371515477923,-0.00287966106810183,4.0,1.0,0.0404285977560061,0.5442545913686656,0.06381206797680469,0.05671849619810429,0.29478625657181146
31,0.3226006769880151,0.6452013539760302,-0.003212687186995608,0.599222300593386,2.2734375,0.203125,-0.203125,1.9465659590205178,-0.9672985219491064,0.7491950734589605,0.9151432460057549,-0.0031719026894260574,6.0,0.0,0.03461301439406536,0.599222300593386,0.056733551662402466,0.049957818169261994,0.259473318560529
32,0.38915044843039337,0.7783008968607867,-0.003429623390144539,0.44210663727588123,2.25,-0.0078125,0.0078125,1.9521434580092318,-1.9313468334019288,0.4800375636904839,1.033433732015758,-0.0036109675612268884,7.0,1.0,0.02059154999571749,0.44210663727588123,0.03425054248267164,0.030314112638330296,0.4727371693847494
33,0.381571187605118,0.763142375210236,-0.0039926631509193886,0.5112056413223114,2.3359375,-0.03125,0.03125,2.030071707966272,-1.522794099353693,0.4455144117376687,1.0959239156747407,-0.00388219337235734,9.0,1.0,0.01713529892303174,0.5112056413223114,0.02978740795749087,0.026010884937634038,0.4158607758083272
34,0.28872091203752925,0.5774418240750585,-0.004337567704694449,0.36937881831465097,2.265625,-0.03125,0.03125,1.9739366249996237,-1.1997749285403125,0.3135932184304818,1.1447727251797915,-0.004089567966399376,9.0,1.0,0.011693364503825533,0.36937881831465097,0.0205457744541867,0.01751544494824163,0.5808665963981686
35,0.2082663731205703,0.4165327462411406,-0.002564327567587016,0.4368805391642884,2.046875,0.1640625,-0.1640625,1.7838494999450631,-2.0636963931675236,0.2985394894363254,1.0285794395539496,-0.0030794600420954842,11.0,3.0,0.00996038058189718,0.4368805391642884,0.01842856006199167,0.015474197653811852,0.5192563236328481
36,0.2916666621090429,0.5833333242180858,-0.002342015333456614,0.1524422661616252,2.03125,-0.109375,0.109375,1.7835981249809265,-1.8890957012866587,0.09037199910113933,1.3584428642876447,-0.00447428045590641,11.0,2.0,0.0027734685975771686,0.1524422661616252,0.0051609196055393955,0.004492001822934701,0.8351313431675618
37,0.3437079209706653,0.6874158419413307,-0.0017067153767450782,0.15671727317995793,2.0859375,0.1875,-0.1875,1.8317356669576839,-1.9628915989531461,0.07257117001351356,1.151956632319424,-0.0030965635802810234,12.0,3.0,0.00197884752955776,0.15671727317995793,0.003887842350015033,0.00333346745996886,0.8340825710850261
38,0.33333333000000004,0.6666666600000001,-0.0016873130340254213,0.0,2,0.09375,-0.09375,1.7512243749806657,-2.6635221531895468,7.368272463281755e-07,1.7662810226902366,-0.005599175299721537,12.0,6.0,0.0,0.0,0.0,0.0,1.0
39,0.2618601727215606,0.5237203454431212,-0.002256911234412966,0.0,2,0.40625,-0.40625,1.7491504999925382,-2.727532154847154,7.368272463281755e-07,1.8650236080090206,-0.006005104551149998,12.0,6.0,0.0,0.0,0.0,0.0,1.0
40,0.2124120979410421,0.4248241958820842,-0.0013777332734120652,0.0,2,-0.0078125,0.0078125,1.7410970409982838,-0.5172342528527452,7.368272463281755e-07,1.5148799435701221,-0.004539751925221935,12.0,4.0,0.0,0.0,0.0,0.0,1.0
41,0.1668435719315453,0.3336871438630906,4.5770400768625945e-05,0.0,2.1328125,-0.03125,0.03125,1.8079890829976648,4.068081176196566,7.368272463281755e-07,1.4942792956293984,-0.004364519210205551,12.0,1.0,0.0,0.0,0.0,0.0,1.0
42,0.09532806727959463,0.19065613455918926,-0.0013681918335178948,0.0,2.2109375,-0.0625,0.0625,1.8552782090264373,4.848381934611008,7.368272463281755e-07,1.3410357878310606,-0.003214660445943688,12.0,0.0,0.0,0.0,0.0,0.0,1.0
43,0.10416666416666673,0.20833332833333346,-0.0027508075331123876,0.0,2.28125,-0.0859375,0.0859375,1.9443566670524888,4.392270951625138,7.368272463281755e-07,1.3790185750306894,-0.0031619331519626335,12.0,0.0,0.0,0.0,0.0,0.0,1.0
44,0.18749999708333337,0.37499999416666674,-0.0010820622163804081,0.0,2.53125,-0.015625,0.015625,2.1218792920117266,3.631648528377489,7.368272463281755e-07,1.370739025275477,-0.0044271370676473125,12.0,1.0,0.0,0.0,0.0,0.0,1.0
45,0.2708333291666667,0.5416666583333334,-0.0010059864638352718,0.0,2.359375,-0.1328125,0.1328125,2.015762833005283,1.422639023592017,7.368272463281755e-07,1.5399578354942303,-0.0038887117655879897,12.0,0.0,0.0,0.0,0.0,0.0,1.0
46,0.31249999541666673,0.6249999908333335,-0.0016875457468310713,0.0,2.296875,0.1328125,-0.1328125,1.9624781670281664,-1.1430635283991282,7.368272463281755e-07,1.5917331281040485,-0.0038844341494647474,12.0,0.0,0.0,0.0,0.0,0.0,1.0
47,0.39583332875000005,0.7916666575000001,-0.0010600837149674592,0.0,2.28125,0.0625,-0.0625,1.9725797499995679,-0.8927476687696968,7.368272463281755e-07,1.6528190115156274,-0.00399227710931882,12.0,0.0,0.0,0.0,0.0,0.0,1.0
48,0.35416666250000006,0.7083333250000001,0.0007465162631955733,0.0,2.2109375,0.140625,-0.140625,1.8987248329794966,-0.4193300748693443,7.368272463281755e-07,1.8874793269417502,-0.004325817759804936,12.0,1.0,0.0,0.0,0.0,0.0,1.0
49,0.3955714752385321,0.7911429504770642,-0.0012154871320348044,0.0,2.1484375,-0.1953125,0.1953125,1.869114333007019,-0.519133817960372,7.368272463281755e-07,1.9684240215203979,-0.004352203796522438,12.0,1.0,0.0,0.0,0.0,0.0,1.0
50,0.39376502279283054,0.7875300455856611,0.0001254000714760478,0.0,2.2421875,0.09375,-0.09375,1.9220438330085017,1.219302734394368,7.368272463281755e-07,2.0376038668169216,-0.0038868997746083715,12.0,1.0,0.0,0.0,0.0,0.0,1.0
51,0.3581121184179628,0.7162242368359256,-0.0009038483018224811,0.0,2.21875,-0.0625,0.0625,1.8934025830239989,1.8442316850170346,7.368272463281755e-07,2.100035970522599,-0.0035847210767149754,12.0,1.0,0.0,0.0,0.0,0.0,1.0
52,0.24546919072182308,0.49093838144364615,-0.0016969992652920275,0.0,2.25,-0.078125,0.078125,1.8912507920176722,2.893389565484679,7.368272463281755e-07,2.1579071669415995,-0.003400684014857027,12.0,1.0,0.0,0.0,0.0,0.0,1.0
53,0.22320133584443566,0.4464026716888713,-0.0008576794694212665,0.0,2.2578125,-0.0625,0.0625,1.9242560000275262,5.4875438801278875,7.368272463281755e-07,2.0027049291335666,-0.0029565252416432486,12.0,0.0,0.0,0.0,0.0,0.0,1.0
54,0.18749999666666672,0.37499999333333345,-0.0024375252174956307,0.0,2.3515625,0.1953125,-0.1953125,1.9835082920035347,4.462985195005746,7.368272463281755e-07,2.0286156970541924,-0.002833887682451556,12.0,0.0,0.0,0.0,0.0,0.0,1.0
55,0.22916666291666674,0.45833332583333347,-0.0023385192885896863,0.0,2.609375,0.078125,-0.078125,2.2356454999535345,2.135283302205493,7.368272463281755e-07,2.0189694377283254,-0.0031839277269985664,12.0,0.0,0.0,0.0,0.0,0.0,1.0
56,0.24999999625000008,0.49999999250000016,-0.0034561889606220544,0.0,2.3515625,-0.0234375,0.0234375,2.0969582910183817,1.8310771004259228,7.368272463281755e-07,2.0179392982584736,-0.0033767476255898523,12.0,0.0,0.0,0.0,0.0,0.0,1.0
57,0.2916666633415434,0.5833333266830868,-0.00038185753381261465,0.0,2.2421875,-0.171875,0.171875,1.9655770829995163,2.5834517479900154,7.368272463281755e-07,1.5479694876015524,-0.0010667659120041537,12.0,1.0,0.0,0.0,0.0,0.0,1.0
58,0.29166666335584357,0.5833333267116871,-0.0022744608457240193,0.0,2.125,-0.015625,0.015625,1.8537419999483973,-0.6424484629658977,7.368272463281755e-07,1.7609338256685685,-0.0013848844663597345,12.0,3.0,0.0,0.0,0.0,0.0,1.0
59,0.29166666335951663,0.5833333267190333,-0.0020839235456649517,0.0,2.1171875,-0.0234375,0.0234375,1.807206082972698,-0.36469657836782954,7.368272463281755e-07,1.8017923640501168,-0.0013288990264502193,12.0,3.0,0.0,0.0,0.0,0.0,1.0
60,0.29166666335633196,0.5833333267126639,-0.0016024287249776202,0.0,2.0703125,0.0859375,-0.0859375,1.7674625830259174,-1.8523353495176569,7.368272463281755e-07,1.8354039521784418,-0.0012708483296187802,12.0,3.0,0.0,0.0,0.0,0.0,1.0
61,0.29166666334788105,0.5833333266957621,-0.0023990504183801008,0.0,2,-0.0546875,0.0546875,1.7354921660153195,-0.9662732199000175,7.368272463281755e-07,1.7628820147882733,-0.001692958474248169,12.0,3.0,0.0,0.0,0.0,0.0,1.0
62,0.29166666333737173,0.5833333266747435,-0.0004421084239281326,0.0,2,-0.0546875,0.0546875,1.73437591700349,-0.7915711042662679,7.368272463281755e-07,1.8423427374800667,-0.002222385494860646,12.0,4.0,0.0,0.0,0.0,0.0,1.0
63,0.33333332791666676,0.6666666558333335,-0.001317106311234631,0.0,2,0.03125,-0.03125,1.7411737499642186,-1.1621504214333527,7.368272463281755e-07,1.8673818798270077,-0.002243157601697021,12.0,4.0,0.0,0.0,0.0,0.0,1.0
64,0.2901374758665308,0.5802749517330617,-0.0012428848103095578,0.0,2.0234375,0.3046875,-0.3046875,1.7414177500177175,0.07316354036458829,7.368272463281755e-07,1.8664966594427823,-0.0008708045643288642,12.0,2.0,0.0,0.0,0.0,0.0,1.0
65,0.27647394224066346,0.5529478844813269,-0.002787879353537947,0.0,2.0546875,0.015625,-0.015625,1.7369455000152811,2.4391523781563413,7.368272463281755e-07,1.7340319214219397,-0.000799609706684185,12.0,1.0,0.0,0.0,0.0,0.0,1.0
66,0.3201365166348353,0.6402730332696706,-0.0020400753163976677,0.0,2.0625,-0.0390625,0.0390625,1.7693831250071526,2.0744836789006404,7.368272463281755e-07,2.219560563719521,-0.002801228335556516,12.0,0.0,0.0,0.0,0.0,0.0,1.0
67,0.2152254447615308,0.4304508895230616,-0.0008983173194712636,0.0,2.21875,0.0390625,-0.0390625,1.8830026659998111,1.102847847493175,7.368272463281755e-07,2.246380089006076,-0.0025483169097621308,12.0,0.0,0.0,0.0,0.0,0.0,1.0
68,0.14949820995664348,0.29899641991328696,-0.0019790489469932765,0.0,2.4140625,0.1953125,-0.1953125,2.0487035420374013,2.5927578445837995,7.368272463281755e-07,2.3275836096145213,-0.002922314121178715,12.0,0.0,0.0,0.0,0.0,0.0,1.0
69,0.1495358672983434,0.2990717345966868,-0.001356778552388856,0.0,2.5625,-0.0390625,0.0390625,2.180779583984986,2.4113392019194513,7.368272463281755e-07,2.2777845351533457,-0.004838773616938852,12.0,1.0,0.0,0.0,0.0,0.0,1.0
70,0.19099565134347463,0.38199130268694925,-0.00176361372407384,0.0,2.5078125,0.0234375,-0.0234375,2.1092305409838445,2.3277146241779407,7.368272463281755e-07,2.3889997244219887,-0.005441862966522008,12.0,1.0,0.0,0.0,0.0,0.0,1.0
71,0.1920864727031285,0.384172945406257,-0.0027659654531410794,0.0,2.3671875,-0.1484375,0.1484375,1.997269415995106,2.7671429056439107,7.368272463281755e-07,2.4723534591665324,-0.005810366409853238,12.0,1.0,0.0,0.0,0.0,0.0,1.0
72,0.1961541723127529,0.3923083446255058,-0.0011411212689709889,0.0,2.3671875,0.0,0.0,1.9997313329949975,2.690273800109653,7.368272463281755e-07,2.5357945851812307,-0.006105812793397159,12.0,1.0,0.0,0.0,0.0,0.0,1.0
73,0.35416666250000006,0.7083333250000001,-0.0016794363435306146,0.0,2.390625,0.0859375,-0.0859375,2.0207346670213155,2.5606137710306536,7.368272463281755e-07,2.598272623578933,-0.006165579647131381,12.0,1.0,0.0,0.0,0.0,0.0,1.0
74,0.31249999625,0.6249999925,-0.0009528988938372751,0.0,2.2890625,-0.03125,0.03125,1.9914799580001272,0.7101752087557307,7.368272463281755e-07,3.0090227925472637,-0.004987258648177637,12.0,1.0,0.0,0.0,0.0,0.0,1.0
75,0.31249999625,0.6249999925,-0.0016551489665716855,0.0,2.28125,0.0546875,-0.0546875,1.9559906250215136,0.6606701504425561,7.368272463281755e-07,3.056848199614747,-0.004949516280248645,12.0,1.0,0.0,0.0,0.0,0.0,1.0
76,0.31249999625,0.6249999925,-0.0007489518114414594,0.0,2.3203125,-0.09375,0.09375,2.007363707991317,0.2579015721661048,7.368272463281755e-07,3.0952226655473085,-0.004851872150704201,12.0,1.0,0.0,0.0,0.0,0.0,1.0
77,0.31249999625,0.6249999925,-0.0031642912918121375,0.0,2.359375,0.03125,-0.03125,2.0213258329895325,0.17784666404473465,7.368272463281755e-07,3.131300507092171,-0.004840793799799444,12.0,1.0,0.0,0.0,0.0,0.0,1.0
78,0.39583332875000005,0.7916666575000001,-0.0022410937306417537,0.0,2.2421875,-0.09375,0.09375,1.9407956670038402,0.21984559343397644,7.368272463281755e-07,3.160919481973079,-0.004863095362287078,12.0,1.0,0.0,0.0,0.0,0.0,1.0
79,0.43749999500000003,0.8749999900000001,-0.0009253533322327544,0.0,2.2734375,0.046875,-0.046875,1.9852806669659913,0.11848690701069317,7.368272463281755e-07,3.1847688678906043,-0.004900962955699387,12.0,1.0,0.0,0.0,0.0,0.0,1.0
80,0.3749999958424677,0.7499999916849354,-0.001043158856261794,0.0,2.328125,0.3515625,-0.3515625,2.0641411670367233,0.49932322110324445,7.368272463281755e-07,3.1435200625353237,-0.004408851903545755,12.0,1.0,0.0,0.0,0.0,0.0,1.0
81,0.374999995840776,0.749999991681552,-0.0005170144306050864,0.0,2.0546875,0.0703125,-0.0703125,1.7900795000023209,-0.975903389819618,7.368272463281755e-07,2.43820210877392,-0.00211437548285984,12.0,3.0,0.0,0.0,0.0,0.0,1.0
82,0.3278579226025268,0.6557158452050535,-0.0012001541040391537,0.0,2.09375,0.140625,-0.140625,1.8161207500379533,-0.6000948282907397,7.368272463281755e-07,2.3785156388249664,-0.0015215269684429383,12.0,3.0,0.0,0.0,0.0,0.0,1.0
83,0.3251517651626404,0.6503035303252808,-0.000807534325936415,0.0,2.109375,-0.109375,0.109375,1.8678255830309354,-0.5638099139038887,7.368272463281755e-07,2.3466693510611853,-0.0005580394952428631,12.0,3.0,0.0,0.0,0.0,0.0,1.0
84,0.3234385297296955,0.646877059459391,-0.0013913956617366558,0.0,2.0625,-0.109375,0.109375,1.7769470000057481,-0.5678465269650614,7.368272463281755e-07,2.450605119019747,0.000821976781298872,12.0,2.0,0.0,0.0,0.0,0.0,1.0
85,0.3256479284553464,0.6512958569106928,-0.005516014660291246,0.0,2.0859375,0.1796875,-0.1796875,1.7975932499975897,-0.5638291891454981,7.368272463281755e-07,2.366149161424902,-0.0005343474525337418,12.0,3.0,0.0,0.0,0.0,0.0,1.0
86,0.2916666633367657,0.5833333266735314,-0.0022189510255662174,0.0,2.078125,-0.015625,0.015625,1.8120653750374913,-0.13542794272884784,7.368272463281755e-07,2.379995505222016,-0.0005182657397300419,12.0,3.0,0.0,0.0,0.0,0.0,1.0
87,0.29166666333596175,0.5833333266719235,-0.0014789719451976143,0.0,2.078125,-0.109375,0.109375,1.7972577919717878,-0.2758451577773164,7.368272463281755e-07,2.3947380814287396,-0.0004865598813113239,12.0,3.0,0.0,0.0,0.0,0.0,1.0
88,0.3660685992174339,0.7321371984348678,-0.00024927594017633346,0.0,2.109375,0.3984375,-0.3984375,1.8037115409970284,-0.11915775235328409,7.368272463281755e-07,2.414175332006481,-0.0003984588418259389,12.0,3.0,0.0,0.0,0.0,0.0,1.0
89,0.37224689815545775,0.7444937963109155,-0.0031648576565053163,0.0,2.2109375,-0.28125,0.28125,1.8927952920203097,0.7019260326670252,7.368272463281755e-07,2.288453387943181,0.0007005938581311387,12.0,1.0,0.0,0.0,0.0,0.0,1.0
90,0.33084868784519006,0.6616973756903801,-0.00036006340203041995,0.0,2.2265625,-0.3046875,0.3046875,1.897780875035096,0.989807281857193,7.368272463281755e-07,2.298237359997901,0.000718714962369466,12.0,1.0,0.0,0.0,0.0,0.0,1.0
91,0.33198055273445914,0.6639611054689183,-0.0025936426010339836,0.0,2.3515625,-0.3671875,0.3671875,2.0282950419932604,0.37480238302799557,7.368272463281755e-07,2.33009651015428,0.0008743126950734718,12.0,1.0,0.0,0.0,0.0,0.0,1.0
92,0.24904392980644327,0.49808785961288654,-3.6800739140541274e-05,0.0,2.34375,-0.109375,0.109375,1.9943548750015907,0.5882812301100542,7.368272463281755e-07,2.3632040838287636,0.0010032202064229007,12.0,1.0,0.0,0.0,0.0,0.0,1.0
93,0.22835838897641886,0.4567167779528377,-0.0018137257825298421,0.0,2.390625,-0.265625,0.265625,2.037859167030547,0.748193194264899,7.368272463281755e-07,2.3963743739507417,0.0010820116757796231,12.0,1.0,0.0,0.0,0.0,0.0,1.0
94,0.18693683036533026,0.37387366073066053,-0.002641737788046862,0.0,2.3359375,0.3984375,-0.3984375,1.9916487919981591,0.46980991194579114,7.368272463281755e-07,3.005426715904226,-0.002743860940730277,12.0,0.0,0.0,0.0,0.0,0.0,1.0
95,0.22860467967756268,0.45720935935512536,-0.002056896954257642,0.0,2.4375,0.203125,-0.203125,2.089593834010884,0.8359127848316581,7.368272463281755e-07,3.0298252346304557,-0.0027571048376557883,12.0,0.0,0.0,0.0,0.0,0.0,1.0
96,0.2286201579553689,0.4572403159107378,-0.002841326240859373,0.0,2.34375,0.125,-0.125,1.9802696249680594,0.7756283738727991,7.368272463281755e-07,3.0508024053027234,-0.003026220482449086,12.0,0.0,0.0,0.0,0.0,0.0,1.0
97,0.22859693725152028,0.45719387450304055,-0.004592474832233557,0.0,2.15625,0.1953125,-0.1953125,1.8315789999905974,1.0968129074393327,7.368272463281755e-07,3.337741956453432,-0.003860433787684253,12.0,1.0,0.0,0.0,0.0,0.0,1.0
98,0.22751888720355007,0.45503777440710014,-0.0011471793474032471,0.0,2.1640625,0.0078125,-0.0078125,1.8446594160050154,1.2013996271618275,7.368272463281755e-07,3.362564104524526,-0.0045345706249380864,12.0,1.0,0.0,0.0,0.0,0.0,1.0
99,0.26848091352306996,0.5369618270461399,-0.0025784513156554383,0.0,2.1484375,0.1484375,-0.1484375,1.8146087909699418,1.4426228205876594,7.368272463281755e-07,3.110161413477423,-0.004544274617577078,12.0,0.0,0.0,0.0,0.0,0.0,1.0
100,0.23180142632581402,0.46360285265162804,-0.0032562802347672845,0.0,2.2265625,0.1953125,-0.1953125,1.9097108750138432,1.0397266114326684,7.368272463281755e-07,3.136160802367764,-0.005127509824887966,12.0,0.0,0.0,0.0,0.0,0.0,1.0
101,0.3540185222987389,0.7080370445974778,-0.0006166096448494851,0.0,2.171875,0.046875,-0.046875,1.8614649579976685,1.194614209045435,7.368272463281755e-07,3.4432570451489566,-0.0058184740790404085,12.0,1.0,0.0,0.0,0.0,0.0,1.0
102,0.35416666250000006,0.7083333250000001,-0.0005974755836297778,0.0,2.21875,0.09375,-0.09375,1.8934741669800133,0.15469168300386255,7.368272463281755e-07,3.456815255255523,-0.0055880804800174455,12.0,1.0,0.0,0.0,0.0,0.0,1.0
103,0.35416666250000006,0.7083333250000001,-0.0032425241335173084,0.0,2.1484375,-0.3671875,0.3671875,1.8574241250171326,-0.13293363218957727,7.368272463281755e-07,3.4980756546243685,-0.0054570663315561515,12.0,1.0,0.0,0.0,0.0,0.0,1.0
104,0.3333333295833334,0.6666666591666668,0.0005739080675782993,0.0,2.203125,0.125,-0.125,1.9012097080121748,0.3480250146504201,7.368272463281755e-07,3.5328082009853627,-0.005425519365251768,12.0,1.0,0.0,0.0,0.0,0.0,1.0
105,0.33154314794164397,0.6630862958832879,-0.005443966866047252,0.0,2.0625,0.0703125,-0.0703125,1.7964388750260696,-0.046146102521258094,7.368272463281755e-07,2.831700165497346,-0.0013639647539902297,12.0,3.0,0.0,0.0,0.0,0.0,1.0
106,0.2499999970833334,0.4999999941666668,-0.0022690946150811585,0.0,2.09375,0.15625,-0.15625,1.799011374998372,0.002278487861795879,7.368272463281755e-07,2.8626522859558463,-0.0012693578868897425,12.0,3.0,0.0,0.0,0.0,0.0,1.0
107,0.2499999970833334,0.4999999941666668,-0.002608211357328486,0.0,2.125,-0.234375,0.234375,1.8363794999895617,-0.18232207786743804,7.368272463281755e-07,2.880037206121617,-0.0011719339608033705,12.0,3.0,0.0,0.0,0.0,0.0,1.0
108,0.2499999970833334,0.4999999941666668,0.00022014620084723465,0.0,2.1796875,0.1484375,-0.1484375,1.8938586249714717,-0.20698044846321734,7.368272463281755e-07,2.8972007094158068,-0.001019215441677564,12.0,3.0,0.0,0.0,0.0,0.0,1.0
109,0.3333333296277411,0.6666666592554822,-0.0009388366660413333,0.0,2.125,-0.046875,0.046875,1.8217911669635214,-0.44545349739971296,7.368272463281755e-07,2.912022983448373,-0.0009238335688779545,12.0,3.0,0.0,0.0,0.0,0.0,1.0
110,0.2916666635004044,0.5833333270008088,-0.0035364643038828,0.0,2.1484375,0.375,-0.375,1.8397282909718342,-0.9392026206749406,7.368272463281755e-07,2.916741907503456,0.001523557706241263,12.0,2.0,0.0,0.0,0.0,0.0,1.0
111,0.29166666347393866,0.5833333269478773,-0.0008755105621774123,0.0,2.1640625,0.09375,-0.09375,1.8774990829988383,-0.6944127703684009,7.368272463281755e-07,3.529221234843135,-0.00326343283417042,12.0,1.0,0.0,0.0,0.0,0.0,1.0
112,0.2916666633333334,0.5833333266666668,-0.0050670480998092245,0.0,2.1484375,0.0546875,-0.0546875,1.8547831249888986,-0.7162794488363645,7.368272463281755e-07,3.5117956410627813,-0.004496303836276638,12.0,2.0,0.0,0.0,0.0,0.0,1.0
113,0.2916666633333334,0.5833333266666668,-0.0033084335927485524,0.0,2.1640625,-0.046875,0.046875,1.8847691669943742,-1.0892449286514188,7.368272463281755e-07,2.847785539097256,0.001693652629102063,12.0,3.0,0.0,0.0,0.0,0.0,1.0
114,0.2916666633333334,0.5833333266666668,-0.002473934727780015,0.0,2.1328125,0.203125,-0.203125,1.8454732910031453,-1.0288452878014454,7.368272463281755e-07,2.8845898281368942,0.0018055553050039129,12.0,3.0,0.0,0.0,0.0,0.0,1.0
115,0.2916666633333334,0.5833333266666668,-0.0019008228096541447,0.0,2.1796875,0.3828125,-0.3828125,1.8952351249754429,-1.1332662158468771,7.368272463281755e-07,2.9222143681512938,0.0019155188993964759,12.0,3.0,0.0,0.0,0.0,0.0,1.0
116,0.2916666633333334,0.5833333266666668,-0.001091412259330622,0.0,2.140625,-0.046875,0.046875,1.8821586249978282,-1.0973779371647288,7.368272463281755e-07,2.9603408012125225,0.0019979340561096454,12.0,3.0,0.0,0.0,0.0,0.0,1.0
117,0.3333333295833334,0.6666666591666668,-0.0017025210243402887,0.0,2.1328125,0.2421875,-0.2421875,1.8572637920151465,-1.0881033078750302,7.368272463281755e-07,2.989918828010559,0.0020939397315184274,12.0,3.0,0.0,0.0,0.0,0.0,1.0
118,0.3333333295833334,0.6666666591666668,-0.0009251703797516676,0.0,2.0546875,0.265625,-0.265625,1.7740705420146696,-1.1471491788439594,7.368272463281755e-07,3.00822206834952,0.002133547263737354,12.0,3.0,0.0,0.0,0.0,0.0,1.0
119,0.3207995562658221,0.6415991125316441,-0.003439269344067667,0.0,2.1796875,0.0625,-0.0625,1.8956216670339927,-1.1131980615938384,7.368272463281755e-07,3.0330139299233756,0.002228101974146234,12.0,3.0,0.0,0.0,0.0,0.0,1.0
120,0.35416666250000006,0.7083333250000001,-0.0018902691643104404,0.0,2.2734375,-0.109375,0.109375,2.0282591249560937,-0.7199546145147219,7.368272463281755e-07,3.7554197650064123,-0.0023837931009686804,12.0,1.0,0.0,0.0,0.0,0.0,1.0
121,0.35416666250000006,0.7083333250000001,-0.003613441750535754,0.0,2.28125,-0.125,0.125,1.9769847500137985,0.07115054152880425,7.368272463281755e-07,3.7894466695460407,-0.0024380307242443614,12.0,1.0,0.0,0.0,0.0,0.0,1.0
122,0.35416666250000006,0.7083333250000001,-0.0022807052044068105,0.0,2.359375,-0.15625,0.15625,2.0165924999746494,-0.16853454091049583,7.368272463281755e-07,3.830975689671256,-0.0024564141799187796,12.0,1.0,0.0,0.0,0.0,0.0,1.0
123,0.35416666250000006,0.7083333250000001,-0.002730727984201074,0.0,2.328125,0.1953125,-0.1953125,2.001892833970487,0.18392975076770524,7.368272463281755e-07,3.808290049433708,-0.0034953156718984246,12.0,1.0,0.0,0.0,0.0,0.0,1.0
124,0.35416666250000006,0.7083333250000001,-0.0029881865264916514,0.0,2.3125,0.0,0.0,1.9723282919730991,0.2740779603812592,7.368272463281755e-07,3.8546325970779765,-0.004463720034850253,12.0,1.0,0.0,0.0,0.0,0.0,1.0
125,0.3510504856351278,0.7021009712702556,-0.0009752560895513756,0.0,2.3125,0.0625,-0.0625,1.981108000036329,-0.1154726890192644,7.368272463281755e-07,3.919905326583169,-0.004390613011888821,12.0,1.0,0.0,0.0,0.0,0.0,1.0
126,0.338283109177457,0.676566218354914,-0.005340402254815906,0.0,2.3359375,-0.1953125,0.1953125,2.021956750017125,-0.08521128917443115,7.368272463281755e-07,3.9915438429875807,-0.004311353952454572,12.0,1.0,0.0,0.0,0.0,0.0,1.0
127,0.2916666633333334,0.5833333266666668,-0.00027001930843164056,0.0,2.265625,-0.125,0.125,1.9538401250028983,0.12230154083206736,7.368272463281755e-07,4.051565485921773,-0.004204019459641792,12.0,1.0,0.0,0.0,0.0,0.0,1.0
128,0.2916666633333334,0.5833333266666668,-0.005477474631120114,0.0,2.140625,0.2890625,-0.2890625,1.871446959034074,-0.969718639922403,7.368272463281755e-07,3.3050226668516793,0.0007280638835962034,12.0,3.0,0.0,0.0,0.0,0.0,1.0
129,0.2916666633333334,0.5833333266666668,-0.0036495311607318767,0.0,2.1328125,0.0859375,-0.0859375,1.8627761249663308,-0.9801962554229648,7.368272463281755e-07,3.317614379028479,0.0008356051403097808,12.0,3.0,0.0,0.0,0.0,0.0,1.0
130,0.2916666633333334,0.5833333266666668,-0.0023737533070217406,0.0,2.1875,0.1328125,-0.1328125,1.8857252500019968,-1.0376858529102588,7.368272463281755e-07,3.338387932214472,0.0009255407300467292,12.0,3.0,0.0,0.0,0.0,0.0,1.0
131,0.2916666633333334,0.5833333266666668,-0.0004255530157499801,0.0,2.203125,-0.109375,0.109375,1.9140715840039775,-1.04167665407088,7.368272463281755e-07,3.365578583545155,0.001022004535318249,12.0,3.0,0.0,0.0,0.0,0.0,1.0
132,0.2916666633333334,0.5833333266666668,-0.0021241310063468983,0.0,2.2421875,-0.1640625,0.1640625,1.9343121250276454,-1.1558793231111526,7.368272463281755e-07,3.39274192849795,0.0011085508029080099,12.0,3.0,0.0,0.0,0.0,0.0,1.0
133,0.2916666633333334,0.5833333266666668,-0.0023882683714368754,0.0,2.203125,0.1640625,-0.1640625,1.916442374989856,-1.2704493643993393,7.368272463281755e-07,3.414597608976894,0.0011659253052332336,12.0,3.0,0.0,0.0,0.0,0.0,1.0
134,0.2916666633333334,0.5833333266666668,-0.004686922138018098,0.0,2.1328125,0.3515625,-0.3515625,1.863357916008681,-1.166495241265703,7.368272463281755e-07,3.433037724759844,0.0012121710201932325,12.0,3.0,0.0,0.0,0.0,0.0,1.0
135,0.2916666633333334,0.5833333266666668,-0.0040789337523187835,0.0,2.1328125,0.3671875,-0.3671875,1.8511864580214024,-1.2533270206179592,7.368272463281755e-07,3.3416861494382224,0.0023234925465658307,12.0,3.0,0.0,0.0,0.0,0.0,1.0
136,0.2916666633333334,0.5833333266666668,-0.0035603655679013546,0.0,2.1640625,-0.1875,0.1875,1.8709463329869322,-1.3926129596852546,7.368272463281755e-07,3.3233857883347406,0.0038251546858292487,12.0,3.0,0.0,0.0,0.0,0.0,1.0
137,0.29166666374472855,0.5833333274894571,-0.0030338599610342768,0.0,2.140625,-0.0078125,0.0078125,1.873448250000365,-1.375494489840565,7.368272463281755e-07,3.364304198159112,0.003911369493127697,12.0,3.0,0.0,0.0,0.0,0.0,1.0
138,0.32504993932580506,0.6500998786516101,-0.004255757551545742,0.0,2.265625,-0.25,0.25,1.9645161670050584,-1.0377429681862222,7.368272463281755e-07,4.1314703510566195,-0.0010987760562619026,12.0,1.0,0.0,0.0,0.0,0.0,1.0
139,0.3358900740948113,0.6717801481896226,-0.0010274012339100613,0.0,2.234375,0.0859375,-0.0859375,1.9116600409615785,-0.5347222348193189,7.368272463281755e-07,4.141501396894455,-0.000688407248658636,12.0,1.0,0.0,0.0,0.0,0.0,1.0
140,0.3413511941837558,0.6827023883675116,-0.005928271951963714,0.0,2.3671875,-0.078125,0.078125,2.0168992919498123,-0.497245368581548,7.368272463281755e-07,4.158719324930147,-8.241534206635234e-05,12.0,1.0,0.0,0.0,0.0,0.0,1.0
141,0.3449553083159316,0.6899106166318631,-0.0021858768408677827,0.0,2.3046875,-0.15625,0.15625,1.974101125029847,-0.3993145795002327,7.368272463281755e-07,4.194504342973232,0.0004105947234413841,12.0,1.0,0.0,0.0,0.0,0.0,1.0
142,0.34658632773053083,0.6931726554610617,0.00014715971779644054,0.0,2.328125,0.34375,-0.34375,2.040210000006482,-0.32769309139604236,7.368272463281755e-07,4.2300294901837,0.0007009323083118281,12.0,1.0,0.0,0.0,0.0,0.0,1.0
143,0.3476122680688896,0.6952245361377792,-0.0003656050214009754,0.0,2.375,0.1015625,-0.1015625,2.069184791005682,-0.3038585141337918,7.368272463281755e-07,4.266502314670519,0.0007672322495967488,12.0,1.0,0.0,0.0,0.0,0.0,1.0
144,0.34771307675325086,0.6954261535065017,-0.00295128589949935,0.0,2.3203125,0.09375,-0.09375,2.019315749988891,-0.2750892686917876,7.368272463281755e-07,4.300154699520632,0.0008202708559110761,12.0,1.0,0.0,0.0,0.0,0.0,1.0
145,0.34703516073028895,0.6940703214605779,-0.00201417345220668,0.0,2.3671875,-0.2109375,0.2109375,2.031879333022516,-0.30502164099525303,7.368272463281755e-07,4.315067847344008,0.00019982500552115115,12.0,1.0,0.0,0.0,0.0,0.0,1.0
146,0.3454681737069482,0.6909363474138964,-0.002423524710078589,0.0,2.3046875,-0.015625,0.015625,1.9824421670055017,-0.4330108707960127,7.368272463281755e-07,4.2389147478071125,-0.0016317107471298766,12.0,1.0,0.0,0.0,0.0,0.0,1.0
147,0.34248915673466496,0.6849783134693299,-0.0018005330475077419,0.0,2.28125,-0.0390625,0.0390625,1.9891452500014566,-0.27969268237062,7.368272463281755e-07,4.28038047931411,-0.0031006515544669874,12.0,1.0,0.0,0.0,0.0,0.0,1.0
148,0.3334231238791456,0.6668462477582912,-0.006751914171159599,0.0,2.34375,0.1328125,-0.1328125,2.003551499976311,-0.18952379561960697,7.368272463281755e-07,4.359810322523117,-0.003114171098621393,12.0,1.0,0.0,0.0,0.0,0.0,1.0
149,0.2916666633333334,0.5833333266666668,-0.0024024429868938968,0.0,2.3046875,-0.078125,0.078125,2.066763082984835,-0.83212705875226,7.368272463281755e-07,4.438223932277072,-0.0030298464275388555,12.0,1.0,0.0,0.0,0.0,0.0,1.0
150,0.2916666633333334,0.5833333266666668,-0.004343301305396336,0.0,2.1796875,0.4921875,-0.4921875,1.904418624995742,-1.8429247251508163,7.368272463281755e-07,3.7336606118414135,0.002513939068497469,12.0,3.0,0.0,0.0,0.0,0.0,1.0
151,0.2916666633333334,0.5833333266666668,-0.0027090187821130814,0.0,2.1875,0.078125,-0.078125,1.8918603329802863,-1.5363976440192866,7.368272463281755e-07,3.7932620959149466,0.0026155769624488633,12.0,3.0,0.0,0.0,0.0,0.0,1.0
152,0.2916666633333334,0.5833333266666668,-0.003666759572344306,0.0,2.1640625,0.0625,-0.0625,1.8685201670159586,-1.922250310056557,7.368272463281755e-07,3.824539808763398,0.0026959233024778464,12.0,3.0,0.0,0.0,0.0,0.0,1.0
153,0.2916666633333334,0.5833333266666668,-0.006210229245094701,0.0,2.1953125,0.21875,-0.21875,1.8908303750213236,-1.8015846414590964,7.368272463281755e-07,3.8501985942324004,0.0028234485717904237,12.0,3.0,0.0,0.0,0.0,0.0,1.0
154,0.2916666633333334,0.5833333266666668,-0.005349341043113067,0.0,2.1484375,0.1640625,-0.1640625,1.855254625028465,-2.7215254679457708,7.368272463281755e-07,3.877167629698912,0.002921242215153244,12.0,3.0,0.0,0.0,0.0,0.0,1.0
155,0.2916666633333334,0.5833333266666668,0.0013574075591102045,0.0,2.15625,0.2734375,-0.2734375,1.8666447499999776,-2.749892883505537,7.368272463281755e-07,3.908815114034547,0.0030474060266796085,12.0,3.0,0.0,0.0,0.0,0.0,1.0
156,0.2916666633333334,0.5833333266666668,-0.004216435774770261,0.0,2.140625,-0.0234375,0.0234375,1.865644333011005,-2.5447555552066787,7.368272463281755e-07,3.936762063039674,0.0031465840681145587,12.0,3.0,0.0,0.0,0.0,0.0,1.0
157,0.2916666633333334,0.5833333266666668,-0.002003666598329235,0.0,2.1796875,0.015625,-0.015625,1.9120521660079248,-3.2706008969128506,7.368272463281755e-07,3.96807853380839,0.003276386906185912,12.0,3.0,0.0,0.0,0.0,0.0,1.0
158,0.2916666633333334,0.5833333266666668,-0.007330405992921954,0.0,2.140625,0.140625,-0.140625,1.8531564169679768,-3.583928016514048,7.368272463281755e-07,3.8844145205285816,0.004464470975411435,12.0,3.0,0.0,0.0,0.0,0.0,1.0
159,0.2916666633333334,0.5833333266666668,-0.006542978331797201,0.0,2.125,0.140625,-0.140625,1.8372700839536265,-3.3297599912210205,7.368272463281755e-07,3.877738798658053,0.005874240971429067,12.0,3.0,0.0,0.0,0.0,0.0,1.0
160,0.2916666633333334,0.5833333266666668,-0.0015753464906471926,0.0,2.25,-0.1015625,0.1015625,1.9652573749772273,-3.6453769052200693,7.368272463281755e-07,3.9477467669381037,0.0065438672512148814,12.0,3.0,0.0,0.0,0.0,0.0,1.0
161,0.3036654669740343,0.6073309339480686,-0.006089787243893442,0.0,2.171875,-0.0234375,0.0234375,1.8703989160130732,-4.297215412792971,7.368272463281755e-07,4.036153261860211,0.006679260863974277,12.0,3.0,0.0,0.0,0.0,0.0,1.0
162,0.3297544712671437,0.6595089425342874,-0.003933016304995115,0.0,2.21875,-0.109375,0.109375,1.9387413339572959,-3.188978335262657,7.368272463281755e-07,4.785388243469325,0.0008298470585776323,12.0,1.0,0.0,0.0,0.0,0.0,1.0
163,0.3370462651213049,0.6740925302426098,-0.0028120263167025396,0.0,2.265625,-0.3046875,0.3046875,2.0103233329718933,-2.1972030843704426,7.368272463281755e-07,4.821725266223604,0.0013653108213805933,12.0,1.0,0.0,0.0,0.0,0.0,1.0
164,0.3405603716172934,0.6811207432345868,-0.005206535531233327,0.0,2.2890625,-0.1015625,0.1015625,1.9689081250107847,-1.8789355789053765,7.368272463281755e-07,4.841419690711931,0.002058761761873029,12.0,1.0,0.0,0.0,0.0,0.0,1.0
165,0.3427551182828092,0.6855102365656184,-0.007138190545362946,0.0,2.2890625,-0.1171875,0.1171875,1.9890782500151545,-1.9533221241938579,7.368272463281755e-07,4.87775616009127,0.002811349216658114,12.0,1.0,0.0,0.0,0.0,0.0,1.0
166,0.3435474956656693,0.6870949913313386,-0.0037869368604951867,0.0,2.2890625,-0.0703125,0.0703125,1.961706999980379,-0.9607281211712764,7.368272463281755e-07,4.927254256877032,0.0033250449315263804,12.0,1.0,0.0,0.0,0.0,0.0,1.0
167,0.34364058222425375,0.6872811644485075,-0.002170191072855058,0.0,2.359375,0.15625,-0.15625,2.0275914589874446,-1.4756515757458297,7.368272463281755e-07,4.974651260809465,0.0034751437183744697,12.0,1.0,0.0,0.0,0.0,0.0,1.0
168,0.34288458183104553,0.6857691636620911,-0.003078396823170913,0.0,2.3359375,0.125,-0.125,2.018935666012112,-0.28973233320417013,7.368272463281755e-07,5.019188711589033,0.003616624532944777,12.0,1.0,0.0,0.0,0.0,0.0,1.0
169,0.34127362795329075,0.6825472559065815,-0.0029508854976605598,0.0,2.296875,-0.03125,0.03125,2.0004040829953738,-1.6460470417324378,7.368272463281755e-07,4.9425305250016125,0.002246044877789576,12.0,1.0,0.0,0.0,0.0,0.0,1.0
170,0.33868267508690264,0.6773653501738053,-0.008605132957912315,0.0,2.296875,-0.21875,0.21875,1.9767541660112329,-1.9112353396133146,7.368272463281755e-07,4.974433563649654,0.001146204134618694,12.0,1.0,0.0,0.0,0.0,0.0,1.0
171,0.3345823690694916,0.6691647381389833,-0.003720190041120462,0.0,2.25,0.1328125,-0.1328125,1.949028457980603,-3.418299712741929,7.368272463281755e-07,5.057953365147114,0.0007305197703482753,12.0,1.0,0.0,0.0,0.0,0.0,1.0
172,0.32674181092469995,0.6534836218493999,-0.009875407791545464,0.0,2.3125,-0.2109375,0.2109375,2.0046968330279924,-2.312645371915219,7.368272463281755e-07,5.149681636555628,0.0002724092231470753,12.0,1.0,0.0,0.0,0.0,0.0,1.0
173,0.2916666633623995,0.583333326724799,-0.005246254034775624,0.0,2.3515625,0.171875,-0.171875,2.0611180840060115,-4.66452811299158,7.368272463281755e-07,5.2033757120370865,-0.00021174643717875534,12.0,1.0,0.0,0.0,0.0,0.0,1.0
174,0.3732098565356045,0.746419713071209,-0.003250327573818774,0.0,2.1953125,0.34375,-0.34375,1.8934147499967366,-8.216879515074279,7.368272463281755e-07,4.84476826377213,0.008350837195757776,12.0,2.0,0.0,0.0,0.0,0.0,1.0
175,0.37435164178278013,0.7487032835655603,-0.0012807372905465724,0.0,2.0546875,-0.1171875,0.1171875,1.7970524579868652,-7.655798236654448,7.368272463281755e-07,4.5629755184054375,0.005697178618801344,12.0,3.0,0.0,0.0,0.0,0.0,1.0
176,0.3745534385598035,0.749106877119607,-0.004385807209850329,0.0,2.0859375,0.0703125,-0.0703125,1.7988278749980964,-6.279242308459363,7.368272463281755e-07,4.585053165753682,0.005758572515333071,12.0,3.0,0.0,0.0,0.0,0.0,1.0
177,0.3746863361957958,0.7493726723915916,-0.008596678075876451,0.0,2.109375,0.1171875,-0.1171875,1.8165652499883436,-8.493034508820468,7.368272463281755e-07,4.611964367743996,0.00586931287479173,12.0,3.0,0.0,0.0,0.0,0.0,1.0
178,0.3747075695054069,0.7494151390108138,-0.002097944465231737,0.0,2.078125,0.140625,-0.140625,1.8104047499946319,-11.829694209441904,7.368272463281755e-07,4.6392906188137,0.005969795362236457,12.0,3.0,0.0,0.0,0.0,0.0,1.0
179,0.37470260825593105,0.7494052165118621,-0.003433432896129685,0.0,2.0625,0.09375,-0.09375,1.8001693750265986,-14.828688412650164,7.368272463281755e-07,4.66651649441984,0.0060579659475479275,12.0,3.0,0.0,0.0,0.0,0.0,1.0
180,0.3746792877195555,0.749358575439111,-0.0032854722997702596,0.0,2.1328125,0.109375,-0.109375,1.8531693340046331,-12.405848457770091,7.368272463281755e-07,4.557479564928347,0.007782675810934355,12.0,3.0,0.0,0.0,0.0,0.0,1.0
181,0.37465285162162176,0.7493057032432435,-0.0027796109342192307,0.0,2.1015625,0.28125,-0.28125,1.829987125005573,-14.867209442624594,7.368272463281755e-07,4.581517270455758,0.009448190127538206,12.0,3.0,0.0,0.0,0.0,0.0,1.0
182,0.37499999583333343,0.7499999916666669,-0.00420672692522429,0.0,2.078125,0.3515625,-0.3515625,1.8033275420311838,-16.526395050430658,7.368272463281755e-07,4.650194947090414,0.009772857588864604,12.0,3.0,0.0,0.0,0.0,0.0,1.0
183,0.37499999619055063,0.7499999923811013,-0.00713289162694655,0.0,2.1171875,0.203125,-0.203125,1.8889407079550438,-15.445184683255384,7.368272463281755e-07,4.7407344207167625,0.00996851454409706,12.0,3.0,0.0,0.0,0.0,0.0,1.0
184,0.3975506212328935,0.795101242465787,-0.004420400040105186,0.0,2.1484375,0.203125,-0.203125,1.8501864160061814,-14.175541983891744,7.368272463281755e-07,5.442273627289317,0.0036808224098918304,12.0,1.0,0.0,0.0,0.0,0.0,1.0
185,0.40982666381654514,0.8196533276330903,-0.0031138259468896762,0.0,2.1640625,0.1328125,-0.1328125,1.8723196249920875,-9.067065314867989,7.368272463281755e-07,5.470688976940107,0.004184568059413737,12.0,1.0,0.0,0.0,0.0,0.0,1.0
186,0.41770481155036193,0.8354096231007239,-0.006818821198455138,0.0,2.21875,0.1328125,-0.1328125,1.9171913749887608,-9.48024207581081,7.368272463281755e-07,5.494564332914623,0.005021565567858488,12.0,1.0,0.0,0.0,0.0,0.0,1.0
187,0.3841538437098967,0.7683076874197934,-0.004654074267935189,0.0,2.25,0.1484375,-0.1484375,1.9612209590268321,-2.764004061309,7.368272463281755e-07,5.531674506735396,0.006032568813349248,12.0,1.0,0.0,0.0,0.0,0.0,1.0
188,0.34942810994081575,0.6988562198816315,-0.005024711975649131,0.0,2.28125,0.234375,-0.234375,1.9784963749698363,-4.091004758613975,7.368272463281755e-07,5.580115416510538,0.006810365493451668,12.0,1.0,0.0,0.0,0.0,0.0,1.0
189,0.35416666250000006,0.7083333250000001,-0.005121161254103847,0.0,2.3203125,0.0,0.0,1.986984165967442,-2.656757535757842,7.368272463281755e-07,5.62848510119048,0.007050641494887796,12.0,1.0,0.0,0.0,0.0,0.0,1.0
190,0.35416666250000006,0.7083333250000001,-0.006145219913643626,0.0,2.3125,0.140625,-0.140625,1.9728747089975514,5.227118662885718,7.368272463281755e-07,5.576468170705167,0.006138911929156166,12.0,1.0,0.0,0.0,0.0,0.0,1.0
191,0.35416666250000006,0.7083333250000001,-0.00107599066922644,0.0,2.40625,0.3359375,-0.3359375,2.0675282910233364,0.2765465413111371,7.368272463281755e-07,5.61861280080947,0.005353109041937965,12.0,1.0,0.0,0.0,0.0,0.0,1.0
192,0.39583332875000005,0.7916666575000001,-0.003453229575955512,0.0,2.359375,0.21875,-0.21875,2.007391416002065,2.662627527107861,7.368272463281755e-07,5.707912142303857,0.0049356276391666724,12.0,1.0,0.0,0.0,0.0,0.0,1.0
193,0.39583332875000005,0.7916666575000001,0.0005191993190296217,0.0,2.1796875,-0.2890625,0.2890625,1.8817128330119886,0.14520214599520503,7.368272463281755e-07,5.826875847510316,0.005119953532068228,12.0,1.0,0.0,0.0,0.0,0.0,1.0
194,0.39583332875000005,0.7916666575000001,-0.0067956386010349056,0.0,2.2890625,0.1015625,-0.1015625,1.9960539169842377,-2.7316898104477256,7.368272463281755e-07,5.885432862422683,0.005315561233808033,12.0,1.0,0.0,0.0,0.0,0.0,1.0
195,0.39583332875000005,0.7916666575000001,-0.004561403582118831,0.0,2.28125,0.0546875,-0.0546875,1.9870880419621244,1.1066395204565296,7.368272463281755e-07,5.877232759174976,0.004653512463185259,12.0,1.0,0.0,0.0,0.0,0.0,1.0
196,0.39583332875000005,0.7916666575000001,-0.0024254256745031328,0.0,2.3125,-0.1484375,0.1484375,1.9733313749893568,-0.32431364121872686,7.368272463281755e-07,5.921410835263404,0.004040757633364675,12.0,1.0,0.0,0.0,0.0,0.0,1.0
197,0.39583332875000005,0.7916666575000001,-0.006896987620053567,0.0,2.3125,-0.0703125,0.0703125,1.9884760419954546,-2.4145527163873024,7.368272463281755e-07,6.001641126857563,0.0034147841824133966,12.0,1.0,0.0,0.0,0.0,0.0,1.0
198,0.35416666250000006,0.7083333250000001,-0.00079561427432656,0.0,2.3046875,0.0625,-0.0625,1.9795026250067167,0.6000339724451408,7.368272463281755e-07,6.087519158016551,0.0036379792343888603,12.0,1.0,0.0,0.0,0.0,0.0,1.0
199,0.35416666250000006,0.7083333250000001,-0.00483228774369271,0.0,2.2265625,-0.015625,0.015625,1.9481356249889359,-16.472810217989196,7.368272463281755e-07,6.14745247838172,0.0038309632684765597,12.0,1.0,0.0,0.0,0.0,0.0,1.0
200,0.309596415564272,0.619192831128544,-0.005939031256742504,0.0,2.28125,-0.0078125,0.0078125,2.000153875036631,-13.794595682223108,7.368272463281755e-07,6.1828935058279475,0.00401100727156683,12.0,1.0,0.0,0.0,0.0,0.0,1.0
201,0.3136496911818176,0.6272993823636352,-0.002753918431007406,0.0,2.171875,0.328125,-0.328125,1.8823028749902733,-20.818266137121178,7.368272463281755e-07,5.295039089189635,0.011897245347629197,12.0,3.0,0.0,0.0,0.0,0.0,1.0
202,0.3190535261362185,0.638107052272437,-0.004428353810919231,0.0,2.1015625,-0.2578125,0.2578125,1.8064059169846587,-24.365308275813284,7.368272463281755e-07,5.364462718367577,0.014056394358501874,12.0,3.0,0.0,0.0,0.0,0.0,1.0
203,0.32649950583466086,0.6529990116693217,-0.007277942309144128,0.0,2.109375,0.2578125,-0.2578125,1.8177537500159815,-23.923167039288415,7.368272463281755e-07,5.4854593757126064,0.01421763295851027,12.0,3.0,0.0,0.0,0.0,0.0,1.0
204,0.3749999958513576,0.7499999917027153,-0.007133891712102852,0.0,2.140625,0.1171875,-0.1171875,1.8911915000062436,-26.69596009406731,7.368272463281755e-07,5.5723134941524926,0.01444989797892049,12.0,3.0,0.0,0.0,0.0,0.0,1.0
205,0.37499999600282297,0.7499999920056459,-0.005470842644745954,0.0,2.1015625,0.140625,-0.140625,1.845596332976129,-26.285949762403753,7.368272463281755e-07,6.048317820578814,0.0037280300282873215,12.0,2.0,0.0,0.0,0.0,0.0,1.0
206,0.3749999961206335,0.749999992241267,-0.002924051677610927,0.0,2.1015625,0.0703125,-0.0703125,1.8422067090286873,-28.172246003128787,7.368272463281755e-07,6.404454593631354,0.007904723581966457,12.0,1.0,0.0,0.0,0.0,0.0,1.0
207,0.37628021225640434,0.7525604245128087,-0.0069912296861339195,0.0,2.0703125,-0.0859375,0.0859375,1.807253832987044,-27.744497210091016,7.368272463281755e-07,6.445112129504031,0.008158276455519213,12.0,1.0,0.0,0.0,0.0,0.0,1.0
208,0.38573609121960434,0.7714721824392087,-0.002810733112541243,0.0,2.125,0.015625,-0.015625,1.8628596249618568,-22.2030733332531,7.368272463281755e-07,6.468207689848813,0.008660361435349014,12.0,1.0,0.0,0.0,0.0,0.0,1.0
209,0.39714020539879585,0.7942804107975917,-0.004566129175568326,0.0,2.15625,0.3203125,-0.3203125,1.9049868329893798,-25.198238735710795,7.368272463281755e-07,6.4926085031845355,0.009365690325714902,12.0,1.0,0.0,0.0,0.0,0.0,1.0
210,0.4219403015096604,0.8438806030193208,-0.0033154156232221886,0.0,2.1953125,0.421875,-0.421875,1.8918238749611191,-18.523789536539347,7.368272463281755e-07,6.518667399544608,0.01023291862921641,12.0,1.0,0.0,0.0,0.0,0.0,1.0
211,0.43749999500000003,0.8749999900000001,-0.00836369584341121,0.0,2.1875,0.03125,-0.03125,1.896488375030458,-13.414337851639305,7.368272463281755e-07,6.40858561613343,0.009612964229414833,12.0,1.0,0.0,0.0,0.0,0.0,1.0
212,0.43749999500000003,0.8749999900000001,-0.005511142400618018,0.0,2.203125,-0.109375,0.109375,1.907989582978189,-7.241274521177542,7.368272463281755e-07,6.486564068801024,0.009460510918870568,12.0,1.0,0.0,0.0,0.0,0.0,1.0
213,0.39583332875000005,0.7916666575000001,-0.007815223895603763,0.0,2.15625,-0.0234375,0.0234375,1.8535373749909922,0.028159736183242523,7.368272463281755e-07,6.593308577144688,0.009692681114591489,12.0,1.0,0.0,0.0,0.0,0.0,1.0
214,0.39583332875000005,0.7916666575000001,0.00027318842137017514,0.0,2.2578125,-0.0078125,0.0078125,1.9930838749860413,-4.332694900386474,7.368272463281755e-07,6.634396784007549,0.009909111477265304,12.0,1.0,0.0,0.0,0.0,0.0,1.0
215,0.39583332875000005,0.7916666575000001,-0.005225103942658564,0.0,2.2890625,0.03125,-0.03125,1.9869187499862164,-8.256689009965482,7.368272463281755e-07,6.681690712544051,0.010105468028500169,12.0,1.0,0.0,0.0,0.0,0.0,1.0
216,0.35416666250000006,0.7083333250000001,-0.007741095956221016,0.0,2.328125,0.0546875,-0.0546875,2.006009459029883,-5.983066452979641,7.368272463281755e-07,6.735807003622705,0.010292067515282806,12.0,1.0,0.0,0.0,0.0,0.0,1.0
217,0.35416666250000006,0.7083333250000001,-0.007629199862596986,0.0,2.3671875,-0.1796875,0.1796875,2.0105401659966446,-3.71789315308478,7.368272463281755e-07,6.772914564744993,0.010427078046962957,12.0,1.0,0.0,0.0,0.0,0.0,1.0
218,0.35416666250000006,0.7083333250000001,-0.010788324466004983,0.0,2.3203125,0.140625,-0.140625,1.9748130830121227,-8.759429911019826,7.368272463281755e-07,6.814085660332983,0.01057782926893031,12.0,1.0,0.0,0.0,0.0,0.0,1.0
219,0.35416666250000006,0.7083333250000001,-0.008400366472916126,0.0,2.28125,-0.109375,0.109375,1.9648302920395508,-7.4954731984906005,7.368272463281755e-07,6.775324503806504,0.009805085841269994,12.0,1.0,0.0,0.0,0.0,0.0,1.0
220,0.3011159623546418,0.6022319247092836,-0.011488146381772181,0.0,2.375,0.09375,-0.09375,2.037138708983548,-8.245098150776405,7.368272463281755e-07,6.807293499735269,0.008869959959569811,12.0,1.0,0.0,0.0,0.0,0.0,1.0
221,0.29217110987071915,0.5843422197414383,-0.002113154619721239,0.0,2.2265625,-0.1484375,0.1484375,1.933915874978993,-31.25894019614186,7.368272463281755e-07,6.736764872954651,0.01049178028915776,12.0,1.0,0.0,0.0,0.0,0.0,1.0
222,0.29267150950577164,0.5853430190115433,-0.010118337195628912,0.0,2.203125,0.0546875,-0.0546875,1.9109025829820894,-37.475692022195524,7.368272463281755e-07,6.824069135229696,0.011827328225411871,12.0,1.0,0.0,0.0,0.0,0.0,1.0
223,0.29316182724509743,0.5863236544901949,-0.0076875990099111394,0.0,2.125,0.3203125,-0.3203125,1.84607283299556,-48.61335745924974,7.368272463281755e-07,6.950667259198698,0.011972428562082561,12.0,1.0,0.0,0.0,0.0,0.0,1.0
224,0.29344829258573885,0.5868965851714777,-0.005187260731692187,0.0,2.171875,-0.0078125,0.0078125,1.8891225830302574,-39.8405996997365,7.368272463281755e-07,6.990262089974501,0.01211666733169378,12.0,1.0,0.0,0.0,0.0,0.0,1.0
225,0.294036315111724,0.588072630223448,-0.009548165545001092,0.0,2.15625,0.0078125,-0.0078125,1.8960067079751752,-53.725165393365465,7.368272463281755e-07,7.0330957275899975,0.012206286844130691,12.0,1.0,0.0,0.0,0.0,0.0,1.0
226,0.29457541186166053,0.5891508237233211,-0.010162613613254158,0.0,2.171875,0.078125,-0.078125,1.9006917079677805,-51.549459197216756,7.368272463281755e-07,6.528932270904382,0.019735984339301165,12.0,3.0,0.0,0.0,0.0,0.0,1.0
227,0.2956101684167249,0.5912203368334498,-0.011919627894388848,0.0,2.1171875,0.1953125,-0.1953125,1.8507321670185775,-60.122793334436594,7.368272463281755e-07,6.57009150294794,0.019957590424585052,12.0,3.0,0.0,0.0,0.0,0.0,1.0
228,0.29674977120241974,0.5934995424048395,-0.011253875630473432,0.0,2.1796875,-0.0703125,0.0703125,1.8897661250084639,-55.35096135650057,7.368272463281755e-07,6.613041737013393,0.0201916048309714,12.0,3.0,0.0,0.0,0.0,0.0,1.0
229,0.2976177626458846,0.5952355252917692,-0.005590045495463795,0.0,2.1796875,0.125,-0.125,1.90323720802553,-54.682466537508056,7.368272463281755e-07,6.647726681497362,0.020511487679969933,12.0,3.0,0.0,0.0,0.0,0.0,1.0
230,0.29998621700192274,0.5999724340038455,-0.01085183918543753,0.0,2.1875,0.140625,-0.140625,1.9098622919991612,-61.48225799905402,7.368272463281755e-07,6.6783617619011135,0.020839805132709444,12.0,3.0,0.0,0.0,0.0,0.0,1.0
231,0.30393927958920886,0.6078785591784177,-0.009548288381627483,0.0,2.21875,0.1796875,-0.1796875,1.9397609590087086,-59.127517106457496,7.368272463281755e-07,6.562698068718116,0.019432578009501513,12.0,3.0,0.0,0.0,0.0,0.0,1.0
232,0.34005342461935084,0.6801068492387017,-0.012011679264009029,0.0,2.1484375,0.046875,-0.046875,1.8741016249987297,-66.40434820370241,7.368272463281755e-07,6.635180220007896,0.017720065305992547,12.0,3.0,0.0,0.0,0.0,0.0,1.0
233,0.39583332875000005,0.7916666575000001,-0.005373255513250229,0.0,2.203125,-0.171875,0.171875,1.9160031249630265,-53.228252510229744,7.368272463281755e-07,7.244415012272921,0.011171423258598556,12.0,1.0,0.0,0.0,0.0,0.0,1.0
234,0.39583332875000005,0.7916666575000001,-0.003954849514421702,0.0,2.171875,0.109375,-0.109375,1.889666750037577,-52.96916420125275,7.368272463281755e-07,7.237369028004733,0.011995612482926597,12.0,1.0,0.0,0.0,0.0,0.0,1.0
235,0.43749999500000003,0.8749999900000001,-0.006090180358330628,0.0,2.1953125,0.140625,-0.140625,1.899763041001279,-48.864492785039744,7.368272463281755e-07,7.227986047891053,0.013119270948994777,12.0,1.0,0.0,0.0,0.0,0.0,1.0
236,0.43749999500000003,0.8749999900000001,-0.020857277790458914,0.0,2.28125,-0.09375,0.09375,1.9639581660158,-16.658111552975765,7.368272463281755e-07,7.22811031747948,0.01466104681921107,12.0,1.0,0.0,0.0,0.0,0.0,1.0
237,0.43749999500000003,0.8749999900000001,-0.010490537819919718,0.0,2.2578125,0.0390625,-0.0390625,1.9298439999693073,-10.714006733523108,7.368272463281755e-07,7.2490124946290795,0.015386900002009828,12.0,1.0,0.0,0.0,0.0,0.0,1.0
238,0.4304234709761359,0.8608469419522718,-0.003938396748939241,0.0,2.234375,-0.03125,0.03125,1.9125671249930747,-5.762462040344318,7.368272463281755e-07,7.281358036805283,0.015764280100649394,12.0,1.0,0.0,0.0,0.0,0.0,1.0
239,0.42177064018589716,0.8435412803717943,-0.011265470160083633,0.0,2.265625,0.0,0.0,1.9772819579811767,-27.83693673528474,7.368272463281755e-07,7.317915846001018,0.016119412286736242,12.0,1.0,0.0,0.0,0.0,0.0,1.0
240,0.4141864506715843,0.8283729013431687,-0.01573450261298545,0.0,2.1875,0.171875,-0.171875,1.874220875033643,-15.745565815269947,7.368272463281755e-07,7.22979498045011,0.01801825099656443,12.0,1.0,0.0,0.0,0.0,0.0,1.0
241,0.4094830029739821,0.8189660059479642,-0.012601624104635075,0.0,2.2578125,-0.0078125,0.0078125,1.9534887910122052,-24.781930253992442,7.368272463281755e-07,7.317324449392882,0.019995053933764047,12.0,1.0,0.0,0.0,0.0,0.0,1.0
242,0.4031561432166656,0.8063122864333312,-0.0016551815252064904,0.0,2.2109375,0.0,0.0,1.9091049999697134,-24.007662106950377,7.368272463281755e-07,7.419533288614317,0.020315039293067952,12.0,1.0,0.0,0.0,0.0,0.0,1.0
243,0.39542896852439924,0.7908579370487985,-0.009744934644582292,0.0,2.21875,0.1796875,-0.1796875,1.922951375017874,-24.26169981545126,7.368272463281755e-07,7.452743558721109,0.020630314336317082,12.0,1.0,0.0,0.0,0.0,0.0,1.0
244,0.38177568715458704,0.7635513743091741,-0.004027908236041011,0.0,2.2265625,-0.2109375,0.2109375,1.9238638749811798,-45.01649435936359,7.368272463281755e-07,7.430844935165211,0.020302287870435975,12.0,1.0,0.0,0.0,0.0,0.0,1.0
245,0.3749999958529539,0.7499999917059078,-0.00728594094954005,0.0,2.1484375,0.171875,-0.171875,1.8658205000101589,-55.14134509563446,7.368272463281755e-07,7.44505908865143,0.020211487386239405,12.0,1.0,0.0,0.0,0.0,0.0,1.0
246,0.37499999583333343,0.7499999916666669,-0.011583749127111147,0.0,2.078125,0.1015625,-0.1015625,1.8118891670019366,-86.27840590409767,7.368272463281755e-07,7.221856179647148,0.015003741066902877,12.0,2.0,0.0,0.0,0.0,0.0,1.0
247,0.37499999583333343,0.7499999916666669,-0.011179449063193942,0.0,2.0390625,0.2109375,-0.2109375,1.7648018330219202,-70.64726133319154,7.368272463281755e-07,7.092810198871626,0.026635916748394568,12.0,3.0,0.0,0.0,0.0,0.0,1.0
248,0.37499999583333343,0.7499999916666669,-0.012436968801731866,0.0,2.0546875,0.1875,-0.1875,1.84506608301308,-74.719438055169,7.368272463281755e-07,7.121893014551865,0.026900307084563084,12.0,3.0,0.0,0.0,0.0,0.0,1.0
249,0.37499999583333343,0.7499999916666669,-0.00676840681920018,0.0,2.09375,0.171875,-0.171875,1.8337600830127485,-93.81840554836081,7.368272463281755e-07,7.002062128442857,0.025218651153813373,12.0,3.0,0.0,0.0,0.0,0.0,1.0
250,0.37499999583333343,0.7499999916666669,-0.008418892654493654,0.0,2.0859375,0.1328125,-0.1328125,1.8330726249841973,-70.86398555544878,7.368272463281755e-07,7.062326998035941,0.024138583920729515,12.0,3.0,0.0,0.0,0.0,0.0,1.0
251,0.37499999583333343,0.7499999916666669,-0.01468613981021758,0.0,2.078125,0.1484375,-0.1484375,1.8329709590179846,-86.10803282664234,7.368272463281755e-07,7.198171286378056,0.023731327171036456,12.0,3.0,0.0,0.0,0.0,0.0,1.0
252,0.3839023715165997,0.7678047430331995,-0.01353956602531558,0.0,2.0390625,0.40625,-0.40625,1.7753434170153923,-93.59042287877693,7.368272463281755e-07,7.232981787787543,0.02398593962748742,12.0,3.0,0.0,0.0,0.0,0.0,1.0
253,0.4151066665303079,0.8302133330606158,-0.012768747970672099,0.0,2.15625,0.1953125,-0.1953125,1.875403541023843,-88.46541166607885,7.368272463281755e-07,7.633212213997137,0.018455991318412336,12.0,1.0,0.0,0.0,0.0,0.0,1.0
254,0.4367360870916271,0.8734721741832542,-0.008786015379156215,0.0,2.203125,-0.0234375,0.0234375,1.912511667003855,-58.070270731939495,7.368272463281755e-07,7.663761097768491,0.01815798297862288,12.0,1.0,0.0,0.0,0.0,0.0,1.0
255,0.43749999500000003,0.8749999900000001,-0.01060309731510109,0.0,2.2734375,0.3203125,-0.3203125,2.03200166602619,-19.65920964876811,7.368272463281755e-07,7.73879189890894,0.0177684795873409,12.0,1.0,0.0,0.0,0.0,0.0,1.0
256,0.43749999500000003,0.8749999900000001,-0.016089027485726066,0.0,2.28125,-0.0234375,0.0234375,1.991376040969044,-14.085406338719473,7.368272463281755e-07,7.794495827433738,0.0182269212448525,12.0,1.0,0.0,0.0,0.0,0.0,1.0
257,0.43749999500000003,0.8749999900000001,-0.01899803328898934,0.0,2.296875,0.2109375,-0.2109375,1.988005667051766,-8.36567177354884,7.368272463281755e-07,7.720136195759881,0.019759966179580344,12.0,1.0,0.0,0.0,0.0,0.0,1.0
258,0.43749999500000003,0.8749999900000001,-0.012569671384022641,0.0,2.203125,0.1015625,-0.1015625,1.897713583020959,-4.411023347935778,7.368272463281755e-07,7.707808105105704,0.020975445973983205,12.0,1.0,0.0,0.0,0.0,0.0,1.0
259,0.43749999500000003,0.8749999900000001,-0.014272608960006275,0.0,2.1953125,-0.0546875,0.0546875,1.8776154580409639,15.653062053634603,7.368272463281755e-07,7.594202788716013,0.023562511802248828,12.0,1.0,0.0,0.0,0.0,0.0,1.0
260,0.43749999500000003,0.8749999900000001,-0.01253427682176668,0.0,2.21875,0.0703125,-0.0703125,1.9295122499461286,1.2403542651257045,7.368272463281755e-07,7.680769893256101,0.025946954466317864,12.0,1.0,0.0,0.0,0.0,0.0,1.0
261,0.43749999500000003,0.8749999900000001,-0.009631508399221464,0.0,2.265625,0.0625,-0.0625,1.9715088329976425,38.427957265747004,7.368272463281755e-07,7.757833999666301,0.02624433453787457,12.0,1.0,0.0,0.0,0.0,0.0,1.0
262,0.43749999500000003,0.8749999900000001,-0.02083469884052067,0.0,2.296875,0.0625,-0.0625,1.995632249978371,-6.576519090910347,7.368272463281755e-07,7.790952985936945,0.026567323990589517,12.0,1.0,0.0,0.0,0.0,0.0,1.0
263,0.43749999500000003,0.8749999900000001,-0.015582816258497922,0.0,2.25,0.078125,-0.078125,1.9310919999843463,-0.2934185109204716,7.368272463281755e-07,7.823506366122853,0.026873491069471293,12.0,1.0,0.0,0.0,0.0,0.0,1.0
264,0.43749999500000003,0.8749999900000001,-0.012574265328832985,0.0,2.3125,-0.0078125,0.0078125,1.9734645829885267,11.446805931426383,7.368272463281755e-07,7.859611883759499,0.027154647099616177,12.0,1.0,0.0,0.0,0.0,0.0,1.0
265,0.43749999500000003,0.8749999900000001,-0.009302031742486625,0.0,2.296875,0.3203125,-0.3203125,1.9913714589783922,8.13350522578979,7.368272463281755e-07,7.891279979185625,0.027510225571776657,12.0,1.0,0.0,0.0,0.0,0.0,1.0
266,0.43749999500000003,0.8749999900000001,-0.011839091378582177,0.0,2.296875,0.0390625,-0.0390625,1.9793184999725781,-23.606561954329614,7.368272463281755e-07,7.79314699633555,0.02579354268858548,12.0,1.0,0.0,0.0,0.0,0.0,1.0
267,0.43749999500000003,0.8749999900000001,-0.01410754697221499,0.0,2.2265625,-0.0703125,0.0703125,1.9422667500330135,-11.211340649504411,7.368272463281755e-07,7.801739531484517,0.02399725642647933,12.0,1.0,0.0,0.0,0.0,0.0,1.0
268,0.43749999500000003,0.8749999900000001,-0.01438930468667751,0.0,2.2109375,0.203125,-0.203125,1.8875922500155866,-13.53223814602033,7.368272463281755e-07,7.8304320939562535,0.023499371155842462,12.0,1.0,0.0,0.0,0.0,0.0,1.0
269,0.43749999500000003,0.8749999900000001,-0.013353300954842098,0.0,2.2890625,0.0546875,-0.0546875,1.9817314579850063,1.9627294800794166,7.368272463281755e-07,7.857611322944814,0.022671618350696834,12.0,1.0,0.0,0.0,0.0,0.0,1.0
270,0.43749999500000003,0.8749999900000001,-0.011448446031537964,0.0,2.28125,-0.0546875,0.0546875,1.9890792079968378,-34.29579824882828,7.368272463281755e-07,7.91421100768176,0.02240974330131642,12.0,1.0,0.0,0.0,0.0,0.0,1.0
271,0.43749999500000003,0.8749999900000001,-0.019310157080827096,0.0,2.2265625,0.015625,-0.015625,1.9218730420107022,-32.1992484186825,7.368272463281755e-07,7.969406805255196,0.022700790845027023,12.0,1.0,0.0,0.0,0.0,0.0,1.0
272,0.43749999500000003,0.8749999900000001,-0.024178897728726105,0.0,2.2578125,0.1796875,-0.1796875,1.9656479159602895,-30.919930294723247,7.368272463281755e-07,7.981115156953985,0.022999471847221932,12.0,1.0,0.0,0.0,0.0,0.0,1.0
273,0.43749999500000003,0.8749999900000001,-0.012611845945518695,0.0,2.2890625,0.109375,-0.109375,1.9876766669913195,-30.699981881286504,7.368272463281755e-07,7.987048959190195,0.02325511230579154,12.0,1.0,0.0,0.0,0.0,0.0,1.0
274,0.43749999500000003,0.8749999900000001,-0.016228481469626955,0.0,2.2578125,0.0,0.0,1.9532127089914866,-43.195412716032315,7.368272463281755e-07,7.991909433494914,0.023548749169673432,12.0,1.0,0.0,0.0,0.0,0.0,1.0
275,0.43749999500000003,0.8749999900000001,-0.021887927243996866,0.0,2.2734375,0.125,-0.125,1.9485612920252606,-17.110074211027204,7.368272463281755e-07,7.998991521922025,0.02386151171628047,12.0,1.0,0.0,0.0,0.0,0.0,1.0
276,0.43749999500000003,0.8749999900000001,-0.011920006924333192,0.0,2.3046875,0.1484375,-0.1484375,1.9679300840361975,2.4081039669150015,7.368272463281755e-07,8.005823782899164,0.024189447952349754,12.0,1.0,0.0,0.0,0.0,0.0,1.0
277,0.43749999500000003,0.8749999900000001,-0.015935987742311284,0.0,2.296875,0.1328125,-0.1328125,1.9876863330136985,-23.717272641910178,7.368272463281755e-07,7.888955062085932,0.026104245345446874,12.0,1.0,0.0,0.0,0.0,0.0,1.0
278,0.43749999500000003,0.8749999900000001,-0.01367230802717545,0.0,2.21875,-0.0703125,0.0703125,1.9225159580237232,-40.391452751738925,7.368272463281755e-07,7.993094368414446,0.028444241732358932,12.0,1.0,0.0,0.0,0.0,0.0,1.0
279,0.43749999500000003,0.8749999900000001,-0.011712097419785647,0.0,2.203125,-0.0703125,0.0703125,1.900108249974437,-16.969668367441663,7.368272463281755e-07,8.020192967219787,0.028820789599029176,12.0,1.0,0.0,0.0,0.0,0.0,1.0
280,0.43749999500000003,0.8749999900000001,-0.011389523623446559,0.0,2.2421875,0.09375,-0.09375,1.9374524999875575,-16.639672590049717,7.368272463281755e-07,7.92778618498282,0.03017147189133208,12.0,1.0,0.0,0.0,0.0,0.0,1.0
281,0.43503788910849056,0.8700757782169811,-0.013361262603487044,0.0,2.28125,0.1328125,-0.1328125,1.971249166992493,-15.744375525680306,7.368272463281755e-07,7.912955048409375,0.03177524606739594,12.0,1.0,0.0,0.0,0.0,0.0,1.0
282,0.4079636329570112,0.8159272659140224,-0.016844086223114067,0.0,2.265625,0.3046875,-0.3046875,1.9628282499616034,-27.258539752559415,7.368272463281755e-07,7.957523839040236,0.03314030856232752,12.0,1.0,0.0,0.0,0.0,0.0,1.0
283,0.38226847230104366,0.7645369446020873,-0.012442930805054979,0.0,2.1484375,-0.03125,0.03125,1.851729209010955,-49.57898058327761,7.368272463281755e-07,7.8673107935623685,0.031076245248021387,12.0,1.0,0.0,0.0,0.0,0.0,1.0
284,0.3749999962266615,0.749999992453323,-0.01101569620743003,0.0,2.15625,0.1484375,-0.1484375,1.923573249951005,-69.57466039061546,7.368272463281755e-07,7.961747020483017,0.030041281133890152,12.0,1.0,0.0,0.0,0.0,0.0,1.0
285,0.37499999613432194,0.7499999922686439,-0.02138692076201921,0.0,2.1015625,0.3046875,-0.3046875,1.810595708026085,-78.72885717806098,7.368272463281755e-07,7.995437792079016,0.030140071226924192,12.0,1.0,0.0,0.0,0.0,0.0,1.0
286,0.3749999960882008,0.7499999921764016,-0.0158556331694214,0.0,2.1484375,0.140625,-0.140625,1.8768551659886725,-97.04371195191686,7.368272463281755e-07,7.982682467861609,0.030304655026570385,12.0,1.0,0.0,0.0,0.0,0.0,1.0
287,0.37499999605614853,0.7499999921122971,-0.011050170847823074,0.0,2.1171875,0.015625,-0.015625,1.8311731669818982,-71.29203682348847,7.368272463281755e-07,7.979014526036653,0.030484028431766837,12.0,1.0,0.0,0.0,0.0,0.0,1.0
288,0.37499999605604983,0.7499999921120997,-0.023686789436813363,0.0,2.0859375,0.4296875,-0.4296875,1.8312459999579005,-115.22978755245718,7.368272463281755e-07,7.970419974489645,0.030567153603029015,12.0,1.0,0.0,0.0,0.0,0.0,1.0
289,0.3749999960749546,0.7499999921499092,-0.019082442999827448,0.0,2.1015625,0.3359375,-0.3359375,1.811895624967292,-92.13679667411296,7.368272463281755e-07,7.9744895879517905,0.030857696215124717,12.0,1.0,0.0,0.0,0.0,0.0,1.0
290,0.37499999611790596,0.7499999922358119,-0.02459543436793342,0.0,2.09375,0.296875,-0.296875,1.8110570830176584,-121.19499696040553,7.368272463281755e-07,7.965197059241208,0.030902136777347714,12.0,1.0,0.0,0.0,0.0,0.0,1.0
291,0.3749999961672118,0.7499999923344236,-0.011516396152766758,0.0,2.109375,-0.0234375,0.0234375,1.8257297910167836,-129.6855648730778,7.368272463281755e-07,7.961422819390216,0.031100106171586296,12.0,1.0,0.0,0.0,0.0,0.0,1.0
292,0.374999996191832,0.749999992383664,-0.018825500850533146,0.0,2.109375,-0.03125,0.03125,1.8299872080096975,-104.65576633910338,7.368272463281755e-07,7.9621847437864,0.03137387055903673,12.0,1.0,0.0,0.0,0.0,0.0,1.0
293,0.37499999585763266,0.7499999917152653,-0.024328189509819458,0.0,2.1640625,0.2265625,-0.2265625,1.9171283330069855,-126.76839375146244,7.368272463281755e-07,7.957601955668493,0.03136514059521935,12.0,1.0,0.0,0.0,0.0,0.0,1.0
294,0.39583332875000005,0.7916666575000001,-0.022716780634806644,0.0,2.0546875,0.1875,-0.1875,1.7771894169854932,-135.84287279130388,7.368272463281755e-07,7.886022702604532,0.04528352793422528,12.0,2.0,0.0,0.0,0.0,0.0,1.0
295,0.39583332875000005,0.7916666575000001,-0.02563708374980438,0.0,2.2109375,0.015625,-0.015625,1.9044550830149092,-107.94865409316422,7.368272463281755e-07,7.960344433107159,0.03118085354005664,12.0,1.0,0.0,0.0,0.0,0.0,1.0
296,0.39583332875000005,0.7916666575000001,-0.01949413997444156,0.0,2.1640625,-0.0078125,0.0078125,1.8877957919612527,-107.48383172163034,7.368272463281755e-07,7.9662985341115435,0.031040214002132416,12.0,1.0,0.0,0.0,0.0,0.0,1.0
297,0.39583332875000005,0.7916666575000001,-0.018596805732618547,0.0,2.171875,0.28125,-0.28125,1.9460981669835746,-90.6979098683424,7.368272463281755e-07,7.978042660789057,0.03129958913434001,12.0,1.0,0.0,0.0,0.0,0.0,1.0
298,0.39583332875000005,0.7916666575000001,-0.011285649507127073,0.0,2.078125,-0.2890625,0.2890625,1.8419988339883275,-100.39830457155865,7.368272463281755e-07,7.985624012621966,0.03166571479629387,12.0,1.0,0.0,0.0,0.0,0.0,1.0
299,0.39583332875000005,0.7916666575000001,-0.01819935147893556,0.0,2.1796875,0.0390625,-0.0390625,1.8867683749995194,-109.18685343637262,7.368272463281755e-07,8.002550203014504,0.03200848089049528,12.0,1.0,0.0,0.0,0.0,0.0,1.0
300,0.39583332875000005,0.7916666575000001,-0.019007171259460533,0.0,2.1796875,-0.03125,0.03125,1.8828954169875942,-91.69118013123457,7.368272463281755e-07,8.025415041229941,0.03231368596574281,12.0,1.0,0.0,0.0,0.0,0.0,1.0
301,0.37499999583333343,0.7499999916666669,-0.012573714905626554,0.0,2.140625,0.0,0.0,1.8603432080126368,-109.76023355213395,7.368272463281755e-07,8.039846281436356,0.03267346878783428,12.0,1.0,0.0,0.0,0.0,0.0,1.0
302,0.37499999583333343,0.7499999916666669,-0.027918459962354966,0.0,2.09375,0.2578125,-0.2578125,1.8047302910126746,-139.39234715032933,7.368272463281755e-07,7.699197775787777,0.041084504233569734,12.0,3.0,0.0,0.0,0.0,0.0,1.0
303,0.37499999583333343,0.7499999916666669,-0.020026334391230204,0.0,2.109375,0.109375,-0.109375,1.8095039579784498,-121.87925355964236,7.368272463281755e-07,7.711730836166276,0.041503784104457334,12.0,3.0,0.0,0.0,0.0,0.0,1.0
304,0.37499999583333343,0.7499999916666669,-0.020075991724101832,0.0,2.078125,0.2734375,-0.2734375,1.8239114580210298,-131.66421148427446,7.368272463281755e-07,7.72564517127143,0.041873225774098605,12.0,3.0,0.0,0.0,0.0,0.0,1.0
305,0.37499999583333343,0.7499999916666669,-0.01836775673854674,0.0,2.1171875,0.390625,-0.390625,1.8600523750064895,-179.26441482996148,7.368272463281755e-07,7.736410740349028,0.04232270474959579,12.0,3.0,0.0,0.0,0.0,0.0,1.0
306,0.37499999583333343,0.7499999916666669,-0.02194548904405886,0.0,2.1015625,-0.0703125,0.0703125,1.818654417002108,-188.71663814450727,7.368272463281755e-07,7.746163109938304,0.04266786890932255,12.0,3.0,0.0,0.0,0.0,0.0,1.0
307,0.37499999583333343,0.7499999916666669,-0.01722261487132664,0.0,2.109375,-0.1015625,0.1015625,1.8504609999945387,-199.43846051825417,7.368272463281755e-07,7.754194491439396,0.043065790035244494,12.0,3.0,0.0,0.0,0.0,0.0,1.0
308,0.37499999583333343,0.7499999916666669,-0.021825208255486183,0.0,2.0859375,0.0859375,-0.0859375,1.8082059999578632,-153.60860767770797,7.368272463281755e-07,7.76309351126353,0.04339501391061478,12.0,3.0,0.0,0.0,0.0,0.0,1.0
309,0.37499999583333343,0.7499999916666669,-0.016874549320614277,0.0,2.109375,0.2265625,-0.2265625,1.8312273329938762,-166.29112355333788,7.368272463281755e-07,7.7710041006406145,0.043777872109785676,12.0,3.0,0.0,0.0,0.0,0.0,1.0
310,0.37499999583333343,0.7499999916666669,-0.024056649385099202,0.0,2.09375,-0.0078125,0.0078125,1.8249891659943387,-166.28853401274824,7.368272463281755e-07,7.777551074822743,0.044139682289419904,12.0,3.0,0.0,0.0,0.0,0.0,1.0
311,0.37499999583333343,0.7499999916666669,-0.018953701862822313,0.0,2.125,0.40625,-0.40625,1.8691817090148106,-189.2383967311505,7.368272463281755e-07,7.78367194864485,0.04452807797739903,12.0,3.0,0.0,0.0,0.0,0.0,1.0
312,0.37499999583333343,0.7499999916666669,-0.021093995281079417,0.0,2.078125,0.3046875,-0.3046875,1.8037857920280658,-173.5762851475773,7.368272463281755e-07,7.789967351489597,0.044854829294814005,12.0,3.0,0.0,0.0,0.0,0.0,1.0
313,0.37499999583333343,0.7499999916666669,-0.03152684509645541,0.0,2.0859375,0.265625,-0.265625,1.8130872080218978,-185.53273162948952,7.368272463281755e-07,7.794364240434435,0.045192834403779775,12.0,3.0,0.0,0.0,0.0,0.0,1.0
314,0.37499999583333343,0.7499999916666669,-0.016317670933019657,0.0,2.09375,0.296875,-0.296875,1.8046047090319917,-167.86464472804496,7.368272463281755e-07,7.798446582423316,0.0455043574846867,12.0,3.0,0.0,0.0,0.0,0.0,1.0
315,0.37499999583333343,0.7499999916666669,-0.02326275912326281,0.0,2.1015625,0.234375,-0.234375,1.8326800410286523,-214.38793673923024,7.368272463281755e-07,7.801204694641961,0.04588051292941802,12.0,3.0,0.0,0.0,0.0,0.0,1.0
316,0.37499999583333343,0.7499999916666669,-0.027939528335542536,0.0,2.0625,0.2265625,-0.2265625,1.8121676670270972,-275.85300703753126,7.368272463281755e-07,7.804150071409014,0.046158749454965196,12.0,3.0,0.0,0.0,0.0,0.0,1.0
317,0.37499999583333343,0.7499999916666669,-0.02790063272898251,0.0,2.0625,0.0859375,-0.0859375,1.8129546670243144,-211.52498723656842,7.368272463281755e-07,7.8064376380708485,0.04646107704482145,12.0,3.0,0.0,0.0,0.0,0.0,1.0
318,0.37499999583333343,0.7499999916666669,-0.018426486998889345,0.0,2.046875,-0.1015625,0.1015625,1.7720791660249233,-257.31800204560955,7.368272463281755e-07,7.807850440343221,0.04671344324015081,12.0,3.0,0.0,0.0,0.0,0.0,1.0
319,0.37499999583333343,0.7499999916666669,-0.0223448748979509,0.0,2.0546875,0.28125,-0.28125,1.7854367909603752,-255.48864133367067,7.368272463281755e-07,7.808974272674984,0.047015496995300055,12.0,3.0,0.0,0.0,0.0,0.0,1.0
320,0.37499999583333343,0.7499999916666669,-0.02007838010380522,0.0,2.0546875,0.1171875,-0.1171875,1.7751363330171444,-212.0696935449716,7.368272463281755e-07,7.809329463375939,0.04729824815876782,12.0,3.0,0.0,0.0,0.0,0.0,1.0
321,0.37499999583333343,0.7499999916666669,-0.026481092602553626,0.0,2.0703125,0.109375,-0.109375,1.8127372920280322,-223.2229709584758,7.368272463281755e-07,7.809138834476471,0.04760000337329176,12.0,3.0,0.0,0.0,0.0,0.0,1.0
322,0.37499999583333343,0.7499999916666669,-0.020354242750008973,0.0,2.09375,0.1328125,-0.1328125,1.8406873329658993,-241.16382036191314,7.368272463281755e-07,7.8089809152815075,0.04798413520782358,12.0,3.0,0.0,0.0,0.0,0.0,1.0
323,0.37499999583333343,0.7499999916666669,-0.020852021485927748,0.0,2.0625,0.140625,-0.140625,1.788416084018536,-282.50130440926915,7.368272463281755e-07,7.809066600269741,0.048310407877175346,12.0,3.0,0.0,0.0,0.0,0.0,1.0
324,0.37499999583333343,0.7499999916666669,-0.017315543734210362,0.0,2.0703125,0.1875,-0.1875,1.8587374159833416,-252.33709222010847,7.368272463281755e-07,7.8074835605091515,0.048638268270426326,12.0,3.0,0.0,0.0,0.0,0.0,1.0
325,0.37499999583333343,0.7499999916666669,-0.024975669236611608,0.0,2.078125,0.1640625,-0.1640625,1.8029694999568164,-247.72383863585335,7.368272463281755e-07,7.806294348504808,0.04901509126648307,12.0,3.0,0.0,0.0,0.0,0.0,1.0
326,0.37499999583333343,0.7499999916666669,-0.018056394136195968,0.0,2.0546875,0.0546875,-0.0546875,1.8282550409785472,-306.94079729178105,7.368272463281755e-07,7.8046405977673,0.04929288554315766,12.0,3.0,0.0,0.0,0.0,0.0,1.0
327,0.37499999583333343,0.7499999916666669,-0.028056278823565924,0.0,2.03125,0.1171875,-0.1171875,1.7919782499666326,-250.31153101187485,7.368272463281755e-07,7.803621702724033,0.04956825382800566,12.0,3.0,0.0,0.0,0.0,0.0,1.0
328,0.37499999583333343,0.7499999916666669,-0.01701436943806498,0.0,2.0859375,-0.0234375,0.0234375,1.8204292919836007,-283.23830207367513,7.368272463281755e-07,7.80291540755166,0.04990146218592094,12.0,3.0,0.0,0.0,0.0,0.0,1.0
329,0.37499999583333343,0.7499999916666669,-0.020507386023199643,0.0,2.0390625,-0.0078125,0.0078125,1.79684670799179,-291.05238341463024,7.368272463281755e-07,7.800417429871029,0.05018078885041177,12.0,3.0,0.0,0.0,0.0,0.0,1.0
330,0.37499999583333343,0.7499999916666669,-0.025201054895936173,0.0,2.1015625,0.1796875,-0.1796875,1.8177208330016583,-263.35681291583745,7.368272463281755e-07,7.797132955657111,0.05057531145090858,12.0,3.0,0.0,0.0,0.0,0.0,1.0
331,0.37499999583333343,0.7499999916666669,-0.019309788331466245,0.0,2.0703125,-0.046875,0.046875,1.8120884579839185,-375.1101834054263,7.368272463281755e-07,7.79589937792884,0.05090611751398279,12.0,3.0,0.0,0.0,0.0,0.0,1.0
332,0.37499999583333343,0.7499999916666669,-0.01567263206737134,0.0,2.0625,0.0703125,-0.0703125,1.796626333030872,-367.49180230949867,7.368272463281755e-07,7.794546511438158,0.0512294272840437,12.0,3.0,0.0,0.0,0.0,0.0,1.0
333,0.37499999583333343,0.7499999916666669,-0.022373942985369877,0.0,2.1484375,0.34375,-0.34375,1.8850154579849914,-319.5525220454823,7.368272463281755e-07,7.791235605875651,0.05169826347587837,12.0,3.0,0.0,0.0,0.0,0.0,1.0
334,0.37499999583333343,0.7499999916666669,-0.03157300586531853,0.0,2.0625,0.1171875,-0.1171875,1.788716375012882,-319.9199198159304,7.368272463281755e-07,7.787835995356242,0.051974974727878966,12.0,3.0,0.0,0.0,0.0,0.0,1.0
335,0.37499999583333343,0.7499999916666669,-0.021158577463420602,0.0,2.0859375,0.34375,-0.34375,1.8103825420257635,-355.95457686377824,7.368272463281755e-07,7.784796317418416,0.052277256812279425,12.0,3.0,0.0,0.0,0.0,0.0,1.0
336,0.37499999583333343,0.7499999916666669,-0.03339584230362688,0.0,2.125,0.328125,-0.328125,1.8501453749486245,-405.9527507792501,7.368272463281755e-07,7.782280438476139,0.05264694044469959,12.0,3.0,0.0,0.0,0.0,0.0,1.0
337,0.37499999583333343,0.7499999916666669,-0.03371203964517933,0.0,2.1171875,0.1171875,-0.1171875,1.8609372909995727,-372.6756515907625,7.368272463281755e-07,7.775128391053942,0.05293554711776475,12.0,3.0,0.0,0.0,0.0,0.0,1.0
338,0.37499999583333343,0.7499999916666669,-0.023946632471983417,0.0,2.1015625,0.25,-0.25,1.8332110419869423,-318.22690138852283,7.368272463281755e-07,7.769961032602522,0.05323124449286196,12.0,3.0,0.0,0.0,0.0,0.0,1.0
339,0.37499999583333343,0.7499999916666669,-0.0242934700841265,0.0,2.0390625,-0.2734375,0.2734375,1.785073791979812,-354.730163804416,7.368272463281755e-07,7.765566236442989,0.053427784729542,12.0,3.0,0.0,0.0,0.0,0.0,1.0
340,0.37499999583333343,0.7499999916666669,-0.020588820397638555,0.0,2.078125,0.1484375,-0.1484375,1.8243026249692775,-322.8350348185776,7.368272463281755e-07,7.75995796918869,0.05368843312478728,12.0,3.0,0.0,0.0,0.0,0.0,1.0
341,0.37499999583333343,0.7499999916666669,-0.03234587359955891,0.0,2.0546875,0.0625,-0.0625,1.7997229170287028,-431.900809211876,7.368272463281755e-07,7.7566002938482494,0.05396509297295577,12.0,3.0,0.0,0.0,0.0,0.0,1.0
342,0.37499999583333343,0.7499999916666669,-0.03535830219704137,0.0,2.0859375,0.0234375,-0.0234375,1.8220922499895096,-315.1635899811648,7.368272463281755e-07,7.75230966673957,0.054222490224573344,12.0,3.0,0.0,0.0,0.0,0.0,1.0
343,0.37499999583333343,0.7499999916666669,-0.023107517020165346,0.0,2.1015625,0.140625,-0.140625,1.842725457972847,-393.46367608570256,7.368272463281755e-07,7.746272875203027,0.05455850144951708,12.0,3.0,0.0,0.0,0.0,0.0,1.0
344,0.37499999583333343,0.7499999916666669,-0.019070945453287358,0.0,2.078125,-0.0625,0.0625,1.8057726659462787,-409.07826976489304,7.368272463281755e-07,7.739577790101369,0.05484103783965111,12.0,3.0,0.0,0.0,0.0,0.0,1.0
345,0.37499999583333343,0.7499999916666669,-0.021456953703255812,0.0,2.0703125,0.1953125,-0.1953125,1.8491606669849716,-482.49902138260177,7.368272463281755e-07,7.735413869222005,0.05515937820180423,12.0,3.0,0.0,0.0,0.0,0.0,1.0
346,0.37499999583333343,0.7499999916666669,-0.03219824921339354,0.0,2.0859375,-0.2421875,0.2421875,1.8244098750292324,-376.69521887918535,7.368272463281755e-07,7.726451615492503,0.05541258010392388,12.0,3.0,0.0,0.0,0.0,0.0,1.0
347,0.37499999583333343,0.7499999916666669,-0.017778803811618036,0.0,2.140625,0.140625,-0.140625,1.8550812920439057,-348.46342475222843,7.368272463281755e-07,7.716218584113651,0.05573194512786964,12.0,3.0,0.0,0.0,0.0,0.0,1.0
348,0.37499999583333343,0.7499999916666669,-0.026690422610744738,0.0,2.1015625,0.328125,-0.328125,1.8556532500078902,-487.3518818461762,7.368272463281755e-07,7.709669272104899,0.05607584033471843,12.0,3.0,0.0,0.0,0.0,0.0,1.0
349,0.37499999583333343,0.7499999916666669,-0.023105050732772085,0.0,2.109375,0.203125,-0.203125,1.8418541669961996,-483.9987922774421,7.368272463281755e-07,7.701448294851515,0.05638482977843119,12.0,3.0,0.0,0.0,0.0,0.0,1.0
350,0.37499999583333343,0.7499999916666669,-0.03310461199898308,0.0,2.0546875,0.2578125,-0.2578125,1.8035798330092803,-507.7102433810216,7.368272463281755e-07,7.693226582474178,0.05663173024853071,12.0,3.0,0.0,0.0,0.0,0.0,1.0
351,0.34856783503930533,0.6971356700786107,-0.03981781933819658,0.0,2.0859375,0.1171875,-0.1171875,1.8024134579463862,-477.7482521882218,7.368272463281755e-07,7.686191976070404,0.056897710814761616,12.0,3.0,0.0,0.0,0.0,0.0,1.0
352,0.3168929972146489,0.6337859944292978,-0.02263678152334462,0.0,2.1015625,0.171875,-0.171875,1.8163886250113137,-426.2967721059863,7.368272463281755e-07,7.674944433901045,0.05714062033479826,12.0,3.0,0.0,0.0,0.0,0.0,1.0
353,0.30141232011111113,0.6028246402222223,-0.02356088731834618,0.0,2.1640625,0.1171875,-0.1171875,1.8990944169927388,-461.77807071148703,7.368272463281755e-07,7.65877201822069,0.05743823985620919,12.0,3.0,0.0,0.0,0.0,0.0,1.0
354,0.29870977582669656,0.5974195516533931,-0.03045081387085721,0.0,2.203125,0.25,-0.25,1.925231833010912,-574.5211503843889,7.368272463281755e-07,7.649631427394019,0.057815910892612815,12.0,3.0,0.0,0.0,0.0,0.0,1.0
355,0.2976289032585356,0.5952578065170712,-0.025658853689533415,0.0,2.15625,0.1953125,-0.1953125,1.882287541986443,-510.73137476651567,7.368272463281755e-07,7.641320248444875,0.05810576096539282,12.0,3.0,0.0,0.0,0.0,0.0,1.0
356,0.29697569430959514,0.5939513886191903,-0.02821076636437337,0.0,2.1484375,0.125,-0.125,1.8773895829799585,-519.7702929184653,7.368272463281755e-07,7.632716311348809,0.05836273769091349,12.0,3.0,0.0,0.0,0.0,0.0,1.0
357,0.2956098818290697,0.5912197636581394,-0.03629940545687746,0.0,2.171875,0.140625,-0.140625,1.9001643340452574,-680.200114469734,7.368272463281755e-07,7.626464105314678,0.0587237073573811,12.0,3.0,0.0,0.0,0.0,0.0,1.0
358,0.32331515403283906,0.6466303080656781,-0.033360352041864834,0.0,2.203125,0.21875,-0.21875,1.9128922499949113,-501.5169819382066,7.368272463281755e-07,7.795122626423836,0.04034586729030707,12.0,2.0,0.0,0.0,0.0,0.0,1.0
359,0.33331716519734733,0.6666343303946947,-0.027052051384395842,0.0,2.3125,0.234375,-0.234375,1.9844463330227882,-241.91577831796698,7.368272463281755e-07,8.025289932435209,0.04860336865266907,12.0,1.0,0.0,0.0,0.0,0.0,1.0
360,0.33849436754314927,0.6769887350862985,-0.0265870559260186,0.0,2.2890625,0.1171875,-0.1171875,2.0033144999761134,-360.5977660429763,7.368272463281755e-07,8.031759595329111,0.04925178325025958,12.0,1.0,0.0,0.0,0.0,0.0,1.0
361,0.3403516711991135,0.680703342398227,-0.031186810565355213,0.0,2.34375,0.171875,-0.171875,2.012017957982607,-304.84558379332225,7.368272463281755e-07,8.028998609293591,0.04975729108925655,12.0,1.0,0.0,0.0,0.0,0.0,1.0
362,0.34068323103717824,0.6813664620743565,-0.010066186318110857,0.0,2.28125,0.03125,-0.03125,1.9931518330122344,-298.96935970815895,7.368272463281755e-07,8.028096808628602,0.05134232459981418,12.0,1.0,0.0,0.0,0.0,0.0,1.0
363,0.34006427273534817,0.6801285454706963,-0.04172220607240772,0.0,2.3046875,-0.21875,0.21875,1.9912656669621356,-21.91211453453969,7.368272463281755e-07,8.027033511549234,0.05169444456061518,12.0,1.0,0.0,0.0,0.0,0.0,1.0
364,0.33874154710438736,0.6774830942087747,-0.022953812104403424,0.0,2.328125,0.203125,-0.203125,2.012861083028838,-200.92615054437778,7.368272463281755e-07,8.030796810307287,0.052032311335841026,12.0,1.0,0.0,0.0,0.0,0.0,1.0
365,0.3348527007363224,0.6697054014726448,-0.027343842008991644,0.0,2.265625,-0.1953125,0.1953125,1.9576895000063814,-224.3436590885294,7.368272463281755e-07,8.034075596793132,0.052345477565805515,12.0,1.0,0.0,0.0,0.0,0.0,1.0
366,0.32929975664338,0.65859951328676,-0.031598351476922214,0.0,2.28125,-0.046875,0.046875,2.0061471670051105,-342.95405011797607,7.368272463281755e-07,8.038093173368411,0.05271349426898682,12.0,1.0,0.0,0.0,0.0,0.0,1.0
367,0.3018823262614772,0.6037646525229544,-0.030322286707114336,0.0,2.2890625,0.1015625,-0.1015625,2.056759042025078,-468.3711870896531,7.368272463281755e-07,8.042892263694243,0.053098556645140474,12.0,1.0,0.0,0.0,0.0,0.0,1.0
368,0.2916666633333334,0.5833333266666668,-0.025178821055764536,0.0,2.28125,-0.0625,0.0625,1.9751258339965716,-506.964718590044,7.368272463281755e-07,8.046976668929512,0.05345550293356444,12.0,1.0,0.0,0.0,0.0,0.0,1.0
369,0.2916666633333334,0.5833333266666668,-0.035113973521313055,0.0,2.1328125,0.1796875,-0.1796875,1.9112852500402369,-745.7594332869674,7.368272463281755e-07,7.615987743768427,0.06303575911766125,12.0,3.0,0.0,0.0,0.0,0.0,1.0
370,0.2916666633333334,0.5833333266666668,-0.03369291455036221,0.0,2.21875,0.0859375,-0.0859375,1.9241182910045609,-562.2327250259024,7.368272463281755e-07,7.6279973809917765,0.06339961095687209,12.0,3.0,0.0,0.0,0.0,0.0,1.0
371,0.2916666633333334,0.5833333266666668,-0.04019171204804832,0.0,2.1796875,0.4140625,-0.4140625,1.9248692080145702,-736.2591698793527,7.368272463281755e-07,7.637507208519512,0.06374170874995697,12.0,3.0,0.0,0.0,0.0,0.0,1.0
372,0.2916666633333334,0.5833333266666668,-0.029508042723954856,0.0,2.1328125,0.34375,-0.34375,1.8903714169864543,-745.6172795907045,7.368272463281755e-07,7.644699383940962,0.06406487056261136,12.0,3.0,0.0,0.0,0.0,0.0,1.0
373,0.3333333295833334,0.6666666591666668,-0.027634989032771576,0.0,2.15625,0.0,0.0,1.8773370839771815,-839.280204810958,7.368272463281755e-07,7.652974033521281,0.06439277835630088,12.0,3.0,0.0,0.0,0.0,0.0,1.0
374,0.3333333295833334,0.6666666591666668,-0.03392887580792582,0.0,2.1015625,0.15625,-0.15625,1.8538255410385318,-799.2030386587944,7.368272463281755e-07,7.649678847855991,0.06459617082792748,12.0,3.0,0.0,0.0,0.0,0.0,1.0
375,0.3333333295833334,0.6666666591666668,-0.03327878848449571,0.0,2.1328125,0.15625,-0.15625,1.8683240419486538,-865.4176267407316,7.368272463281755e-07,7.646224929640691,0.06487041339278221,12.0,3.0,0.0,0.0,0.0,0.0,1.0
376,0.33333332960310347,0.6666666592062069,-0.03213516407515854,0.0,2.125,0.2421875,-0.2421875,1.8437642080243677,-845.147484712741,7.368272463281755e-07,7.643731331659688,0.06514102202426228,12.0,3.0,0.0,0.0,0.0,0.0,1.0
377,0.36066606302665216,0.7213321260533043,-0.03336676581111569,0.0,2.078125,0.1796875,-0.1796875,1.8054276669863611,-907.9612628678631,7.368272463281755e-07,7.878297034278512,0.04395513684503385,12.0,2.0,0.0,0.0,0.0,0.0,1.0
378,0.3720121184572268,0.7440242369144536,-0.04309326065169088,0.0,2.1953125,-0.0078125,0.0078125,1.9222877920255996,-456.1057981341759,7.368272463281755e-07,8.069800037382679,0.05599838562565393,12.0,1.0,0.0,0.0,0.0,0.0,1.0
379,0.3787068971038019,0.7574137942076038,-0.039114574813538694,0.0,2.2265625,0.078125,-0.078125,1.9487106659798883,-447.7220928894846,7.368272463281755e-07,8.07014344801957,0.0563525694062512,12.0,1.0,0.0,0.0,0.0,0.0,1.0
380,0.3852405785964892,0.7704811571929784,-0.0433946790774119,0.0,2.234375,-0.1015625,0.1015625,1.947783250012435,-248.79687358616115,7.368272463281755e-07,8.071002634242177,0.056790289798135,12.0,1.0,0.0,0.0,0.0,0.0,1.0
381,0.39023428794462356,0.7804685758892471,-0.03416243750230968,0.0,2.3203125,0.25,-0.25,2.02067070803605,-270.37020680398655,7.368272463281755e-07,8.072544255717235,0.05714475642691303,12.0,1.0,0.0,0.0,0.0,0.0,1.0
382,0.39583332875000005,0.7916666575000001,-0.037462733324042645,0.0,2.2421875,0.140625,-0.140625,1.9410638749832287,21.243973389735206,7.368272463281755e-07,8.075497634708881,0.057426767992596564,12.0,1.0,0.0,0.0,0.0,0.0,1.0
383,0.39583332875000005,0.7916666575000001,-0.023641936205637138,0.0,2.3203125,0.2421875,-0.2421875,2.0061059170402586,128.13599585523508,7.368272463281755e-07,8.078848937695676,0.05773740644640797,12.0,1.0,0.0,0.0,0.0,0.0,1.0
384,0.39583332875000005,0.7916666575000001,-0.049240664840733375,0.0,2.2421875,-0.078125,0.078125,1.9351552079897374,-312.45789398964274,7.368272463281755e-07,8.081447689370675,0.05799097662516446,12.0,1.0,0.0,0.0,0.0,0.0,1.0
385,0.39583332875000005,0.7916666575000001,-0.03247953247338632,0.0,2.359375,0.0546875,-0.0546875,2.0274292499525473,-146.87311970161286,7.368272463281755e-07,8.084288635037161,0.05828781293133612,12.0,1.0,0.0,0.0,0.0,0.0,1.0
386,0.39583332875000005,0.7916666575000001,-0.03495989209523091,0.0,2.3046875,-0.0625,0.0625,1.9724937910214067,-2.9161910428839213,7.368272463281755e-07,8.087478400631385,0.05861090775579214,12.0,1.0,0.0,0.0,0.0,0.0,1.0
387,0.39583332875000005,0.7916666575000001,-0.037878344980370515,0.0,2.2578125,-0.046875,0.046875,1.96320925001055,145.95258635880626,7.368272463281755e-07,8.090706947174938,0.05891733430855146,12.0,1.0,0.0,0.0,0.0,0.0,1.0
388,0.31249999625,0.6249999925,-0.038780287176681916,0.0,2.234375,0.265625,-0.265625,1.9290436249575578,-34.90420257461655,7.368272463281755e-07,8.093980023806745,0.05922100816281851,12.0,1.0,0.0,0.0,0.0,0.0,1.0
389,0.31249999625,0.6249999925,-0.03554076846268995,0.0,2.2578125,-0.046875,0.046875,1.9695633329683915,-385.228508124302,7.368272463281755e-07,8.10813963955099,0.05970955802529881,12.0,1.0,0.0,0.0,0.0,0.0,1.0
390,0.2916666633333334,0.5833333266666668,-0.025883320643722826,0.0,2.265625,0.046875,-0.046875,1.9828204999794252,-529.265569052203,7.368272463281755e-07,8.118336498737335,0.06013354388944043,12.0,1.0,0.0,0.0,0.0,0.0,1.0
391,0.2916666633333334,0.5833333266666668,-0.04794527538970035,0.0,2.1640625,0.2109375,-0.2109375,1.9168172090430744,-910.1151676212407,7.368272463281755e-07,7.710000332858828,0.07036670602651106,12.0,3.0,0.0,0.0,0.0,0.0,1.0
392,0.2916666633333334,0.5833333266666668,-0.03198366916448488,0.0,2.109375,0.265625,-0.265625,1.855360749992542,-818.0317640551814,7.368272463281755e-07,7.729438794983758,0.07073304834516926,12.0,3.0,0.0,0.0,0.0,0.0,1.0
393,0.2916666633333334,0.5833333266666668,-0.025314805053780934,0.0,2.1328125,0.0625,-0.0625,1.8488035420305096,-950.5665613880087,7.368272463281755e-07,7.747272165285216,0.07113672437198046,12.0,3.0,0.0,0.0,0.0,0.0,1.0
394,0.2916666633333334,0.5833333266666668,-0.0361747461614561,0.0,2.171875,0.125,-0.125,1.9547024160274304,-699.4439061151134,7.368272463281755e-07,7.77403671377235,0.07157395339001799,12.0,3.0,0.0,0.0,0.0,0.0,1.0
395,0.2916666633631286,0.5833333267262572,-0.04169866322806151,0.0,2.125,-0.1015625,0.1015625,1.8802317500230856,-969.750620480846,7.368272463281755e-07,7.7921196884579125,0.07185874945328881,12.0,3.0,0.0,0.0,0.0,0.0,1.0
396,0.29166666352362586,0.5833333270472517,-0.03289122663249713,0.0,2.1953125,0.1796875,-0.1796875,1.8970598750165664,-833.5803103735439,7.368272463281755e-07,8.037475654482842,0.049461865366902204,12.0,2.0,0.0,0.0,0.0,0.0,1.0
397,0.2937935222842012,0.5875870445684024,-0.032664273228668016,0.0,2.1953125,0.1875,-0.1875,1.9181280829943717,-1094.5767163857022,7.368272463281755e-07,8.23109285397963,0.06226221110079099,12.0,1.0,0.0,0.0,0.0,0.0,1.0
398,0.3345051031675513,0.6690102063351026,-0.02983550143779475,0.0,2.234375,0.265625,-0.265625,1.9627842920017429,-1082.0058526726036,7.368272463281755e-07,8.236928308551962,0.06260338225613603,12.0,1.0,0.0,0.0,0.0,0.0,1.0
399,0.35416666250000006,0.7083333250000001,-0.029490728440059028,0.0,2.2890625,0.03125,-0.03125,2.004552375001367,-480.73776863866294,7.368272463281755e-07,8.231557315046137,0.0630306330091447,12.0,1.0,0.0,0.0,0.0,0.0,1.0
400,0.35416666250000006,0.7083333250000001,-0.04447008319761502,0.0,2.3984375,0.0625,-0.0625,2.0729840839630924,-347.59601794935594,7.368272463281755e-07,8.240480844270099,0.0634572934359312,12.0,1.0,0.0,0.0,0.0,0.0,1.0
401,0.35416666250000006,0.7083333250000001,-0.032423919110657506,0.0,2.28125,-0.0078125,0.0078125,1.967434041958768,-63.83947537696525,7.368272463281755e-07,8.251285552978516,0.06392452479551801,12.0,1.0,0.0,0.0,0.0,0.0,1.0
402,0.35416666250000006,0.7083333250000001,-0.04284520393851196,0.0,2.3515625,0.1328125,-0.1328125,2.0385993749951012,-79.7840321689745,7.368272463281755e-07,8.275543066588314,0.06427475045943125,12.0,1.0,0.0,0.0,0.0,0.0,1.0
403,0.35416666250000006,0.7083333250000001,-0.04941114212545197,0.0,2.34375,0.0390625,-0.0390625,2.0047021660138853,24.423506622314452,7.368272463281755e-07,8.298633691939441,0.06460891056551853,12.0,1.0,0.0,0.0,0.0,0.0,1.0
404,0.35416666250000006,0.7083333250000001,-0.024991749412599008,0.0,2.3125,0.0625,-0.0625,1.9780175409978256,107.2855499370678,7.368272463281755e-07,8.315326262604106,0.06487605727108364,12.0,1.0,0.0,0.0,0.0,0.0,1.0
405,0.35416666250000006,0.7083333250000001,-0.04052979077964817,0.0,2.2890625,-0.0703125,0.0703125,2.0000192080042325,-111.81281080018131,7.368272463281755e-07,8.331523358821869,0.06516077788546681,12.0,1.0,0.0,0.0,0.0,0.0,1.0
406,0.35416666250000006,0.7083333250000001,-0.0339230606052281,0.0,2.3359375,0.1484375,-0.1484375,2.04910129198106,-34.244715623632324,7.368272463281755e-07,8.342165670611642,0.065436746946282,12.0,1.0,0.0,0.0,0.0,0.0,1.0
407,0.35416666250000006,0.7083333250000001,-0.029098503907380394,0.0,2.328125,-0.09375,0.09375,2.0185705830226652,9.960261412114905,7.368272463281755e-07,8.354187174276872,0.06569484195841307,12.0,1.0,0.0,0.0,0.0,0.0,1.0
408,0.35416666250000006,0.7083333250000001,-0.03619225239783181,0.0,2.3984375,-0.0390625,0.0390625,2.054057500034105,-16.244815226874834,7.368272463281755e-07,8.371378752318295,0.06600281473418529,12.0,1.0,0.0,0.0,0.0,0.0,1.0
409,0.31249999625,0.6249999925,-0.04252333286459786,0.0,2.2890625,-0.3515625,0.3515625,1.9889145420165733,-285.9116628633831,7.368272463281755e-07,8.383478560230948,0.06634582342071967,12.0,1.0,0.0,0.0,0.0,0.0,1.0
410,0.31249999625,0.6249999925,-0.03870439966456407,0.0,2.21875,0.0859375,-0.0859375,1.9417251250124536,-721.5033713058687,7.368272463281755e-07,8.373378412290053,0.0665482553251257,12.0,1.0,0.0,0.0,0.0,0.0,1.0
411,0.2916666633333334,0.5833333266666668,-0.03859629342459894,0.0,2.2734375,-0.109375,0.109375,1.9969980419846252,-486.7029610859979,7.368272463281755e-07,8.378455140373923,0.06683875273235819,12.0,1.0,0.0,0.0,0.0,0.0,1.0
412,0.2916666633450534,0.5833333266901068,-0.032441394682793334,0.0,2.1953125,-0.0234375,0.0234375,1.924312999995891,-713.5664520840628,7.368272463281755e-07,8.007460859086779,0.07776546445933895,12.0,3.0,0.0,0.0,0.0,0.0,1.0
413,0.2916666633577589,0.5833333267155179,-0.03429100520848608,0.0,2.1328125,0.2578125,-0.2578125,1.8580079579842277,-1001.3791696317903,7.368272463281755e-07,8.020281718836891,0.07796023149664204,12.0,3.0,0.0,0.0,0.0,0.0,1.0
414,0.2916666633709699,0.5833333267419398,-0.057798861017618254,0.0,2.203125,0.0234375,-0.0234375,1.9007863749866374,-872.253564215721,7.368272463281755e-07,8.239243197441102,0.054356385464780034,12.0,2.0,0.0,0.0,0.0,0.0,1.0
415,0.29166666338890557,0.5833333267778111,-0.03935019666974761,0.0,2.1953125,0.265625,-0.265625,1.9267151249805465,-970.2262271562081,7.368272463281755e-07,8.255909836292266,0.05465486270841211,12.0,2.0,0.0,0.0,0.0,0.0,1.0
416,0.29166666340904285,0.5833333268180857,-0.04470504530272171,0.0,2.171875,0.2421875,-0.2421875,1.8923910839948803,-1118.8359028589812,7.368272463281755e-07,8.2735012114048,0.09078558185137808,12.0,2.0,0.0,0.0,0.0,0.0,1.0
417,0.2916666634305962,0.5833333268611924,-0.043507620441686705,0.0,2.1796875,0.2734375,-0.2734375,1.8987333750119433,-1033.4607064441968,7.368272463281755e-07,8.29313617348671,0.0910412878729403,12.0,2.0,0.0,0.0,0.0,0.0,1.0
418,0.2916666634611843,0.5833333269223686,-0.05047312459775874,0.0,2.234375,0.078125,-0.078125,1.9481691669789143,-1234.3399321516076,7.368272463281755e-07,8.316336303949356,0.0913576832972467,12.0,2.0,0.0,0.0,0.0,0.0,1.0
419,0.2916666634963119,0.5833333269926237,-0.052252458769576626,0.0,2.1875,0.1953125,-0.1953125,1.9216724170255475,-1161.2979178871428,7.368272463281755e-07,8.334226000308991,0.09168413034640252,12.0,2.0,0.0,0.0,0.0,0.0,1.0
420,0.29166666357379945,0.5833333271475989,-0.042182343674018796,0.0,2.15625,0.109375,-0.109375,1.8817166249500588,-1178.1068931489751,7.368272463281755e-07,8.496566165577281,0.068962377961725,12.0,1.0,0.0,0.0,0.0,0.0,1.0
421,0.2981426203177376,0.5962852406354752,-0.040948279012488556,0.0,2.25,0.03125,-0.03125,1.9851167500019073,-915.1747920446926,7.368272463281755e-07,8.494857517155735,0.06938063228418204,12.0,1.0,0.0,0.0,0.0,0.0,1.0
422,0.35416666250000006,0.7083333250000001,-0.04251634951908732,0.0,2.2265625,-0.0546875,0.0546875,1.9244722080184147,-887.5983848571777,7.368272463281755e-07,8.487439968369223,0.0697869266891344,12.0,1.0,0.0,0.0,0.0,0.0,1.0
423,0.35416666250000006,0.7083333250000001,-0.03289748377512496,0.0,2.3359375,-0.21875,0.21875,2.0183218750171363,-101.19699268277273,7.368272463281755e-07,8.443559790199453,0.07054809876717627,12.0,1.0,0.0,0.0,0.0,0.0,1.0
424,0.35416666250000006,0.7083333250000001,-0.0430991537228551,0.0,2.3125,-0.0234375,0.0234375,2.0150750409811735,-130.64221103771314,7.368272463281755e-07,8.45562407374382,0.07106256434185938,12.0,1.0,0.0,0.0,0.0,0.0,1.0
425,0.35416666250000006,0.7083333250000001,-0.04201299341149611,0.0,2.3671875,0.0625,-0.0625,2.038166165992152,-192.07164206048444,7.368272463281755e-07,8.494894873012196,0.07141300510953773,12.0,1.0,0.0,0.0,0.0,0.0,1.0
426,0.35416666250000006,0.7083333250000001,-0.04952322057998669,0.0,2.3203125,0.34375,-0.34375,1.9959706249646842,-33.63277216310854,7.368272463281755e-07,8.526774769479578,0.07174188567494805,12.0,1.0,0.0,0.0,0.0,0.0,1.0
427,0.35416666250000006,0.7083333250000001,-0.05324083887163188,0.0,2.34375,-0.03125,0.03125,2.0232114589889534,45.522550086975095,7.368272463281755e-07,8.552119504321706,0.07211007046597925,12.0,1.0,0.0,0.0,0.0,0.0,1.0
428,0.35416666250000006,0.7083333250000001,-0.03737231784372294,0.0,2.328125,-0.3828125,0.3828125,2.009732292033732,-121.2397881578279,7.368272463281755e-07,8.571161768653177,0.0724418453279544,12.0,1.0,0.0,0.0,0.0,0.0,1.0
429,0.35416666250000006,0.7083333250000001,-0.04053496496812515,0.0,2.375,0.3671875,-0.3671875,2.0566495830425993,81.00828739216453,7.368272463281755e-07,8.586426323110407,0.07278740926730362,12.0,1.0,0.0,0.0,0.0,0.0,1.0
430,0.35416666250000006,0.7083333250000001,-0.030100761012804178,0.0,2.3515625,0.03125,-0.03125,2.0335568750160746,-98.54189455152746,7.368272463281755e-07,8.599817124280063,0.07305881681598046,12.0,1.0,0.0,0.0,0.0,0.0,1.0
431,0.35416666250000006,0.7083333250000001,-0.045143255017055475,0.0,2.328125,0.0859375,-0.0859375,2.0136680839932524,-101.06862425324101,7.368272463281755e-07,8.611432888291098,0.07334796089509671,12.0,1.0,0.0,0.0,0.0,0.0,1.0
432,0.35416666250000006,0.7083333250000001,-0.047124496301253704,0.0,2.3125,0.0234375,-0.0234375,2.0001428340328857,44.03864797385963,7.368272463281755e-07,8.622433586554093,0.07367216863415459,12.0,1.0,0.0,0.0,0.0,0.0,1.0
433,0.35416666250000006,0.7083333250000001,-0.03930302238258671,0.0,2.2890625,-0.1796875,0.1796875,1.9865044159814715,-72.52912276596746,7.368272463281755e-07,8.629891764033925,0.07395279013805768,12.0,1.0,0.0,0.0,0.0,0.0,1.0
434,0.35416666250000006,0.7083333250000001,-0.040043144673128424,0.0,2.21875,-0.109375,0.109375,1.9111372909974307,407.90006251402303,7.368272463281755e-07,8.63804596120661,0.07422324845736678,12.0,1.0,0.0,0.0,0.0,0.0,1.0
435,0.35416666250000006,0.7083333250000001,-0.05270858344455017,0.0,2.4609375,0.078125,-0.078125,2.1295374590554275,164.08102793012347,7.368272463281755e-07,8.650186733766036,0.07453344491395084,12.0,1.0,0.0,0.0,0.0,0.0,1.0
436,0.35416666250000006,0.7083333250000001,-0.03986642858825311,0.0,2.3359375,-0.0703125,0.0703125,1.9874892079969868,-70.53702510718917,7.368272463281755e-07,8.658326820893722,0.07487039437348192,12.0,1.0,0.0,0.0,0.0,0.0,1.0
437,0.35416666250000006,0.7083333250000001,-0.04644273149170912,0.0,2.2890625,-0.0625,0.0625,1.9936265000142157,-167.29237534975437,7.368272463281755e-07,8.664627465334805,0.07514887011017311,12.0,1.0,0.0,0.0,0.0,0.0,1.0
438,0.35416666250000006,0.7083333250000001,-0.05890077225997802,0.0,2.34375,-0.0234375,0.0234375,2.0009992090053856,180.26851051012676,7.368272463281755e-07,8.671829949725758,0.07543301827866923,12.0,1.0,0.0,0.0,0.0,0.0,1.0
439,0.35416666250000006,0.7083333250000001,-0.04300421592679148,0.0,2.28125,0.0859375,-0.0859375,1.9773190830019303,42.22555561261634,7.368272463281755e-07,8.676793553612448,0.07574050941250542,12.0,1.0,0.0,0.0,0.0,0.0,1.0
440,0.35416666250000006,0.7083333250000001,-0.04226680677269546,0.0,2.2890625,-0.1796875,0.1796875,1.9809339169878513,-83.76201265745196,7.368272463281755e-07,8.683397282253612,0.07604384964162653,12.0,1.0,0.0,0.0,0.0,0.0,1.0
441,0.35416666250000006,0.7083333250000001,-0.031492378343452504,0.0,2.3515625,-0.0390625,0.0390625,2.0351572500076145,-95.04049075560712,7.368272463281755e-07,8.690125281160528,0.07632801694456827,12.0,1.0,0.0,0.0,0.0,0.0,1.0
442,0.35416666250000006,0.7083333250000001,-0.055995102160909395,0.0,2.28125,0.1328125,-0.1328125,1.9716132499743253,61.352180271932525,7.368272463281755e-07,8.696435050530868,0.07663962854580446,12.0,1.0,0.0,0.0,0.0,0.0,1.0
443,0.35416666250000006,0.7083333250000001,-0.053276214082217596,0.0,2.34375,-0.046875,0.046875,2.016021916992031,-75.4564546807607,7.368272463281755e-07,8.70378012006933,0.07692110525782812,12.0,1.0,0.0,0.0,0.0,0.0,1.0
444,0.35416666250000006,0.7083333250000001,-0.040778801897511804,0.0,2.265625,-0.078125,0.078125,1.9723613749956712,-93.97230125295705,7.368272463281755e-07,8.708769126371903,0.07721590271896937,12.0,1.0,0.0,0.0,0.0,0.0,1.0
445,0.35416666250000006,0.7083333250000001,-0.04557169188524046,0.0,2.21875,0.1484375,-0.1484375,1.9280230829608627,-156.82147347759192,7.368272463281755e-07,8.713245803659612,0.07752542692998593,12.0,1.0,0.0,0.0,0.0,0.0,1.0
446,0.35416666250000006,0.7083333250000001,-0.0507692282003494,0.0,2.296875,0.078125,-0.078125,1.9713290420477279,-163.11803852133198,7.368272463281755e-07,8.717869476838546,0.07773413030769337,12.0,1.0,0.0,0.0,0.0,0.0,1.0
447,0.35416666250000006,0.7083333250000001,-0.037453210950129344,0.0,2.296875,0.0703125,-0.0703125,2.0808139169821516,-230.27737518881455,7.368272463281755e-07,8.72280326756564,0.0779907385056669,12.0,1.0,0.0,0.0,0.0,0.0,1.0
448,0.35416666250000006,0.7083333250000001,-0.018821875989639414,0.0,2.375,-0.1640625,0.1640625,2.033603999996558,-181.41830960700386,7.368272463281755e-07,8.72842543775385,0.07825333252549171,12.0,1.0,0.0,0.0,0.0,0.0,1.0
449,0.35416666250000006,0.7083333250000001,-0.045471606642088935,0.0,2.34375,0.0859375,-0.0859375,2.001281167031266,-185.96573055267334,7.368272463281755e-07,8.733229420401834,0.07846784337677738,12.0,1.0,0.0,0.0,0.0,0.0,1.0
450,0.35416666250000006,0.7083333250000001,-0.06469165300236225,0.0,2.2734375,-0.171875,0.171875,1.9952351250103675,-205.32876470900072,7.368272463281755e-07,8.737413016232578,0.07870574320920488,12.0,1.0,0.0,0.0,0.0,0.0,1.0
451,0.35416666250000006,0.7083333250000001,-0.04656780962976565,0.0,2.2734375,-0.1015625,0.1015625,1.9846439160173759,-382.08416084079806,7.368272463281755e-07,8.741152416576039,0.07896678945557638,12.0,1.0,0.0,0.0,0.0,0.0,1.0
452,0.35416666250000006,0.7083333250000001,-0.059975522295072775,0.0,2.3515625,0.109375,-0.109375,2.0536450420040637,-315.2024470294433,7.368272463281755e-07,8.745728687806563,0.0791884558275342,12.0,1.0,0.0,0.0,0.0,0.0,1.0
453,0.35416666250000006,0.7083333250000001,-0.06596178654717962,0.0,2.2890625,0.21875,-0.21875,1.9880342910182662,-167.84032364672768,7.368272463281755e-07,8.749534325166183,0.07947328271852298,12.0,1.0,0.0,0.0,0.0,0.0,1.0
454,0.35416666250000006,0.7083333250000001,-0.04437577644436142,0.0,2.390625,-0.0234375,0.0234375,2.0729207909898832,-46.067964840558616,7.368272463281755e-07,8.754463109103115,0.07971697478470477,12.0,1.0,0.0,0.0,0.0,0.0,1.0
455,0.35416666250000006,0.7083333250000001,-0.048145274034917696,0.0,2.40625,0.125,-0.125,2.1231533330283128,-290.76263309453986,7.368272463281755e-07,8.757825699719517,0.07996869654479352,12.0,1.0,0.0,0.0,0.0,0.0,1.0
456,0.35416666250000006,0.7083333250000001,-0.04399722266941479,0.0,2.359375,0.2265625,-0.2265625,2.0441764579736628,-297.480984852014,7.368272463281755e-07,8.76056228984486,0.0802042626521804,12.0,1.0,0.0,0.0,0.0,0.0,1.0
457,0.35416666250000006,0.7083333250000001,-0.04344515659384075,0.0,2.3515625,-0.2265625,0.2265625,2.0484031249652617,-360.7451198330749,7.368272463281755e-07,8.762995134700429,0.08042336119846864,12.0,1.0,0.0,0.0,0.0,0.0,1.0
458,0.35416666250000006,0.7083333250000001,-0.061679239956450506,0.0,2.296875,-0.1640625,0.1640625,2.019149917003233,-245.0832204397033,7.368272463281755e-07,8.765352335843174,0.08067596432837573,12.0,1.0,0.0,0.0,0.0,0.0,1.0
459,0.35416666250000006,0.7083333250000001,-0.05452130804118585,0.0,2.2421875,-0.0859375,0.0859375,1.9561875829822384,-93.3700850317287,7.368272463281755e-07,8.768109299919821,0.08097425619648262,12.0,1.0,0.0,0.0,0.0,0.0,1.0
460,0.35416666250000006,0.7083333250000001,-0.06687627944541165,0.0,2.2734375,-0.03125,0.03125,1.9831774590420537,-290.7476698065951,7.368272463281755e-07,8.771222352981567,0.08126156853342598,12.0,1.0,0.0,0.0,0.0,0.0,1.0
461,0.35416666250000006,0.7083333250000001,-0.04935463416063926,0.0,2.328125,0.09375,-0.09375,2.0087845000089146,-319.69531797882695,7.368272463281755e-07,8.773986382917924,0.08158781337128444,12.0,1.0,0.0,0.0,0.0,0.0,1.0
462,0.35416666250000006,0.7083333250000001,-0.03878902617769485,0.0,2.2890625,0.078125,-0.078125,1.990987083001528,-281.4419439791006,7.368272463281755e-07,8.776412096890537,0.08181971904229034,12.0,1.0,0.0,0.0,0.0,0.0,1.0
463,0.35416666250000006,0.7083333250000001,-0.05732259904585019,0.0,2.28125,-0.03125,0.03125,1.9718471659580246,-340.45620896718276,7.368272463281755e-07,8.778657327998769,0.0820595369758931,12.0,1.0,0.0,0.0,0.0,0.0,1.0
464,0.35416666250000006,0.7083333250000001,-0.05501909711063133,0.0,2.3359375,-0.140625,0.140625,2.0124103749985807,-553.6126537259207,7.368272463281755e-07,8.781051874160767,0.08234547789801251,12.0,1.0,0.0,0.0,0.0,0.0,1.0
465,0.35416666250000006,0.7083333250000001,-0.03815478341284805,0.0,2.375,-0.140625,0.140625,2.037297540984582,-111.33534137826217,7.368272463281755e-07,8.78410681811246,0.08263106652620164,12.0,1.0,0.0,0.0,0.0,0.0,1.0
466,0.35416666250000006,0.7083333250000001,-0.04944793272969148,0.0,2.2734375,-0.1796875,0.1796875,1.9572177499649115,61.23724724746652,7.368272463281755e-07,8.785708969289606,0.08285128528421576,12.0,1.0,0.0,0.0,0.0,0.0,1.0
467,0.35416666250000006,0.7083333250000001,-0.05239590413237543,0.0,2.34375,0.0546875,-0.0546875,2.0088315419852734,-270.3596736017863,7.368272463281755e-07,8.787242781032216,0.08315513596277345,12.0,1.0,0.0,0.0,0.0,0.0,1.0
468,0.35416666250000006,0.7083333250000001,-0.07502534570239111,0.0,2.3984375,-0.015625,0.015625,2.07132312504109,-265.05668129439465,7.368272463281755e-07,8.78872164812955,0.08338936172764409,12.0,1.0,0.0,0.0,0.0,0.0,1.0
469,0.35416666250000006,0.7083333250000001,-0.037968044955636236,0.0,2.3203125,0.078125,-0.078125,1.9809159170254134,-74.93511132198552,7.368272463281755e-07,8.790043007243764,0.08364590062675151,12.0,1.0,0.0,0.0,0.0,0.0,1.0
470,0.35416666250000006,0.7083333250000001,-0.05441091147989983,0.0,2.3359375,0.1171875,-0.1171875,2.0255645000142977,-79.89971321322847,7.368272463281755e-07,8.791487325321544,0.0839200337332758,12.0,1.0,0.0,0.0,0.0,0.0,1.0
471,0.35416666250000006,0.7083333250000001,-0.03096433761837645,0.0,2.2421875,-0.234375,0.234375,1.9188128339592367,-222.72150687639723,7.368272463281755e-07,8.792651956731623,0.08418149932880294,12.0,1.0,0.0,0.0,0.0,0.0,1.0
472,0.35416666250000006,0.7083333250000001,-0.04680419865256587,0.0,2.3671875,-0.015625,0.015625,2.0298563330434263,-195.56476149228538,7.368272463281755e-07,8.79319604960355,0.08443352715535597,12.0,1.0,0.0,0.0,0.0,0.0,1.0
473,0.35416666250000006,0.7083333250000001,-0.055940849934577014,0.0,2.40625,-0.109375,0.109375,2.066288791014813,-496.9743461701777,7.368272463281755e-07,8.79289943521673,0.0846551533957774,12.0,1.0,0.0,0.0,0.0,0.0,1.0
474,0.35416666250000006,0.7083333250000001,-0.03564413791882312,0.0,2.3359375,0.1328125,-0.1328125,2.003624083008617,-321.33228613620616,7.368272463281755e-07,8.793314045125788,0.08491297413341024,12.0,1.0,0.0,0.0,0.0,0.0,1.0
475,0.35416666250000006,0.7083333250000001,-0.06044144980130554,0.0,2.3515625,-0.015625,0.015625,2.046728916990105,-184.300714198141,7.368272463281755e-07,8.792361757972024,0.08518246832219037,12.0,1.0,0.0,0.0,0.0,0.0,1.0
476,0.35416666250000006,0.7083333250000001,-0.06679946778249285,0.0,2.3671875,0.03125,-0.03125,2.064237584010698,15.484394403967526,7.368272463281755e-07,8.791718136180531,0.08541380122981289,12.0,1.0,0.0,0.0,0.0,0.0,1.0
477,0.35416666250000006,0.7083333250000001,-0.049238613465819224,0.0,2.3671875,-0.03125,0.03125,2.0613404160249047,-137.80082302282352,7.368272463281755e-07,8.790157079696655,0.08563246721909805,12.0,1.0,0.0,0.0,0.0,0.0,1.0
478,0.35416666250000006,0.7083333250000001,-0.060965215091574834,0.0,2.328125,0.015625,-0.015625,2.0257958750007674,-257.4090558986536,7.368272463281755e-07,8.789744182066483,0.08587141893804073,12.0,1.0,0.0,0.0,0.0,0.0,1.0
479,0.35416666250000006,0.7083333250000001,-0.06583498269688094,0.0,2.4140625,0.0,0.0,2.099601832975168,-255.52360112458757,7.368272463281755e-07,8.787530140443282,0.08612746940079061,12.0,1.0,0.0,0.0,0.0,0.0,1.0
480,0.35416666250000006,0.7083333250000001,-0.04516600857764827,0.0,2.3359375,-0.171875,0.171875,2.0510939999949187,-525.3288071929013,7.368272463281755e-07,8.785908807407726,0.08638289697806943,12.0,1.0,0.0,0.0,0.0,0.0,1.0
481,0.35416666250000006,0.7083333250000001,-0.05571567354461235,0.0,2.3203125,0.1171875,-0.1171875,2.0042034589569084,-57.746105656479344,7.368272463281755e-07,8.786311518062245,0.08669323347170245,12.0,1.0,0.0,0.0,0.0,0.0,1.0
482,0.35416666250000006,0.7083333250000001,-0.04676793238980296,0.0,2.328125,-0.0859375,0.0859375,2.0359126669936813,-261.178632889818,7.368272463281755e-07,8.786309242248535,0.08694686478173191,12.0,1.0,0.0,0.0,0.0,0.0,1.0
483,0.35416666250000006,0.7083333250000001,-0.05300204675866547,0.0,2.328125,0.421875,-0.421875,2.0657652909867465,-241.71108666042355,7.368272463281755e-07,8.786158258264715,0.08724403762343255,12.0,1.0,0.0,0.0,0.0,0.0,1.0
484,0.35416666250000006,0.7083333250000001,-0.05300848863225477,0.0,2.3515625,-0.0390625,0.0390625,2.027005666983314,-37.84647873469761,7.368272463281755e-07,8.78417351029136,0.08748856271532449,12.0,1.0,0.0,0.0,0.0,0.0,1.0
485,0.35416666250000006,0.7083333250000001,-0.07337983500176885,0.0,2.359375,0.0859375,-0.0859375,2.034600290993694,-292.54230883263597,7.368272463281755e-07,8.783553296869451,0.08775763272900473,12.0,1.0,0.0,0.0,0.0,0.0,1.0
486,0.35416666250000006,0.7083333250000001,-0.05240786950813861,0.0,2.3125,-0.1171875,0.1171875,2.0593196670524776,-234.37864833586926,7.368272463281755e-07,8.783123298124833,0.08802029448138042,12.0,1.0,0.0,0.0,0.0,0.0,1.0
487,0.35416666250000006,0.7083333250000001,-0.06541095623309921,0.0,2.3515625,-0.203125,0.203125,2.047282790997997,-360.4194379217205,7.368272463281755e-07,8.781697208231146,0.08824996565553275,12.0,1.0,0.0,0.0,0.0,0.0,1.0
488,0.35416666250000006,0.7083333250000001,-0.0680324107037027,0.0,2.375,0.1875,-0.1875,2.06523708300665,-173.0744923917871,7.368272463281755e-07,8.781320073387839,0.08851265272294934,12.0,1.0,0.0,0.0,0.0,0.0,1.0
489,0.35416666250000006,0.7083333250000001,-0.05555629890191569,0.0,2.2890625,-0.0546875,0.0546875,1.9928564580040984,-535.6932229865533,7.368272463281755e-07,8.779188372872092,0.08877468828789213,12.0,1.0,0.0,0.0,0.0,0.0,1.0
490,0.35416666250000006,0.7083333250000001,-0.048451859500150116,0.0,2.3671875,0.0078125,-0.0078125,2.0367264579981565,-488.9858496732051,7.368272463281755e-07,8.77390805157748,0.08901832557537338,12.0,1.0,0.0,0.0,0.0,0.0,1.0
491,0.35416666250000006,0.7083333250000001,-0.04300347077914158,0.0,2.3046875,0.328125,-0.328125,1.990322624973487,-139.19727987192445,7.368272463281755e-07,8.770927039059726,0.08929318968545306,12.0,1.0,0.0,0.0,0.0,0.0,1.0
492,0.35416666250000006,0.7083333250000001,-0.0726941655541711,0.0,2.3203125,-0.0234375,0.0234375,2.0244252500124276,-302.05653305246375,7.368272463281755e-07,8.763711235739969,0.08954580551521345,12.0,1.0,0.0,0.0,0.0,0.0,1.0
493,0.35416666250000006,0.7083333250000001,-0.04969265800486834,0.0,2.3125,0.046875,-0.046875,1.9959720829501748,-231.72967327285457,7.368272463281755e-07,8.756932193582708,0.0897830253128301,12.0,1.0,0.0,0.0,0.0,0.0,1.0
494,0.35416666250000006,0.7083333250000001,-0.054767226828826704,0.0,2.34375,0.2890625,-0.2890625,2.024527667032089,-73.41764334360758,7.368272463281755e-07,8.75208533893932,0.09004690032452345,12.0,1.0,0.0,0.0,0.0,0.0,1.0
495,0.35416666250000006,0.7083333250000001,-0.05546815245110665,0.0,2.2265625,-0.2109375,0.2109375,1.9525066249771044,-488.4532552166989,7.368272463281755e-07,8.746876673264937,0.09026317129080946,12.0,1.0,0.0,0.0,0.0,0.0,1.0
496,0.35416666250000006,0.7083333250000001,-0.03511990436066534,0.0,2.4140625,0.0625,-0.0625,2.1038280419888906,-336.3045672969139,7.368272463281755e-07,8.732916355133057,0.0904565483162349,12.0,1.0,0.0,0.0,0.0,0.0,1.0
497,0.35416666250000006,0.7083333250000001,-0.053584320303901256,0.0,2.2734375,-0.2265625,0.2265625,1.9678257499472238,-238.83871708702796,7.368272463281755e-07,8.725824529474432,0.09070825246586041,12.0,1.0,0.0,0.0,0.0,0.0,1.0
498,0.35416666250000006,0.7083333250000001,-0.06158790357471327,0.0,2.3359375,-0.15625,0.15625,2.0178226249990985,-289.5584524626716,7.368272463281755e-07,8.71305792981928,0.09089569146321579,12.0,1.0,0.0,0.0,0.0,0.0,1.0
499,0.35416666250000006,0.7083333250000001,-0.062223010921351116,0.0,2.375,0.171875,-0.171875,2.0290656249853782,-201.53780171431993,7.368272463281755e-07,8.706509069962935,0.09115154457024553,12.0,1.0,0.0,0.0,0.0,0.0,1.0
500,0.35416666250000006,0.7083333250000001,-0.057491602775664084,0.0,2.359375,0.0703125,-0.0703125,2.0482651669881307,-270.38998821239596,7.368272463281755e-07,8.694865508513017,0.09135247546840798,12.0,1.0,0.0,0.0,0.0,0.0,1.0
