{
  "ablation_type": "no_actor",
  "config": {
    "state_dim": 10,
    "num_actions": 2,
    "hidden_dims": [
      64,
      64
    ],
    "dropout": 0.0,
    "activation": "relu",
    "batch_size": 32,
    "mixture_weight": 0.1,
    "lambda_mode": "adaptive",
    "lambda_alpha": 0.5,
    "actor_lr": 0.0001,
    "critic_lr": 0.001,
    "regret_lr": 0.001
  },
  "num_iterations": 50,
  "total_time": 0.14949512481689453,
  "lambda_stats": {
    "initial_lambda": 0.5011345744132996,
    "final_lambda": 0.42438390851020813,
    "min_lambda": 0.42438390851020813,
    "max_lambda": 0.5011345744132996,
    "mean_lambda": 0.44760680437088013,
    "std_lambda": 0.023756464698234007
  },
  "final_losses": {
    "actor_loss": 0.6759289503097534,
    "critic_loss": 1.1291652917861938,
    "regret_loss": 0.023393500596284866,
    "total_loss": 1.828487753868103
  },
  "results_data": {
    "iterations": [
      0,
      1,
      2,
      3,
      4,
      5,
      6,
      7,
      8,
      9,
      10,
      11,
      12,
      13,
      14,
      15,
      16,
      17,
      18,
      19,
      20,
      21,
      22,
      23,
      24,
      25,
      26,
      27,
      28,
      29,
      30,
      31,
      32,
      33,
      34,
      35,
      36,
      37,
      38,
      39,
      40,
      41,
      42,
      43,
      44,
      45,
      46,
      47,
      48,
      49
    ],
    "lambda_values": [
      0.5011345744132996,
      0.5009189248085022,
      0.49868133664131165,
      0.49732279777526855,
      0.493486613035202,
      0.4895896315574646,
      0.48458564281463623,
      0.4806687533855438,
      0.47585079073905945,
      0.4714381992816925,
      0.4682469666004181,
      0.46454980969429016,
      0.46072468161582947,
      0.457737535238266,
      0.4539794623851776,
      0.4510708153247833,
      0.4481298327445984,
      0.44636818766593933,
      0.44468995928764343,
      0.4439793527126312,
      0.44212913513183594,
      0.44133853912353516,
      0.4404132664203644,
      0.43887877464294434,
      0.43865400552749634,
      0.43746301531791687,
      0.4379458427429199,
      0.436400443315506,
      0.4363488554954529,
      0.4351363778114319,
      0.4349741041660309,
      0.4335559010505676,
      0.4328884780406952,
      0.4321814775466919,
      0.4306122064590454,
      0.4298359453678131,
      0.4287320077419281,
      0.42810261249542236,
      0.4284012019634247,
      0.42773565649986267,
      0.42709431052207947,
      0.42672649025917053,
      0.4264310300350189,
      0.42581576108932495,
      0.4256899952888489,
      0.4251706302165985,
      0.4245730936527252,
      0.42460668087005615,
      0.42496660351753235,
      0.42438390851020813
    ],
    "actor_losses": [
      0.6082454919815063,
      0.6463301181793213,
      0.6351006627082825,
      0.6796016693115234,
      0.6907629370689392,
      0.6486640572547913,
      0.698650598526001,
      0.6531700491905212,
      0.6766314506530762,
      0.7177324295043945,
      0.5835697054862976,
      0.6377789378166199,
      0.6732257604598999,
      0.6167765855789185,
      0.6976363658905029,
      0.6563529372215271,
      0.6909235715866089,
      0.6230007410049438,
      0.6789765357971191,
      0.6071295142173767,
      0.6628210544586182,
      0.6135774254798889,
      0.6187988519668579,
      0.6753422617912292,
      0.6047713160514832,
      0.6695882678031921,
      0.5367144346237183,
      0.6985071897506714,
      0.5842072367668152,
      0.6460325717926025,
      0.5676859617233276,
      0.6746343374252319,
      0.621122419834137,
      0.6197714805603027,
      0.6954306364059448,
      0.6519409418106079,
      0.674347460269928,
      0.6499796509742737,
      0.5843371748924255,
      0.6490036249160767,
      0.6618781089782715,
      0.650808572769165,
      0.6313409209251404,
      0.6716085076332092,
      0.6392567753791809,
      0.6791465282440186,
      0.6781283617019653,
      0.6341440677642822,
      0.6052165031433105,
      0.6759289503097534
    ],
    "critic_losses": [
      1.0266101360321045,
      1.066171407699585,
      1.5901812314987183,
      0.6861511468887329,
      1.70853853225708,
      0.9972367882728577,
      1.0443639755249023,
      1.4636658430099487,
      1.4145467281341553,
      1.0426220893859863,
      0.9602512121200562,
      1.10923171043396,
      1.3728368282318115,
      0.9177553653717041,
      0.9024264812469482,
      2.119403600692749,
      1.4487255811691284,
      1.8846865892410278,
      1.1442477703094482,
      0.7695683836936951,
      0.8480604290962219,
      0.970981776714325,
      0.8868588209152222,
      1.2538983821868896,
      1.0464357137680054,
      1.2740668058395386,
      1.3743977546691895,
      0.8224400877952576,
      1.325307011604309,
      1.2007372379302979,
      1.6326642036437988,
      1.1417677402496338,
      0.9913302063941956,
      0.8648366928100586,
      1.0565569400787354,
      1.3253660202026367,
      0.8883482813835144,
      1.2815332412719727,
      1.1309107542037964,
      0.9192458391189575,
      1.076867938041687,
      1.08582603931427,
      0.6946778893470764,
      0.8287307024002075,
      1.6423604488372803,
      1.1588420867919922,
      0.5980743765830994,
      0.8092125654220581,
      1.2386702299118042,
      1.1291652917861938
    ],
    "regret_losses": [
      0.6990136504173279,
      0.6381553411483765,
      0.46344316005706787,
      0.5603642463684082,
      0.3624236583709717,
      0.28470492362976074,
      0.21476559340953827,
      0.21608500182628632,
      0.1357380449771881,
      0.17039185762405396,
      0.09859652817249298,
      0.086295947432518,
      0.08141714334487915,
      0.06135609745979309,
      0.05571596324443817,
      0.052334826439619064,
      0.060539159923791885,
      0.06402231007814407,
      0.11239353567361832,
      0.10526888817548752,
      0.06280337274074554,
      0.08441095799207687,
      0.07226540893316269,
      0.0717988908290863,
      0.09508682787418365,
      0.07956942915916443,
      0.07302003353834152,
      0.07388358563184738,
      0.06844782829284668,
      0.035416580736637115,
      0.032631754875183105,
      0.03601612150669098,
      0.03204096108675003,
      0.022012801840901375,
      0.0215667262673378,
      0.029897794127464294,
      0.01918754354119301,
      0.024521898478269577,
      0.029533974826335907,
      0.017879268154501915,
      0.027275608852505684,
      0.033309973776340485,
      0.01674034632742405,
      0.028434274718165398,
      0.031082985922694206,
      0.03773614764213562,
      0.026052644476294518,
      0.028839806094765663,
      0.026897702366113663,
      0.023393500596284866
    ],