iteration,exploitability,nash_conv,actor_loss,average_lambda,mean_episode_length,mean_return_player0,mean_return_player1,wall_time_sec,scheduler_loss
1,2.373611111111111,4.747222222222222,0.0,0.0,0.0,-0.07812500000000012,0.07812500000000012,0.06502358400030062,0.0
2,2.0613194444444445,4.122638888888889,0.0,0.0,0.0,0.08082862646854841,-0.08082862646854841,0.06092054198961705,0.0
3,1.7988065869138397,3.5976131738276793,0.0,0.0,0.0,0.2419677937637918,-0.2419677937637918,0.059964415966533124,0.0
4,1.6590264691929166,3.3180529383858333,0.0,0.0,0.0,0.01204688686629162,-0.01204688686629162,0.058380834001582116,0.0
5,1.471324559686568,2.942649119373136,0.0,0.0,0.0,-0.18843265934548814,0.18843265934548814,0.06299220799701288,0.0
6,1.3046625366898728,2.6093250733797455,0.0,0.0,0.0,-0.2999844740398242,0.2999844740398242,0.06213370797922835,0.0
7,1.156580517891451,2.313161035782902,0.0,0.0,0.0,-0.3662882569887121,0.3662882569887121,0.06112408300396055,0.0
8,1.0447752045677787,2.0895504091355575,0.0,0.0,0.0,-0.4052037589682566,0.4052037589682566,0.060077917005401105,0.0
9,0.9617541410503103,1.9235082821006206,0.0,0.0,0.0,-0.43215431263142723,0.43215431263142723,0.06142699997872114,0.0
10,0.8885789831687692,1.7771579663375383,0.0,0.0,0.0,-0.44483094093521813,0.44483094093521813,0.061569999961648136,0.0
11,0.8205188773512303,1.6410377547024606,0.0,0.0,0.0,-0.444083178536185,0.444083178536185,0.0614871249999851,0.0
12,0.75945153155075,1.5189030631015,0.0,0.0,0.0,-0.43584889118077624,0.43584889118077624,0.06181487499270588,0.0
13,0.7072715810248777,1.4145431620497555,0.0,0.0,0.0,-0.4233712487802483,0.4233712487802483,0.06190304196206853,0.0
14,0.663613323549189,1.327226647098378,0.0,0.0,0.0,-0.4088858188857372,0.4088858188857372,0.06118462496669963,0.0
15,0.6298892917347849,1.2597785834695698,0.0,0.0,0.0,-0.393914185698814,0.393914185698814,0.06267591600771993,0.0
16,0.598119516684835,1.19623903336967,0.0,0.0,0.0,-0.3794290465795298,0.3794290465795298,0.06222812499618158,0.0
17,0.5598746649451571,1.1197493298903143,0.0,0.0,0.0,-0.36482933750213603,0.36482933750213603,0.06308724998962134,0.0
18,0.5265117132306727,1.0530234264613454,0.0,0.0,0.0,-0.35017812599308445,0.35017812599308445,0.06161312502808869,0.0
19,0.4930234289091534,0.9860468578183068,0.0,0.0,0.0,-0.33630820680998086,0.33630820680998086,0.06208466598764062,0.0
20,0.45314565341607516,0.9062913068321503,0.0,0.0,0.0,-0.32412662761988387,0.32412662761988387,0.062005249958019704,0.0
21,0.4318900723263599,0.8637801446527198,0.0,0.0,0.0,-0.3135399033581806,0.3135399033581806,0.06278108299011365,0.0
22,0.4177822982387206,0.8355645964774412,0.0,0.0,0.0,-0.30311568266223654,0.30311568266223654,0.06211599998641759,0.0
23,0.41277427629190355,0.8255485525838071,0.0,0.0,0.0,-0.29254927461794467,0.29254927461794467,0.06182474998058751,0.0
24,0.40567293645240754,0.8113458729048151,0.0,0.0,0.0,-0.2823523372517557,0.2823523372517557,0.05896266596391797,0.0
25,0.39746051215851946,0.7949210243170389,0.0,0.0,0.0,-0.27275125351680884,0.27275125351680884,0.06097350001800805,0.0
26,0.3826803079940662,0.7653606159881324,0.0,0.0,0.0,-0.2638205724892766,0.2638205724892766,0.06003887503175065,0.0
27,0.3659632346488734,0.7319264692977469,0.0,0.0,0.0,-0.2552654906335494,0.2552654906335494,0.06086891598533839,0.0
28,0.34809470656877284,0.6961894131375457,0.0,0.0,0.0,-0.24710762565443778,0.24710762565443778,0.05958333401940763,0.0
29,0.32966958844167316,0.6593391768833463,0.0,0.0,0.0,-0.23948981034507777,0.23948981034507777,0.06128441699547693,0.0
30,0.31091772472731505,0.6218354494546301,0.0,0.0,0.0,-0.23245360361216305,0.23245360361216305,0.05850616696989164,0.0
31,0.2974616802751786,0.5949233605503572,0.0,0.0,0.0,-0.2260610613840649,0.2260610613840649,0.06110862497007474,0.0
32,0.2925546674505396,0.5851093349010792,0.0,0.0,0.0,-0.22046405098105493,0.22046405098105493,0.05916616600006819,0.0
33,0.28772754441490095,0.5754550888298019,0.0,0.0,0.0,-0.2159137108222252,0.2159137108222252,0.06145916599780321,0.0
34,0.2777693041675535,0.555538608335107,0.0,0.0,0.0,-0.21156936247166758,0.21156936247166758,0.06222420901758596,0.0
35,0.2639423620988918,0.5278847241977837,0.0,0.0,0.0,-0.2069185478772002,0.2069185478772002,0.06284204102121294,0.0
36,0.25333872753181264,0.5066774550636253,0.0,0.0,0.0,-0.20253080017267377,0.20253080017267377,0.06213066598866135,0.0
37,0.2450862200892448,0.4901724401784896,0.0,0.0,0.0,-0.19853683313856263,0.19853683313856263,0.061457417032215744,0.0
38,0.24084203110852276,0.4816840622170455,0.0,0.0,0.0,-0.19487163056030757,0.19487163056030757,0.0609906250028871,0.0
39,0.23636066855265941,0.47272133710531883,0.0,0.0,0.0,-0.1914255849821359,0.1914255849821359,0.06245420902268961,0.0
40,0.2320299904291505,0.464059980858301,0.0,0.0,0.0,-0.18809551829428428,0.18809551829428428,0.058824833016842604,0.0
41,0.22759619868737924,0.4551923973747585,0.0,0.0,0.0,-0.1848362742004187,0.1848362742004187,0.06311050005024299,0.0
42,0.2238932213802372,0.4477864427604744,0.0,0.0,0.0,-0.1816696770083274,0.1816696770083274,0.05979087500600144,0.0
43,0.22099613508504828,0.44199227017009657,0.0,0.0,0.0,-0.17875645577457164,0.17875645577457164,0.06273266696371138,0.0
44,0.21970162593792325,0.4394032518758465,0.0,0.0,0.0,-0.17612842040843102,0.17612842040843102,0.06268008396727964,0.0
45,0.21565676713085924,0.4313135342617185,0.0,0.0,0.0,-0.17362540056887033,0.17362540056887033,0.06289166701026261,0.0
46,0.20965287901111046,0.4193057580222209,0.0,0.0,0.0,-0.17109292225398512,0.17109292225398512,0.06251674995291978,0.0
47,0.20371824823346374,0.4074364964669275,0.0,0.0,0.0,-0.1685421348287325,0.1685421348287325,0.06204804201843217,0.0
48,0.20017259536153964,0.4003451907230793,0.0,0.0,0.0,-0.16603742762287765,0.16603742762287765,0.06234850001055747,0.0
49,0.19540378743794945,0.3908075748758989,0.0,0.0,0.0,-0.16358804295309118,0.16358804295309118,0.06235095800366253,0.0
50,0.18908346595495631,0.37816693190991263,0.0,0.0,0.0,-0.16110649651750197,0.16110649651750197,0.06156383303459734,0.0
51,0.1816384526206794,0.3632769052413588,0.0,0.0,0.0,-0.1585810866580142,0.1585810866580142,0.06276637502014637,0.0
52,0.17639135216562177,0.35278270433124354,0.0,0.0,0.0,-0.15614601710740506,0.15614601710740506,0.0624233340495266,0.0
53,0.17250881558631675,0.3450176311726335,0.0,0.0,0.0,-0.1538767384001229,0.1538767384001229,0.06306429102551192,0.0
54,0.16938506659982464,0.33877013319964927,0.0,0.0,0.0,-0.15175056185830632,0.15175056185830632,0.061531417013611645,0.0
55,0.16603426886860984,0.33206853773721967,0.0,0.0,0.0,-0.14977345128819622,0.14977345128819622,0.06256995798321441,0.0
56,0.1630477789904945,0.326095557980989,0.0,0.0,0.0,-0.1479274578696177,0.1479274578696177,0.060492082964628935,0.0
57,0.15970601614729188,0.31941203229458376,0.0,0.0,0.0,-0.14621478683058306,0.14621478683058306,0.061291375022847205,0.0
58,0.15759309879382857,0.31518619758765715,0.0,0.0,0.0,-0.14463222262375514,0.14463222262375514,0.05984791700029746,0.0
59,0.15626787150732716,0.3125357430146543,0.0,0.0,0.0,-0.14316673470547883,0.14316673470547883,0.06294691696530208,0.0
60,0.15584876088961125,0.3116975217792225,0.0,0.0,0.0,-0.14182498479445665,0.14182498479445665,0.06011804100126028,0.0
61,0.1559866597955064,0.3119733195910128,0.0,0.0,0.0,-0.14061451204054948,0.14061451204054948,0.0616274579660967,0.0
62,0.1562968144772406,0.3125936289544812,0.0,0.0,0.0,-0.1395082012655099,0.1395082012655099,0.060655874956864864,0.0
63,0.1574732499392539,0.3149464998785078,0.0,0.0,0.0,-0.13838937611661223,0.13838937611661223,0.06302412500372157,0.0
64,0.15541203524566632,0.31082407049133265,0.0,0.0,0.0,-0.13719865089595454,0.13719865089595454,0.06145991600351408,0.0
65,0.15313239610536428,0.30626479221072855,0.0,0.0,0.0,-0.13603545656018,0.13603545656018,0.06347191601525992,0.0
66,0.14900400029548905,0.2980080005909781,0.0,0.0,0.0,-0.13493754946932177,0.13493754946932177,0.061451165995094925,0.0
67,0.1466071061837161,0.2932142123674322,0.0,0.0,0.0,-0.13385857386067235,0.13385857386067235,0.06147445895476267,0.0
68,0.14319091776705795,0.2863818355341159,0.0,0.0,0.0,-0.1327513693469812,0.1327513693469812,0.060945582983549684,0.0
69,0.1393851330795355,0.278770266159071,0.0,0.0,0.0,-0.13166631243270588,0.13166631243270588,0.061291417048778385,0.0
70,0.1362350300571539,0.2724700601143078,0.0,0.0,0.0,-0.13066335860563028,0.13066335860563028,0.05969837500015274,0.0
71,0.13304103513974982,0.26608207027949965,0.0,0.0,0.0,-0.12974402606224167,0.12974402606224167,0.061680708022322506,0.0
72,0.12954316051005552,0.25908632102011103,0.0,0.0,0.0,-0.128907270798985,0.128907270798985,0.05889758397825062,0.0
73,0.12622057695394853,0.25244115390789706,0.0,0.0,0.0,-0.1281263016802744,0.1281263016802744,0.060818083002232015,0.0
74,0.123014731727832,0.246029463455664,0.0,0.0,0.0,-0.12737196819645735,0.12737196819645735,0.059333916986361146,0.0
75,0.12136796657483859,0.24273593314967717,0.0,0.0,0.0,-0.12663986231221114,0.12663986231221114,0.06238050002139062,0.0
76,0.12064664747774996,0.24129329495549992,0.0,0.0,0.0,-0.12596159063324874,0.12596159063324874,0.06047679198672995,0.0
77,0.121168133193708,0.242336266387416,0.0,0.0,0.0,-0.12533042980141607,0.12533042980141607,0.06105337501503527,0.0
78,0.1216841752456526,0.2433683504913052,0.0,0.0,0.0,-0.12475631374752215,0.12475631374752215,0.0594586250372231,0.0
79,0.12212671826237657,0.24425343652475315,0.0,0.0,0.0,-0.12420214472106207,0.12420214472106207,0.0609183749766089,0.0
80,0.12133612571940981,0.24267225143881963,0.0,0.0,0.0,-0.1236751862057447,0.1236751862057447,0.058969957986846566,0.0
81,0.12001656534966068,0.24003313069932136,0.0,0.0,0.0,-0.12320785094022278,0.12320785094022278,0.06173912499798462,0.0
82,0.11842874703523609,0.23685749407047219,0.0,0.0,0.0,-0.12274964495732613,0.12274964495732613,0.06316104100551456,0.0
83,0.11707011843644705,0.2341402368728941,0.0,0.0,0.0,-0.12225810315402205,0.12225810315402205,0.06271408399334177,0.0
84,0.11503779034252953,0.23007558068505907,0.0,0.0,0.0,-0.12174842131445732,0.12174842131445732,0.062028000014834106,0.0
85,0.11426907782677884,0.22853815565355767,0.0,0.0,0.0,-0.12127857299732266,0.12127857299732266,0.06257654097862542,0.0
86,0.11505022847040307,0.23010045694080614,0.0,0.0,0.0,-0.12081633561505918,0.12081633561505918,0.06189108302351087,0.0
87,0.11364212271034999,0.22728424542069997,0.0,0.0,0.0,-0.12030780651141718,0.12030780651141718,0.06364645797293633,0.0
88,0.11004405297146556,0.22008810594293113,0.0,0.0,0.0,-0.11973341781113551,0.11973341781113551,0.06269866600632668,0.0
89,0.10646050619619192,0.21292101239238384,0.0,0.0,0.0,-0.11913433365589253,0.11913433365589253,0.06345458299620077,0.0
90,0.10408797832394842,0.20817595664789684,0.0,0.0,0.0,-0.11854812891229913,0.11854812891229913,0.06169850000878796,0.0
91,0.10329141691936077,0.20658283383872153,0.0,0.0,0.0,-0.11797362644939104,0.11797362644939104,0.06351679202634841,0.0
92,0.10269028375385893,0.20538056750771785,0.0,0.0,0.0,-0.11740980143320165,0.11740980143320165,0.06055070797447115,0.0
93,0.10160590349501886,0.2032118069900377,0.0,0.0,0.0,-0.11685799637283274,0.11685799637283274,0.06284612504532561,0.0
94,0.10003630278962809,0.20007260557925619,0.0,0.0,0.0,-0.11632004568532969,0.11632004568532969,0.060765333008021116,0.0
95,0.09868097131510786,0.19736194263021573,0.0,0.0,0.0,-0.11581151061643667,0.11581151061643667,0.06097954203141853,0.0
96,0.09835941765686364,0.19671883531372727,0.0,0.0,0.0,-0.1153432618021435,0.1153432618021435,0.059299583022948354,0.0
97,0.09836927664637436,0.19673855329274872,0.0,0.0,0.0,-0.11493588549991288,0.11493588549991288,0.062147125019691885,0.0
98,0.0973834519070075,0.194766903814015,0.0,0.0,0.0,-0.11458808967098258,0.11458808967098258,0.06230962497647852,0.0
99,0.09681100615585132,0.19362201231170265,0.0,0.0,0.0,-0.11427635440190413,0.11427635440190413,0.06123512500198558,0.0
100,0.09571635300459823,0.19143270600919646,0.0,0.0,0.0,-0.11397530306764404,0.11397530306764404,0.059551291982643306,0.0
101,0.0939492726636121,0.1878985453272242,0.0,0.0,0.0,-0.11366850696838057,0.11366850696838057,0.06308979203458875,0.0
102,0.09156075160961619,0.18312150321923237,0.0,0.0,0.0,-0.11335069250575382,0.11335069250575382,0.06204554199939594,0.0
103,0.08990407530194301,0.17980815060388602,0.0,0.0,0.0,-0.11300674873156787,0.11300674873156787,0.06255558301927522,0.0
104,0.0903006445806076,0.1806012891612152,0.0,0.0,0.0,-0.11263297277655034,0.11263297277655034,0.062258707999717444,0.0
105,0.0903345819056852,0.1806691638113704,0.0,0.0,0.0,-0.1122471864409554,0.1122471864409554,0.06254912499571219,0.0
106,0.08991358403718909,0.17982716807437818,0.0,0.0,0.0,-0.11187201067071087,0.11187201067071087,0.061240750015713274,0.0
107,0.0892484192213312,0.1784968384426624,0.0,0.0,0.0,-0.11153058809782333,0.11153058809782333,0.062423416995443404,0.0
108,0.08875239368167948,0.17750478736335895,0.0,0.0,0.0,-0.11122021511925409,0.11122021511925409,0.06045049999374896,0.0
109,0.0878990874185997,0.1757981748371994,0.0,0.0,0.0,-0.11093129915074469,0.11093129915074469,0.061372583033517,0.0
110,0.08640173891472902,0.17280347782945804,0.0,0.0,0.0,-0.11066165206190144,0.11066165206190144,0.06189704098505899,0.0
111,0.08461015516977444,0.16922031033954887,0.0,0.0,0.0,-0.11040490340585034,0.11040490340585034,0.06273970898473635,0.0
112,0.08270399623696606,0.16540799247393212,0.0,0.0,0.0,-0.11016289081560592,0.11016289081560592,0.06239966599969193,0.0
113,0.08127891105058441,0.16255782210116881,0.0,0.0,0.0,-0.1099383057452865,0.1099383057452865,0.062306375009939075,0.0
114,0.08040850195837569,0.16081700391675138,0.0,0.0,0.0,-0.10972754007603046,0.10972754007603046,0.061045375012326986,0.0
115,0.08005467502701737,0.16010935005403473,0.0,0.0,0.0,-0.10952486233646277,0.10952486233646277,0.06163541600108147,0.0
116,0.0798010660609925,0.159602132121985,0.0,0.0,0.0,-0.1093224852548421,0.1093224852548421,0.06181541603291407,0.0
117,0.07936173995528115,0.1587234799105623,0.0,0.0,0.0,-0.10912207823430689,0.10912207823430689,0.06244629202410579,0.0
118,0.07914765320563433,0.15829530641126865,0.0,0.0,0.0,-0.1089205764996705,0.1089205764996705,0.061659625032916665,0.0
119,0.07857060967196332,0.15714121934392664,0.0,0.0,0.0,-0.10870794785785258,0.10870794785785258,0.06335508299525827,0.0
120,0.07810806010182363,0.15621612020364725,0.0,0.0,0.0,-0.10847325652883928,0.10847325652883928,0.06237208301899955,0.0
121,0.07803028836578307,0.15606057673156615,0.0,0.0,0.0,-0.10822569156972499,0.10822569156972499,0.06287883303593844,0.0
122,0.07799243852259338,0.15598487704518676,0.0,0.0,0.0,-0.10796452815244448,0.10796452815244448,0.06075329094892368,0.0
123,0.07794877876646916,0.15589755753293832,0.0,0.0,0.0,-0.1076896231440626,0.1076896231440626,0.06293937499867752,0.0
124,0.0774927846526848,0.1549855693053696,0.0,0.0,0.0,-0.107406600001708,0.107406600001708,0.0623580000246875,0.0
125,0.07639850691029,0.15279701382058,0.0,0.0,0.0,-0.10711646532305054,0.10711646532305054,0.06283720798091963,0.0
126,0.07574362298509213,0.15148724597018426,0.0,0.0,0.0,-0.10682475900137602,0.10682475900137602,0.06118420802522451,0.0
127,0.0766098445279246,0.1532196890558492,0.0,0.0,0.0,-0.10654029227260221,0.10654029227260221,0.06318441696930677,0.0
128,0.07688095652375604,0.15376191304751208,0.0,0.0,0.0,-0.10629235386139338,0.10629235386139338,0.06216162501368672,0.0
129,0.07651084129242419,0.15302168258484838,0.0,0.0,0.0,-0.10608054203669272,0.10608054203669272,0.06351999996695668,0.0
130,0.07535563840953718,0.15071127681907437,0.0,0.0,0.0,-0.10589069160020685,0.10589069160020685,0.05939125001896173,0.0
131,0.07397968525806004,0.14795937051612007,0.0,0.0,0.0,-0.10570653697829156,0.10570653697829156,0.06189695798093453,0.0
132,0.07257970514204101,0.14515941028408202,0.0,0.0,0.0,-0.10552111623841005,0.10552111623841005,0.06016362499212846,0.0
133,0.07117073192368606,0.14234146384737212,0.0,0.0,0.0,-0.1053300455716799,0.1053300455716799,0.062452665995806456,0.0
134,0.0702170073125965,0.140434014625193,0.0,0.0,0.0,-0.10512769248950894,0.10512769248950894,0.06268824997823685,0.0
135,0.06970000409528147,0.13940000819056295,0.0,0.0,0.0,-0.10491309827205877,0.10491309827205877,0.06281970901181921,0.0
136,0.06972475612866971,0.13944951225733943,0.0,0.0,0.0,-0.1046881193563706,0.1046881193563706,0.06049054203322157,0.0
137,0.06957922664184757,0.13915845328369514,0.0,0.0,0.0,-0.10445750607951577,0.10445750607951577,0.061918499995954335,0.0
138,0.06937922006525833,0.13875844013051666,0.0,0.0,0.0,-0.10422905892628699,0.10422905892628699,0.061171207984443754,0.0
139,0.06929358866221225,0.1385871773244245,0.0,0.0,0.0,-0.10400083752092583,0.10400083752092583,0.06080899998778477,0.0
140,0.06924572260253624,0.13849144520507248,0.0,0.0,0.0,-0.10377306116539296,0.10377306116539296,0.0616397499688901,0.0
141,0.06917585712210758,0.13835171424421516,0.0,0.0,0.0,-0.10354624538309873,0.10354624538309873,0.061343332985416055,0.0
142,0.06891969773479151,0.13783939546958301,0.0,0.0,0.0,-0.10333094652136375,0.10333094652136375,0.05990283295977861,0.0
143,0.06816807984604523,0.13633615969209045,0.0,0.0,0.0,-0.10314107939029434,0.10314107939029434,0.061668207985349,0.0
144,0.0670723892763079,0.1341447785526158,0.0,0.0,0.0,-0.10296915835542293,0.10296915835542293,0.059688374982215464,0.0
145,0.06634482872577852,0.13268965745155703,0.0,0.0,0.0,-0.10280470345501093,0.10280470345501093,0.061388625006657094,0.0
146,0.06553900580429549,0.13107801160859098,0.0,0.0,0.0,-0.10263777059652414,0.10263777059652414,0.06213999999454245,0.0
147,0.06472986068334306,0.12945972136668613,0.0,0.0,0.0,-0.10246819526605441,0.10246819526605441,0.06285141600528732,0.0
148,0.06355951048765801,0.12711902097531602,0.0,0.0,0.0,-0.10230128922945701,0.10230128922945701,0.06230779201723635,0.0
149,0.06292621950953216,0.12585243901906432,0.0,0.0,0.0,-0.10213898199157158,0.10213898199157158,0.06196187500609085,0.0
150,0.06265887163593704,0.1253177432718741,0.0,0.0,0.0,-0.10197536322847069,0.10197536322847069,0.06229741597780958,0.0
151,0.06253456225803589,0.12506912451607177,0.0,0.0,0.0,-0.10180517704155936,0.10180517704155936,0.06213941698661074,0.0
152,0.062419583454248334,0.12483916690849667,0.0,0.0,0.0,-0.10162823932621838,0.10162823932621838,0.061896958970464766,0.0
153,0.06269043762405714,0.12538087524811428,0.0,0.0,0.0,-0.10145314592000068,0.10145314592000068,0.06145191699033603,0.0
154,0.06299368229468844,0.12598736458937687,0.0,0.0,0.0,-0.10128396479475364,0.10128396479475364,0.05968100001337007,0.0
155,0.06325033378118579,0.12650066756237158,0.0,0.0,0.0,-0.10111943335828981,0.10111943335828981,0.061983374995179474,0.0
156,0.06309850983178976,0.12619701966357952,0.0,0.0,0.0,-0.10095797549158184,0.10095797549158184,0.06213162501808256,0.0
157,0.06251153451137464,0.1250230690227493,0.0,0.0,0.0,-0.10079565196322789,0.10079565196322789,0.06206570798531175,0.0
158,0.06196270854617633,0.12392541709235266,0.0,0.0,0.0,-0.10063584979770236,0.10063584979770236,0.061363792046904564,0.0
159,0.06139908364204883,0.12279816728409766,0.0,0.0,0.0,-0.10048016026004582,0.10048016026004582,0.061062833992764354,0.0
160,0.06077887430723719,0.12155774861447438,0.0,0.0,0.0,-0.10032906394988304,0.10032906394988304,0.05900941701838747,0.0
161,0.06065794694311169,0.12131589388622338,0.0,0.0,0.0,-0.10018634804211614,0.10018634804211614,0.06052458303747699,0.0
162,0.06046626579531933,0.12093253159063866,0.0,0.0,0.0,-0.10005320754836547,0.10005320754836547,0.059270041005220264,0.0
163,0.0599761878462039,0.1199523756924078,0.0,0.0,0.0,-0.09992675394243454,0.09992675394243454,0.06292041699634865,0.0
164,0.05926502918142218,0.11853005836284436,0.0,0.0,0.0,-0.0998019125804324,0.0998019125804324,0.062205165973864496,0.0
165,0.05845116041717345,0.1169023208343469,0.0,0.0,0.0,-0.09967569268890222,0.09967569268890222,0.06291475001489744,0.0
166,0.057627163163532724,0.11525432632706545,0.0,0.0,0.0,-0.09954604060402385,0.09954604060402385,0.059805374999996275,0.0
167,0.057010423369108235,0.11402084673821647,0.0,0.0,0.0,-0.09941435635871178,0.09941435635871178,0.06178429099963978,0.0
168,0.05663439299797218,0.11326878599594437,0.0,0.0,0.0,-0.09928275934868201,0.09928275934868201,0.06139162497129291,0.0
169,0.05649070939449942,0.11298141878899884,0.0,0.0,0.0,-0.09915515227276238,0.09915515227276238,0.062401541974395514,0.0
170,0.05647184783158686,0.11294369566317372,0.0,0.0,0.0,-0.0990343864596401,0.0990343864596401,0.06090437498642132,0.0
171,0.05653422717350848,0.11306845434701696,0.0,0.0,0.0,-0.09891910450640172,0.09891910450640172,0.09281345800263807,0.0
172,0.05682951475089641,0.11365902950179282,0.0,0.0,0.0,-0.09880611675473426,0.09880611675473426,0.0624545420287177,0.0
173,0.057685874068379245,0.11537174813675849,0.0,0.0,0.0,-0.0986974496366678,0.0986974496366678,0.06325766601366922,0.0
174,0.05937940481428308,0.11875880962856616,0.0,0.0,0.0,-0.09859936613069312,0.09859936613069312,0.06227887503337115,0.0
175,0.0607988353934627,0.1215976707869254,0.0,0.0,0.0,-0.09851516126752934,0.09851516126752934,0.06290650001028553,0.0
176,0.061540376300259075,0.12308075260051815,0.0,0.0,0.0,-0.09843682617688117,0.09843682617688117,0.062277749995701015,0.0
177,0.06173311229653754,0.12346622459307507,0.0,0.0,0.0,-0.09834871786960044,0.09834871786960044,0.06356845801929012,0.0
178,0.061500386705513416,0.12300077341102683,0.0,0.0,0.0,-0.09825192733676899,0.09825192733676899,0.06255654199048877,0.0
179,0.06073859747943744,0.12147719495887488,0.0,0.0,0.0,-0.09814662970883269,0.09814662970883269,0.06274058303097263,0.0
180,0.0595221903316004,0.1190443806632008,0.0,0.0,0.0,-0.09803458474352353,0.09803458474352353,0.06105570797808468,0.0
181,0.058035822099229625,0.11607164419845925,0.0,0.0,0.0,-0.09792007641234395,0.09792007641234395,0.061240874987561256,0.0
182,0.05699103381954386,0.11398206763908772,0.0,0.0,0.0,-0.09780763851987599,0.09780763851987599,0.05957166594453156,0.0
183,0.056007778601414676,0.11201555720282935,0.0,0.0,0.0,-0.0976994749199163,0.0976994749199163,0.06210541701875627,0.0
184,0.05521153728125998,0.11042307456251996,0.0,0.0,0.0,-0.09759625912588402,0.09759625912588402,0.06258183304453269,0.0
185,0.05476815799222008,0.10953631598444016,0.0,0.0,0.0,-0.0974966022960709,0.0974966022960709,0.061661250016186386,0.0
186,0.054579680430388494,0.10915936086077699,0.0,0.0,0.0,-0.09739873911647942,0.09739873911647942,0.06008674995973706,0.0
187,0.05484120267734202,0.10968240535468404,0.0,0.0,0.0,-0.09730609873663663,0.09730609873663663,0.06347041699336842,0.0
188,0.05523119485213321,0.11046238970426642,0.0,0.0,0.0,-0.09721775955242438,0.09721775955242438,0.06345258402870968,0.0
189,0.055646653082914777,0.11129330616582955,0.0,0.0,0.0,-0.09713527400114554,0.09713527400114554,0.06314908404601738,0.0
190,0.05599184484368916,0.11198368968737832,0.0,0.0,0.0,-0.09705243856237265,0.09705243856237265,0.061824875010643154,0.0
191,0.056333754585622675,0.11266750917124535,0.0,0.0,0.0,-0.09696240080823768,0.09696240080823768,0.06234404200222343,0.0
192,0.056432352405470565,0.11286470481094113,0.0,0.0,0.0,-0.09687274555988437,0.09687274555988437,0.0627314590383321,0.0
193,0.056133723883615205,0.11226744776723041,0.0,0.0,0.0,-0.09678188075663022,0.09678188075663022,0.06221112498315051,0.0
194,0.055674839338710855,0.11134967867742171,0.0,0.0,0.0,-0.09668813714659816,0.09668813714659816,0.06082420801976696,0.0
195,0.05509536693471104,0.11019073386942208,0.0,0.0,0.0,-0.09659254555339102,0.09659254555339102,0.06133525003679097,0.0
196,0.05426340819371224,0.10852681638742448,0.0,0.0,0.0,-0.09649667297189078,0.09649667297189078,0.06198566599050537,0.0
197,0.05385210199200323,0.10770420398400646,0.0,0.0,0.0,-0.09639777356412098,0.09639777356412098,0.0613863340113312,0.0
198,0.05406213951968951,0.10812427903937902,0.0,0.0,0.0,-0.09629604101764645,0.09629604101764645,0.0594192499993369,0.0
199,0.05414309256024985,0.1082861851204997,0.0,0.0,0.0,-0.09619333246900733,0.09619333246900733,0.061597333988174796,0.0
200,0.053838323902807156,0.10767664780561431,0.0,0.0,0.0,-0.09609356047346765,0.09609356047346765,0.05968291702447459,0.0
201,0.053337925929414734,0.10667585185882947,0.0,0.0,0.0,-0.09599921709671534,0.09599921709671534,0.06240754103055224,0.0
202,0.0519199436065339,0.1038398872130678,0.0,0.0,0.0,-0.09590199160293253,0.09590199160293253,0.0609979159780778,0.0
203,0.05033940257774017,0.10067880515548033,0.0,0.0,0.0,-0.09580043809492624,0.09580043809492624,0.061981999955605716,0.0
204,0.048729387892452736,0.09745877578490547,0.0,0.0,0.0,-0.09570260151536138,0.09570260151536138,0.060052790970075876,0.0
205,0.047117756212520734,0.09423551242504147,0.0,0.0,0.0,-0.09561048389702119,0.09561048389702119,0.0605770000256598,0.0
206,0.045692203574093274,0.09138440714818655,0.0,0.0,0.0,-0.09552354150297028,0.09552354150297028,0.05863099999260157,0.0
207,0.04505822663395992,0.09011645326791984,0.0,0.0,0.0,-0.09543990703051557,0.09543990703051557,0.06195820803986862,0.0
208,0.04513466325895901,0.09026932651791802,0.0,0.0,0.0,-0.09535711385823505,0.09535711385823505,0.05902358400635421,0.0
209,0.04591827432168302,0.09183654864336604,0.0,0.0,0.0,-0.09527302918634736,0.09527302918634736,0.06122924998635426,0.0
210,0.046498475845778375,0.09299695169155675,0.0,0.0,0.0,-0.09518874179488576,0.09518874179488576,0.05913029098883271,0.0
211,0.0465756749167401,0.0931513498334802,0.0,0.0,0.0,-0.09510932300934496,0.09510932300934496,0.06098154099890962,0.0
212,0.0466032998647154,0.0932065997294308,0.0,0.0,0.0,-0.09503663247545655,0.09503663247545655,0.05949079099809751,0.0
213,0.04653913998582916,0.09307827997165832,0.0,0.0,0.0,-0.09496994636236171,0.09496994636236171,0.061665541026741266,0.0
214,0.04649288929203603,0.09298577858407206,0.0,0.0,0.0,-0.09490857539681909,0.09490857539681909,0.062347249942831695,0.0
215,0.04655402375670267,0.09310804751340535,0.0,0.0,0.0,-0.09485683868770066,0.09485683868770066,0.06225112499669194,0.0
216,0.04636370474447121,0.09272740948894242,0.0,0.0,0.0,-0.094814070241671,0.094814070241671,0.06227354204747826,0.0
217,0.045789940550237634,0.09157988110047527,0.0,0.0,0.0,-0.09477514215282136,0.09477514215282136,0.06238991703139618,0.0
218,0.0453338026373256,0.0906676052746512,0.0,0.0,0.0,-0.09473595951701007,0.09473595951701007,0.05988004198297858,0.0
219,0.04503967906487899,0.09007935812975798,0.0,0.0,0.0,-0.0946946077976331,0.0946946077976331,0.060730208992026746,0.0
220,0.044769430949125624,0.08953886189825125,0.0,0.0,0.0,-0.09465006054205918,0.09465006054205918,0.05905187496682629,0.0
221,0.04492086757612887,0.08984173515225774,0.0,0.0,0.0,-0.09460227660265398,0.09460227660265398,0.06265775003703311,0.0
222,0.04551088252221305,0.0910217650444261,0.0,0.0,0.0,-0.09455132401995739,0.09455132401995739,0.05955654103308916,0.0
223,0.046402450312795246,0.09280490062559049,0.0,0.0,0.0,-0.09449879817915227,0.09449879817915227,0.061237792018800974,0.0
224,0.04733325462308316,0.09466650924616632,0.0,0.0,0.0,-0.09444780958531897,0.09444780958531897,0.05969175003701821,0.0
225,0.04743640180655201,0.09487280361310402,0.0,0.0,0.0,-0.0943942035493561,0.0943942035493561,0.06105229095555842,0.0
226,0.04692876108669555,0.0938575221733911,0.0,0.0,0.0,-0.09434035837990375,0.09434035837990375,0.05960554099874571,0.0
227,0.046434543304595705,0.09286908660919141,0.0,0.0,0.0,-0.09428686399396997,0.09428686399396997,0.061428582994267344,0.0
228,0.046264217437833585,0.09252843487566717,0.0,0.0,0.0,-0.09423345337312536,0.09423345337312536,0.05920095898909494,0.0
229,0.045908527320331904,0.09181705464066381,0.0,0.0,0.0,-0.09417964394314157,0.09417964394314157,0.06138608301989734,0.0
230,0.045546907846221285,0.09109381569244257,0.0,0.0,0.0,-0.09412665976185927,0.09412665976185927,0.05976941698463634,0.0
231,0.04521778759908847,0.09043557519817694,0.0,0.0,0.0,-0.09407490492812214,0.09407490492812214,0.060956083005294204,0.0
232,0.04508406654953945,0.0901681330990789,0.0,0.0,0.0,-0.09402411463246711,0.09402411463246711,0.05923312494996935,0.0
233,0.04493429922100281,0.08986859844200562,0.0,0.0,0.0,-0.09397540759511112,0.09397540759511112,0.06237295805476606,0.0
234,0.044913448581842694,0.08982689716368539,0.0,0.0,0.0,-0.09392910019010994,0.09392910019010994,0.06268500001169741,0.0
235,0.04476476610285386,0.08952953220570772,0.0,0.0,0.0,-0.09388580253053733,0.09388580253053733,0.0622721670079045,0.0
236,0.04438122046598003,0.08876244093196006,0.0,0.0,0.0,-0.09384542085715289,0.09384542085715289,0.06218045798595995,0.0
237,0.04431985074290981,0.08863970148581962,0.0,0.0,0.0,-0.09380692499017877,0.09380692499017877,0.061834209016524255,0.0
238,0.04418492078378952,0.08836984156757904,0.0,0.0,0.0,-0.0937698219044639,0.0937698219044639,0.06217954104067758,0.0
239,0.04407902189110306,0.08815804378220612,0.0,0.0,0.0,-0.09373468387200305,0.09373468387200305,0.06251058296766132,0.0
240,0.04410710568589932,0.08821421137179863,0.0,0.0,0.0,-0.09370354080043171,0.09370354080043171,0.06336841697338969,0.0
241,0.0442177222468797,0.0884354444937594,0.0,0.0,0.0,-0.09367448843403335,0.09367448843403335,0.06381787499412894,0.0
242,0.044060615685066834,0.08812123137013367,0.0,0.0,0.0,-0.09364724369939707,0.09364724369939707,0.06203375000040978,0.0
243,0.04360009324006894,0.08720018648013789,0.0,0.0,0.0,-0.09362054691213269,0.09362054691213269,0.06344670802354813,0.0
244,0.04283700940941748,0.08567401881883496,0.0,0.0,0.0,-0.09359295712430911,0.09359295712430911,0.06179108301876113,0.0
245,0.04229155332073488,0.08458310664146976,0.0,0.0,0.0,-0.09356609340400672,0.09356609340400672,0.06277170800603926,0.0
246,0.041884902163208865,0.08376980432641773,0.0,0.0,0.0,-0.09353868228352948,0.09353868228352948,0.06211166700813919,0.0
247,0.04140258200048369,0.08280516400096738,0.0,0.0,0.0,-0.09350909357363132,0.09350909357363132,0.06280354200862348,0.0
248,0.04085896131284043,0.08171792262568087,0.0,0.0,0.0,-0.0934749720072723,0.0934749720072723,0.06179208296816796,0.0
249,0.04063340240004665,0.0812668048000933,0.0,0.0,0.0,-0.0934361582038832,0.0934361582038832,0.06330320797860622,0.0
250,0.04046900108735338,0.08093800217470676,0.0,0.0,0.0,-0.0933934860978359,0.0933934860978359,0.06265758397057652,0.0
251,0.04068983622163827,0.08137967244327654,0.0,0.0,0.0,-0.09334915356479544,0.09334915356479544,0.06077391596045345,0.0
252,0.04107587017174935,0.0821517403434987,0.0,0.0,0.0,-0.09330362421484925,0.09330362421484925,0.05960062495432794,0.0
253,0.04169820454617007,0.08339640909234014,0.0,0.0,0.0,-0.09325702635464424,0.09325702635464424,0.06291733297985047,0.0
254,0.04256891614810883,0.08513783229621766,0.0,0.0,0.0,-0.09320907543074872,0.09320907543074872,0.05977595900185406,0.0
255,0.043547233170635025,0.08709446634127005,0.0,0.0,0.0,-0.0931595775393169,0.0931595775393169,0.06244866701308638,0.0
256,0.044124532670816397,0.08824906534163279,0.0,0.0,0.0,-0.09311519277145387,0.09311519277145387,0.06227391702122986,0.0
257,0.04409537369547277,0.08819074739094554,0.0,0.0,0.0,-0.09307520654466604,0.09307520654466604,0.06169150001369417,0.0
258,0.04407844909204256,0.08815689818408512,0.0,0.0,0.0,-0.09303836231226163,0.09303836231226163,0.05974916595732793,0.0
259,0.04352952362470146,0.08705904724940292,0.0,0.0,0.0,-0.09300114054552101,0.09300114054552101,0.06249745795503259,0.0
260,0.04260364466107068,0.08520728932214136,0.0,0.0,0.0,-0.09296167378904982,0.09296167378904982,0.060458957974333316,0.0
261,0.04140202506564558,0.08280405013129116,0.0,0.0,0.0,-0.09292093042799911,0.09292093042799911,0.061211541993543506,0.0
262,0.040241166676488305,0.08048233335297661,0.0,0.0,0.0,-0.09288450029463859,0.09288450029463859,0.05883137497585267,0.0
263,0.039148189445064735,0.07829637889012947,0.0,0.0,0.0,-0.09285214086255143,0.09285214086255143,0.06175591598730534,0.0
264,0.03814304279958705,0.0762860855991741,0.0,0.0,0.0,-0.09282371013183528,0.09282371013183528,0.061858875036705285,0.0
265,0.03748773079955159,0.07497546159910318,0.0,0.0,0.0,-0.092799948066389,0.092799948066389,0.06244887498905882,0.0
266,0.037129883980319994,0.07425976796063999,0.0,0.0,0.0,-0.09277950041111657,0.09277950041111657,0.06177491700509563,0.0
267,0.036958746310306545,0.07391749262061309,0.0,0.0,0.0,-0.09276184571338744,0.09276184571338744,0.0622794579830952,0.0
268,0.036947962324187705,0.07389592464837541,0.0,0.0,0.0,-0.09274671710156722,0.09274671710156722,0.062340583943296224,0.0
269,0.03714227582543776,0.07428455165087552,0.0,0.0,0.0,-0.09273460698472337,0.09273460698472337,0.0623185409931466,0.0
270,0.037355521767444375,0.07471104353488875,0.0,0.0,0.0,-0.0927258319316636,0.0927258319316636,0.061066666967235506,0.0
271,0.037559366730987004,0.07511873346197401,0.0,0.0,0.0,-0.0927204904825941,0.0927204904825941,0.06039391702506691,0.0
272,0.037875523575614606,0.07575104715122921,0.0,0.0,0.0,-0.09271739849623004,0.09271739849623004,0.05890174995874986,0.0
273,0.03828893945109979,0.07657787890219958,0.0,0.0,0.0,-0.09271595015191623,0.09271595015191623,0.06195720803225413,0.0
274,0.03865469805223247,0.07730939610446494,0.0,0.0,0.0,-0.09271535551024689,0.09271535551024689,0.05862766597419977,0.0
275,0.038951320569291153,0.07790264113858231,0.0,0.0,0.0,-0.09271557519494271,0.09271557519494271,0.06016229098895565,0.0
276,0.039188834228352024,0.07837766845670405,0.0,0.0,0.0,-0.0927153306879984,0.0927153306879984,0.058650583028793335,0.0
277,0.03977361396712595,0.0795472279342519,0.0,0.0,0.0,-0.09271235847257255,0.09271235847257255,0.060775249963626266,0.0
278,0.039954022543209206,0.07990804508641841,0.0,0.0,0.0,-0.09270307934283771,0.09270307934283771,0.059252708044368774,0.0
279,0.0395805182404481,0.0791610364808962,0.0,0.0,0.0,-0.09268629531406368,0.09268629531406368,0.06201033300021663,0.0
280,0.03952337775236324,0.07904675550472648,0.0,0.0,0.0,-0.09266527053752584,0.09266527053752584,0.05997554102214053,0.0
281,0.03980729299510896,0.07961458599021792,0.0,0.0,0.0,-0.09264137610578459,0.09264137610578459,0.0598583749961108,0.0
282,0.04013101490552988,0.08026202981105976,0.0,0.0,0.0,-0.09261429100833078,0.09261429100833078,0.05898637499194592,0.0
283,0.040183646923363514,0.08036729384672703,0.0,0.0,0.0,-0.09258469801690847,0.09258469801690847,0.06276254204567522,0.0
284,0.040251585538385634,0.08050317107677127,0.0,0.0,0.0,-0.09255386780931675,0.09255386780931675,0.06097704195417464,0.0
285,0.040120526030740095,0.08024105206148019,0.0,0.0,0.0,-0.092523730434641,0.092523730434641,0.06277675001183525,0.0
286,0.03987157915144801,0.07974315830289602,0.0,0.0,0.0,-0.09249473600838866,0.09249473600838866,0.06174545898102224,0.0
287,0.0395130036132495,0.079026007226499,0.0,0.0,0.0,-0.09246605111732883,0.09246605111732883,0.06225966603960842,0.0
288,0.03903905199763663,0.07807810399527326,0.0,0.0,0.0,-0.09243814901878288,0.09243814901878288,0.06356058304663748,0.0
289,0.038786871017714816,0.07757374203542963,0.0,0.0,0.0,-0.09240964288144679,0.09240964288144679,0.06210537499282509,0.0
290,0.03865970436627117,0.07731940873254234,0.0,0.0,0.0,-0.09238104327725781,0.09238104327725781,0.05943870800547302,0.0
291,0.03828711660440956,0.07657423320881912,0.0,0.0,0.0,-0.09235248438966058,0.09235248438966058,0.061161458026617765,0.0
292,0.037978589566944915,0.07595717913388983,0.0,0.0,0.0,-0.09232287609145705,0.09232287609145705,0.059492832981050014,0.0
293,0.03750631633079181,0.07501263266158362,0.0,0.0,0.0,-0.09229126610481578,0.09229126610481578,0.060892249981407076,0.0
294,0.03706243158477959,0.07412486316955919,0.0,0.0,0.0,-0.09225785035434905,0.09225785035434905,0.05971295898780227,0.0
295,0.036699073332193105,0.07339814666438621,0.0,0.0,0.0,-0.0922231875691408,0.0922231875691408,0.06084449996706098,0.0
296,0.036222052737743815,0.07244410547548763,0.0,0.0,0.0,-0.09218843501653344,0.09218843501653344,0.05890820804052055,0.0
297,0.03571425045947389,0.07142850091894778,0.0,0.0,0.0,-0.09215389026363953,0.09215389026363953,0.0612247500102967,0.0
298,0.03549851820411361,0.07099703640822722,0.0,0.0,0.0,-0.0921194028681981,0.0921194028681981,0.05996283300919458,0.0
299,0.03548776679948795,0.0709755335989759,0.0,0.0,0.0,-0.09208459021966629,0.09208459021966629,0.06251433299621567,0.0
300,0.03552411624156715,0.0710482324831343,0.0,0.0,0.0,-0.09205010909750552,0.09205010909750552,0.06246608303626999,0.0
301,0.035507803751947994,0.07101560750389599,0.0,0.0,0.0,-0.09201809923980793,0.09201809923980793,0.06254524999530986,0.0
302,0.0353764551450141,0.0707529102900282,0.0,0.0,0.0,-0.09198883434383422,0.09198883434383422,0.06251904199598357,0.0
303,0.0352072237253646,0.0704144474507292,0.0,0.0,0.0,-0.09196189452291022,0.09196189452291022,0.06194254203001037,0.0
304,0.03495753214273016,0.06991506428546032,0.0,0.0,0.0,-0.0919366706140876,0.0919366706140876,0.0600686669931747,0.0
305,0.03463899336284057,0.06927798672568114,0.0,0.0,0.0,-0.09191234347139156,0.09191234347139156,0.06102899997495115,0.0
306,0.03415107621177174,0.06830215242354348,0.0,0.0,0.0,-0.09188861353247249,0.09188861353247249,0.059253416024148464,0.0
307,0.03359985449270732,0.06719970898541464,0.0,0.0,0.0,-0.09186613751054877,0.09186613751054877,0.06282883300445974,0.0
308,0.03305736718071961,0.06611473436143922,0.0,0.0,0.0,-0.09184525124619167,0.09184525124619167,0.06169116700766608,0.0
309,0.032549091183194684,0.06509818236638937,0.0,0.0,0.0,-0.0918252445003606,0.0918252445003606,0.061366166977677494,0.0
310,0.032170727559756404,0.06434145511951281,0.0,0.0,0.0,-0.09180524354472756,0.09180524354472756,0.06289758300408721,0.0
311,0.03185248849229211,0.06370497698458422,0.0,0.0,0.0,-0.09178389829506707,0.09178389829506707,0.062282999977469444,0.0
312,0.03183137179935504,0.06366274359871008,0.0,0.0,0.0,-0.09176075415942543,0.09176075415942543,0.06010733399307355,0.0
313,0.031905907390863866,0.06381181478172773,0.0,0.0,0.0,-0.0917357774453156,0.0917357774453156,0.06140549998963252,0.0
314,0.03211731011217546,0.06423462022435092,0.0,0.0,0.0,-0.09170962745876617,0.09170962745876617,0.059460666961967945,0.0
315,0.03256527229244845,0.0651305445848969,0.0,0.0,0.0,-0.09168403036572301,0.09168403036572301,0.061810666986275464,0.0
316,0.032958881973959714,0.06591776394791943,0.0,0.0,0.0,-0.09166042016684282,0.09166042016684282,0.059842374990694225,0.0
317,0.03309452599855113,0.06618905199710226,0.0,0.0,0.0,-0.09163840694350192,0.09163840694350192,0.06175954197533429,0.0
318,0.03297400398204092,0.06594800796408185,0.0,0.0,0.0,-0.09161653361340989,0.09161653361340989,0.05974024999886751,0.0
319,0.032683000179584004,0.06536600035916801,0.0,0.0,0.0,-0.09159466543080473,0.09159466543080473,0.061398332996759564,0.0
320,0.03226115666038466,0.06452231332076933,0.0,0.0,0.0,-0.0915726663954587,0.0915726663954587,0.05924899998353794,0.0
321,0.031810693551846,0.063621387103692,0.0,0.0,0.0,-0.09154997275563746,0.09154997275563746,0.06157837499631569,0.0
322,0.0314402691345857,0.0628805382691714,0.0,0.0,0.0,-0.09152695917477134,0.09152695917477134,0.05990454100538045,0.0
323,0.031549439947736804,0.06309887989547361,0.0,0.0,0.0,-0.09150405706650923,0.09150405706650923,0.06306983402464539,0.0
324,0.03189298436237682,0.06378596872475364,0.0,0.0,0.0,-0.09148302277920481,0.09148302277920481,0.0608064160333015,0.0
325,0.032401051732787095,0.06480210346557419,0.0,0.0,0.0,-0.0914646208665422,0.0914646208665422,0.06167758401716128,0.0
326,0.03286000197419653,0.06572000394839306,0.0,0.0,0.0,-0.09144943411152952,0.09144943411152952,0.060234832984860986,0.0
327,0.03307946124356842,0.06615892248713684,0.0,0.0,0.0,-0.09143689461226369,0.09143689461226369,0.06150166696170345,0.0
328,0.033046620729313414,0.06609324145862683,0.0,0.0,0.0,-0.09142557157468136,0.09142557157468136,0.062096833949908614,0.0
329,0.03288302258383194,0.06576604516766388,0.0,0.0,0.0,-0.09141404049482407,0.09141404049482407,0.06260462501086295,0.0
330,0.03264825668662055,0.0652965133732411,0.0,0.0,0.0,-0.09140103610626592,0.09140103610626592,0.06145224999636412,0.0
331,0.03228370198312315,0.0645674039662463,0.0,0.0,0.0,-0.09138563042610201,0.09138563042610201,0.06310520798433572,0.0
332,0.031876866523650085,0.06375373304730017,0.0,0.0,0.0,-0.09136916480455202,0.09136916480455202,0.06257437501335517,0.0
333,0.03161395143907002,0.06322790287814004,0.0,0.0,0.0,-0.09135226832084195,0.09135226832084195,0.061959374987054616,0.0
334,0.03163315523175215,0.0632663104635043,0.0,0.0,0.0,-0.09133519912812191,0.09133519912812191,0.06210687500424683,0.0
335,0.031746296741663835,0.06349259348332767,0.0,0.0,0.0,-0.09131876059607749,0.09131876059607749,0.06223958299960941,0.0
336,0.031848366746876175,0.06369673349375235,0.0,0.0,0.0,-0.09130238132006467,0.09130238132006467,0.061039249994792044,0.0
337,0.03191075346573086,0.06382150693146171,0.0,0.0,0.0,-0.09128482950503493,0.09128482950503493,0.061768374987877905,0.0
338,0.03183722163328702,0.06367444326657404,0.0,0.0,0.0,-0.09126527114529852,0.09126527114529852,0.060739667038433254,0.0
339,0.03167650270235349,0.06335300540470698,0.0,0.0,0.0,-0.09124327031409227,0.09124327031409227,0.0631325839785859,0.0
340,0.031616547295817324,0.06323309459163465,0.0,0.0,0.0,-0.09121896493737765,0.09121896493737765,0.062174583959858865,0.0
341,0.031611234905759886,0.06322246981151977,0.0,0.0,0.0,-0.09119434807605228,0.09119434807605228,0.06161608296679333,0.0
342,0.03156035840438884,0.06312071680877768,0.0,0.0,0.0,-0.09117093999125274,0.09117093999125274,0.06271458399714902,0.0
343,0.031583077336270304,0.06316615467254061,0.0,0.0,0.0,-0.0911493071939574,0.0911493071939574,0.06320608302485198,0.0
344,0.031720595033151444,0.06344119006630289,0.0,0.0,0.0,-0.09112912493831386,0.09112912493831386,0.061989333014935255,0.0
345,0.03173129152418191,0.06346258304836382,0.0,0.0,0.0,-0.09110960927160171,0.09110960927160171,0.063368208007887,0.0
346,0.03157998427356168,0.06315996854712336,0.0,0.0,0.0,-0.09109008654327173,0.09109008654327173,0.05939479201333597,0.0
347,0.031231797491496124,0.06246359498299225,0.0,0.0,0.0,-0.09107026528550137,0.09107026528550137,0.06330845801858231,0.0
348,0.030815491058241714,0.06163098211648343,0.0,0.0,0.0,-0.09105018308590597,0.09105018308590597,0.0593061670078896,0.0
349,0.030399033552632307,0.060798067105264614,0.0,0.0,0.0,-0.09102982313106571,0.09102982313106571,0.061477082956116647,0.0
350,0.03059437204120154,0.06118874408240308,0.0,0.0,0.0,-0.0910092043182613,0.0910092043182613,0.059735832968726754,0.0
351,0.030896854036390534,0.06179370807278107,0.0,0.0,0.0,-0.09098917778135783,0.09098917778135783,0.061243875010404736,0.0
352,0.031123395343524343,0.062246790687048685,0.0,0.0,0.0,-0.09096919670773802,0.09096919670773802,0.05954862502403557,0.0
353,0.0312551482435645,0.062510296487129,0.0,0.0,0.0,-0.09094915780399095,0.09094915780399095,0.061975874996278435,0.0
354,0.031259804159284976,0.06251960831856995,0.0,0.0,0.0,-0.09092905700382822,0.09092905700382822,0.0601349999778904,0.0
355,0.031201433901834205,0.06240286780366841,0.0,0.0,0.0,-0.09091003302852982,0.09091003302852982,0.0625788330216892,0.0
356,0.03111318600438718,0.06222637200877436,0.0,0.0,0.0,-0.0908931040357054,0.0908931040357054,0.06097354198573157,0.0
357,0.03106167907462564,0.06212335814925128,0.0,0.0,0.0,-0.09087837853854967,0.09087837853854967,0.061445915955118835,0.0
358,0.0309194707825211,0.0618389415650422,0.0,0.0,0.0,-0.09086506128938918,0.09086506128938918,0.05934612499549985,0.0
359,0.0306964908390464,0.0613929816780928,0.0,0.0,0.0,-0.09085208213389998,0.09085208213389998,0.062372750020585954,0.0
360,0.030515095732726046,0.06103019146545209,0.0,0.0,0.0,-0.0908387899023113,0.0908387899023113,0.061947292007971555,0.0
361,0.030294622338387978,0.060589244676775955,0.0,0.0,0.0,-0.09082444604233207,0.09082444604233207,0.062056416005361825,0.0
362,0.029958034521775208,0.059916069043550416,0.0,0.0,0.0,-0.09081083659036902,0.09081083659036902,0.06007516704266891,0.0
363,0.02951707237167521,0.05903414474335042,0.0,0.0,0.0,-0.09079822093768478,0.09079822093768478,0.06258987501496449,0.0
364,0.029000418638943246,0.05800083727788649,0.0,0.0,0.0,-0.09078553960531087,0.09078553960531087,0.06175724999047816,0.0
365,0.0284999453032867,0.0569998906065734,0.0,0.0,0.0,-0.0907722973615127,0.0907722973615127,0.0623005410307087,0.0
366,0.02807337031064098,0.05614674062128196,0.0,0.0,0.0,-0.0907590554530368,0.0907590554530368,0.06174445798387751,0.0
367,0.027667885075521197,0.05533577015104239,0.0,0.0,0.0,-0.09074556331722973,0.09074556331722973,0.06107833399437368,0.0
368,0.02736286627727217,0.05472573255454434,0.0,0.0,0.0,-0.09073233442451213,0.09073233442451213,0.059471166983712465,0.0
369,0.027102840628133777,0.054205681256267554,0.0,0.0,0.0,-0.09071985461371386,0.09071985461371386,0.06115062499884516,0.0
370,0.02683971495740451,0.05367942991480902,0.0,0.0,0.0,-0.09070829800957945,0.09070829800957945,0.05923012498533353,0.0
371,0.02665554042392502,0.05331108084785004,0.0,0.0,0.0,-0.09069768688747733,0.09069768688747733,0.06302941602189094,0.0
372,0.026790534940356964,0.05358106988071393,0.0,0.0,0.0,-0.09068808254894203,0.09068808254894203,0.05918637500144541,0.0
373,0.027009638392914093,0.054019276785828185,0.0,0.0,0.0,-0.0906790446484794,0.0906790446484794,0.061590292025357485,0.0
374,0.02710484766854057,0.05420969533708114,0.0,0.0,0.0,-0.09067018976232809,0.09067018976232809,0.059812874998897314,0.0
375,0.02706234795309044,0.05412469590618088,0.0,0.0,0.0,-0.09066111604895163,0.09066111604895163,0.06155912496615201,0.0
376,0.026918233505209603,0.053836467010419206,0.0,0.0,0.0,-0.09065154556034859,0.09065154556034859,0.05960104096448049,0.0
377,0.026809489512653432,0.053618979025306865,0.0,0.0,0.0,-0.09064148846501742,0.09064148846501742,0.06257220800034702,0.0
378,0.026890883080718936,0.05378176616143787,0.0,0.0,0.0,-0.09063111200883747,0.09063111200883747,0.05943808302981779,0.0
379,0.02684461973544751,0.05368923947089502,0.0,0.0,0.0,-0.0906203401979113,0.0906203401979113,0.06227691599633545,0.0
380,0.026660393427693496,0.05332078685538699,0.0,0.0,0.0,-0.09060891535642755,0.09060891535642755,0.06287312495987862,0.0
381,0.02680429116824542,0.05360858233649084,0.0,0.0,0.0,-0.0905964983831438,0.0905964983831438,0.06273058400256559,0.0
382,0.027097495773355032,0.054194991546710064,0.0,0.0,0.0,-0.09058227529222583,0.09058227529222583,0.06057425000471994,0.0
383,0.027414507415563366,0.05482901483112673,0.0,0.0,0.0,-0.09056614292632356,0.09056614292632356,0.062428415985777974,0.0
384,0.027692625296828137,0.055385250593656274,0.0,0.0,0.0,-0.09054669251360972,0.09054669251360972,0.0611146250157617,0.0
385,0.02795290129488258,0.05590580258976516,0.0,0.0,0.0,-0.09052451232136284,0.09052451232136284,0.06237800000235438,0.0
386,0.028128417064598364,0.05625683412919673,0.0,0.0,0.0,-0.09050062609124328,0.09050062609124328,0.061216625035740435,0.0
387,0.02818475514700284,0.05636951029400568,0.0,0.0,0.0,-0.09047740335722836,0.09047740335722836,0.0618221249897033,0.0
388,0.02814064935534242,0.05628129871068484,0.0,0.0,0.0,-0.09045537056341156,0.09045537056341156,0.0592564579565078,0.0
389,0.028097110719436026,0.05619422143887205,0.0,0.0,0.0,-0.09043487940122165,0.09043487940122165,0.06274595798458904,0.0
390,0.02831175492817614,0.05662350985635228,0.0,0.0,0.0,-0.09041596553077871,0.09041596553077871,0.061540500028058887,0.0
391,0.028486968690263452,0.056973937380526904,0.0,0.0,0.0,-0.09039916861017767,0.09039916861017767,0.06156995799392462,0.0
392,0.028466543987393796,0.05693308797478759,0.0,0.0,0.0,-0.09038518506729795,0.09038518506729795,0.05982920801034197,0.0
393,0.028357028055371325,0.05671405611074265,0.0,0.0,0.0,-0.09037349185927955,0.09037349185927955,0.061325292044784874,0.0
394,0.028227670504746352,0.056455341009492704,0.0,0.0,0.0,-0.09036437717649261,0.09036437717649261,0.059563708025962114,0.0
395,0.02807791077130422,0.05615582154260844,0.0,0.0,0.0,-0.09035678255462255,0.09035678255462255,0.06165841699112207,0.0
396,0.0278404378721653,0.0556808757443306,0.0,0.0,0.0,-0.0903494310911492,0.0903494310911492,0.059686125023290515,0.0
397,0.027451525401592146,0.05490305080318429,0.0,0.0,0.0,-0.09034166636646325,0.09034166636646325,0.06211395899299532,0.0
398,0.027133904039603023,0.054267808079206045,0.0,0.0,0.0,-0.09033269832179228,0.09033269832179228,0.06010733300354332,0.0
399,0.026806351855789445,0.05361270371157889,0.0,0.0,0.0,-0.0903221294451932,0.0903221294451932,0.061632458004169166,0.0
400,0.026435794547533628,0.052871589095067256,0.0,0.0,0.0,-0.09030995174794323,0.09030995174794323,0.059839541965629905,0.0
401,0.026167877929173224,0.05233575585834645,0.0,0.0,0.0,-0.09029636417628747,0.09029636417628747,0.060934916022233665,0.0
402,0.026041690541255595,0.05208338108251119,0.0,0.0,0.0,-0.09028147775082249,0.09028147775082249,0.05928937502903864,0.0
403,0.026021281530831365,0.05204256306166273,0.0,0.0,0.0,-0.09026538843889802,0.09026538843889802,0.06094612501328811,0.0
404,0.025939089872488295,0.05187817974497659,0.0,0.0,0.0,-0.09024811218016711,0.09024811218016711,0.059215540997684,0.0
405,0.025853608479682863,0.051707216959365726,0.0,0.0,0.0,-0.09022961703512829,0.09022961703512829,0.06284725002478808,0.0
406,0.025755801543717344,0.05151160308743469,0.0,0.0,0.0,-0.09020979175188616,0.09020979175188616,0.060394917032681406,0.0
407,0.025707436157796824,0.05141487231559365,0.0,0.0,0.0,-0.09018869879637083,0.09018869879637083,0.06296483398182318,0.0
408,0.025650349456928775,0.05130069891385755,0.0,0.0,0.0,-0.09016665002853749,0.09016665002853749,0.06166391697479412,0.0
409,0.025594525997426676,0.05118905199485335,0.0,0.0,0.0,-0.09014417765104661,0.09014417765104661,0.06250283401459455,0.0
410,0.02547997667690228,0.05095995335380456,0.0,0.0,0.0,-0.09012166131973588,0.09012166131973588,0.062133583007380366,0.0
411,0.025307258520053333,0.050614517040106666,0.0,0.0,0.0,-0.09009951449834527,0.09009951449834527,0.06290274998173118,0.0
412,0.025440027373452585,0.05088005474690517,0.0,0.0,0.0,-0.09007765275465227,0.09007765275465227,0.06253925000783056,0.0
413,0.025561132364925437,0.051122264729850875,0.0,0.0,0.0,-0.09005552913245003,0.09005552913245003,0.06277691700961441,0.0
414,0.025571512064964892,0.051143024129929784,0.0,0.0,0.0,-0.09003318985094165,0.09003318985094165,0.060797874990385026,0.0
415,0.0254803209590653,0.0509606419181306,0.0,0.0,0.0,-0.09001171259330111,0.09001171259330111,0.06285233399830759,0.0
416,0.025408693624309538,0.050817387248619075,0.0,0.0,0.0,-0.0899920177552228,0.0899920177552228,0.06061083299573511,0.0
417,0.025384070750253153,0.050768141500506306,0.0,0.0,0.0,-0.0899744130558214,0.0899744130558214,0.06064112501917407,0.0
418,0.025694656907283682,0.051389313814567364,0.0,0.0,0.0,-0.08995859242231072,0.08995859242231072,0.05935062502976507,0.0
419,0.025937127535597924,0.05187425507119585,0.0,0.0,0.0,-0.08994368541062951,0.08994368541062951,0.06131575000472367,0.0
420,0.025917241793823216,0.05183448358764643,0.0,0.0,0.0,-0.08992908143754116,0.08992908143754116,0.059167583007365465,0.0
421,0.025691302414161683,0.05138260482832337,0.0,0.0,0.0,-0.08991547720300311,0.08991547720300311,0.06095499999355525,0.0
422,0.02540540923938113,0.05081081847876226,0.0,0.0,0.0,-0.08990379944846945,0.08990379944846945,0.059144207974895835,0.0
423,0.02526848795311503,0.05053697590623006,0.0,0.0,0.0,-0.089894234806182,0.089894234806182,0.060853959002997726,0.0
424,0.025260533906073558,0.050521067812147116,0.0,0.0,0.0,-0.08988590737996419,0.08988590737996419,0.05986524996114895,0.0
425,0.025146180727551933,0.050292361455103865,0.0,0.0,0.0,-0.08987766934868444,0.08987766934868444,0.0619989589904435,0.0
426,0.025115426507978336,0.05023085301595667,0.0,0.0,0.0,-0.08986872232476992,0.08986872232476992,0.06145462498534471,0.0
427,0.025228981163211324,0.05045796232642265,0.0,0.0,0.0,-0.0898584564442214,0.0898584564442214,0.06260674999793991,0.0
428,0.025241937682809364,0.05048387536561873,0.0,0.0,0.0,-0.08984647809572908,0.08984647809572908,0.06278670800384134,0.0
429,0.025759427413698584,0.05151885482739717,0.0,0.0,0.0,-0.08983473476610991,0.08983473476610991,0.06241166696418077,0.0
430,0.02567088198191861,0.05134176396383722,0.0,0.0,0.0,-0.08982262976296575,0.08982262976296575,0.062482999986968935,0.0
431,0.02547908972139755,0.0509581794427951,0.0,0.0,0.0,-0.0898104835430736,0.0898104835430736,0.0625016670092009,0.0
432,0.025334878760864057,0.050669757521728115,0.0,0.0,0.0,-0.08979842858188233,0.08979842858188233,0.061342084023635834,0.0
433,0.025309615907850663,0.05061923181570133,0.0,0.0,0.0,-0.08978647385738994,0.08978647385738994,0.0694608329795301,0.0
434,0.025263688556165627,0.050527377112331254,0.0,0.0,0.0,-0.08977463557108638,0.08977463557108638,0.06560616701608524,0.0
435,0.025193999482131205,0.05038799896426241,0.0,0.0,0.0,-0.08976298720140656,0.08976298720140656,0.06893783301347867,0.0
436,0.02508908937852579,0.05017817875705158,0.0,0.0,0.0,-0.08975138914565135,0.08975138914565135,0.06376350001664832,0.0
437,0.024973074180670858,0.049946148361341716,0.0,0.0,0.0,-0.08973961510114555,0.08973961510114555,0.0652846249868162,0.0
438,0.024875938392805184,0.04975187678561037,0.0,0.0,0.0,-0.08972751101123495,0.08972751101123495,0.06742149998899549,0.0
439,0.024932198219001625,0.04986439643800325,0.0,0.0,0.0,-0.08971498202799603,0.08971498202799603,0.06331562501145527,0.0
440,0.02515593147925238,0.05031186295850476,0.0,0.0,0.0,-0.08970189890749457,0.08970189890749457,0.06640004203654826,0.0
441,0.02527939005583931,0.05055878011167862,0.0,0.0,0.0,-0.08968849092120908,0.08968849092120908,0.06947275000857189,0.0
442,0.025249873113784113,0.050499746227568226,0.0,0.0,0.0,-0.08967545631841957,0.08967545631841957,0.061282416980247945,0.0
443,0.025368421287627875,0.05073684257525575,0.0,0.0,0.0,-0.08966345048929168,0.08966345048929168,0.06740066601196304,0.0
444,0.025554312229241177,0.051108624458482355,0.0,0.0,0.0,-0.08965276259521668,0.08965276259521668,0.06351645797258243,0.0
445,0.02559200786917868,0.05118401573835736,0.0,0.0,0.0,-0.08964337826542548,0.08964337826542548,0.06423270801315084,0.0
446,0.02554426072729986,0.05108852145459972,0.0,0.0,0.0,-0.08963473109369,0.08963473109369,0.06046454200986773,0.0
447,0.025426406830670857,0.050852813661341714,0.0,0.0,0.0,-0.08962676582851119,0.08962676582851119,0.06208908301778138,0.0
448,0.025219614369573297,0.050439228739146594,0.0,0.0,0.0,-0.08961965814161557,0.08961965814161557,0.06318604102125391,0.0
449,0.02496653002960917,0.04993306005921834,0.0,0.0,0.0,-0.0896133234911352,0.0896133234911352,0.06242625002050772,0.0
450,0.024719590763769776,0.04943918152753955,0.0,0.0,0.0,-0.08960735907787012,0.08960735907787012,0.062106375000439584,0.0
451,0.024702839206641132,0.049405678413282264,0.0,0.0,0.0,-0.08960150913320838,0.08960150913320838,0.06298258295282722,0.0
452,0.02477557856137299,0.04955115712274598,0.0,0.0,0.0,-0.08959577324164471,0.08959577324164471,0.06214437499875203,0.0
453,0.02474981745197044,0.04949963490394088,0.0,0.0,0.0,-0.08959008348902273,0.08959008348902273,0.063242917007301,0.0
454,0.024709347620778553,0.049418695241557106,0.0,0.0,0.0,-0.08958407197407182,0.08958407197407182,0.06226099998457357,0.0
455,0.024624967915554942,0.049249935831109884,0.0,0.0,0.0,-0.08957731147790314,0.08957731147790314,0.06256737501826137,0.0
456,0.024558316595498474,0.04911663319099695,0.0,0.0,0.0,-0.08956935044836346,0.08956935044836346,0.061297958018258214,0.0
457,0.02455652091549132,0.04911304183098264,0.0,0.0,0.0,-0.08955977025759217,0.08955977025759217,0.06222699995851144,0.0
458,0.024415047049436832,0.048830094098873664,0.0,0.0,0.0,-0.08954859163334986,0.08954859163334986,0.06207358301617205,0.0
459,0.02410946867362259,0.04821893734724518,0.0,0.0,0.0,-0.08953579424391066,0.08953579424391066,0.062492707977071404,0.0
460,0.023751067714830543,0.047502135429661085,0.0,0.0,0.0,-0.08952247201069642,0.08952247201069642,0.062303333019372076,0.0
461,0.02339634649580148,0.04679269299160296,0.0,0.0,0.0,-0.08950872895670418,0.08950872895670418,0.0628243749961257,0.0
462,0.023092094341728493,0.046184188683456986,0.0,0.0,0.0,-0.08949457176561508,0.08949457176561508,0.06143599998904392,0.0
463,0.02278529172736999,0.04557058345473998,0.0,0.0,0.0,-0.0894805602978709,0.0894805602978709,0.06188979197759181,0.0
464,0.02259170112113018,0.04518340224226036,0.0,0.0,0.0,-0.08946647181456838,0.08946647181456838,0.059343290980905294,0.0
465,0.02241419829025501,0.04482839658051002,0.0,0.0,0.0,-0.0894521939604088,0.0894521939604088,0.05988958303350955,0.0
466,0.022332601409297208,0.044665202818594416,0.0,0.0,0.0,-0.08943766021991893,0.08943766021991893,0.06210400001145899,0.0
467,0.022424387209137496,0.04484877441827499,0.0,0.0,0.0,-0.08942294607482006,0.08942294607482006,0.06880345800891519,0.0
468,0.022629911295548963,0.045259822591097926,0.0,0.0,0.0,-0.08940819775874788,0.08940819775874788,0.07273974997224286,0.0
469,0.022875336207246834,0.04575067241449367,0.0,0.0,0.0,-0.0893936252689028,0.0893936252689028,0.0626721250009723,0.0
470,0.023126797457368113,0.046253594914736226,0.0,0.0,0.0,-0.0893795074788392,0.0893795074788392,0.06306033302098513,0.0
471,0.023348396448698662,0.046696792897397324,0.0,0.0,0.0,-0.08936565444008057,0.08936565444008057,0.062382083968259394,0.0
472,0.023484074942001533,0.046968149884003066,0.0,0.0,0.0,-0.08935239222734268,0.08935239222734268,0.06215970800258219,0.0
473,0.023518128778743236,0.04703625755748647,0.0,0.0,0.0,-0.08934002204543316,0.08934002204543316,0.06264291697880253,0.0
474,0.023494246567499683,0.046988493134999365,0.0,0.0,0.0,-0.08932821278714702,0.08932821278714702,0.06140641705133021,0.0
475,0.023414674068394613,0.046829348136789226,0.0,0.0,0.0,-0.0893170264461581,0.0893170264461581,0.06302720797248185,0.0
476,0.023281323724773727,0.046562647449547453,0.0,0.0,0.0,-0.08930646300460575,0.08930646300460575,0.062240042025223374,0.0
477,0.023289230103012606,0.04657846020602521,0.0,0.0,0.0,-0.08929638071205029,0.08929638071205029,0.06249354197643697,0.0
478,0.023271890194046456,0.04654378038809291,0.0,0.0,0.0,-0.08928702309824306,0.08928702309824306,0.06214625004213303,0.0
479,0.02323335370509793,0.04646670741019586,0.0,0.0,0.0,-0.0892784657494347,0.0892784657494347,0.06304945796728134,0.0
480,0.023185235414674883,0.046370470829349766,0.0,0.0,0.0,-0.08927065608378483,0.08927065608378483,0.06211900000926107,0.0
481,0.023128927547573314,0.04625785509514663,0.0,0.0,0.0,-0.08926343897107038,0.08926343897107038,0.06143212498864159,0.0
482,0.0229827120579539,0.0459654241159078,0.0,0.0,0.0,-0.08925657942811091,0.08925657942811091,0.060684291005600244,0.0
483,0.02284655579824673,0.04569311159649346,0.0,0.0,0.0,-0.08924980799323735,0.08924980799323735,0.062259834026917815,0.0
484,0.022829570047869847,0.045659140095739695,0.0,0.0,0.0,-0.08924292557585764,0.08924292557585764,0.060023375030141324,0.0
485,0.02267310803376444,0.04534621606752888,0.0,0.0,0.0,-0.08923539937942186,0.08923539937942186,0.06251270900247619,0.0
486,0.02237452855643833,0.04474905711287666,0.0,0.0,0.0,-0.08922697645400476,0.08922697645400476,0.06141541700344533,0.0
487,0.022035790645203085,0.04407158129040617,0.0,0.0,0.0,-0.08921701851586435,0.08921701851586435,0.06113758299034089,0.0
488,0.022245513750046374,0.04449102750009275,0.0,0.0,0.0,-0.08920526972866524,0.08920526972866524,0.062471707991790026,0.0
489,0.02250439436624635,0.0450087887324927,0.0,0.0,0.0,-0.08919312005443629,0.08919312005443629,0.06416075001470745,0.0
490,0.022802658300441633,0.04560531660088327,0.0,0.0,0.0,-0.08918203814869388,0.08918203814869388,0.06119824998313561,0.0
491,0.022861364742648563,0.045722729485297126,0.0,0.0,0.0,-0.08917244050575038,0.08917244050575038,0.06300195900257677,0.0
492,0.022691692705285774,0.04538338541057155,0.0,0.0,0.0,-0.0891640529090588,0.0891640529090588,0.06269229098688811,0.0
493,0.022441735212545055,0.04488347042509011,0.0,0.0,0.0,-0.08915652360730833,0.08915652360730833,0.0628910000086762,0.0
494,0.02231031071184146,0.04462062142368292,0.0,0.0,0.0,-0.08914929271586883,0.08914929271586883,0.06023595802253112,0.0
495,0.02220594128517052,0.04441188257034104,0.0,0.0,0.0,-0.0891417529546434,0.0891417529546434,0.062271209026221186,0.0
496,0.021987599213361256,0.04397519842672251,0.0,0.0,0.0,-0.0891334784167934,0.0891334784167934,0.06090358301298693,0.0
497,0.021764595572561246,0.04352919114512249,0.0,0.0,0.0,-0.08912404122266368,0.08912404122266368,0.06293454096885398,0.0
498,0.021592880647287455,0.04318576129457491,0.0,0.0,0.0,-0.08911326660598459,0.08911326660598459,0.060692291997838765,0.0
499,0.021555415689493845,0.04311083137898769,0.0,0.0,0.0,-0.08910197738483513,0.08910197738483513,0.06268250005086884,0.0
500,0.021507209196225313,0.043014418392450626,0.0,0.0,0.0,-0.08909049386046372,0.08909049386046372,0.0620201249839738,0.0
501,0.02142631377509987,0.04285262755019974,0.0,0.0,0.0,-0.08907878488480435,0.08907878488480435,0.0625865000183694,0.0
502,0.021300412184420185,0.04260082436884037,0.0,0.0,0.0,-0.08906680827157896,0.08906680827157896,0.06074208300560713,0.0
503,0.021138616064224416,0.04227723212844883,0.0,0.0,0.0,-0.08905454857638549,0.08905454857638549,0.06118779198732227,0.0
504,0.020927709382029695,0.04185541876405939,0.0,0.0,0.0,-0.0890419924151173,0.0890419924151173,0.05912033299682662,0.0
505,0.020647115541749493,0.041294231083498986,0.0,0.0,0.0,-0.08902925638083085,0.08902925638083085,0.05938170797890052,0.0
506,0.020349818368687177,0.04069963673737435,0.0,0.0,0.0,-0.08901664254524057,0.08901664254524057,0.05784704099642113,0.0
507,0.02012431949477233,0.04024863898954466,0.0,0.0,0.0,-0.08900430907393271,0.08900430907393271,0.05960712500382215,0.0
508,0.019921788549445332,0.039843577098890665,0.0,0.0,0.0,-0.08899235567171968,0.08899235567171968,0.058976750005967915,0.0
509,0.019774094807718454,0.03954818961543691,0.0,0.0,0.0,-0.08898104348839035,0.08898104348839035,0.062061207951046526,0.0
510,0.0198786466624764,0.0397572933249528,0.0,0.0,0.0,-0.08897068871163359,0.08897068871163359,0.0589137080241926,0.0
511,0.019967869259310225,0.03993573851862045,0.0,0.0,0.0,-0.08896153943164083,0.08896153943164083,0.06129787501413375,0.0
512,0.020267758601733535,0.04053551720346707,0.0,0.0,0.0,-0.08895369480504986,0.08895369480504986,0.060139791981782764,0.0
513,0.020521349976142626,0.04104269995228525,0.0,0.0,0.0,-0.08894689381262542,0.08894689381262542,0.06221333297435194,0.0
514,0.020700760057035993,0.041401520114071985,0.0,0.0,0.0,-0.08894092606975676,0.08894092606975676,0.05909441702533513,0.0
515,0.020882621378759625,0.04176524275751925,0.0,0.0,0.0,-0.08893552579755962,0.08893552579755962,0.060896540991961956,0.0
516,0.020937125371460592,0.041874250742921185,0.0,0.0,0.0,-0.08893057688385077,0.08893057688385077,0.059239541995339096,0.0
517,0.020839998323608847,0.04167999664721769,0.0,0.0,0.0,-0.08892558601403834,0.08892558601403834,0.060775250021833926,0.0
518,0.02064660653169094,0.04129321306338188,0.0,0.0,0.0,-0.08891993696574743,0.08891993696574743,0.05942383303772658,0.0
519,0.02042846307279117,0.04085692614558234,0.0,0.0,0.0,-0.08891321401399636,0.08891321401399636,0.06362675002310425,0.0
520,0.020282921501947722,0.040565843003895444,0.0,0.0,0.0,-0.08890585276720223,0.08890585276720223,0.0635789170046337,0.0
521,0.020203744088192935,0.04040748817638587,0.0,0.0,0.0,-0.08889809584338383,0.08889809584338383,0.06366358400555328,0.0
522,0.020202834952302504,0.04040566990460501,0.0,0.0,0.0,-0.08889011052281369,0.08889011052281369,0.06200245802756399,0.0
523,0.02040530222675728,0.04081060445351456,0.0,0.0,0.0,-0.0888818203897508,0.0888818203897508,0.06220337498234585,0.0
524,0.020591425199216196,0.04118285039843239,0.0,0.0,0.0,-0.0888732209944971,0.0888732209944971,0.059376791992690414,0.0
525,0.020683102916853026,0.04136620583370605,0.0,0.0,0.0,-0.08886440890863898,0.08886440890863898,0.06144045799737796,0.0
526,0.020667278456165603,0.041334556912331205,0.0,0.0,0.0,-0.08885547667375714,0.08885547667375714,0.05968566599767655,0.0
527,0.020815227659276243,0.04163045531855249,0.0,0.0,0.0,-0.08884633866605915,0.08884633866605915,0.06264795898459852,0.0
528,0.021075640538012703,0.04215128107602541,0.0,0.0,0.0,-0.08883713923659639,0.08883713923659639,0.06274720898363739,0.0
529,0.021273288585101392,0.042546577170202785,0.0,0.0,0.0,-0.08882848915613359,0.08882848915613359,0.06204287498258054,0.0
530,0.02143390865561841,0.04286781731123682,0.0,0.0,0.0,-0.08882052460164215,0.08882052460164215,0.06138341699261218,0.0
531,0.02169677773337001,0.04339355546674002,0.0,0.0,0.0,-0.08881333703274473,0.08881333703274473,0.06293033296242356,0.0
532,0.021952834428795746,0.04390566885759149,0.0,0.0,0.0,-0.08880702249952369,0.08880702249952369,0.060836083022877574,0.0
533,0.02207936773150792,0.04415873546301584,0.0,0.0,0.0,-0.08880121240724899,0.08880121240724899,0.06083091697655618,0.0
534,0.022174056406768394,0.04434811281353679,0.0,0.0,0.0,-0.08879545281130165,0.08879545281130165,0.058946291042957455,0.0
535,0.022214064771949642,0.044428129543899283,0.0,0.0,0.0,-0.08878923464454559,0.08878923464454559,0.06173037498956546,0.0
536,0.02221161526799937,0.04442323053599874,0.0,0.0,0.0,-0.08878233041128637,0.08878233041128637,0.060249375004787,0.0
537,0.022200585061535258,0.044401170123070516,0.0,0.0,0.0,-0.08877467753098255,0.08877467753098255,0.0631836669635959,0.0
538,0.02216268733613657,0.04432537467227314,0.0,0.0,0.0,-0.08876636497375565,0.08876636497375565,0.062430291960481554,0.0
539,0.02207851845642997,0.04415703691285994,0.0,0.0,0.0,-0.08875744850456925,0.08875744850456925,0.0625815000385046,0.0
540,0.02195409988787729,0.04390819977575458,0.0,0.0,0.0,-0.08874812880512331,0.08874812880512331,0.06372995802666992,0.0
541,0.02178100459706478,0.04356200919412956,0.0,0.0,0.0,-0.088738769765015,0.088738769765015,0.06298508303007111,0.0
542,0.021538988616275026,0.04307797723255005,0.0,0.0,0.0,-0.08872975783584301,0.08872975783584301,0.06119737500557676,0.0
543,0.021446063137318325,0.04289212627463665,0.0,0.0,0.0,-0.08872139161041367,0.08872139161041367,0.061990708054509014,0.0
544,0.021458623444202157,0.042917246888404315,0.0,0.0,0.0,-0.08871389120916694,0.08871389120916694,0.06001229101093486,0.0
545,0.021436622475674655,0.04287324495134931,0.0,0.0,0.0,-0.08870719768084226,0.08870719768084226,0.061679250036831945,0.0
546,0.021372923852115436,0.04274584770423087,0.0,0.0,0.0,-0.088701276397524,0.088701276397524,0.059037707978859544,0.0
547,0.021261667942602563,0.04252333588520513,0.0,0.0,0.0,-0.08869602475940046,0.08869602475940046,0.06004874996142462,0.0
548,0.021098482809217146,0.04219696561843429,0.0,0.0,0.0,-0.08869128441893502,0.08869128441893502,0.05830012500518933,0.0
549,0.020874802827389807,0.041749605654779615,0.0,0.0,0.0,-0.0886868270642749,0.0886868270642749,0.08530208398588002,0.0
550,0.02062510305034547,0.04125020610069094,0.0,0.0,0.0,-0.08868227405252381,0.08868227405252381,0.06254208402242512,0.0
551,0.020290648341504895,0.04058129668300979,0.0,0.0,0.0,-0.08867729660202525,0.08867729660202525,0.06176883302396163,0.0
552,0.019899994926336803,0.039799989852673606,0.0,0.0,0.0,-0.08867193397577029,0.08867193397577029,0.06059504201402888,0.0
553,0.01946889636777297,0.03893779273554594,0.0,0.0,0.0,-0.08866595206111703,0.08866595206111703,0.062147124961484224,0.0
554,0.01917740921985378,0.03835481843970756,0.0,0.0,0.0,-0.08865943172370293,0.08865943172370293,0.061281084024813026,0.0
555,0.01903700136672061,0.03807400273344122,0.0,0.0,0.0,-0.08865236509277892,0.08865236509277892,0.06213299999944866,0.0
556,0.019063278256023504,0.03812655651204701,0.0,0.0,0.0,-0.08864503947886178,0.08864503947886178,0.06243391695898026,0.0
557,0.019054092967315202,0.038108185934630404,0.0,0.0,0.0,-0.08863753983536268,0.08863753983536268,0.06327945902012289,0.0
558,0.019077704202148604,0.03815540840429721,0.0,0.0,0.0,-0.08862987545368241,0.08862987545368241,0.06094462494365871,0.0
559,0.019090096875720927,0.038180193751441854,0.0,0.0,0.0,-0.08862214217485258,0.08862214217485258,0.06257100001676008,0.0
560,0.01911457635180422,0.03822915270360844,0.0,0.0,0.0,-0.08861430897039205,0.08861430897039205,0.060294374998193234,0.0
561,0.01909316226215823,0.03818632452431646,0.0,0.0,0.0,-0.08860619381982919,0.08860619381982919,0.06270866596605629,0.0
562,0.0190291833281986,0.0380583666563972,0.0,0.0,0.0,-0.08859776307272803,0.08859776307272803,0.061945583031047136,0.0
563,0.01893633730559379,0.03787267461118758,0.0,0.0,0.0,-0.08858896299609906,0.08858896299609906,0.0631403750157915,0.0
564,0.01894210824747372,0.03788421649494744,0.0,0.0,0.0,-0.08857976226229979,0.08857976226229979,0.06058729096548632,0.0
565,0.018969236040408913,0.037938472080817826,0.0,0.0,0.0,-0.08857011684426276,0.08857011684426276,0.06215987500036135,0.0
566,0.018987056541944866,0.03797411308388973,0.0,0.0,0.0,-0.08856002006173015,0.08856002006173015,0.06283912499202415,0.0
567,0.01905633328713803,0.03811266657427606,0.0,0.0,0.0,-0.08854957922899777,0.08854957922899777,0.06285175000084564,0.0
568,0.019121163075676052,0.038242326151352105,0.0,0.0,0.0,-0.08853925107488438,0.08853925107488438,0.06176608399255201,0.0
569,0.01917277395324405,0.0383455479064881,0.0,0.0,0.0,-0.08852902029271102,0.08852902029271102,0.06268333300249651,0.0
570,0.019207896163949918,0.038415792327899836,0.0,0.0,0.0,-0.08851893151572102,0.08851893151572102,0.06020362500566989,0.0
571,0.019289174475488738,0.038578348950977476,0.0,0.0,0.0,-0.08850903492875287,0.08850903492875287,0.06178529100725427,0.0
572,0.01941821434029762,0.03883642868059524,0.0,0.0,0.0,-0.08849925518241318,0.08849925518241318,0.06301949999760836,0.0
573,0.01953032176485338,0.03906064352970676,0.0,0.0,0.0,-0.08848942345842613,0.08848942345842613,0.0618735000025481,0.0
574,0.019608996727539962,0.039217993455079925,0.0,0.0,0.0,-0.08847939154350928,0.08847939154350928,0.05970458302181214,0.0
575,0.019625712668427324,0.03925142533685465,0.0,0.0,0.0,-0.0884690589981504,0.0884690589981504,0.06207437498960644,0.0
576,0.019650307367220378,0.039300614734440756,0.0,0.0,0.0,-0.08845845335623394,0.08845845335623394,0.060290749999694526,0.0
577,0.01967285215940258,0.03934570431880516,0.0,0.0,0.0,-0.08844774448687566,0.08844774448687566,0.06127558398293331,0.0
578,0.019666912088454655,0.03933382417690931,0.0,0.0,0.0,-0.0884371577534511,0.0884371577534511,0.058975416992325336,0.0
579,0.019887189762617892,0.039774379525235784,0.0,0.0,0.0,-0.08842682522449549,0.08842682522449549,0.062436082982458174,0.0
580,0.020195011801378303,0.040390023602756606,0.0,0.0,0.0,-0.0884169043394539,0.0884169043394539,0.06025033397600055,0.0
581,0.020513262185827115,0.04102652437165423,0.0,0.0,0.0,-0.08840761343893652,0.08840761343893652,0.062064292025752366,0.0
582,0.020843068431296206,0.04168613686259241,0.0,0.0,0.0,-0.08839910183903514,0.08839910183903514,0.061767834005877376,0.0
583,0.021155504063032217,0.042311008126064434,0.0,0.0,0.0,-0.08839195865143833,0.08839195865143833,0.06231333297910169,0.0
584,0.021374597803318268,0.042749195606636536,0.0,0.0,0.0,-0.08838672711785642,0.08838672711785642,0.06190020899521187,0.0
585,0.021465364883077084,0.04293072976615417,0.0,0.0,0.0,-0.08838319100157711,0.08838319100157711,0.06263949995627627,0.0
586,0.021412972382274652,0.042825944764549304,0.0,0.0,0.0,-0.08838083040268717,0.08838083040268717,0.0614870410063304,0.0
587,0.021184988130545833,0.042369976261091666,0.0,0.0,0.0,-0.08837908732076463,0.08837908732076463,0.06261279102182016,0.0
588,0.020819918587959424,0.04163983717591885,0.0,0.0,0.0,-0.08837777202742948,0.08837777202742948,0.06083075003698468,0.0
589,0.02038862121999773,0.04077724243999546,0.0,0.0,0.0,-0.0883768879314559,0.0883768879314559,0.06225616700248793,0.0
590,0.020188511044791912,0.040377022089583825,0.0,0.0,0.0,-0.08837622235813779,0.08837622235813779,0.06323270901339129,0.0
591,0.02001081736311619,0.04002163472623238,0.0,0.0,0.0,-0.08837558743089839,0.08837558743089839,0.062215166981332004,0.0
592,0.019872227551708234,0.03974445510341647,0.0,0.0,0.0,-0.08837499039249418,0.08837499039249418,0.06259745801799,0.0
593,0.019703755032770755,0.03940751006554151,0.0,0.0,0.0,-0.08837406137319773,0.08837406137319773,0.06152204202953726,0.0
594,0.019627340415420136,0.03925468083084027,0.0,0.0,0.0,-0.08837247922706301,0.08837247922706301,0.05939295899588615,0.0
595,0.01960862079301754,0.03921724158603508,0.0,0.0,0.0,-0.08837017975615606,0.08837017975615606,0.06312679196707904,0.0
596,0.019591796774327506,0.03918359354865501,0.0,0.0,0.0,-0.08836714829307775,0.08836714829307775,0.061351708020083606,0.0
597,0.01958000399605405,0.0391600079921081,0.0,0.0,0.0,-0.08836359071520343,0.08836359071520343,0.06051612499868497,0.0
598,0.019581450814466717,0.03916290162893343,0.0,0.0,0.0,-0.08835965647089973,0.08835965647089973,0.058863916026894,0.0
599,0.019660291626166553,0.039320583252333105,0.0,0.0,0.0,-0.08835528321535305,0.08835528321535305,0.062172875041142106,0.0
600,0.019775557436771847,0.039551114873543694,0.0,0.0,0.0,-0.08835064301615111,0.08835064301615111,0.05884812498698011,0.0
601,0.019940952821264624,0.03988190564252925,0.0,0.0,0.0,-0.08834604943880452,0.08834604943880452,0.062308749998919666,0.0
602,0.02007354939532381,0.04014709879064762,0.0,0.0,0.0,-0.08834171747867602,0.08834171747867602,0.06190312502440065,0.0
603,0.020337014596677458,0.040674029193354916,0.0,0.0,0.0,-0.08833745418952228,0.08833745418952228,0.06302612501895055,0.0
604,0.02033027708138966,0.04066055416277932,0.0,0.0,0.0,-0.08833263066549178,0.08833263066549178,0.06158908398356289,0.0
605,0.020107654668148248,0.040215309336296495,0.0,0.0,0.0,-0.08832777310265418,0.08832777310265418,0.061488792009186,0.0
606,0.019796668239973343,0.039593336479946686,0.0,0.0,0.0,-0.08832326220870214,0.08832326220870214,0.05967145902104676,0.0
607,0.019867229822760166,0.03973445964552033,0.0,0.0,0.0,-0.08831903125861375,0.08831903125861375,0.06224833300802857,0.0
608,0.019765276013423955,0.03953055202684791,0.0,0.0,0.0,-0.08831441164377415,0.08831441164377415,0.06217545899562538,0.0
609,0.019284617182685426,0.03856923436537085,0.0,0.0,0.0,-0.08830974019832748,0.08830974019832748,0.06276741705369204,0.0
610,0.019142504312608874,0.03828500862521775,0.0,0.0,0.0,-0.08830567859760673,0.08830567859760673,0.060637749964371324,0.0
611,0.018946845288811076,0.03789369057762215,0.0,0.0,0.0,-0.0883019300451681,0.0883019300451681,0.06337849999545142,0.0
612,0.018809724059992032,0.037619448119984064,0.0,0.0,0.0,-0.08829865739910746,0.08829865739910746,0.0627820830559358,0.0
613,0.018685753659685,0.03737150731937,0.0,0.0,0.0,-0.08829577796269247,0.08829577796269247,0.06215079198591411,0.0
614,0.018595401452637224,0.03719080290527445,0.0,0.0,0.0,-0.08829312046343073,0.08829312046343073,0.060286999971140176,0.0
615,0.018434668690950118,0.036869337381900236,0.0,0.0,0.0,-0.08829060480631609,0.08829060480631609,0.06117550004273653,0.0
616,0.018232604141926456,0.03646520828385291,0.0,0.0,0.0,-0.08828790115732951,0.08828790115732951,0.0597906659822911,0.0
617,0.01805252690577283,0.03610505381154566,0.0,0.0,0.0,-0.08828496625404039,0.08828496625404039,0.06164195801829919,0.0
618,0.017961274432049104,0.03592254886409821,0.0,0.0,0.0,-0.08828169549103557,0.08828169549103557,0.06184508401202038,0.0
619,0.0179113933786502,0.0358227867573004,0.0,0.0,0.0,-0.08827797560920522,0.08827797560920522,0.06215229199733585,0.0
620,0.017827379464448137,0.035654758928896274,0.0,0.0,0.0,-0.08827373817518326,0.08827373817518326,0.06047329097054899,0.0
621,0.01776317717796451,0.03552635435592902,0.0,0.0,0.0,-0.08826896357486248,0.08826896357486248,0.061925416986923665,0.0
622,0.017644557172562914,0.03528911434512583,0.0,0.0,0.0,-0.0882636344372575,0.0882636344372575,0.05922012502560392,0.0
623,0.017590957206018554,0.03518191441203711,0.0,0.0,0.0,-0.08825786554055023,0.08825786554055023,0.06258183304453269,0.0
624,0.017694536640787642,0.035389073281575284,0.0,0.0,0.0,-0.08825181258242105,0.08825181258242105,0.06180554098682478,0.0
625,0.017855328756385618,0.035710657512771235,0.0,0.0,0.0,-0.088245627473078,0.088245627473078,0.06300983304390684,0.0
626,0.018015923913781207,0.03603184782756241,0.0,0.0,0.0,-0.08823955718469544,0.08823955718469544,0.06259120797039941,0.0
627,0.018212466682865663,0.03642493336573133,0.0,0.0,0.0,-0.08823390368882791,0.08823390368882791,0.06141370802652091,0.0
628,0.01841558220081567,0.03683116440163134,0.0,0.0,0.0,-0.08822880227452455,0.08822880227452455,0.05980416701640934,0.0
629,0.01861227905609609,0.03722455811219218,0.0,0.0,0.0,-0.08822416614088754,0.08822416614088754,0.06144545797724277,0.0
630,0.018771222871038287,0.037542445742076574,0.0,0.0,0.0,-0.08821929954598254,0.08821929954598254,0.0595978339551948,0.0
631,0.018885599035757657,0.03777119807151531,0.0,0.0,0.0,-0.08821417469914926,0.08821417469914926,0.06313154200324789,0.0
632,0.018953318484363768,0.037906636968727536,0.0,0.0,0.0,-0.08820884002275273,0.08820884002275273,0.060000292025506496,0.0
633,0.018973628290619465,0.03794725658123893,0.0,0.0,0.0,-0.08820329209260146,0.08820329209260146,0.06292895798105747,0.0
634,0.019046021699536647,0.038092043399073294,0.0,0.0,0.0,-0.08819757475396749,0.08819757475396749,0.06004770897561684,0.0
635,0.019131091067106656,0.03826218213421331,0.0,0.0,0.0,-0.08819159411975651,0.08819159411975651,0.0624954589875415,0.0
636,0.019192902565923486,0.03838580513184697,0.0,0.0,0.0,-0.0881854866884705,0.0881854866884705,0.05946762498933822,0.0
637,0.01935562231366942,0.03871124462733884,0.0,0.0,0.0,-0.08817937079874581,0.08817937079874581,0.06153004104271531,0.0
638,0.019509033717695884,0.03901806743539177,0.0,0.0,0.0,-0.08817300409234344,0.08817300409234344,0.05953633302124217,0.0
639,0.019587998189039682,0.039175996378079364,0.0,0.0,0.0,-0.08816645767505117,0.08816645767505117,0.06329274998279288,0.0
640,0.019582873384891113,0.039165746769782225,0.0,0.0,0.0,-0.08815968637025282,0.08815968637025282,0.062240750005003065,0.0
641,0.019479599621205893,0.038959199242411785,0.0,0.0,0.0,-0.08815261870025558,0.08815261870025558,0.06340083299437538,0.0
642,0.01926906879804862,0.03853813759609724,0.0,0.0,0.0,-0.088145217709784,0.088145217709784,0.06232870800886303,0.0
643,0.018976855614834233,0.037953711229668466,0.0,0.0,0.0,-0.08813750967602516,0.08813750967602516,0.06157254200661555,0.0
644,0.018667275343966505,0.03733455068793301,0.0,0.0,0.0,-0.08812975135242086,0.08812975135242086,0.059680917009245604,0.0
645,0.018367777715167247,0.03673555543033449,0.0,0.0,0.0,-0.08812226617723733,0.08812226617723733,0.061276583990547806,0.0
646,0.018244382655167778,0.036488765310335555,0.0,0.0,0.0,-0.08811528901214692,0.08811528901214692,0.060471582983154804,0.0
647,0.018070070719844025,0.03614014143968805,0.0,0.0,0.0,-0.08810878534356047,0.08810878534356047,0.061439417011570185,0.0
648,0.01783986825281727,0.03567973650563454,0.0,0.0,0.0,-0.088102624766868,0.088102624766868,0.05985366698587313,0.0
649,0.017701471511602895,0.03540294302320579,0.0,0.0,0.0,-0.0880966391300264,0.0880966391300264,0.06322916701901704,0.0
650,0.01754429489031576,0.03508858978063152,0.0,0.0,0.0,-0.08809075462936534,0.08809075462936534,0.06250645901309326,0.0
651,0.017360008084881057,0.03472001616976211,0.0,0.0,0.0,-0.08808484445940161,0.08808484445940161,0.06265954201808199,0.0
652,0.01715370104944408,0.03430740209888816,0.0,0.0,0.0,-0.08807885847931105,0.08807885847931105,0.05994175001978874,0.0
653,0.016926455723966893,0.03385291144793379,0.0,0.0,0.0,-0.0880727716490113,0.0880727716490113,0.062320834025740623,0.0
654,0.01668502150251648,0.03337004300503296,0.0,0.0,0.0,-0.08806657036470945,0.08806657036470945,0.06266020803013816,0.0
655,0.016432483659275826,0.03286496731855165,0.0,0.0,0.0,-0.08806022723690207,0.08806022723690207,0.0625162500073202,0.0
656,0.016225853068968434,0.03245170613793687,0.0,0.0,0.0,-0.08805374342082294,0.08805374342082294,0.06121025001630187,0.0
657,0.016080460219052163,0.032160920438104326,0.0,0.0,0.0,-0.08804717963674732,0.08804717963674732,0.06189850001828745,0.0
658,0.015953412112762827,0.031906824225525654,0.0,0.0,0.0,-0.0880405405631018,0.0880405405631018,0.06054829200729728,0.0
659,0.015845466386564123,0.03169093277312825,0.0,0.0,0.0,-0.08803379088708238,0.08803379088708238,0.06013258302118629,0.0
660,0.015756738132209867,0.031513476264419735,0.0,0.0,0.0,-0.08802691118196469,0.08802691118196469,0.05864520894829184,0.0
661,0.01568822628605409,0.03137645257210818,0.0,0.0,0.0,-0.08801991064785233,0.08801991064785233,0.061212875007186085,0.0
662,0.015713094699575547,0.031426189399151094,0.0,0.0,0.0,-0.08801279783802583,0.08801279783802583,0.060040707990992814,0.0
663,0.015787523999485173,0.031575047998970346,0.0,0.0,0.0,-0.08800578186127393,0.08800578186127393,0.061706541979219764,0.0
664,0.015871757125280196,0.03174351425056039,0.0,0.0,0.0,-0.08799892194099547,0.08799892194099547,0.0612485830206424,0.0
665,0.015950555363547662,0.031901110727095325,0.0,0.0,0.0,-0.08799228574686734,0.08799228574686734,0.0618781250086613,0.0
666,0.01603467580951886,0.03206935161903772,0.0,0.0,0.0,-0.08798585467823562,0.08798585467823562,0.0594434579834342,0.0
667,0.01612403453027278,0.03224806906054556,0.0,0.0,0.0,-0.08797960040219242,0.08797960040219242,0.06043599999975413,0.0
668,0.016270530068914678,0.032541060137829356,0.0,0.0,0.0,-0.08797351960431367,0.08797351960431367,0.05880454200087115,0.0
669,0.016427507561596458,0.032855015123192916,0.0,0.0,0.0,-0.0879676237829516,0.0879676237829516,0.0623006250243634,0.0
670,0.016669757830178718,0.033339515660357436,0.0,0.0,0.0,-0.08796186641603097,0.08796186641603097,0.06063541700132191,0.0
671,0.016904919688572176,0.03380983937714435,0.0,0.0,0.0,-0.0879561952815331,0.0879561952815331,0.06207166600506753,0.0
672,0.017098076140457982,0.034196152280915965,0.0,0.0,0.0,-0.08795055649783144,0.08795055649783144,0.062496666971128434,0.0
673,0.017251756636485364,0.03450351327297073,0.0,0.0,0.0,-0.08794494190878363,0.08794494190878363,0.061872708960436285,0.0
674,0.01739653740739895,0.0347930748147979,0.0,0.0,0.0,-0.08793930982700195,0.08793930982700195,0.06059079203987494,0.0
675,0.017500968885479765,0.03500193777095953,0.0,0.0,0.0,-0.08793368724072995,0.08793368724072995,0.061716165975667536,0.0
676,0.01754672536002401,0.03509345072004802,0.0,0.0,0.0,-0.08792814618080304,0.08792814618080304,0.05976274999557063,0.0
677,0.01753705931064179,0.03507411862128358,0.0,0.0,0.0,-0.08792273447789148,0.08792273447789148,0.06158345803851262,0.0
678,0.017475422634299666,0.03495084526859933,0.0,0.0,0.0,-0.08791749467859213,0.08791749467859213,0.05953829101053998,0.0
679,0.017373879757042812,0.034747759514085624,0.0,0.0,0.0,-0.0879125758806448,0.0879125758806448,0.0607097499887459,0.0
680,0.017296566774004492,0.034593133548008984,0.0,0.0,0.0,-0.08790798997926243,0.08790798997926243,0.059206832956988364,0.0
681,0.017248694008995077,0.034497388017990155,0.0,0.0,0.0,-0.08790368036842276,0.08790368036842276,0.061674750002566725,0.0
682,0.01719715714455622,0.03439431428911244,0.0,0.0,0.0,-0.08789954987455292,0.08789954987455292,0.062341040989849716,0.0
683,0.017122208309901632,0.034244416619803264,0.0,0.0,0.0,-0.0878955122079126,0.0878955122079126,0.06097204197430983,0.0
684,0.017027649009290907,0.034055298018581814,0.0,0.0,0.0,-0.0878914701479402,0.0878914701479402,0.0614301249734126,0.0
685,0.01691437527774093,0.03382875055548186,0.0,0.0,0.0,-0.08788733405088163,0.08788733405088163,0.06098491698503494,0.0
686,0.016949980285893326,0.03389996057178665,0.0,0.0,0.0,-0.08788351124987666,0.08788351124987666,0.05977729201549664,0.0
687,0.017171142020674546,0.03434228404134909,0.0,0.0,0.0,-0.08788038544975238,0.08788038544975238,0.06263566599227488,0.0
688,0.017342297254511974,0.03468459450902395,0.0,0.0,0.0,-0.08787812828654681,0.08787812828654681,0.05961699999170378,0.0
689,0.017401726953486726,0.03480345390697345,0.0,0.0,0.0,-0.08787642600764044,0.08787642600764044,0.06126608402701095,0.0
690,0.01746649306127815,0.0349329861225563,0.0,0.0,0.0,-0.08787486811329713,0.08787486811329713,0.05989887495525181,0.0
691,0.017467654152760866,0.03493530830552173,0.0,0.0,0.0,-0.08787315119204829,0.08787315119204829,0.0639401669614017,0.0
692,0.017384584641470253,0.03476916928294051,0.0,0.0,0.0,-0.08787110284881373,0.08787110284881373,0.06110612500924617,0.0
693,0.017289757474073332,0.034579514948146664,0.0,0.0,0.0,-0.0878685941621379,0.0878685941621379,0.06368291599210352,0.0
694,0.017284617258950363,0.03456923451790073,0.0,0.0,0.0,-0.08786546341623257,0.08786546341623257,0.06323529203655198,0.0
695,0.01723820415965848,0.03447640831931696,0.0,0.0,0.0,-0.08786167695942501,0.08786167695942501,0.063790499989409,0.0
696,0.017137584530926203,0.034275169061852406,0.0,0.0,0.0,-0.08785735310682039,0.08785735310682039,0.06042662501567975,0.0
697,0.016986608242829597,0.033973216485659194,0.0,0.0,0.0,-0.08785277866657949,0.08785277866657949,0.06150933395838365,0.0
698,0.016786232885157834,0.03357246577031567,0.0,0.0,0.0,-0.08784836641127376,0.08784836641127376,0.05914954200852662,0.0
699,0.016546211016624214,0.03309242203324843,0.0,0.0,0.0,-0.08784396160890315,0.08784396160890315,0.06091158394701779,0.0
700,0.01631934617641896,0.03263869235283792,0.0,0.0,0.0,-0.08783957953733314,0.08783957953733314,0.06033166701672599,0.0
701,0.016246806561231467,0.03249361312246293,0.0,0.0,0.0,-0.08783520188820192,0.08783520188820192,0.061108874971978366,0.0
702,0.016244816267617167,0.032489632535234333,0.0,0.0,0.0,-0.08783082293995105,0.08783082293995105,0.060569249966647476,0.0
703,0.016222023942847705,0.03244404788569541,0.0,0.0,0.0,-0.08782644962060951,0.08782644962060951,0.0619295840151608,0.0
704,0.016182133103657764,0.03236426620731553,0.0,0.0,0.0,-0.08782215671915285,0.08782215671915285,0.06222224998055026,0.0
705,0.016138864858456316,0.03227772971691263,0.0,0.0,0.0,-0.08781801984119883,0.08781801984119883,0.06098675000248477,0.0
706,0.01610462746771152,0.03220925493542304,0.0,0.0,0.0,-0.08781409163349758,0.08781409163349758,0.05853854201268405,0.0
707,0.016069742293785154,0.03213948458757031,0.0,0.0,0.0,-0.08781022211227915,0.08781022211227915,0.06086829100968316,0.0
708,0.016087936326509816,0.03217587265301963,0.0,0.0,0.0,-0.08780637851903718,0.08780637851903718,0.05867216701153666,0.0
709,0.016097183768242956,0.03219436753648591,0.0,0.0,0.0,-0.08780261573780547,0.08780261573780547,0.06079404096817598,0.0
710,0.01607632439426157,0.03215264878852314,0.0,0.0,0.0,-0.08779892931021539,0.08779892931021539,0.05850937496870756,0.0
711,0.01612683493387196,0.03225366986774392,0.0,0.0,0.0,-0.08779523483854991,0.08779523483854991,0.06041741603985429,0.0
712,0.016154185855259406,0.03230837171051881,0.0,0.0,0.0,-0.08779146641452826,0.08779146641452826,0.058390958001837134,0.0
713,0.016164472778510935,0.03232894555702187,0.0,0.0,0.0,-0.08778757820107032,0.08778757820107032,0.06253237504279241,0.0
714,0.0161468249568507,0.0322936499137014,0.0,0.0,0.0,-0.08778340129199282,0.08778340129199282,0.06011825002497062,0.0
715,0.016092862612964637,0.032185725225929274,0.0,0.0,0.0,-0.08777882648673062,0.08777882648673062,0.061058541003149,0.0
716,0.01602628926988623,0.03205257853977246,0.0,0.0,0.0,-0.08777369325531158,0.08777369325531158,0.05935900000622496,0.0
717,0.015937182926198994,0.03187436585239799,0.0,0.0,0.0,-0.08776792182101752,0.08776792182101752,0.06103008397622034,0.0
718,0.015793301461581734,0.03158660292316347,0.0,0.0,0.0,-0.0877618534443786,0.0877618534443786,0.06091462500626221,0.0
719,0.015602143447568328,0.031204286895136657,0.0,0.0,0.0,-0.08775566711866287,0.08775566711866287,0.06354608299443498,0.0
720,0.015395428300841084,0.030790856601682168,0.0,0.0,0.0,-0.08774952987426983,0.08774952987426983,0.06241579103516415,0.0
721,0.01517077124531796,0.03034154249063592,0.0,0.0,0.0,-0.08774353476767459,0.08774353476767459,0.0629182499833405,0.0
722,0.014935176764265097,0.029870353528530194,0.0,0.0,0.0,-0.08773775292934619,0.08773775292934619,0.05989554198458791,0.0
723,0.014938421010844284,0.02987684202168857,0.0,0.0,0.0,-0.0877321921291512,0.0877321921291512,0.061379583028610796,0.0
724,0.015006817092490361,0.030013634184980723,0.0,0.0,0.0,-0.08772681322092131,0.08772681322092131,0.059132124995812774,0.0
725,0.015220266933280664,0.03044053386656133,0.0,0.0,0.0,-0.08772153446344674,0.08772153446344674,0.06129783298820257,0.0
726,0.01538040897485967,0.03076081794971934,0.0,0.0,0.0,-0.08771631590333907,0.08771631590333907,0.05927987501490861,0.0
727,0.015481648782541088,0.030963297565082176,0.0,0.0,0.0,-0.08771114943621695,0.08771114943621695,0.06118866603355855,0.0
728,0.015523125096194093,0.031046250192388186,0.0,0.0,0.0,-0.08770611353154177,0.08770611353154177,0.05920824996428564,0.0
729,0.015506026624786208,0.031012053249572416,0.0,0.0,0.0,-0.08770127786662998,0.08770127786662998,0.062482832989189774,0.0
730,0.015432586480961748,0.030865172961923495,0.0,0.0,0.0,-0.08769665467600288,0.08769665467600288,0.05965858302079141,0.0
731,0.015761150600652883,0.031522301201305766,0.0,0.0,0.0,-0.08769224834813073,0.08769224834813073,0.061783417011611164,0.0
732,0.01612618930772486,0.03225237861544972,0.0,0.0,0.0,-0.08768831482243919,0.08768831482243919,0.061039374966640025,0.0
733,0.01642113935742892,0.03284227871485784,0.0,0.0,0.0,-0.08768529001150134,0.08768529001150134,0.0626582499826327,0.0
734,0.01666604910627282,0.03333209821254564,0.0,0.0,0.0,-0.0876832779474079,0.0876832779474079,0.0616741250269115,0.0
735,0.016818928365788938,0.033637856731577875,0.0,0.0,0.0,-0.08768209995297231,0.08768209995297231,0.06228420796105638,0.0
736,0.016845833318562792,0.033691666637125584,0.0,0.0,0.0,-0.08768159906407007,0.08768159906407007,0.06189424998592585,0.0
737,0.016993050294865975,0.03398610058973195,0.0,0.0,0.0,-0.08768118521533472,0.08768118521533472,0.06229766696924344,0.0
738,0.01708259141238535,0.0341651828247707,0.0,0.0,0.0,-0.08768047035968356,0.08768047035968356,0.06191379198571667,0.0
739,0.01705539156668129,0.03411078313336258,0.0,0.0,0.0,-0.08767927900792562,0.08767927900792562,0.061516250018030405,0.0
740,0.016902330559555978,0.033804661119111956,0.0,0.0,0.0,-0.08767755754606964,0.08767755754606964,0.05945654195966199,0.0
741,0.016636233934186034,0.03327246786837207,0.0,0.0,0.0,-0.08767519135597182,0.08767519135597182,0.06091162498341873,0.0
742,0.016310062095837345,0.03262012419167469,0.0,0.0,0.0,-0.08767249601021511,0.08767249601021511,0.05964191700331867,0.0
743,0.01595054107144022,0.03190108214288044,0.0,0.0,0.0,-0.0876696769766382,0.0876696769766382,0.06222229200648144,0.0
744,0.015618549325179129,0.031237098650358258,0.0,0.0,0.0,-0.08766666776207933,0.08766666776207933,0.061625041998922825,0.0
745,0.015546609968761123,0.031093219937522246,0.0,0.0,0.0,-0.08766305197952276,0.08766305197952276,0.06286604201886803,0.0
746,0.015398216709144916,0.03079643341828983,0.0,0.0,0.0,-0.08765864823302678,0.08765864823302678,0.06272054195869714,0.0
747,0.015365121676329682,0.030730243352659364,0.0,0.0,0.0,-0.08765392773447742,0.08765392773447742,0.06197541597066447,0.0
748,0.015231877639966251,0.030463755279932503,0.0,0.0,0.0,-0.0876491771741671,0.0876491771741671,0.062288916029501706,0.0
749,0.01514254051028583,0.03028508102057166,0.0,0.0,0.0,-0.08764467650982026,0.08764467650982026,0.06133266701363027,0.0
750,0.01505114602916681,0.03010229205833362,0.0,0.0,0.0,-0.08764055042323246,0.08764055042323246,0.05950375000247732,0.0
751,0.01508181631365444,0.03016363262730888,0.0,0.0,0.0,-0.08763676321819605,0.08763676321819605,0.062331958033610135,0.0
752,0.015173687920357753,0.030347375840715507,0.0,0.0,0.0,-0.08763309617174772,0.08763309617174772,0.06071525003062561,0.0
753,0.015214449724600954,0.030428899449201907,0.0,0.0,0.0,-0.08762931798191784,0.08762931798191784,0.06146916700527072,0.0
754,0.015187931335522598,0.030375862671045195,0.0,0.0,0.0,-0.0876255325692438,0.0876255325692438,0.05927908298326656,0.0
755,0.015098011009178854,0.030196022018357707,0.0,0.0,0.0,-0.08762172117143183,0.08762172117143183,0.0608608330367133,0.0
756,0.01502672003113431,0.03005344006226862,0.0,0.0,0.0,-0.08761792367586736,0.08761792367586736,0.05973629199434072,0.0
757,0.014907955861651438,0.029815911723302876,0.0,0.0,0.0,-0.08761422553391815,0.08761422553391815,0.06128791597438976,0.0
758,0.014833286920288617,0.029666573840577234,0.0,0.0,0.0,-0.08761055714946483,0.08761055714946483,0.05910974997095764,0.0
759,0.01473575429816644,0.02947150859633288,0.0,0.0,0.0,-0.08760686195709212,0.08760686195709212,0.06227016600314528,0.0
760,0.014612908699920768,0.029225817399841536,0.0,0.0,0.0,-0.08760291029942537,0.08760291029942537,0.06145545799518004,0.0
761,0.014737798854440022,0.029475597708880044,0.0,0.0,0.0,-0.08759868173301842,0.08759868173301842,0.061761333025060594,0.0
762,0.014971691989205338,0.029943383978410676,0.0,0.0,0.0,-0.0875942568061526,0.0875942568061526,0.05955108400667086,0.0
763,0.01519133589445442,0.03038267178890884,0.0,0.0,0.0,-0.08758975821085443,0.08758975821085443,0.06258058303501457,0.0
764,0.015394488639550376,0.03078897727910075,0.0,0.0,0.0,-0.08758540264768654,0.08758540264768654,0.061021292000077665,0.0
765,0.015577668433527758,0.031155336867055516,0.0,0.0,0.0,-0.08758141988376614,0.08758141988376614,0.0605318330344744,0.0
766,0.015721648634172893,0.031443297268345785,0.0,0.0,0.0,-0.08757788361943154,0.08757788361943154,0.0591807080199942,0.0
767,0.01578097477023483,0.03156194954046966,0.0,0.0,0.0,-0.08757480062792225,0.08757480062792225,0.0601618749788031,0.0
768,0.015811886556081886,0.03162377311216377,0.0,0.0,0.0,-0.08757189340449988,0.08757189340449988,0.05943012499483302,0.0
769,0.01580558589606311,0.03161117179212622,0.0,0.0,0.0,-0.08756888004017886,0.08756888004017886,0.06255970901111141,0.0
770,0.01575578339272183,0.03151156678544366,0.0,0.0,0.0,-0.0875655655468409,0.0875655655468409,0.060822415980510414,0.0
771,0.015690180335228787,0.031380360670457574,0.0,0.0,0.0,-0.08756185859886888,0.08756185859886888,0.06199987500440329,0.0
772,0.015678982366744455,0.03135796473348891,0.0,0.0,0.0,-0.08755779608088385,0.08755779608088385,0.06252666597720236,0.0
773,0.015703600981435507,0.031407201962871015,0.0,0.0,0.0,-0.0875533985053543,0.0875533985053543,0.062049125030171126,0.0
774,0.015691200114781534,0.03138240022956307,0.0,0.0,0.0,-0.08754870995575201,0.08754870995575201,0.06121037498814985,0.0
775,0.01564136082319452,0.03128272164638904,0.0,0.0,0.0,-0.08754384698548721,0.08754384698548721,0.06320554204285145,0.0
776,0.015558200018349934,0.031116400036699868,0.0,0.0,0.0,-0.08753888636745913,0.08753888636745913,0.06137579202186316,0.0
777,0.015458065227009904,0.030916130454019808,0.0,0.0,0.0,-0.08753384966478808,0.08753384966478808,0.06282291695242748,0.0
778,0.015346672509923255,0.03069334501984651,0.0,0.0,0.0,-0.08752884207848963,0.08752884207848963,0.061211417021695524,0.0
779,0.015215368009947584,0.03043073601989517,0.0,0.0,0.0,-0.08752387906298408,0.08752387906298408,0.06343662500148639,0.0
780,0.015069802564126884,0.03013960512825377,0.0,0.0,0.0,-0.08751903845165222,0.08751903845165222,0.060402332979720086,0.0
781,0.014916727524780578,0.029833455049561156,0.0,0.0,0.0,-0.08751448758367598,0.08751448758367598,0.06269270804477856,0.0
782,0.014775333874575636,0.02955066774915127,0.0,0.0,0.0,-0.08751023574188081,0.08751023574188081,0.06105499999830499,0.0
783,0.014676190042849216,0.029352380085698432,0.0,0.0,0.0,-0.087506307570122,0.087506307570122,0.06355337501736358,0.0
784,0.014680246199457271,0.029360492398914542,0.0,0.0,0.0,-0.08750250204158092,0.08750250204158092,0.060585707949940115,0.0
785,0.01465405591585539,0.02930811183171078,0.0,0.0,0.0,-0.08749874603011683,0.08749874603011683,0.06225766596617177,0.0
786,0.014586290566894054,0.02917258113378811,0.0,0.0,0.0,-0.08749513003027018,0.08749513003027018,0.06212754105217755,0.0
787,0.014492300110591487,0.028984600221182974,0.0,0.0,0.0,-0.08749178617376772,0.08749178617376772,0.06313483294798061,0.0
788,0.014376146467833618,0.028752292935667237,0.0,0.0,0.0,-0.08748869980750777,0.08748869980750777,0.06303941697115079,0.0
789,0.014265224378818823,0.028530448757637647,0.0,0.0,0.0,-0.0874858380504271,0.0874858380504271,0.06255583296297118,0.0
790,0.01416554430155574,0.02833108860311148,0.0,0.0,0.0,-0.08748318620778868,0.08748318620778868,0.06344541703583673,0.0
791,0.014061103669117482,0.028122207338234964,0.0,0.0,0.0,-0.08748071457102034,0.08748071457102034,0.06378283398225904,0.0
792,0.013996230750478907,0.027992461500957813,0.0,0.0,0.0,-0.08747837784366021,0.08747837784366021,0.06003570801112801,0.0
793,0.013962790324130565,0.02792558064826113,0.0,0.0,0.0,-0.08747614433762584,0.08747614433762584,0.06131158402422443,0.0
794,0.013943022413319843,0.027886044826639686,0.0,0.0,0.0,-0.08747398291133639,0.08747398291133639,0.05957458296325058,0.0
795,0.013940120772427178,0.027880241544854356,0.0,0.0,0.0,-0.08747186568049721,0.08747186568049721,0.062247624970041215,0.0
796,0.013968824082343193,0.027937648164686385,0.0,0.0,0.0,-0.08746977108580199,0.08746977108580199,0.06176287500420585,0.0
797,0.014004656851190567,0.028009313702381133,0.0,0.0,0.0,-0.08746778130163027,0.08746778130163027,0.06100720801623538,0.0
798,0.014053438692606064,0.02810687738521213,0.0,0.0,0.0,-0.08746586605978478,0.08746586605978478,0.062200707965530455,0.0
799,0.014223539205809203,0.028447078411618407,0.0,0.0,0.0,-0.08746387660316608,0.08746387660316608,0.061382084037177265,0.0
800,0.014361506751355231,0.028723013502710462,0.0,0.0,0.0,-0.08746169711004835,0.08746169711004835,0.059237125038634986,0.0
801,0.014546763021477192,0.029093526042954385,0.0,0.0,0.0,-0.0874595782140156,0.0874595782140156,0.0630701250047423,0.0
802,0.014727666347908605,0.02945533269581721,0.0,0.0,0.0,-0.0874575630672407,0.0874575630672407,0.05918774998281151,0.0
803,0.01485753588755788,0.02971507177511576,0.0,0.0,0.0,-0.08745563641478803,0.08745563641478803,0.06044983398169279,0.0
804,0.015037274326416356,0.03007454865283271,0.0,0.0,0.0,-0.08745380526265702,0.08745380526265702,0.05890762497438118,0.0
805,0.015193911764700412,0.030387823529400823,0.0,0.0,0.0,-0.08745232445568094,0.08745232445568094,0.06121266703121364,0.0
806,0.015288700639038512,0.030577401278077024,0.0,0.0,0.0,-0.08745112692015435,0.08745112692015435,0.05933012499008328,0.0
807,0.015341832087053954,0.030683664174107908,0.0,0.0,0.0,-0.0874501577476257,0.0874501577476257,0.061553417006507516,0.0
808,0.015392369863205475,0.03078473972641095,0.0,0.0,0.0,-0.08744934435730142,0.08744934435730142,0.059853667044080794,0.0
809,0.015555536011362434,0.031111072022724867,0.0,0.0,0.0,-0.08744861976564902,0.08744861976564902,0.061540332972072065,0.0
810,0.015703332586186815,0.03140666517237363,0.0,0.0,0.0,-0.08744790285551714,0.08744790285551714,0.059838833985850215,0.0
811,0.01587194804560544,0.03174389609121088,0.0,0.0,0.0,-0.08744712236655362,0.08744712236655362,0.06171754200477153,0.0
812,0.016007087864073878,0.032014175728147756,0.0,0.0,0.0,-0.08744623777094622,0.08744623777094622,0.0618463329738006,0.0
813,0.016083587772212415,0.03216717554442483,0.0,0.0,0.0,-0.08744518751096074,0.08744518751096074,0.06333024997729808,0.0
814,0.016099351344057197,0.032198702688114395,0.0,0.0,0.0,-0.08744398817595701,0.08744398817595701,0.06252487498568371,0.0
815,0.01605585685541573,0.03211171371083146,0.0,0.0,0.0,-0.08744258648438849,0.08744258648438849,0.06292908295290545,0.0
816,0.015965710211921377,0.031931420423842755,0.0,0.0,0.0,-0.08744100435572856,0.08744100435572856,0.06274070899235085,0.0
817,0.0158402470975908,0.0316804941951816,0.0,0.0,0.0,-0.08743924469051353,0.08743924469051353,0.0622585840173997,0.0
818,0.015742270663763172,0.031484541327526344,0.0,0.0,0.0,-0.08743730286547281,0.08743730286547281,0.06289412500336766,0.0
819,0.01564463628498014,0.03128927256996028,0.0,0.0,0.0,-0.08743518070255606,0.08743518070255606,0.06325666600605473,0.0
820,0.015548187798104775,0.03109637559620955,0.0,0.0,0.0,-0.08743290026136649,0.08743290026136649,0.06308195902965963,0.0
821,0.015777875305087084,0.03155575061017417,0.0,0.0,0.0,-0.08743057542210173,0.08743057542210173,0.06253841699799523,0.0
822,0.01598403508890653,0.03196807017781306,0.0,0.0,0.0,-0.0874283270784325,0.0874283270784325,0.06294862501090392,0.0
823,0.016129615875088786,0.03225923175017757,0.0,0.0,0.0,-0.0874262377390529,0.0874262377390529,0.06311120901955292,0.0
824,0.016195603974128926,0.03239120794825785,0.0,0.0,0.0,-0.08742441046446266,0.08742441046446266,0.06077979097608477,0.0
825,0.016169664815122352,0.032339329630244704,0.0,0.0,0.0,-0.08742289820173668,0.08742289820173668,0.06212245800998062,0.0
826,0.016063288554873607,0.032126577109747215,0.0,0.0,0.0,-0.08742160080825266,0.08742160080825266,0.05981204198906198,0.0
827,0.015889689086898147,0.031779378173796294,0.0,0.0,0.0,-0.08742042743296821,0.08742042743296821,0.06148662505438551,0.0
828,0.015663883136897705,0.03132776627379541,0.0,0.0,0.0,-0.08741924283008685,0.08741924283008685,0.0596759999752976,0.0
829,0.015445318698024985,0.03089063739604997,0.0,0.0,0.0,-0.08741798409674614,0.08741798409674614,0.06150612497003749,0.0
830,0.015271199212233993,0.030542398424467987,0.0,0.0,0.0,-0.08741659424824347,0.08741659424824347,0.05936600000131875,0.0
831,0.015113033386846185,0.03022606677369237,0.0,0.0,0.0,-0.08741504279741728,0.08741504279741728,0.0614963750122115,0.0
832,0.014905824359386866,0.02981164871877373,0.0,0.0,0.0,-0.08741330858142803,0.08741330858142803,0.05963662499561906,0.0
833,0.014664790989827516,0.02932958197965503,0.0,0.0,0.0,-0.08741148461424712,0.08741148461424712,0.06267049995949492,0.0
834,0.0145343540955035,0.029068708191007,0.0,0.0,0.0,-0.08740970695376064,0.08740970695376064,0.06028500001411885,0.0
835,0.014514616988485614,0.029029233976971228,0.0,0.0,0.0,-0.08740799056482478,0.08740799056482478,0.06214358302531764,0.0
836,0.014470672380155425,0.02894134476031085,0.0,0.0,0.0,-0.08740632652391819,0.08740632652391819,0.06288054102333263,0.0
837,0.014406198290375427,0.028812396580750854,0.0,0.0,0.0,-0.08740467203462544,0.08740467203462544,0.06257829099195078,0.0
838,0.014332335111107285,0.02866467022221457,0.0,0.0,0.0,-0.08740297925728195,0.08740297925728195,0.06283941701985896,0.0
839,0.014293659614529636,0.02858731922905927,0.0,0.0,0.0,-0.08740122146318195,0.08740122146318195,0.06297645898303017,0.0
840,0.014250472879321428,0.028500945758642857,0.0,0.0,0.0,-0.08739943142967518,0.08739943142967518,0.06032708304701373,0.0
841,0.014203119124293957,0.028406238248587914,0.0,0.0,0.0,-0.08739761826008195,0.08739761826008195,0.06114133296068758,0.0
842,0.014151789704437388,0.028303579408874777,0.0,0.0,0.0,-0.08739577158527442,0.08739577158527442,0.059487749997060746,0.0
843,0.014097458169668259,0.028194916339336518,0.0,0.0,0.0,-0.08739386471812662,0.08739386471812662,0.06351379200350493,0.0
844,0.014044333334971543,0.028088666669943085,0.0,0.0,0.0,-0.08739192239260853,0.08739192239260853,0.059819458052515984,0.0
845,0.013993620850163362,0.027987241700326723,0.0,0.0,0.0,-0.0873899542526858,0.0873899542526858,0.06145025003934279,0.0
846,0.013944330571088855,0.02788866114217771,0.0,0.0,0.0,-0.08738792935027741,0.08738792935027741,0.06010412500472739,0.0
847,0.013908104221262547,0.027816208442525095,0.0,0.0,0.0,-0.08738582262712878,0.08738582262712878,0.061140708974562585,0.0
848,0.013885839507041912,0.027771679014083825,0.0,0.0,0.0,-0.08738359893999224,0.08738359893999224,0.0593863750109449,0.0
849,0.013853372229239803,0.027706744458479607,0.0,0.0,0.0,-0.0873812166339408,0.0873812166339408,0.06300316704437137,0.0
850,0.013812671019363891,0.027625342038727782,0.0,0.0,0.0,-0.08737865675032638,0.08737865675032638,0.059271832986269146,0.0
851,0.013778171698154554,0.027556343396309108,0.0,0.0,0.0,-0.08737594758590785,0.08737594758590785,0.06162612501066178,0.0
852,0.013758484922282814,0.027516969844565628,0.0,0.0,0.0,-0.08737312833013985,0.08737312833013985,0.059667833033017814,0.0
853,0.01373205792479986,0.02746411584959972,0.0,0.0,0.0,-0.08737022814934882,0.08737022814934882,0.06149533297866583,0.0
854,0.013709178009043227,0.027418356018086454,0.0,0.0,0.0,-0.08736728900072592,0.08736728900072592,0.05955212499247864,0.0
855,0.013676576770158155,0.02735315354031631,0.0,0.0,0.0,-0.08736439708458757,0.08736439708458757,0.06182549998629838,0.0
856,0.013628432957860412,0.027256865915720824,0.0,0.0,0.0,-0.08736159406394153,0.08736159406394153,0.06064154201885685,0.0
857,0.013563799170598544,0.027127598341197087,0.0,0.0,0.0,-0.08735888207653762,0.08735888207653762,0.06177762500010431,0.0
858,0.013492511345272643,0.026985022690545285,0.0,0.0,0.0,-0.08735626840116563,0.08735626840116563,0.06011129100807011,0.0
859,0.013559190074438773,0.027118380148877547,0.0,0.0,0.0,-0.0873538026371158,0.0873538026371158,0.06306895799934864,0.0
860,0.013675563451183315,0.02735112690236663,0.0,0.0,0.0,-0.08735155265255798,0.08735155265255798,0.059529791004024446,0.0
861,0.013789130983692235,0.02757826196738447,0.0,0.0,0.0,-0.08734957474057216,0.08734957474057216,0.06155687500722706,0.0
862,0.013862258818248749,0.027724517636497498,0.0,0.0,0.0,-0.08734787356949726,0.08734787356949726,0.059669666981790215,0.0
863,0.01388508186552543,0.02777016373105086,0.0,0.0,0.0,-0.08734639856429989,0.08734639856429989,0.06172733299899846,0.0
864,0.013895647288512905,0.02779129457702581,0.0,0.0,0.0,-0.0873450712300666,0.0873450712300666,0.059399332967586815,0.0
865,0.013878954874232276,0.02775790974846455,0.0,0.0,0.0,-0.0873437995831133,0.0873437995831133,0.06261179101420566,0.0
866,0.013821062639435867,0.027642125278871735,0.0,0.0,0.0,-0.087342467043224,0.087342467043224,0.060397707973606884,0.0
867,0.013753211041773385,0.02750642208354677,0.0,0.0,0.0,-0.08734095889973593,0.08734095889973593,0.06215712503762916,0.0
868,0.013725022141993296,0.02745004428398659,0.0,0.0,0.0,-0.08733919679506866,0.08733919679506866,0.06011887500062585,0.0
869,0.013682157382663415,0.02736431476532683,0.0,0.0,0.0,-0.08733728012486551,0.08733728012486551,0.062278458033688366,0.0
870,0.013672347377886106,0.02734469475577221,0.0,0.0,0.0,-0.08733529938225745,0.08733529938225745,0.06306354200933129,0.0
871,0.013640995896351878,0.027281991792703755,0.0,0.0,0.0,-0.08733317105486114,0.08733317105486114,0.0628201249637641,0.0
872,0.013785236329771376,0.027570472659542752,0.0,0.0,0.0,-0.08733076734420439,0.08733076734420439,0.062253499985672534,0.0
873,0.01423791973387118,0.02847583946774236,0.0,0.0,0.0,-0.08732801582072243,0.08732801582072243,0.06294291600352153,0.0
874,0.01463694878576527,0.02927389757153054,0.0,0.0,0.0,-0.08732564626644922,0.08732564626644922,0.06203837500652298,0.0
875,0.014898117709353613,0.029796235418707226,0.0,0.0,0.0,-0.08732405775776339,0.08732405775776339,0.06229920795885846,0.0
876,0.014998765754854163,0.029997531509708325,0.0,0.0,0.0,-0.0873233428222122,0.0873233428222122,0.061595791950821877,0.0
877,0.015011419602240221,0.030022839204480442,0.0,0.0,0.0,-0.08732334132857486,0.08732334132857486,0.06122766697080806,0.0
878,0.015008364276022125,0.03001672855204425,0.0,0.0,0.0,-0.08732373333678176,0.08732373333678176,0.05957762501202524,0.0
879,0.014934779155017529,0.029869558310035058,0.0,0.0,0.0,-0.08732425205544678,0.08732425205544678,0.0607534580049105,0.0
880,0.014846641504269863,0.029693283008539725,0.0,0.0,0.0,-0.08732471327555688,0.08732471327555688,0.05939312500413507,0.0
881,0.014725844328509041,0.029451688657018082,0.0,0.0,0.0,-0.08732502989344189,0.08732502989344189,0.06087887502508238,0.0
882,0.014567762825547219,0.029135525651094438,0.0,0.0,0.0,-0.08732513662513998,0.08732513662513998,0.06078754103509709,0.0
883,0.014377110458601815,0.02875422091720363,0.0,0.0,0.0,-0.08732499058444285,0.08732499058444285,0.0638285829918459,0.0
884,0.014160143390960583,0.028320286781921167,0.0,0.0,0.0,-0.08732456829517102,0.08732456829517102,0.06198016699636355,0.0
885,0.013923171250312505,0.02784634250062501,0.0,0.0,0.0,-0.08732381704646915,0.08732381704646915,0.06345633300952613,0.0
886,0.013681735515629512,0.027363471031259023,0.0,0.0,0.0,-0.08732291599197832,0.08732291599197832,0.0593061670078896,0.0
887,0.01349433288959307,0.02698866577918614,0.0,0.0,0.0,-0.0873220641900478,0.0873220641900478,0.0627380830119364,0.0
888,0.013346777959719634,0.02669355591943927,0.0,0.0,0.0,-0.0873212878103667,0.0873212878103667,0.06234995799604803,0.0
889,0.013245834110619012,0.026491668221238024,0.0,0.0,0.0,-0.0873205410884645,0.0873205410884645,0.06271866598399356,0.0
890,0.013181275933969144,0.02636255186793829,0.0,0.0,0.0,-0.08731970868148504,0.08731970868148504,0.061515084002166986,0.0
891,0.013275891823391436,0.026551783646782873,0.0,0.0,0.0,-0.08731878563291533,0.08731878563291533,0.06346574996132404,0.0
892,0.01348983360593236,0.02697966721186472,0.0,0.0,0.0,-0.08731778811162984,0.08731778811162984,0.062163084046915174,0.0
893,0.013723215796886228,0.027446431593772455,0.0,0.0,0.0,-0.08731672855343074,0.08731672855343074,0.064399000024423,0.0
894,0.013905333979453254,0.027810667958906507,0.0,0.0,0.0,-0.08731564950105751,0.08731564950105751,0.06227887497516349,0.0
895,0.014038093090019639,0.028076186180039278,0.0,0.0,0.0,-0.08731456075076197,0.08731456075076197,0.0642074589850381,0.0
896,0.014095429311153401,0.028190858622306803,0.0,0.0,0.0,-0.087313447128806,0.087313447128806,0.06316712498664856,0.0
897,0.014096396339292848,0.028192792678585696,0.0,0.0,0.0,-0.08731228298789964,0.08731228298789964,0.06274079199647531,0.0
898,0.014117287284957848,0.028234574569915696,0.0,0.0,0.0,-0.08731107986142699,0.08731107986142699,0.061581832997035235,0.0
899,0.01410451859886052,0.02820903719772104,0.0,0.0,0.0,-0.08730985511530912,0.08730985511530912,0.06337245902977884,0.0
900,0.014059949829596775,0.02811989965919355,0.0,0.0,0.0,-0.08730861314477746,0.08730861314477746,0.06034733302658424,0.0
901,0.013944878518249534,0.02788975703649907,0.0,0.0,0.0,-0.08730734083503053,0.08730734083503053,0.06218058301601559,0.0
902,0.013793478838160782,0.027586957676321563,0.0,0.0,0.0,-0.087305969589785,0.087305969589785,0.059780541982036084,0.0
903,0.013622077143600038,0.027244154287200076,0.0,0.0,0.0,-0.087304485508173,0.087304485508173,0.06274975003907457,0.0
904,0.013393508240045204,0.02678701648009041,0.0,0.0,0.0,-0.08730289752590296,0.08730289752590296,0.059992833994328976,0.0
905,0.013139809745540014,0.026279619491080028,0.0,0.0,0.0,-0.08730131543577961,0.08730131543577961,0.06151783402310684,0.0
906,0.012967907299930637,0.025935814599861273,0.0,0.0,0.0,-0.08729985627343381,0.08729985627343381,0.059593417041469365,0.0
907,0.012854381233131804,0.025708762466263607,0.0,0.0,0.0,-0.0872984932807492,0.0872984932807492,0.0642511670012027,0.0
908,0.012739935988309518,0.025479871976619037,0.0,0.0,0.0,-0.08729719271192345,0.08729719271192345,0.062090500025078654,0.0
909,0.012623053165823517,0.025246106331647034,0.0,0.0,0.0,-0.08729594557166358,0.08729594557166358,0.06340733304386958,0.0
910,0.012502381473922047,0.025004762947844095,0.0,0.0,0.0,-0.08729474247599275,0.08729474247599275,0.06205150001915172,0.0
911,0.012389789106331171,0.024779578212662343,0.0,0.0,0.0,-0.08729351326138599,0.08729351326138599,0.0627932499628514,0.0
912,0.012315206037528975,0.02463041207505795,0.0,0.0,0.0,-0.08729227593752745,0.08729227593752745,0.061212875007186085,0.0
913,0.012403638931528842,0.024807277863057683,0.0,0.0,0.0,-0.08729105161570863,0.08729105161570863,0.06357512500835583,0.0
914,0.012535423971692675,0.02507084794338535,0.0,0.0,0.0,-0.0872898677959149,0.0872898677959149,0.061434000032022595,0.0
915,0.012739009339832026,0.025478018679664052,0.0,0.0,0.0,-0.08728872596597428,0.08728872596597428,0.06277000001864508,0.0
916,0.012979489288143742,0.025958978576287484,0.0,0.0,0.0,-0.08728771248690369,0.08728771248690369,0.06225504202302545,0.0
917,0.013197600091557647,0.026395200183115294,0.0,0.0,0.0,-0.08728709284831081,0.08728709284831081,0.06393616698915139,0.0
918,0.013352012402860158,0.026704024805720317,0.0,0.0,0.0,-0.0872868959750165,0.0872868959750165,0.06346720800502226,0.0
919,0.013441658860413312,0.026883317720826624,0.0,0.0,0.0,-0.08728704725541196,0.08728704725541196,0.06302587495883927,0.0
920,0.013533013197153512,0.027066026394307025,0.0,0.0,0.0,-0.08728752947181694,0.08728752947181694,0.06261658400762826,0.0
921,0.013592308423672955,0.02718461684734591,0.0,0.0,0.0,-0.08728824268461018,0.08728824268461018,0.06305045797489583,0.0
922,0.013567609724562071,0.027135219449124143,0.0,0.0,0.0,-0.08728908807991008,0.08728908807991008,0.06195300002582371,0.0
923,0.013521346884948611,0.027042693769897222,0.0,0.0,0.0,-0.08728997680724072,0.08728997680724072,0.06300266704056412,0.0
924,0.013448544093134007,0.026897088186268014,0.0,0.0,0.0,-0.08729080393996816,0.08729080393996816,0.062072375032585114,0.0
925,0.013331837082722856,0.02666367416544571,0.0,0.0,0.0,-0.08729151070026585,0.08729151070026585,0.06320591596886516,0.0
926,0.013268773068115032,0.026537546136230064,0.0,0.0,0.0,-0.08729205634965652,0.08729205634965652,0.06231649999972433,0.0
927,0.013180660843945556,0.026361321687891112,0.0,0.0,0.0,-0.08729246168100203,0.08729246168100203,0.06317516701528803,0.0
928,0.013076125729039302,0.026152251458078604,0.0,0.0,0.0,-0.08729278072298498,0.08729278072298498,0.060211332980543375,0.0
929,0.013013490180019703,0.026026980360039406,0.0,0.0,0.0,-0.08729291905242022,0.08729291905242022,0.06317587499506772,0.0
930,0.012984546964429862,0.025969093928859724,0.0,0.0,0.0,-0.08729293258658531,0.08729293258658531,0.06105245801154524,0.0
931,0.012959306317136023,0.025918612634272045,0.0,0.0,0.0,-0.08729289658407859,0.08729289658407859,0.06350791698787361,0.0
932,0.012938586948839814,0.02587717389767963,0.0,0.0,0.0,-0.08729282445576433,0.08729282445576433,0.0627040839754045,0.0
933,0.012922946432203312,0.025845892864406625,0.0,0.0,0.0,-0.08729270789675656,0.08729270789675656,0.06251004198566079,0.0
934,0.01291240050269838,0.02582480100539676,0.0,0.0,0.0,-0.08729254203711187,0.08729254203711187,0.06287716695806012,0.0
935,0.012906364766754157,0.025812729533508313,0.0,0.0,0.0,-0.08729236398266817,0.08729236398266817,0.06356341700302437,0.0
936,0.01290440466964337,0.02580880933928674,0.0,0.0,0.0,-0.08729213683113997,0.08729213683113997,0.062354749999940395,0.0
937,0.01290567437119395,0.0258113487423879,0.0,0.0,0.0,-0.08729181061017197,0.08729181061017197,0.06330429197987542,0.0
938,0.01291098375014943,0.02582196750029886,0.0,0.0,0.0,-0.08729137846472888,0.08729137846472888,0.05991879099747166,0.0
939,0.012916361562011348,0.025832723124022697,0.0,0.0,0.0,-0.08729082268119712,0.08729082268119712,0.06189825001638383,0.0
940,0.012917546563382606,0.025835093126765213,0.0,0.0,0.0,-0.08729013951095478,0.08729013951095478,0.05948695802362636,0.0
941,0.013008278686063801,0.026016557372127602,0.0,0.0,0.0,-0.08728936327991478,0.08728936327991478,0.09276537498226389,0.0
942,0.013095001687632862,0.026190003375265725,0.0,0.0,0.0,-0.0872885355511552,0.0872885355511552,0.06326283299131319,0.0
943,0.013148881197970877,0.026297762395941754,0.0,0.0,0.0,-0.08728771984381592,0.08728771984381592,0.06369408301543444,0.0
944,0.013162658443297164,0.026325316886594327,0.0,0.0,0.0,-0.08728697637585055,0.08728697637585055,0.06251437502214685,0.0
945,0.013159731666705282,0.026319463333410564,0.0,0.0,0.0,-0.08728634438483064,0.08728634438483064,0.06348695897031575,0.0
946,0.013170184335427076,0.026340368670854153,0.0,0.0,0.0,-0.08728586640879664,0.08728586640879664,0.06357712496537715,0.0
947,0.01316051431845882,0.02632102863691764,0.0,0.0,0.0,-0.08728555473799192,0.08728555473799192,0.0644210419850424,0.0
948,0.013115464987607704,0.02623092997521541,0.0,0.0,0.0,-0.08728538516458935,0.08728538516458935,0.06228570797247812,0.0
949,0.013075490619532122,0.026150981239064244,0.0,0.0,0.0,-0.08728535393386207,0.08728535393386207,0.06312400003662333,0.0
950,0.013036644936970383,0.026073289873940766,0.0,0.0,0.0,-0.08728544334178549,0.08728544334178549,0.06100187497213483,0.0
951,0.012982493103698721,0.025964986207397442,0.0,0.0,0.0,-0.08728562682063314,0.08728562682063314,0.06358066701795906,0.0
952,0.01291929420678524,0.02583858841357048,0.0,0.0,0.0,-0.08728588073672162,0.08728588073672162,0.0603384580463171,0.0
953,0.012848840622711077,0.025697681245422155,0.0,0.0,0.0,-0.08728618340557007,0.08728618340557007,0.0636185830226168,0.0
954,0.012779103528346172,0.025558207056692345,0.0,0.0,0.0,-0.08728650229069372,0.08728650229069372,0.061382166983094066,0.0
955,0.012748474475598709,0.025496948951197418,0.0,0.0,0.0,-0.08728682777829264,0.08728682777829264,0.06371066701831296,0.0
956,0.012711825455421315,0.02542365091084263,0.0,0.0,0.0,-0.08728712592407582,0.08728712592407582,0.059674583026207983,0.0
957,0.012667949628983564,0.02533589925796713,0.0,0.0,0.0,-0.08728738670770284,0.08728738670770284,0.06203291699057445,0.0
958,0.01261876119008152,0.02523752238016304,0.0,0.0,0.0,-0.08728748489921588,0.08728748489921588,0.06142379203811288,0.0
959,0.012563858462399838,0.025127716924799676,0.0,0.0,0.0,-0.08728738825920758,0.08728738825920758,0.06354804197326303,0.0
960,0.012562686724949146,0.02512537344989829,0.0,0.0,0.0,-0.08728715759815343,0.08728715759815343,0.06045916705625132,0.0
961,0.012580450379058625,0.02516090075811725,0.0,0.0,0.0,-0.08728679888727224,0.08728679888727224,0.06253195804310963,0.0
962,0.01258062799143203,0.02516125598286406,0.0,0.0,0.0,-0.08728629166084213,0.08728629166084213,0.06065983301959932,0.0
963,0.012559160340423398,0.025118320680846795,0.0,0.0,0.0,-0.08728562081564331,0.08728562081564331,0.06281720800325274,0.0
964,0.012512125743836304,0.025024251487672608,0.0,0.0,0.0,-0.08728479437152427,0.08728479437152427,0.06120195897528902,0.0
965,0.012515812939763553,0.025031625879527106,0.0,0.0,0.0,-0.08728384615920845,0.08728384615920845,0.06263591698370874,0.0
966,0.012500226383894947,0.025000452767789894,0.0,0.0,0.0,-0.08728280557934322,0.08728280557934322,0.06277712504379451,0.0
967,0.012457078536492076,0.024914157072984153,0.0,0.0,0.0,-0.0872817056014633,0.0872817056014633,0.06262808397877961,0.0
968,0.01239677129607545,0.0247935425921509,0.0,0.0,0.0,-0.08728057244337482,0.08728057244337482,0.061953208001796156,0.0
969,0.012315539070800581,0.024631078141601162,0.0,0.0,0.0,-0.08727943057578304,0.08727943057578304,0.06155020900769159,0.0
970,0.012225574768289345,0.02445114953657869,0.0,0.0,0.0,-0.08727828982799445,0.08727828982799445,0.059792667045257986,0.0
971,0.012126082635615869,0.024252165271231738,0.0,0.0,0.0,-0.0872771312291645,0.0872771312291645,0.06232104200171307,0.0
972,0.01208951762789879,0.02417903525579758,0.0,0.0,0.0,-0.0872759437206019,0.0872759437206019,0.06359954201616347,0.0
973,0.012088560608872367,0.024177121217744735,0.0,0.0,0.0,-0.08727471839151711,0.08727471839151711,0.06215508299646899,0.0
974,0.01203882380832498,0.02407764761664996,0.0,0.0,0.0,-0.08727339461574689,0.08727339461574689,0.062271750008221716,0.0
975,0.011975700621082837,0.023951401242165674,0.0,0.0,0.0,-0.08727184219318355,0.08727184219318355,0.06273079197853804,0.0
976,0.011971288497018909,0.023942576994037817,0.0,0.0,0.0,-0.0872700344177788,0.0872700344177788,0.06273370800772682,0.0
977,0.011844698229770287,0.023689396459540574,0.0,0.0,0.0,-0.08726786129412666,0.08726786129412666,0.06290962500497699,0.0
978,0.011755497345871814,0.023510994691743628,0.0,0.0,0.0,-0.08726553925591636,0.08726553925591636,0.0629543749964796,0.0
979,0.011708927164142888,0.023417854328285775,0.0,0.0,0.0,-0.08726327182173328,0.08726327182173328,0.06360454094829038,0.0
980,0.011767095598589308,0.023534191197178617,0.0,0.0,0.0,-0.08726115215017029,0.08726115215017029,0.06080745899816975,0.0
981,0.011928442031274043,0.023856884062548087,0.0,0.0,0.0,-0.08725916247418052,0.08725916247418052,0.06304600002476946,0.0
982,0.01206278059836871,0.02412556119673742,0.0,0.0,0.0,-0.08725720231379916,0.08725720231379916,0.06234058301197365,0.0
983,0.012209483917153485,0.02441896783430697,0.0,0.0,0.0,-0.08725520571330132,0.08725520571330132,0.06261908303713426,0.0
984,0.012340593700820579,0.024681187401641158,0.0,0.0,0.0,-0.08725316112895747,0.08725316112895747,0.06314683298114687,0.0
985,0.012413458530375406,0.02482691706075081,0.0,0.0,0.0,-0.08725097689252369,0.08725097689252369,0.06349000002956018,0.0
986,0.012432047267583075,0.02486409453516615,0.0,0.0,0.0,-0.0872486756716727,0.0872486756716727,0.06298237503506243,0.0
987,0.012399079001979424,0.024798158003958848,0.0,0.0,0.0,-0.0872463256863747,0.0872463256863747,0.06342370895436034,0.0
988,0.012321812323310387,0.024643624646620774,0.0,0.0,0.0,-0.08724397893154398,0.08724397893154398,0.06201729201711714,0.0
989,0.012220365563831478,0.024440731127662957,0.0,0.0,0.0,-0.08724165718636144,0.08724165718636144,0.0637871670187451,0.0
990,0.012100003448409787,0.024200006896819573,0.0,0.0,0.0,-0.08723942218155266,0.08723942218155266,0.062447624979540706,0.0
991,0.01196600978960323,0.02393201957920646,0.0,0.0,0.0,-0.08723728825759132,0.08723728825759132,0.06317891698563471,0.0
992,0.011844987948145216,0.023689975896290433,0.0,0.0,0.0,-0.08723528496048404,0.08723528496048404,0.06210870802169666,0.0
993,0.01181581994727781,0.02363163989455562,0.0,0.0,0.0,-0.08723339600918731,0.08723339600918731,0.06166887498693541,0.0
994,0.01181858627791104,0.02363717255582208,0.0,0.0,0.0,-0.08723157346902109,0.08723157346902109,0.059882208006456494,0.0
995,0.011816770272740862,0.023633540545481724,0.0,0.0,0.0,-0.08722982266775012,0.08722982266775012,0.061340500018559396,0.0
996,0.011820797880827981,0.023641595761655962,0.0,0.0,0.0,-0.08722822374892211,0.08722822374892211,0.060078667011111975,0.0
997,0.011828481394770399,0.023656962789540797,0.0,0.0,0.0,-0.08722685615410011,0.08722685615410011,0.0627642500330694,0.0
998,0.011865884225641492,0.023731768451282984,0.0,0.0,0.0,-0.08722565012965554,0.08722565012965554,0.06013270898256451,0.0
999,0.011863473127302765,0.02372694625460553,0.0,0.0,0.0,-0.08722458134903531,0.08722458134903531,0.061959999962709844,0.0
1000,0.01181720325037413,0.02363440650074826,0.0,0.0,0.0,-0.08722358977826143,0.08722358977826143,0.060233958007302135,0.0
