iteration,exploitability,nash_conv,actor_loss,average_lambda,mean_episode_length,mean_return_player0,mean_return_player1,wall_time_sec,scheduler_loss,gate_entropy,gate_regret_norm,gate_avg_utility,handoff_frozen_clusters,handoff_missing_clusters,gate_prob_actor,gate_prob_regret,gate_prob_ra,gate_prob_explore,gate_prob_cfr
1,0.4583333274999999,0.9166666549999998,0.0,0.18035976625846373,2.1953125,0.2109375,-0.2109375,1.923518833995331,0.0008428700146467501,1.600853752411133,0.0,0.0,0.0,0.0,0.17483024352173787,0.18035976625846373,0.2429008309421166,0.21713463654509643,0.1847745367322528
2,0.34870640030416,0.69741280060832,2.707615816588722e-06,0.18592080568343822,2.21875,0.265625,-0.265625,1.8974252499756403,0.000610103603910727,1.6032355255644086,1.0231509105245843e-09,-3.3645806285440474e-12,0.0,0.0,0.17746421563583362,0.18592080568343822,0.23687176936319176,0.2132876770911922,0.1864555439269039
3,0.37082838052495054,0.7416567610499011,-2.641586121581257e-05,0.19178320357674047,2.2265625,0.0546875,-0.0546875,1.908390500000678,-0.04142819151615217,1.6053749414912442,0.010989100211811745,2.0124518124092655e-06,3.0,0.0,0.18030031365260743,0.19178320357674047,0.23004767628092515,0.20884890859587152,0.1890199096056453
4,0.39295041233052197,0.7859008246610439,-0.00017009088476475364,0.13720866722276234,2.3984375,0.109375,-0.109375,2.056317750015296,-0.12228611068563469,1.1141240849206673,0.027097713588470167,5.211538290916806e-06,3.0,0.0,0.12393080697968262,0.13720866722276234,0.15724212712690186,0.14409404551361593,0.43752435820498764
5,0.3981432618467553,0.7962865236935106,-8.796306546189042e-05,0.16519939806312323,2.125,0.203125,-0.203125,1.8241550829843618,0.013460319235866122,1.2871298810890346,0.045940920668230814,-1.2125404970672351e-05,3.0,1.0,0.142415667336215,0.16519939806312323,0.17867051399148562,0.16545885149389505,0.34825557579889016
6,0.40961062568864953,0.8192212513772991,-0.000256614364576876,0.1824011969844073,2.1796875,0.359375,-0.359375,1.8844120830181055,-0.21956264324286806,1.369510100912942,0.07206049234479327,-4.170129995176549e-05,3.0,1.0,0.14950791236320277,0.1824011969844073,0.1880694669421001,0.17495014419692392,0.30507128544178486
7,0.39770767039913113,0.7954153407982623,-9.791875678131627e-06,0.17481436130168626,2.171875,0.2109375,-0.2109375,1.8799894169787876,-0.3561062300701294,1.2702015717661579,0.09964505734387785,-6.89720316209084e-05,3.0,1.0,0.13741809778290687,0.17481436130168626,0.171663639517568,0.16028091799226596,0.3558230009867991
8,0.35450833030816054,0.7090166606163211,-0.00027098257752788626,0.16808797630506592,2.3125,0.1484375,-0.1484375,1.9770178340259008,-0.33499089025654766,1.186908519321813,0.11493915918496593,-5.524963500983896e-05,3.0,0.0,0.12669948423029603,0.16808797630506592,0.15853441707991264,0.14869773810779727,0.3979803894117877
9,0.3357597489069134,0.6715194978138268,1.993848125179827e-05,0.17012759757581902,2.2421875,0.0390625,-0.0390625,1.9487165830214508,-0.17236984572401726,1.155872215575206,0.13829470763448626,-6.558448909939803e-05,3.0,0.0,0.12156605492070162,0.17012759757581902,0.15211418052998985,0.14405500816135872,0.4121371702865441
10,0.33433361535060635,0.6686672307012127,8.93776715276995e-05,0.18978038589301058,2.1953125,0.2890625,-0.2890625,1.896232625003904,-0.10819061277529517,1.235860633926933,0.16310839096937949,-9.314215193967357e-05,3.0,0.0,0.128428849620327,0.18978038589301058,0.15986904109500058,0.1528249981140327,0.3690967321183758
11,0.3419362968440416,0.6838725936880832,9.541913669002654e-05,0.18503457671258508,2.2421875,-0.0390625,0.0390625,1.926299459009897,-0.06135831675808617,1.1519419957853754,0.18942124300519936,-0.00013309235999988309,3.0,0.0,0.11783010868245301,0.18503457671258508,0.1467239083624883,0.14101968227986258,0.40939173569662646
12,0.335957963146475,0.67191592629295,-7.467895167912578e-05,0.18812535250553092,2.2890625,-0.1328125,0.1328125,1.946071167010814,-0.05968592505991052,1.1143100310202076,0.21874411534615015,-0.0001896081789484564,3.0,0.0,0.11170987596690858,0.18812535250553092,0.13944562842414648,0.13498833846720412,0.4257308156722235
13,0.3806801335603349,0.7613602671206698,-0.000119528300075693,0.22261950001120567,2.3125,0.1328125,-0.1328125,1.978772124974057,-0.09182206361210037,1.248907845729171,0.2522909662996729,-0.0002691114635714105,3.0,0.0,0.12209383428499505,0.22261950001120567,0.15285824898731065,0.15010549797600992,0.3523229286578056
14,0.35269098585142217,0.7053819717028443,-0.00015331364657950635,0.24852518700971837,2.2421875,0.2578125,-0.2578125,1.9141160410363227,-0.3938705831042488,1.308713281140839,0.3127950091571124,-0.00043589626149944456,3.0,1.0,0.12496137624210597,0.24852518700971837,0.1561352649009186,0.1549938112912693,0.3153843695382208
15,0.36104261654385594,0.7220852330877119,-0.00021721079025038863,0.262829760102917,2.171875,0.3828125,-0.3828125,1.8627405000152066,-0.4815848348628756,1.3096570403987242,0.3472739996452054,-0.0005575813151959995,3.0,1.0,0.12223655585762408,0.262829760102917,0.15268021929178308,0.15257722552088523,0.3096762590592714
16,0.3372265694704961,0.6744531389409922,-0.000737539316545804,0.27841124158503827,2.1171875,0.1953125,-0.1953125,1.818544041016139,-0.5673076295546459,1.291744091116602,0.38097474103878165,-0.0006679867952408875,3.0,1.0,0.11726639483027793,0.27841124158503827,0.14633355495894526,0.14790953772754248,0.3100792904181674
17,0.33506161677129,0.67012323354258,-0.0006401733249346167,0.3015090002245082,2.1328125,0.1171875,-0.1171875,1.8487982499646023,-0.8418198216283496,1.296183815710301,0.41685082111507654,-0.000816267964565172,3.0,1.0,0.11357498679296438,0.3015090002245082,0.14261097692962968,0.14547495800496896,0.2968300869176676
18,0.34183644252859025,0.6836728850571805,-0.0010189594315791117,0.3098245279595421,2.1171875,0.2734375,-0.2734375,1.8171169580309652,-1.0310593787786926,1.2254917064758493,0.45259326484731655,-0.000979528410260338,3.0,1.0,0.10415027381309284,0.3098245279595421,0.13057045127192987,0.134313303496125,0.32114145566616553
19,0.3501998478316233,0.7003996956632466,-0.0006605902902544806,0.3411092231159701,2.125,0.171875,-0.171875,1.9110431249719113,-1.200159294739612,1.2236446916556696,0.49187964941798284,-0.00118568556891577,3.0,1.0,0.09939352989963748,0.3411092231159701,0.12538939155638218,0.13086196889772134,0.3032458918169141
20,0.36524844975327575,0.7304968995065515,-0.0007991991419598366,0.36186028978763485,2.1328125,-0.0546875,0.0546875,1.877005874994211,-1.3964025354176597,1.1803044937594476,0.5315684289036487,-0.0014132399420222182,3.0,1.0,0.09194178658199835,0.36186028978763485,0.11669352164853623,0.12319468092787397,0.30630973740156753
21,0.36360573099817295,0.7272114619963459,-0.001701438660337339,0.339599277937051,2.3203125,-0.15625,0.15625,1.9929354999912903,-1.024315152605776,1.0017486062363439,0.5282243680170117,-0.001567556401823822,3.0,0.0,0.0740235635527858,0.339599277937051,0.09555333506579351,0.10175196515389966,0.3890718657661367
22,0.3667044498155496,0.7334088996310992,-0.0017694221402768384,0.3816432532201819,2.296875,0.09375,-0.09375,2.0016176250064746,-0.9789278806127025,1.0006119093657877,0.569461275144325,-0.0018680490009425437,3.0,0.0,0.0699702114069543,0.3816432532201819,0.09116288469660849,0.09848735765332267,0.35873630277964536
23,0.3564128318760237,0.7128256637520474,-0.002020028494227324,0.430374997147059,2.3046875,-0.015625,0.015625,1.9933483750210144,-0.48591285878634555,0.9925689670210917,0.620830214912227,-0.0022183094319814245,3.0,0.0,0.06507208289231284,0.430374997147059,0.08600022168987888,0.0941764902512906,0.32437621915744524
24,0.349706599756725,0.69941319951345,-0.0021390657518949676,0.45524910444186795,2.25,0.0703125,-0.0703125,1.9133750000037253,-0.6861391966764737,0.9132609271538755,0.6673954758637896,-0.002447126385050069,4.0,0.0,0.056135961540146835,0.45524910444186795,0.07466316140360302,0.08337103844516808,0.33058073930442333
25,0.3108691431382562,0.6217382862765124,-0.0029025293563960165,0.45049936956446957,2.1640625,-0.015625,0.015625,1.8484347920166329,-1.1606306496415866,0.7888159225564633,0.7142352468023697,-0.0026174737497134024,6.0,0.0,0.045644473378623866,0.45049936956446957,0.06098674118034676,0.0689524492040438,0.37391696695493876
26,0.36716917947462624,0.7343383589492525,-0.0019017005049848557,0.516532442967097,2.109375,0.2265625,-0.2265625,1.8020557910203934,-1.9165705919420968,0.7593508780739242,0.7745327100468179,-0.002891945542614849,7.0,0.0,0.04064285748258785,0.516532442967097,0.05477187800462599,0.06349448443011001,0.32455834395907546
27,0.4242793666736836,0.8485587333473672,-0.0030440976120759723,0.5013717821914784,2.140625,0.375,-0.375,1.8491888749995269,-1.7914597151841778,0.6105621432239748,0.8324223489811023,-0.0031699183406696343,8.0,0.0,0.030041148886084557,0.5013717821914784,0.04092805564784221,0.04877929216808211,0.37887972816281074
28,0.38209997237784954,0.7641999447556991,-0.0031900350710819224,0.5416590240783989,2,-0.046875,0.046875,1.700940333015751,-2.0251889847568236,0.5407489303766515,0.9450969284932528,-0.0034420560316773064,8.0,5.0,0.02437738906883169,0.5416590240783989,0.03373819965054281,0.04107538914831821,0.3591500050970353
29,0.3241918003831158,0.6483836007662316,-0.002734089907075964,0.501525522993623,2.171875,-0.015625,0.015625,1.8631884589558467,-1.914578646589774,0.4139723728050614,1.0773129848424683,-0.004465067443148159,10.0,1.0,0.01722627958591036,0.501525522993623,0.024211867799540217,0.03003692482229617,0.42699940493263355
30,0.3709083306486653,0.7418166612973306,-0.0035167253583043186,0.23603871485865707,2.203125,-0.296875,0.296875,1.8923993339994922,-1.089707889147466,0.1813256720422225,1.196136318316514,-0.005328165922698893,10.0,1.0,0.007017823510823098,0.23603871485865707,0.010154742853227237,0.012947324636980152,0.7338413982288846
31,0.35100501016268626,0.7020100203253725,-0.002433419608607249,0.28867591593576514,2.15625,0.1953125,-0.1953125,1.8543035840266384,-2.2031123358857534,0.17878317691565537,1.2870507567104967,-0.005934395593199456,11.0,1.0,0.006301508919484373,0.28867591593576514,0.009210445688686508,0.012049684854413288,0.683762452484149
32,0.2499999971702408,0.4999999943404816,-0.003463112384263197,0.13432330974740872,2.0234375,-0.140625,0.140625,1.7525499999755993,-2.8644852642640544,0.0734090495800352,1.5419985649900303,-0.007236531462694984,11.0,3.0,0.0024684429326918135,0.13432330974740872,0.003578448941406136,0.004811976651542435,0.8548178144345873
33,0.24999999728145172,0.49999999456290345,-0.003227992476204717,0.1304629929919741,2.09375,-0.2734375,0.2734375,1.8182885840069503,-1.3237726295826464,0.054629828778502934,1.269711647182703,-0.006025456381559541,12.0,1.0,0.0016383391652089446,0.1304629929919741,0.002412469098483449,0.0033415600296054313,0.8621446381865153
34,0.4999999950000001,0.9999999900000002,-0.0029202368635448707,0.0,2.2578125,0.0078125,-0.0078125,1.9353903339942917,-0.5600297140682827,7.368272463281755e-07,1.376182115382769,-0.006480610552733362,12.0,1.0,0.0,0.0,0.0,0.0,1.0
35,0.4999999950000001,0.9999999900000002,-0.0034385555086775227,0.0,2.3671875,0.265625,-0.265625,2.0112494999775663,-1.202652182281244,7.368272463281755e-07,1.8050525720334716,-0.007915130457654919,12.0,3.0,0.0,0.0,0.0,0.0,1.0
36,0.41666666166666677,0.8333333233333335,-0.001753443431170735,0.0,2.359375,0.203125,-0.203125,2.0079015839728527,-1.3579528567196943,7.368272463281755e-07,1.9388471946327224,-0.00801327676453588,12.0,3.0,0.0,0.0,0.0,0.0,1.0
37,0.37499999541666673,0.7499999908333335,-0.0034359029625052164,0.0,2.2421875,0.203125,-0.203125,1.9440951669821516,-1.6831822549867062,7.368272463281755e-07,1.655765904198316,-0.006613844480935685,12.0,1.0,0.0,0.0,0.0,0.0,1.0
38,0.43238659922460887,0.8647731984492177,-0.001934726947187176,0.0,2.25,0.1484375,-0.1484375,1.941411500039976,-1.000507907383116,7.368272463281755e-07,1.6567328819497065,-0.00620828962118222,12.0,1.0,0.0,0.0,0.0,0.0,1.0
39,0.40010667383929666,0.8002133476785933,-0.0025708656303985314,0.0,2.140625,0.015625,-0.015625,1.832522834010888,-0.9077055852024114,7.368272463281755e-07,1.3358166830407248,-0.003933251798217598,12.0,3.0,0.0,0.0,0.0,0.0,1.0
40,0.4939276784689342,0.9878553569378684,-0.000881255828076436,0.0,2.171875,0.1328125,-0.1328125,1.8615385419689119,-1.8271263841879577,7.368272463281755e-07,1.359955579870277,-0.0037667690501419,12.0,3.0,0.0,0.0,0.0,0.0,1.0
41,0.41666666250000006,0.8333333250000001,0.0001840052374317528,0.0,2.296875,0.3203125,-0.3203125,1.9864294579601847,-0.07114641248256635,7.368272463281755e-07,1.555957609618252,-0.004716397357366408,12.0,1.0,0.0,0.0,0.0,0.0,1.0
42,0.41666666250000006,0.8333333250000001,0.0019251091114443019,0.0,2.2734375,0.3671875,-0.3671875,1.9350435829837807,2.182182506317639,7.368272463281755e-07,1.4358181105079977,-0.00355531437823877,12.0,1.0,0.0,0.0,0.0,0.0,1.0
43,0.41666666250000006,0.8333333250000001,0.0011623800828674717,0.0,2.2890625,0.390625,-0.390625,1.9610041249543428,2.343780627124136,7.368272463281755e-07,1.3887819260020147,-0.0027058492765222168,12.0,1.0,0.0,0.0,0.0,0.0,1.0
44,0.41666666250000006,0.8333333250000001,0.0008575553047647604,0.0,2.1015625,0.3984375,-0.3984375,1.7897941669798456,3.5909168701908425,7.368272463281755e-07,1.6130485902022984,-0.002555921149905771,12.0,3.0,0.0,0.0,0.0,0.0,1.0
45,0.3766423220546541,0.7532846441093082,-2.514143278965763e-05,0.0,2.0390625,0.125,-0.125,1.7351692920201458,1.5168339701376332,7.368272463281755e-07,1.670645037252042,-0.0024687402377215526,12.0,3.0,0.0,0.0,0.0,0.0,1.0
46,0.3844730595172381,0.7689461190344762,0.0015241921234030575,0.0,2.0546875,0.5078125,-0.5078125,1.7491594579769298,1.3530519620453456,7.368272463281755e-07,1.757430328263177,-0.0024663623925233777,12.0,3.0,0.0,0.0,0.0,0.0,1.0
47,0.4583333287500001,0.9166666575000002,0.0013840913522322204,0.0,2.0234375,0.3359375,-0.3359375,1.7308780000312254,1.000373757419857,7.368272463281755e-07,1.8627069387584925,-0.0027181763863255684,12.0,3.0,0.0,0.0,0.0,0.0,1.0
48,0.49999999500000003,0.9999999900000001,0.001766889239463605,0.0,2.125,0.4453125,-0.4453125,1.8234014590270817,0.13515856610069932,7.368272463281755e-07,1.9529508633746042,-0.002750731545448717,12.0,3.0,0.0,0.0,0.0,0.0,1.0
49,0.5053062293108138,1.0106124586216276,0.0019502177930922893,0.0,2,0.5859375,-0.5859375,1.7298272079788148,-4.074469484544009,7.368272463281755e-07,1.8140725158154964,0.00039517217859004933,12.0,6.0,0.0,0.0,0.0,0.0,1.0
50,0.5060545959784284,1.0121091919568568,4.352608810366922e-05,0.0,2,0.65625,-0.65625,1.7220529160113074,-4.231608594635944,7.368272463281755e-07,1.7559280545849885,0.000890547307790257,12.0,5.0,0.0,0.0,0.0,0.0,1.0
51,0.49999999345965723,0.9999999869193145,0.0005523423551976594,0.0,2.0234375,0.609375,-0.609375,1.7478631670237519,-4.311189305551834,7.368272463281755e-07,2.126901155234211,-0.00234511179506727,12.0,3.0,0.0,0.0,0.0,0.0,1.0
52,0.4999999934512233,0.9999999869024466,-0.0003777465931998126,0.0,2.078125,0.53125,-0.53125,1.859298209019471,-3.4540511093451416,7.368272463281755e-07,1.7690969233993779,-0.0020294023131348445,12.0,1.0,0.0,0.0,0.0,0.0,1.0
53,0.4166666609161608,0.8333333218323216,0.0013146248120527008,0.0,2.15625,0.421875,-0.421875,1.89498104195809,-3.8996438796581674,7.368272463281755e-07,1.7916081384332343,-0.0020244481453449803,12.0,1.0,0.0,0.0,0.0,0.0,1.0
54,0.41666666166666677,0.8333333233333335,0.002177781255371132,0.0,2.125,0.375,-0.375,1.829970708990004,-2.461877863326695,7.368272463281755e-07,1.4615357456107934,0.0009568629369217282,12.0,3.0,0.0,0.0,0.0,0.0,1.0
55,0.37499999541666673,0.7499999908333335,0.0015066088001576476,0.0,2.21875,0.2890625,-0.2890625,1.9339840000029653,-1.6836432050117096,7.368272463281755e-07,1.7859571609138087,-0.001500098989874294,12.0,1.0,0.0,0.0,0.0,0.0,1.0
56,0.4166666608333335,0.833333321666667,-0.0005041621822517966,0.0,2.1953125,0.3828125,-0.3828125,1.8751235830131918,1.084436164942124,7.368272463281755e-07,1.8092340746555815,-0.0014296963189818516,12.0,1.0,0.0,0.0,0.0,0.0,1.0
57,0.41681536438931416,0.8336307287786283,0.0016942806423063408,0.0,2.453125,0.046875,-0.046875,2.1498609160189517,4.3086493449396945,7.368272463281755e-07,1.7470017957035453,-0.0025771861990506297,12.0,2.0,0.0,0.0,0.0,0.0,1.0
58,0.41937296480527986,0.8387459296105597,-0.0004532018024833741,0.0,2.4375,0.3984375,-0.3984375,2.0607499590259977,4.485516697764248,7.368272463281755e-07,1.8084416907280683,-0.002647265387349762,12.0,2.0,0.0,0.0,0.0,0.0,1.0
59,0.4195950216845691,0.8391900433691382,-0.0009682464678618807,0.0,2.4453125,0.046875,-0.046875,2.0770261659636162,3.8332190576696683,7.368272463281755e-07,1.863470248505473,-0.0025879804212308954,12.0,2.0,0.0,0.0,0.0,0.0,1.0
60,0.3794946346181576,0.7589892692363152,0.0004915171215424865,0.0,2.421875,0.4453125,-0.4453125,2.026391415973194,5.854003444370476,7.368272463281755e-07,1.9331958379596472,-0.00332121138999355,12.0,2.0,0.0,0.0,0.0,0.0,1.0
61,0.37259697758855737,0.7451939551771147,0.0007155786335296319,0.0,2.3828125,0.546875,-0.546875,2.0311044580303133,6.694291295599447,7.368272463281755e-07,2.0781051223589615,-0.0027663737710099667,12.0,1.0,0.0,0.0,0.0,0.0,1.0
62,0.3655708874493782,0.7311417748987564,0.0009065804826264046,0.0,2.1171875,0.28125,-0.28125,1.7866222499869764,5.842262464589993,7.368272463281755e-07,2.104842445051128,-0.0031048854548730146,12.0,1.0,0.0,0.0,0.0,0.0,1.0
63,0.39991423476682597,0.7998284695336519,-0.0018494933251313448,0.0,2.0625,0.3203125,-0.3203125,1.7403809169773012,6.280776624998854,7.368272463281755e-07,1.580670969767703,5.444952855921454e-05,12.0,3.0,0.0,0.0,0.0,0.0,1.0
64,0.3799946241801788,0.7599892483603576,0.0012447667032530175,0.0,2.234375,-0.1875,0.1875,1.8894487920333631,8.069366713390206,7.368272463281755e-07,1.6009587744871776,-0.00024737901872463734,12.0,3.0,0.0,0.0,0.0,0.0,1.0
65,0.37667053441332765,0.7533410688266553,-0.0015980289694163135,0.0,2.3515625,-0.1015625,0.1015625,2.0171385830035433,6.780953993487237,7.368272463281755e-07,2.200262723659927,-0.0038358027205421504,12.0,1.0,0.0,0.0,0.0,0.0,1.0
66,0.37824014169204173,0.7564802833840835,-0.0010443567291962181,0.0,2.3515625,0.25,-0.25,1.9860599579988047,5.521989950378128,7.368272463281755e-07,2.2443511863662438,-0.0038992010516019286,12.0,1.0,0.0,0.0,0.0,0.0,1.0
67,0.4630490116025573,0.9260980232051146,-0.002521892170369235,0.0,2.34375,0.171875,-0.171875,1.9894290000083856,3.9658040828072627,7.368272463281755e-07,2.2936578460715036,-0.0038720863777515742,12.0,1.0,0.0,0.0,0.0,0.0,1.0
68,0.4674607176814337,0.9349214353628674,-0.0002691053683751628,0.0,2.6484375,0.390625,-0.390625,2.2357784580090083,3.416416627585506,7.368272463281755e-07,2.2443154459819197,-0.0052062826522160325,12.0,2.0,0.0,0.0,0.0,0.0,1.0
69,0.5009469970347371,1.0018939940694742,-0.000711887540531729,0.0,2.6015625,0.5859375,-0.5859375,2.1980913339648396,2.448236218661745,7.368272463281755e-07,2.240016941539943,-0.0047050602504896235,12.0,2.0,0.0,0.0,0.0,0.0,1.0
70,0.5416666595833335,1.083333319166667,0.00044473222219024015,0.0,2.6015625,0.2578125,-0.2578125,2.183036667003762,1.6357344114255459,7.368272463281755e-07,2.216829001531005,-0.004237748746800207,12.0,2.0,0.0,0.0,0.0,0.0,1.0
71,0.5480976990094026,1.0961953980188053,-0.00039773604081244987,0.0,2.5,0.21875,-0.21875,2.1274674580199644,1.434948676490086,7.368272463281755e-07,2.176527039986104,-0.0039056244928360683,12.0,2.0,0.0,0.0,0.0,0.0,1.0
72,0.5903227661541641,1.1806455323083282,0.0010668236251209723,0.0,2.5234375,0.6953125,-0.6953125,2.135069083014969,1.4080788220925464,7.368272463281755e-07,2.2921371476894077,-0.002566285494222856,12.0,1.0,0.0,0.0,0.0,0.0,1.0
73,0.5044696137781515,1.008939227556303,0.00035662392865859493,0.0,2.1796875,0.7421875,-0.7421875,1.866522916010581,-2.7655060550852966,7.368272463281755e-07,2.7466970379981728,-0.0024375031910797893,12.0,3.0,0.0,0.0,0.0,0.0,1.0
74,0.5008507023302633,1.0017014046605266,0.00010340891497145248,0.0,2.0234375,0.4453125,-0.4453125,1.7475061250152066,-2.4618406786044438,7.368272463281755e-07,2.7487733544160924,-0.002309905888068897,12.0,3.0,0.0,0.0,0.0,0.0,1.0
75,0.49999999500000003,0.9999999900000001,1.8197389771929517e-05,0.0,2,0.453125,-0.453125,1.7369823749759234,-2.3358920458816073,7.368272463281755e-07,2.4115119660273194,0.0019699886458208007,12.0,6.0,0.0,0.0,0.0,0.0,1.0
76,0.49999999500000003,0.9999999900000001,-0.0005605573962710022,0.0,2,0.40625,-0.40625,1.72437125002034,-2.608380035086441,7.368272463281755e-07,2.4982719654217362,0.0017074980739077243,12.0,6.0,0.0,0.0,0.0,0.0,1.0
77,0.5416666612500001,1.0833333225000001,0.001384588804637865,0.0,2,0.2421875,-0.2421875,1.7238587079918943,-2.291989131274221,7.368272463281755e-07,2.5744972694665194,0.001758941155761325,12.0,6.0,0.0,0.0,0.0,0.0,1.0
78,0.5416666612500001,1.0833333225000001,0.0023950831723995097,0.0,2,0.6796875,-0.6796875,1.7284087499720044,-3.703334559019126,7.368272463281755e-07,2.6690176210055747,0.0021409233328692303,12.0,6.0,0.0,0.0,0.0,0.0,1.0
79,0.6249999937500001,1.2499999875000003,0.0004625113861756571,0.0,2,0.7890625,-0.7890625,1.7505540000274777,-3.742193250982581,7.368272463281755e-07,2.7335518977294364,0.0022987648189882748,12.0,6.0,0.0,0.0,0.0,0.0,1.0
80,0.6249999937500001,1.2499999875000003,-0.0008455696407456283,0.0,2.3515625,0.6640625,-0.6640625,2.0110472090309486,-1.4152695900217722,7.368272463281755e-07,2.978541675127215,-0.0017917239367509158,12.0,3.0,0.0,0.0,0.0,0.0,1.0
81,0.6249999937500001,1.2499999875000003,0.0013294905556885171,0.0,2.328125,0.6484375,-0.6484375,1.9888247920316644,-1.7151489334503536,7.368272463281755e-07,3.010567704629567,-0.0016791899300490816,12.0,3.0,0.0,0.0,0.0,0.0,1.0
82,0.5833333275000001,1.1666666550000002,0.001360970888382772,0.0,2.3203125,0.65625,-0.65625,1.9808446249808185,-2.00438590857569,7.368272463281755e-07,2.9877415564325123,-0.0009501440379406429,12.0,3.0,0.0,0.0,0.0,0.0,1.0
83,0.5833333275000001,1.1666666550000002,0.0007403600377500785,0.0,2.390625,0.875,-0.875,2.0469135000021197,-1.0574606919998069,7.368272463281755e-07,2.9950187955465584,-0.0008036686016971038,12.0,3.0,0.0,0.0,0.0,0.0,1.0
84,0.5416666612500001,1.0833333225000001,-4.5942245579690225e-05,0.0,2.3984375,0.5703125,-0.5703125,2.0522244589519687,-1.276695750886527,7.368272463281755e-07,3.0204034770528474,-0.0008225622586905956,12.0,3.0,0.0,0.0,0.0,0.0,1.0
85,0.500045322224506,1.000090644449012,0.00022241766598483985,0.0,2.1796875,0.5390625,-0.5390625,1.8999462500214577,-2.507441820189714,7.368272463281755e-07,3.032934236857626,-0.0014473045125163884,12.0,3.0,0.0,0.0,0.0,0.0,1.0
86,0.45246992806687003,0.9049398561337401,-0.0012576114775047225,0.0,2.1875,0.359375,-0.359375,1.8635925829876214,-1.4002259594052313,7.368272463281755e-07,3.0470116196407213,-0.002187528743282504,12.0,3.0,0.0,0.0,0.0,0.0,1.0
87,0.4550385914725915,0.910077182945183,-0.000921893757391027,0.0,2.359375,-0.1484375,0.1484375,2.01384687499376,1.1440845372741169,7.368272463281755e-07,1.8908951362181041,0.002578807326143659,12.0,3.0,0.0,0.0,0.0,0.0,1.0
88,0.4557967522708113,0.9115935045416226,0.001721187085284384,0.0,2.359375,-0.1953125,0.1953125,2.0123158750357106,0.989918405731109,7.368272463281755e-07,1.9329180137978659,0.0026337096771587515,12.0,3.0,0.0,0.0,0.0,0.0,1.0
89,0.4685488176781628,0.9370976353563256,-0.0025015387903185677,0.0,2.3203125,-0.0234375,0.0234375,2.012722624989692,1.5531981684598761,7.368272463281755e-07,1.9956283625215292,0.002200802792989028,12.0,3.0,0.0,0.0,0.0,0.0,1.0
90,0.41556858351520437,0.8311371670304087,-0.0004183254519615406,0.0,2.2265625,0.0546875,-0.0546875,1.9013330420129932,2.8288541296219925,7.368272463281755e-07,2.061539066955447,0.002031301962334611,12.0,3.0,0.0,0.0,0.0,0.0,1.0
91,0.41664590863619855,0.8332918172723971,-0.0029459196474297907,0.0,2.34375,0.3671875,-0.3671875,1.9946303340257145,5.039952976699236,7.368272463281755e-07,2.7108713649213314,-0.0026627679483433235,12.0,1.0,0.0,0.0,0.0,0.0,1.0
92,0.41705451418717243,0.8341090283743449,-0.00017964161145052327,0.0,2.4296875,0.3828125,-0.3828125,2.054370875004679,4.228444849192295,7.368272463281755e-07,2.801205348223448,-0.0028895947775295513,12.0,1.0,0.0,0.0,0.0,0.0,1.0
93,0.4172063325545209,0.8344126651090418,-0.003057372046445064,0.0,2.5390625,0.65625,-0.65625,2.141637292050291,4.0238260405734145,7.368272463281755e-07,2.6979340884834526,-0.00466492727282457,12.0,2.0,0.0,0.0,0.0,0.0,1.0
94,0.4172634970460255,0.834526994092051,-0.0003621460233117262,0.0,2.484375,0.359375,-0.359375,2.087211166974157,4.865638399103407,7.368272463281755e-07,2.754083357192576,-0.004689654777757823,12.0,2.0,0.0,0.0,0.0,0.0,1.0
95,0.3757134376454242,0.7514268752908484,-0.0012969594457399015,0.0,2.5234375,0.4609375,-0.4609375,2.147011500026565,4.083097953791147,7.368272463281755e-07,2.7540776383131744,-0.004301442400901578,12.0,2.0,0.0,0.0,0.0,0.0,1.0
96,0.37591086111426775,0.7518217222285355,-0.0001782580498854507,0.0,2.6953125,0.3359375,-0.3359375,2.265009458991699,4.043318702938817,7.368272463281755e-07,2.6771708516404034,-0.002920420370355714,12.0,2.0,0.0,0.0,0.0,0.0,1.0
97,0.3760662978074578,0.7521325956149156,-0.0014511866299827044,0.0,2.5390625,0.296875,-0.296875,2.1528857499943115,3.2302548519388075,7.368272463281755e-07,2.8683967512439597,-0.0007335473875917324,12.0,1.0,0.0,0.0,0.0,0.0,1.0
98,0.37632874272532957,0.7526574854506591,-0.0019403518333599228,0.0,2.5,0.140625,-0.140625,2.110874917008914,3.2462718490913858,7.368272463281755e-07,2.8857645477083596,-0.0005876929446292871,12.0,1.0,0.0,0.0,0.0,0.0,1.0
99,0.37592956545277245,0.7518591309055449,-0.0009612737345290839,0.0,2.3828125,0.0546875,-0.0546875,2.0147687909775414,4.110640690130464,7.368272463281755e-07,2.319990110480123,0.0033513090844886997,12.0,3.0,0.0,0.0,0.0,0.0,1.0
100,0.3749999962500001,0.7499999925000002,-0.002872516076231747,0.0,2.375,0.1640625,-0.1640625,2.008571792044677,4.077126321954654,7.368272463281755e-07,2.366519182920456,0.003597465777097063,12.0,3.0,0.0,0.0,0.0,0.0,1.0
101,0.41666666250000006,0.8333333250000001,-0.0005378888042307488,0.0,2.2890625,0.2109375,-0.2109375,1.965985415969044,3.606753043867246,7.368272463281755e-07,2.42840809126695,0.003110341999369363,12.0,3.0,0.0,0.0,0.0,0.0,1.0
102,0.41666666250000006,0.8333333250000001,0.0009374409854480598,0.0,2.2421875,0.46875,-0.46875,1.9290135839837603,1.2052081576451166,7.368272463281755e-07,2.4716905653476715,0.0030734964821022004,12.0,3.0,0.0,0.0,0.0,0.0,1.0
103,0.45838857459918136,0.9167771491983627,-0.0009373647040079309,0.0,2.2890625,0.1953125,-0.1953125,1.9556754999794066,2.3726468704835155,7.368272463281755e-07,2.517515158487691,0.003227692865443209,12.0,3.0,0.0,0.0,0.0,0.0,1.0
104,0.45894739239474736,0.9178947847894947,-0.0009528000834153953,0.0,2.203125,0.4609375,-0.4609375,1.8742426669923589,1.6610106016651245,7.368272463281755e-07,2.547340254816744,0.003512333656949017,12.0,3.0,0.0,0.0,0.0,0.0,1.0
105,0.46197991629906454,0.9239598325981291,-0.0015295952698399374,0.0,2.3359375,0.625,-0.625,2.001220125006512,0.10968377514774241,7.368272463281755e-07,3.11222805082798,-0.00013546379208988086,12.0,1.0,0.0,0.0,0.0,0.0,1.0
106,0.5833333266666668,1.1666666533333336,0.00016059301932446095,0.0,2.4296875,0.6953125,-0.6953125,2.067726458015386,1.0210955736700482,7.368272463281755e-07,3.1723071214827625,-0.0009577696698463776,12.0,1.0,0.0,0.0,0.0,0.0,1.0
107,0.5833333266666668,1.1666666533333336,0.0014582619151686216,0.0,2.390625,0.65625,-0.65625,2.0515325000160374,-1.023867378030368,7.368272463281755e-07,3.1701172014529053,-0.0014286745942875066,12.0,1.0,0.0,0.0,0.0,0.0,1.0
108,0.6249999937500001,1.2499999875000003,0.0020749199462386627,0.0,2.4453125,0.5390625,-0.5390625,2.086545916972682,-1.0924974019548441,7.368272463281755e-07,3.2237185713919727,-0.0011573280419477007,12.0,1.0,0.0,0.0,0.0,0.0,1.0
109,0.6249511174001103,1.2499022348002207,-0.0009671759167865037,0.0,2.328125,0.578125,-0.578125,1.998874542012345,-1.3537963767100014,7.368272463281755e-07,3.9253460433748035,-0.0013648352016591364,12.0,3.0,0.0,0.0,0.0,0.0,1.0
110,0.5829790780231603,1.1659581560463206,-0.003939354730956365,0.0,2.375,0.859375,-0.859375,2.029423833999317,-1.14420650938777,7.368272463281755e-07,3.9791186153888702,-0.0014013239027311404,12.0,3.0,0.0,0.0,0.0,0.0,1.0
111,0.5827451071112706,1.1654902142225412,-0.0017985178622387562,0.0,2.3828125,0.75,-0.75,2.0323195420205593,-1.370159934234393,7.368272463281755e-07,4.02328645851877,-0.001452194190480643,12.0,3.0,0.0,0.0,0.0,0.0,1.0
112,0.6242482767198807,1.2484965534397614,-0.0023668708716428613,0.0,2.3671875,0.6640625,-0.6640625,2.0288478329894133,-1.0178592786278957,7.368272463281755e-07,4.072172502676646,-0.0015411810147472555,12.0,3.0,0.0,0.0,0.0,0.0,1.0
113,0.624207298308153,1.248414596616306,-0.0010360090728569055,0.0,2.3828125,0.9296875,-0.9296875,2.057520125003066,-1.3431474399447563,7.368272463281755e-07,4.160315086444219,-0.0022105807955894205,12.0,3.0,0.0,0.0,0.0,0.0,1.0
114,0.6099607861201649,1.2199215722403298,-0.0010803919623678835,0.0,2.3125,0.6953125,-0.6953125,1.9935013339854777,-1.616996407342093,7.368272463281755e-07,4.250404126114315,-0.0025911979222049317,12.0,3.0,0.0,0.0,0.0,0.0,1.0
115,0.5421748860999636,1.0843497721999271,-0.0018601550995487274,0.0,2.390625,0.4453125,-0.4453125,2.1356143329758197,-2.1259045993218355,7.368272463281755e-07,3.5715678191997786,-0.0020316820671062237,12.0,1.0,0.0,0.0,0.0,0.0,1.0
116,0.5418812550031402,1.0837625100062804,-0.0005608707239663258,0.0,2.640625,0.1171875,-0.1171875,2.352826832968276,-1.6655000781698273,7.368272463281755e-07,3.288954035192728,-0.002485954783333,12.0,2.0,0.0,0.0,0.0,0.0,1.0
117,0.4583333287500001,0.9166666575000002,-0.00013395548389477454,0.0,2.671875,0.1640625,-0.1640625,2.3455322079826146,-1.4876317944355875,7.368272463281755e-07,3.3127947084605696,-0.0013869645539671183,12.0,2.0,0.0,0.0,0.0,0.0,1.0
118,0.41666666250000006,0.8333333250000001,0.00019434902134109192,0.0,2.6875,0.5859375,-0.5859375,2.2780709590297192,1.175272868112336,7.368272463281755e-07,3.3758074551820756,-0.0011354799149557947,12.0,2.0,0.0,0.0,0.0,0.0,1.0
119,0.41666666250000006,0.8333333250000001,-0.001484377207468032,0.0,2.5234375,0.4453125,-0.4453125,2.1475782499765046,1.4383156303714257,7.368272463281755e-07,3.363145709782839,-0.0003417934465687722,12.0,2.0,0.0,0.0,0.0,0.0,1.0
120,0.41666666250000006,0.8333333250000001,0.0012328974697551813,0.0,2.4921875,0.5390625,-0.5390625,2.086058957967907,2.311842536848611,7.368272463281755e-07,3.402318702638149,-0.000140194442064967,12.0,2.0,0.0,0.0,0.0,0.0,1.0
121,0.41663495284014135,0.8332699056802827,-6.701170052790414e-05,0.0,2.5078125,0.0234375,-0.0234375,2.101498709002044,2.804539070357322,7.368272463281755e-07,3.4691066429018975,-0.00012048152566421778,12.0,2.0,0.0,0.0,0.0,0.0,1.0
122,0.41622599703676794,0.8324519940735359,0.0009696268356396891,0.0,2.5546875,0.5625,-0.5625,2.1564686250058003,1.4409601006953086,7.368272463281755e-07,3.5308831319212914,-5.737250903621316e-05,12.0,2.0,0.0,0.0,0.0,0.0,1.0
123,0.41613323065238217,0.8322664613047643,0.0005935673533033997,0.0,2.1953125,0.015625,-0.015625,1.8641377500025555,3.0738467073293396,7.368272463281755e-07,2.971510261297226,0.00665887269941676,12.0,3.0,0.0,0.0,0.0,0.0,1.0
124,0.4162274443460169,0.8324548886920338,0.0008686055912346973,0.0,2.21875,-0.0546875,0.0546875,1.8645079580019228,3.2036721046823797,7.368272463281755e-07,2.9995614000492625,0.007149657490016479,12.0,3.0,0.0,0.0,0.0,0.0,1.0
125,0.4164236749443057,0.8328473498886114,-0.0015664037055810143,0.0,2.1796875,0.078125,-0.078125,1.854448250029236,2.703267449856899,7.368272463281755e-07,3.0416662800643177,0.007473835462911261,12.0,3.0,0.0,0.0,0.0,0.0,1.0
126,0.4166646551656547,0.8333293103313094,0.0007611183216573115,0.0,2.1484375,0.1796875,-0.1796875,1.81065475003561,2.1356430971453135,7.368272463281755e-07,3.1393149354391627,0.006890627133543603,12.0,3.0,0.0,0.0,0.0,0.0,1.0
127,0.41666666250000006,0.8333333250000001,0.001795431945438159,0.0,2.2265625,0.1015625,-0.1015625,1.8919757079565898,2.361835663634957,7.368272463281755e-07,3.2429324572698937,0.006685764528810978,12.0,3.0,0.0,0.0,0.0,0.0,1.0
128,0.41666666250000006,0.8333333250000001,0.0029933325908495976,0.0,2.1796875,0.09375,-0.09375,1.847912749974057,1.9620069013741601,7.368272463281755e-07,3.3364028493977256,0.006806279977253225,12.0,3.0,0.0,0.0,0.0,0.0,1.0
129,0.41666666250000006,0.8333333250000001,-0.005201809985599261,0.0,2.1328125,0.28125,-0.28125,1.8322826250223443,1.8601508535369684,7.368272463281755e-07,3.4099421285920672,0.006912056284313116,12.0,3.0,0.0,0.0,0.0,0.0,1.0
130,0.41520048809766685,0.8304009761953337,-0.004280932597659519,0.0,2.1328125,0.234375,-0.234375,1.7995049160090275,1.8719342588157062,7.368272463281755e-07,3.4742607177338667,0.007023997472869168,12.0,3.0,0.0,0.0,0.0,0.0,1.0
131,0.3749999962500001,0.7499999925000002,0.0016961320354783344,0.0,2.3359375,0.2265625,-0.2265625,1.988545750034973,1.2928494952158087,7.368272463281755e-07,4.07414524955675,0.0018313508966953536,12.0,1.0,0.0,0.0,0.0,0.0,1.0
132,0.3749999962500001,0.7499999925000002,0.00025239243304422065,0.0,2.3984375,0.09375,-0.09375,2.0235400840174407,1.4124700287235628,7.368272463281755e-07,3.490099986187286,0.007875630591620898,12.0,3.0,0.0,0.0,0.0,0.0,1.0
133,0.3749999962500001,0.7499999925000002,-0.00014889951877127442,0.0,2.296875,0.2265625,-0.2265625,1.9641949579818174,1.1082092533299863,7.368272463281755e-07,3.475717000042399,0.008952771682137003,12.0,3.0,0.0,0.0,0.0,0.0,1.0
134,0.3749999962500001,0.7499999925000002,-5.439353826826832e-05,0.0,2.3671875,0.09375,-0.09375,2.019663250015583,1.025767822832902,7.368272463281755e-07,3.509500922014316,0.009248774492233578,12.0,3.0,0.0,0.0,0.0,0.0,1.0
135,0.4583333262500001,0.9166666525000002,5.169346931965666e-05,0.0,2.375,0.125,-0.125,2.020035583002027,1.0752913981590322,7.368272463281755e-07,3.5655441251066,0.009471805843835076,12.0,3.0,0.0,0.0,0.0,0.0,1.0
136,0.4583333262500001,0.9166666525000002,4.953925638030066e-05,0.0,2.21875,0.140625,-0.140625,1.8872746659908444,0.31599797856744744,7.368272463281755e-07,3.579272201491727,0.009370046383183863,12.0,3.0,0.0,0.0,0.0,0.0,1.0
137,0.5416666579166669,1.0833333158333338,0.0002551077466651799,0.0,2.25,-0.03125,0.03125,1.9326257079956122,0.22993574402385597,7.368272463281755e-07,3.650054203967253,0.008206107259158872,12.0,3.0,0.0,0.0,0.0,0.0,1.0
138,0.6249999904166669,1.2499999808333337,0.0024442283359634447,0.0,2.2734375,-0.0859375,0.0859375,1.921891791978851,-0.06806335092243768,7.368272463281755e-07,3.7010728443662324,0.007709967172963338,12.0,3.0,0.0,0.0,0.0,0.0,1.0
139,0.6249999904166669,1.2499999808333337,0.0031185168327793403,0.0,2.3203125,0.2421875,-0.2421875,2.021489707985893,-1.1140503501629313,7.368272463281755e-07,3.7694173119962215,0.0075677835282274624,12.0,3.0,0.0,0.0,0.0,0.0,1.0
140,0.6249999904166669,1.2499999808333337,0.00022847686817604603,0.0,2.3828125,-0.140625,0.140625,2.0485660000122152,-0.9585052837327611,7.368272463281755e-07,3.8634304106235504,0.007702940499358293,12.0,3.0,0.0,0.0,0.0,0.0,1.0
141,0.6249999904166669,1.2499999808333337,-0.0007443070052693433,0.0,2.28125,0.453125,-0.453125,1.967730583040975,-1.2416699000790536,7.368272463281755e-07,3.919938024547365,0.007811456841106216,12.0,3.0,0.0,0.0,0.0,0.0,1.0
142,0.6249999904166669,1.2499999808333337,-0.004135316127842596,0.0,2.328125,0.1796875,-0.1796875,2.017284874978941,-1.1402245002311198,7.368272463281755e-07,3.9745442817608514,0.007868269005686872,12.0,3.0,0.0,0.0,0.0,0.0,1.0
143,0.5831852425562978,1.1663704851125956,-0.00318322552669512,0.0,2.28125,0.140625,-0.140625,1.9914482919848524,-1.2896567081190544,7.368272463281755e-07,3.9377127952045865,0.008765136771317985,12.0,3.0,0.0,0.0,0.0,0.0,1.0
144,0.578918331882375,1.15783666376475,-0.001697334174669046,0.0,2.3203125,0.0546875,-0.0546875,2.0049422499723732,-1.052820920715303,7.368272463281755e-07,3.952830261654324,0.009229447750840336,12.0,3.0,0.0,0.0,0.0,0.0,1.0
145,0.5742160349390698,1.1484320698781396,1.564294823244879e-05,0.0,2.234375,0.109375,-0.109375,1.9930328330374323,-0.7657019573335464,7.368272463281755e-07,3.9665733906957836,0.009302752448194142,12.0,3.0,0.0,0.0,0.0,0.0,1.0
146,0.562736515484929,1.125473030969858,-0.00015402987547124639,0.0,2.3203125,-0.0859375,0.0859375,2.0370934999664314,-0.9516938052403581,7.368272463281755e-07,4.001998762289683,0.00947894231002364,12.0,3.0,0.0,0.0,0.0,0.0,1.0
147,0.5475644119988375,1.095128823997675,-0.0014058018248322144,0.0,2.3203125,0.0703125,-0.0703125,2.0171467500040308,-1.106354867418607,7.368272463281755e-07,4.0319964124096765,0.009672961171923412,12.0,3.0,0.0,0.0,0.0,0.0,1.0
148,0.4852545787307405,0.970509157461481,-0.0026507099754785567,0.0,2.3203125,0.1171875,-0.1171875,1.9893886250210926,-0.9623817989997792,7.368272463281755e-07,4.05154633273681,0.009943447153394422,12.0,3.0,0.0,0.0,0.0,0.0,1.0
149,0.3749999962500001,0.7499999925000002,-0.004928340839453988,0.0,2.375,0.0546875,-0.0546875,2.0400402499944903,-0.44548487316780283,7.368272463281755e-07,4.035135524140464,0.010504942415637843,12.0,3.0,0.0,0.0,0.0,0.0,1.0
150,0.3749999962500001,0.7499999925000002,-0.0037395541731712,0.0,2.3515625,0.0859375,-0.0859375,2.0342498749960214,0.5425269511370514,7.368272463281755e-07,4.042265971501668,0.010252555819331773,12.0,3.0,0.0,0.0,0.0,0.0,1.0
151,0.3749999962500001,0.7499999925000002,-0.0009897129943591677,0.0,2.296875,0.2109375,-0.2109375,1.977342416997999,0.5136141426129532,7.368272463281755e-07,4.127430104547077,0.010188701484973231,12.0,3.0,0.0,0.0,0.0,0.0,1.0
152,0.3749999962500001,0.7499999925000002,-0.002241207792275052,0.0,2.2890625,0.40625,-0.40625,1.9541648749727756,0.49274840191286373,7.368272463281755e-07,4.208458648787604,0.010484270932566788,12.0,3.0,0.0,0.0,0.0,0.0,1.0
153,0.3749999962500001,0.7499999925000002,0.00021748063929021282,0.0,2.296875,0.125,-0.125,1.965126707975287,0.559278934517698,7.368272463281755e-07,4.3121629688474865,0.01073541497397754,12.0,3.0,0.0,0.0,0.0,0.0,1.0
154,0.3749999962500001,0.7499999925000002,-0.0011903862191395768,0.0,2.296875,0.2890625,-0.2890625,1.9738337919698097,0.5054163824431092,7.368272463281755e-07,4.383213447199927,0.01086597395543423,12.0,3.0,0.0,0.0,0.0,0.0,1.0
155,0.3749999962500001,0.7499999925000002,0.0009673550254907016,0.0,2.34375,0.09375,-0.09375,1.9937126669683494,0.6602633683973302,7.368272463281755e-07,4.342503931787279,0.01200006865999765,12.0,3.0,0.0,0.0,0.0,0.0,1.0
156,0.3749999962500001,0.7499999925000002,0.0008926049728585266,0.0,2.359375,0.1484375,-0.1484375,1.989320749999024,0.7361823228705946,7.368272463281755e-07,4.361325316958958,0.012601155115084516,12.0,3.0,0.0,0.0,0.0,0.0,1.0
157,0.3749999962500001,0.7499999925000002,0.0015828404062662635,0.0,2.359375,0.125,-0.125,2.005465624970384,0.5680114869614261,7.368272463281755e-07,4.382278369532691,0.012749469606205821,12.0,3.0,0.0,0.0,0.0,0.0,1.0
158,0.3749999962500001,0.7499999925000002,0.002886790342842114,0.0,2.3125,0.2578125,-0.2578125,1.9525520839961246,0.6239037387217773,7.368272463281755e-07,4.410865167776744,0.012891902898748716,12.0,3.0,0.0,0.0,0.0,0.0,1.0
159,0.3749999962500001,0.7499999925000002,-0.005012919087880992,0.0,2.2265625,0.421875,-0.421875,1.8889486250118352,0.21076351841748284,7.368272463281755e-07,4.441101789474487,0.013072342560109165,12.0,3.0,0.0,0.0,0.0,0.0,1.0
160,0.3749999962500001,0.7499999925000002,0.0011467690678765665,0.0,2.3046875,0.2265625,-0.2265625,1.9552344999974594,0.3179846132047853,7.368272463281755e-07,4.474932670593262,0.013229811667568155,12.0,3.0,0.0,0.0,0.0,0.0,1.0
161,0.3749999962500001,0.7499999925000002,0.0015959010109361572,0.0,2.375,0.0625,-0.0625,2.018728875031229,0.5541117780774488,7.368272463281755e-07,4.529750049114227,0.012398796207788918,12.0,3.0,0.0,0.0,0.0,0.0,1.0
162,0.3749999962500001,0.7499999925000002,-0.0045108163284000285,0.0,2.296875,0.296875,-0.296875,1.9578722500009462,0.163318361206373,7.368272463281755e-07,4.608807464440663,0.012015438561017314,12.0,3.0,0.0,0.0,0.0,0.0,1.0
163,0.3749999962500001,0.7499999925000002,5.537581752859996e-05,0.0,2.2890625,0.21875,-0.21875,1.954753374971915,0.20817742952218743,7.368272463281755e-07,4.681604557567173,0.012164164619106386,12.0,3.0,0.0,0.0,0.0,0.0,1.0
164,0.3749999962500001,0.7499999925000002,-0.0005760828485357576,0.0,2.328125,0.25,-0.25,1.9837127909995615,0.32798129532036163,7.368272463281755e-07,4.737711383236779,0.012300509286837446,12.0,3.0,0.0,0.0,0.0,0.0,1.0
165,0.3749999962500001,0.7499999925000002,-0.0023472516982286015,0.0,2.3203125,0.1796875,-0.1796875,1.983235708961729,0.35088743978126685,7.368272463281755e-07,4.764076544178857,0.012434115400537848,12.0,3.0,0.0,0.0,0.0,0.0,1.0
166,0.4158610207429475,0.831722041485895,0.0007472953506224141,0.0,2.2734375,0.265625,-0.265625,1.940907416981645,0.15869728485410362,7.368272463281755e-07,4.6901975936359825,0.013583482191380527,12.0,3.0,0.0,0.0,0.0,0.0,1.0
167,0.4164447833176286,0.8328895666352572,-0.000743896740067676,0.0,2.2265625,0.09375,-0.09375,1.8804856659844518,0.6679506589217405,7.368272463281755e-07,4.671039882633421,0.01412479314280467,12.0,3.0,0.0,0.0,0.0,0.0,1.0
168,0.41656139878462045,0.8331227975692409,0.0014224820365830333,0.0,2.1328125,0.140625,-0.140625,1.8060761660453863,0.5848055017613993,7.368272463281755e-07,4.670769936508602,0.014183930550643709,12.0,3.0,0.0,0.0,0.0,0.0,1.0
169,0.41657281406581215,0.8331456281316243,-0.004598439721556499,0.0,2.1875,0.234375,-0.234375,1.8696526249987073,0.26362168270695424,7.368272463281755e-07,4.6877645055452986,0.014272169070965093,12.0,3.0,0.0,0.0,0.0,0.0,1.0
170,0.4165604873845409,0.8331209747690818,-0.0016846869062699965,0.0,2.2265625,-0.0390625,0.0390625,1.8770384169765748,0.45035408127137966,7.368272463281755e-07,4.708207549320327,0.014379520832638567,12.0,3.0,0.0,0.0,0.0,0.0,1.0
171,0.41655076069799357,0.8331015213959871,-9.771993063214907e-05,0.0,2.109375,0.140625,-0.140625,1.7920264169806615,0.9994162881815875,7.368272463281755e-07,4.725710555911064,0.014506314793834463,12.0,3.0,0.0,0.0,0.0,0.0,1.0
172,0.41653933280142597,0.8330786656028519,0.003409899133016113,0.0,2.140625,0.2265625,-0.2265625,1.8165686250431463,0.6362339696459418,7.368272463281755e-07,4.757525376147694,0.013532960451104574,12.0,3.0,0.0,0.0,0.0,0.0,1.0
173,0.4165329633924388,0.8330659267848776,-0.0036405845453324026,0.0,2.171875,0.140625,-0.140625,1.846729208016768,0.12836000185942265,7.368272463281755e-07,4.820075779325432,0.013204293661854334,12.0,3.0,0.0,0.0,0.0,0.0,1.0
174,0.4165267959211981,0.8330535918423962,-0.003319563945956291,0.0,2.1015625,0.3203125,-0.3203125,1.7755983340321109,0.5236430704406702,7.368272463281755e-07,4.885516296658251,0.013325154584082257,12.0,3.0,0.0,0.0,0.0,0.0,1.0
175,0.41651363207616493,0.8330272641523299,-0.0008666055683152419,0.0,2.203125,0.0234375,-0.0234375,1.8709984170272946,0.48335843844709137,7.368272463281755e-07,4.9395105172362594,0.013456924074691616,12.0,3.0,0.0,0.0,0.0,0.0,1.0
176,0.4164250569316051,0.8328501138632102,-0.0005306341747052138,0.0,2.109375,0.2421875,-0.2421875,1.85097541596042,0.22496990552172064,7.368272463281755e-07,4.9830833122962055,0.013577552140405815,12.0,3.0,0.0,0.0,0.0,0.0,1.0
177,0.4161845543179285,0.832369108635857,0.000368554263931542,0.0,2.109375,0.3671875,-0.3671875,1.8189104999764822,0.06640675340744633,7.368272463281755e-07,4.905157465073797,0.014770111541212019,12.0,3.0,0.0,0.0,0.0,0.0,1.0
178,0.4132895561193897,0.8265791122387794,0.004386746517674304,0.0,2.171875,-0.0234375,0.0234375,1.8418582919985056,-0.023496235935218473,7.368272463281755e-07,4.892130419611931,0.015385571023216471,12.0,3.0,0.0,0.0,0.0,0.0,1.0
179,0.3749999962500001,0.7499999925000002,-0.005920665917810994,0.0,2.1796875,0.0546875,-0.0546875,1.8527054579462856,0.2934849681299327,7.368272463281755e-07,4.909633016420735,0.015508069520971427,12.0,3.0,0.0,0.0,0.0,0.0,1.0
180,0.3749999962500001,0.7499999925000002,-0.003814300187236263,0.0,2.34375,0.15625,-0.15625,1.9811625420115888,-0.4767746148630977,7.368272463281755e-07,4.9337428700592785,0.015662774433925126,12.0,3.0,0.0,0.0,0.0,0.0,1.0
181,0.3749999962500001,0.7499999925000002,-0.0019679992118432706,0.0,2.3046875,0.28125,-0.28125,1.9836303750053048,-0.4866625760350439,7.368272463281755e-07,4.958421930877699,0.015778498879323404,12.0,3.0,0.0,0.0,0.0,0.0,1.0
182,0.3749999962500001,0.7499999925000002,-0.004603109732337729,0.0,2.3671875,0.078125,-0.078125,2.048051875026431,-0.833431829630763,7.368272463281755e-07,4.984396818818317,0.015918081749178883,12.0,3.0,0.0,0.0,0.0,0.0,1.0
183,0.3749999962500001,0.7499999925000002,-0.0035179280871879973,0.0,2.2890625,0.2421875,-0.2421875,1.9773493750253692,-1.0982075542936247,7.368272463281755e-07,5.026630758825275,0.014783525942928262,12.0,3.0,0.0,0.0,0.0,0.0,1.0
184,0.3749999962500001,0.7499999925000002,0.0004383815051687421,0.0,2.3828125,0.1171875,-0.1171875,2.022258250042796,-0.9761891684876602,7.368272463281755e-07,5.088329658326176,0.014516719442326576,12.0,3.0,0.0,0.0,0.0,0.0,1.0
185,0.3749999962500001,0.7499999925000002,-0.005087873942369122,0.0,2.2734375,0.3984375,-0.3984375,1.9568415830144659,-1.8419250533804041,7.368272463281755e-07,5.15594713927971,0.014627501581950733,12.0,3.0,0.0,0.0,0.0,0.0,1.0
186,0.3749999962500001,0.7499999925000002,0.0019114845283989134,0.0,2.328125,0.25,-0.25,1.9648546249954961,-1.4110163314668025,7.368272463281755e-07,5.211775183263752,0.01476458062340195,12.0,3.0,0.0,0.0,0.0,0.0,1.0
187,0.3749999962500001,0.7499999925000002,0.003502615087576584,0.0,2.328125,0.1796875,-0.1796875,1.9941581250168383,-1.9854215255886905,7.368272463281755e-07,5.2430322832531395,0.014897643645074114,12.0,3.0,0.0,0.0,0.0,0.0,1.0
188,0.3749999962500001,0.7499999925000002,0.00294376419119204,0.0,2.3828125,0.2265625,-0.2265625,2.0185461250366643,-1.9342208249503976,7.368272463281755e-07,5.18075329479244,0.0158300261480488,12.0,3.0,0.0,0.0,0.0,0.0,1.0
189,0.41666666250000006,0.8333333250000001,0.0018284565184460131,0.0,2.2734375,0.203125,-0.203125,1.944803167018108,-1.9799078231421579,7.368272463281755e-07,5.154381756981214,0.016834295804932883,12.0,3.0,0.0,0.0,0.0,0.0,1.0
190,0.41666666250000006,0.8333333250000001,-0.001426781906437359,0.0,2.1875,0.2109375,-0.2109375,1.8644497079658322,-1.7845332327614805,7.368272463281755e-07,5.16038203984499,0.016972403342101136,12.0,3.0,0.0,0.0,0.0,0.0,1.0
191,0.41666666250000006,0.8333333250000001,0.0002527949858446936,0.0,2.140625,-0.03125,0.03125,1.8374953329912387,-0.28480521939613307,7.368272463281755e-07,5.182587426569727,0.0171031992985162,12.0,3.0,0.0,0.0,0.0,0.0,1.0
192,0.41666666250000006,0.8333333250000001,0.0008038974522787267,0.0,2.1875,0.21875,-0.21875,1.8596634169807658,-0.8892609973038946,7.368272463281755e-07,5.2081041516115265,0.01724125626464633,12.0,3.0,0.0,0.0,0.0,0.0,1.0
193,0.41666666250000006,0.8333333250000001,-0.0011654580393069827,0.0,2.1875,0.1015625,-0.1015625,1.8732053749845363,-1.2325508311113351,7.368272463281755e-07,5.239136170595884,0.016289811456873495,12.0,3.0,0.0,0.0,0.0,0.0,1.0
194,0.41666666250000006,0.8333333250000001,0.0018707401628639227,0.0,2.1953125,0.0546875,-0.0546875,1.8574721250333823,-2.225590154426081,7.368272463281755e-07,5.315357409831551,0.015776786849730544,12.0,3.0,0.0,0.0,0.0,0.0,1.0
195,0.41666666250000006,0.8333333250000001,0.0018513145019477362,0.0,2.0859375,0.3515625,-0.3515625,1.778937000024598,-1.3771038864773397,7.368272463281755e-07,5.395789414644241,0.01590870898669689,12.0,3.0,0.0,0.0,0.0,0.0,1.0
196,0.41649164212933054,0.8329832842586611,-0.004300574413946746,0.0,2.140625,0.234375,-0.234375,1.82552625000244,-1.1237245727581373,7.368272463281755e-07,5.446382701396942,0.016051212623198,12.0,3.0,0.0,0.0,0.0,0.0,1.0
197,0.41666666250000006,0.8333333250000001,-0.0011134604978780564,0.0,2.1953125,0.0859375,-0.0859375,1.8670737500069663,-2.2536980757757488,7.368272463281755e-07,5.471356560786565,0.016186386230401695,12.0,3.0,0.0,0.0,0.0,0.0,1.0
198,0.41666666250000006,0.8333333250000001,0.0006550006595957905,0.0,2.1640625,0.0,0.0,1.8234342079958878,-1.5674543546540618,7.368272463281755e-07,5.381349252329932,0.017627249245480116,12.0,3.0,0.0,0.0,0.0,0.0,1.0
199,0.41666666250000006,0.8333333250000001,0.0017176889132112833,0.0,2.21875,-0.046875,0.046875,1.890271166979801,-2.1005701391914156,7.368272463281755e-07,5.37780376109812,0.01822823056459634,12.0,3.0,0.0,0.0,0.0,0.0,1.0
200,0.41666666250000006,0.8333333250000001,-0.0013554857696120581,0.0,2.15625,0.1875,-0.1875,1.8258430419955403,-2.2295106540744505,7.368272463281755e-07,5.39441381726,0.018347499723960128,12.0,3.0,0.0,0.0,0.0,0.0,1.0
201,0.41666666250000006,0.8333333250000001,0.002700275040893149,0.0,2.109375,0.25,-0.25,1.7903461250243708,-1.542533909322487,7.368272463281755e-07,5.420038118958473,0.018474536346426856,12.0,3.0,0.0,0.0,0.0,0.0,1.0
202,0.3749999962500001,0.7499999925000002,-0.0005839707180268133,0.0,2.1875,0.1640625,-0.1640625,1.8636217080056667,-3.107883617860664,7.368272463281755e-07,5.448199030425814,0.0186152117094025,12.0,3.0,0.0,0.0,0.0,0.0,1.0
203,0.3749999962500001,0.7499999925000002,-0.0013587506719076117,0.0,2.2890625,0.1953125,-0.1953125,1.9800457090022974,-4.814896064094246,7.368272463281755e-07,5.472895291116503,0.01752452076309257,12.0,3.0,0.0,0.0,0.0,0.0,1.0
204,0.3749999962500001,0.7499999925000002,-0.0024082079650061382,0.0,2.28125,0.2421875,-0.2421875,1.9581331249792129,-5.802005213381769,7.368272463281755e-07,5.546967386371559,0.01696662596529879,12.0,3.0,0.0,0.0,0.0,0.0,1.0
205,0.3749999962500001,0.7499999925000002,-0.004536377612259395,0.0,2.3203125,0.1171875,-0.1171875,1.9671510410262272,-5.459403323467444,7.368272463281755e-07,5.60678745392296,0.017024240087872993,12.0,3.0,0.0,0.0,0.0,0.0,1.0
206,0.3749999962500001,0.7499999925000002,-0.006348519716310872,0.0,2.328125,0.1640625,-0.1640625,1.9772985829622485,-5.45648987561952,7.368272463281755e-07,5.6662855131758585,0.017114794256889984,12.0,3.0,0.0,0.0,0.0,0.0,1.0
207,0.3749999962500001,0.7499999925000002,-0.0018265077751101007,0.0,2.3203125,0.1328125,-0.1328125,2.046559582988266,-6.958732761795121,7.368272463281755e-07,5.692674545778169,0.01721949244125022,12.0,3.0,0.0,0.0,0.0,0.0,1.0
208,0.3749999962500001,0.7499999925000002,-0.0072887464153710505,0.0,2.3515625,-0.078125,0.078125,2.0126830409863032,-5.228175409992173,7.368272463281755e-07,5.589000047081047,0.018646119117167674,12.0,3.0,0.0,0.0,0.0,0.0,1.0
209,0.3749999962500001,0.7499999925000002,-0.005387508247879444,0.0,2.234375,0.15625,-0.15625,1.8923928330186754,-6.251918268787278,7.368272463281755e-07,5.5717665528257685,0.01932932424824685,12.0,3.0,0.0,0.0,0.0,0.0,1.0
210,0.3749999962500001,0.7499999925000002,-0.007491316270577665,0.0,2.2734375,-0.0234375,0.0234375,1.9437243749853224,-5.736582767781625,7.368272463281755e-07,5.589131951332092,0.01950722524068422,12.0,3.0,0.0,0.0,0.0,0.0,1.0
211,0.41666666250000006,0.8333333250000001,-0.005927303100433982,0.0,2.234375,0.1640625,-0.1640625,1.9102661249926314,-6.384965176970887,7.368272463281755e-07,5.611600325339371,0.0196607981601523,12.0,3.0,0.0,0.0,0.0,0.0,1.0
212,0.41666666250000006,0.8333333250000001,-0.008280562585912988,0.0,2.1484375,0.1953125,-0.1953125,1.852879457990639,-4.330582884973423,7.368272463281755e-07,5.632590883514947,0.019820446863175474,12.0,3.0,0.0,0.0,0.0,0.0,1.0
213,0.41666666250000006,0.8333333250000001,0.0026249910265631637,0.0,2.171875,0.2421875,-0.2421875,1.863091166014783,-5.152547898990431,7.368272463281755e-07,5.640129623313745,0.01856273192162108,12.0,3.0,0.0,0.0,0.0,0.0,1.0
214,0.4076137598989772,0.8152275197979544,-0.0030005364712854987,0.0,2.140625,0.234375,-0.234375,1.9118992089643143,-6.973920987150802,7.368272463281755e-07,5.712024634083112,0.018304800097313192,12.0,3.0,0.0,0.0,0.0,0.0,1.0
215,0.37700931291253736,0.7540186258250747,-0.00948631817927373,0.0,2.140625,0.265625,-0.265625,1.8254859169828705,-7.092375218127277,7.368272463281755e-07,5.77970124532779,0.018453103309083316,12.0,3.0,0.0,0.0,0.0,0.0,1.0
216,0.331697986060399,0.663395972120798,-0.003056338881039072,0.0,2.2421875,0.1953125,-0.1953125,1.9065164999919944,-7.444010981842097,7.368272463281755e-07,5.811623011198309,0.01847189723048359,12.0,3.0,0.0,0.0,0.0,0.0,1.0
217,0.3174924968988896,0.6349849937977792,-0.0050454625482090594,0.0,2.1328125,0.140625,-0.140625,1.8344728329684585,-5.410460303554605,7.368272463281755e-07,5.79345846010579,0.01819891404334663,12.0,3.0,0.0,0.0,0.0,0.0,1.0
218,0.3135877317648495,0.627175463529699,-0.007030903599556537,0.0,2.109375,0.265625,-0.265625,1.7992504159919918,-4.3669068326138785,7.368272463281755e-07,5.761226151552465,0.017857615633854747,12.0,3.0,0.0,0.0,0.0,0.0,1.0
219,0.32086824539711345,0.6417364907942269,-0.0030541664984436194,0.0,2.0859375,0.1640625,-0.1640625,1.78544841700932,-3.027272106266898,7.368272463281755e-07,5.6046787111295595,0.018518193131765455,12.0,3.0,0.0,0.0,0.0,0.0,1.0
220,0.3446504691957897,0.6893009383915794,-0.001965712722688908,0.0,2.078125,0.3046875,-0.3046875,1.842519958037883,-3.7943833788219643,7.368272463281755e-07,5.555782969627115,0.01935496302353891,12.0,3.0,0.0,0.0,0.0,0.0,1.0
221,0.3432871302586305,0.686574260517261,-0.0029408560286713547,0.0,2.0390625,0.078125,-0.078125,1.7333522910485044,0.4839412218809014,7.368272463281755e-07,5.526987642877632,0.019388319639902975,12.0,3.0,0.0,0.0,0.0,0.0,1.0
222,0.3423914691720784,0.6847829383441568,0.0004232408064776706,0.0,2.015625,0.125,-0.125,1.709163499996066,0.27937231704145093,7.368272463281755e-07,5.540987988313039,0.01953093076331748,12.0,3.0,0.0,0.0,0.0,0.0,1.0
223,0.34189865389262114,0.6837973077852423,-0.006556950969099499,0.0,2.0234375,0.15625,-0.15625,1.7618308330420405,-2.1291451389904936,7.368272463281755e-07,5.542756039235327,0.018357683380600065,12.0,3.0,0.0,0.0,0.0,0.0,1.0
224,0.3413880720582556,0.6827761441165112,-0.0031605810427555643,0.0,2.0234375,0.171875,-0.171875,1.7160812920192257,-2.9474298529880674,7.368272463281755e-07,5.602771614988645,0.01798557506279192,12.0,3.0,0.0,0.0,0.0,0.0,1.0
225,0.3412172951121258,0.6824345902242516,-0.002481993973800773,0.0,2.015625,0.125,-0.125,1.7081917080213316,-2.9799830261545703,7.368272463281755e-07,5.672424877683322,0.01815594766392476,12.0,3.0,0.0,0.0,0.0,0.0,1.0
226,0.2994906769424195,0.598981353884839,-0.012877008678223079,0.0,2.015625,0.0,0.0,1.701085208042059,0.8811985225517793,7.368272463281755e-07,5.732573060525788,0.01834397463567762,12.0,3.0,0.0,0.0,0.0,0.0,1.0
227,0.2996100409578546,0.5992200819157092,-0.005261293265221268,0.0,2.140625,-0.0625,0.0625,1.8321542920311913,-3.3927105702731732,7.368272463281755e-07,5.792451081176599,0.018618356766334426,12.0,3.0,0.0,0.0,0.0,0.0,1.0
228,0.2998445047201861,0.5996890094403722,-0.009976213103194197,0.0,2.2265625,0.1796875,-0.1796875,1.8884844590211287,-3.8235347713262104,7.368272463281755e-07,5.836826059553358,0.018855554004807748,12.0,3.0,0.0,0.0,0.0,0.0,1.0
229,0.3001518572234655,0.600303714446931,-0.005458403140533711,0.0,2.2109375,0.1640625,-0.1640625,1.8713864160235971,-3.7977121678187573,7.368272463281755e-07,5.756588244189818,0.020415418348016426,12.0,3.0,0.0,0.0,0.0,0.0,1.0
230,0.3006785118843356,0.6013570237686712,-0.0021122078000778816,0.0,2.15625,0.21875,-0.21875,1.8249226250336505,-2.7730992041541724,7.368272463281755e-07,5.766371568457948,0.021092785787509963,12.0,3.0,0.0,0.0,0.0,0.0,1.0
231,0.3012387866947698,0.6024775733895396,-0.008643482684700297,0.0,2.15625,0.25,-0.25,1.8478878749883734,-5.817588759542349,7.368272463281755e-07,5.80145286127097,0.021337996925770614,12.0,3.0,0.0,0.0,0.0,0.0,1.0
232,0.3435996584874995,0.687199316974999,-0.006255814506791354,0.0,2.1640625,0.0234375,-0.0234375,1.846209249983076,-3.683131988755417,7.368272463281755e-07,5.840855262759659,0.02161794299738378,12.0,3.0,0.0,0.0,0.0,0.0,1.0
233,0.34491454969575963,0.6898290993915193,-0.00579597673013696,0.0,2.03125,0.2265625,-0.2265625,1.7329242499545217,-1.958963936904911,7.368272463281755e-07,5.832992435329491,0.020572819012159016,12.0,3.0,0.0,0.0,0.0,0.0,1.0
234,0.3469120303115031,0.6938240606230062,-0.004232055787450762,0.0,2.0234375,0.1796875,-0.1796875,1.7380618340102956,-3.681810647268999,7.368272463281755e-07,5.865715561331147,0.02005779849787359,12.0,3.0,0.0,0.0,0.0,0.0,1.0
235,0.34860963938557504,0.6972192787711501,-0.005755156148403397,0.0,2.03125,0.3359375,-0.3359375,1.7442450000089593,-4.839477639129528,7.368272463281755e-07,5.911395339812669,0.020261283555176608,12.0,3.0,0.0,0.0,0.0,0.0,1.0
236,0.3501659053241657,0.7003318106483314,-0.005852948506921335,0.0,2.046875,0.265625,-0.265625,1.7336569160106592,-2.4129285735499386,7.368272463281755e-07,5.959718360462123,0.020498179680544126,12.0,3.0,0.0,0.0,0.0,0.0,1.0
237,0.35131121982239916,0.7026224396447983,-0.00505819497522361,0.0,2.03125,0.109375,-0.109375,1.7345428750268184,-3.499547671700398,7.368272463281755e-07,5.992923531370859,0.02070273955663045,12.0,3.0,0.0,0.0,0.0,0.0,1.0
238,0.3525287801149346,0.7050575602298692,-0.004326196698663027,0.0,2.03125,0.328125,-0.328125,1.7213053749874234,-6.167239156088685,7.368272463281755e-07,6.00023939119031,0.02091345597162015,12.0,3.0,0.0,0.0,0.0,0.0,1.0
239,0.31230815194273953,0.6246163038854791,0.0013740547600679433,0.0,2.0390625,0.2421875,-0.2421875,1.7201952500035986,-5.490618499081539,7.368272463281755e-07,5.881336636272156,0.022430064611803066,12.0,3.0,0.0,0.0,0.0,0.0,1.0
240,0.31337398129849137,0.6267479625969827,0.0011370569650120867,0.0,2.109375,0.1953125,-0.1953125,1.8482576250098646,-7.334876400306476,7.368272463281755e-07,5.854855667799711,0.023453280397006893,12.0,3.0,0.0,0.0,0.0,0.0,1.0
241,0.3151289693692242,0.6302579387384484,-0.004793068490504365,0.0,2.171875,0.140625,-0.140625,1.8970901250140741,-6.710058492705521,7.368272463281755e-07,5.869813683494511,0.023780595927746617,12.0,3.0,0.0,0.0,0.0,0.0,1.0
242,0.3165527113897165,0.633105422779433,-0.0033414284672706154,0.0,2.2109375,0.171875,-0.171875,1.88378258299781,-10.595350057077544,7.368272463281755e-07,5.896249433151549,0.02407935970829082,12.0,3.0,0.0,0.0,0.0,0.0,1.0
243,0.3171969470082636,0.6343938940165272,-0.011902240677564822,0.0,2.2265625,0.1640625,-0.1640625,1.8906388750183396,-10.999256354041414,7.368272463281755e-07,5.878549320157617,0.022899119273966387,12.0,3.0,0.0,0.0,0.0,0.0,1.0
244,0.3171497068977571,0.6342994137955142,-0.007846901274145253,0.0,2.2265625,0.046875,-0.046875,1.884674625005573,-11.33079294137771,7.368272463281755e-07,5.90613191968037,0.022529113114109753,12.0,3.0,0.0,0.0,0.0,0.0,1.0
245,0.31666968520440286,0.6333393704088057,-0.0016240527681729445,0.0,2.15625,0.078125,-0.078125,1.8637061670306139,-11.96408436007661,7.368272463281755e-07,5.9587589496125775,0.02271254314352215,12.0,3.0,0.0,0.0,0.0,0.0,1.0
246,0.35744675909156765,0.7148935181831353,-0.016679855882722767,0.0,2.1484375,0.1875,-0.1875,1.8383183749974705,-12.553305942049588,7.368272463281755e-07,6.007538182557457,0.022915021211600915,12.0,3.0,0.0,0.0,0.0,0.0,1.0
247,0.3561566598865855,0.712313319773171,-0.005623522714820217,0.0,2.03125,0.109375,-0.109375,1.7295229170122184,-11.36340730381243,7.368272463281755e-07,6.031982464120826,0.02308382395292736,12.0,3.0,0.0,0.0,0.0,0.0,1.0
248,0.3543087530406243,0.7086175060812486,-0.008522249666290596,0.0,2.046875,0.3203125,-0.3203125,1.7370731250266545,-13.217448049489292,7.368272463281755e-07,6.031019311605228,0.023233634358297825,12.0,3.0,0.0,0.0,0.0,0.0,1.0
249,0.35269467650613834,0.7053893530122767,-0.011541541455060395,0.0,2.0234375,0.28125,-0.28125,1.7087478330358863,-8.177290021905291,7.368272463281755e-07,5.900302092130813,0.025060835451262795,12.0,3.0,0.0,0.0,0.0,0.0,1.0
250,0.35109655353557606,0.7021931070711521,-0.00415546865842799,0.0,2.0234375,0.265625,-0.265625,1.7135532079846598,-10.837879045263227,7.368272463281755e-07,5.883446148700184,0.02561088867757159,12.0,3.0,0.0,0.0,0.0,0.0,1.0
251,0.35016509232104,0.70033018464208,-0.0014123682604809185,0.0,2.0234375,0.15625,-0.15625,1.7425163330044597,-6.9210045060311876,7.368272463281755e-07,5.900870885286066,0.025795801733491115,12.0,3.0,0.0,0.0,0.0,0.0,1.0
252,0.34920176598482056,0.6984035319696411,-0.010049565556500589,0.0,2.015625,0.2890625,-0.2890625,1.729640792007558,-13.415976373328965,7.368272463281755e-07,5.893470622599125,0.024504074952953186,12.0,3.0,0.0,0.0,0.0,0.0,1.0
253,0.3481870237159168,0.6963740474318336,-0.0078005753131489474,0.0,2.0234375,0.0625,-0.0625,1.7316077499999665,-10.651492311503256,7.368272463281755e-07,5.929874229348368,0.02402046523962377,12.0,3.0,0.0,0.0,0.0,0.0,1.0
254,0.3475390471463573,0.6950780942927146,-0.007224513705472707,0.0,2.03125,0.0625,-0.0625,1.7335624999832362,-9.506213433606227,7.368272463281755e-07,5.9695255768795805,0.024159727365865063,12.0,3.0,0.0,0.0,0.0,0.0,1.0
255,0.30535892360783246,0.6107178472156649,-0.0042295303242276,0.0,2.0390625,0.1171875,-0.1171875,1.720847041986417,-8.295810556235024,7.368272463281755e-07,6.008375420338577,0.024319867700493585,12.0,3.0,0.0,0.0,0.0,0.0,1.0
256,0.3048826531361236,0.6097653062722472,-0.0015180176086530956,0.0,2.3125,0.40625,-0.40625,1.9591281249886379,6.811168985098374,7.368272463281755e-07,6.353001330047846,0.015523670255127152,12.0,1.0,0.0,0.0,0.0,0.0,1.0
257,0.30459858795963163,0.6091971759192633,-0.007005312688466853,0.0,2.3671875,0.375,-0.375,2.017768750025425,2.981927344580903,7.368272463281755e-07,6.547080529481173,0.013644705881597474,12.0,2.0,0.0,0.0,0.0,0.0,1.0
258,0.30442138268302976,0.6088427653660595,-0.01006837516010147,0.0,2.34375,0.015625,-0.015625,1.9654866659548134,1.6228772323819187,7.368272463281755e-07,6.721176905184985,0.01490917103656102,12.0,2.0,0.0,0.0,0.0,0.0,1.0
259,0.3042653394168675,0.608530678833735,-0.0029753372889895985,0.0,2.3984375,0.2734375,-0.2734375,2.044158625009004,2.432600713918344,7.368272463281755e-07,6.795333350263536,0.015110644810192753,12.0,2.0,0.0,0.0,0.0,0.0,1.0
260,0.30423803106009417,0.6084760621201883,-0.004538342771006889,0.0,2.3359375,0.2578125,-0.2578125,1.9650470000342466,8.215082938974078,7.368272463281755e-07,6.813543671183288,0.01530964927696914,12.0,2.0,0.0,0.0,0.0,0.0,1.0
261,0.30429766086476395,0.6085953217295279,-0.014308416997870738,0.0,2.3671875,0.265625,-0.265625,2.016689000010956,5.382692715864965,7.368272463281755e-07,6.837886061146856,0.015560252352224779,12.0,2.0,0.0,0.0,0.0,0.0,1.0
262,0.30442131382785786,0.6088426276557157,-0.016938624331135844,0.0,2.28125,0.3203125,-0.3203125,1.9347425420419313,7.245865373883046,7.368272463281755e-07,6.861081868782639,0.01578547584590524,12.0,2.0,0.0,0.0,0.0,0.0,1.0
263,0.34631028058436436,0.6926205611687287,-0.0036820996387720113,0.0,2.2890625,0.3203125,-0.3203125,2.007127916032914,7.3129797387961855,7.368272463281755e-07,6.882086404785514,0.015998198033776133,12.0,2.0,0.0,0.0,0.0,0.0,1.0
264,0.3465280413270635,0.693056082654127,-0.008521536654374367,0.0,2.1953125,0.21875,-0.21875,1.8582864159834571,10.32862702601019,7.368272463281755e-07,6.91600415930152,0.01604608158349947,12.0,2.0,0.0,0.0,0.0,0.0,1.0
265,0.3469122704440576,0.6938245408881152,-0.012472152923231838,0.0,2.1640625,0.265625,-0.265625,1.8520384159637615,5.130758089820787,7.368272463281755e-07,6.9328168394044045,0.016281782674923306,12.0,2.0,0.0,0.0,0.0,0.0,1.0
266,0.347431948079404,0.694863896158808,-0.010012962041716594,0.0,2.1484375,0.3125,-0.3125,1.823966666997876,-2.1151421128940076,7.368272463281755e-07,6.918751538646492,0.0178586260960649,12.0,1.0,0.0,0.0,0.0,0.0,1.0
267,0.34780037957961474,0.6956007591592295,-0.0005001862054838073,0.0,2.015625,0.1953125,-0.1953125,1.7090019580209628,-5.206803521229849,7.368272463281755e-07,6.235115742517842,0.026428578353564564,12.0,3.0,0.0,0.0,0.0,0.0,1.0
268,0.3484470204848245,0.696894040969649,-0.011427726769433998,0.0,2.0390625,0.2265625,-0.2265625,1.729003583022859,-5.974996805987883,7.368272463281755e-07,6.257073442555136,0.026505171622072037,12.0,3.0,0.0,0.0,0.0,0.0,1.0
269,0.3489358809620879,0.6978717619241758,-0.006134163390558205,0.0,2.015625,0.46875,-0.46875,1.7043547499924898,-7.0061911370175665,7.368272463281755e-07,6.283146552741528,0.026655223055665072,12.0,3.0,0.0,0.0,0.0,0.0,1.0
270,0.33734579763022987,0.6746915952604597,-0.01194199964916164,0.0,2.015625,0.2265625,-0.2265625,1.7069887910038233,-6.020486870192042,7.368272463281755e-07,6.288947124448088,0.02678075800779172,12.0,3.0,0.0,0.0,0.0,0.0,1.0
271,0.3083649144242695,0.616729828848539,-0.011399387762236257,0.0,2.0546875,0.234375,-0.234375,1.733865375048481,-6.013467454500781,7.368272463281755e-07,6.30067787402206,0.026963613552248314,12.0,3.0,0.0,0.0,0.0,0.0,1.0
272,0.3089154324598278,0.6178308649196556,-0.002872386088299531,0.0,2.2265625,0.125,-0.125,1.882098458998371,-5.203986831165575,7.368272463281755e-07,6.320608724322584,0.02742154191825345,12.0,3.0,0.0,0.0,0.0,0.0,1.0
273,0.309293088207379,0.618586176414758,-0.009591379722093759,0.0,2.1953125,0.1640625,-0.1640625,1.9426660419558175,-6.3495266451205525,7.368272463281755e-07,6.3431538579364615,0.027758291476250935,12.0,3.0,0.0,0.0,0.0,0.0,1.0
274,0.30971423133318676,0.6194284626663735,-0.006986482505599511,0.0,2.25,0.0,0.0,1.9578275419771671,-4.206040851421376,7.368272463281755e-07,6.952838511629538,0.01971804510421035,12.0,1.0,0.0,0.0,0.0,0.0,1.0
275,0.3100524924245034,0.6201049848490068,-0.007198853094490058,0.0,2.3203125,-0.0546875,0.0546875,1.9776976249995641,-4.223779129207069,7.368272463281755e-07,6.9194413802840495,0.020549980489621787,12.0,1.0,0.0,0.0,0.0,0.0,1.0
276,0.3104176124796001,0.6208352249592002,-0.005018830001763692,0.0,2.328125,0.234375,-0.234375,1.9702268750406802,-3.6049799317311213,7.368272463281755e-07,6.889937766573646,0.021519573384218595,12.0,1.0,0.0,0.0,0.0,0.0,1.0
277,0.3107785769057586,0.6215571538115172,-0.00906835784124612,0.0,2.328125,0.296875,-0.296875,1.9846763749956153,-3.55326755091137,7.368272463281755e-07,6.890712708234787,0.022544492877469482,12.0,1.0,0.0,0.0,0.0,0.0,1.0
278,0.31114832134461146,0.6222966426892229,-0.011906822247807949,0.0,2.3125,0.2734375,-0.2734375,1.9608453330001794,-4.027771947760443,7.368272463281755e-07,6.889879077672958,0.022811867730607362,12.0,1.0,0.0,0.0,0.0,0.0,1.0
279,0.3113527432047959,0.6227054864095918,-0.014611366116501672,0.0,2.1953125,0.0625,-0.0625,1.8470095410011709,-3.509356423562489,7.368272463281755e-07,6.893825455145403,0.022718062194723065,12.0,1.0,0.0,0.0,0.0,0.0,1.0
280,0.311409692305467,0.622819384610934,-0.0043895947665661345,0.0,2.265625,0.0546875,-0.0546875,1.9181004999554716,-3.103759783603078,7.368272463281755e-07,6.906959528272802,0.022337423741357106,12.0,1.0,0.0,0.0,0.0,0.0,1.0
281,0.31135715070623726,0.6227143014124745,-0.006060133000793745,0.0,2.25,0.140625,-0.140625,1.9310460420092568,-2.7996767092295705,7.368272463281755e-07,6.925954783504659,0.021766124344801276,12.0,1.0,0.0,0.0,0.0,0.0,1.0
282,0.3528938410042359,0.7057876820084718,-0.0021045744426048023,0.0,2.1953125,0.265625,-0.265625,1.868800416996237,-3.695058713829164,7.368272463281755e-07,6.942727442492139,0.02143653323318259,12.0,1.0,0.0,0.0,0.0,0.0,1.0
283,0.3526835117586799,0.7053670235173598,-0.005483580733217522,0.0,2.171875,0.03125,-0.03125,1.8336922089802101,-6.220163829927835,7.368272463281755e-07,6.955987070094455,0.02136792745890985,12.0,1.0,0.0,0.0,0.0,0.0,1.0
284,0.3502789189835818,0.7005578379671636,0.0015602970128564568,0.0,2.125,0.2109375,-0.2109375,1.8023564160102978,-5.321550370815898,7.368272463281755e-07,6.972880751571872,0.021482519175730307,12.0,1.0,0.0,0.0,0.0,0.0,1.0
285,0.34716278375452375,0.6943255675090475,-0.013227209807544934,0.0,2.125,0.109375,-0.109375,1.8095210830215365,-4.135837646498711,7.368272463281755e-07,6.987219618802721,0.021650614010551097,12.0,1.0,0.0,0.0,0.0,0.0,1.0
286,0.34587025687723727,0.6917405137544745,-0.0054099934016815605,0.0,2.1640625,0.3359375,-0.3359375,1.8280102499993518,-2.9843300111614512,7.368272463281755e-07,7.011837197975679,0.021820914100813257,12.0,1.0,0.0,0.0,0.0,0.0,1.0
287,0.3443507311025634,0.6887014622051268,-0.004517420766486013,0.0,2.1875,0.4296875,-0.4296875,1.8444200410158373,-4.476367607353521,7.368272463281755e-07,7.037190358747136,0.02199741361387582,12.0,1.0,0.0,0.0,0.0,0.0,1.0
288,0.3428948173649875,0.685789634729975,-0.007175464532988124,0.0,2.1640625,0.203125,-0.203125,1.841402249992825,-4.811118842450993,7.368272463281755e-07,7.058768057010391,0.022184198891574688,12.0,1.0,0.0,0.0,0.0,0.0,1.0
289,0.340825520948629,0.681651041897258,-0.015299404353016455,0.0,2.1640625,0.1953125,-0.1953125,1.8427572919754311,-4.887291505275503,7.368272463281755e-07,7.072526594454592,0.022383701712401075,12.0,1.0,0.0,0.0,0.0,0.0,1.0
290,0.33452112264712,0.66904224529424,-0.0026605416625594866,0.0,2.203125,0.2109375,-0.2109375,1.8732965829549357,-5.8347111417984605,7.368272463281755e-07,7.080366790294647,0.022634094014806164,12.0,1.0,0.0,0.0,0.0,0.0,1.0
291,0.3085396361783318,0.6170792723566636,-0.01173677681075434,0.0,2.171875,0.34375,-0.34375,1.836984166991897,-4.513898527542826,7.368272463281755e-07,7.087052771990949,0.022857520607596434,12.0,1.0,0.0,0.0,0.0,0.0,1.0
292,0.30825892844478,0.61651785688956,-0.0011820388753847702,0.0,2.296875,0.0234375,-0.0234375,1.9398537499946542,-5.590217855597805,7.368272463281755e-07,7.076868522234938,0.02331778059438379,12.0,1.0,0.0,0.0,0.0,0.0,1.0
293,0.30801497834887004,0.6160299566977401,-0.015450415740504974,0.0,2.1953125,0.3125,-0.3125,1.8812337080016732,-4.400820368852009,7.368272463281755e-07,7.08113436231559,0.023572526850991628,12.0,1.0,0.0,0.0,0.0,0.0,1.0
294,0.3078604276377097,0.6157208552754194,-0.00023417881080640588,0.0,2.109375,0.078125,-0.078125,1.799234957958106,-3.346098842194166,7.368272463281755e-07,7.087114884772084,0.02382872786521065,12.0,1.0,0.0,0.0,0.0,0.0,1.0
295,0.30779790410356933,0.6155958082071387,-0.016131804387868237,0.0,2.2578125,0.203125,-0.203125,1.9122031669830903,-5.625723742302282,7.368272463281755e-07,7.094474997032773,0.02399901940423826,12.0,1.0,0.0,0.0,0.0,0.0,1.0
296,0.3077805667050635,0.615561133410127,-0.006956452382387166,0.0,2.2578125,-0.015625,0.015625,1.9165704170009121,-4.050081025531505,7.368272463281755e-07,7.100968180732294,0.02422550955088809,12.0,1.0,0.0,0.0,0.0,0.0,1.0
297,0.3078054538731667,0.6156109077463334,-0.000982541827595341,0.0,2.390625,0.046875,-0.046875,2.0244966669706628,-4.706099129122533,7.368272463281755e-07,7.120960241014307,0.024591583811508663,12.0,1.0,0.0,0.0,0.0,0.0,1.0
298,0.30794884745342266,0.6158976949068453,-0.017548975972131484,0.0,2.2890625,0.2734375,-0.2734375,1.9497810419998132,-5.956834855042247,7.368272463281755e-07,7.13168882781809,0.02486677756744691,12.0,1.0,0.0,0.0,0.0,0.0,1.0
299,0.30813114491060956,0.6162622898212191,-0.0066276907970538165,0.0,2.3359375,0.1875,-0.1875,2.0336856250069104,-5.057116326406333,7.368272463281755e-07,7.14322569695386,0.02515009765259244,12.0,1.0,0.0,0.0,0.0,0.0,1.0
300,0.3083987867875534,0.6167975735751068,-0.00854740017491034,0.0,2.2578125,0.0546875,-0.0546875,1.9081962920026854,-4.614056721614987,7.368272463281755e-07,7.151414258913561,0.025384096312336624,12.0,1.0,0.0,0.0,0.0,0.0,1.0
301,0.30865032326539543,0.6173006465307909,-0.008128450492680794,0.0,2.3203125,0.25,-0.25,1.9913208750076592,-4.924429397575454,7.368272463281755e-07,7.159944599325007,0.02561067548495802,12.0,1.0,0.0,0.0,0.0,0.0,1.0
302,0.30895789383183736,0.6179157876636747,-0.013187577462160364,0.0,2.265625,0.265625,-0.265625,1.9368093330413103,-5.705182702662544,7.368272463281755e-07,7.164694932374087,0.02583612441296943,12.0,1.0,0.0,0.0,0.0,0.0,1.0
303,0.30941755092476275,0.6188351018495255,-0.004115107947623299,0.0,2.28125,0.2578125,-0.2578125,1.9372228339780122,-3.9465799357673097,7.368272463281755e-07,7.1698099212213,0.02605522941501642,12.0,1.0,0.0,0.0,0.0,0.0,1.0
304,0.30979208229820676,0.6195841645964135,-0.008494472960034017,0.0,2.3515625,0.3203125,-0.3203125,2.051064374973066,-7.229084785520045,7.368272463281755e-07,7.17492533271963,0.02629107110921971,12.0,1.0,0.0,0.0,0.0,0.0,1.0
305,0.3104308857179552,0.6208617714359104,-0.0008773486379663733,0.0,2.2578125,0.125,-0.125,1.9915565410046838,-8.31099635410581,7.368272463281755e-07,7.178998053073883,0.0265392025149512,12.0,1.0,0.0,0.0,0.0,0.0,1.0
306,0.31109642895017386,0.6221928579003477,-0.002435444738890219,0.0,2.2890625,0.3125,-0.3125,1.9656117080012336,-9.4192175555446,7.368272463281755e-07,7.182204414497722,0.026765251087702134,12.0,1.0,0.0,0.0,0.0,0.0,1.0
307,0.31166054117484354,0.6233210823496871,-0.0017624587203375615,0.0,2.3203125,0.1640625,-0.1640625,1.990322457975708,-7.359663555443268,7.368272463281755e-07,7.186018813740123,0.027004419392059473,12.0,1.0,0.0,0.0,0.0,0.0,1.0
308,0.3122796375653828,0.6245592751307656,-0.007516672615552811,0.0,2.3046875,0.296875,-0.296875,1.9520131660392508,-9.057278127557701,7.368272463281755e-07,7.189015063372525,0.027217372172427447,12.0,1.0,0.0,0.0,0.0,0.0,1.0
309,0.31281196612205653,0.6256239322441131,-0.010880934743256552,0.0,2.34375,0.21875,-0.21875,2.004087375011295,-7.214955689413085,7.368272463281755e-07,7.191778415983373,0.02744266785554249,12.0,1.0,0.0,0.0,0.0,0.0,1.0
310,0.31323983468169403,0.6264796693633881,-0.001886952267674339,0.0,2.3203125,0.3125,-0.3125,1.9681576250004582,-8.023177255319764,7.368272463281755e-07,7.192732870578766,0.027649895002303474,12.0,1.0,0.0,0.0,0.0,0.0,1.0
311,0.31359125176270286,0.6271825035254057,-0.011031935447686058,0.0,2.34375,0.109375,-0.109375,2.008349542040378,-7.24882905305596,7.368272463281755e-07,7.195196086710149,0.027878899793987246,12.0,1.0,0.0,0.0,0.0,0.0,1.0
312,0.31411912003817766,0.6282382400763553,-0.01445253027675733,0.0,2.28125,0.1875,-0.1875,1.9234237910131924,-6.695137134022581,7.368272463281755e-07,7.195774522694674,0.028094915181017397,12.0,1.0,0.0,0.0,0.0,0.0,1.0
313,0.3149047280328232,0.6298094560656464,-0.01296609160551583,0.0,2.34375,0.3359375,-0.3359375,1.995612125028856,-11.811898990740302,7.368272463281755e-07,7.197811213406649,0.02832516635746949,12.0,1.0,0.0,0.0,0.0,0.0,1.0
314,0.31566553132201725,0.6313310626440345,-0.007785368373554167,0.0,2.2109375,0.328125,-0.328125,1.8758538750116713,-8.182325974547767,7.368272463281755e-07,7.199108768593181,0.02854017832909118,12.0,1.0,0.0,0.0,0.0,0.0,1.0
315,0.31665710323842855,0.6333142064768571,-0.004851708581498382,0.0,2.3125,0.09375,-0.09375,1.9776152499835007,-14.02894769456848,7.368272463281755e-07,7.2018218961629,0.028795089173151857,12.0,1.0,0.0,0.0,0.0,0.0,1.0
316,0.31795506363829984,0.6359101272765997,-0.008144630467966667,0.0,2.296875,0.203125,-0.203125,1.9554204160231166,-10.159057334383798,7.368272463281755e-07,7.203116422349757,0.029035457099036485,12.0,1.0,0.0,0.0,0.0,0.0,1.0
317,0.3192237357067643,0.6384474714135286,-0.007843446419456706,0.0,2.34375,0.21875,-0.21875,2.0036287090042606,-8.655677856729987,7.368272463281755e-07,7.203986335884441,0.029272037202727832,12.0,1.0,0.0,0.0,0.0,0.0,1.0
318,0.3206621047634267,0.6413242095268534,-0.007076472330514687,0.0,2.2578125,0.3125,-0.3125,1.9159026250126772,-12.630272745346138,7.368272463281755e-07,7.2043581063097175,0.029511055610121482,12.0,1.0,0.0,0.0,0.0,0.0,1.0
319,0.3234123734625354,0.6468247469250707,-0.011572003524633796,0.0,2.3203125,0.28125,-0.28125,1.9914332089829259,-11.394186340280266,7.368272463281755e-07,7.204674704508348,0.029758897779340095,12.0,1.0,0.0,0.0,0.0,0.0,1.0
320,0.3289747991523151,0.6579495983046302,-0.0168544307835342,0.0,2.3515625,0.2109375,-0.2109375,1.9954847500193864,-13.786366484859306,7.368272463281755e-07,7.20851853760806,0.03004669665824622,12.0,1.0,0.0,0.0,0.0,0.0,1.0
321,0.34607221512395553,0.6921444302479111,-0.0016689274005107684,0.0,2.25,0.109375,-0.109375,1.9177567499573343,-16.209601407677432,7.368272463281755e-07,7.216900868849321,0.030383172444999218,12.0,1.0,0.0,0.0,0.0,0.0,1.0
322,0.3749999962500001,0.7499999925000002,-0.011534123618411052,0.0,2.390625,0.1875,-0.1875,2.033261707983911,-20.69783209064413,7.368272463281755e-07,7.238241217353127,0.030869752591983837,12.0,1.0,0.0,0.0,0.0,0.0,1.0
323,0.3749999962500001,0.7499999925000002,0.0022246832643095654,0.0,2.5078125,0.6171875,-0.6171875,2.1424983750330284,-22.690072250978606,7.368272463281755e-07,7.308455055410212,0.03171185725791888,12.0,1.0,0.0,0.0,0.0,0.0,1.0
324,0.3749999962500001,0.7499999925000002,-0.010714988633862776,0.0,2.4921875,0.609375,-0.609375,2.1205441250349395,-21.192949459979094,7.368272463281755e-07,7.360413713888689,0.032310425071045756,12.0,1.0,0.0,0.0,0.0,0.0,1.0
325,0.3749999962500001,0.7499999925000002,-0.013943957308485116,0.0,2.5,0.1796875,-0.1796875,2.1427675830200315,-20.792916543053433,7.368272463281755e-07,7.409129153598439,0.03264193537391045,12.0,1.0,0.0,0.0,0.0,0.0,1.0
326,0.3749999962500001,0.7499999925000002,-0.005471412399296402,0.0,2.5078125,0.2578125,-0.2578125,2.1312263750005513,-24.141307302987467,7.368272463281755e-07,7.450573270971125,0.0329290253364227,12.0,1.0,0.0,0.0,0.0,0.0,1.0
327,0.3749999962500001,0.7499999925000002,-0.006260727290828913,0.0,2.5625,0.234375,-0.234375,2.1932803340023383,-22.32105263399433,7.368272463281755e-07,7.490813320333308,0.033224529353901744,12.0,1.0,0.0,0.0,0.0,0.0,1.0
328,0.3749999962500001,0.7499999925000002,-0.007112239738867573,0.0,2.5625,0.3125,-0.3125,2.1710462080081925,-25.04977283854124,7.368272463281755e-07,7.520282366059043,0.03348807156593962,12.0,1.0,0.0,0.0,0.0,0.0,1.0
329,0.3749999962500001,0.7499999925000002,-0.004068885242825482,0.0,2.46875,0.2265625,-0.2265625,2.119056500028819,-25.854168074419928,7.368272463281755e-07,7.546047189018943,0.03378566716458987,12.0,1.0,0.0,0.0,0.0,0.0,1.0
330,0.3749999962500001,0.7499999925000002,-0.008094512070334474,0.0,2.5859375,0.234375,-0.234375,2.2002750000101514,-25.87309747741289,7.368272463281755e-07,7.567850470542908,0.0340697217986665,12.0,1.0,0.0,0.0,0.0,0.0,1.0
331,0.3749999962500001,0.7499999925000002,-0.004449225657385731,0.0,2.4765625,0.4140625,-0.4140625,2.11131025000941,-24.413242346888456,7.368272463281755e-07,7.585207505659624,0.03435481542890722,12.0,1.0,0.0,0.0,0.0,0.0,1.0
332,0.3749999962500001,0.7499999925000002,-0.016772737283715748,0.0,2.53125,0.296875,-0.296875,2.149698499997612,-27.960946223600825,7.368272463281755e-07,7.604683995246887,0.03467062665996226,12.0,1.0,0.0,0.0,0.0,0.0,1.0
333,0.3749999962500001,0.7499999925000002,-0.007271109112089099,0.0,2.53125,0.3125,-0.3125,2.163437499955762,-28.848582928285957,7.368272463281755e-07,7.624300945888866,0.03496190630407496,12.0,1.0,0.0,0.0,0.0,0.0,1.0
334,0.3749999962500001,0.7499999925000002,-0.006921684152813699,0.0,2.515625,0.2578125,-0.2578125,2.2489122500410303,-26.2729588883404,7.368272463281755e-07,7.638775457035411,0.035244946092875165,12.0,1.0,0.0,0.0,0.0,0.0,1.0
335,0.3749999962500001,0.7499999925000002,-0.013605376257932445,0.0,2.53125,0.328125,-0.328125,2.1888655410148203,-30.434381023501903,7.368272463281755e-07,7.654736638069153,0.03554833100431345,12.0,1.0,0.0,0.0,0.0,0.0,1.0
336,0.3749999962500001,0.7499999925000002,-0.005519663220095438,0.0,2.5390625,0.2734375,-0.2734375,2.164340707997326,-35.04418109169588,7.368272463281755e-07,7.6728105328299785,0.035861168670552696,12.0,1.0,0.0,0.0,0.0,0.0,1.0
337,0.3749999962500001,0.7499999925000002,-0.00956846441985876,0.0,2.515625,0.2109375,-0.2109375,2.14934883301612,-36.00630985697104,7.368272463281755e-07,7.690797567367554,0.036169930805706164,12.0,1.0,0.0,0.0,0.0,0.0,1.0
338,0.3749999962500001,0.7499999925000002,0.001323126321834809,0.0,2.4453125,0.3984375,-0.3984375,2.1116994579788297,-33.71755714797673,7.368272463281755e-07,7.703393350947987,0.03644245153885673,12.0,1.0,0.0,0.0,0.0,0.0,1.0
339,0.3749999962500001,0.7499999925000002,-0.0009791458189458313,0.0,2.46875,0.3828125,-0.3828125,2.132576957985293,-29.374711310102853,7.368272463281755e-07,7.71711802482605,0.03673000534234399,12.0,1.0,0.0,0.0,0.0,0.0,1.0
340,0.3749999962500001,0.7499999925000002,-0.011747245874084556,0.0,2.5234375,0.34375,-0.34375,2.132665959012229,-31.937820247923213,7.368272463281755e-07,7.730521960691973,0.037033283469182526,12.0,1.0,0.0,0.0,0.0,0.0,1.0
341,0.3749999962500001,0.7499999925000002,-0.006045976912587794,0.0,2.46875,0.4375,-0.4375,2.1315034580184147,-33.32520894600149,7.368272463281755e-07,7.74294655973261,0.037319657689129766,12.0,1.0,0.0,0.0,0.0,0.0,1.0
342,0.3749999962500001,0.7499999925000002,-0.009536657566921874,0.0,2.5,0.375,-0.375,2.1220402080216445,-34.42531520556459,7.368272463281755e-07,7.760192892768166,0.03761419683525508,12.0,1.0,0.0,0.0,0.0,0.0,1.0
343,0.3749999962500001,0.7499999925000002,-0.01010791854795906,0.0,2.546875,0.3359375,-0.3359375,2.154207000043243,-37.0218365179147,7.368272463281755e-07,7.778899257833308,0.037906370824202895,12.0,1.0,0.0,0.0,0.0,0.0,1.0
344,0.3749999962500001,0.7499999925000002,-0.005883306391637533,0.0,2.53125,0.1484375,-0.1484375,2.146036082995124,-39.279325362370365,7.368272463281755e-07,7.797150557691401,0.038214092227545654,12.0,1.0,0.0,0.0,0.0,0.0,1.0
345,0.3749999962500001,0.7499999925000002,-0.01781163348436815,0.0,2.4765625,0.28125,-0.28125,2.121704208024312,-38.23926741006154,7.368272463281755e-07,7.810724886980924,0.03850842800668695,12.0,1.0,0.0,0.0,0.0,0.0,1.0
346,0.3749999962500001,0.7499999925000002,-0.007190081090773776,0.0,2.46875,0.359375,-0.359375,2.1018322079908103,-32.110635174261894,7.368272463281755e-07,7.822814345359802,0.03878764681179415,12.0,1.0,0.0,0.0,0.0,0.0,1.0
347,0.3749999962500001,0.7499999925000002,-0.019564095576250818,0.0,2.515625,0.234375,-0.234375,2.1524443750386126,-40.529122462473026,7.368272463281755e-07,7.8414895642887465,0.03909949733960358,12.0,1.0,0.0,0.0,0.0,0.0,1.0
348,0.3749999962500001,0.7499999925000002,-0.00512500614293779,0.0,2.5234375,0.109375,-0.109375,2.1348348750034347,-43.83136200897566,7.368272463281755e-07,7.860263401811773,0.03940559263256463,12.0,1.0,0.0,0.0,0.0,0.0,1.0
349,0.3749999962500001,0.7499999925000002,-0.01185060751589045,0.0,2.4609375,0.2578125,-0.2578125,2.1036463750060648,-38.60396533998114,7.368272463281755e-07,7.871592229062861,0.039691311730579895,12.0,1.0,0.0,0.0,0.0,0.0,1.0
350,0.3749999962500001,0.7499999925000002,0.0021228571072494577,0.0,2.4921875,0.21875,-0.21875,2.1094527500099503,-38.603880886924905,7.368272463281755e-07,7.882327036424116,0.039990608538077635,12.0,1.0,0.0,0.0,0.0,0.0,1.0
351,0.3749999962500001,0.7499999925000002,-0.020195663281456014,0.0,2.5078125,0.4296875,-0.4296875,2.1670380840077996,-40.92693654216487,7.368272463281755e-07,7.892289053310048,0.040273112752898174,12.0,1.0,0.0,0.0,0.0,0.0,1.0
352,0.3749999962500001,0.7499999925000002,-0.007721160717727002,0.0,2.4140625,0.2265625,-0.2265625,2.085460999980569,-41.38512637676305,7.368272463281755e-07,7.901179248636419,0.040573199787600475,12.0,1.0,0.0,0.0,0.0,0.0,1.0
353,0.3749999962500001,0.7499999925000002,-0.008593056402820836,0.0,2.5625,0.078125,-0.078125,2.1883075840305537,-42.699904518869204,7.368272463281755e-07,7.914289626208219,0.04091404378414154,12.0,1.0,0.0,0.0,0.0,0.0,1.0
354,0.3749999962500001,0.7499999925000002,-0.011956129329186008,0.0,2.4609375,0.4296875,-0.4296875,2.0804795839940198,-49.17097095339411,7.368272463281755e-07,7.922288916327736,0.041161725466901604,12.0,1.0,0.0,0.0,0.0,0.0,1.0
355,0.3749999962500001,0.7499999925000002,-0.00614019466186492,0.0,2.5078125,0.34375,-0.34375,2.134000832971651,-49.75722893476457,7.368272463281755e-07,7.932865446264094,0.041457356080751524,12.0,1.0,0.0,0.0,0.0,0.0,1.0
356,0.3749999962500001,0.7499999925000002,-0.00309494633057147,0.0,2.453125,0.3359375,-0.3359375,2.0780605830368586,-44.89687324591147,7.368272463281755e-07,7.941395954652266,0.04172151421450756,12.0,1.0,0.0,0.0,0.0,0.0,1.0
357,0.3749999962500001,0.7499999925000002,-0.016596627171405576,0.0,2.484375,0.25,-0.25,2.14571574999718,-42.83185480418176,7.368272463281755e-07,7.947982983155684,0.04200517644428394,12.0,1.0,0.0,0.0,0.0,0.0,1.0
358,0.3749999962500001,0.7499999925000002,-0.012967380030976965,0.0,2.4453125,0.3046875,-0.3046875,2.0678846670198254,-45.270040499507644,7.368272463281755e-07,7.95619780367071,0.04227112229405479,12.0,1.0,0.0,0.0,0.0,0.0,1.0
359,0.3749999962500001,0.7499999925000002,-0.01530155785773833,0.0,2.5546875,0.3671875,-0.3671875,2.1715061670402065,-55.635877495874375,7.368272463281755e-07,7.9645751823078506,0.04254385422576557,12.0,1.0,0.0,0.0,0.0,0.0,1.0
360,0.3749999962500001,0.7499999925000002,-0.013014156454221116,0.0,2.4765625,0.5234375,-0.5234375,2.11952912498964,-49.551467472567644,7.368272463281755e-07,7.971393931995738,0.04284332044930621,12.0,1.0,0.0,0.0,0.0,0.0,1.0
361,0.3749999962500001,0.7499999925000002,-0.0039739149060848515,0.0,2.46875,0.3828125,-0.3828125,2.1209589999634773,-46.83576588277245,7.368272463281755e-07,7.97783223065463,0.04314400399611755,12.0,1.0,0.0,0.0,0.0,0.0,1.0
362,0.3749999962500001,0.7499999925000002,-0.020241378607722543,0.0,2.4453125,0.296875,-0.296875,2.1404595419880934,-49.779242133382134,7.368272463281755e-07,7.983033700422808,0.043424206150865015,12.0,1.0,0.0,0.0,0.0,0.0,1.0
363,0.3749999962500001,0.7499999925000002,-0.003784491484690937,0.0,2.484375,0.3828125,-0.3828125,2.141302791016642,-50.59262930522651,7.368272463281755e-07,7.988598325035789,0.04370133985172619,12.0,1.0,0.0,0.0,0.0,0.0,1.0
364,0.3749999962500001,0.7499999925000002,-0.004584124046338437,0.0,2.4609375,0.3515625,-0.3515625,2.180628667003475,-50.87716126109193,7.368272463281755e-07,7.994122591885653,0.04396693480455063,12.0,1.0,0.0,0.0,0.0,0.0,1.0
365,0.3749999962500001,0.7499999925000002,-0.007510201560720717,0.0,2.46875,0.2578125,-0.2578125,2.1108487090095878,-49.23300089893562,7.368272463281755e-07,7.994703607125715,0.0442206146703525,12.0,1.0,0.0,0.0,0.0,0.0,1.0
366,0.3749999962500001,0.7499999925000002,-0.01105590335976278,0.0,2.625,0.296875,-0.296875,2.25008795899339,-63.12592160017638,7.368272463281755e-07,7.996538205580278,0.044495712288401344,12.0,1.0,0.0,0.0,0.0,0.0,1.0
367,0.3749999962500001,0.7499999925000002,-0.01850584104155405,0.0,2.4375,0.21875,-0.21875,2.094803000043612,-56.242891493969815,7.368272463281755e-07,7.996768084439364,0.04474412247707898,12.0,1.0,0.0,0.0,0.0,0.0,1.0
368,0.3749999962500001,0.7499999925000002,-0.0007409742246935802,0.0,2.5234375,0.390625,-0.390625,2.1351494999835268,-57.11587278340437,7.368272463281755e-07,7.996848398988897,0.045006896157495,12.0,1.0,0.0,0.0,0.0,0.0,1.0
369,0.3749999962500001,0.7499999925000002,-0.00563749670675762,0.0,2.4296875,0.2265625,-0.2265625,2.0841211659717374,-53.1272125235037,7.368272463281755e-07,7.995511130853132,0.0452516072599048,12.0,1.0,0.0,0.0,0.0,0.0,1.0
370,0.3749999962500001,0.7499999925000002,0.0017057063459454298,0.0,2.5234375,0.3359375,-0.3359375,2.1543535829987377,-69.2047918407072,7.368272463281755e-07,7.997516642917287,0.04552287337454883,12.0,1.0,0.0,0.0,0.0,0.0,1.0
371,0.3749999962500001,0.7499999925000002,-0.003293085054395298,0.0,2.53125,0.21875,-0.21875,2.15912008297164,-67.77945963123362,7.368272463281755e-07,8.00065056844191,0.04580158642916517,12.0,1.0,0.0,0.0,0.0,0.0,1.0
372,0.3749999962500001,0.7499999925000002,-0.011583267536106704,0.0,2.609375,0.2421875,-0.2421875,2.2153574579861015,-69.70693922894874,7.368272463281755e-07,8.002945271405308,0.04608084578913721,12.0,1.0,0.0,0.0,0.0,0.0,1.0
373,0.3749999962500001,0.7499999925000002,0.00012734709452898543,0.0,2.546875,0.4296875,-0.4296875,2.1800217920099385,-67.5573046863814,7.368272463281755e-07,8.004008369012313,0.04635044576769525,12.0,1.0,0.0,0.0,0.0,0.0,1.0
374,0.3749999962500001,0.7499999925000002,-0.007776266517459267,0.0,2.5546875,0.34375,-0.34375,2.1912478749873117,-74.08208703002337,7.368272463281755e-07,8.005737488920039,0.04663978110660206,12.0,1.0,0.0,0.0,0.0,0.0,1.0
375,0.3749999962500001,0.7499999925000002,-0.007670438918790794,0.0,2.53125,0.2578125,-0.2578125,2.189397042035125,-72.19670459569143,7.368272463281755e-07,8.007141275839372,0.0469120617701926,12.0,1.0,0.0,0.0,0.0,0.0,1.0
376,0.3749999962500001,0.7499999925000002,-0.00781474288209061,0.0,2.5,0.171875,-0.171875,2.1311936249840073,-79.96612011635625,7.368272463281755e-07,8.004907456311313,0.04717047487131574,12.0,1.0,0.0,0.0,0.0,0.0,1.0
377,0.3749999962500001,0.7499999925000002,-0.007875935778455384,0.0,2.5390625,0.171875,-0.171875,2.1737251250306144,-72.98359036635823,7.368272463281755e-07,8.000531976873225,0.04742007355459712,12.0,1.0,0.0,0.0,0.0,0.0,1.0
378,0.3749999962500001,0.7499999925000002,-0.003342574881660081,0.0,2.421875,0.453125,-0.453125,2.073071416001767,-69.13678897791205,7.368272463281755e-07,7.997166395187378,0.0476617311889475,12.0,1.0,0.0,0.0,0.0,0.0,1.0
379,0.3749999962500001,0.7499999925000002,-0.006998712635616855,0.0,2.4375,0.546875,-0.546875,2.072402250021696,-66.3951136638785,7.368272463281755e-07,7.993355881084096,0.04792420566082001,12.0,1.0,0.0,0.0,0.0,0.0,1.0
380,0.3749999962500001,0.7499999925000002,-0.024317741601836758,0.0,2.3984375,0.421875,-0.421875,2.0591224579839036,-68.18169833890524,7.368272463281755e-07,7.98731495033611,0.04820992243052884,12.0,1.0,0.0,0.0,0.0,0.0,1.0
381,0.3749999962500001,0.7499999925000002,-0.010623901652847332,0.0,2.5390625,0.3125,-0.3125,2.171800499956589,-84.45533043193846,7.368272463281755e-07,7.98031269420277,0.048508032225072384,12.0,1.0,0.0,0.0,0.0,0.0,1.0
382,0.3749999962500001,0.7499999925000002,-0.0157586776578225,0.0,2.5625,0.3359375,-0.3359375,2.1657580839819275,-91.74477699387708,7.368272463281755e-07,7.973451766100797,0.048777282746000725,12.0,1.0,0.0,0.0,0.0,0.0,1.0
383,0.3749999962500001,0.7499999925000002,-0.019621357436176597,0.0,2.5234375,0.109375,-0.109375,2.154281082970556,-90.46895729614084,7.368272463281755e-07,7.967215299606323,0.04904629357836463,12.0,1.0,0.0,0.0,0.0,0.0,1.0
384,0.3749999962500001,0.7499999925000002,-0.02125932799129434,0.0,2.4453125,0.40625,-0.40625,2.1052940420340747,-72.57782770779889,7.368272463281755e-07,7.959918433969671,0.0492805833928287,12.0,1.0,0.0,0.0,0.0,0.0,1.0
385,0.3749999962500001,0.7499999925000002,-0.012844434361823287,0.0,2.4765625,0.359375,-0.359375,2.139700042025652,-88.76208000361908,7.368272463281755e-07,7.9527719454331836,0.04952742569995197,12.0,1.0,0.0,0.0,0.0,0.0,1.0
386,0.3749999962500001,0.7499999925000002,-0.011395994932264689,0.0,2.5078125,0.1328125,-0.1328125,2.122062083974015,-110.85397606620977,7.368272463281755e-07,7.946446158669212,0.04977435508573597,12.0,1.0,0.0,0.0,0.0,0.0,1.0
387,0.3749999962500001,0.7499999925000002,-0.017776216698847883,0.0,2.5390625,0.4921875,-0.4921875,2.1583628749940544,-98.71815982983662,7.368272463281755e-07,7.940208586779508,0.05000936138358983,12.0,1.0,0.0,0.0,0.0,0.0,1.0
388,0.3749999962500001,0.7499999925000002,-0.00926699609075257,0.0,2.53125,0.5078125,-0.5078125,2.178740791976452,-91.89627202720393,7.368272463281755e-07,7.933460376479409,0.050262704406949604,12.0,1.0,0.0,0.0,0.0,0.0,1.0
389,0.3749999962500001,0.7499999925000002,-0.011025898265116301,0.0,2.5390625,0.2890625,-0.2890625,2.1867395830340683,-111.4050904912215,7.368272463281755e-07,7.927776282483881,0.050552626182748514,12.0,1.0,0.0,0.0,0.0,0.0,1.0
390,0.3749999962500001,0.7499999925000002,-0.006184660778770083,0.0,2.46875,0.140625,-0.140625,2.0980312079773284,-90.33233617921066,7.368272463281755e-07,7.921466133811257,0.050820008936253463,12.0,1.0,0.0,0.0,0.0,0.0,1.0
391,0.3749999962500001,0.7499999925000002,-0.016477939476363737,0.0,2.5234375,0.1875,-0.1875,2.167959582991898,-103.6590181990172,7.368272463281755e-07,7.915262135592374,0.05108361852101304,12.0,1.0,0.0,0.0,0.0,0.0,1.0
392,0.3749999962500001,0.7499999925000002,-0.013940019321085939,0.0,2.5234375,0.3125,-0.3125,2.15126783301821,-111.92643544583036,7.368272463281755e-07,7.909041675654325,0.051315998446873644,12.0,1.0,0.0,0.0,0.0,0.0,1.0
393,0.3749999962500001,0.7499999925000002,-0.009105343446089424,0.0,2.484375,0.3203125,-0.3203125,2.190902750007808,-121.59506630108534,7.368272463281755e-07,7.90299928188324,0.0515711203598502,12.0,1.0,0.0,0.0,0.0,0.0,1.0
394,0.3749999962500001,0.7499999925000002,-0.009797071238568383,0.0,2.5625,0.2890625,-0.2890625,2.2008839580230415,-121.08831880033789,7.368272463281755e-07,7.895580530166626,0.05183704051358456,12.0,1.0,0.0,0.0,0.0,0.0,1.0
395,0.3749999962500001,0.7499999925000002,-0.021580932442837663,0.0,2.5390625,0.484375,-0.484375,2.2058072080253623,-104.03359830301828,7.368272463281755e-07,7.8880274512551045,0.052081294294277374,12.0,1.0,0.0,0.0,0.0,0.0,1.0
396,0.3749999962500001,0.7499999925000002,-0.007397297136872686,0.0,2.4375,0.453125,-0.453125,2.0824181659845635,-98.96297523767676,7.368272463281755e-07,7.879809471693906,0.052309628830037334,12.0,1.0,0.0,0.0,0.0,0.0,1.0
397,0.3749999962500001,0.7499999925000002,-0.010716891290529797,0.0,2.5,0.296875,-0.296875,2.1254551250021905,-118.01942692045414,7.368272463281755e-07,7.873439956795085,0.052598411831158126,12.0,1.0,0.0,0.0,0.0,0.0,1.0
398,0.3749999962500001,0.7499999925000002,-0.017396577578394516,0.0,2.484375,0.2421875,-0.2421875,2.1272198750521056,-112.39218889104214,7.368272463281755e-07,7.866584105925127,0.052871250780299306,12.0,1.0,0.0,0.0,0.0,0.0,1.0
399,0.3749999962500001,0.7499999925000002,-0.005970811425047624,0.0,2.515625,0.453125,-0.453125,2.1652348329662345,-115.72436984562495,7.368272463281755e-07,7.8586978262121026,0.05311641613529487,12.0,1.0,0.0,0.0,0.0,0.0,1.0
400,0.3749999962500001,0.7499999925000002,-0.009624828936362148,0.0,2.46875,0.3046875,-0.3046875,2.131986833992414,-119.54552328607208,7.368272463281755e-07,7.850365389477123,0.05335989166897806,12.0,1.0,0.0,0.0,0.0,0.0,1.0
401,0.3749999962500001,0.7499999925000002,-0.006202647943578888,0.0,2.546875,0.203125,-0.203125,2.2191055000294,-123.62324465195323,7.368272463281755e-07,7.840831523591822,0.05364358770153062,12.0,1.0,0.0,0.0,0.0,0.0,1.0
402,0.3749999962500001,0.7499999925000002,-0.011192278047728023,0.0,2.5,0.1640625,-0.1640625,2.130442207970191,-115.77341030532553,7.368272463281755e-07,7.830939840186726,0.05388764742846516,12.0,1.0,0.0,0.0,0.0,0.0,1.0
403,0.4011455269963323,0.8022910539926646,-0.007160233131950406,0.0,2.5390625,-0.03125,0.03125,2.1643640829715878,-147.34961309704929,7.368272463281755e-07,7.820538228208369,0.054167896710251545,12.0,1.0,0.0,0.0,0.0,0.0,1.0
404,0.40996330505118095,0.8199266101023619,-0.016581150327233122,0.0,2.359375,0.3671875,-0.3671875,2.028060082986485,-91.8567360431073,7.368272463281755e-07,7.808466903188012,0.05437415899095041,12.0,1.0,0.0,0.0,0.0,0.0,1.0
405,0.4118978303092925,0.823795660618585,-0.0172081587404444,0.0,2.3046875,0.4921875,-0.4921875,1.9781152920331806,-72.90230830086364,7.368272463281755e-07,7.798581575805491,0.054601423119575804,12.0,1.0,0.0,0.0,0.0,0.0,1.0
406,0.4127360028362431,0.8254720056724862,-0.003120360818081292,0.0,2.3046875,0.3671875,-0.3671875,1.9663765000295825,-93.38856492858316,7.368272463281755e-07,7.789648589762774,0.05486648743118911,12.0,1.0,0.0,0.0,0.0,0.0,1.0
407,0.41492056086803514,0.8298411217360703,-0.01726390280080178,0.0,2.3515625,0.34375,-0.34375,2.0014060829998925,-95.92708874723729,7.368272463281755e-07,7.782327800989151,0.05517670261575735,12.0,1.0,0.0,0.0,0.0,0.0,1.0
408,0.41666666250000006,0.8333333250000001,-0.014914476424834074,0.0,2.359375,0.1953125,-0.1953125,1.9997778750257567,-96.227383585693,7.368272463281755e-07,7.777412596074018,0.055471501965009586,12.0,1.0,0.0,0.0,0.0,0.0,1.0
409,0.41666666250000006,0.8333333250000001,-0.0030978973717618414,0.0,2.3203125,0.1640625,-0.1640625,2.000781500013545,-67.2462265791892,7.368272463281755e-07,7.7724799012595955,0.05573247633847958,12.0,1.0,0.0,0.0,0.0,0.0,1.0
410,0.41666666250000006,0.8333333250000001,-0.007997450869394112,0.0,2.34375,0.1796875,-0.1796875,2.0096457499894314,-96.90733011187675,7.368272463281755e-07,7.7688802873546425,0.056027322441381824,12.0,1.0,0.0,0.0,0.0,0.0,1.0
411,0.41666666250000006,0.8333333250000001,-0.006817455172116661,0.0,2.3515625,0.234375,-0.234375,2.003666542004794,-76.84241735021834,7.368272463281755e-07,7.764985303987157,0.05630173274866221,12.0,1.0,0.0,0.0,0.0,0.0,1.0
412,0.3749999962500001,0.7499999925000002,-0.016266526197738995,0.0,2.328125,0.1171875,-0.1171875,1.9758833749801852,-62.77631768990845,7.368272463281755e-07,7.763408158313144,0.05662113002141599,12.0,1.0,0.0,0.0,0.0,0.0,1.0
413,0.3749999962500001,0.7499999925000002,-0.014378131413734244,0.0,2.4296875,0.21875,-0.21875,2.075545667030383,-108.681684104019,7.368272463281755e-07,7.756738088347695,0.056910069929224184,12.0,1.0,0.0,0.0,0.0,0.0,1.0
414,0.3749999962500001,0.7499999925000002,-0.020232493729048336,0.0,2.328125,0.2734375,-0.2734375,1.9871111249667592,-105.99279863226708,7.368272463281755e-07,7.752153018658811,0.05710414865593934,12.0,1.0,0.0,0.0,0.0,0.0,1.0
415,0.3749999962500001,0.7499999925000002,-0.017330620496372975,0.0,2.46875,0.265625,-0.265625,2.1015546660055406,-150.2435475177444,7.368272463281755e-07,7.748772003433921,0.05733223357674433,12.0,1.0,0.0,0.0,0.0,0.0,1.0
416,0.3749999962500001,0.7499999925000002,-0.006970697093885758,0.0,2.4140625,0.4296875,-0.4296875,2.054653708997648,-106.58031564115164,7.368272463281755e-07,7.745058777657422,0.057590602922242724,12.0,1.0,0.0,0.0,0.0,0.0,1.0
417,0.3749999962500001,0.7499999925000002,-0.009366308395702731,0.0,2.4609375,0.375,-0.375,2.0988851669826545,-141.1572970533241,7.368272463281755e-07,7.7413519715720955,0.05781284730817953,12.0,1.0,0.0,0.0,0.0,0.0,1.0
418,0.3749999962500001,0.7499999925000002,-0.024436218808871778,0.0,2.5078125,0.09375,-0.09375,2.165964708023239,-108.53505921790324,7.368272463281755e-07,7.7435363964601,0.05800875185311518,12.0,1.0,0.0,0.0,0.0,0.0,1.0
419,0.3749999962500001,0.7499999925000002,-0.015065830784307477,0.0,2.484375,0.1484375,-0.1484375,2.1964060830068775,-134.20882112638873,7.368272463281755e-07,7.751055804165927,0.058115414597771385,12.0,1.0,0.0,0.0,0.0,0.0,1.0
420,0.3749999962500001,0.7499999925000002,-0.007855529219974759,0.0,2.421875,0.5703125,-0.5703125,2.0705835000262596,-123.91512908299244,7.368272463281755e-07,7.755934043364092,0.058294952466067945,12.0,1.0,0.0,0.0,0.0,0.0,1.0
421,0.3749999962500001,0.7499999925000002,-0.01900649830922003,0.0,2.5078125,0.3203125,-0.3203125,2.1491900829714723,-156.69288990528807,7.368272463281755e-07,7.763556404547258,0.058527583298696714,12.0,1.0,0.0,0.0,0.0,0.0,1.0
422,0.3749999962500001,0.7499999925000002,-0.013452177425755458,0.0,2.5,0.25,-0.25,2.1223414589767344,-154.65583813164267,7.368272463281755e-07,7.776687692512166,0.058709673160179096,12.0,1.0,0.0,0.0,0.0,0.0,1.0
423,0.41666666250000006,0.8333333250000001,-0.019369124869646093,0.0,2.53125,0.203125,-0.203125,2.167342041968368,-175.37309559467852,7.368272463281755e-07,7.7859566536816684,0.05891719269989566,12.0,1.0,0.0,0.0,0.0,0.0,1.0
424,0.41666666250000006,0.8333333250000001,-0.024962093125634455,0.0,2.40625,0.0625,-0.0625,2.0462590840179473,-116.50908925130285,7.368272463281755e-07,7.752934081987902,0.059413438980382954,12.0,1.0,0.0,0.0,0.0,0.0,1.0
425,0.41666666250000006,0.8333333250000001,-0.010373013764465493,0.0,2.3515625,0.2734375,-0.2734375,2.0196861250442453,-105.43014418324486,7.368272463281755e-07,7.724465570666573,0.059909227914018134,12.0,1.0,0.0,0.0,0.0,0.0,1.0
426,0.41666666250000006,0.8333333250000001,-0.011617140301390138,0.0,2.3359375,0.1953125,-0.1953125,2.024911791959312,-89.40274389235795,7.368272463281755e-07,7.700492479584434,0.060507337732071224,12.0,1.0,0.0,0.0,0.0,0.0,1.0
427,0.41666666250000006,0.8333333250000001,-0.022732870256765552,0.0,2.296875,0.3828125,-0.3828125,1.9512300830101594,-89.7895146450503,7.368272463281755e-07,7.704118083823811,0.06077814360403202,12.0,1.0,0.0,0.0,0.0,0.0,1.0
428,0.41666666250000006,0.8333333250000001,-0.01356799274041813,0.0,2.3359375,0.1953125,-0.1953125,1.9911311250180006,-66.28566193591217,7.368272463281755e-07,7.723574188622561,0.06111654912290925,12.0,1.0,0.0,0.0,0.0,0.0,1.0
429,0.41666666250000006,0.8333333250000001,-0.013947219695298186,0.0,2.328125,0.453125,-0.453125,2.004109250032343,-110.56496582920632,7.368272463281755e-07,7.732829256491228,0.0613730515522713,12.0,1.0,0.0,0.0,0.0,0.0,1.0
430,0.41666666250000006,0.8333333250000001,-0.010654292319878201,0.0,2.34375,0.265625,-0.265625,2.023971332993824,-86.16704164126267,7.368272463281755e-07,7.747371402653781,0.061655849747529086,12.0,1.0,0.0,0.0,0.0,0.0,1.0
431,0.3749999962500001,0.7499999925000002,-0.007950291541702018,0.0,2.2890625,0.515625,-0.515625,1.9786313329823315,-45.67873836894847,7.368272463281755e-07,7.758586666800759,0.06189565678042444,12.0,1.0,0.0,0.0,0.0,0.0,1.0
432,0.3749999962500001,0.7499999925000002,-0.018664659787592196,0.0,2.40625,0.171875,-0.171875,2.0554803329869173,-137.77813371427527,7.368272463281755e-07,7.745078899643638,0.06197540557265959,12.0,1.0,0.0,0.0,0.0,0.0,1.0
433,0.3749999962500001,0.7499999925000002,-0.015665513416386598,0.0,2.4140625,0.0625,-0.0625,2.0598654170171358,-157.79199234745843,7.368272463281755e-07,7.737910742109472,0.06202091960321096,12.0,1.0,0.0,0.0,0.0,0.0,1.0
434,0.3749999962500001,0.7499999925000002,-0.013975690865635586,0.0,2.4609375,0.3046875,-0.3046875,2.1068712919950485,-163.882082580778,7.368272463281755e-07,7.733018490401181,0.062110375134083864,12.0,1.0,0.0,0.0,0.0,0.0,1.0
435,0.3749999962500001,0.7499999925000002,-0.0049682267384692745,0.0,2.4375,0.375,-0.375,2.0801863750093617,-147.89026259436295,7.368272463281755e-07,7.729715612801638,0.062308789619816125,12.0,1.0,0.0,0.0,0.0,0.0,1.0
436,0.3749999962500001,0.7499999925000002,-0.010687769703569569,0.0,2.3828125,0.25,-0.25,2.0360313339624554,-113.17269299706352,7.368272463281755e-07,7.72877404906533,0.06257477495025589,12.0,1.0,0.0,0.0,0.0,0.0,1.0
437,0.3749999962500001,0.7499999925000002,-0.01431686725541841,0.0,2.453125,0.53125,-0.53125,2.087790291989222,-168.42817453561932,7.368272463281755e-07,7.7259217934174975,0.06268309463154186,12.0,1.0,0.0,0.0,0.0,0.0,1.0
438,0.3749999962500001,0.7499999925000002,-0.021723444526204377,0.0,2.578125,0.0390625,-0.0390625,2.1995225000428036,-224.81544623393847,7.368272463281755e-07,7.740706671367992,0.06262515553019264,12.0,1.0,0.0,0.0,0.0,0.0,1.0
439,0.3749999962500001,0.7499999925000002,-0.006208863435463612,0.0,2.5234375,0.2265625,-0.2265625,2.1491968340124004,-186.2827352207333,7.368272463281755e-07,7.753199436447837,0.06257009612057697,12.0,1.0,0.0,0.0,0.0,0.0,1.0
440,0.3749999962500001,0.7499999925000002,-0.030574653224326124,0.0,2.5078125,0.375,-0.375,2.13802258297801,-189.74142093917303,7.368272463281755e-07,7.768782463940707,0.0627738021060147,12.0,1.0,0.0,0.0,0.0,0.0,1.0
441,0.3749999962500001,0.7499999925000002,-0.014222445417574872,0.0,2.5546875,0.1953125,-0.1953125,2.169498959032353,-178.60884353950254,7.368272463281755e-07,7.7862970720637925,0.0629994312343611,12.0,1.0,0.0,0.0,0.0,0.0,1.0
442,0.3749999962500001,0.7499999925000002,-0.0132784050525288,0.0,2.5859375,0.296875,-0.296875,2.1958372910157777,-208.8887416126848,7.368272463281755e-07,7.797669892961329,0.06324740689755841,12.0,1.0,0.0,0.0,0.0,0.0,1.0
443,0.3749999962500001,0.7499999925000002,-0.015387861366873739,0.0,2.484375,0.34375,-0.34375,2.1328673340030946,-190.84915049587897,7.368272463281755e-07,7.802819951014086,0.06346987225961956,12.0,1.0,0.0,0.0,0.0,0.0,1.0
444,0.3749999962500001,0.7499999925000002,-0.00606606209953842,0.0,2.5078125,0.2578125,-0.2578125,2.119786750001367,-215.00817857346442,7.368272463281755e-07,7.810153966600245,0.0636795910329304,12.0,1.0,0.0,0.0,0.0,0.0,1.0
445,0.3749999962500001,0.7499999925000002,-0.005759392897664144,0.0,2.5078125,0.3046875,-0.3046875,2.1526305829756893,-210.57686038730185,7.368272463281755e-07,7.826121552423998,0.06369595252908766,12.0,1.0,0.0,0.0,0.0,0.0,1.0
446,0.3749999962500001,0.7499999925000002,-0.01964234795223226,0.0,2.453125,0.21875,-0.21875,2.097112250048667,-191.9674306484562,7.368272463281755e-07,7.83746095679023,0.06381991560655562,12.0,1.0,0.0,0.0,0.0,0.0,1.0
447,0.3749999962500001,0.7499999925000002,-0.021937993961724054,0.0,2.515625,0.203125,-0.203125,2.237952374969609,-225.76423497284583,7.368272463281755e-07,7.851823167367415,0.06397430884482508,12.0,1.0,0.0,0.0,0.0,0.0,1.0
448,0.3749999962500001,0.7499999925000002,-0.005217153131168711,0.0,2.453125,0.2421875,-0.2421875,2.0989274160237983,-188.04881049446158,7.368272463281755e-07,7.8633439703421155,0.06418709179640493,12.0,1.0,0.0,0.0,0.0,0.0,1.0
449,0.3749999962500001,0.7499999925000002,-0.015228356918026157,0.0,2.4609375,0.3203125,-0.3203125,2.083436166984029,-201.16622861344072,7.368272463281755e-07,7.867307619615034,0.06448698219504546,12.0,1.0,0.0,0.0,0.0,0.0,1.0
450,0.3749999962500001,0.7499999925000002,-0.014776587628566913,0.0,2.4765625,-0.0234375,0.0234375,2.0987860839813948,-196.84628629792564,7.368272463281755e-07,7.872172870419242,0.06480330861681564,12.0,1.0,0.0,0.0,0.0,0.0,1.0
451,0.3749999962500001,0.7499999925000002,-0.023909969187423708,0.0,2.53125,0.4140625,-0.4140625,2.171406625013333,-206.69683322903447,7.368272463281755e-07,7.873758651993492,0.06504354205786843,12.0,1.0,0.0,0.0,0.0,0.0,1.0
452,0.3749999962500001,0.7499999925000002,-0.015732090077949405,0.0,2.453125,0.5703125,-0.5703125,2.0812350840424187,-159.66795828107414,7.368272463281755e-07,7.8744384321299465,0.0652398255082186,12.0,1.0,0.0,0.0,0.0,0.0,1.0
453,0.3749999962500001,0.7499999925000002,-0.017936775869109023,0.0,2.4765625,0.2578125,-0.2578125,2.0924055840005167,-233.60760961688044,7.368272463281755e-07,7.877489312128588,0.06549804388884116,12.0,1.0,0.0,0.0,0.0,0.0,1.0
454,0.3749999962500001,0.7499999925000002,-0.02312545033465422,0.0,2.4921875,0.2421875,-0.2421875,2.106342124985531,-218.5857546086712,7.368272463281755e-07,7.881035555492748,0.06570436971643093,12.0,1.0,0.0,0.0,0.0,0.0,1.0
455,0.3749999962500001,0.7499999925000002,-0.017056071352939694,0.0,2.5,0.3125,-0.3125,2.141328459023498,-238.38222422404215,7.368272463281755e-07,7.884388408877633,0.06590966192412782,12.0,1.0,0.0,0.0,0.0,0.0,1.0
456,0.3749999962500001,0.7499999925000002,-0.010580919490012086,0.0,2.546875,0.3671875,-0.3671875,2.1690577500266954,-247.97457353733594,7.368272463281755e-07,7.88810008764267,0.06611829508222979,12.0,1.0,0.0,0.0,0.0,0.0,1.0
457,0.3749999962500001,0.7499999925000002,-0.01138144818746856,0.0,2.5078125,0.5,-0.5,2.1387779579963535,-191.36333723441695,7.368272463281755e-07,7.890300932255658,0.06631330878008157,12.0,1.0,0.0,0.0,0.0,0.0,1.0
458,0.3749999962500001,0.7499999925000002,-0.01084606123567972,0.0,2.375,0.1640625,-0.1640625,2.01716387498891,-167.6367269335805,7.368272463281755e-07,7.827097860249606,0.06701379413293167,12.0,1.0,0.0,0.0,0.0,0.0,1.0
459,0.3749999962500001,0.7499999925000002,-0.015410484544812818,0.0,2.4375,0.328125,-0.328125,2.0855474999989383,-243.4924375019902,7.368272463281755e-07,7.795852268284017,0.06751966334625402,12.0,1.0,0.0,0.0,0.0,0.0,1.0
460,0.3749999962500001,0.7499999925000002,-0.014211980825336765,0.0,2.4375,0.203125,-0.203125,2.0663157500093803,-174.99873102967365,7.368272463281755e-07,7.738363962281834,0.06810395456638864,12.0,1.0,0.0,0.0,0.0,0.0,1.0
461,0.3749999962500001,0.7499999925000002,-0.00475158166327211,0.0,2.40625,0.328125,-0.328125,2.071939499990549,-164.53524496284157,7.368272463281755e-07,7.7075763236392625,0.06849494135134261,12.0,1.0,0.0,0.0,0.0,0.0,1.0
462,0.3749999962500001,0.7499999925000002,-0.008779663734868756,0.0,2.390625,0.34375,-0.34375,2.0313541250070557,-198.13794539221166,7.368272463281755e-07,7.693973541259766,0.06878677348140627,12.0,1.0,0.0,0.0,0.0,0.0,1.0
463,0.3749999962500001,0.7499999925000002,-0.014774829553387072,0.0,2.4375,0.265625,-0.265625,2.0599197090486996,-200.680615011731,7.368272463281755e-07,7.68711272965778,0.06903730840845541,12.0,1.0,0.0,0.0,0.0,0.0,1.0
464,0.3749999962500001,0.7499999925000002,-0.002029119536939045,0.0,2.3984375,0.296875,-0.296875,2.1161804579896852,-196.6354256885836,7.368272463281755e-07,7.684364695440639,0.06925058554307642,12.0,1.0,0.0,0.0,0.0,0.0,1.0
465,0.3749999962500001,0.7499999925000002,-0.012913028028887755,0.0,2.4296875,0.2734375,-0.2734375,2.089886833971832,-185.8882801377984,7.368272463281755e-07,7.68667154555971,0.06945355133238577,12.0,1.0,0.0,0.0,0.0,0.0,1.0
466,0.3749999962500001,0.7499999925000002,-0.01283556278660877,0.0,2.4609375,0.3046875,-0.3046875,2.098086916957982,-243.97684620363373,7.368272463281755e-07,7.686602807857773,0.0696873186240158,12.0,1.0,0.0,0.0,0.0,0.0,1.0
467,0.3749999962500001,0.7499999925000002,-0.01725134911259673,0.0,2.3984375,0.5,-0.5,2.0580373749835417,-161.56385831549423,7.368272463281755e-07,7.688810838894411,0.06988857451175466,12.0,1.0,0.0,0.0,0.0,0.0,1.0
468,0.3749999962500001,0.7499999925000002,-0.018686892653867034,0.0,2.4375,0.265625,-0.265625,2.0679507079767063,-265.4772002944209,7.368272463281755e-07,7.691240509802645,0.0701103508803168,12.0,1.0,0.0,0.0,0.0,0.0,1.0
469,0.3749999962500001,0.7499999925000002,-0.026813392901973033,0.0,2.4296875,0.1640625,-0.1640625,2.08133454201743,-234.77470992741524,7.368272463281755e-07,7.69676932963458,0.07034690681559203,12.0,1.0,0.0,0.0,0.0,0.0,1.0
470,0.3749999962500001,0.7499999925000002,-0.02215251563269428,0.0,2.4140625,0.2578125,-0.2578125,2.0631325420108624,-175.08144035849202,7.368272463281755e-07,7.698750507086515,0.07058839509343008,12.0,1.0,0.0,0.0,0.0,0.0,1.0
471,0.3749999962500001,0.7499999925000002,-0.0048257184365487005,0.0,2.296875,0.1328125,-0.1328125,1.982250250002835,-213.67422531654768,7.368272463281755e-07,7.197913852002886,0.08658994507924136,12.0,3.0,0.0,0.0,0.0,0.0,1.0
472,0.3749999962500001,0.7499999925000002,-0.018305576498496245,0.0,2.4375,0.1875,-0.1875,2.067591083003208,-298.9733854121326,7.368272463281755e-07,7.714033145118844,0.07105157961963084,12.0,1.0,0.0,0.0,0.0,0.0,1.0
473,0.3749999962500001,0.7499999925000002,-0.010778808057218254,0.0,2.390625,0.2734375,-0.2734375,2.0493327080039307,-249.60394564927768,7.368272463281755e-07,7.720384905961427,0.07125905830021524,12.0,1.0,0.0,0.0,0.0,0.0,1.0
474,0.3749999962500001,0.7499999925000002,-0.016436313158850795,0.0,2.3984375,0.1328125,-0.1328125,2.0356338329729624,-230.67201391514695,7.368272463281755e-07,7.727176284248179,0.0715279142684515,12.0,1.0,0.0,0.0,0.0,0.0,1.0
475,0.3749999962500001,0.7499999925000002,-0.007879874831358389,0.0,2.4921875,0.21875,-0.21875,2.106796416977886,-321.41361773399444,7.368272463281755e-07,7.7333589331670245,0.07177664405422877,12.0,1.0,0.0,0.0,0.0,0.0,1.0
476,0.3749999962500001,0.7499999925000002,-0.010792801926750556,0.0,2.359375,0.40625,-0.40625,2.0642831249861047,-217.67363044258133,7.368272463281755e-07,7.739967640150677,0.071997532581339,12.0,1.0,0.0,0.0,0.0,0.0,1.0
477,0.3749999962500001,0.7499999925000002,-0.008328440843020935,0.0,2.46875,0.046875,-0.046875,2.13842333300272,-347.7179939255908,7.368272463281755e-07,7.745196403427557,0.0722824314434547,12.0,1.0,0.0,0.0,0.0,0.0,1.0
478,0.3749999962500001,0.7499999925000002,-0.01311654718579076,0.0,2.390625,-0.0234375,0.0234375,2.029183499980718,-257.4024115048282,7.368272463281755e-07,7.751665670763362,0.07252883519289423,12.0,1.0,0.0,0.0,0.0,0.0,1.0
479,0.3749999962500001,0.7499999925000002,-0.010592464914459613,0.0,2.421875,0.2890625,-0.2890625,2.0692895830143243,-259.38742447217265,7.368272463281755e-07,7.758097607981075,0.07277227464841086,12.0,1.0,0.0,0.0,0.0,0.0,1.0
480,0.3749999962500001,0.7499999925000002,-0.007217920381328033,0.0,2.3671875,0.3828125,-0.3828125,2.027147957996931,-253.90806983155582,7.368272463281755e-07,7.763058651577342,0.07296988660924729,12.0,1.0,0.0,0.0,0.0,0.0,1.0
481,0.3749999962500001,0.7499999925000002,-0.012115333799320421,0.0,2.4765625,0.09375,-0.09375,2.097557583008893,-302.29246062510396,7.368272463281755e-07,7.766687737269835,0.0732370505866129,12.0,1.0,0.0,0.0,0.0,0.0,1.0
482,0.3749999962500001,0.7499999925000002,-0.019446081644625683,0.0,2.453125,0.21875,-0.21875,2.0807214170345105,-302.7074363227981,7.368272463281755e-07,7.770436243577437,0.07344412645960058,12.0,1.0,0.0,0.0,0.0,0.0,1.0
483,0.3749999962500001,0.7499999925000002,-0.014955104617840958,0.0,2.40625,0.3671875,-0.3671875,2.0699637079960667,-235.85779004406135,7.368272463281755e-07,7.7740873152559455,0.07366610456797802,12.0,1.0,0.0,0.0,0.0,0.0,1.0
484,0.3749999962500001,0.7499999925000002,-0.019106877344177608,0.0,2.3671875,0.28125,-0.28125,2.0070244160015136,-248.16395827002282,7.368272463281755e-07,7.77860719778321,0.07389775088416752,12.0,1.0,0.0,0.0,0.0,0.0,1.0
485,0.3749999962500001,0.7499999925000002,-0.031196892165078108,0.0,2.40625,0.4140625,-0.4140625,2.066888040979393,-316.51802199817104,7.368272463281755e-07,7.782665033232082,0.0741286263430745,12.0,1.0,0.0,0.0,0.0,0.0,1.0
486,0.3749999962500001,0.7499999925000002,-0.008980540374319994,0.0,2.4765625,0.3125,-0.3125,2.11454350000713,-340.22597355319755,7.368272463281755e-07,7.786479738625613,0.0743893828661054,12.0,1.0,0.0,0.0,0.0,0.0,1.0
487,0.3749999962500001,0.7499999925000002,-0.01810049632805754,0.0,2.3515625,0.3828125,-0.3828125,2.0200928340200335,-249.2711766293687,7.368272463281755e-07,7.7916202978654345,0.07462907706345008,12.0,1.0,0.0,0.0,0.0,0.0,1.0
488,0.3749999962500001,0.7499999925000002,-0.02248591876629891,0.0,2.3828125,0.1328125,-0.1328125,2.033063249953557,-303.0433626480462,7.368272463281755e-07,7.7963830124248155,0.0748778493037786,12.0,1.0,0.0,0.0,0.0,0.0,1.0
489,0.3749999962500001,0.7499999925000002,-0.007656663021342232,0.0,2.375,0.4375,-0.4375,2.0389962079934776,-271.124120432424,7.368272463281755e-07,7.802353490482677,0.07512628508266062,12.0,1.0,0.0,0.0,0.0,0.0,1.0
490,0.3749999962500001,0.7499999925000002,-0.005123345727951014,0.0,2.40625,0.34375,-0.34375,2.062318708980456,-260.5663885734431,7.368272463281755e-07,7.808137904513966,0.0754053501084193,12.0,1.0,0.0,0.0,0.0,0.0,1.0
491,0.3749999962500001,0.7499999925000002,-0.0057023887216111615,0.0,2.3671875,0.2265625,-0.2265625,2.056463166954927,-269.3171447993874,7.368272463281755e-07,7.8135949264873155,0.07565759581683035,12.0,1.0,0.0,0.0,0.0,0.0,1.0
492,0.3749999962500001,0.7499999925000002,-0.03029785567806769,0.0,2.4453125,0.34375,-0.34375,2.091008374991361,-291.65470654490036,7.368272463281755e-07,7.818832960995761,0.07595307678407566,12.0,1.0,0.0,0.0,0.0,0.0,1.0
493,0.3749999962500001,0.7499999925000002,-0.01703262778941117,0.0,2.3828125,0.4609375,-0.4609375,2.0613924589706585,-305.09147667716275,7.368272463281755e-07,7.822924196720123,0.07622529471039095,12.0,1.0,0.0,0.0,0.0,0.0,1.0
494,0.3749999962500001,0.7499999925000002,-0.01308375286251845,0.0,2.3671875,0.203125,-0.203125,2.022501082974486,-332.72908434448857,7.368272463281755e-07,7.826010725714943,0.07649339020082896,12.0,1.0,0.0,0.0,0.0,0.0,1.0
495,0.3749999962500001,0.7499999925000002,-0.022924500355975708,0.0,2.4296875,0.1875,-0.1875,2.0980049580102786,-291.1460140529493,7.368272463281755e-07,7.829890169880607,0.07677936839701777,12.0,1.0,0.0,0.0,0.0,0.0,1.0
496,0.3749999962500001,0.7499999925000002,-0.011598632251960462,0.0,2.46875,0.46875,-0.46875,2.1245277910493314,-328.08526816245615,7.368272463281755e-07,7.832995084199038,0.07704888590590352,12.0,1.0,0.0,0.0,0.0,0.0,1.0
497,0.3749999962500001,0.7499999925000002,-0.006089163742424605,0.0,2.484375,0.1796875,-0.1796875,2.1295852080220357,-363.19876688299996,7.368272463281755e-07,7.83528838374398,0.0773317458383231,12.0,1.0,0.0,0.0,0.0,0.0,1.0
498,0.3749999962500001,0.7499999925000002,-0.01596763570282493,0.0,2.3671875,0.4296875,-0.4296875,2.0378562080441043,-277.4100602034959,7.368272463281755e-07,7.837585048242048,0.07759100321510976,12.0,1.0,0.0,0.0,0.0,0.0,1.0
499,0.3749999962500001,0.7499999925000002,-0.014056198715147092,0.0,2.421875,0.484375,-0.484375,2.0779760419973172,-317.57255382724105,7.368272463281755e-07,7.840250372886658,0.07784031301906164,12.0,1.0,0.0,0.0,0.0,0.0,1.0
500,0.3749999962500001,0.7499999925000002,-0.007146026590328972,0.0,2.359375,0.3671875,-0.3671875,2.0299759170156904,-319.2474590642316,7.368272463281755e-07,7.841779730536721,0.07809818788981912,12.0,1.0,0.0,0.0,0.0,0.0,1.0
