iteration,exploitability,nash_conv,actor_loss,average_lambda,mean_episode_length,mean_return_player0,mean_return_player1,wall_time_sec,scheduler_loss,gate_entropy,gate_regret_norm,gate_avg_utility,handoff_frozen_clusters,handoff_missing_clusters,gate_prob_actor,gate_prob_regret,gate_prob_ra,gate_prob_explore,gate_prob_cfr
1,0.4583333274999999,0.9166666549999998,0.0,0.20849667530777546,2.2578125,-0.125,0.125,1.9642261660192162,0.00018806400073202373,1.607581327118263,0.0,0.0,0.0,0.0,0.1976330257617066,0.20849667530777546,0.21385369916481956,0.19996502613938805,0.1800515809995493
2,0.3394522796755649,0.6789045593511298,8.122825400950148e-06,0.20487348163421726,2.21875,0.3046875,-0.3046875,1.904041750007309,0.00011481400536429416,1.6083026788604091,5.419313210686595e-10,-1.90691979158188e-12,0.0,0.0,0.19876398796766576,0.20487348163421726,0.21016657913864498,0.20203853314611273,0.1841574222584006
3,0.35414027634208295,0.7082805526841659,-3.7725685638469735e-05,0.2014647640237872,2.328125,0.015625,-0.015625,2.0104175829910673,-0.05146792079218028,1.6088058328468529,0.018746716451624373,1.6405453541811754e-07,2.0,0.0,0.19976266133505227,0.2014647640237872,0.20697097385289684,0.20305864697934797,0.18874295720918066
4,0.39055682259714597,0.7811136451942919,-9.116034706400243e-05,0.16365981887872905,2.28125,0.2265625,-0.2265625,1.978299624985084,0.2725243490278619,1.2782029394651504,0.03813486915108418,-3.2654299605046805e-07,2.0,0.0,0.15822546423910416,0.16365981887872905,0.16320708542041582,0.15986063127240088,0.3550470102935621
5,0.4075812760127866,0.8151625520255732,-0.00025990721349420645,0.1735494487552436,2.1640625,0.2421875,-0.2421875,2.0358100829762407,-0.3834606918038982,1.3239726623760628,0.06828714081414299,-1.4760672856924243e-05,2.0,1.0,0.1633335823186468,0.1735494487552436,0.16836949225367193,0.16384430068279432,0.33090319670064355
6,0.4030573918123489,0.8061147836246978,-0.00010338342136459336,0.18850684844726345,2.1953125,0.3046875,-0.3046875,1.924495459010359,-0.346418126401675,1.401997583410654,0.09832618136740413,-3.2280665651680934e-05,2.0,1.0,0.17178620960152446,0.18850684844726345,0.1774755183912257,0.17262942129182646,0.28960201472998515
7,0.35711478549059683,0.7142295709811937,-0.00042303705296409835,0.19310329252101005,2.203125,0.2734375,-0.2734375,1.954719083965756,-0.2828491380328192,1.3964147494597352,0.13091317739004313,-5.426213823047441e-05,2.0,1.0,0.16987573683050508,0.19310329252101005,0.17573817523447335,0.1701892408813145,0.291093573978184
8,0.2911629541009513,0.5823259082019026,-0.0001048647837048542,0.19385212077380004,2.3984375,0.15625,-0.15625,2.122480791003909,-0.14297320277726655,1.3656873238296101,0.149472830593974,-6.457909381059797e-05,2.0,0.0,0.1647191078732767,0.19385212077380004,0.17041957344410863,0.16601513622249764,0.30499407144245183
9,0.29352742388227726,0.5870548477645545,-0.00012523363915816065,0.19035272536353326,2.21875,0.0625,-0.0625,1.9262420419836417,0.08297124163995326,1.3058039947255444,0.17407289632440856,-7.634122229186839e-05,2.0,0.0,0.15623922598823695,0.19035272536353326,0.16154819826634836,0.15664971137130765,0.3352101536493906
10,0.28550171963726967,0.5710034392745393,-0.00025056814571886173,0.19544524252414702,2.1875,0.265625,-0.265625,1.9371709160041064,0.021429101218070304,1.306169476428056,0.19924899912439287,-0.00010132516137358512,2.0,0.0,0.1549068581312895,0.19544524252414702,0.16108305209449358,0.15525791235268116,0.3333069389952081
11,0.36248910427312253,0.7249782085462451,2.256946668619531e-05,0.21332271755560978,2.2734375,0.5390625,-0.5390625,2.055723541008774,-0.00920640399417107,1.3819999208311844,0.22998831130098552,-0.00013869197647409237,2.0,0.0,0.16187955720727795,0.21332271755560978,0.16901439510260252,0.16310950796219081,0.29267382749781984
12,0.3685372716374836,0.7370745432749672,-0.00037837733731418044,0.21340232767440653,2.109375,0.140625,-0.140625,1.8532254589954391,-0.46814725659787654,1.3392260308451198,0.28067319114184514,-0.00021600952178149865,2.0,1.0,0.1554829109598089,0.21340232767440653,0.16283918012071538,0.15562095206092905,0.31265463337854105
13,0.36194777057746697,0.7238955411549339,-0.0002940539555618656,0.21342301894636714,2.125,0.1875,-0.1875,1.8321282919496298,-0.5377621098955655,1.291660337943214,0.31126755135218526,-0.00026707879078458063,2.0,1.0,0.14790228578974218,0.21342301894636714,0.1558469974928919,0.1484808283036246,0.3343468742883381
14,0.3731521154213563,0.7463042308427126,-0.0007908180817591744,0.2399197690846289,2.125,0.1953125,-0.1953125,1.9034625419881195,-0.5483606304863796,1.4063042900976706,0.3370993031845005,-0.0003176986242656519,2.0,1.0,0.15914895133498838,0.2399197690846289,0.16873590675566127,0.16038101062397747,0.2718143709661329
15,0.3682889967417666,0.7365779934835333,-0.0005826384955021261,0.240199177583932,2.1328125,0.2578125,-0.2578125,1.8795157499844208,-0.5363225628406103,1.3568545340785165,0.36465410816229205,-0.00037778176966763897,2.0,1.0,0.15106916553153224,0.240199177583932,0.16101867211607349,0.15306083443182292,0.29465216147157297
16,0.3258862778186413,0.6517725556372826,-0.000725781033032074,0.2473744977292397,2.171875,0.203125,-0.203125,1.8701886670314707,-0.4895179591044489,1.3455406700107293,0.39629612012173643,-0.00045486435233628566,2.0,1.0,0.14735161336205846,0.2473744977292397,0.15824524704500925,0.1500058307064523,0.29702283040010674
17,0.3315426593743631,0.6630853187487262,-0.00024011690812786386,0.2640005139553029,2.15625,0.1015625,-0.1015625,1.9290247919852845,-0.6263630880925305,1.3789841793297954,0.42450483943420375,-0.0005389769316521283,2.0,1.0,0.14806815285397612,0.2640005139553029,0.1601575013196123,0.1514961296233578,0.27627771266776585
18,0.3274307751002472,0.6548615502004944,-0.0009993982592533452,0.24750149975220362,2.34375,-0.140625,0.140625,2.021460207994096,-0.5238535486518716,1.2426179390748981,0.42064589634537697,-0.0005985148141007812,2.0,0.0,0.13062348032991092,0.24750149975220362,0.14215180297692617,0.1348563780883948,0.3448668521642685
19,0.3082759273698856,0.6165518547397713,-0.0004577570347893284,0.24922297970213073,2.3203125,-0.0390625,0.0390625,2.000127082981635,-0.6190474583094733,1.195929046298055,0.45026485874162364,-0.0007226343173888002,2.0,0.0,0.12303871282624075,0.24922297970213073,0.1352110871863285,0.1278803878862047,0.3646468426844086
20,0.28884835316524643,0.5776967063304929,-0.000737358041074116,0.27608560209981964,2.2109375,-0.0234375,0.0234375,1.9849029160104692,-0.6291244362666873,1.2575523683846066,0.4787100094545167,-0.0008515340985013609,2.0,0.0,0.1259272714596334,0.27608560209981964,0.13969229540850164,0.13175601356863553,0.32653883036370834
21,0.24657503091484073,0.49315006182968146,-0.0010940156223402096,0.2829107404819557,2.1875,0.2578125,-0.2578125,1.8786612080293708,0.13038379546155088,1.2226098628961128,0.5037908474720704,-0.0009630993096531407,2.0,0.0,0.11912340952881745,0.2829107404819557,0.1332524550812585,0.125790058608566,0.3389233450272254
22,0.3088394132494094,0.6176788264988188,-0.0009555271567849523,0.2854142354594337,2.25,0.3828125,-0.3828125,1.904991333023645,0.38889211233860504,1.1671143817011413,0.526323012522577,-0.0010423042131163147,2.0,0.0,0.11075210260848205,0.2854142354594337,0.1250464397793015,0.11810178713252147,0.36068544583395123
23,0.2870631177861487,0.5741262355722974,-0.0004120559637192999,0.34267473243402713,2.0625,0.46875,-0.46875,1.8641659999848343,-0.8226371449347811,1.3079988461251615,0.6074632715476169,-0.0013316875596791017,2.0,1.0,0.12064364625874793,0.34267473243402713,0.13753334286086488,0.12859076312319798,0.2705575204595472
24,0.2859714601701585,0.571942920340317,-0.0014587610935206604,0.346326389515175,2.0703125,-0.078125,0.078125,1.86489879200235,-0.7612645872780737,1.218550465019191,0.6477048753506758,-0.0015369315161396198,2.0,1.0,0.10834265078576107,0.346326389515175,0.12473663597736719,0.11667752670791914,0.3039168150919788
25,0.2724295807169991,0.5448591614339982,-0.0018357088063652679,0.3668147475089667,2.0703125,0.0625,-0.0625,1.8185916250222363,-0.9989357407503533,1.1952717400968669,0.6911699390462176,-0.0017422471727596449,2.0,1.0,0.10228835375241513,0.3668147475089667,0.11897012782546709,0.11102241662875661,0.30090435046070024
26,0.2679931770294613,0.5359863540589226,-0.001125152442283589,0.39572606629200197,2.0859375,0.0546875,-0.0546875,1.8124989170464687,-1.0169921123286647,1.1920114107261714,0.7403991061093455,-0.0020055268713886935,2.0,1.0,0.09790221297562346,0.39572606629200197,0.11524522801240285,0.10724383561910315,0.28388265679391583
27,0.21682871591992586,0.4336574318398517,-0.0015300162052732465,0.414556344350179,2.1328125,-0.1171875,0.1171875,1.842400791007094,-1.1674165359967739,1.1511248294791576,0.7964641928715124,-0.0023428063974609936,2.0,1.0,0.09051696437619108,0.414556344350179,0.10783450927708176,0.10044073398078318,0.2866514640631693
28,0.26962872554598644,0.5392574510919729,-0.002049710825562556,0.3912536107232546,2.2890625,-0.0703125,0.0703125,2.009145083022304,-0.6893476805595662,1.0003610452985683,0.7655697091249749,-0.002380941629932446,2.0,0.0,0.07516022916539944,0.3912536107232546,0.09042973808766225,0.08459029712876362,0.35856613671922033
29,0.3426390746037008,0.6852781492074016,-0.0021492009806963587,0.44949223212644357,2.296875,0.0703125,-0.0703125,1.9818895000498742,-0.5983786832804152,1.0360257789778005,0.811090869984279,-0.0027459729670529973,2.0,0.0,0.07406638124260773,0.44949223212644357,0.09047260289999093,0.08427504832748653,0.3016937454642893
30,0.34201092000311073,0.6840218400062215,-0.002071224820561782,0.46564938075892576,2.234375,-0.0859375,0.0859375,1.929594375018496,0.17640889617060865,0.9561154339697647,0.8422321214651068,-0.003004744940578045,2.0,0.0,0.06430262546022456,0.46564938075892576,0.07957262605741307,0.0741322723614586,0.3163431059907783
31,0.3226710213862476,0.6453420427724952,-0.0034965123366182023,0.498034844063876,2.2265625,0.1796875,-0.1796875,1.9064616250107065,0.18523246440709684,0.9101259340479713,0.8724731576036323,-0.0032226555022961375,3.0,1.0,0.057877450083431446,0.498034844063876,0.07252365222625565,0.06754408643433922,0.30401998264224905
32,0.22401097108204643,0.44802194216409286,-0.0032969710274358644,0.4084453171974904,2.3125,-0.375,0.375,2.0842101669986732,0.13239255563097982,0.6736225891068426,0.9402055256068707,-0.003516211894748267,4.0,0.0,0.04027821048087365,0.4084453171974904,0.05120903021983198,0.04798468666755267,0.45208275451551416
33,0.22878799075421047,0.45757598150842094,-0.0033581397281102314,0.46439161287607067,2.140625,-0.203125,0.203125,1.8664928749785759,-0.5912112811491926,0.6864727909403556,0.9987573782828721,-0.003820870779401792,6.0,1.0,0.03897572674509818,0.46439161287607067,0.05015267015699923,0.046200163050615875,0.4002798334525449
34,0.27921124750002524,0.5584224950000505,-0.004434152991293963,0.37768067846926606,2.015625,-0.203125,0.203125,1.7253619160037488,-1.0272567758513542,0.5275220711081282,1.249066213145852,-0.00488293044600141,9.0,4.0,0.028968101222963297,0.37768067846926606,0.03767909150021945,0.034379895978657773,0.5212922292046769
35,0.23766846273110348,0.47533692546220696,-0.0039735645551178655,0.13551157573238015,2,-0.171875,0.171875,1.7249406659975648,-1.7907975816306134,0.19132518230828977,1.658768449909985,-0.007158098599802543,9.0,6.0,0.010352042576414533,0.13551157573238015,0.013172064675018191,0.012408377602696419,0.8285559486830607
36,0.24555840889261463,0.49111681778522925,-0.004558837244403223,0.13016514130868018,2,-0.34375,0.34375,1.75357741600601,-1.659279795366274,0.16209052139031277,1.8233669862772028,-0.007791850199282635,9.0,6.0,0.008207215141737834,0.13016514130868018,0.01056343229720369,0.009924691985361278,0.8411395140283275
37,0.2525075723659248,0.5050151447318496,-0.005218789373759929,0.1269572856836021,2,-0.3984375,0.3984375,1.7554432500037365,-1.6137182425018182,0.1372899411825257,1.9597450960427523,-0.008019637840334326,9.0,6.0,0.006437924777856097,0.1269572856836021,0.008392706571612507,0.007863982318667695,0.8503480933140963
38,0.2212759427423553,0.4425518854847106,-0.00521014241445636,0.15378547806135365,2.21875,-0.2890625,0.2890625,1.9165567079908215,-1.0083562424791728,0.12930822196165842,1.53768984021412,-0.006435384897410283,9.0,3.0,0.005265706048255235,0.15378547806135365,0.007051539292532793,0.006616402574827973,0.8272808677136478
39,0.28475709106214664,0.5695141821242933,-0.0048003747285856255,0.20047455569177555,2.2421875,0.0625,-0.0625,1.9097855840227567,1.13237125026054,0.14763991960628953,1.506188308650797,-0.006893097596978557,9.0,1.0,0.005539615171270296,0.20047455569177555,0.007484009956700876,0.007119182406402216,0.7793826480308477
40,0.19947780455163908,0.39895560910327815,-0.002927049796336455,0.13373661810351956,2.421875,-0.2578125,0.2578125,2.186915208993014,0.6198016322706075,0.08750466258687069,1.6394480123099955,-0.007790479392331856,9.0,1.0,0.0030216397597424447,0.13373661810351956,0.004143490954752891,0.003941882515866911,0.8551563657700054
41,0.1582788922903735,0.316557784580747,-0.0020978413145115453,0.16483090884366614,2.453125,-0.359375,0.359375,2.1431381669826806,0.46016637907344193,0.09739491178105134,1.7121307011693716,-0.008245797604765605,9.0,1.0,0.0031072939004582966,0.16483090884366614,0.004327555465850101,0.0041073425761928226,0.8236268973986435
42,0.1894586950841926,0.3789173901683852,-0.002627684571295459,0.19760362764199574,2.34375,-0.15625,0.15625,2.004286790965125,0.8783340610032125,0.10994063741465387,1.6614848144183105,-0.0076103477013847705,9.0,1.0,0.0033325710830589134,0.19760362764199574,0.004702257371197144,0.004402002704640229,0.7899595435708762
43,0.2552409190887013,0.5104818381774026,-0.0036323443182730004,0.20989174992832915,2.359375,-0.1484375,0.1484375,2.0315222080098465,0.30226883415822003,0.10866729157278457,1.6232842591337182,-0.0069501102400615555,10.0,1.0,0.0031279827551361147,0.20989174992832915,0.004481837276788737,0.0041780569899013105,0.778320382762429
44,0.3404548375292483,0.6809096750584966,-0.0003033746645138265,0.15054095642907278,2.078125,0.0703125,-0.0703125,1.7954658750095405,-0.6751537132131625,0.09400433517492145,1.5947209381583063,-0.006488327183681328,10.0,1.0,0.0029455529371822686,0.15054095642907278,0.004185822813358522,0.003833094625768805,0.8384945761216315
45,0.2536860707410972,0.5073721414821944,0.0006012747429966999,0.15202713544483965,2.1015625,0.1484375,-0.1484375,1.9567824589903466,-0.269973175488949,0.09507563906176611,1.5911636560816655,-0.005610829118681563,11.0,1.0,0.0029467249316852333,0.15202713544483965,0.004219435944765474,0.0038831451610007693,0.8369235533763928
46,0.3333333291666667,0.6666666583333334,-0.0002446986665170819,0.0802563247184328,2.1015625,-0.1171875,0.1171875,1.8093551250058226,-0.20694148481174782,0.052480597102953906,1.5211124005304142,-0.005215725793525714,11.0,1.0,0.001622587234668129,0.0802563247184328,0.0023342705362902256,0.0021755252185807353,0.9136112914264867
47,0.3333333291666667,0.6666666583333334,0.0010141876050753255,0.06783169995453278,2.1015625,0.1328125,-0.1328125,1.8447138339979574,-0.6613897162595189,0.042699581573808695,1.5134178682823072,-0.005171873743827085,11.0,1.0,0.0012814064534401805,0.06783169995453278,0.001868679150108068,0.0017176400593111507,0.9273005756913064
48,0.2916666629166667,0.5833333258333334,-0.0004089619913809045,0.050911934592507105,2.1484375,-0.03125,0.03125,1.8813977499958128,-0.8388799962688195,0.03061158651322785,1.6353429530493238,-0.005529989684212275,11.0,1.0,0.0008856077627702193,0.050911934592507105,0.0013103189251639626,0.0011876469308679755,0.9457044935226441
49,0.21288172491160118,0.42576344982320236,-0.0017527325459389855,0.049402246724313766,2.09375,-0.0703125,0.0703125,1.8503720830194652,-1.6031698628930147,0.02798595703430945,1.59637310459382,-0.0050048163150980445,11.0,3.0,0.0007724097874293577,0.049402246724313766,0.0011607944451050081,0.0010382352786055251,0.9476263114709907
50,0.21191990295907667,0.42383980591815335,-0.00016078021851508484,0.04978277625107184,2.2421875,-0.0546875,0.0546875,1.9272936250199564,-0.7320981539900655,0.02586292432940666,1.4079626146703959,-0.003596067346238256,11.0,1.0,0.0006683915334296143,0.04978277625107184,0.0010216915233625353,0.0009024697729104072,0.9476246748651777
51,0.11906104392343059,0.23812208784686117,0.00033064377566529,0.044161447290488876,2.3984375,-0.0625,0.0625,2.110081040998921,0.901003538582744,0.02077165317412715,1.4157305347987197,-0.002805349385281178,11.0,1.0,0.0004986963001252774,0.044161447290488876,0.0007772929238379973,0.0006768035062312692,0.9538857614809605
52,0.1191220470708315,0.238244094141663,0.00011070960080628684,0.030762613625139802,2.3125,-0.0234375,0.0234375,1.9520199590479024,1.7923731986155798,0.013530510202094866,1.4363331592387774,-0.0021580209850071697,11.0,1.0,0.0003082322497927659,0.030762613625139802,0.0004903988509967521,0.0004193015597962044,0.9680194538086653
53,0.11783000654311605,0.2356600130862321,-0.0009725078177909964,0.011801648680060426,2.4140625,-0.234375,0.234375,2.0537332500098273,1.6199376484320116,0.005128828912589394,1.4637738323177805,-0.0012262967019606467,11.0,1.0,0.00011478540484573463,0.011801648680060426,0.00018575986467518854,0.0001560162186236829,0.9877417894339484
54,0.11410951669967545,0.2282190333993509,0.0007533708242150035,0.009636596319110992,2.2109375,0.0859375,-0.0859375,1.8954007499851286,2.5849421955009015,0.004299272251374008,1.4936035929925062,-0.0011388659887333315,11.0,1.0,9.710444696905756e-05,0.009636596319110992,0.00015921976957009455,0.00013154880686699292,0.989975530864809
55,0.11378247470530953,0.22756494941061906,2.728464377162886e-05,0.03516026866351459,2.203125,0.03125,-0.03125,1.9654041250469163,1.9772512589413913,0.016884795545173404,1.5290044386109167,-0.0009385902614502066,11.0,1.0,0.00039761159106666314,0.03516026866351459,0.0006561624480688825,0.0005357648470564514,0.9632501933221699
56,0.15309648867094353,0.30619297734188705,-0.00032056951136260557,0.035977188059512305,2.125,0.140625,-0.140625,1.9088746250490658,0.8151429767111253,0.019156045435648437,1.5439474665644495,-0.0007692958461120725,11.0,1.0,0.00047892125953427134,0.035977188059512305,0.0007917816298739875,0.000641133964938276,0.962110977345968
57,0.3436263261982745,0.687252652396549,-0.0008954636444883026,0.01615825284451136,2.1171875,0.1640625,-0.1640625,1.8732180829974823,-0.23824447412436872,0.00959825763579762,1.5669443642043255,-0.0007042565638667755,11.0,1.0,0.00025600296311162937,0.01615825284451136,0.0004233109912529203,0.00034028674541144354,0.9828221471602187
58,0.36315117541127495,0.7263023508225499,-0.0008486449500529127,0.03305197903936393,2.0390625,0.0078125,-0.0078125,1.74513225001283,-1.066324947847471,0.02156531966951534,1.7090325416583154,-0.001547566229419317,11.0,3.0,0.0006077890337883741,0.03305197903936393,0.0010064400561239529,0.0008020080426186894,0.9645317853981508
59,0.3494883744495733,0.6989767488991466,-0.00037235291769505894,0.022796367870942327,2.046875,0.3046875,-0.3046875,1.7510626669973135,-1.449001668851764,0.015834063584344058,1.7432738753656547,-0.001656246357015334,11.0,3.0,0.00046232452914687515,0.022796367870942327,0.0007695988574214565,0.0006059844914169712,0.9753657221111632
60,0.31249999625,0.6249999925,-0.0015404962139867735,0.028724468068072672,2.078125,0.421875,-0.421875,1.8073346660239622,-1.6550464580375268,0.02050327963641614,1.7799007361754775,-0.0017292867075108613,12.0,3.0,0.0006070583288494806,0.028724468068072672,0.0010215458985334052,0.0007913253319106604,0.9688556038851577
61,0.31051938154542524,0.6210387630908505,-0.0009604849975411011,0.0,2.1171875,0.1484375,-0.1484375,1.8425640420173295,-0.1280892104483072,7.368272463281755e-07,2.0199604228308257,-0.0031450592326688243,12.0,1.0,0.0,0.0,0.0,0.0,1.0
62,0.26557559465441877,0.5311511893088375,0.00013434665529355282,0.0,2.15625,0.0390625,-0.0390625,1.860729750012979,-0.6179146485569156,7.368272463281755e-07,1.9075393777457066,-0.002909211886314248,12.0,0.0,0.0,0.0,0.0,0.0,1.0
63,0.2202337550513754,0.4404675101027508,0.0002412978564235832,0.0,2.125,-0.296875,0.296875,1.8662977920030244,-0.24271725496263946,7.368272463281755e-07,1.934326096593092,-0.0027765069418516455,12.0,0.0,0.0,0.0,0.0,0.0,1.0
64,0.2077396391059775,0.415479278211955,-0.00017560857271005207,0.0,2.1640625,-0.078125,0.078125,1.8380793340038508,0.3451050865495013,7.368272463281755e-07,1.974138390738517,-0.0026366641832282767,12.0,0.0,0.0,0.0,0.0,0.0,1.0
65,0.31249999375000015,0.6249999875000003,0.0015032751671093811,0.0,2.328125,-0.234375,0.234375,1.9846757920458913,-0.18683000495151425,7.368272463281755e-07,2.025160406405727,-0.0025253409476135857,12.0,0.0,0.0,0.0,0.0,0.0,1.0
66,0.22916666250000006,0.4583333250000001,0.00034355000551857694,0.0,2.2109375,-0.2890625,0.2890625,1.8824517079629004,2.769510934440861,7.368272463281755e-07,2.053993967051307,-0.0023891305133787455,12.0,0.0,0.0,0.0,0.0,0.0,1.0
67,0.24999999625000008,0.49999999250000016,-8.122335816423092e-05,0.0,2.203125,-0.03125,0.03125,1.8763636669609696,2.8404437024374403,7.368272463281755e-07,2.101609735749662,-0.002362149896119566,12.0,0.0,0.0,0.0,0.0,0.0,1.0
68,0.22916666333333335,0.4583333266666667,0.00023026102600610222,0.0,2.171875,-0.21875,0.21875,1.8518612500047311,1.2422836307742342,7.368272463281755e-07,2.151976290779809,-0.002870973095317216,12.0,0.0,0.0,0.0,0.0,0.0,1.0
69,0.22916666333333335,0.4583333266666667,-0.001137598960065384,0.0,2.1953125,-0.0078125,0.0078125,1.9615170410252176,1.1479649558415106,7.368272463281755e-07,2.217349591975411,-0.003347306090290658,12.0,0.0,0.0,0.0,0.0,0.0,1.0
70,0.18749999708333337,0.37499999416666674,-0.0004389166469981413,0.0,2.140625,0.0703125,-0.0703125,1.868902333022561,1.5581636577812754,7.368272463281755e-07,2.2718675726403794,-0.003616802549610535,12.0,0.0,0.0,0.0,0.0,0.0,1.0
71,0.22935920239190538,0.45871840478381076,-0.0006830643178959984,0.0,2.1640625,-0.203125,0.203125,1.8358754999935627,0.734470092570758,7.368272463281755e-07,2.32075982230405,-0.003579752129250361,12.0,0.0,0.0,0.0,0.0,0.0,1.0
72,0.18901024302887892,0.37802048605775784,-0.0006979501458603596,0.0,2.1484375,-0.109375,0.109375,1.8700376250199042,0.5364271557471841,7.368272463281755e-07,2.3682038482899466,-0.0036108489493926754,12.0,0.0,0.0,0.0,0.0,0.0,1.0
73,0.19080050314575137,0.38160100629150273,-0.00329593924605131,0.0,2.4140625,0.078125,-0.078125,2.0508312080055475,1.1770627419893784,7.368272463281755e-07,2.404664642720794,-0.003593152250687126,12.0,0.0,0.0,0.0,0.0,0.0,1.0
74,0.19125546804127508,0.38251093608255016,-0.0014662168837252165,0.0,2.3671875,0.1328125,-0.1328125,2.109157375001814,1.294039456713399,7.368272463281755e-07,2.45559636130929,-0.003583410910020272,12.0,0.0,0.0,0.0,0.0,0.0,1.0
75,0.215825280473457,0.431650560946914,-0.000710014969327266,0.0,2.390625,0.0703125,-0.0703125,2.081506166025065,1.2243174967524182,7.368272463281755e-07,2.496960507084926,-0.0036144861248127804,12.0,0.0,0.0,0.0,0.0,0.0,1.0
76,0.21492231672738166,0.4298446334547633,-0.0031330743078258967,0.0,2.3359375,0.0546875,-0.0546875,2.01938362501096,0.48434112325192347,7.368272463281755e-07,2.12227767909115,-0.0013612179530107162,12.0,1.0,0.0,0.0,0.0,0.0,1.0
77,0.24960580544981564,0.4992116108996313,-0.002202336271811605,0.0,2.203125,0.1953125,-0.1953125,1.9107464170083404,0.950185024529177,7.368272463281755e-07,2.1497130637819115,-0.0014899828741115264,12.0,1.0,0.0,0.0,0.0,0.0,1.0
78,0.2501597840175924,0.5003195680351848,-0.000142950939964247,0.0,2.171875,0.0546875,-0.0546875,1.8346793340169825,1.201812277009071,7.368272463281755e-07,2.166779297996651,-0.0016023881140757692,12.0,1.0,0.0,0.0,0.0,0.0,1.0
79,0.24020693483981403,0.48041386967962807,-0.003445738296619524,0.0,2.109375,0.3515625,-0.3515625,1.8097035420360044,0.8639582365182125,7.368272463281755e-07,2.1829455149444668,-0.0016903922766108405,12.0,1.0,0.0,0.0,0.0,0.0,1.0
80,0.2180039158977269,0.4360078317954538,-0.0010848967518140675,0.0,2.078125,0.1875,-0.1875,1.907181957969442,-0.08894101750233414,7.368272463281755e-07,2.1811092394319447,-0.001907267705643211,12.0,1.0,0.0,0.0,0.0,0.0,1.0
81,0.37415258472620105,0.7483051694524021,-0.0023116523580023834,0.0,2.0625,0.046875,-0.046875,1.7957976660109125,0.10993690622324886,7.368272463281755e-07,2.124526123092933,-0.0015205347974022682,12.0,1.0,0.0,0.0,0.0,0.0,1.0
82,0.3731754704297795,0.746350940859559,-0.0014490307423543631,0.0,2.0859375,-0.1875,0.1875,1.7901418749825098,0.012168055561140933,7.368272463281755e-07,2.1642065631846585,-0.0018287240074843997,12.0,3.0,0.0,0.0,0.0,0.0,1.0
83,0.3309956887134887,0.6619913774269774,-0.001998432648305392,0.0,2.046875,-0.1796875,0.1796875,1.7669152910239063,0.30395213914555247,7.368272463281755e-07,2.1477299473351903,-0.0019321997582058732,12.0,3.0,0.0,0.0,0.0,0.0,1.0
84,0.2901610441967078,0.5803220883934156,-0.001856509936562304,0.0,2.1015625,-0.0859375,0.0859375,1.8151524169952609,-0.18127452350155793,7.368272463281755e-07,2.17264686524868,-0.0019966076619716156,12.0,3.0,0.0,0.0,0.0,0.0,1.0
85,0.2904648940046404,0.5809297880092807,-0.0013344128784310023,0.0,2.125,-0.25,0.25,1.8297575830365531,-0.2479766731343903,7.368272463281755e-07,2.1999280783865185,-0.0020046362381738922,12.0,3.0,0.0,0.0,0.0,0.0,1.0
86,0.2908693722260232,0.5817387444520464,-0.0026380261434152614,0.0,2.15625,-0.1328125,0.1328125,1.8544324159738608,-0.8279976088450749,7.368272463281755e-07,2.2861185224726794,-0.001138370814442169,12.0,2.0,0.0,0.0,0.0,0.0,1.0
87,0.29129091190102907,0.5825818238020581,-0.0005127482749952802,0.0,2.140625,-0.078125,0.078125,1.8483883750159293,-0.8149474764049026,7.368272463281755e-07,2.2295539716465607,-0.002362363550168488,12.0,3.0,0.0,0.0,0.0,0.0,1.0
88,0.29151458538127906,0.5830291707625581,9.971787861157967e-05,0.0,2.125,-0.015625,0.015625,1.8881985420011915,-0.688967981695896,7.368272463281755e-07,2.250274795211024,-0.0024303931212570104,12.0,3.0,0.0,0.0,0.0,0.0,1.0
89,0.2916666633227387,0.5833333266454774,-0.0026286400626965812,0.0,2.1796875,0.03125,-0.03125,1.8856806670082733,-0.7851694211043337,7.368272463281755e-07,2.2716467699242964,-0.0025371665671829963,12.0,3.0,0.0,0.0,0.0,0.0,1.0
90,0.3541306728643485,0.708261345728697,-0.0046700883974541245,0.0,2.1171875,-0.125,0.125,1.8201508750207722,-0.8848130625227597,7.368272463281755e-07,2.2931947203146086,-0.002597367714366151,12.0,3.0,0.0,0.0,0.0,0.0,1.0
91,0.39583332875000005,0.7916666575000001,-0.0013783330239083163,0.0,2.2265625,-0.203125,0.203125,2.084304250020068,-0.4608241104512688,7.368272463281755e-07,2.8068117539991033,-0.00430440613259138,12.0,1.0,0.0,0.0,0.0,0.0,1.0
92,0.375015090183495,0.75003018036699,-0.0009107112836285212,0.0,2.21875,-0.109375,0.109375,1.8985371660091914,0.11467603752209188,7.368272463281755e-07,2.866498426280238,-0.004500143404584378,12.0,1.0,0.0,0.0,0.0,0.0,1.0
93,0.27049571542858947,0.5409914308571789,-0.002431436382282735,0.0,2.2421875,-0.078125,0.078125,1.907369207998272,0.28954043973623433,7.368272463281755e-07,2.686742674559355,-0.004328144112757097,12.0,0.0,0.0,0.0,0.0,0.0,1.0
94,0.27001007289807444,0.5400201457961489,-9.352422961340741e-05,0.0,2.359375,0.0546875,-0.0546875,2.0323591249762103,1.5232539043448778,7.368272463281755e-07,2.718702683225274,-0.003990584444788207,12.0,0.0,0.0,0.0,0.0,0.0,1.0
95,0.2695589132857116,0.5391178265714232,-0.0014485476342440632,0.0,2.3359375,0.09375,-0.09375,2.005799082980957,1.3121040398846802,7.368272463281755e-07,2.7604455997546515,-0.003915807167989745,12.0,0.0,0.0,0.0,0.0,0.0,1.0
96,0.26879957904126994,0.5375991580825399,2.607124287671882e-05,0.0,2.2734375,0.1015625,-0.1015625,1.9363378749694675,1.9358693961885396,7.368272463281755e-07,2.793290452721218,-0.004057376570320533,12.0,0.0,0.0,0.0,0.0,0.0,1.0
97,0.26806850085633016,0.5361370017126603,-0.0005311116777144528,0.0,2.25,-0.125,0.125,1.9450737499864772,1.998458524996143,7.368272463281755e-07,2.8303429431592426,-0.0042477233849543454,12.0,0.0,0.0,0.0,0.0,0.0,1.0
98,0.2678227245826901,0.5356454491653801,-0.0021511419466548024,0.0,2.328125,0.0859375,-0.0859375,1.9515146249905229,1.8728501625935665,7.368272463281755e-07,2.862164679914713,-0.004352450875254969,12.0,0.0,0.0,0.0,0.0,0.0,1.0
99,0.26807781946175147,0.5361556389235029,-0.00038518622301810586,0.0,2.234375,-0.0390625,0.0390625,1.8824942919891328,1.8161041472881374,7.368272463281755e-07,2.887656764437755,-0.004558049840852618,12.0,0.0,0.0,0.0,0.0,0.0,1.0
100,0.2689961221123782,0.5379922442247564,-0.0006490834002188445,0.0,2.2734375,-0.2734375,0.2734375,1.9598467499599792,1.7274912834820366,7.368272463281755e-07,2.917398144801458,-0.004885923030087724,12.0,0.0,0.0,0.0,0.0,0.0,1.0
101,0.22901619889503724,0.4580323977900745,-0.0022344072182030176,0.0,2.2578125,0.0390625,-0.0390625,1.9298087499919347,1.6746909662369787,7.368272463281755e-07,2.9355037237207093,-0.0051704322298367815,12.0,0.0,0.0,0.0,0.0,0.0,1.0
102,0.22883304194702,0.45766608389404,-0.003750431696110124,0.0,2.359375,0.2734375,-0.2734375,2.017442917043809,0.6811791630114878,7.368272463281755e-07,2.9499941977361837,-0.00539551241187534,12.0,0.0,0.0,0.0,0.0,0.0,1.0
103,0.22691569640409573,0.45383139280819146,-0.0023411385867869164,0.0,2.4453125,0.2109375,-0.2109375,2.196691833960358,0.7779940794573162,7.368272463281755e-07,2.974014785140753,-0.0054527647569860465,12.0,0.0,0.0,0.0,0.0,0.0,1.0
104,0.2211293911587152,0.4422587823174304,-0.0007298323576457818,0.0,2.375,-0.078125,0.078125,2.0476594580104575,0.9564988750881687,7.368272463281755e-07,3.000677440315485,-0.005772042196137288,12.0,0.0,0.0,0.0,0.0,0.0,1.0
105,0.18636275539104183,0.37272551078208366,-0.0007388743838555582,0.0,2.46875,0.21875,-0.21875,2.195264792011585,0.6831694518464995,7.368272463281755e-07,3.0109277994682393,-0.005894286742356296,12.0,0.0,0.0,0.0,0.0,0.0,1.0
106,0.18574770026043808,0.37149540052087615,-6.065090197569492e-05,0.0,2.2109375,0.1484375,-0.1484375,1.9058883750112727,1.2779673042496529,7.368272463281755e-07,2.9342735409736633,-0.00513627096855392,12.0,0.0,0.0,0.0,0.0,0.0,1.0
107,0.18530053441723557,0.37060106883447114,-0.0010686444845763397,0.0,2.390625,0.0,0.0,2.06334033398889,1.2254761652168786,7.368272463281755e-07,2.921991104260087,-0.004545583962074791,12.0,0.0,0.0,0.0,0.0,0.0,1.0
108,0.1850242162278855,0.370048432455771,0.0001411664743181005,0.0,2.3125,0.234375,-0.234375,1.956842916959431,1.1554927772014856,7.368272463281755e-07,2.9974107556045055,-0.004338320373790339,12.0,0.0,0.0,0.0,0.0,0.0,1.0
109,0.20571554313206625,0.4114310862641325,0.0009305216466870286,0.0,2.3828125,0.140625,-0.140625,2.008774333051406,1.3094311360071307,7.368272463281755e-07,3.033160903801521,-0.004157043353188783,12.0,0.0,0.0,0.0,0.0,0.0,1.0
110,0.2057138946806706,0.4114277893613412,0.000684446324876244,0.0,2.40625,-0.140625,0.140625,2.054650124977343,0.6942873229695992,7.368272463281755e-07,2.4898721142248674,9.277014760300517e-05,12.0,1.0,0.0,0.0,0.0,0.0,1.0
111,0.20586464843792923,0.41172929687585846,-0.0002893596449864828,0.0,2.4375,-0.1875,0.1875,2.0642164169694297,0.9549789416412704,7.368272463281755e-07,2.4994511252099816,0.0004161953799087893,12.0,1.0,0.0,0.0,0.0,0.0,1.0
112,0.2061021167879687,0.4122042335759374,-0.0008938801765097553,0.0,2.140625,0.6015625,-0.6015625,1.8993540000519715,0.45660436536477755,7.368272463281755e-07,2.287269601225853,-0.0007689354009926319,12.0,2.0,0.0,0.0,0.0,0.0,1.0
113,0.20600767485160523,0.41201534970321047,-0.0010334240272014805,0.0,2.171875,0.375,-0.375,1.863233708019834,0.8151053743597736,7.368272463281755e-07,2.527205616235733,0.0006747060370716182,12.0,1.0,0.0,0.0,0.0,0.0,1.0
114,0.12499999750000007,0.24999999500000014,-0.002431772368861254,0.0,2.1875,0.2265625,-0.2265625,1.8698205419932492,0.9692634740678061,7.368272463281755e-07,2.5361294990236107,0.0008042005568065426,12.0,1.0,0.0,0.0,0.0,0.0,1.0
115,0.12499999750000007,0.24999999500000014,-0.00021312444326680922,0.0,2.21875,-0.0546875,0.0546875,1.902608042000793,1.3205628521956871,7.368272463281755e-07,2.533168012445623,0.0009166535158080726,12.0,1.0,0.0,0.0,0.0,0.0,1.0
116,0.1249999975000001,0.2499999950000002,-0.0029282655113709315,0.0,2.0625,0.0234375,-0.0234375,1.7292131249560043,1.7190968486229945,7.368272463281755e-07,2.2931222818791865,-0.0005846985033713282,12.0,2.0,0.0,0.0,0.0,0.0,1.0
117,0.1249999975000001,0.2499999950000002,-0.0007575530850463056,0.0,2.0625,0.1015625,-0.1015625,1.737202874966897,1.6259521296896944,7.368272463281755e-07,2.3187402971088886,-0.0007501670625060797,12.0,2.0,0.0,0.0,0.0,0.0,1.0
118,0.1249999975000001,0.2499999950000002,-0.002463715136329716,0.0,2.0703125,0.03125,-0.03125,1.7577964160009287,1.7436786235538575,7.368272463281755e-07,2.3500163450837137,-0.0007138696499168872,12.0,2.0,0.0,0.0,0.0,0.0,1.0
119,0.12499999750000007,0.24999999500000014,3.7555739257014696e-05,0.0,2.078125,-0.0859375,0.0859375,1.764847540995106,1.729848645247617,7.368272463281755e-07,2.3856240540742872,-0.0006791214924305678,12.0,2.0,0.0,0.0,0.0,0.0,1.0
120,0.12499999750000007,0.24999999500000014,-9.774281711977202e-05,0.0,2.109375,0.0625,-0.0625,1.8406934579834342,1.620388199414851,7.368272463281755e-07,2.414240211248398,-0.0006608525756746531,12.0,2.0,0.0,0.0,0.0,0.0,1.0
121,0.1249999975000001,0.2499999950000002,-0.0025168332613460646,0.0,2.0703125,0.0859375,-0.0859375,1.7802408749703318,1.7727128276460857,7.368272463281755e-07,2.4406940281391143,-0.0006317791994661093,12.0,2.0,0.0,0.0,0.0,0.0,1.0
122,0.12499999750000007,0.24999999500000014,-0.0021311909429616526,0.0,2.125,0.15625,-0.15625,1.8157641249708831,1.7182388579890624,7.368272463281755e-07,2.472108629345894,-0.0009143830742686987,12.0,2.0,0.0,0.0,0.0,0.0,1.0
123,0.12499999750000007,0.24999999500000014,-0.0005210955463074077,0.0,2.1015625,0.03125,-0.03125,1.768120041990187,1.801835081840391,7.368272463281755e-07,2.5036483883857725,-0.0011367643252015113,12.0,2.0,0.0,0.0,0.0,0.0,1.0
124,0.12499999750000007,0.24999999500000014,-0.0003904880959907305,0.0,2.046875,-0.0078125,0.0078125,1.7990048750070855,1.8477565928891955,7.368272463281755e-07,2.5548449128866197,-0.0016999962972477078,12.0,2.0,0.0,0.0,0.0,0.0,1.0
125,0.12499999750000007,0.24999999500000014,-0.0027182428109721723,0.0,2.0625,-0.0703125,0.0703125,1.7681324579752982,1.9480024197572758,7.368272463281755e-07,2.6097284346818923,-0.0021811494370922446,12.0,2.0,0.0,0.0,0.0,0.0,1.0
126,0.10416666416666673,0.20833332833333346,-0.00023526386239464757,0.0,2.09375,-0.0546875,0.0546875,1.7749962080270052,2.0192403764066063,7.368272463281755e-07,2.658745563030243,-0.0024986116448417308,12.0,2.0,0.0,0.0,0.0,0.0,1.0
127,0.10416666416666673,0.20833332833333346,-0.001519048510364723,0.0,2.109375,0.171875,-0.171875,1.8570464579970576,2.027746820046256,7.368272463281755e-07,3.2556630345908077,-0.006843307665390471,12.0,1.0,0.0,0.0,0.0,0.0,1.0
128,0.10416666416666673,0.20833332833333346,-0.0005255085379424782,0.0,2.0859375,-0.046875,0.046875,1.9376327500212938,2.2366685443025864,7.368272463281755e-07,3.299365062605251,-0.006829159807900644,12.0,1.0,0.0,0.0,0.0,0.0,1.0
129,0.10416666416666673,0.20833332833333346,-0.002374253494934475,0.0,2.15625,0.0625,-0.0625,1.9392011250020005,2.0227901044207206,7.368272463281755e-07,3.306927575306459,-0.006761922765607861,12.0,1.0,0.0,0.0,0.0,0.0,1.0
130,0.10416666416666676,0.2083333283333335,-0.0003091155723759844,0.0,2.15625,-0.1875,0.1875,1.8310107089928351,1.9149195361339177,7.368272463281755e-07,3.4459558241069317,-0.004905140745298316,12.0,0.0,0.0,0.0,0.0,0.0,1.0
131,0.1041666641666667,0.2083333283333334,-0.002338168051885796,0.0,2.125,-0.015625,0.015625,1.7777134170173667,2.1744505343684817,7.368272463281755e-07,3.3444105224175886,-0.006612004976804284,12.0,1.0,0.0,0.0,0.0,0.0,1.0
132,0.10416666416666673,0.20833332833333346,-0.0008755701998903414,0.0,2.1484375,-0.015625,0.015625,1.7891765409731306,2.118311508457092,7.368272463281755e-07,3.3726697374473917,-0.006681406965733252,12.0,1.0,0.0,0.0,0.0,0.0,1.0
133,0.10416666416666673,0.20833332833333346,-0.00031799763177541566,0.0,2.09375,0.0703125,-0.0703125,1.7931437499937601,2.092796987774886,7.368272463281755e-07,3.3989293439821764,-0.006706114911304956,12.0,1.0,0.0,0.0,0.0,0.0,1.0
134,0.10416666416666673,0.20833332833333346,-0.0003095167716478205,0.0,2.2890625,0.0078125,-0.0078125,1.9358753749984317,1.6919720565992384,7.368272463281755e-07,3.5375756844878197,-0.004885423831486453,12.0,0.0,0.0,0.0,0.0,0.0,1.0
135,0.10416666416666673,0.20833332833333346,-0.0010200194301818127,0.0,2.2890625,-0.109375,0.109375,1.9500950000365265,1.6290701763384972,7.368272463281755e-07,3.486264929175377,-0.004125252322410233,12.0,0.0,0.0,0.0,0.0,0.0,1.0
136,0.10416666416666673,0.20833332833333346,-0.0026688499542835086,0.0,2.359375,-0.0625,0.0625,1.9988747499883175,1.4991204352935295,7.368272463281755e-07,3.4475229866802692,-0.0031879393791314214,12.0,0.0,0.0,0.0,0.0,0.0,1.0
137,0.10416666416666673,0.20833332833333346,0.0011768170085232751,0.0,2.2890625,0.046875,-0.046875,2.0411857499857433,1.6381831623172012,7.368272463281755e-07,3.496654734015465,-0.0025544616122109196,12.0,0.0,0.0,0.0,0.0,0.0,1.0
138,0.10416666416666673,0.20833332833333346,-0.0013320988504570256,0.0,2.3515625,-0.125,0.125,2.01916737499414,1.5490272984100488,7.368272463281755e-07,3.5703240210811296,-0.002065434237010777,12.0,0.0,0.0,0.0,0.0,0.0,1.0
139,0.10416666416666673,0.20833332833333346,-8.510696170998465e-05,0.0,2.359375,-0.1484375,0.1484375,1.9874100830056705,1.2751712800899446,7.368272463281755e-07,3.633600408832232,-0.0017828663015582908,12.0,0.0,0.0,0.0,0.0,0.0,1.0
140,0.10416666416666673,0.20833332833333346,0.0017465245244831541,0.0,2.3203125,0.0234375,-0.0234375,1.97239533404354,1.4949336365878156,7.368272463281755e-07,3.6832441041866937,-0.0017288497862561296,12.0,0.0,0.0,0.0,0.0,0.0,1.0
141,0.10416666416666673,0.20833332833333346,-0.0023878807984095,0.0,2.2109375,0.015625,-0.015625,1.8571753340074793,1.6718909678817808,7.368272463281755e-07,3.678975177307924,-0.002069417523064961,12.0,0.0,0.0,0.0,0.0,0.0,1.0
142,0.10416666416666673,0.20833332833333346,-0.0027231833280307216,0.0,2.2421875,-0.1171875,0.1171875,1.90708012500545,1.5408193891468858,7.368272463281755e-07,3.6874168813228607,-0.002525377679072941,12.0,0.0,0.0,0.0,0.0,0.0,1.0
143,0.10416666416666673,0.20833332833333346,-0.0017927533819729706,0.0,2.2421875,-0.0703125,0.0703125,1.8972833749721758,1.725155002383989,7.368272463281755e-07,3.69656307498614,-0.002581243965929995,12.0,0.0,0.0,0.0,0.0,0.0,1.0
144,0.10416666416666673,0.20833332833333346,-0.0025008928625203553,0.0,2.265625,-0.0078125,0.0078125,1.9285419580410235,1.5198959289760938,7.368272463281755e-07,3.7073446760574975,-0.00264474119952259,12.0,0.0,0.0,0.0,0.0,0.0,1.0
145,0.10416666416666673,0.20833332833333346,-0.0013283218619325003,0.0,2.3828125,-0.078125,0.078125,2.0494472089922056,1.427555544478208,7.368272463281755e-07,3.765358110268911,-0.0022694776416756213,12.0,0.0,0.0,0.0,0.0,0.0,1.0
146,0.10416666416666673,0.20833332833333346,-0.003897357139338314,0.0,2.3359375,-0.125,0.125,1.9850226669805124,1.6265933479877022,7.368272463281755e-07,3.8128079970677695,-0.0018915929346500586,12.0,0.0,0.0,0.0,0.0,0.0,1.0
147,0.10416666416666673,0.20833332833333346,-0.0032169812369944543,0.0,2.3125,0.03125,-0.03125,1.9557538340450265,1.5322405720437167,7.368272463281755e-07,3.858739914993445,-0.0017002471528636913,12.0,0.0,0.0,0.0,0.0,0.0,1.0
148,0.10416666416666673,0.20833332833333346,0.0008762189811457628,0.0,2.4453125,-0.1875,0.1875,2.0555267500458285,1.4063704645606323,7.368272463281755e-07,3.8709714064995446,-0.0018586066435091197,12.0,0.0,0.0,0.0,0.0,0.0,1.0
149,0.10416666416666673,0.20833332833333346,-0.0018130250568752534,0.0,2.4375,0.046875,-0.046875,2.042913959012367,1.575833135232992,7.368272463281755e-07,3.8899138793349266,-0.0018243982534234722,12.0,0.0,0.0,0.0,0.0,0.0,1.0
150,0.10416666416666673,0.20833332833333346,-0.0033087338981229557,0.0,2.3984375,-0.09375,0.09375,2.0395639589987695,1.5668112899552946,7.368272463281755e-07,3.9156887655456862,-0.0019573707637997964,12.0,0.0,0.0,0.0,0.0,0.0,1.0
151,0.10416666416666673,0.20833332833333346,-0.000604582426155653,0.0,2.265625,0.0546875,-0.0546875,1.9411306249676272,1.7263853974656427,7.368272463281755e-07,3.7351336506280033,-0.004610601854933934,12.0,1.0,0.0,0.0,0.0,0.0,1.0
152,0.10416666416666673,0.20833332833333346,-0.002284979271347483,0.0,2.28125,-0.0859375,0.0859375,1.9406055419822223,1.55112519232502,7.368272463281755e-07,3.8615857710440955,-0.002987831006369864,12.0,0.0,0.0,0.0,0.0,0.0,1.0
153,0.10416666416666673,0.20833332833333346,-0.0005568449902106732,0.0,2.2421875,0.2421875,-0.2421875,1.9043979169800878,1.769721341796401,7.368272463281755e-07,3.8611513152718544,-0.0028750756852483996,12.0,0.0,0.0,0.0,0.0,0.0,1.0
154,0.10416666416666673,0.20833332833333346,0.0012898650847948368,0.0,2.3984375,-0.2421875,0.2421875,2.0426524999784306,1.5700916319047267,7.368272463281755e-07,3.9502523144086203,-0.0025357079963820675,12.0,0.0,0.0,0.0,0.0,0.0,1.0
155,0.10416666416666673,0.20833332833333346,-0.0015162188487152868,0.0,2.359375,0.1796875,-0.1796875,1.9787588329636492,1.4275176216025578,7.368272463281755e-07,4.005599528551102,-0.001809153667030235,12.0,0.0,0.0,0.0,0.0,0.0,1.0
156,0.10416666416666673,0.20833332833333346,0.002007473955022967,0.0,2.3203125,-0.1171875,0.1171875,1.962317083030939,1.637089987771283,7.368272463281755e-07,4.074434054394563,-0.0015740720167135198,12.0,0.0,0.0,0.0,0.0,0.0,1.0
157,0.10416666416666673,0.20833332833333346,-0.0008606989351333752,0.0,2.3671875,-0.0703125,0.0703125,2.016050750040449,1.5664554576100567,7.368272463281755e-07,4.135639960567157,-0.0013936617663906266,12.0,0.0,0.0,0.0,0.0,0.0,1.0
158,0.10416666416666673,0.20833332833333346,-0.00023128365223480446,0.0,2.46875,-0.2109375,0.2109375,2.082740832993295,1.4727681989374841,7.368272463281755e-07,4.175850649674733,-0.0012946876813657582,12.0,0.0,0.0,0.0,0.0,0.0,1.0
159,0.10416666416666673,0.20833332833333346,-0.0027031790278633956,0.0,2.2109375,-0.125,0.125,1.8840217919787392,1.6827835125837132,7.368272463281755e-07,4.142348167796929,-0.001710088273587947,12.0,0.0,0.0,0.0,0.0,0.0,1.0
160,0.10416666416666673,0.20833332833333346,0.0008525002839052979,0.0,2.234375,-0.125,0.125,1.9286537090083584,1.7471199038424658,7.368272463281755e-07,4.135143640140693,-0.002006681839702651,12.0,0.0,0.0,0.0,0.0,0.0,1.0
161,0.10416666416666673,0.20833332833333346,-0.0007567242135736614,0.0,2.21875,-0.0078125,0.0078125,1.8694377499632537,1.3673050420501838,7.368272463281755e-07,4.0787883922457695,-0.0017179127607960254,12.0,0.0,0.0,0.0,0.0,0.0,1.0
162,0.10416666416666673,0.20833332833333346,-0.0026003595148022993,0.0,2.3828125,-0.0390625,0.0390625,2.0027696670149453,1.5638920278899127,7.368272463281755e-07,4.1310652668277426,-0.0010157567060862978,12.0,0.0,0.0,0.0,0.0,0.0,1.0
163,0.10416666416666673,0.20833332833333346,0.001948458395067905,0.0,2.3125,-0.015625,0.015625,1.9408782920218073,1.375566441284546,7.368272463281755e-07,4.175459824502468,-7.781247647168736e-05,12.0,0.0,0.0,0.0,0.0,0.0,1.0
164,0.10416666416666673,0.20833332833333346,-0.002920309445691098,0.0,2.3671875,0.0625,-0.0625,1.995341665984597,1.3762733077387581,7.368272463281755e-07,4.2369024977087975,0.000115944897212709,12.0,0.0,0.0,0.0,0.0,0.0,1.0
165,0.10416666416666673,0.20833332833333346,0.00045801707427206367,0.0,2.3828125,-0.140625,0.140625,1.9965254589915276,1.6181150309361716,7.368272463281755e-07,4.29062873373429,0.0004742873425129801,12.0,0.0,0.0,0.0,0.0,0.0,1.0
166,0.10416666416666673,0.20833332833333346,-0.0014250158371381814,0.0,2.375,0.0078125,-0.0078125,2.0042654999997467,1.6767597802440593,7.368272463281755e-07,4.340232941011588,0.000463191526553904,12.0,0.0,0.0,0.0,0.0,0.0,1.0
167,0.10416666416666673,0.20833332833333346,-0.00023342685000401464,0.0,2.3828125,0.015625,-0.015625,2.0139199580298737,1.5482230167133642,7.368272463281755e-07,4.38754178583622,0.00037378691680108506,12.0,0.0,0.0,0.0,0.0,0.0,1.0
168,0.10416666416666673,0.20833332833333346,-0.0014332254072479918,0.0,2.265625,-0.0390625,0.0390625,1.9535211250185966,1.399697752836048,7.368272463281755e-07,4.370141843954722,-0.00039880160087098676,12.0,0.0,0.0,0.0,0.0,0.0,1.0
169,0.10416666416666673,0.20833332833333346,-0.004757453828927883,0.0,2.234375,-0.171875,0.171875,1.8977327090105973,1.6700874420134855,7.368272463281755e-07,4.357418864965439,-0.0009990037166668724,12.0,0.0,0.0,0.0,0.0,0.0,1.0
170,0.10416666416666673,0.20833332833333346,0.0007429907178237002,0.0,2.375,-0.1015625,0.1015625,2.0113305410486646,1.6276347860434486,7.368272463281755e-07,4.432593810061614,-0.0004220952493293832,12.0,0.0,0.0,0.0,0.0,0.0,1.0
171,0.10416666416666673,0.20833332833333346,-0.0027498906369069426,0.0,2.3515625,0.0078125,-0.0078125,1.9948902500327677,1.4780622823446203,7.368272463281755e-07,4.4976623977224035,0.00015943644878764948,12.0,0.0,0.0,0.0,0.0,0.0,1.0
172,0.10416666416666673,0.20833332833333346,-0.0009536793727241758,0.0,2.328125,0.0859375,-0.0859375,1.9495982080115937,1.6910846269839512,7.368272463281755e-07,4.544181985159715,0.00020741172678147754,12.0,0.0,0.0,0.0,0.0,0.0,1.0
173,0.10416666416666673,0.20833332833333346,-0.00016689015689264438,0.0,2.359375,0.03125,-0.03125,1.994331207999494,1.652507397087155,7.368272463281755e-07,4.587404906749725,0.0002727152411049853,12.0,0.0,0.0,0.0,0.0,0.0,1.0
174,0.10416666416666673,0.20833332833333346,0.0003306035066208624,0.0,2.4296875,-0.0859375,0.0859375,2.054529624991119,1.6974242033556304,7.368272463281755e-07,4.634227002660434,0.00038043079742540914,12.0,0.0,0.0,0.0,0.0,0.0,1.0
175,0.10416666416666673,0.20833332833333346,-0.0009040122765546939,0.0,2.375,-0.1171875,0.1171875,2.0339464169810526,1.5650148793986438,7.368272463281755e-07,4.639296248555183,-4.9384242932622634e-05,12.0,0.0,0.0,0.0,0.0,0.0,1.0
176,0.10416666416666673,0.20833332833333346,-0.0010803679159832277,0.0,2.390625,0.046875,-0.046875,2.0243289999780245,1.7018808363510747,7.368272463281755e-07,4.642366488774617,-0.0001417808331704388,12.0,0.0,0.0,0.0,0.0,0.0,1.0
177,0.10416666416666673,0.20833332833333346,-0.00045751771282203323,0.0,2.2109375,-0.078125,0.078125,1.8677931249840185,1.4725924825639087,7.368272463281755e-07,4.585042543709278,-0.0011095965601271018,12.0,0.0,0.0,0.0,0.0,0.0,1.0
178,0.10416666416666673,0.20833332833333346,-2.1104423260318057e-05,0.0,2.3828125,-0.078125,0.078125,2.0260875420062803,1.527399266722467,7.368272463281755e-07,4.627866407235463,-0.0012019278074149042,12.0,0.0,0.0,0.0,0.0,0.0,1.0
179,0.10416666416666673,0.20833332833333346,-0.002592927047456787,0.0,2.4140625,-0.1015625,0.1015625,2.0633223750046454,1.6470297491776946,7.368272463281755e-07,4.673148932556312,-0.0005409291479736567,12.0,0.0,0.0,0.0,0.0,0.0,1.0
180,0.10416666416666673,0.20833332833333346,-0.0015005066130610607,0.0,2.390625,-0.2578125,0.2578125,2.027619583008345,1.6458219545336974,7.368272463281755e-07,4.72185246894757,-0.0008522204007022083,12.0,0.0,0.0,0.0,0.0,0.0,1.0
181,0.10416666416666673,0.20833332833333346,0.0026859921994553974,0.0,2.3828125,-0.1484375,0.1484375,2.031444374995772,1.5234350632902875,7.368272463281755e-07,4.768106371164322,-0.0007145551013915489,12.0,0.0,0.0,0.0,0.0,0.0,1.0
182,0.10416666416666673,0.20833332833333346,0.0003602221246650438,0.0,2.3984375,-0.0546875,0.0546875,2.070661375008058,1.4836907733991327,7.368272463281755e-07,4.811341891686122,-0.000507963151903823,12.0,0.0,0.0,0.0,0.0,0.0,1.0
183,0.10416666416666673,0.20833332833333346,-0.0011666370932580201,0.0,2.3359375,-0.046875,0.046875,1.986952957988251,1.5619437158679905,7.368272463281755e-07,4.850349858403206,-0.0003725757608966281,12.0,0.0,0.0,0.0,0.0,0.0,1.0
184,0.10416666416666673,0.20833332833333346,3.804314761893982e-05,0.0,2.3828125,0.015625,-0.015625,2.036236582964193,1.6685429141015582,7.368272463281755e-07,4.882930852472782,-0.00019320564266915122,12.0,0.0,0.0,0.0,0.0,0.0,1.0
185,0.10416666416666673,0.20833332833333346,-0.000979051719150813,0.0,2.3515625,0.03125,-0.03125,1.9915862499619834,1.7351586177559921,7.368272463281755e-07,4.91037181019783,4.1446794057264924e-05,12.0,0.0,0.0,0.0,0.0,0.0,1.0
186,0.10416666416666673,0.20833332833333346,0.00012354768949556655,0.0,2.40625,0.0,0.0,2.062672832980752,1.512210438496474,7.368272463281755e-07,4.9304467514157295,0.00026365622761659324,12.0,0.0,0.0,0.0,0.0,0.0,1.0
187,0.10416666416666673,0.20833332833333346,0.00019311059647080935,0.0,2.40625,-0.2109375,0.2109375,2.0839310829760507,1.601151207041932,7.368272463281755e-07,4.94722846398751,0.0004817780087857197,12.0,0.0,0.0,0.0,0.0,0.0,1.0
188,0.10416666416666673,0.20833332833333346,-0.0025581370003094957,0.0,2.4140625,0.234375,-0.234375,2.078133541974239,1.4525427651936513,7.368272463281755e-07,4.986832723021507,0.0005003919989879554,12.0,0.0,0.0,0.0,0.0,0.0,1.0
189,0.10416666416666673,0.20833332833333346,-0.0010532412968560596,0.0,2.34375,0.0625,-0.0625,1.9903477089828812,1.6923793992558784,7.368272463281755e-07,4.979426222542922,0.0007539363480949154,12.0,0.0,0.0,0.0,0.0,0.0,1.0
190,0.10416666416666673,0.20833332833333346,-0.0003385017103263753,0.0,2.390625,-0.046875,0.046875,2.03067608299898,1.42856264911977,7.368272463281755e-07,4.974300270279248,0.0011173601621218647,12.0,0.0,0.0,0.0,0.0,0.0,1.0
191,0.10416666416666673,0.20833332833333346,-0.001818587955431535,0.0,2.3046875,0.0078125,-0.0078125,1.9705987920169719,1.616424927444215,7.368272463281755e-07,4.984446190297604,0.001450018831140672,12.0,0.0,0.0,0.0,0.0,0.0,1.0
192,0.10416666416666673,0.20833332833333346,0.0004378822609326834,0.0,2.390625,0.234375,-0.234375,2.036134000052698,1.719058216536854,7.368272463281755e-07,5.019897046188514,0.001491619414688709,12.0,0.0,0.0,0.0,0.0,0.0,1.0
193,0.10416666416666673,0.20833332833333346,0.0013928702390941308,0.0,2.3359375,0.03125,-0.03125,1.9835587500128895,1.6168632499036442,7.368272463281755e-07,5.048481171329816,0.0016898593506387745,12.0,0.0,0.0,0.0,0.0,0.0,1.0
194,0.10416666416666673,0.20833332833333346,-0.0013726558768673064,0.0,2.3671875,0.15625,-0.15625,2.006630124989897,1.546396058947649,7.368272463281755e-07,5.069347068667412,0.0018260505748912692,12.0,0.0,0.0,0.0,0.0,0.0,1.0
195,0.10416666416666673,0.20833332833333346,-0.0004010143975456024,0.0,2.3671875,0.0078125,-0.0078125,2.0008158749551512,1.722041371105811,7.368272463281755e-07,5.094037356475989,0.0019481845762735854,12.0,0.0,0.0,0.0,0.0,0.0,1.0
196,0.10416666416666673,0.20833332833333346,0.0005127744182420674,0.0,2.3125,-0.03125,0.03125,1.961175667005591,1.549529266343106,7.368272463281755e-07,5.117994238932927,0.001944175116174544,12.0,0.0,0.0,0.0,0.0,0.0,1.0
197,0.10416666416666673,0.20833332833333346,-0.0019308623198239744,0.0,2.3984375,-0.125,0.125,2.093984166975133,1.6998052046819023,7.368272463281755e-07,5.1500213121374445,0.0020514286491864673,12.0,0.0,0.0,0.0,0.0,0.0,1.0
198,0.10416666416666673,0.20833332833333346,0.0008532112781036053,0.0,2.3828125,-0.0859375,0.0859375,2.068942625017371,1.6495982477411133,7.368272463281755e-07,5.181653293470542,0.0021485943434527144,12.0,0.0,0.0,0.0,0.0,0.0,1.0
199,0.10416666416666673,0.20833332833333346,0.0015517489602558652,0.0,2.3515625,-0.015625,0.015625,1.9957362079876475,1.7367399333166136,7.368272463281755e-07,5.212617823233207,0.002280287468844714,12.0,0.0,0.0,0.0,0.0,0.0,1.0
200,0.10416666416666673,0.20833332833333346,-0.0004304174994780541,0.0,2.453125,-0.15625,0.15625,2.075340499985032,1.4916903630893468,7.368272463281755e-07,5.243781600147486,0.0023466610679558166,12.0,0.0,0.0,0.0,0.0,0.0,1.0
201,0.10416666416666673,0.20833332833333346,0.00021352729221951825,0.0,2.4296875,-0.09375,0.09375,2.0556458340142854,1.5061389139609265,7.368272463281755e-07,5.272872488945723,0.0024217135360231623,12.0,0.0,0.0,0.0,0.0,0.0,1.0
202,0.10416666416666673,0.20833332833333346,0.0007826593332454938,0.0,2.34375,0.0234375,-0.0234375,1.9984233329887502,1.4863663982566504,7.368272463281755e-07,5.3023022922376795,0.002508392795183075,12.0,0.0,0.0,0.0,0.0,0.0,1.0
203,0.10416666416666673,0.20833332833333346,-0.0006260963759618934,0.0,2.390625,-0.140625,0.140625,2.022541166981682,1.48577413879211,7.368272463281755e-07,5.2572595824797945,0.0021795466309413314,12.0,0.0,0.0,0.0,0.0,0.0,1.0
204,0.10416666416666673,0.20833332833333346,0.0004548798623289273,0.0,2.328125,0.03125,-0.03125,1.9790075829951093,1.688791905865663,7.368272463281755e-07,5.2555502491692705,0.0020280412669914463,12.0,0.0,0.0,0.0,0.0,0.0,1.0
205,0.10416666416666673,0.20833332833333346,0.0007568669301845339,0.0,2.3828125,-0.2421875,0.2421875,2.038216208049562,1.674088182045599,7.368272463281755e-07,5.279743161052465,0.0016406792080185066,12.0,0.0,0.0,0.0,0.0,0.0,1.0
206,0.10416666416666673,0.20833332833333346,0.0010215583684413587,0.0,2.359375,0.0703125,-0.0703125,1.9758503750199452,1.7035983334234641,7.368272463281755e-07,5.300393336762984,0.0015194993611657992,12.0,0.0,0.0,0.0,0.0,0.0,1.0
207,0.10416666416666673,0.20833332833333346,0.00022182259427127804,0.0,2.3046875,0.0078125,-0.0078125,1.9371948749758303,1.7204197167957072,7.368272463281755e-07,5.330149671683709,0.0012986640019031863,12.0,0.0,0.0,0.0,0.0,0.0,1.0
208,0.10416666416666673,0.20833332833333346,-0.00042767408819617726,0.0,2.375,0.1171875,-0.1171875,2.0183777500060387,1.6625456254122295,7.368272463281755e-07,5.351823519915342,0.0015875425015110523,12.0,0.0,0.0,0.0,0.0,0.0,1.0
209,0.10416666416666673,0.20833332833333346,-0.0011767529907200874,0.0,2.3515625,-0.0234375,0.0234375,2.0039940000278875,1.669606837743071,7.368272463281755e-07,5.389134359856446,0.0018050824000965804,12.0,0.0,0.0,0.0,0.0,0.0,1.0
210,0.10416666416666673,0.20833332833333346,-0.001522114199758235,0.0,2.3046875,0.0703125,-0.0703125,1.9389122080174275,1.6636152934646076,7.368272463281755e-07,5.424341283738613,0.0020831131381176724,12.0,0.0,0.0,0.0,0.0,0.0,1.0
211,0.12499999750000007,0.24999999500000014,-0.0004194253467663892,0.0,2.3515625,0.1015625,-0.1015625,2.001336458954029,1.668069275654833,7.368272463281755e-07,5.4494587654868765,0.002407571955700405,12.0,0.0,0.0,0.0,0.0,0.0,1.0
212,0.12499999750000007,0.24999999500000014,0.00039216759068608003,0.0,2.359375,-0.0234375,0.0234375,1.9983735409914516,1.2088209498439113,7.368272463281755e-07,5.167895680801435,0.00887147375959268,12.0,1.0,0.0,0.0,0.0,0.0,1.0
213,0.12499999750000007,0.24999999500000014,0.00023847688351287058,0.0,2.3046875,-0.1328125,0.1328125,1.9511124159907922,1.3430694615933056,7.368272463281755e-07,5.189652571623975,0.008955522170502016,12.0,1.0,0.0,0.0,0.0,0.0,1.0
214,0.12499999750000007,0.24999999500000014,-0.0005545290258282847,0.0,2.3515625,-0.0703125,0.0703125,2.0143331249710172,1.4714391125956676,7.368272463281755e-07,5.2120547958395695,0.009108642904638227,12.0,1.0,0.0,0.0,0.0,0.0,1.0
215,0.12499999750000007,0.24999999500000014,-0.0009301118465353766,0.0,2.3046875,-0.09375,0.09375,1.926556291000452,1.5444221448816233,7.368272463281755e-07,5.23475222628225,0.009240970004942606,12.0,1.0,0.0,0.0,0.0,0.0,1.0
216,0.12499999750000007,0.24999999500000014,-9.103115812900893e-05,0.0,2.3125,-0.015625,0.015625,1.9564937920076773,1.4591866954706838,7.368272463281755e-07,5.254933296279474,0.009384446327616884,12.0,1.0,0.0,0.0,0.0,0.0,1.0
217,0.12499999750000007,0.24999999500000014,0.0004569196512399766,0.0,2.234375,0.1953125,-0.1953125,1.9095155409886502,1.311502161811894,7.368272463281755e-07,5.226466578516093,0.009870205811404792,12.0,1.0,0.0,0.0,0.0,0.0,1.0
218,0.12499999750000007,0.24999999500000014,0.0015739613145241585,0.0,2.328125,0.0859375,-0.0859375,1.9765490000136197,1.5077143538755076,7.368272463281755e-07,5.19993608919057,0.010514462090213783,12.0,1.0,0.0,0.0,0.0,0.0,1.0
219,0.12499999750000007,0.24999999500000014,0.00013663963902301265,0.0,2.3046875,0.1328125,-0.1328125,1.9305417079594918,1.564863637044199,7.368272463281755e-07,5.1904520207846705,0.011029720276300477,12.0,1.0,0.0,0.0,0.0,0.0,1.0
220,0.10652545325096918,0.21305090650193836,-0.0006930331072684721,0.0,2.3359375,0.046875,-0.046875,1.9880073329550214,1.2323418974466225,7.368272463281755e-07,5.185107224197551,0.011698419268544636,12.0,1.0,0.0,0.0,0.0,0.0,1.0
221,0.12063439580304966,0.24126879160609932,-0.00035649342157614855,0.0,2.3203125,-0.1796875,0.1796875,1.9917296249768697,1.4966526132880078,7.368272463281755e-07,5.193361531435088,0.012137263119009069,12.0,1.0,0.0,0.0,0.0,0.0,1.0
222,0.12499999750000007,0.24999999500000014,0.0006976986412156093,0.0,2.3125,-0.3203125,0.3203125,1.9764102079789154,1.3133531429413434,7.368272463281755e-07,5.208421043035659,0.012925339886516502,12.0,1.0,0.0,0.0,0.0,0.0,1.0
223,0.12499999750000007,0.24999999500000014,-0.0006979260458041213,0.0,2.21875,0.0546875,-0.0546875,1.8702750829979777,1.2851354995052557,7.368272463281755e-07,5.242607736452059,0.013151419989299029,12.0,1.0,0.0,0.0,0.0,0.0,1.0
224,0.12499999750000007,0.24999999500000014,0.0005834860451471576,0.0,2.34375,0.078125,-0.078125,2.0013165830168873,1.251428142650111,7.368272463281755e-07,5.264823120426048,0.013353224187581376,12.0,1.0,0.0,0.0,0.0,0.0,1.0
225,0.12499999750000007,0.24999999500000014,-0.0003563784999046634,0.0,2.3203125,0.1171875,-0.1171875,1.9787222919985652,1.2662047423254377,7.368272463281755e-07,5.297223057259213,0.013568360215603288,12.0,1.0,0.0,0.0,0.0,0.0,1.0
226,0.10416666416666673,0.20833332833333346,-4.4528202723142544e-05,0.0,2.3125,-0.0390625,0.0390625,1.972102417028509,1.2425830294503957,7.368272463281755e-07,5.336579673669555,0.013797327656489373,12.0,1.0,0.0,0.0,0.0,0.0,1.0
227,0.10416666416666673,0.20833332833333346,0.0009012866153072935,0.0,2.3828125,0.0390625,-0.0390625,2.0493668749695644,1.9213774442046758,7.368272463281755e-07,5.813510432839394,0.006361148911475373,12.0,1.0,0.0,0.0,0.0,0.0,1.0
228,0.10416666416666673,0.20833332833333346,0.001535686816711355,0.0,2.421875,-0.03125,0.03125,2.1061145829735324,1.7327323025986252,7.368272463281755e-07,5.872015056284991,0.0063701865054264836,12.0,1.0,0.0,0.0,0.0,0.0,1.0
229,0.10416666416666673,0.20833332833333346,-0.0013486572464538684,0.0,2.4140625,0.078125,-0.078125,2.0484070000238717,2.1116631537371444,7.368272463281755e-07,5.9332076419483535,0.006041271598819135,12.0,1.0,0.0,0.0,0.0,0.0,1.0
230,0.10416666416666673,0.20833332833333346,0.00033751372574776246,0.0,2.375,-0.0234375,0.0234375,2.012915958010126,1.8381920061415018,7.368272463281755e-07,5.9366966106674885,0.005244782664125192,12.0,1.0,0.0,0.0,0.0,0.0,1.0
231,0.10416666416666673,0.20833332833333346,-0.0002904097448206163,0.0,2.4453125,-0.1015625,0.1015625,2.0653335839742795,1.8987969383403969,7.368272463281755e-07,5.888400500470942,0.004633846675543199,12.0,1.0,0.0,0.0,0.0,0.0,1.0
232,0.10416666416666673,0.20833332833333346,-0.0004260768434787625,0.0,2.3671875,0.03125,-0.03125,2.0207635420374572,1.6181211531113853,7.368272463281755e-07,5.724554136395454,0.005189405429215792,12.0,0.0,0.0,0.0,0.0,0.0,1.0
233,0.10416666416666673,0.20833332833333346,0.0007171892483921503,0.0,2.359375,-0.0234375,0.0234375,1.971377541020047,1.7265413803521032,7.368272463281755e-07,5.727928936481476,0.005046129180603505,12.0,0.0,0.0,0.0,0.0,0.0,1.0
234,0.10416666416666673,0.20833332833333346,-0.00034103873688984184,0.0,2.359375,0.0546875,-0.0546875,2.0320832500001416,1.6517051309100446,7.368272463281755e-07,5.729898011932771,0.005164716717748282,12.0,0.0,0.0,0.0,0.0,0.0,1.0
235,0.10416666416666673,0.20833332833333346,-0.000170419647407786,0.0,2.34375,0.0078125,-0.0078125,2.00548200000776,1.4878280164479898,7.368272463281755e-07,5.742765493690968,0.0051342562316373614,12.0,0.0,0.0,0.0,0.0,0.0,1.0
236,0.10416666416666673,0.20833332833333346,-0.0005443156175610668,0.0,2.3515625,-0.1328125,0.1328125,1.988909166015219,1.5389639013284429,7.368272463281755e-07,5.763949313511451,0.005144602650640688,12.0,0.0,0.0,0.0,0.0,0.0,1.0
237,0.12499999750000007,0.24999999500000014,0.0007812504372960765,0.0,2.359375,-0.0625,0.0625,2.016579916991759,1.412728078444974,7.368272463281755e-07,5.791350360959768,0.005455472536179211,12.0,0.0,0.0,0.0,0.0,0.0,1.0
238,0.12499999750000007,0.24999999500000014,-0.0005341722497350844,0.0,2.375,-0.0546875,0.0546875,2.0203336670529097,1.2651123796730597,7.368272463281755e-07,5.553907624699852,0.012975527505411512,12.0,1.0,0.0,0.0,0.0,0.0,1.0
239,0.12499999750000007,0.24999999500000014,-0.0011057581911828162,0.0,2.3359375,0.0,0.0,1.9895253339782357,1.3230152774544162,7.368272463281755e-07,5.594261876561425,0.013181392749009485,12.0,1.0,0.0,0.0,0.0,0.0,1.0
240,0.12499999750000007,0.24999999500000014,-0.000337165383451961,0.0,2.3515625,-0.0390625,0.0390625,2.001955125015229,1.220524490044562,7.368272463281755e-07,5.625635965303942,0.01333737720481374,12.0,1.0,0.0,0.0,0.0,0.0,1.0
241,0.12499999750000007,0.24999999500000014,0.0006183432212670087,0.0,2.359375,-0.046875,0.046875,1.9885425419779494,1.2155553306599798,7.368272463281755e-07,5.658904606645757,0.013516509934561327,12.0,1.0,0.0,0.0,0.0,0.0,1.0
242,0.12499999750000007,0.24999999500000014,0.00018457324410491385,0.0,2.359375,-0.2578125,0.2578125,1.9975311249727383,1.2673006334250703,7.368272463281755e-07,5.699470021507957,0.013674720576752654,12.0,1.0,0.0,0.0,0.0,0.0,1.0
243,0.12499999750000007,0.24999999500000014,0.00019834084867268923,0.0,2.2734375,-0.0078125,0.0078125,1.944735375000164,1.2275809735490595,7.368272463281755e-07,5.716756175864827,0.013840556898768145,12.0,1.0,0.0,0.0,0.0,0.0,1.0
244,0.12499999750000007,0.24999999500000014,0.00047921298487486403,0.0,2.2890625,0.078125,-0.078125,1.947769624995999,1.251489274123121,7.368272463281755e-07,5.733253901655024,0.014011886960361153,12.0,1.0,0.0,0.0,0.0,0.0,1.0
245,0.12499999750000007,0.24999999500000014,-7.222181611735967e-05,0.0,2.3203125,-0.1015625,0.1015625,1.9818275829893537,1.2110927237218532,7.368272463281755e-07,5.743486019698056,0.014200669586319815,12.0,1.0,0.0,0.0,0.0,0.0,1.0
246,0.12499999750000007,0.24999999500000014,0.0001574160904114915,0.0,2.296875,0.0078125,-0.0078125,1.9326837080297992,1.3188703364912788,7.368272463281755e-07,5.755989882079038,0.014381366702516309,12.0,1.0,0.0,0.0,0.0,0.0,1.0
247,0.12499999750000007,0.24999999500000014,-0.0004883055762067511,0.0,2.2734375,0.1328125,-0.1328125,1.9505151659832336,1.1209817965556164,7.368272463281755e-07,5.7181097648360515,0.014973796210886741,12.0,1.0,0.0,0.0,0.0,0.0,1.0
248,0.12499999750000007,0.24999999500000014,6.0102960314836e-05,0.0,2.328125,0.0625,-0.0625,1.975821416999679,1.373244455053343,7.368272463281755e-07,5.708269021727822,0.015482705906668509,12.0,1.0,0.0,0.0,0.0,0.0,1.0
249,0.12499999750000007,0.24999999500000014,-0.0010265172276166326,0.0,2.3515625,-0.0546875,0.0546875,1.9985769999912009,1.0775780912921487,7.368272463281755e-07,5.686016754670576,0.01624512295662002,12.0,1.0,0.0,0.0,0.0,0.0,1.0
250,0.12499999750000007,0.24999999500000014,-0.0015086968500034625,0.0,2.3515625,0.0703125,-0.0703125,1.9995893340092152,1.2549557772227578,7.368272463281755e-07,5.683279340917414,0.016924238679083912,12.0,1.0,0.0,0.0,0.0,0.0,1.0
251,0.12499999750000007,0.24999999500000014,0.001184133703669937,0.0,2.390625,-0.1484375,0.1484375,2.0284470000187866,1.248819194220119,7.368272463281755e-07,5.692291194742376,0.017548518599307335,12.0,1.0,0.0,0.0,0.0,0.0,1.0
252,0.12499999750000007,0.24999999500000014,-0.0009195788581526802,0.0,2.359375,-0.234375,0.234375,1.9874881250434555,1.2233444296969609,7.368272463281755e-07,5.708450718359514,0.018351221065544945,12.0,1.0,0.0,0.0,0.0,0.0,1.0
253,0.12499999750000007,0.24999999500000014,-4.876039666358341e-05,0.0,2.328125,-0.015625,0.015625,1.9749796249670908,1.3218295496795482,7.368272463281755e-07,5.73355630311099,0.018734080918048592,12.0,1.0,0.0,0.0,0.0,0.0,1.0
254,0.12499999750000007,0.24999999500000014,0.0005199214244022296,0.0,2.2890625,-0.015625,0.015625,1.9440726659959182,1.0965056744932178,7.368272463281755e-07,5.758010029792786,0.018909053792330353,12.0,1.0,0.0,0.0,0.0,0.0,1.0
255,0.10416666416666673,0.20833332833333346,0.00034501724286022464,0.0,2.328125,0.1640625,-0.1640625,1.9761189999990165,1.1508549769876224,7.368272463281755e-07,5.778095733035695,0.019099341589026153,12.0,1.0,0.0,0.0,0.0,0.0,1.0
256,0.10416666416666673,0.20833332833333346,-0.00027124902908165374,0.0,2.34375,0.125,-0.125,1.9964937499607913,1.1560922230838333,7.368272463281755e-07,6.024606431523959,0.01116411090576245,12.0,0.0,0.0,0.0,0.0,0.0,1.0
257,0.10416666416666673,0.20833332833333346,-0.0005593087256586161,0.0,2.34375,0.0390625,-0.0390625,2.0016209579771385,1.8259394252016985,7.368272463281755e-07,6.209493832154707,0.011049110304818234,12.0,1.0,0.0,0.0,0.0,0.0,1.0
258,0.10416666416666676,0.2083333283333335,-0.001247428993463139,0.0,2.421875,-0.1171875,0.1171875,2.117596374999266,1.7405390787989863,7.368272463281755e-07,6.233620611104098,0.011226281957616184,12.0,1.0,0.0,0.0,0.0,0.0,1.0
259,0.10416666416666673,0.20833332833333346,-0.0011858779666116283,0.0,2.3515625,-0.1328125,0.1328125,2.036992667010054,1.787143407864852,7.368272463281755e-07,6.267630322413011,0.011321778335100547,12.0,1.0,0.0,0.0,0.0,0.0,1.0
260,0.10416666416666673,0.20833332833333346,-0.0018724277382615824,0.0,2.3515625,-0.1953125,0.1953125,1.9927704579895362,1.734052216366515,7.368272463281755e-07,6.218108838254755,0.010765560257079249,12.0,1.0,0.0,0.0,0.0,0.0,1.0
261,0.10416666416666676,0.2083333283333335,-0.0013376877355708251,0.0,2.40625,-0.21875,0.21875,2.0387996250065044,1.6045560269932528,7.368272463281755e-07,6.175640268759294,0.009945433137049391,12.0,1.0,0.0,0.0,0.0,0.0,1.0
262,0.10416666416666673,0.20833332833333346,-0.001156611355098256,0.0,2.4921875,-0.125,0.125,2.1014359580003656,1.7760884659791798,7.368272463281755e-07,6.169866410168734,0.009440713159909303,12.0,1.0,0.0,0.0,0.0,0.0,1.0
263,0.10416666416666676,0.2083333283333335,-0.0012075653134665824,0.0,2.4375,-0.2421875,0.2421875,2.066755125008058,1.8503659852311756,7.368272463281755e-07,6.178938269615173,0.008827656761489132,12.0,1.0,0.0,0.0,0.0,0.0,1.0
264,0.10416666416666676,0.2083333283333335,-0.000673971370161017,0.0,2.421875,-0.1171875,0.1171875,2.05552220903337,1.7465689589081692,7.368272463281755e-07,6.004225085179011,0.00899504297800983,12.0,0.0,0.0,0.0,0.0,0.0,1.0
265,0.10416666416666674,0.20833332833333348,-0.0008701319093325343,0.0,2.40625,-0.015625,0.015625,2.057679250021465,2.024489135995081,7.368272463281755e-07,6.243173772638494,0.008803955850784074,12.0,1.0,0.0,0.0,0.0,0.0,1.0
266,0.10416666416666676,0.2083333283333335,-0.001572394193341584,0.0,2.1171875,-0.03125,0.03125,1.7808174170204438,2.350386630346813,7.368272463281755e-07,5.944464119997892,0.007002472168427299,12.0,1.0,0.0,0.0,0.0,0.0,1.0
267,0.10416666416666673,0.20833332833333346,-0.0024501954608170525,0.0,2.1328125,-0.125,0.125,1.7840154999867082,2.3763839389298167,7.368272463281755e-07,6.152716940641403,0.005991121719125659,12.0,2.0,0.0,0.0,0.0,0.0,1.0
268,0.10416666416666678,0.20833332833333357,-0.0025553104545272044,0.0,2.171875,0.1796875,-0.1796875,1.8497728750226088,2.5073434199684335,7.368272463281755e-07,6.1528079360723495,0.005690929712727666,12.0,2.0,0.0,0.0,0.0,0.0,1.0
269,0.10416666416666676,0.2083333283333335,-0.001737974855620639,0.0,2.1328125,-0.046875,0.046875,1.7840825419989415,2.4245004737967175,7.368272463281755e-07,5.958313941955566,0.006101525293409147,12.0,1.0,0.0,0.0,0.0,0.0,1.0
270,0.12499999750000007,0.24999999500000014,-0.0015624487171294573,0.0,2.125,0.0,0.0,1.771149540960323,2.3256820930216824,7.368272463281755e-07,5.973322918469256,0.006081938695966859,12.0,1.0,0.0,0.0,0.0,0.0,1.0
271,0.1249999975000001,0.2499999950000002,0.0005426246010591712,0.0,2.078125,-0.015625,0.015625,1.7535053330357186,1.7709557393008206,7.368272463281755e-07,5.574798972159624,0.016783280624076725,12.0,2.0,0.0,0.0,0.0,0.0,1.0
272,0.12499999750000004,0.24999999500000009,0.0008615906821755583,0.0,2.078125,-0.0546875,0.0546875,1.757772458018735,1.7297920345169444,7.368272463281755e-07,5.520092152059078,0.017403893661685287,12.0,2.0,0.0,0.0,0.0,0.0,1.0
273,0.12499999750000007,0.24999999500000014,2.732487704201763e-05,0.0,2.0703125,0.0703125,-0.0703125,1.758166000014171,1.40914710280134,7.368272463281755e-07,5.577972929179668,0.01772571407200303,12.0,2.0,0.0,0.0,0.0,0.0,1.0
274,0.12499999750000007,0.24999999500000014,0.0009684912583559934,0.0,2.046875,0.0390625,-0.0390625,1.7324941249680705,1.8423104326243829,7.368272463281755e-07,5.626914089545608,0.01797248027578462,12.0,2.0,0.0,0.0,0.0,0.0,1.0
275,0.12499999750000007,0.24999999500000014,0.0012954731251611745,0.0,2.0390625,0.1640625,-0.1640625,1.745131165953353,1.595081830127285,7.368272463281755e-07,5.672126824408769,0.01818086442999629,12.0,2.0,0.0,0.0,0.0,0.0,1.0
276,0.12499999750000007,0.24999999500000014,0.00048116206882504694,0.0,2.0625,-0.2421875,0.2421875,1.7222305000177585,2.168797972276507,7.368272463281755e-07,5.694880471378565,0.01847302137175575,12.0,2.0,0.0,0.0,0.0,0.0,1.0
277,0.12499999750000007,0.24999999500000014,0.000992040752276503,0.0,2.078125,0.1953125,-0.1953125,1.7537104170187376,1.70249314968609,7.368272463281755e-07,5.7257983170449736,0.018742976913927123,12.0,2.0,0.0,0.0,0.0,0.0,1.0
278,0.12499999750000007,0.24999999500000014,-0.00046060342732839025,0.0,2.109375,0.09375,-0.09375,1.7781682910281233,1.820248492122671,7.368272463281755e-07,5.750692541897297,0.019096559163881466,12.0,2.0,0.0,0.0,0.0,0.0,1.0
279,0.12499999750000007,0.24999999500000014,-0.0001000736496608579,0.0,2.0703125,-0.2109375,0.2109375,1.7580707090091892,1.8850453375481764,7.368272463281755e-07,5.67038371860981,0.02029784533660859,12.0,2.0,0.0,0.0,0.0,0.0,1.0
280,0.12499999750000007,0.24999999500000014,0.0017370009038000052,0.0,2.078125,-0.1328125,0.1328125,1.7697516669868492,1.9704873771776525,7.368272463281755e-07,5.665619194507599,0.02103530764579773,12.0,2.0,0.0,0.0,0.0,0.0,1.0
281,0.12499999750000007,0.24999999500000014,0.0014007128000322474,0.0,2.0546875,-0.0859375,0.0859375,1.7238309170352295,2.0057795218790937,7.368272463281755e-07,5.667779716849327,0.02215379922417924,12.0,2.0,0.0,0.0,0.0,0.0,1.0
282,0.12499999750000007,0.24999999500000014,0.00018374826411843653,0.0,2.0703125,0.0859375,-0.0859375,1.7568403750192374,1.8112632789222944,7.368272463281755e-07,5.695687797665596,0.0230563385062851,12.0,2.0,0.0,0.0,0.0,0.0,1.0
283,0.12499999750000007,0.24999999500000014,6.262939258953767e-05,0.0,2.0859375,-0.03125,0.03125,1.7626465409994125,2.0748065895937673,7.368272463281755e-07,5.717716234922409,0.02356675413902849,12.0,2.0,0.0,0.0,0.0,0.0,1.0
284,0.12499999750000007,0.24999999500000014,0.00031052736282260324,0.0,2.0625,-0.0234375,0.0234375,1.7274394169799052,1.808864515317096,7.368272463281755e-07,5.753819242119789,0.024292095901910216,12.0,2.0,0.0,0.0,0.0,0.0,1.0
285,0.12499999750000007,0.24999999500000014,0.0010125419509400975,0.0,2.09375,0.015625,-0.015625,1.782731125014834,1.6700154793663333,7.368272463281755e-07,5.794249579310417,0.02456354141468182,12.0,2.0,0.0,0.0,0.0,0.0,1.0
286,0.12499999750000007,0.24999999500000014,7.72252728216433e-05,0.0,2.1640625,0.0703125,-0.0703125,1.835419124981854,1.4312922629997507,7.368272463281755e-07,5.9222148155624215,0.02531180946177549,12.0,1.0,0.0,0.0,0.0,0.0,1.0
287,0.12499999750000007,0.24999999500000014,-0.0006038174461827565,0.0,2.40625,-0.3046875,0.3046875,2.0589424580102786,1.4979867470666521,7.368272463281755e-07,5.947480988773433,0.025357117992825806,12.0,1.0,0.0,0.0,0.0,0.0,1.0
288,0.12499999750000007,0.24999999500000014,0.0004767014628685096,0.0,2.2578125,0.203125,-0.203125,1.909751791972667,1.3818694729977095,7.368272463281755e-07,5.958449485627088,0.025503905820766126,12.0,1.0,0.0,0.0,0.0,0.0,1.0
289,0.12499999750000007,0.24999999500000014,0.0011960881427579449,0.0,2.40625,-0.078125,0.078125,2.040787041943986,1.4044132309677775,7.368272463281755e-07,5.978370440277186,0.025691899661482734,12.0,1.0,0.0,0.0,0.0,0.0,1.0
290,0.12499999750000007,0.24999999500000014,0.0005866948348770297,0.0,2.40625,0.0390625,-0.0390625,2.158142833970487,1.241148375117979,7.368272463281755e-07,5.961586899378083,0.025582461795155807,12.0,1.0,0.0,0.0,0.0,0.0,1.0
291,0.12499999750000007,0.24999999500000014,0.0016175596439602776,0.0,2.265625,-0.0625,0.0625,1.974218082963489,1.0316059976410732,7.368272463281755e-07,5.917259741235863,0.024918277536264875,12.0,1.0,0.0,0.0,0.0,0.0,1.0
292,0.12499999750000007,0.24999999500000014,-0.0006243870945962548,0.0,2.3828125,-0.203125,0.203125,2.0605285419733264,0.9895743816442116,7.368272463281755e-07,5.919172269715504,0.02460216111913641,12.0,1.0,0.0,0.0,0.0,0.0,1.0
293,0.1249999970833334,0.2499999941666668,0.0004993050928851776,0.0,2.390625,-0.15625,0.15625,2.0481879159924574,0.8447511012767125,7.368272463281755e-07,5.934208306060596,0.02424181838630995,12.0,1.0,0.0,0.0,0.0,0.0,1.0
294,0.1249999970833334,0.2499999941666668,-0.0004497986622461888,0.0,2.46875,-0.109375,0.109375,2.0752982500125654,1.3185499574476263,7.368272463281755e-07,5.690579365193844,0.03751178367529064,12.0,2.0,0.0,0.0,0.0,0.0,1.0
295,0.1249999970833334,0.2499999941666668,-2.5521835944764672e-05,0.0,2.4140625,-0.0078125,0.0078125,2.0456790829775855,1.430227117313066,7.368272463281755e-07,5.72036312520504,0.037752196192741394,12.0,2.0,0.0,0.0,0.0,0.0,1.0
296,0.12499999750000007,0.24999999500000014,0.0016087976647583076,0.0,2.2109375,0.0234375,-0.0234375,1.8612791250343435,1.4645929812180543,7.368272463281755e-07,5.7080120027065275,0.038292756921146066,12.0,2.0,0.0,0.0,0.0,0.0,1.0
297,0.12499999750000007,0.24999999500000014,0.002181216726040557,0.0,2.0390625,0.0859375,-0.0859375,1.7347383339656517,1.2150166786125935,7.368272463281755e-07,5.832496564090252,0.024810862092999743,12.0,2.0,0.0,0.0,0.0,0.0,1.0
298,0.12499999750000007,0.24999999500000014,0.002448598984092886,0.0,2.1015625,0.0703125,-0.0703125,1.7954506250098348,1.479750096211106,7.368272463281755e-07,5.806700770556927,0.02510755975272332,12.0,2.0,0.0,0.0,0.0,0.0,1.0
299,0.12499999750000007,0.24999999500000014,0.0025961557415732596,0.0,2.0859375,0.0859375,-0.0859375,1.7762565420125611,1.33571993800801,7.368272463281755e-07,5.81174122095108,0.025131866072842967,12.0,2.0,0.0,0.0,0.0,0.0,1.0
300,0.12499999750000007,0.24999999500000014,0.0032778400830206418,0.0,2.09375,0.0390625,-0.0390625,1.7719650840153918,1.6174502462850633,7.368272463281755e-07,5.861327722668648,0.02545576233424072,12.0,2.0,0.0,0.0,0.0,0.0,1.0
301,0.1249999970833334,0.2499999941666668,0.001928527717805499,0.0,2.109375,0.109375,-0.109375,1.8000698339892551,1.354414673573855,7.368272463281755e-07,5.908219361305237,0.025734989100601523,12.0,2.0,0.0,0.0,0.0,0.0,1.0
302,0.1249999970833334,0.2499999941666668,0.0013863898029577194,0.0,2.0625,0.0546875,-0.0546875,1.7485248749726452,2.304358229370061,7.368272463281755e-07,5.61288504799207,0.04190174029726121,12.0,3.0,0.0,0.0,0.0,0.0,1.0
303,0.1249999970833334,0.2499999941666668,0.0015718408387611698,0.0,2.140625,0.109375,-0.109375,1.800220083037857,2.163032119526922,7.368272463281755e-07,5.655573149522145,0.04219360799632139,12.0,3.0,0.0,0.0,0.0,0.0,1.0
304,0.1249999970833334,0.2499999941666668,0.0029090094958216456,0.0,2.078125,0.09375,-0.09375,1.8160087500000373,2.0457698241387376,7.368272463281755e-07,5.694234940740797,0.042504385786337986,12.0,3.0,0.0,0.0,0.0,0.0,1.0
305,0.1249999970833334,0.2499999941666668,0.0017787310714348463,0.0,2.0859375,0.03125,-0.03125,1.7598770409822464,2.330905358085569,7.368272463281755e-07,5.732028497589959,0.0427317515326043,12.0,3.0,0.0,0.0,0.0,0.0,1.0
306,0.1249999970833334,0.2499999941666668,0.0014921251824965309,0.0,2.125,0.1171875,-0.1171875,1.797706124954857,2.240021204604144,7.368272463281755e-07,5.762870715724097,0.04305556685560279,12.0,3.0,0.0,0.0,0.0,0.0,1.0
307,0.1249999970833334,0.2499999941666668,0.00237532621991597,0.0,2.1171875,0.0390625,-0.0390625,1.7789802920306101,2.4580922519360286,7.368272463281755e-07,5.79632732603285,0.04334240352424482,12.0,3.0,0.0,0.0,0.0,0.0,1.0
308,0.12499999750000007,0.24999999500000014,0.0013398954440375786,0.0,2.0703125,0.1953125,-0.1953125,1.7881797500303946,2.4621004685698042,7.368272463281755e-07,5.823650889926487,0.0436349476998051,12.0,3.0,0.0,0.0,0.0,0.0,1.0
309,0.12499999750000007,0.24999999500000014,0.0015685879929482297,0.0,2.125,-0.1875,0.1875,1.8001061250106432,1.7820903860642028,7.368272463281755e-07,6.150970041751862,0.027979316958226263,12.0,2.0,0.0,0.0,0.0,0.0,1.0
310,0.12499999750000007,0.24999999500000014,0.001864609230126703,0.0,2.0859375,0.1328125,-0.1328125,1.7741229999810457,1.417390253945962,7.368272463281755e-07,6.163478380441665,0.028346335247624664,12.0,2.0,0.0,0.0,0.0,0.0,1.0
311,0.12499999750000007,0.24999999500000014,0.0018181766544270446,0.0,2.0546875,0.015625,-0.015625,1.731488041987177,1.4068092582760618,7.368272463281755e-07,6.181981021165848,0.02863396474858746,12.0,2.0,0.0,0.0,0.0,0.0,1.0
312,0.12499999750000007,0.24999999500000014,0.0021687965434881093,0.0,2.078125,0.0625,-0.0625,1.7616325419512577,1.395102394547373,7.368272463281755e-07,6.20657531619072,0.028917602598812663,12.0,2.0,0.0,0.0,0.0,0.0,1.0
313,0.12499999750000007,0.24999999500000014,0.001960486428607367,0.0,2.0625,0.1484375,-0.1484375,1.7465334159787744,1.4229776603094775,7.368272463281755e-07,6.2307675123214725,0.029175670705444644,12.0,2.0,0.0,0.0,0.0,0.0,1.0
314,0.12499999750000007,0.24999999500000014,0.0030670609560643366,0.0,2.1171875,-0.046875,0.046875,1.7884515830082819,1.509471309037941,7.368272463281755e-07,6.247154277563095,0.029516336519736796,12.0,2.0,0.0,0.0,0.0,0.0,1.0
315,0.12499999750000007,0.24999999500000014,0.001992990321344869,0.0,2.078125,-0.0546875,0.0546875,1.764359875000082,1.4385623611961456,7.368272463281755e-07,6.261476296186447,0.029800984464236534,12.0,2.0,0.0,0.0,0.0,0.0,1.0
316,0.12499999750000007,0.24999999500000014,0.0013189427770372737,0.0,2.046875,-0.109375,0.109375,1.7236136249848641,1.6528153110474155,7.368272463281755e-07,6.2764567792415615,0.030079632057459095,12.0,2.0,0.0,0.0,0.0,0.0,1.0
317,0.12499999750000007,0.24999999500000014,0.0012738616817731508,0.0,2.1484375,0.03125,-0.03125,1.8420424580108374,1.4128796749299561,7.368272463281755e-07,6.287445145845413,0.030401560170867016,12.0,2.0,0.0,0.0,0.0,0.0,1.0
318,0.12499999750000007,0.24999999500000014,0.002460959496375478,0.0,2.1015625,0.0390625,-0.0390625,1.7705799160175957,1.6568525673260697,7.368272463281755e-07,6.298510593175888,0.030717677180655302,12.0,2.0,0.0,0.0,0.0,0.0,1.0
319,0.12499999750000007,0.24999999500000014,0.002540176728019047,0.0,2.0859375,0.0234375,-0.0234375,1.7735147909843363,1.3766041517236762,7.368272463281755e-07,6.306885302066803,0.03099243428587215,12.0,2.0,0.0,0.0,0.0,0.0,1.0
320,0.12499999750000007,0.24999999500000014,0.003232626122085717,0.0,2.09375,-0.125,0.125,1.7811515840003267,1.5708620250807144,7.368272463281755e-07,6.316190433502197,0.03125775881053414,12.0,2.0,0.0,0.0,0.0,0.0,1.0
321,0.12499999750000007,0.24999999500000014,0.0004573421287245314,0.0,2.0703125,0.0,0.0,1.769659458019305,1.2527638523562654,7.368272463281755e-07,6.324009209871292,0.03150681866827654,12.0,2.0,0.0,0.0,0.0,0.0,1.0
322,0.1249999970833334,0.2499999941666668,0.002594108853933316,0.0,2.078125,0.2265625,-0.2265625,1.7952443329850212,1.070529075730697,7.368272463281755e-07,6.328149819374085,0.03173283581563737,12.0,2.0,0.0,0.0,0.0,0.0,1.0
323,0.1249999970833334,0.2499999941666668,0.0026412264984064225,0.0,2.0859375,0.0859375,-0.0859375,1.8176819170475937,2.05702637419783,7.368272463281755e-07,5.945791549152798,0.04878768640466862,12.0,3.0,0.0,0.0,0.0,0.0,1.0
324,0.1249999970833334,0.2499999941666668,0.002112741021656391,0.0,2.0859375,0.2734375,-0.2734375,1.7975256250356324,1.8010157385909902,7.368272463281755e-07,5.9777705272038775,0.04876047233119607,12.0,3.0,0.0,0.0,0.0,0.0,1.0
325,0.1249999970833334,0.2499999941666668,0.0019469477910972316,0.0,2.09375,-0.03125,0.03125,1.7561979580204934,2.3172535931403964,7.368272463281755e-07,6.013942135704888,0.049109785041461386,12.0,3.0,0.0,0.0,0.0,0.0,1.0
326,0.1249999970833334,0.2499999941666668,0.0020669672552652983,0.0,2.0625,0.09375,-0.09375,1.743742500024382,2.0504122445440083,7.368272463281755e-07,6.03836550977495,0.04937944907902016,12.0,3.0,0.0,0.0,0.0,0.0,1.0
327,0.1249999970833334,0.2499999941666668,0.0019273238142461756,0.0,2.125,0.0390625,-0.0390625,1.7920313749928027,2.1803264908915425,7.368272463281755e-07,6.061120245191786,0.0496848967547218,12.0,3.0,0.0,0.0,0.0,0.0,1.0
328,0.1249999970833334,0.2499999941666668,0.00344812431538128,0.0,2.1328125,0.0390625,-0.0390625,1.8112213339773007,2.4641731910095395,7.368272463281755e-07,6.093908429145813,0.049739735304481454,12.0,3.0,0.0,0.0,0.0,0.0,1.0
329,0.1249999970833334,0.2499999941666668,0.0009765741148132885,0.0,2.09375,0.234375,-0.234375,1.7499148329952732,2.3032422861146893,7.368272463281755e-07,6.126621312565273,0.04994473047554493,12.0,3.0,0.0,0.0,0.0,0.0,1.0
330,0.1249999970833334,0.2499999941666668,0.0017793032883489691,0.0,2.09375,0.1640625,-0.1640625,1.782380957971327,2.3002847692679,7.368272463281755e-07,6.15612338648902,0.05022123999272784,12.0,3.0,0.0,0.0,0.0,0.0,1.0
331,0.1249999970833334,0.2499999941666668,0.0026328385922602445,0.0,2.0625,0.0625,-0.0625,1.7439798339619301,2.5889472847797372,7.368272463281755e-07,6.18616325325436,0.05046813526294298,12.0,3.0,0.0,0.0,0.0,0.0,1.0
332,0.1249999970833334,0.2499999941666668,0.0024745018786555225,0.0,2.0859375,0.2734375,-0.2734375,1.7575170419877395,2.2148811321161435,7.368272463281755e-07,6.208067827754551,0.050720062831209764,12.0,3.0,0.0,0.0,0.0,0.0,1.0
333,0.1249999970833334,0.2499999941666668,0.0009840288726262717,0.0,2.09375,0.1015625,-0.1015625,1.7572182499570772,2.5421943268790814,7.368272463281755e-07,6.233212656444973,0.05097865039068791,12.0,3.0,0.0,0.0,0.0,0.0,1.0
334,0.1249999970833334,0.2499999941666668,0.0019807135029027033,0.0,2.1015625,0.078125,-0.078125,1.7670780410408042,2.358706777866023,7.368272463281755e-07,6.252833909458584,0.051242094642172255,12.0,3.0,0.0,0.0,0.0,0.0,1.0
335,0.1249999970833334,0.2499999941666668,0.002607813692872849,0.0,2.0625,-0.0390625,0.0390625,1.7328026249888353,2.839942321103687,7.368272463281755e-07,6.273331456714207,0.051499196224742465,12.0,3.0,0.0,0.0,0.0,0.0,1.0
336,0.12499999750000007,0.24999999500000014,0.004132202712105291,0.0,2.0859375,0.234375,-0.234375,1.7614881250192411,1.945501128757505,7.368272463281755e-07,6.260671668582493,0.05193226417112681,12.0,3.0,0.0,0.0,0.0,0.0,1.0
337,0.12499999750000007,0.24999999500000014,0.002863987384782527,0.0,2.1015625,-0.2265625,0.2265625,1.7756667499779724,1.664378293327724,7.368272463281755e-07,6.541657221317291,0.035478556621819736,12.0,2.0,0.0,0.0,0.0,0.0,1.0
338,0.12499999750000007,0.24999999500000014,0.0033911920130744715,0.0,2.0546875,-0.0078125,0.0078125,1.7283796669798903,1.4795050214154526,7.368272463281755e-07,6.49050281047821,0.03591660517267883,12.0,2.0,0.0,0.0,0.0,0.0,1.0
339,0.12499999750000007,0.24999999500000014,0.003365709059382215,0.0,2.0625,0.1796875,-0.1796875,1.7544700829894282,1.5274763810386613,7.368272463281755e-07,6.455577909946442,0.036126416898332535,12.0,2.0,0.0,0.0,0.0,0.0,1.0
340,0.12499999750000007,0.24999999500000014,0.003860773261892061,0.0,2.0703125,-0.125,0.125,1.7784354169853032,1.2909079762869777,7.368272463281755e-07,6.432255184650421,0.0365269947447814,12.0,2.0,0.0,0.0,0.0,0.0,1.0
341,0.12499999750000007,0.24999999500000014,0.0024339208973594207,0.0,2.1015625,-0.0390625,0.0390625,1.766765708976891,1.6065589382354737,7.368272463281755e-07,6.44136917591095,0.03684590338234557,12.0,2.0,0.0,0.0,0.0,0.0,1.0
342,0.12499999750000007,0.24999999500000014,0.003903846109349693,0.0,2.078125,0.0390625,-0.0390625,1.7597960000275634,1.290933791831612,7.368272463281755e-07,6.455991411209107,0.03710924576298567,12.0,2.0,0.0,0.0,0.0,0.0,1.0
343,0.12499999750000007,0.24999999500000014,0.0027374006798895657,0.0,2.0546875,-0.0078125,0.0078125,1.7301080409670249,1.1902531128511287,7.368272463281755e-07,6.46996031999588,0.037336865747056434,12.0,2.0,0.0,0.0,0.0,0.0,1.0
344,0.12499999750000007,0.24999999500000014,0.0037245790359159143,0.0,2.0625,0.0625,-0.0625,1.7481560000451282,1.480059132869814,7.368272463281755e-07,6.478987407684326,0.03756652337033302,12.0,2.0,0.0,0.0,0.0,0.0,1.0
345,0.12499999750000007,0.24999999500000014,0.002735229875664469,0.0,2.0703125,0.015625,-0.015625,1.7700022080098279,1.3238407854875989,7.368272463281755e-07,6.487559950351715,0.03780301496590255,12.0,2.0,0.0,0.0,0.0,0.0,1.0
346,0.12499999750000007,0.24999999500000014,0.0009584200827485361,0.0,2.1015625,-0.1484375,0.1484375,1.7811076660291292,1.4334525085217926,7.368272463281755e-07,6.495615661144257,0.03805443420278607,12.0,2.0,0.0,0.0,0.0,0.0,1.0
347,0.12499999750000007,0.24999999500000014,0.0028532790398684157,0.0,2.0546875,0.1484375,-0.1484375,1.7298087080125697,1.071038816554008,7.368272463281755e-07,6.499201107025146,0.038255238281271885,12.0,2.0,0.0,0.0,0.0,0.0,1.0
348,0.12499999750000007,0.24999999500000014,0.0029834574985317082,0.0,2.046875,0.265625,-0.265625,1.730232167057693,0.9427566796417689,7.368272463281755e-07,6.500773251056671,0.03845760511758271,12.0,2.0,0.0,0.0,0.0,0.0,1.0
349,0.12499999750000007,0.24999999500000014,0.004930157855682776,0.0,2.0859375,-0.1171875,0.1171875,1.8103267920087092,1.4670440782308893,7.368272463281755e-07,6.5059527397155765,0.03872503523307387,12.0,2.0,0.0,0.0,0.0,0.0,1.0
350,0.12499999750000007,0.24999999500000014,0.0017572801851884474,0.0,2.125,0.0078125,-0.0078125,1.8036023339955136,1.2636295579149566,7.368272463281755e-07,6.511509120464325,0.03900535317661706,12.0,2.0,0.0,0.0,0.0,0.0,1.0
351,0.12499999750000007,0.24999999500000014,0.002377101040932289,0.0,2.1171875,-0.0625,0.0625,1.7991447920212522,1.3277967391102625,7.368272463281755e-07,6.5133610486984255,0.03924994941771729,12.0,2.0,0.0,0.0,0.0,0.0,1.0
352,0.12499999750000007,0.24999999500000014,0.0026648141756807717,0.0,2.109375,-0.0390625,0.0390625,1.8011905410094187,1.418517177542068,7.368272463281755e-07,6.516176450252533,0.039507449453230946,12.0,2.0,0.0,0.0,0.0,0.0,1.0
353,0.12499999750000007,0.24999999500000014,0.003500816081734785,0.0,2.0703125,-0.09375,0.09375,1.7642363749910146,1.1856708165179095,7.368272463281755e-07,6.518064939975739,0.03970746822888031,12.0,2.0,0.0,0.0,0.0,0.0,1.0
354,0.12499999750000007,0.24999999500000014,0.004055455212678603,0.0,2.09375,0.0,0.0,1.8311500829877332,1.0605901762306231,7.368272463281755e-07,6.519030123949051,0.03993812988919672,12.0,2.0,0.0,0.0,0.0,0.0,1.0
355,0.12499999750000007,0.24999999500000014,0.00384122154403144,0.0,2.09375,0.0390625,-0.0390625,1.8079547499655746,1.3497434184728399,7.368272463281755e-07,6.519905012845993,0.040163371055678,12.0,2.0,0.0,0.0,0.0,0.0,1.0
356,0.12499999750000007,0.24999999500000014,0.0024390181639217237,0.0,2.1171875,-0.140625,0.140625,1.830882542009931,1.0223363423187326,7.368272463281755e-07,6.519260638952256,0.04034295039746212,12.0,2.0,0.0,0.0,0.0,0.0,1.0
357,0.12499999750000007,0.24999999500000014,0.00421526909870417,0.0,2.078125,0.0078125,-0.0078125,1.774166083021555,0.9358578549673486,7.368272463281755e-07,6.518456399440765,0.04055619532737183,12.0,2.0,0.0,0.0,0.0,0.0,1.0
358,0.12499999750000007,0.24999999500000014,0.0023848238024037917,0.0,2.1015625,0.0078125,-0.0078125,1.76846758404281,1.2578790734511658,7.368272463281755e-07,6.518706321716309,0.04083922712597996,12.0,2.0,0.0,0.0,0.0,0.0,1.0
359,0.12499999750000007,0.24999999500000014,0.002940142497467074,0.0,2.1015625,-0.2109375,0.2109375,1.7718810410005972,1.2845597646227729,7.368272463281755e-07,6.519982093572617,0.04107733171913423,12.0,2.0,0.0,0.0,0.0,0.0,1.0
360,0.12499999750000007,0.24999999500000014,0.0031799896514059537,0.0,2.0625,0.0234375,-0.0234375,1.7482845000340603,1.0393085397786996,7.368272463281755e-07,6.516470199823379,0.04128345163771883,12.0,2.0,0.0,0.0,0.0,0.0,1.0
361,0.12499999750000007,0.24999999500000014,0.0035821111329591196,0.0,2.0546875,-0.0625,0.0625,1.7418639170355164,1.0939263951023617,7.368272463281755e-07,6.510981148481369,0.04145755272329552,12.0,2.0,0.0,0.0,0.0,0.0,1.0
362,0.12499999750000007,0.24999999500000014,0.0016972675859987004,0.0,2.1328125,0.0234375,-0.0234375,1.812992041988764,1.2386812503827436,7.368272463281755e-07,6.505608534812927,0.0417003686845419,12.0,2.0,0.0,0.0,0.0,0.0,1.0
363,0.12499999750000007,0.24999999500000014,0.0025316450824812366,0.0,2.109375,0.0,0.0,1.7952420419896953,1.1744087680622384,7.368272463281755e-07,6.500483238697052,0.041914271842688325,12.0,2.0,0.0,0.0,0.0,0.0,1.0
364,0.12499999750000007,0.24999999500000014,0.0027099089961685565,0.0,2.078125,0.03125,-0.03125,1.7692163750180043,0.8804209357489923,7.368272463281755e-07,6.494045507907868,0.042097382983047285,12.0,2.0,0.0,0.0,0.0,0.0,1.0
365,0.12499999750000007,0.24999999500000014,0.0028374309144820076,0.0,2.0703125,0.078125,-0.078125,1.772079416026827,0.8802647258313196,7.368272463281755e-07,6.486505895853043,0.04226968921720982,12.0,2.0,0.0,0.0,0.0,0.0,1.0
366,0.12499999750000007,0.24999999500000014,0.0017481230149810675,0.0,2.140625,-0.0625,0.0625,1.8153232909971848,0.937295452085745,7.368272463281755e-07,6.47792546749115,0.04248502693590126,12.0,2.0,0.0,0.0,0.0,0.0,1.0
367,0.12499999750000007,0.24999999500000014,0.001021675645953504,0.0,2.0703125,0.15625,-0.15625,1.768900124996435,0.8205313672518076,7.368272463281755e-07,6.467359870672226,0.042651670132727304,12.0,2.0,0.0,0.0,0.0,0.0,1.0
368,0.12499999750000007,0.24999999500000014,0.0010663091397332012,0.0,2.1015625,-0.1484375,0.1484375,1.7882657090085559,0.8031742474329087,7.368272463281755e-07,6.459834378957749,0.042831649626623405,12.0,2.0,0.0,0.0,0.0,0.0,1.0
369,0.12499999750000007,0.24999999500000014,0.0019128867844059765,0.0,2.0546875,0.0703125,-0.0703125,1.740412415994797,0.8858399033442869,7.368272463281755e-07,6.449706661701202,0.043014896765816955,12.0,2.0,0.0,0.0,0.0,0.0,1.0
370,0.12499999750000007,0.24999999500000014,0.0020971097845832757,0.0,2.1171875,-0.015625,0.015625,1.7819172500167042,1.047257058003254,7.368272463281755e-07,6.440510779619217,0.04320899705398915,12.0,2.0,0.0,0.0,0.0,0.0,1.0
371,0.12499999750000007,0.24999999500000014,0.0015266332210661106,0.0,2.0859375,-0.0703125,0.0703125,1.7769846669980325,0.7468265818060491,7.368272463281755e-07,6.429514771699905,0.04337097015450127,12.0,2.0,0.0,0.0,0.0,0.0,1.0
372,0.12499999750000007,0.24999999500000014,0.003146991253874019,0.0,2.0703125,-0.0625,0.0625,1.7738944579614326,0.781522734369204,7.368272463281755e-07,6.41792913377285,0.04353209696237172,12.0,2.0,0.0,0.0,0.0,0.0,1.0
373,0.12499999750000007,0.24999999500000014,0.0014452857072372789,0.0,2.0234375,-0.0078125,0.0078125,1.72554441599641,0.4893235690652619,7.368272463281755e-07,6.405002766847611,0.04364903564346605,12.0,2.0,0.0,0.0,0.0,0.0,1.0
374,0.12499999750000007,0.24999999500000014,0.0022280537230925275,0.0,2.1015625,-0.078125,0.078125,1.7764358330168761,0.9139971438497582,7.368272463281755e-07,6.393205490708351,0.04384026306652231,12.0,2.0,0.0,0.0,0.0,0.0,1.0
375,0.12499999750000007,0.24999999500000014,0.0013682996803624932,0.0,2.109375,0.046875,-0.046875,1.8091946250060573,0.7764388852752745,7.368272463281755e-07,6.376458510756493,0.044019659179321026,12.0,2.0,0.0,0.0,0.0,0.0,1.0
376,0.12499999750000007,0.24999999500000014,0.001513709243038652,0.0,2.046875,0.1796875,-0.1796875,1.7306810829904862,-0.017389291931185446,7.368272463281755e-07,6.36299774646759,0.04414718910411466,12.0,2.0,0.0,0.0,0.0,0.0,1.0
377,0.12499999750000007,0.24999999500000014,0.002540671945116645,0.0,2.0390625,0.4296875,-0.4296875,1.7203067500377074,-0.02660470569401023,7.368272463281755e-07,6.346628922224045,0.044309222997981124,12.0,2.0,0.0,0.0,0.0,0.0,1.0
378,0.12499999750000007,0.24999999500000014,0.0007408918952712715,0.0,2.0859375,0.0703125,-0.0703125,1.7754147499799728,0.4212686493875082,7.368272463281755e-07,6.330632308125496,0.044476991597912276,12.0,2.0,0.0,0.0,0.0,0.0,1.0
379,0.12499999750000007,0.24999999500000014,0.0023349751574527405,0.0,2.09375,0.0234375,-0.0234375,1.7793092919746414,0.035279596893380935,7.368272463281755e-07,6.314862909913063,0.04462193384824786,12.0,2.0,0.0,0.0,0.0,0.0,1.0
380,0.12499999750000007,0.24999999500000014,0.0013516895112751512,0.0,2.1171875,0.09375,-0.09375,1.7919824169948697,0.24867174153154323,7.368272463281755e-07,6.296640510857105,0.04479181703645736,12.0,2.0,0.0,0.0,0.0,0.0,1.0
381,0.12499999750000007,0.24999999500000014,0.0027539405762317874,0.0,2.109375,0.046875,-0.046875,1.7980570419458672,0.48868982138077693,7.368272463281755e-07,6.278058261424303,0.04493965859467153,12.0,2.0,0.0,0.0,0.0,0.0,1.0
382,0.2083333300000001,0.4166666600000002,0.0021181604236986218,0.0,2.1328125,-0.015625,0.015625,1.8192478750133887,0.3791953101532445,7.368272463281755e-07,6.26123064160347,0.04510019586377893,12.0,2.0,0.0,0.0,0.0,0.0,1.0
383,0.2083333300000001,0.4166666600000002,0.0025220912261411104,0.0,2.125,-0.1328125,0.1328125,1.8149461249704473,0.8576846149448744,7.368272463281755e-07,6.2440290279686455,0.045241558851557784,12.0,2.0,0.0,0.0,0.0,0.0,1.0
384,0.12499999750000007,0.24999999500000014,0.001917926742901384,0.0,2.0859375,-0.21875,0.21875,1.7829499169602059,0.6438275946527441,7.368272463281755e-07,6.230742678791285,0.045334732573246585,12.0,2.0,0.0,0.0,0.0,0.0,1.0
385,0.12499999750000007,0.24999999500000014,0.0003972395708039922,0.0,2.0859375,0.0546875,-0.0546875,1.7757598330499604,0.47194225312130395,7.368272463281755e-07,6.216436471790075,0.04550324286101386,12.0,2.0,0.0,0.0,0.0,0.0,1.0
386,0.12499999750000007,0.24999999500000014,0.001591870738857943,0.0,2.1015625,0.015625,-0.015625,1.772113667044323,0.23483669214975436,7.368272463281755e-07,6.20189116820693,0.04564661613549106,12.0,2.0,0.0,0.0,0.0,0.0,1.0
387,0.12499999750000004,0.24999999500000009,-0.0013926898909728414,0.0,2.0546875,0.1015625,-0.1015625,1.7377410840126686,-0.2503189510380771,7.368272463281755e-07,6.1865343898534775,0.04579675762797706,12.0,2.0,0.0,0.0,0.0,0.0,1.0
388,0.12499999750000007,0.24999999500000014,0.00012615166974517937,0.0,2.125,-0.2578125,0.2578125,1.8098625830025412,0.38513074437437084,7.368272463281755e-07,6.240210649642077,0.04455990456137277,12.0,1.0,0.0,0.0,0.0,0.0,1.0
389,0.2083333300000001,0.4166666600000002,0.0023286743415878966,0.0,2.1953125,0.015625,-0.015625,1.8874203329905868,-0.4305946218791116,7.368272463281755e-07,6.212765936147083,0.044615708891466384,12.0,1.0,0.0,0.0,0.0,0.0,1.0
390,0.2083333300000001,0.4166666600000002,0.0012715671289112633,0.0,2.265625,-0.25,0.25,2.0160837499424815,0.1129672827343617,7.368272463281755e-07,6.184309630231424,0.04461704167690848,12.0,1.0,0.0,0.0,0.0,0.0,1.0
391,0.2083333300000001,0.4166666600000002,0.00124518758778751,0.0,2.2890625,-0.2109375,0.2109375,1.9781142079737037,-0.19981938820179718,7.368272463281755e-07,6.158859090371565,0.04461247444322163,12.0,1.0,0.0,0.0,0.0,0.0,1.0
392,0.2083333300000001,0.4166666600000002,-0.00022727453129948693,0.0,2.3359375,-0.3125,0.3125,2.033772290975321,0.2675577779970191,7.368272463281755e-07,6.1413088955662465,0.04469152553197504,12.0,1.0,0.0,0.0,0.0,0.0,1.0
393,0.2083333300000001,0.4166666600000002,-0.0010951474416243817,0.0,2.2890625,-0.1875,0.1875,1.9587961250217631,-0.3744909486529948,7.368272463281755e-07,6.12954630093141,0.044775161823384806,12.0,1.0,0.0,0.0,0.0,0.0,1.0
394,0.12499999750000007,0.24999999500000014,-0.002233742171177726,0.0,2.2890625,-0.1875,0.1875,1.9569471669965424,-0.11057851727378043,7.368272463281755e-07,6.122933632948182,0.044917497418778526,12.0,1.0,0.0,0.0,0.0,0.0,1.0
395,0.12499999750000007,0.24999999500000014,0.000873547692115887,0.0,2.3046875,-0.1328125,0.1328125,1.9612710410146974,-0.4545265759795241,7.368272463281755e-07,6.10400514440103,0.04510464308656414,12.0,1.0,0.0,0.0,0.0,0.0,1.0
396,0.1249999975000001,0.2499999950000002,0.0001423872617824053,0.0,2.3359375,-0.0234375,0.0234375,2.0028293750365265,-1.734273123335682,7.368272463281755e-07,6.084554215046492,0.045357528966798615,12.0,1.0,0.0,0.0,0.0,0.0,1.0
397,0.12499999750000004,0.24999999500000009,0.003102851501924606,0.0,2.3125,0.0546875,-0.0546875,1.9562041659955867,-1.59808619076943,7.368272463281755e-07,6.0720087337222965,0.045626791505293855,12.0,1.0,0.0,0.0,0.0,0.0,1.0
398,0.12499999750000007,0.24999999500000014,0.0008460756817320178,0.0,2.2734375,0.015625,-0.015625,1.9469568339991383,-2.6779492763695196,7.368272463281755e-07,6.061516822061756,0.0458174437292407,12.0,1.0,0.0,0.0,0.0,0.0,1.0
399,0.12499999750000007,0.24999999500000014,0.0003716075961750404,0.0,2.2734375,-0.09375,0.09375,1.9499780420446768,-2.4476198022805082,7.368272463281755e-07,6.058279357173226,0.046009295678231865,12.0,1.0,0.0,0.0,0.0,0.0,1.0
400,0.1249999975000001,0.2499999950000002,0.002392457847197129,0.0,2.2734375,-0.0234375,0.0234375,1.9525020000291988,-2.829203012950248,7.368272463281755e-07,6.058919578790665,0.04621088872293264,12.0,1.0,0.0,0.0,0.0,0.0,1.0
401,0.12499999750000007,0.24999999500000014,0.0024595033150988706,0.0,2.375,-0.1640625,0.1640625,2.032193249964621,-2.599856154579213,7.368272463281755e-07,6.062794135375456,0.046441911083423874,12.0,1.0,0.0,0.0,0.0,0.0,1.0
402,0.2083333300000001,0.4166666600000002,0.0022016975600001546,0.0,2.296875,0.015625,-0.015625,1.9508757080184296,-3.278941632811135,7.368272463281755e-07,6.066966354846954,0.046665047906572,12.0,1.0,0.0,0.0,0.0,0.0,1.0
403,0.18749999666666675,0.3749999933333335,-2.9361692196699192e-05,0.0,2.3203125,-0.1328125,0.1328125,1.9652638750267215,-2.0823232420888313,7.368272463281755e-07,6.083281823179939,0.04675036397318102,12.0,1.0,0.0,0.0,0.0,0.0,1.0
404,0.18749999666666675,0.3749999933333335,-0.0008224695030506371,0.0,2.4296875,-0.0859375,0.0859375,2.0696292080101557,-1.094984593239899,7.368272463281755e-07,6.336600134770076,0.03475029678277982,12.0,0.0,0.0,0.0,0.0,0.0,1.0
405,0.18749999666666675,0.3749999933333335,0.0013141008989234638,0.0,2.296875,-0.1796875,0.1796875,1.9408313329913653,0.02303839891794182,7.368272463281755e-07,6.3522046854098635,0.03395543177612126,12.0,0.0,0.0,0.0,0.0,0.0,1.0
406,0.18749999666666675,0.3749999933333335,-0.0016093555959642836,0.0,2.2421875,0.0,0.0,1.9107485000276938,0.8946168367274938,7.368272463281755e-07,6.893828668377616,0.036734595482068304,12.0,1.0,0.0,0.0,0.0,0.0,1.0
407,0.18749999666666678,0.37499999333333356,0.0017167687556788544,0.0,2.296875,-0.1328125,0.1328125,1.9304976669955067,0.5816566756424386,7.368272463281755e-07,6.892642756754702,0.03656049628361044,12.0,1.0,0.0,0.0,0.0,0.0,1.0
408,0.18749999666666675,0.3749999933333335,0.0010830986670723186,0.0,2.265625,0.0078125,-0.0078125,1.9397561670048162,0.26877625321965376,7.368272463281755e-07,6.896200331097299,0.036410571173870594,12.0,1.0,0.0,0.0,0.0,0.0,1.0
409,0.18749999666666675,0.3749999933333335,0.001451650781371309,0.0,2.3203125,-0.0625,0.0625,1.9595520829898305,0.548012129872095,7.368272463281755e-07,6.378130409866571,0.032984031255182344,12.0,0.0,0.0,0.0,0.0,0.0,1.0
410,0.18749999666666675,0.3749999933333335,1.3870151316108212e-05,0.0,2.3359375,-0.078125,0.078125,1.9836648750351742,0.7890586310352844,7.368272463281755e-07,6.377043143225213,0.03294151820409752,12.0,0.0,0.0,0.0,0.0,0.0,1.0
411,0.10416666416666673,0.20833332833333346,0.0032101732574966253,0.0,2.28125,-0.1328125,0.1328125,1.9314138329937123,2.7642433612152124,7.368272463281755e-07,6.897021362388676,0.03639393885069611,12.0,1.0,0.0,0.0,0.0,0.0,1.0
412,0.10416666416666673,0.20833332833333346,0.0004949262412048154,0.0,2.296875,0.171875,-0.171875,1.9116655829711817,4.013955532505452,7.368272463281755e-07,6.903235004706816,0.03663499628998001,12.0,1.0,0.0,0.0,0.0,0.0,1.0
413,0.10416666416666673,0.20833332833333346,0.0009852182309488108,0.0,2.28125,0.1484375,-0.1484375,1.9599302500137128,4.227499688139077,7.368272463281755e-07,6.9120229022069415,0.036856972093863245,12.0,1.0,0.0,0.0,0.0,0.0,1.0
414,0.10416666416666673,0.20833332833333346,0.0007141825271893665,0.0,2.2734375,-0.09375,0.09375,1.9259292909991927,2.9774968780519577,7.368272463281755e-07,6.920408988540823,0.03710791495078328,12.0,1.0,0.0,0.0,0.0,0.0,1.0
415,0.10416666416666673,0.20833332833333346,0.002469599805091888,0.0,2.3203125,-0.0078125,0.0078125,1.9633163749822415,3.0887600955183334,7.368272463281755e-07,6.930344643917951,0.0373240653319623,12.0,1.0,0.0,0.0,0.0,0.0,1.0
416,0.10416666416666673,0.20833332833333346,0.0016776669473497136,0.0,2.375,-0.109375,0.109375,2.0136848330148496,2.1006318910313944,7.368272463281755e-07,6.981725885109468,0.03789529708129438,12.0,1.0,0.0,0.0,0.0,0.0,1.0
417,0.10416666416666673,0.20833332833333346,0.003139892040034325,0.0,2.421875,0.0,0.0,2.041484582994599,1.880840650372087,7.368272463281755e-07,7.021502711556175,0.03841580866455016,12.0,1.0,0.0,0.0,0.0,0.0,1.0
418,0.10416666416666673,0.20833332833333346,0.0020180067200658053,0.0,2.40625,-0.0546875,0.0546875,2.0386147089884616,2.111458075244899,7.368272463281755e-07,7.058098486878655,0.0386858118951998,12.0,1.0,0.0,0.0,0.0,0.0,1.0
419,0.10416666416666673,0.20833332833333346,0.0020627608278097017,0.0,2.40625,-0.078125,0.078125,2.042209500039462,1.3339656279603769,7.368272463281755e-07,7.090926365418867,0.038959137523885475,12.0,1.0,0.0,0.0,0.0,0.0,1.0
420,0.10416666416666673,0.20833332833333346,0.0031756579839876176,0.0,2.328125,0.0703125,-0.0703125,2.002174958004616,1.8366977305420293,7.368272463281755e-07,7.120801215822047,0.03922653586646034,12.0,1.0,0.0,0.0,0.0,0.0,1.0
421,0.10416666416666673,0.20833332833333346,0.0027503222594879133,0.0,2.375,0.0078125,-0.0078125,2.09398354095174,-0.04911503550063476,7.368272463281755e-07,6.59537760913372,0.03586723660312904,12.0,0.0,0.0,0.0,0.0,0.0,1.0
422,0.10416666416666673,0.20833332833333346,0.0036947657877316503,0.0,2.3828125,0.2109375,-0.2109375,2.00587162503507,-0.22737082835500602,7.368272463281755e-07,6.61419007430474,0.0360590745015846,12.0,0.0,0.0,0.0,0.0,0.0,1.0
423,0.10416666416666673,0.20833332833333346,0.0021066126126754055,0.0,2.3359375,-0.0859375,0.0859375,1.9854512919555418,-0.31753733135560486,7.368272463281755e-07,6.630978189408779,0.03628651775458517,12.0,0.0,0.0,0.0,0.0,0.0,1.0
424,0.10416666416666673,0.20833332833333346,0.000922528641438202,0.0,2.359375,-0.0546875,0.0546875,2.0127063340041786,-0.4505985065375683,7.368272463281755e-07,6.652189965049426,0.03656587081301647,12.0,0.0,0.0,0.0,0.0,0.0,1.0
425,0.10416666416666673,0.20833332833333346,0.001738497049821204,0.0,2.3671875,0.125,-0.125,2.0046110000112094,0.04314791086965883,7.368272463281755e-07,6.671287792424361,0.036853100779505134,12.0,0.0,0.0,0.0,0.0,0.0,1.0
426,0.10416666416666673,0.20833332833333346,0.0038434354881481314,0.0,2.3984375,-0.0625,0.0625,2.050792875001207,-0.7983974077016819,7.368272463281755e-07,6.694935731589794,0.03714521314638356,12.0,0.0,0.0,0.0,0.0,0.0,1.0
427,0.10416666416666673,0.20833332833333346,0.0034585033412659026,0.0,2.40625,-0.171875,0.171875,2.0541277499869466,-0.9883569658933473,7.368272463281755e-07,6.717814234395822,0.03735531956529788,12.0,0.0,0.0,0.0,0.0,0.0,1.0
428,0.10416666416666673,0.20833332833333346,0.003337792726227702,0.0,2.4140625,0.109375,-0.109375,2.0978452499839477,-0.8029990246049264,7.368272463281755e-07,6.737162426114082,0.03755607434140984,12.0,0.0,0.0,0.0,0.0,0.0,1.0
429,0.10416666416666673,0.20833332833333346,0.004246615876490007,0.0,2.4609375,-0.1953125,0.1953125,2.0811009160242975,-1.5412145472767333,7.368272463281755e-07,6.756525218486786,0.03777277649351163,12.0,0.0,0.0,0.0,0.0,0.0,1.0
430,0.10416666416666673,0.20833332833333346,0.004182018130553883,0.0,2.3828125,-0.09375,0.09375,2.043958041991573,-1.0994025073852007,7.368272463281755e-07,6.773436484237512,0.03797597122077908,12.0,0.0,0.0,0.0,0.0,0.0,1.0
431,0.10416666416666673,0.20833332833333346,0.0027145818693737013,0.0,2.390625,-0.1015625,0.1015625,2.0424196250387467,-1.3640824959725995,7.368272463281755e-07,6.789432764053345,0.03819035995790424,12.0,0.0,0.0,0.0,0.0,0.0,1.0
432,0.10416666416666673,0.20833332833333346,0.0038448274472359188,0.0,2.40625,-0.15625,0.15625,2.11169579194393,-1.5502128960457389,7.368272463281755e-07,6.806441344320774,0.03842245640892846,12.0,0.0,0.0,0.0,0.0,0.0,1.0
433,0.10416666416666673,0.20833332833333346,0.005296968246288808,0.0,2.34375,0.0546875,-0.0546875,2.002908250025939,-1.646592251713737,7.368272463281755e-07,6.82174048324426,0.03862777896332167,12.0,0.0,0.0,0.0,0.0,0.0,1.0
434,0.10416666416666673,0.20833332833333346,0.0061302144545943155,0.0,2.40625,0.0,0.0,2.0623490000143647,-2.043750187146059,7.368272463281755e-07,6.83928619325161,0.03884519377121857,12.0,0.0,0.0,0.0,0.0,0.0,1.0
435,0.10416666416666673,0.20833332833333346,0.0022228391321252915,0.0,2.3515625,-0.015625,0.015625,2.013834916986525,-1.5539930278618674,7.368272463281755e-07,6.855650871992111,0.039074094160847984,12.0,0.0,0.0,0.0,0.0,0.0,1.0
436,0.10416666416666673,0.20833332833333346,0.004735459269679465,0.0,2.3984375,-0.0859375,0.0859375,2.0490752499899827,-1.6016651881888664,7.368272463281755e-07,6.871857658028603,0.039291941354652714,12.0,0.0,0.0,0.0,0.0,0.0,1.0
437,0.10416666416666673,0.20833332833333346,0.003286695665101056,0.0,2.4453125,-0.21875,0.21875,2.0636838750215247,-2.444527080440083,7.368272463281755e-07,6.8893085569143295,0.03950122075427013,12.0,0.0,0.0,0.0,0.0,0.0,1.0
438,0.10416666416666673,0.20833332833333346,0.005265855836686711,0.0,2.3828125,-0.0390625,0.0390625,2.072185042023193,-0.1563601024927892,7.368272463281755e-07,7.443024770780043,0.04361611253327944,12.0,1.0,0.0,0.0,0.0,0.0,1.0
439,0.10416666416666673,0.20833332833333346,0.0038119392375713813,0.0,2.34375,0.046875,-0.046875,2.000828541989904,0.5625834451435366,7.368272463281755e-07,7.483430049636147,0.043991993541236625,12.0,1.0,0.0,0.0,0.0,0.0,1.0
440,0.10416666416666673,0.20833332833333346,0.0028905615880903935,0.0,2.4453125,-0.0390625,0.0390625,2.075160207983572,-0.16938491478071774,7.368272463281755e-07,7.514642661268061,0.04425235196355392,12.0,1.0,0.0,0.0,0.0,0.0,1.0
441,0.10416666416666673,0.20833332833333346,0.004905473667303655,0.0,2.3984375,0.0078125,-0.0078125,2.043188250041567,-0.06184190466957537,7.368272463281755e-07,7.539534026926214,0.04445473290979862,12.0,1.0,0.0,0.0,0.0,0.0,1.0
442,0.10416666416666673,0.20833332833333346,0.00347026391817062,0.0,2.40625,0.015625,-0.015625,2.0778216249891557,0.07992048376461328,7.368272463281755e-07,7.562046354467219,0.04469893561591479,12.0,1.0,0.0,0.0,0.0,0.0,1.0
443,0.10416666416666673,0.20833332833333346,0.0027152831529222918,0.0,2.4375,-0.15625,0.15625,2.0729270830051973,-0.9741016620971958,7.368272463281755e-07,7.582013010978699,0.04493277733722194,12.0,1.0,0.0,0.0,0.0,0.0,1.0
444,0.10416666416666673,0.20833332833333346,0.0031865285529517457,0.0,2.4453125,0.0390625,-0.0390625,2.0713935419917107,-0.10962665208485929,7.368272463281755e-07,7.600553837689486,0.04514744581485337,12.0,1.0,0.0,0.0,0.0,0.0,1.0
445,0.10416666416666673,0.20833332833333346,0.004157880261453774,0.0,2.4375,-0.171875,0.171875,2.0806881670141593,-0.3266945694896351,7.368272463281755e-07,7.616019899194891,0.045375544408505615,12.0,1.0,0.0,0.0,0.0,0.0,1.0
446,0.10416666416666673,0.20833332833333346,0.005302657865339889,0.0,2.453125,0.015625,-0.015625,2.079513875010889,-0.2699766607683895,7.368272463281755e-07,7.630952466617931,0.04557041497901082,12.0,1.0,0.0,0.0,0.0,0.0,1.0
447,0.10416666416666673,0.20833332833333346,0.0035801387618678545,0.0,2.453125,-0.0859375,0.0859375,2.0857292499858886,-1.0847043599352235,7.368272463281755e-07,7.643811280077154,0.04580432337454774,12.0,1.0,0.0,0.0,0.0,0.0,1.0
448,0.10416666416666673,0.20833332833333346,0.005686320259050125,0.0,2.453125,-0.1640625,0.1640625,2.089162042015232,-0.5061617168472935,7.368272463281755e-07,7.659335667436773,0.046030326365408575,12.0,1.0,0.0,0.0,0.0,0.0,1.0
449,0.10416666416666673,0.20833332833333346,0.006306945948355215,0.0,2.453125,-0.1640625,0.1640625,2.0853730000089854,-1.4995104955041418,7.368272463281755e-07,7.672919685190374,0.046253649348562416,12.0,1.0,0.0,0.0,0.0,0.0,1.0
450,0.10416666416666673,0.20833332833333346,0.0032949598678799655,0.0,2.390625,0.109375,-0.109375,2.1195403750170954,-0.005342688447996682,7.368272463281755e-07,7.685427340594205,0.04647929568521001,12.0,1.0,0.0,0.0,0.0,0.0,1.0
451,0.10416666416666673,0.20833332833333346,0.004060787141677119,0.0,2.453125,0.0546875,-0.0546875,2.1341872080229223,-1.1888864121395557,7.368272463281755e-07,7.698636921969327,0.04668754957277666,12.0,1.0,0.0,0.0,0.0,0.0,1.0
452,0.10416666416666673,0.20833332833333346,0.003922206238621151,0.0,2.4453125,-0.25,0.25,2.06093608395895,-1.8819673868884055,7.368272463281755e-07,7.711265563964844,0.046910050960088316,12.0,1.0,0.0,0.0,0.0,0.0,1.0
453,0.10416666416666673,0.20833332833333346,0.0033895963803989215,0.0,2.3828125,0.109375,-0.109375,2.0085002499981783,0.2002791632797004,7.368272463281755e-07,7.723954872651533,0.04713208291848952,12.0,1.0,0.0,0.0,0.0,0.0,1.0
454,0.10416666416666673,0.20833332833333346,0.000787173560700087,0.0,2.40625,-0.140625,0.140625,2.0579928749939427,-3.3229521273042573,7.368272463281755e-07,7.157103071610133,0.04309129465885538,12.0,0.0,0.0,0.0,0.0,0.0,1.0
455,0.12499999750000007,0.24999999500000014,0.0033633199919169826,0.0,2.375,-0.09375,0.09375,2.027898916043341,-3.3446069237897973,7.368272463281755e-07,7.141497244437535,0.04304381104399605,12.0,0.0,0.0,0.0,0.0,0.0,1.0
456,0.12499999750000007,0.24999999500000014,0.00339654876447269,0.0,2.359375,-0.1015625,0.1015625,2.0141115830047056,-5.134112170955921,7.368272463281755e-07,6.847427731210535,0.059048522877591575,12.0,1.0,0.0,0.0,0.0,0.0,1.0
457,0.12499999750000007,0.24999999500000014,0.0031820719931378166,0.0,2.375,-0.1328125,0.1328125,2.0554978330037557,-5.714173013096163,7.368272463281755e-07,6.849934995174408,0.05896987990391525,12.0,1.0,0.0,0.0,0.0,0.0,1.0
458,0.12499999750000007,0.24999999500000014,0.0031438612602402638,0.0,2.3203125,0.0234375,-0.0234375,1.9655971250031143,-4.6711910131817795,7.368272463281755e-07,6.877175493673845,0.05917578362542289,12.0,1.0,0.0,0.0,0.0,0.0,1.0
459,0.12499999750000007,0.24999999500000014,0.0030276171094843216,0.0,2.2890625,-0.171875,0.171875,1.9646181659772992,-4.958895041604291,7.368272463281755e-07,6.900926384058866,0.05936263712514615,12.0,1.0,0.0,0.0,0.0,0.0,1.0
460,0.12499999750000007,0.24999999500000014,0.002032920291062966,0.0,2.3828125,-0.078125,0.078125,2.0192760420031846,-5.058054036766073,7.368272463281755e-07,6.925056923519481,0.059589264186797664,12.0,1.0,0.0,0.0,0.0,0.0,1.0
461,0.12499999750000007,0.24999999500000014,0.004160626195621266,0.0,2.3359375,-0.1015625,0.1015625,2.001080207992345,-5.120580501181357,7.368272463281755e-07,6.945561474019831,0.059791966383768755,12.0,1.0,0.0,0.0,0.0,0.0,1.0
462,0.12499999750000007,0.24999999500000014,0.003617836116481815,0.0,2.34375,-0.125,0.125,2.0059941250365227,-8.712517499271113,7.368272463281755e-07,6.975319125435569,0.05975124506618489,12.0,1.0,0.0,0.0,0.0,0.0,1.0
463,0.12499999750000007,0.24999999500000014,0.001631840139660305,0.0,2.3125,0.0078125,-0.0078125,1.9659356659976766,-8.986898742239696,7.368272463281755e-07,7.008006887002424,0.05985332726479762,12.0,1.0,0.0,0.0,0.0,0.0,1.0
464,0.12499999750000007,0.24999999500000014,0.0015434359856819927,0.0,2.453125,-0.265625,0.265625,2.114145874977112,-9.171983175409373,7.368272463281755e-07,7.031406554308805,0.06004721833001399,12.0,1.0,0.0,0.0,0.0,0.0,1.0
465,0.12499999750000007,0.24999999500000014,0.0030324022699493997,0.0,2.3203125,0.09375,-0.09375,1.9948998330510221,-9.250928063307112,7.368272463281755e-07,7.052969900044528,0.06025715425494127,12.0,1.0,0.0,0.0,0.0,0.0,1.0
466,0.12499999750000007,0.24999999500000014,0.0032686364625301965,0.0,2.3203125,-0.0234375,0.0234375,2.00346758303931,-9.047212963019682,7.368272463281755e-07,7.068928263404152,0.06048633169319311,12.0,1.0,0.0,0.0,0.0,0.0,1.0
467,0.12499999750000007,0.24999999500000014,0.0012496528393949342,0.0,2.3125,0.1640625,-0.1640625,2.003556625044439,-9.216719570741231,7.368272463281755e-07,7.084007685834711,0.0606977210634134,12.0,1.0,0.0,0.0,0.0,0.0,1.0
468,0.12499999750000007,0.24999999500000014,0.005554933022612583,0.0,2.34375,-0.078125,0.078125,2.019476583984215,-9.219485350505607,7.368272463281755e-07,7.09539701721885,0.06090857164764946,12.0,1.0,0.0,0.0,0.0,0.0,1.0
469,0.12441427209321132,0.24882854418642264,0.0026893259386390157,0.0,2.3359375,0.015625,-0.015625,1.9967623329721391,-10.519257674312115,7.368272463281755e-07,7.106795592741533,0.06110217747416093,12.0,1.0,0.0,0.0,0.0,0.0,1.0
470,0.12002468527062432,0.24004937054124864,0.0022014223115865775,0.0,2.296875,0.0546875,-0.0546875,1.9485103330225684,-10.006244981173959,7.368272463281755e-07,7.113801901990717,0.06127861617873846,12.0,1.0,0.0,0.0,0.0,0.0,1.0
471,0.10416666416666673,0.20833332833333346,0.002781384636174406,0.0,2.3046875,-0.1171875,0.1171875,1.966257542022504,-11.083348423205505,7.368272463281755e-07,7.355263451735179,0.045193273309754055,12.0,0.0,0.0,0.0,0.0,0.0,1.0
472,0.10416666416666673,0.20833332833333346,0.0018688725295302195,0.0,2.421875,0.0546875,-0.0546875,2.058519208978396,-5.332540689411313,7.368272463281755e-07,7.7302797490900215,0.0507216190665283,12.0,1.0,0.0,0.0,0.0,0.0,1.0
473,0.10416666416666673,0.20833332833333346,0.005449674681879353,0.0,2.40625,0.0078125,-0.0078125,2.0484090000391006,-6.033704097467943,7.368272463281755e-07,7.722726458852941,0.0510958270593123,12.0,1.0,0.0,0.0,0.0,0.0,1.0
474,0.10416666416666673,0.20833332833333346,0.0017966146714439321,0.0,2.484375,-0.0859375,0.0859375,2.118442957988009,-3.4626054007523703,7.368272463281755e-07,7.740849256515503,0.05143753676251932,12.0,1.0,0.0,0.0,0.0,0.0,1.0
475,0.10416666416666673,0.20833332833333346,0.0003990885853641882,0.0,2.421875,-0.03125,0.03125,2.0835424170363694,-1.7644952310703208,7.368272463281755e-07,7.790367494929921,0.05173219858922742,12.0,1.0,0.0,0.0,0.0,0.0,1.0
476,0.10416666416666673,0.20833332833333346,0.0015738242148341602,0.0,2.5,-0.015625,0.015625,2.1172362089855596,-3.236809815608926,7.368272463281755e-07,7.8320699388330635,0.05186568446118723,12.0,1.0,0.0,0.0,0.0,0.0,1.0
477,0.10416666416666673,0.20833332833333346,0.005343718057064866,0.0,2.359375,0.078125,-0.078125,2.036832374986261,-0.9878294476001472,7.368272463281755e-07,7.862649592486295,0.05207060091197491,12.0,1.0,0.0,0.0,0.0,0.0,1.0
478,0.10416666416666673,0.20833332833333346,0.0037709217225221415,0.0,2.3671875,0.0859375,-0.0859375,2.015547000046354,0.40405940590006245,7.368272463281755e-07,7.885311256755482,0.05229177554561333,12.0,1.0,0.0,0.0,0.0,0.0,1.0
479,0.10416666416666673,0.20833332833333346,0.004551120623948162,0.0,2.421875,-0.046875,0.046875,2.1696516670053825,-3.0141479159496356,7.368272463281755e-07,7.8996074849909,0.052505299829962576,12.0,1.0,0.0,0.0,0.0,0.0,1.0
480,0.10416666416666673,0.20833332833333346,0.0033333076806513606,0.0,2.421875,0.125,-0.125,2.0776407920056954,-0.10536147123018728,7.368272463281755e-07,7.913533557545055,0.05269919551739639,12.0,1.0,0.0,0.0,0.0,0.0,1.0
481,0.10416666416666673,0.20833332833333346,0.004157107484084074,0.0,2.3984375,-0.078125,0.078125,2.03971579199424,-3.595073962865866,7.368272463281755e-07,7.921949668364092,0.05288769499483434,12.0,1.0,0.0,0.0,0.0,0.0,1.0
482,0.10416666416666673,0.20833332833333346,0.005141236481309659,0.0,2.421875,-0.015625,0.015625,2.0506558749475516,-2.0112544221082147,7.368272463281755e-07,7.929917313835838,0.053070925091477955,12.0,1.0,0.0,0.0,0.0,0.0,1.0
483,0.10416666416666673,0.20833332833333346,0.0026394037380664264,0.0,2.453125,-0.1484375,0.1484375,2.088063375034835,-4.728005017727682,7.368272463281755e-07,7.935368364507502,0.05329817652025006,12.0,1.0,0.0,0.0,0.0,0.0,1.0
484,0.10416666416666673,0.20833332833333346,0.00284822918531765,0.0,2.5078125,-0.09375,0.09375,2.1434338749968447,-4.20722953113152,7.368272463281755e-07,7.940961664373225,0.053458971648731014,12.0,1.0,0.0,0.0,0.0,0.0,1.0
485,0.10416666416666673,0.20833332833333346,0.001569194915860804,0.0,2.3671875,0.046875,-0.046875,2.00049179099733,-0.7706030869348734,7.368272463281755e-07,7.944960594177246,0.053660107776522636,12.0,1.0,0.0,0.0,0.0,0.0,1.0
486,0.10416666416666673,0.20833332833333346,0.0013583437465373993,0.0,2.3828125,-0.1484375,0.1484375,2.023316500009969,-7.462520116218157,7.368272463281755e-07,7.390221019585927,0.04882369070158651,12.0,0.0,0.0,0.0,0.0,0.0,1.0
487,0.10416666416666673,0.20833332833333346,0.0020877452040851518,0.0,2.3984375,-0.2578125,0.2578125,2.062731750018429,-7.110724351339779,7.368272463281755e-07,7.360942115386327,0.04875579327441907,12.0,0.0,0.0,0.0,0.0,0.0,1.0
488,0.10416666416666673,0.20833332833333346,-0.00035875807707343686,0.0,2.390625,-0.171875,0.171875,2.048636916966643,-7.874747991217198,7.368272463281755e-07,7.342506408691406,0.04894244569974641,12.0,0.0,0.0,0.0,0.0,0.0,1.0
489,0.10416666416666673,0.20833332833333346,0.0006424121513605673,0.0,2.3828125,0.0703125,-0.0703125,2.232340959017165,-6.592723038674785,7.368272463281755e-07,7.328859835863113,0.04912939623075848,12.0,0.0,0.0,0.0,0.0,0.0,1.0
490,0.10416666416666673,0.20833332833333346,0.00045318087984345435,0.0,2.3984375,-0.1171875,0.1171875,2.0677306249854155,-7.4808733132778515,7.368272463281755e-07,7.323492020368576,0.049301076394234165,12.0,0.0,0.0,0.0,0.0,0.0,1.0
491,0.10416666416666673,0.20833332833333346,0.0008447190127857818,0.0,2.4296875,0.0,0.0,2.089314291952178,-7.402611331298155,7.368272463281755e-07,7.319368461767833,0.049443961982130226,12.0,0.0,0.0,0.0,0.0,0.0,1.0
492,0.10416666416666673,0.20833332833333346,0.0013558507866257695,0.0,2.4140625,-0.109375,0.109375,2.104230583005119,-7.977257584888547,7.368272463281755e-07,7.319151868422826,0.04963085625786334,12.0,0.0,0.0,0.0,0.0,0.0,1.0
493,0.10416666416666673,0.20833332833333346,0.00032821828257248827,0.0,2.375,-0.0234375,0.0234375,2.055024333007168,-6.297122125480865,7.368272463281755e-07,7.320078233877818,0.049772077853655596,12.0,0.0,0.0,0.0,0.0,0.0,1.0
494,0.12499999750000007,0.24999999500000014,0.001555070169056658,0.0,2.3984375,-0.1484375,0.1484375,2.0581057500094175,-8.07932568690267,7.368272463281755e-07,7.321942498286565,0.04992482229863526,12.0,0.0,0.0,0.0,0.0,0.0,1.0
495,0.12499999750000007,0.24999999500000014,0.0009132433936351002,0.0,2.328125,-0.0234375,0.0234375,1.9872055830201134,-9.972015869877344,7.368272463281755e-07,7.056604862213135,0.06696749842111868,12.0,1.0,0.0,0.0,0.0,0.0,1.0
496,0.12499999750000007,0.24999999500000014,-0.0022144694132163693,0.0,2.3828125,-0.1875,0.1875,2.045360082993284,-10.387361699518069,7.368272463281755e-07,7.067163521593267,0.06699145814689639,12.0,1.0,0.0,0.0,0.0,0.0,1.0
497,0.12499999750000007,0.24999999500000014,-0.0015266377509674715,0.0,2.296875,0.140625,-0.140625,1.9473199169733562,-9.08363333699805,7.368272463281755e-07,7.0897227200594815,0.06718109078197317,12.0,1.0,0.0,0.0,0.0,0.0,1.0
498,0.12499999750000007,0.24999999500000014,0.0011575713614686855,0.0,2.2890625,0.2109375,-0.2109375,1.9820559169747867,-9.59384091679822,7.368272463281755e-07,7.107871846719221,0.06738339613498696,12.0,1.0,0.0,0.0,0.0,0.0,1.0
499,0.12499999750000007,0.24999999500000014,-0.001530748349100211,0.0,2.28125,0.0703125,-0.0703125,1.9724352090270258,-9.923684489076887,7.368272463281755e-07,7.120488101785833,0.06758183073146608,12.0,1.0,0.0,0.0,0.0,0.0,1.0
500,0.12499999750000007,0.24999999500000014,-0.00020833226819324662,0.0,2.3125,-0.0625,0.0625,1.984716666978784,-11.479221405202582,7.368272463281755e-07,7.129418763247403,0.06776639946143735,12.0,1.0,0.0,0.0,0.0,0.0,1.0
