iteration,exploitability,nash_conv,actor_loss,average_lambda,mean_episode_length,mean_return_player0,mean_return_player1,wall_time_sec,scheduler_loss,gate_entropy,gate_regret_norm,gate_avg_utility,handoff_frozen_clusters,handoff_missing_clusters,gate_prob_actor,gate_prob_regret,gate_prob_ra,gate_prob_explore,gate_prob_cfr
1,0.4583333274999998,0.9166666549999996,0.0,0.19817928361649417,2.296875,-0.0390625,0.0390625,2.0180271249846555,0.00016569152765342693,1.607781353045483,0.0,0.0,0.0,0.0,0.21364174661587695,0.19817928361649417,0.19162565550836577,0.21088974157563684,0.1856635757246796
2,0.36478165539563856,0.7295633107912771,-2.1660853243585916e-05,0.19955875875649753,2.234375,0.0,0.0,1.9416152499616146,8.554919375748504e-05,1.6085821085876517,7.295228374207927e-10,-4.2059651391111694e-12,0.0,0.0,0.2101435435193402,0.19955875875649753,0.19387518911511747,0.20612326535311612,0.19029923882726188
3,0.3744514450466453,0.7489028900932906,-8.223583526710985e-05,0.20083477833545166,2.2421875,0.3984375,-0.3984375,1.9557443329831585,-0.14177855849266052,1.6090509193699534,0.012314900297193768,-5.494707816672736e-07,1.0,0.0,0.20584382121986627,0.20083477833545166,0.19769011115986296,0.20058883877166056,0.1950424567436092
4,0.38516307897575397,0.7703261579515079,-0.00013367429361373271,0.1999591297473169,2.3203125,0.203125,-0.203125,2.027028042008169,-0.15134942444911767,1.5601707470652209,0.029301405247830797,-3.6724450078887486e-06,1.0,0.0,0.19817160968025926,0.1999591297473169,0.1902024542241787,0.1930303491325892,0.2186364582692734
5,0.36457151107560426,0.7291430221512085,-0.0003306579207982245,0.20385932481764163,2.3515625,0.203125,-0.203125,2.032912334019784,-0.02904336002850255,1.544454544553511,0.04990467092526766,-9.252866419432829e-06,1.0,0.0,0.19435216639921118,0.20385932481764163,0.18652253432131288,0.1888867254768099,0.22637924705430915
6,0.36765215262895623,0.7353043052579125,-0.00018938963047522914,0.21348328321968038,2.28125,-0.0234375,0.0234375,1.9972024590242654,-0.1445505016368546,1.5638763151134691,0.0712995862753208,-2.023237175248956e-05,1.0,0.0,0.1946748990106256,0.21348328321968038,0.1868855517408619,0.18885779783946194,0.21609847798739393
7,0.3651030370623207,0.7302060741246414,-7.490498630992242e-05,0.21756099119330896,2.3203125,0.109375,-0.109375,2.0142442080541514,-0.19072604770160684,1.5419662585448974,0.09298081764912543,-3.6325447635950546e-05,1.0,0.0,0.19007065204859583,0.21756099119330896,0.18237382605019642,0.18306988618189238,0.22692464909168206
8,0.3486818077467422,0.6973636154934844,-0.00039389452937182523,0.22835363405838346,2.2265625,0.09375,-0.09375,1.939959125011228,-0.27946000998041165,1.5602527360948093,0.11463655900054921,-6.002382147422362e-05,1.0,0.0,0.18957736732666952,0.22835363405838346,0.18278715521620031,0.18103533622465637,0.21824650450756675
9,0.3510667614966038,0.7021335229932076,-0.00025282378070392664,0.23459213736282053,2.3203125,0.03125,-0.03125,2.0123862079926766,-0.17669995720984308,1.5437049307769013,0.14236531660814458,-9.468261991211573e-05,1.0,0.0,0.18458641904973824,0.23459213736282053,0.1789637518551213,0.17525744819480563,0.22660025462558375
10,0.36850180986794834,0.7370036197358967,-0.0001362571751458597,0.24592870292140218,2.2421875,0.3203125,-0.3203125,1.954760749998968,-0.2689691898944376,1.555520982878399,0.17158652667421848,-0.0001358021538446034,1.0,0.0,0.18315411372051837,0.24592870292140218,0.17826402052354315,0.17215914053368653,0.22049402536415472
11,0.380517109838469,0.761034219676938,-0.0004944482791750395,0.25421443280547557,2.3203125,0.0078125,-0.0078125,2.023585916031152,-0.24317026138932818,1.542635732150459,0.20115916891760813,-0.00018582031251905087,1.0,0.0,0.17869060539235973,0.25421443280547557,0.17462613350815243,0.16658222218755922,0.22588662045571942
12,0.3206614706705259,0.6413229413410518,-0.0005665249847869551,0.26778644810120267,2.34375,0.171875,-0.171875,2.0393787500215694,-0.4457473301328719,1.5487310522586661,0.23112351007875986,-0.0002458775437096013,1.0,0.0,0.17564652249217033,0.26778644810120267,0.17365281164646149,0.1622944353024165,0.22061978846788408
13,0.3188199257571015,0.637639851514203,-0.0008198853620857556,0.27323009785044067,2.2421875,-0.2578125,0.2578125,1.9480862080235966,-0.32407637514199944,1.5019791527967103,0.2598597922672828,-0.0003129108181572822,1.0,0.0,0.16714785977523086,0.27323009785044067,0.16603835228220512,0.1535709896465627,0.2400127108296451
14,0.3129564676171761,0.6259129352343522,-0.0009475668492442402,0.2854942659268508,2.3125,-0.1015625,0.1015625,2.0031721670529805,-0.3876626515081404,1.485882604475051,0.28944045879567665,-0.00039078965276454863,1.0,0.0,0.16125616114083174,0.2854942659268508,0.16240420836854624,0.14691508833218264,0.2439302842359285
15,0.2779160936663856,0.5558321873327712,1.8689795033740773e-05,0.3070275341642314,2.265625,-0.125,0.125,1.976401874970179,-0.3526546800316408,1.500365011926955,0.3218754689830045,-0.0004923312242842334,1.0,0.0,0.15786729383057563,0.3070275341642314,0.1619472087457262,0.1432503776303653,0.22990759523778126
16,0.3110039838532238,0.6220079677064476,-0.0012828705832493654,0.3243243842282229,2.25,0.1875,-0.1875,1.949272916011978,-0.3363496494712308,1.4869199598710816,0.3508974383585155,-0.0006064900475687788,1.0,0.0,0.15159373378588092,0.3243243842282229,0.158053963082946,0.13649932253691885,0.22952860593795776
17,0.30004217266389066,0.6000843453277813,-0.0007441958829128995,0.35325732102541074,2.28125,-0.0078125,0.0078125,1.9783358750282787,-0.42147606438064106,1.5074201658591728,0.3911694116347159,-0.000782583173910704,1.0,0.0,0.14756751754512526,0.35325732102541074,0.15764074165323008,0.13211764558537364,0.20941677755893093
18,0.33409878969117157,0.6681975793823431,-0.0017870199465399462,0.36721433182356733,2.3203125,-0.0390625,0.0390625,2.025804042001255,-0.5653970416052022,1.4569817913865017,0.42887497569123906,-0.0009619614374969387,1.0,0.0,0.13713629378212822,0.36721433182356733,0.1496399662611059,0.12193410088518251,0.224075318637119
19,0.34320521092288625,0.6864104218457725,-0.0013023627253070317,0.3971405135662066,2.3203125,0.28125,-0.28125,2.0189813330071047,-0.7030540288516919,1.4510733082907306,0.47048768284730613,-0.0011637772176603296,1.0,0.0,0.13006759078715385,0.3971405135662066,0.14607501536708087,0.11522910949658063,0.211487779462779
20,0.318900574440273,0.637801148880546,-0.0013345734228704758,0.4218717436196427,2.3203125,0.265625,-0.265625,2.013308457972016,-1.0146895058402912,1.409150725112858,0.5145875456122061,-0.0013986498926972974,2.0,0.0,0.11995327309626923,0.4218717436196427,0.13882789833577794,0.10579603601886768,0.21355105906423896
21,0.30651912486523786,0.6130382497304757,-0.0015561066185025359,0.4412216596805586,2.2109375,-0.078125,0.078125,1.9581420829636045,-1.1648359774634927,1.339014263420275,0.5617879471586397,-0.001688755778104678,2.0,0.0,0.10793980537476051,0.4412216596805586,0.12852251869313708,0.09488392792405172,0.22743209101286035
22,0.2757517581233928,0.5515035162467856,-0.0017231444807955278,0.4814234575715618,2.15625,-0.03125,0.03125,1.8765917089767754,-1.2373683229561194,1.3101167937942624,0.6135555435127268,-0.0020044975935888942,2.0,0.0,0.09905240476887295,0.4814234575715618,0.12279218276017818,0.08730209019521008,0.20942987938937935
23,0.2619619991105989,0.5239239982211978,-0.0027817289251530195,0.4980187583387944,2.2265625,-0.1640625,0.1640625,1.941361999954097,-0.9031842959195114,1.2042871788848946,0.6646069049214324,-0.002274756699838084,2.0,0.0,0.08491227927438,0.4980187583387944,0.10945451602078321,0.0745287132629177,0.23308574306337457
24,0.26108862240913483,0.5221772448182697,-0.0031927791499096656,0.53492641197124,2.21875,0.0,0.0,1.9245093340286985,-0.6486129895521616,1.1407346683409048,0.7109906994737685,-0.0025759509733992068,4.0,0.0,0.07446501918242011,0.53492641197124,0.10033625734209174,0.06542384009283612,0.22484848333496443
25,0.28944983080565745,0.5788996616113149,-0.003515824903497466,0.4762773332202734,2.1796875,0.078125,-0.078125,1.8899086660239846,-0.3451614501004818,0.9225810796292669,0.7744605171804627,-0.0029605274135822888,7.0,0.0,0.05671277668954651,0.4762773332202734,0.07838271117659025,0.04981189080944625,0.3388153080658246
26,0.36515289820097896,0.7303057964019579,-0.004917285163890128,0.3742202838517462,2.4296875,-0.125,0.125,2.1607481249957345,-0.32884880616344586,0.664688433352096,0.8795131993635247,-0.003690940176966251,8.0,0.0,0.03871572017669678,0.3742202838517462,0.055139690086580935,0.03428436002403593,0.4976399486279564
27,0.37576890953673936,0.7515378190734787,-0.0033722175714347075,0.3259445672132531,2.296875,-0.0703125,0.0703125,1.9973629169980995,-1.2704482312618317,0.5573707605784525,1.0060844547891368,-0.004448083858278551,8.0,0.0,0.03135394837175097,0.3259445672132531,0.04488599049497624,0.027909285597959344,0.5699062213605764
28,0.3126568213860125,0.625313642772025,-0.0036709040013142434,0.33819157061029653,2.3828125,-0.109375,0.109375,2.085906458029058,-1.4378082328788997,0.5014308779153724,1.120354958771107,-0.004898117019744556,8.0,0.0,0.02556840773732936,0.33819157061029653,0.03824791001980422,0.02271839490190881,0.5752737336715714
29,0.36839974625887395,0.7367994925177479,-0.004901663193263912,0.37413218222706524,2.359375,-0.0546875,0.0546875,2.061301874986384,-1.2281789051789778,0.47268728550711026,1.1914508658616494,-0.005109914003393594,8.0,0.0,0.02149159938022988,0.37413218222706524,0.03382827572228498,0.018915208087407594,0.5516327473994912
30,0.28960902749290823,0.5792180549858165,-0.0031428134993453276,0.446013648382255,2.1875,0.1875,-0.1875,1.925904834002722,-2.8423807174191875,0.471010867762856,1.2711921248507376,-0.005510233871367139,9.0,0.0,0.018933854578062893,0.446013648382255,0.0316230397538415,0.016655427969193885,0.48677402843854256
31,0.32730201614073157,0.6546040322814631,-0.005752304444739108,0.37861548958124813,2.234375,-0.046875,0.046875,1.9624365839990787,-0.5894007865629335,0.33311043231851983,1.3823136777024378,-0.005977332206550107,9.0,1.0,0.011727773841678888,0.37861548958124813,0.02052678265511156,0.009985187393775978,0.5791447670622305
32,0.3055538128694889,0.6111076257389778,-0.005948696883962783,0.38054984991681085,2.28125,-0.140625,0.140625,1.9917931250529364,-0.08869462510234395,0.2764984136382151,1.4497780986130238,-0.006288559397613757,9.0,1.0,0.008434600640113836,0.38054984991681085,0.015721338188709463,0.007172981427012853,0.5881212245009534
33,0.3101213458268053,0.6202426916536106,-0.0032940132018133422,0.3852524824106871,2.09375,-0.09375,0.09375,1.824371374968905,0.6367144406605477,0.2354504555963247,1.5045442892746492,-0.00660149159177143,9.0,1.0,0.006248498201689947,0.3852524824106871,0.012221420628588591,0.005228828143592535,0.5910487633976919
34,0.2802162519093043,0.5604325038186087,-0.0034945560973515476,0.41463674038228854,2.21875,0.0390625,-0.0390625,1.925252332992386,0.11270352428501085,0.23226138220842454,1.6942345795221627,-0.007605774861440295,10.0,2.0,0.005565163661384771,0.41463674038228854,0.011237538216347006,0.004628239186401938,0.5639323220181633
35,0.2226577965144328,0.4453155930288656,-0.0035264513106920622,0.2957917741949567,2.0546875,0.203125,-0.203125,1.7987100419704802,-2.0357169050521025,0.14476443372664263,1.5672084849534764,-0.00716773432335079,10.0,3.0,0.0029687294488624024,0.2957917741949567,0.006101526504120446,0.0023202919383522673,0.6928176624070103
36,0.27816793739398965,0.5563358747879793,-0.005763164624703512,0.2901002021772521,2.1875,0.140625,-0.140625,1.9068976669805124,-0.31586250281626627,0.13105764671369846,1.6356756692338321,-0.007191195641805987,10.0,3.0,0.0024618453113362192,0.2901002021772521,0.005207792017608881,0.0019312238353969796,0.7002989307711167
37,0.3211796811010812,0.6423593622021624,-0.004123254866478845,0.2704501536445341,2.15625,0.359375,-0.359375,1.8784381670411676,-0.4143184353452998,0.11288637316108485,1.7100121639668941,-0.007296122615419638,10.0,3.0,0.001950657298869413,0.2704501536445341,0.004255981150798608,0.0015397620432929177,0.7218034456929435
38,0.31748544761787933,0.6349708952357587,-0.003922196923090127,0.20169640400192954,2.40625,0.1328125,-0.1328125,2.0769984999787994,0.8365450934460651,0.0811907429119147,1.839320521293716,-0.007966587633249715,10.0,1.0,0.0013374404138099256,0.20169640400192954,0.0029704439508208592,0.0010680253186577616,0.7929276871289332
39,0.3186720408543969,0.6373440817087938,-0.0037045809744186346,0.18359970927634509,2.3515625,0.0625,-0.0625,2.038563707959838,0.5921577830058081,0.06781368432256427,1.9511806818402626,-0.008530333139457402,10.0,1.0,0.0010231564663028797,0.18359970927634509,0.0023501642184499093,0.0008141730967723452,0.8122127905512767
40,0.30979482254545765,0.6195896450909153,-0.00471369040587746,0.18965364880981198,2.3984375,0.1015625,-0.1015625,2.071678666980006,0.38476029702053477,0.06727257658410293,2.0613878783769906,-0.008692311477551068,10.0,1.0,0.0009659582162002884,0.18965364880981198,0.0022618079297123204,0.0007664733513255364,0.8063521069695972
41,0.2561271906910043,0.5122543813820086,-0.0037594610610272926,0.17906470847508263,2.4609375,-0.0234375,0.0234375,2.1394188749836758,-0.08615138181540671,0.06291761576658318,2.156489732251926,-0.008931287738960236,10.0,1.0,0.0008735774535804041,0.17906470847508263,0.0020839580408637485,0.0006948428941772334,0.8172829032417328
42,0.36256525405295964,0.7251305081059193,-0.002491684395223101,0.20032527461509586,2.5234375,-0.1015625,0.1015625,2.1831684170174412,0.18353166246545954,0.07032314696053532,2.016010840330273,-0.008127283809153596,11.0,2.0,0.0009454981984005485,0.20032527461509586,0.0022901888337020903,0.0007509825082247841,0.7956880664354876
43,0.20555800786123735,0.4111160157224747,-0.000735811195346713,0.14269583655185386,2.3828125,-0.1015625,0.1015625,2.0632007910171524,-0.27478604798231915,0.06082003566297071,1.4601873530244285,-0.004941736188687752,11.0,1.0,0.0009053956289760402,0.14269583655185386,0.0021185310649090125,0.0007222692008878364,0.853557957586695
44,0.26522501719049496,0.5304500343809899,0.0004406106824088475,0.11465654267023688,2.28125,0.0859375,-0.0859375,1.9791240420308895,-1.1555610367874192,0.04950465573983158,1.2087252978235483,-0.0022773046776737,11.0,1.0,0.0007200494858321466,0.11465654267023688,0.001699701024933833,0.0005695637162417582,0.8823541503603736
45,0.31014707386421586,0.6202941477284317,-0.00046961680105730915,0.12728493030254656,2.3359375,-0.078125,0.078125,2.028411375009455,-0.10307218535622406,0.054021873005823076,1.159680103671483,-0.00176921574314871,11.0,1.0,0.000748016896430266,0.12728493030254656,0.001799086407823706,0.0005873020981316981,0.8695806673039561
46,0.2528405898204115,0.505681179640823,-0.0010680473860130112,0.13802327186066582,2.359375,-0.2109375,0.2109375,2.046239749994129,0.032728968038503545,0.058218784215617214,1.6252889983394805,-0.00405391212188988,11.0,0.0,0.0007681755984313046,0.13802327186066582,0.0018768262068759526,0.0005965983242240568,0.858735140635083
47,0.2251536804641755,0.450307360928351,0.0003451548116312218,0.13737677268856036,2.3671875,-0.4765625,0.4765625,2.0423870000522584,1.0435341900672626,0.05826298887793295,1.66795684856091,-0.003921910365647818,11.0,0.0,0.0007375958759841746,0.13737677268856036,0.0018250512469424665,0.0005657206944162303,0.8594948597768746
48,0.19910164297004745,0.3982032859400949,-0.0005285600552067058,0.1086845089649332,2.265625,0.0078125,-0.0078125,1.979566124966368,1.5054487277284476,0.04770821123020729,1.7090804815088632,-0.0038780916947871447,11.0,0.0,0.0005965241359482551,0.1086845089649332,0.0014813556014720735,0.0004516354248184582,0.8887859829540911
49,0.20148369042218522,0.40296738084437045,-7.211429447562637e-05,0.11647738321967747,2.3359375,-0.1796875,0.1796875,2.0212858750019222,3.141075158099462,0.05435038192945285,1.7497192793234717,-0.003810416454996357,11.0,0.0,0.0006933512125650178,0.11647738321967747,0.00171191881046347,0.0005183616734069327,0.8805989934050519
50,0.189729545020154,0.379459090040308,-0.0008008904627760516,0.1330277653748557,2.328125,-0.2109375,0.2109375,2.054133833036758,3.483012463679237,0.06821522677968736,1.7720561375754187,-0.003520210962354516,11.0,0.0,0.0009306116989069937,0.1330277653748557,0.002246608398229684,0.0006881013009447179,0.8631069104143437
51,0.18525821197743284,0.37051642395486567,-0.0007845373330168002,0.14910137065699403,2.21875,-0.0859375,0.0859375,1.9189785000053234,2.240728219460104,0.08617881738988836,1.8030957488614756,-0.003333821595409366,11.0,0.0,0.0012984452916728988,0.14910137065699403,0.003026707629135377,0.0009506471687927842,0.8456228318243799
52,0.21078199959916866,0.4215639991983373,0.00021562501115136474,0.13362302536695775,2.21875,-0.2265625,0.2265625,1.909939834033139,2.218981671736606,0.08821600014400693,1.8320599160603404,-0.0032897685023887866,11.0,0.0,0.0014906184760932351,0.13362302536695775,0.0033377969152176045,0.0010825564402719618,0.8604659951278861
53,0.21780023656296366,0.4356004731259273,0.0007409718324170214,0.13259338451103425,2.21875,0.1328125,-0.1328125,1.892446625046432,3.574098930975466,0.1006826024102804,1.8532016391400248,-0.003243840109462326,11.0,0.0,0.001929744750156369,0.13259338451103425,0.00411623615351781,0.0013910827528632863,0.8599695569612611
54,0.17025352510241387,0.34050705020482774,-0.0008680519845066277,0.1261301591164536,2.25,0.078125,-0.078125,2.0048870000173338,3.643890036828149,0.11095597255192441,1.8811187997149925,-0.003192968401587374,11.0,0.0,0.002443085088291102,0.1261301591164536,0.004933513468131423,0.0017516580539652044,0.8647415863556994
55,0.19686148387873603,0.39372296775747206,0.0006654976993309074,0.10782427635057117,2.1953125,0.1328125,-0.1328125,1.9862351670162752,0.9109924899319309,0.11001410841099261,1.9096488065163915,-0.0032454471181608824,11.0,0.0,0.0027962633511349824,0.10782427635057117,0.005331343285129588,0.001999687973502692,0.8820484299676699
56,0.2602588238595683,0.5205176477191366,0.0006422342344534074,0.12543906655833914,2.2109375,0.0703125,-0.0703125,1.9810676249908283,0.9679625827686239,0.14703340300547124,1.495993377725509,-0.0011116603127447888,11.0,1.0,0.004270274889764011,0.12543906655833914,0.007711665606119607,0.0030474149533169007,0.8595315799275051
57,0.23375787253048722,0.46751574506097443,-0.0013762789925071675,0.08125552588086112,2.1953125,0.2734375,-0.2734375,1.9915898750186898,-0.2765106233317418,0.10831632239828051,1.5359871631318873,-0.001142009096590548,11.0,1.0,0.003566416159431281,0.08125552588086112,0.006127931376475032,0.0025465152295989072,0.9065036041350552
58,0.2785488507161155,0.557097701432231,-0.000970176989375058,0.08657647132873535,2.1484375,0.0703125,-0.0703125,1.8637973750010133,-0.29432423334716906,0.12926164941277463,1.578825397755612,-0.0011758406035369262,11.0,1.0,0.004735453670675105,0.08657647132873535,0.007788226929577914,0.003377268368547613,0.8975225821408358
59,0.278067271398079,0.556134542796158,-0.00027396154521718393,0.0875472293255177,2.203125,0.1015625,-0.1015625,1.9107355829910375,-0.7816964751299378,0.14441593106420697,1.605705919082869,-0.0011204400507267565,11.0,1.0,0.005786465679077392,0.0875472293255177,0.009163210366634613,0.004112917176903563,0.8933901872406614
60,0.3401089177406688,0.6802178354813376,-0.0012896823225471898,0.08992446350379729,2.21875,0.21875,-0.21875,1.928861084044911,-0.49468543713840224,0.16131896611296537,1.6254156934605404,-0.0010427257624211381,11.0,1.0,0.006935023059937316,0.08992446350379729,0.010652536657494558,0.004899443323973199,0.8875885389640298
61,0.3413800059180797,0.6827600118361594,-0.0001986712811340784,0.06929571420604194,2.5078125,-0.1640625,0.1640625,2.1517858750303276,0.48243758797564334,0.13379086408668817,2.0706237931735814,-0.0029890095903510883,11.0,0.0,0.006094423781302859,0.06929571420604194,0.009125584150400488,0.004270715946534712,0.9112135650027207
62,0.3425513718881447,0.6851027437762894,0.001379075017617652,0.06260861290825738,2.4609375,-0.03125,0.03125,2.1159342090249993,0.7138075287660791,0.12966553963077684,2.145547730770583,-0.0031504912840318866,11.0,0.0,0.006246250950627857,0.06260861290825738,0.009126751787132688,0.004343221998876995,0.9176751606994205
63,0.328973737306363,0.657947474612726,0.0016776148248507656,0.07244663375505009,2.515625,-0.0546875,0.0546875,2.1656304160133004,0.6262261189819712,0.16048507900949827,2.2268172221568725,-0.0034215110087340386,11.0,0.0,0.008158660418591144,0.07244663375505009,0.011672626070169188,0.005642671242171193,0.9020794055291584
64,0.32402354192856414,0.6480470838571283,0.002514838370469268,0.07017142437398434,2.5,-0.078125,0.078125,2.2075760409934446,0.7536252323792724,0.16593760182131695,2.30736694453905,-0.004059539125591982,11.0,0.0,0.008897288353182375,0.07017142437398434,0.012465104111470282,0.006126042897813022,0.9023401472717524
65,0.38400601073177765,0.7680120214635553,0.0006684252619591444,0.05123563718638922,2.375,0.40625,-0.40625,2.0656457499717362,0.08185331985097084,0.12919901797673292,2.3612824878655374,-0.004417702556262763,11.0,0.0,0.007306989453929036,0.05123563718638922,0.010029441162355636,0.005018500402863873,0.9264094321743438
66,0.3333333282272349,0.6666666564544698,-0.000635812286882541,0.06443632401501222,2.3515625,-0.0625,0.0625,2.0380414579994977,-0.0069995602056000415,0.1720836127831047,1.80971892808818,-0.0011568201827520336,11.0,1.0,0.01020533103879504,0.06443632401501222,0.013760444135760944,0.006997795695086254,0.9046001085807319
67,0.29166666199371094,0.5833333239874219,-0.0014305305591644968,0.06654007868333296,2.1484375,0.09375,-0.09375,1.8878895830130205,-0.8368995288700204,0.1871298710672917,1.8494049767878922,-0.0011808539549582003,11.0,1.0,0.011579467762600291,0.06654007868333296,0.015375241447578777,0.007933946021578528,0.8985712592168288
68,0.29166666227756116,0.5833333245551223,-0.0011491456111902977,0.08443351333022964,2.203125,-0.34375,0.34375,1.9279714589938521,-0.4410229511410394,0.24647889645371648,1.8919810911809856,-0.0012531010910275984,11.0,1.0,0.015702720123825342,0.08443351333022964,0.020681650080579393,0.010753364004987352,0.8684287675729034
69,0.30136553196153026,0.6027310639230605,-0.0009963097548408772,0.07288418750505189,2.3125,-0.296875,0.296875,2.020342291041743,-0.5922674123399161,0.21892860647666432,1.9295055781575767,-0.001312005166916854,11.0,1.0,0.014264061241536527,0.07288418750505189,0.01871370947038805,0.009781648379725378,0.8843563988402083
70,0.3395425987862393,0.6790851975724786,-0.0003896718887309536,0.06357463151216507,2.34375,0.015625,-0.015625,2.0351506660226732,-0.19816353473889953,0.1948090972524555,2.5477766333303102,-0.004930450639524982,11.0,0.0,0.012873955095807712,0.06357463151216507,0.016899057527383167,0.00883422113955021,0.89781813899676
71,0.29266524090477214,0.5853304818095443,0.0001718550620960837,0.04675534040576612,2.4921875,0.2265625,-0.2265625,2.1617799169616774,0.03318566763058282,0.14562941553157546,2.600475085899234,-0.00518309703511477,11.0,0.0,0.00972746293933414,0.04675534040576612,0.012798678118233396,0.006675561206841544,0.9240429636826709
72,0.2665301181546843,0.5330602363093686,-0.0009434605235671001,0.05342489151924566,2.4765625,0.078125,-0.078125,2.1347736250027083,0.4257933172273923,0.168909698745607,2.642610495289167,-0.005339282424605092,11.0,0.0,0.011391734569230667,0.05342489151924566,0.015033926991070106,0.007818759850899127,0.9123306879861873
73,0.2769466301061604,0.5538932602123208,-0.001769596384174881,0.04982062399569637,2.5546875,0.1484375,-0.1484375,2.225388665974606,0.2465897986241004,0.16052105969827682,2.6647833646275103,-0.005507473968691556,11.0,0.0,0.010973121959499628,0.04982062399569637,0.014493264280692518,0.007537270357849401,0.9171757211378955
74,0.28510962941145607,0.5702192588229121,-0.0004202319207836349,0.050625320044031905,2.546875,0.2421875,-0.2421875,2.2062532500131056,0.13876417689553913,0.16629376803953436,2.6736974360731742,-0.005698495994693076,11.0,0.0,0.01153359475311326,0.050625320044031905,0.015236230030015934,0.007935595932913705,0.9146692574572709
75,0.22784536444408332,0.45569072888816664,-0.0016294681148020594,0.04510495512785312,2.609375,0.3828125,-0.3828125,2.262397917045746,0.3583831004254676,0.15064902431399882,2.685420397358636,-0.005872316873137606,11.0,0.0,0.01057472227219336,0.04510495512785312,0.0139996711008563,0.0072961537959332955,0.9230245041276166
76,0.21600786834234986,0.4320157366846997,-0.0007310729624358152,0.0492006788159361,2.3671875,0.140625,-0.140625,2.046604207949713,-0.4609733686302927,0.16697830505298983,2.6465517319738865,-0.005579087709823701,11.0,0.0,0.011866393655833632,0.0492006788159361,0.015742564555441978,0.008222760540424007,0.9149676042027993
77,0.2187357088807893,0.4374714177615786,3.827471132041006e-06,0.058765001284579434,2.25,0.328125,-0.328125,2.033993916003965,-0.7999786036412438,0.20059199121920124,1.9595948991111733,-0.001418018599823964,11.0,1.0,0.01431048570925163,0.058765001284579434,0.019120182428095076,0.009964579897415306,0.8978397549233503
78,0.21918228904365322,0.43836457808730644,0.0010113518038983808,0.055729071539023824,2.265625,0.046875,-0.046875,1.995244082994759,-0.8133153827539805,0.18938833574578195,1.961353890936483,-0.001024490109888244,11.0,1.0,0.013438223250981035,0.055729071539023824,0.018182773528427912,0.009394738591950516,0.9032551970975152
79,0.24651810696357213,0.49303621392714425,-0.0011621653724471854,0.07496732514480065,2.265625,0.0390625,-0.0390625,1.9994784169830382,-0.9168867708617372,0.2517881619795742,1.9809558086774566,-0.0010687745710707861,11.0,1.0,0.017645279600702484,0.07496732514480065,0.02428248647985787,0.012374071417183712,0.8707308440372862
80,0.2689964622354003,0.5379929244708006,-0.0008254279121012259,0.07609119094335116,2.1328125,-0.0078125,0.0078125,1.8630858340184204,-1.1123472297002968,0.2506914010126097,1.9896048788319936,-0.0011002272658515722,11.0,1.0,0.017228401051117823,0.07609119094335116,0.024220018432690546,0.012107951136735769,0.8703524424479558
81,0.2941696745346969,0.5883393490693938,-0.0019707819696874367,0.05720915923135206,2.2421875,0.34375,-0.34375,1.964130042004399,-1.254371498175978,0.18325458464214542,2.007716719399799,-0.0010891246810470793,11.0,1.0,0.012217948141829062,0.05720915923135206,0.017651642552651593,0.008568508699795925,0.9043527453203235
82,0.34659045193362104,0.6931809038672421,0.0006326906508033032,0.059310789883526324,2.390625,0.15625,-0.15625,2.0819294580142014,-0.990290775834248,0.1829583632996882,2.646840644379457,-0.0048250238299563835,11.0,0.0,0.01169000232433961,0.059310789883526324,0.017470673797956478,0.008140457611457975,0.9033880793775608
83,0.3645047632775889,0.7290095265551778,0.0005949840671228974,0.06528632561112666,2.453125,-0.0703125,0.0703125,2.1465668749879114,0.2028641741267542,0.1922649269183263,2.574152519926429,-0.004202862589409051,11.0,0.0,0.011631169825033018,0.06528632561112666,0.018127521701679108,0.008024756683950212,0.896930228847607
84,0.3682350379210406,0.7364700758420812,-0.0013399421243835909,0.07808445038334016,2.421875,-0.1640625,0.1640625,2.0983475419925526,-0.31933048154948457,0.2216145618063299,2.5449051515509686,-0.003899405731014364,11.0,0.0,0.012777705154111309,0.07808445038334016,0.020678630278956507,0.008727413704318385,0.8797317904810752
85,0.3707445898963697,0.7414891797927394,-0.0037647040701955653,0.06335099041461945,2.40625,-0.078125,0.078125,2.1627425420447253,0.28631573887436057,0.17300408548928203,2.5214389047274985,-0.003696657393447822,11.0,0.0,0.009480313071376317,0.06335099041461945,0.015960011510299396,0.0064109653452193585,0.9047977161871923
86,0.36106630594699185,0.7221326118939837,0.000496354351220629,0.05696552868873354,2.4609375,0.2265625,-0.2265625,2.118866959004663,0.20287618150210215,0.15047626658298532,2.5217280189196267,-0.003710512904338733,11.0,0.0,0.007882207300927905,0.05696552868873354,0.013768991520480504,0.005290281890876709,0.916092987098391
87,0.3620006112856472,0.7240012225712944,-0.0003713196688139896,0.05834129462226892,2.4453125,-0.0859375,0.0859375,2.1086113749770448,0.22981611085972323,0.1494647881259406,2.524421826315423,-0.00360180632257349,11.0,0.0,0.007513948522817593,0.05834129462226892,0.013596607187685494,0.005016866916665635,0.9155312845120415
88,0.3611543788018105,0.722308757603621,-0.0037120495774811916,0.06647752211296971,2.4765625,0.0390625,-0.0390625,2.1429850829881616,0.15669926410329407,0.16562178298976016,2.5483977803960443,-0.0035187393912110565,11.0,0.0,0.008036390793060278,0.06647752211296971,0.015028725663194145,0.005356583850052831,0.9051007780742946
89,0.3575982571685037,0.7151965143370074,-0.002596123271844317,0.07618384740569374,2.40625,-0.2578125,0.2578125,2.08616816601716,-0.02606155200220354,0.18476454136053946,2.57576181118687,-0.00343109192999691,11.0,0.0,0.00868744659539941,0.07618384740569374,0.016770635961325137,0.005799872268523488,0.8925582083401742
90,0.33333332834410195,0.6666666566882039,-0.0012124792584190243,0.09000848452250163,2.34375,-0.2265625,0.2265625,2.03592979098903,0.1302599571272731,0.21218730166626906,2.5932818933700523,-0.0038602762263811505,11.0,0.0,0.009677450855573018,0.09000848452250163,0.019304081201553344,0.006489385962486267,0.8745206129550934
91,0.33333332925230735,0.6666666585046147,-0.0029240403369875183,0.08818711837132771,2.25,-0.3125,0.3125,1.9549208329990506,-0.4492243818357464,0.20197737027753723,2.0801581107079983,-0.0011384102564823645,11.0,1.0,0.00895110641916593,0.08818711837132771,0.01850341632962227,0.006061281388004621,0.8782970706621805
92,0.3421049152584672,0.6842098305169344,-0.0019249299068954684,0.08161003120681819,2.125,-0.203125,0.203125,1.8444825829938054,-0.09091583477899856,0.18019595733486096,2.124548415907405,-0.0012924962925767018,11.0,1.0,0.007697869119617869,0.08161003120681819,0.016609341864857602,0.005271088633248035,0.8888116725446547
93,0.3407456122840822,0.6814912245681644,-0.000930764793576182,0.07664280366732587,2.2578125,0.0,0.0,1.962523832975421,-0.3251181557427312,0.16303416315567879,2.720346418519815,-0.004626754060154781,11.0,0.0,0.006698467945970054,0.07664280366732587,0.015117059941935292,0.004631848071273223,0.8969098234671622
94,0.3028788953270992,0.6057577906541984,-0.00024670409351467695,0.09467642396370288,2.1953125,-0.1953125,0.1953125,1.9023726669838652,0.07469346462392656,0.19385417430148616,2.750714953367909,-0.004691536450991407,12.0,0.0,0.007633568911259709,0.09467642396370288,0.01805709124778089,0.00531875497240613,0.8743141534277553
95,0.35416666250000006,0.7083333250000001,-0.0021250127315918703,0.0,2.2578125,-0.0703125,0.0703125,1.987385084037669,-0.3660124311018993,7.368272463281755e-07,2.987389311871745,-0.005984963470837101,12.0,1.0,0.0,0.0,0.0,0.0,1.0
96,0.35416666250000006,0.7083333250000001,-0.0024266084529172114,0.0,2.2578125,0.1875,-0.1875,1.968849125027191,-0.2160723002451862,7.368272463281755e-07,3.023758514360948,-0.006498247101924128,12.0,1.0,0.0,0.0,0.0,0.0,1.0
97,0.33072491320027303,0.6614498264005461,-0.0005252736402772398,0.0,2.2265625,0.1953125,-0.1953125,1.9601963330060244,-1.5088374800994389,7.368272463281755e-07,3.062353304163976,-0.006971428610003469,12.0,1.0,0.0,0.0,0.0,0.0,1.0
98,0.33333332708333346,0.6666666541666669,-0.0005045830677353629,0.0,2.109375,0.046875,-0.046875,1.8443252079887316,-1.4628418688821883,7.368272463281755e-07,2.498998039960861,-0.0020017776638269424,12.0,2.0,0.0,0.0,0.0,0.0,1.0
99,0.4166666587500002,0.8333333175000004,-0.0003741447182491658,0.0,2.28125,-0.0390625,0.0390625,1.9823546250117943,0.15779697207202945,7.368272463281755e-07,2.2953287698328495,-0.001008460552177646,12.0,1.0,0.0,0.0,0.0,0.0,1.0
100,0.4166666587500002,0.8333333175000004,0.0001986900424129878,0.0,2.234375,0.109375,-0.109375,1.9438635000260547,-0.13279058360836593,7.368272463281755e-07,2.3154857355085285,-0.0007171273411420935,12.0,1.0,0.0,0.0,0.0,0.0,1.0
101,0.4166666587500002,0.8333333175000004,0.0013989986591847285,0.0,2.34375,-0.171875,0.171875,2.0333345840335824,-0.18423452070138108,7.368272463281755e-07,2.382031973112713,-0.000534195019016889,12.0,1.0,0.0,0.0,0.0,0.0,1.0
102,0.31249999541666673,0.6249999908333335,0.0008230956024032035,0.0,2.359375,0.046875,-0.046875,2.048031083017122,-0.008770043494115084,7.368272463281755e-07,2.442869145761837,-0.0003043507829054513,12.0,1.0,0.0,0.0,0.0,0.0,1.0
103,0.3541666616666667,0.7083333233333334,0.0003218594117644655,0.0,2.3828125,0.2265625,-0.2265625,2.0803854999830946,-1.0255368884774994,7.368272463281755e-07,2.963045958429575,-0.005020640334502484,12.0,0.0,0.0,0.0,0.0,0.0,1.0
104,0.3541666616666667,0.7083333233333334,8.68755868520161e-05,0.0,2.3671875,0.09375,-0.09375,2.0512316250242293,0.20194682754824406,7.368272463281755e-07,2.9577948773900666,-0.004835072439163923,12.0,0.0,0.0,0.0,0.0,0.0,1.0
105,0.3541666616666667,0.7083333233333334,-0.0015657467680402122,0.0,2.515625,-0.0078125,0.0078125,2.174437332956586,-0.20209360322032865,7.368272463281755e-07,2.9882530172665915,-0.0044799926108680665,12.0,0.0,0.0,0.0,0.0,0.0,1.0
106,0.3541080826929863,0.7082161653859727,-0.0031550689826893344,0.0,2.5078125,0.109375,-0.109375,2.208352209010627,-0.0805536120487348,7.368272463281755e-07,3.0071517626444497,-0.004488578299060464,12.0,0.0,0.0,0.0,0.0,0.0,1.0
107,0.3127095138312402,0.6254190276624804,-0.0015963415198573772,0.0,2.484375,0.015625,-0.015625,2.1966250419500284,-0.19246592651686556,7.368272463281755e-07,3.033688555161158,-0.004478950490010902,12.0,0.0,0.0,0.0,0.0,0.0,1.0
108,0.312779715718032,0.625559431436064,-0.0002775236647917896,0.0,2.46875,0.1171875,-0.1171875,2.142485000018496,0.9673088166223178,7.368272463281755e-07,2.9854175516150216,-0.005744618067348545,12.0,1.0,0.0,0.0,0.0,0.0,1.0
109,0.31277753732396707,0.6255550746479341,-0.0019851469570794336,0.0,2.5546875,0.15625,-0.15625,2.2160989160183817,1.0244241142930286,7.368272463281755e-07,3.0268370522694155,-0.0056847922863777385,12.0,1.0,0.0,0.0,0.0,0.0,1.0
110,0.31268038739408155,0.6253607747881631,-0.00285272786581329,0.0,2.6484375,-0.0078125,0.0078125,2.3047092920169234,0.9333933564548581,7.368272463281755e-07,2.974274903535843,-0.004750724188687111,12.0,1.0,0.0,0.0,0.0,0.0,1.0
111,0.31249999458333344,0.6249999891666669,-0.00037319252030810433,0.0,2.6171875,0.1484375,-0.1484375,2.263709041988477,0.7885454744305601,7.368272463281755e-07,3.0714266089101634,-0.0027509562933119014,12.0,0.0,0.0,0.0,0.0,0.0,1.0
112,0.3541666616666667,0.7083333233333334,-0.0017350023133122499,0.0,2.6171875,-0.0546875,0.0546875,2.258165832958184,1.1614939696092936,7.368272463281755e-07,3.0026561387560586,-0.004101674294691871,12.0,1.0,0.0,0.0,0.0,0.0,1.0
113,0.3541666616666667,0.7083333233333334,-0.0023920181272926405,0.0,2.453125,-0.0234375,0.0234375,2.134744832990691,0.4346378621935198,7.368272463281755e-07,3.1050106485684714,-0.00292971092130756,12.0,0.0,0.0,0.0,0.0,0.0,1.0
114,0.3541666616666667,0.7083333233333334,-0.0033417586900110724,0.0,2.421875,-0.09375,0.09375,2.11124579096213,0.18311779731377628,7.368272463281755e-07,3.127504392216603,-0.0030847600253688747,12.0,0.0,0.0,0.0,0.0,0.0,1.0
115,0.31249999541666673,0.6249999908333335,-0.0013058374987710531,0.0,2.5390625,0.0625,-0.0625,2.179393332975451,0.28205119427042796,7.368272463281755e-07,3.154043889294068,-0.003111451403431905,12.0,0.0,0.0,0.0,0.0,0.0,1.0
116,0.3333333295833334,0.6666666591666668,-0.001530132655078844,0.0,2.3203125,-0.1015625,0.1015625,2.039968167024199,0.4239709729053196,7.368272463281755e-07,3.138434554139773,-0.0034468672432315848,12.0,0.0,0.0,0.0,0.0,0.0,1.0
117,0.3333333295741694,0.6666666591483388,-0.001949032239772243,0.0,2.125,-0.3125,0.3125,1.8581274170428514,-0.2178587575446513,7.368272463281755e-07,2.985588731865088,-0.0013293627287364667,12.0,3.0,0.0,0.0,0.0,0.0,1.0
118,0.33333332957247125,0.6666666591449425,-0.001625156277773074,0.0,2.125,-0.171875,0.171875,1.834490832989104,0.18574958672937047,7.368272463281755e-07,3.062508243653509,-0.0014318402520277435,12.0,3.0,0.0,0.0,0.0,0.0,1.0
119,0.3333333295747374,0.6666666591494748,-0.001501343367056842,0.0,2.15625,-0.0625,0.0625,1.8808715420309454,-1.148598520893585,7.368272463281755e-07,3.1572005848089852,-0.001220484490558091,12.0,3.0,0.0,0.0,0.0,0.0,1.0
120,0.33333332957921696,0.6666666591584339,0.00017630755985488555,0.0,2.1796875,0.28125,-0.28125,1.8920329160173424,-1.3770459710309904,7.368272463281755e-07,2.8347114473581314,-0.0001631179898553951,12.0,1.0,0.0,0.0,0.0,0.0,1.0
121,0.35416666250000006,0.7083333250000001,-0.00406134493773923,0.0,2.2578125,0.2265625,-0.2265625,1.9683101249975152,-1.0801888752294058,7.368272463281755e-07,3.0210758436471226,-0.0006940614955965429,12.0,2.0,0.0,0.0,0.0,0.0,1.0
122,0.35416666250000006,0.7083333250000001,-0.0033647081798926365,0.0,2.3125,0.1171875,-0.1171875,2.016437083017081,-1.3561191812556432,7.368272463281755e-07,3.576423441144553,-0.00514619143425741,12.0,1.0,0.0,0.0,0.0,0.0,1.0
123,0.35416666250000006,0.7083333250000001,-0.001250063536390364,0.0,2.234375,-0.3515625,0.3515625,1.9467292909976095,-1.166268062057345,7.368272463281755e-07,3.58539710871198,-0.005545257654210383,12.0,1.0,0.0,0.0,0.0,0.0,1.0
124,0.35416666250000006,0.7083333250000001,-0.0008348046051902477,0.0,2.171875,0.125,-0.125,1.899032790970523,-1.7756798187967577,7.368272463281755e-07,3.6028555658730594,-0.006069471890276129,12.0,1.0,0.0,0.0,0.0,0.0,1.0
125,0.3333333295833334,0.6666666591666668,-0.0036275201058772744,0.0,2.1953125,-0.0234375,0.0234375,1.9092021249816753,-1.3705357103714193,7.368272463281755e-07,3.634769381447272,-0.006389164238829504,12.0,1.0,0.0,0.0,0.0,0.0,1.0
126,0.33333332958284895,0.6666666591656979,0.0004931813154467645,0.0,2.1328125,0.3359375,-0.3359375,1.8735912920092233,-1.6725291196604843,7.368272463281755e-07,3.501391985350185,-0.0008656613839169344,12.0,3.0,0.0,0.0,0.0,0.0,1.0
127,0.3333333295784132,0.6666666591568264,-0.003366276802939599,0.0,2.09375,-0.1953125,0.1953125,1.8391422500135377,-1.878230419868704,7.368272463281755e-07,3.549441612429089,-0.000696561299264431,12.0,3.0,0.0,0.0,0.0,0.0,1.0
128,0.33333332957445555,0.6666666591489111,-0.004731751821190192,0.0,2.125,-0.2109375,0.2109375,1.8594589999993332,-2.0595818515336277,7.368272463281755e-07,3.459563606315189,0.0007719055801216099,12.0,3.0,0.0,0.0,0.0,0.0,1.0
129,0.3333333295732051,0.6666666591464102,-0.002815886793045122,0.0,2.140625,0.1015625,-0.1015625,1.870064791990444,-0.8353393110676064,7.368272463281755e-07,3.457972538140085,0.001770983450114727,12.0,3.0,0.0,0.0,0.0,0.0,1.0
130,0.35416666250000006,0.7083333250000001,-0.0028854902569542358,0.0,2.140625,-0.1484375,0.1484375,1.8594977500033565,-0.32605522706421486,7.368272463281755e-07,3.17536890655756,0.0017490836995420977,12.0,2.0,0.0,0.0,0.0,0.0,1.0
131,0.35416666250000006,0.7083333250000001,-0.004217083238009781,0.0,2.2578125,-0.2421875,0.2421875,1.9651420000009239,-0.10180216834793403,7.368272463281755e-07,3.699659550054507,-0.004257808815137568,12.0,1.0,0.0,0.0,0.0,0.0,1.0
132,0.31249999541666673,0.6249999908333335,-0.0016104167683002077,0.0,2.2109375,-0.09375,0.09375,1.9581900829798542,-0.20887201360152052,7.368272463281755e-07,3.730045184493065,-0.0048332997460172255,12.0,1.0,0.0,0.0,0.0,0.0,1.0
133,0.31249999541666673,0.6249999908333335,-0.0017525269796636136,0.0,2.3203125,-0.0703125,0.0703125,2.0334304579882883,-0.49501437949497246,7.368272463281755e-07,3.568843292693297,-0.003926102164162633,12.0,0.0,0.0,0.0,0.0,0.0,1.0
134,0.33333332791666676,0.6666666558333335,-0.0013050455663340672,0.0,2.328125,0.21875,-0.21875,2.0184899999876507,0.35073264594281234,7.368272463281755e-07,3.610172461718321,-0.003904760735167656,12.0,0.0,0.0,0.0,0.0,0.0,1.0
135,0.33333332791666676,0.6666666558333335,-0.0024970662885203314,0.0,2.25,-0.0859375,0.0859375,1.9593626669957303,0.06676587614310847,7.368272463281755e-07,3.1418665173378857,0.002718873851170594,12.0,1.0,0.0,0.0,0.0,0.0,1.0
136,0.4166666587500002,0.8333333175000004,0.00023923165983082877,0.0,2.171875,-0.1875,0.1875,1.9016569589730352,0.9307455333257965,7.368272463281755e-07,3.154500798745589,0.00303307284114205,12.0,1.0,0.0,0.0,0.0,0.0,1.0
137,0.4166666587500002,0.8333333175000004,-0.0034556900455959185,0.0,2.234375,-0.375,0.375,1.9268698330270126,2.640166926984325,7.368272463281755e-07,3.2114142016931013,0.003381032327359373,12.0,1.0,0.0,0.0,0.0,0.0,1.0
138,0.4166666587500002,0.8333333175000004,-0.0010962344810901664,0.0,2.265625,-0.1015625,0.1015625,1.9678109999513254,2.0553708181178583,7.368272463281755e-07,3.269929650154981,0.003561556879007681,12.0,1.0,0.0,0.0,0.0,0.0,1.0
139,0.4166666587500002,0.8333333175000004,-0.00045734079169286023,0.0,2.28125,-0.0546875,0.0546875,2.0313713749637827,0.039476018944996,7.368272463281755e-07,3.3055988455360588,0.0037380462877494706,12.0,1.0,0.0,0.0,0.0,0.0,1.0
140,0.31249999541666673,0.6249999908333335,-0.0033398282326274255,0.0,2.265625,0.0625,-0.0625,1.9813162499922328,-0.05563215096762147,7.368272463281755e-07,3.294604891403155,0.003604271173985167,12.0,1.0,0.0,0.0,0.0,0.0,1.0
141,0.31249999541666673,0.6249999908333335,-0.0006337812018665213,0.0,2.359375,0.1171875,-0.1171875,2.0578835410415195,-1.395400458411776,7.368272463281755e-07,3.711983382080992,-0.0031977968416564786,12.0,0.0,0.0,0.0,0.0,0.0,1.0
142,0.31249999541666673,0.6249999908333335,-0.0038585561992886064,0.0,2.3125,0.21875,-0.21875,2.023056500009261,-1.9807830553893566,7.368272463281755e-07,3.6724600344896317,-0.0035433168911064663,12.0,0.0,0.0,0.0,0.0,0.0,1.0
143,0.31249999541666673,0.6249999908333335,-0.0018265584905564776,0.0,2.3671875,0.0390625,-0.0390625,2.0644337499979883,-1.3540254095878541,7.368272463281755e-07,3.670573661724726,-0.0035581051003343114,12.0,0.0,0.0,0.0,0.0,0.0,1.0
144,0.33333332791666676,0.6666666558333335,-0.001898965196362711,0.0,2.3203125,-0.0078125,0.0078125,2.023619750048965,-1.36880517266385,7.368272463281755e-07,3.6954969155291715,-0.0032812371694793305,12.0,0.0,0.0,0.0,0.0,0.0,1.0
145,0.33333332791666676,0.6666666558333335,-0.0009635001933741617,0.0,2.234375,0.25,-0.25,1.9614406250184402,-2.310923031189762,7.368272463281755e-07,3.311034630645405,0.0019523268883031878,12.0,1.0,0.0,0.0,0.0,0.0,1.0
146,0.4166666587500002,0.8333333175000004,-0.0006088805816877292,0.0,2.203125,0.09375,-0.09375,1.9820022500352934,-2.4509986415325833,7.368272463281755e-07,3.372591425072063,0.00212922803951766,12.0,1.0,0.0,0.0,0.0,0.0,1.0
147,0.4166666587500002,0.8333333175000004,-0.004157279671870438,0.0,2.265625,0.0078125,-0.0078125,1.9775432089809328,-0.2989191185865664,7.368272463281755e-07,3.4350234974514353,0.0023887256075712767,12.0,1.0,0.0,0.0,0.0,0.0,1.0
148,0.4166666587500002,0.8333333175000004,-0.001716944787370546,0.0,2.234375,-0.140625,0.140625,1.9775710420217365,-0.0488703590699706,7.368272463281755e-07,3.4866863042116165,0.002561571669172157,12.0,1.0,0.0,0.0,0.0,0.0,1.0
149,0.31249999541666673,0.6249999908333335,-0.0018316515364559327,0.0,2.3203125,0.015625,-0.015625,2.033295250032097,0.1865759360447592,7.368272463281755e-07,3.527533323927359,0.002668003980282017,12.0,1.0,0.0,0.0,0.0,0.0,1.0
150,0.31249999541666673,0.6249999908333335,-0.00607989550777383,0.0,2.4140625,-0.1015625,0.1015625,2.1155044169863686,-1.9306276695526652,7.368272463281755e-07,3.959281391153733,-0.0032342390816969178,12.0,0.0,0.0,0.0,0.0,0.0,1.0
151,0.31249999541666673,0.6249999908333335,-0.00553916660260293,0.0,2.328125,0.3046875,-0.3046875,2.0473022910300642,-2.4891335325662887,7.368272463281755e-07,3.973679792135954,-0.0039709057261158405,12.0,0.0,0.0,0.0,0.0,0.0,1.0
152,0.3333333295833334,0.6666666591666668,-0.0043654290294538566,0.0,2.3203125,0.015625,-0.015625,2.046658542007208,-2.429110234642483,7.368272463281755e-07,3.9156868321200213,-0.0035509712324710563,12.0,0.0,0.0,0.0,0.0,0.0,1.0
153,0.3333333295833334,0.6666666591666668,-0.004276936327725114,0.0,2.1484375,0.171875,-0.171875,1.893359292007517,-4.563095937622076,7.368272463281755e-07,3.854125006331338,0.004080747816866885,12.0,3.0,0.0,0.0,0.0,0.0,1.0
154,0.3333333295833334,0.6666666591666668,-0.0016668401321418102,0.0,2.09375,-0.1953125,0.1953125,1.8308234589640051,-4.498621202867831,7.368272463281755e-07,3.900418589512507,0.004399607035641869,12.0,3.0,0.0,0.0,0.0,0.0,1.0
155,0.3333333295833334,0.6666666591666668,-0.0034771286482039657,0.0,2.109375,0.015625,-0.015625,1.8465972910053097,-3.837532999077316,7.368272463281755e-07,3.9520701898468866,0.0043837366392835975,12.0,3.0,0.0,0.0,0.0,0.0,1.0
156,0.3333333295833334,0.6666666591666668,-0.0020884204023946234,0.0,2.1015625,-0.3203125,0.3203125,1.8367560409824364,-2.7065259668190373,7.368272463281755e-07,3.9977289934953055,0.00435813823585502,12.0,3.0,0.0,0.0,0.0,0.0,1.0
157,0.3333333295833334,0.6666666591666668,-0.0032869027711644877,0.0,2.125,-0.2890625,0.2890625,1.851452959002927,-1.4126923363542385,7.368272463281755e-07,4.033053267333242,0.004334311899987774,12.0,3.0,0.0,0.0,0.0,0.0,1.0
158,0.3333333295833334,0.6666666591666668,-0.002532623091670294,0.0,2.140625,-0.21875,0.21875,1.8764853330212645,-1.4924047215069556,7.368272463281755e-07,4.072416830394003,0.004392925365310576,12.0,3.0,0.0,0.0,0.0,0.0,1.0
159,0.3333333295833334,0.6666666591666668,-0.0034244408045456974,0.0,2.125,-0.1328125,0.1328125,1.85181687498698,0.3282677855063947,7.368272463281755e-07,4.108082827594545,0.004506077332836058,12.0,3.0,0.0,0.0,0.0,0.0,1.0
160,0.3333333295833334,0.6666666591666668,-0.007014312363658642,0.0,2.09375,-0.2734375,0.2734375,1.8279439579928294,0.00489451555675721,7.368272463281755e-07,4.142151557736927,0.004531744854628212,12.0,3.0,0.0,0.0,0.0,0.0,1.0
161,0.3333333295833334,0.6666666591666668,-0.003629484464615801,0.0,2.109375,-0.2890625,0.2890625,1.8443805419956334,-3.1127868410488357,7.368272463281755e-07,4.1784077352947655,0.004570347153478199,12.0,3.0,0.0,0.0,0.0,0.0,1.0
162,0.3333333295833334,0.6666666591666668,-0.006777567605490351,0.0,2.1484375,0.0,0.0,1.8726586250122637,-0.047591219852739335,7.368272463281755e-07,4.219366129901674,0.00456642188752691,12.0,3.0,0.0,0.0,0.0,0.0,1.0
163,0.3333333295833334,0.6666666591666668,-0.005760655562461364,0.0,2.1015625,-0.265625,0.265625,1.8296312090242282,-2.0449698497556734,7.368272463281755e-07,4.254513776964611,0.00460936108397113,12.0,3.0,0.0,0.0,0.0,0.0,1.0
164,0.3333333295833334,0.6666666591666668,-0.00468508557636092,0.0,2.078125,-0.078125,0.078125,1.8019230829668231,0.6548464168917973,7.368272463281755e-07,4.157498531871372,0.0034501772477395004,12.0,3.0,0.0,0.0,0.0,0.0,1.0
165,0.3333333295833334,0.6666666591666668,-0.004354185558122762,0.0,2.140625,-0.3125,0.3125,1.8626490829628892,-2.5439186369141322,7.368272463281755e-07,4.166513701279958,0.0019841990951034757,12.0,3.0,0.0,0.0,0.0,0.0,1.0
166,0.3333333295833334,0.6666666591666668,-0.0034235183861157942,0.0,2.1171875,0.0,0.0,1.8489123330218717,-1.3367416927007594,7.368272463281755e-07,4.222811732027266,0.0020769424089748,12.0,3.0,0.0,0.0,0.0,0.0,1.0
167,0.3333333295833334,0.6666666591666668,-0.0019711498029537085,0.0,2.0703125,0.2109375,-0.2109375,1.8140419159899466,-4.807230286602749,7.368272463281755e-07,4.255644182364146,0.002296733825157086,12.0,3.0,0.0,0.0,0.0,0.0,1.0
168,0.3333333295833334,0.6666666591666668,-0.0020323522762873782,0.0,2.125,-0.09375,0.09375,1.8506533749750815,-9.110412004365143,7.368272463281755e-07,4.30430527528127,0.002594419759892238,12.0,3.0,0.0,0.0,0.0,0.0,1.0
169,0.3333333295833334,0.6666666591666668,-0.005199776356060254,0.0,2.140625,0.1328125,-0.1328125,1.8667770420433953,-9.455024848520466,7.368272463281755e-07,4.2977429529031115,0.0029194746813219455,12.0,3.0,0.0,0.0,0.0,0.0,1.0
170,0.3333333295833334,0.6666666591666668,-0.002063327377567829,0.0,2.1015625,0.2109375,-0.2109375,1.8397162499604747,-10.158696175129098,7.368272463281755e-07,4.314957072337468,0.0030986979965948397,12.0,3.0,0.0,0.0,0.0,0.0,1.0
171,0.3333333295833334,0.6666666591666668,-0.002190424605554631,0.0,2.1796875,0.3125,-0.3125,1.9219655829947442,-8.568494244950596,7.368272463281755e-07,4.356231073538463,0.0032187977210722035,12.0,3.0,0.0,0.0,0.0,0.0,1.0
172,0.33333332791666676,0.6666666558333335,-0.0074974059060334405,0.0,2.1171875,0.078125,-0.078125,1.915888624964282,-12.469350402316255,7.368272463281755e-07,4.394514110353258,0.003256387478258047,12.0,3.0,0.0,0.0,0.0,0.0,1.0
173,0.33333332791666676,0.6666666558333335,-0.0061994416140307585,0.0,2.265625,0.1640625,-0.1640625,1.9974515000358224,-8.257574830589427,7.368272463281755e-07,3.886036240241744,0.004087619539032775,12.0,1.0,0.0,0.0,0.0,0.0,1.0
174,0.33333332791666676,0.6666666558333335,-0.002524496689976949,0.0,2.2578125,-0.0703125,0.0703125,2.0084072920144536,-7.658636056045026,7.368272463281755e-07,3.9094211242415686,0.004348407502137971,12.0,1.0,0.0,0.0,0.0,0.0,1.0
175,0.33333332791666676,0.6666666558333335,-0.005663341112086603,0.0,2.234375,0.15625,-0.15625,1.9582507910090499,-8.622691134018089,7.368272463281755e-07,3.83504103530537,0.005319294757844711,12.0,1.0,0.0,0.0,0.0,0.0,1.0
176,0.33333332791666676,0.6666666558333335,6.735208664262052e-05,0.0,2.1796875,-0.0234375,0.0234375,1.9186164580169134,-8.715968418160342,7.368272463281755e-07,3.805210563946854,0.006456003794234924,12.0,1.0,0.0,0.0,0.0,0.0,1.0
177,0.33333332791666676,0.6666666558333335,-0.006156915413181292,0.0,2.1953125,0.28125,-0.28125,1.911094665993005,-9.706392452891835,7.368272463281755e-07,3.8391296606172216,0.007305426070657136,12.0,1.0,0.0,0.0,0.0,0.0,1.0
178,0.33333332791666676,0.6666666558333335,-0.0014680699334386645,0.0,2.15625,0.1640625,-0.1640625,1.9009270829847082,-11.489024025870673,7.368272463281755e-07,3.883889788253741,0.007508290886603804,12.0,1.0,0.0,0.0,0.0,0.0,1.0
179,0.33333332791666676,0.6666666558333335,-0.0033771463564418445,0.0,2.1796875,0.328125,-0.328125,1.9128728749928996,-13.107871551201905,7.368272463281755e-07,3.93286643312736,0.0076360734819900244,12.0,1.0,0.0,0.0,0.0,0.0,1.0
180,0.33333332791666676,0.6666666558333335,-0.000210595559809331,0.0,2.2109375,0.3125,-0.3125,1.9341225829557516,-12.92933005289456,7.368272463281755e-07,3.977796925062483,0.007744529159522658,12.0,1.0,0.0,0.0,0.0,0.0,1.0
181,0.33333332791666676,0.6666666558333335,-0.0063612363316126385,0.0,2.2890625,-0.0078125,0.0078125,2.018213041999843,-10.836630139809571,7.368272463281755e-07,4.03020198575475,0.007870915934869448,12.0,1.0,0.0,0.0,0.0,0.0,1.0
182,0.33333332791666676,0.6666666558333335,-0.0036733097410214066,0.0,2.2265625,0.0625,-0.0625,1.9370919580105692,-11.550653438847421,7.368272463281755e-07,4.0824664316394115,0.00797393134449852,12.0,1.0,0.0,0.0,0.0,0.0,1.0
183,0.33333332791666676,0.6666666558333335,-0.00511970429415326,0.0,2.171875,0.2890625,-0.2890625,1.903544000000693,-9.104217858422038,7.368272463281755e-07,4.10956506702033,0.00805390134072778,12.0,1.0,0.0,0.0,0.0,0.0,1.0
184,0.33333332791666676,0.6666666558333335,-0.004416864358099033,0.0,2.140625,0.15625,-0.15625,1.882916166970972,-11.812809470439136,7.368272463281755e-07,4.124105358326977,0.008131338509635745,12.0,1.0,0.0,0.0,0.0,0.0,1.0
185,0.33333332791666676,0.6666666558333335,-0.0030423117089566337,0.0,2.1796875,0.296875,-0.296875,1.9099960000021383,-13.217895006099406,7.368272463281755e-07,4.054761942137372,0.007344822208820419,12.0,1.0,0.0,0.0,0.0,0.0,1.0
186,0.33333332791666676,0.6666666558333335,-0.0007504016102739506,0.0,2.1953125,0.2421875,-0.2421875,1.9370537920040078,-18.40813497004661,7.368272463281755e-07,4.046376029537483,0.006655318805397573,12.0,1.0,0.0,0.0,0.0,0.0,1.0
187,0.33333332791666676,0.6666666558333335,-0.004461941596127411,0.0,2.203125,-0.0234375,0.0234375,1.9376031249994412,-13.726977108332635,7.368272463281755e-07,4.0697403597560795,0.005884722245603122,12.0,1.0,0.0,0.0,0.0,0.0,1.0
188,0.3333333295833334,0.6666666591666668,-0.0012979508584274344,0.0,2.140625,0.1640625,-0.1640625,1.8836892920080572,-16.822728892184998,7.368272463281755e-07,4.109834928065538,0.005966182567962361,12.0,1.0,0.0,0.0,0.0,0.0,1.0
189,0.3333333295833334,0.6666666591666668,-0.005629395409084131,0.0,2.1015625,0.3515625,-0.3515625,1.850503417022992,-28.704697643848103,7.368272463281755e-07,4.5579511026541395,0.005058211670580527,12.0,3.0,0.0,0.0,0.0,0.0,1.0
190,0.3333333295833334,0.6666666591666668,-0.006151030593418951,0.0,2.140625,0.3046875,-0.3046875,1.8897406249889173,-26.08431959750845,7.368272463281755e-07,4.6234362290965185,0.00513767019017703,12.0,3.0,0.0,0.0,0.0,0.0,1.0
191,0.3333333295833334,0.6666666591666668,-0.006401758380107215,0.0,2.1484375,-0.046875,0.046875,1.8864068330149166,-25.83503967847095,7.368272463281755e-07,4.676296970910496,0.005262891212219579,12.0,3.0,0.0,0.0,0.0,0.0,1.0
192,0.3333333295833334,0.6666666591666668,-0.0047714894321002,0.0,2.1328125,-0.109375,0.109375,1.8809340830193833,-29.51100185023294,7.368272463281755e-07,4.697196922368473,0.005387676575790263,12.0,3.0,0.0,0.0,0.0,0.0,1.0
193,0.3333333295833334,0.6666666591666668,-0.00538605006687025,0.0,2.125,0.1953125,-0.1953125,1.866710582980886,-34.68543359685538,7.368272463281755e-07,4.717048804793093,0.005504214282458027,12.0,3.0,0.0,0.0,0.0,0.0,1.0
194,0.3333333295833334,0.6666666591666668,-0.0034842365376066124,0.0,2.125,0.3203125,-0.3203125,1.868451499962248,-32.73181745839729,7.368272463281755e-07,4.7391593489382,0.005638509070397251,12.0,3.0,0.0,0.0,0.0,0.0,1.0
195,0.3333333295833334,0.6666666591666668,-0.0022470852276259843,0.0,2.109375,0.0390625,-0.0390625,1.8515441669733264,-32.90147124567787,7.368272463281755e-07,4.757851449151834,0.005755482357926667,12.0,3.0,0.0,0.0,0.0,0.0,1.0
196,0.3333333295833334,0.6666666591666668,-0.0033817727407839024,0.0,2.1015625,0.546875,-0.546875,1.8395152079756372,-47.44522244727835,7.368272463281755e-07,4.778060470190313,0.005878939940076735,12.0,3.0,0.0,0.0,0.0,0.0,1.0
197,0.3333333295833334,0.6666666591666668,-0.001950122954984804,0.0,2.1171875,0.3046875,-0.3046875,1.8899575830437243,-42.3200787100971,7.368272463281755e-07,4.673737126506037,0.007231526480407208,12.0,3.0,0.0,0.0,0.0,0.0,1.0
198,0.3333333295833334,0.6666666591666668,-0.007634947289692878,0.0,2.109375,0.3125,-0.3125,1.8678021670202725,-48.28134015661612,7.368272463281755e-07,4.672061708445351,0.008841867144736979,12.0,3.0,0.0,0.0,0.0,0.0,1.0
199,0.3333333295833334,0.6666666591666668,-0.0035244260730070216,0.0,2.109375,0.3515625,-0.3515625,1.880866874998901,-44.683742123095826,7.368272463281755e-07,4.739593047234747,0.00953655997161857,12.0,3.0,0.0,0.0,0.0,0.0,1.0
200,0.3333333295833334,0.6666666591666668,-0.005308255659863273,0.0,2.109375,0.15625,-0.15625,1.8742280409787782,-52.26176530802118,7.368272463281755e-07,4.836115442216396,0.009664561036818972,12.0,3.0,0.0,0.0,0.0,0.0,1.0
201,0.3333333295833334,0.6666666591666668,-0.005849510241687971,0.0,2.0859375,0.515625,-0.515625,1.8391137919970788,-50.008716718917185,7.368272463281755e-07,4.876099148558246,0.009781016942320598,12.0,3.0,0.0,0.0,0.0,0.0,1.0
202,0.3333333295833334,0.6666666591666668,-0.002557288392990209,0.0,2.125,-0.0625,0.0625,1.8711146670393646,-36.47914948944929,7.368272463281755e-07,4.8993116782771216,0.009946443373337388,12.0,3.0,0.0,0.0,0.0,0.0,1.0
203,0.3333333295833334,0.6666666591666668,-0.001970335593148963,0.0,2.0625,0.3046875,-0.3046875,1.8274530839989893,-74.32267219322188,7.368272463281755e-07,4.914142608642578,0.010025039961975481,12.0,3.0,0.0,0.0,0.0,0.0,1.0
204,0.3333333295833334,0.6666666591666668,-0.0034977619947540997,0.0,2.1484375,-0.1484375,0.1484375,1.8987740420270711,-55.0001067587983,7.368272463281755e-07,4.936023657520612,0.010217418713081215,12.0,3.0,0.0,0.0,0.0,0.0,1.0
205,0.3333333295833334,0.6666666591666668,-0.008326788495534648,0.0,2.140625,0.1015625,-0.1015625,1.8834521250100806,-51.1032520832027,7.368272463281755e-07,4.956262833542294,0.010395304338696102,12.0,3.0,0.0,0.0,0.0,0.0,1.0
206,0.3333333295833334,0.6666666591666668,-0.003813477964646233,0.0,2.125,0.0234375,-0.0234375,1.8597691669710912,-47.61873229990989,7.368272463281755e-07,4.9742832448747425,0.010531766676447459,12.0,3.0,0.0,0.0,0.0,0.0,1.0
207,0.3333333295833334,0.6666666591666668,-0.005959434947519509,0.0,2.125,0.0390625,-0.0390625,1.8601691250223666,-42.210129187026666,7.368272463281755e-07,4.855411695109473,0.009085930263002714,12.0,3.0,0.0,0.0,0.0,0.0,1.0
208,0.3333333295833334,0.6666666591666668,-0.007176709169653014,0.0,2.140625,0.3828125,-0.3828125,1.8978450830327347,-70.13787562916748,7.368272463281755e-07,4.882041984134251,0.007759068911481235,12.0,3.0,0.0,0.0,0.0,0.0,1.0
209,0.3333333295833334,0.6666666591666668,-0.004474863243238439,0.0,2.15625,0.0703125,-0.0703125,1.8961154170101508,-60.094838882701985,7.368272463281755e-07,4.960982898871104,0.00761403342605465,12.0,3.0,0.0,0.0,0.0,0.0,1.0
210,0.3333333295833334,0.6666666591666668,-0.005237555438862878,0.0,2.1171875,0.140625,-0.140625,1.8551607090048492,-60.47613649350691,7.368272463281755e-07,5.057763778501087,0.007721802969980571,12.0,3.0,0.0,0.0,0.0,0.0,1.0
211,0.3125739692391407,0.6251479384782814,-0.007236389157863289,0.0,2.1171875,0.0390625,-0.0390625,1.9033487089909613,-60.45111359617367,7.368272463281755e-07,5.074275291628307,0.007823405257012282,12.0,3.0,0.0,0.0,0.0,0.0,1.0
212,0.3125450020501703,0.6250900041003405,-0.01134869811285814,0.0,2.3203125,-0.1171875,0.1171875,2.007253582996782,133.15473967007915,7.368272463281755e-07,4.7117511250756,-0.0025592790175737305,12.0,1.0,0.0,0.0,0.0,0.0,1.0
213,0.31253473539670584,0.6250694707934117,-0.005281698029801602,0.0,2.421875,0.2578125,-0.2578125,2.1031944169662893,116.16911874717935,7.368272463281755e-07,4.717149958014488,-0.002178408956917172,12.0,1.0,0.0,0.0,0.0,0.0,1.0
214,0.31252784779669923,0.6250556955933985,-0.003625007015943369,0.0,2.3515625,-0.21875,0.21875,2.0131570829544216,112.43598698242606,7.368272463281755e-07,4.745077685876326,-0.0017714441320012238,12.0,1.0,0.0,0.0,0.0,0.0,1.0
215,0.31252472566575296,0.6250494513315059,-0.006413049187713887,0.0,2.5,-0.0859375,0.0859375,2.1517108749831095,67.09671881478884,7.368272463281755e-07,4.794646823270754,-0.0014403414785523307,12.0,1.0,0.0,0.0,0.0,0.0,1.0
216,0.3125229448752696,0.6250458897505392,-0.0068856779516725105,0.0,2.625,0.25,-0.25,2.2702040840522386,58.392794665643905,7.368272463281755e-07,4.847260124981403,-0.0012258183428044008,12.0,1.0,0.0,0.0,0.0,0.0,1.0
217,0.32059282751009205,0.6411856550201841,-0.007843562732290367,0.0,2.5234375,0.1640625,-0.1640625,2.1720061670057476,67.64111875797482,7.368272463281755e-07,4.89144197546623,-0.0010841976810214956,12.0,1.0,0.0,0.0,0.0,0.0,1.0
218,0.3958075702319227,0.7916151404638454,-0.006665502121738957,0.0,2.4765625,0.1875,-0.1875,2.145247125008609,69.68814364533574,7.368272463281755e-07,5.103546322944264,0.0025641846708216085,12.0,0.0,0.0,0.0,0.0,0.0,1.0
219,0.39583332875000005,0.7916666575000001,-0.009987147520149654,0.0,2.4140625,0.34375,-0.34375,2.07241487497231,25.054453783493507,7.368272463281755e-07,4.91294688494368,0.0015493027610566721,12.0,1.0,0.0,0.0,0.0,0.0,1.0
220,0.39583332875000005,0.7916666575000001,-0.011741909971088546,0.0,2.328125,0.0546875,-0.0546875,2.020111374964472,6.90031177243954,7.368272463281755e-07,4.9122046469287435,0.003409776009820317,12.0,1.0,0.0,0.0,0.0,0.0,1.0
221,0.39583332875000005,0.7916666575000001,-0.009151762225641265,0.0,2.3203125,0.15625,-0.15625,2.0232960000284947,-16.72685766246465,7.368272463281755e-07,4.9965535879812455,0.0037120097734838387,12.0,1.0,0.0,0.0,0.0,0.0,1.0
222,0.39583332875000005,0.7916666575000001,-0.00424090169974759,0.0,2.34375,0.0390625,-0.0390625,2.0411823330214247,-8.272769874985094,7.368272463281755e-07,5.089697368443012,0.003898439373270693,12.0,1.0,0.0,0.0,0.0,0.0,1.0
223,0.39583332875000005,0.7916666575000001,-0.007173780723859675,0.0,2.3984375,0.28125,-0.28125,2.0931232500006445,-9.52766047657062,7.368272463281755e-07,5.127219815823165,0.004088427302618088,12.0,1.0,0.0,0.0,0.0,0.0,1.0
224,0.39583332875000005,0.7916666575000001,-0.011635909315873617,0.0,2.3359375,-0.0078125,0.0078125,2.0325172909651883,-12.029235173120725,7.368272463281755e-07,5.122147963805632,0.0031844891332597895,12.0,1.0,0.0,0.0,0.0,0.0,1.0
225,0.3333333295833334,0.6666666591666668,-0.01047117621661961,0.0,2.3359375,-0.0859375,0.0859375,2.0226707499823533,4.768550527531589,7.368272463281755e-07,5.203729278661988,0.0021582134068012238,12.0,1.0,0.0,0.0,0.0,0.0,1.0
226,0.3333333295833334,0.6666666591666668,-0.0035820352284731674,0.0,2.1171875,0.125,-0.125,1.8498534170212224,-95.41463880576414,7.368272463281755e-07,5.320551961660385,0.013613065268145874,12.0,3.0,0.0,0.0,0.0,0.0,1.0
227,0.3333333295833334,0.6666666591666668,-0.009971105832452663,0.0,2.1796875,0.015625,-0.015625,1.8985141250304878,-72.77803800229188,7.368272463281755e-07,5.35768375131819,0.013757056957628164,12.0,3.0,0.0,0.0,0.0,0.0,1.0
228,0.3333333295833334,0.6666666591666668,-0.009697822299599387,0.0,2.109375,-0.0859375,0.0859375,1.860966374981217,-92.1519888415047,7.368272463281755e-07,5.241722833779123,0.011899518482904468,12.0,3.0,0.0,0.0,0.0,0.0,1.0
229,0.3333333295833334,0.6666666591666668,-0.011608978193485359,0.0,2.140625,0.0390625,-0.0390625,1.870105665992014,-79.46863612119299,7.368272463281755e-07,5.3168970412678185,0.010393486397030452,12.0,3.0,0.0,0.0,0.0,0.0,1.0
230,0.35416666250000006,0.7083333250000001,-0.009093521393083684,0.0,2.125,0.234375,-0.234375,1.885954583005514,-91.86411136125817,7.368272463281755e-07,5.437563035223219,0.010557962322814597,12.0,3.0,0.0,0.0,0.0,0.0,1.0
231,0.35416666250000006,0.7083333250000001,-0.013852804805452291,0.0,2.3125,0.1953125,-0.1953125,2.0288907500216737,-52.77626331696025,7.368272463281755e-07,5.41228738156232,-0.0006759400791700252,12.0,1.0,0.0,0.0,0.0,0.0,1.0
232,0.35416666250000006,0.7083333250000001,-0.007377760645941114,0.0,2.2109375,0.21875,-0.21875,1.9488607909879647,-52.27573187942454,7.368272463281755e-07,5.4402304210446095,-0.0005333104636520147,12.0,1.0,0.0,0.0,0.0,0.0,1.0
233,0.35416666250000006,0.7083333250000001,-0.00011895110180300973,0.0,2.25,0.1171875,-0.1171875,1.9803285409579985,-76.69563370157965,7.368272463281755e-07,5.453951097347519,-0.0003790238062554801,12.0,1.0,0.0,0.0,0.0,0.0,1.0
234,0.35416666250000006,0.7083333250000001,-0.007202939315457227,0.0,2.28125,0.1328125,-0.1328125,2.0031193749746308,-71.57193493814765,7.368272463281755e-07,5.472543223337694,-0.00025775910101153636,12.0,1.0,0.0,0.0,0.0,0.0,1.0
235,0.35416666250000006,0.7083333250000001,-0.008121256469943574,0.0,2.171875,-0.046875,0.046875,1.8942435419885442,-64.1046562378023,7.368272463281755e-07,5.490439775992524,-0.0001400439247266728,12.0,1.0,0.0,0.0,0.0,0.0,1.0
236,0.35416666250000006,0.7083333250000001,-0.010375810218183047,0.0,2.2890625,0.2734375,-0.2734375,2.0050663750153035,-77.58194971752485,7.368272463281755e-07,5.512201751497659,1.875421333931048e-05,12.0,1.0,0.0,0.0,0.0,0.0,1.0
237,0.35416666250000006,0.7083333250000001,-0.007068513080721384,0.0,2.203125,0.0859375,-0.0859375,1.9359182090265676,-81.75200674669506,7.368272463281755e-07,5.4795995259826835,0.0007034408918116242,12.0,1.0,0.0,0.0,0.0,0.0,1.0
238,0.3333333297124934,0.6666666594249868,-0.01412926938263679,0.0,2.25,-0.0859375,0.0859375,1.96881129196845,-61.184354855042685,7.368272463281755e-07,5.345684745094993,0.003009320811543148,12.0,1.0,0.0,0.0,0.0,0.0,1.0
239,0.33333332986107267,0.6666666597221453,-0.008870121757177907,0.0,2.1640625,0.109375,-0.109375,1.912183541979175,-87.67912938029853,7.368272463281755e-07,5.898218974471092,0.004970855044666678,12.0,2.0,0.0,0.0,0.0,0.0,1.0
240,0.3333333299696285,0.666666659939257,-0.00815571955099361,0.0,2.140625,-0.1796875,0.1796875,1.9001264999969862,-129.12005022626767,7.368272463281755e-07,5.506994401189414,0.004992913326449608,12.0,1.0,0.0,0.0,0.0,0.0,1.0
241,0.381178310504303,0.762356621008606,-0.011382253029052814,0.0,2.1796875,0.375,-0.375,1.918839416000992,-120.86604696968396,7.368272463281755e-07,5.5201559303836385,0.005587889745088019,12.0,1.0,0.0,0.0,0.0,0.0,1.0
242,0.394713877463285,0.78942775492657,-0.010508571095072666,0.0,2.15625,0.2734375,-0.2734375,1.893202334002126,-76.59937293287771,7.368272463281755e-07,5.537652060389519,0.006228116917720234,12.0,1.0,0.0,0.0,0.0,0.0,1.0
243,0.43749999500000003,0.8749999900000001,-0.005876174178876221,0.0,2.3125,0.5625,-0.5625,2.0565420830389485,-110.2025560559039,7.368272463281755e-07,5.567794168537313,0.007014285667206754,12.0,1.0,0.0,0.0,0.0,0.0,1.0
244,0.39583332875000005,0.7916666575000001,-0.0048793449507312575,0.0,2.3359375,0.2109375,-0.2109375,2.047132999985479,19.65787929854532,7.368272463281755e-07,5.599263475361195,0.007276747521245852,12.0,1.0,0.0,0.0,0.0,0.0,1.0
245,0.39583332875000005,0.7916666575000001,-0.007720736607052494,0.0,2.3984375,0.2265625,-0.2265625,2.1037765410146676,15.425851658115588,7.368272463281755e-07,5.664861640469595,0.00761032230167819,12.0,1.0,0.0,0.0,0.0,0.0,1.0
246,0.39583332875000005,0.7916666575000001,-0.0060733992500062685,0.0,2.40625,0.1015625,-0.1015625,2.0853211660287343,-39.414739485358176,7.368272463281755e-07,5.733945740556175,0.007772287816888737,12.0,1.0,0.0,0.0,0.0,0.0,1.0
247,0.39583332875000005,0.7916666575000001,-0.008557973605612319,0.0,2.3984375,0.125,-0.125,2.077262624981813,-15.956352238961859,7.368272463281755e-07,5.648014331405813,0.006552382245321165,12.0,1.0,0.0,0.0,0.0,0.0,1.0
248,0.39583332875000005,0.7916666575000001,-0.0110943264734439,0.0,2.3046875,0.0859375,-0.0859375,2.025047041999642,-36.504074920001365,7.368272463281755e-07,5.69729413159869,0.005207533678251572,12.0,1.0,0.0,0.0,0.0,0.0,1.0
249,0.43749999500000003,0.8749999900000001,-0.007539775720112944,0.0,2.3671875,-0.0625,0.0625,2.0703974579810165,-27.107815979668892,7.368272463281755e-07,5.710531926967881,0.0038612917189973154,12.0,1.0,0.0,0.0,0.0,0.0,1.0
250,0.43749999500000003,0.8749999900000001,-0.011540783818984166,0.0,2.3203125,0.1328125,-0.1328125,2.0433593750349246,21.51515483479239,7.368272463281755e-07,5.7365206480026245,0.0027433034106665714,12.0,1.0,0.0,0.0,0.0,0.0,1.0
251,0.43749999500000003,0.8749999900000001,-0.008487624289133291,0.0,2.3515625,0.140625,-0.140625,2.0990757909603417,20.35686160889322,7.368272463281755e-07,5.833310802551833,0.002352982105962424,12.0,1.0,0.0,0.0,0.0,0.0,1.0
252,0.39583332875000005,0.7916666575000001,-0.00767588663604762,0.0,2.2890625,0.1796875,-0.1796875,1.9879329999675974,27.138160874370882,7.368272463281755e-07,5.90357580916448,0.0024530981582674112,12.0,1.0,0.0,0.0,0.0,0.0,1.0
253,0.39583332875000005,0.7916666575000001,-0.008899860656421255,0.0,2.203125,0.109375,-0.109375,1.9378773749922402,-74.89568936096776,7.368272463281755e-07,5.915308449756015,0.0024181498341601004,12.0,1.0,0.0,0.0,0.0,0.0,1.0
254,0.37499999583333343,0.7499999916666669,-0.014184638323276379,0.0,2.1953125,0.171875,-0.171875,1.936515458044596,-64.89965892223546,7.368272463281755e-07,5.941299307075414,0.002506022473839535,12.0,1.0,0.0,0.0,0.0,0.0,1.0
255,0.3333333295833334,0.6666666591666668,-0.00968576045163555,0.0,2.0703125,0.0625,-0.0625,1.8173926249728538,-126.08014129794687,7.368272463281755e-07,6.094181958172056,0.01540917207279967,12.0,3.0,0.0,0.0,0.0,0.0,1.0
256,0.3333333295833334,0.6666666591666668,-0.011301598971898277,0.0,2.140625,0.0234375,-0.0234375,1.8748960829689167,-147.7363593746996,7.368272463281755e-07,6.137764155864716,0.015504726570927434,12.0,3.0,0.0,0.0,0.0,0.0,1.0
257,0.3333333295833334,0.6666666591666668,-0.005619028454411946,0.0,2.140625,0.0234375,-0.0234375,1.8729553750017658,-138.05510065562086,7.368272463281755e-07,6.031743872496817,0.017892680402534705,12.0,3.0,0.0,0.0,0.0,0.0,1.0
258,0.3333333295833334,0.6666666591666668,-0.014449414458288047,0.0,2.125,0.0390625,-0.0390625,1.8607760830200277,-130.28244792117061,7.368272463281755e-07,6.138413568337758,0.020025287884184055,12.0,3.0,0.0,0.0,0.0,0.0,1.0
259,0.3333333295833334,0.6666666591666668,-0.018286018666874557,0.0,2.1640625,0.078125,-0.078125,1.8908626249758527,-128.14889199551592,7.368272463281755e-07,6.25801586608092,0.020312423662592966,12.0,3.0,0.0,0.0,0.0,0.0,1.0
260,0.3333333295833334,0.6666666591666668,-0.013447012045302317,0.0,2.09375,0.1015625,-0.1015625,1.841363875020761,-152.41530344552453,7.368272463281755e-07,6.302954345941544,0.020415141628796443,12.0,3.0,0.0,0.0,0.0,0.0,1.0
261,0.3333333295833334,0.6666666591666668,-0.018130850780706628,0.0,2.140625,0.078125,-0.078125,1.8927815839997493,-188.2368719271214,7.368272463281755e-07,6.348352390858862,0.020652520816333383,12.0,3.0,0.0,0.0,0.0,0.0,1.0
262,0.3333333295833334,0.6666666591666668,-0.010017319920370487,0.0,2.1328125,-0.0234375,0.0234375,1.8759190000128,-136.81083891161967,7.368272463281755e-07,6.389058594902356,0.02089746766715608,12.0,3.0,0.0,0.0,0.0,0.0,1.0
263,0.37499999583333343,0.7499999916666669,-0.015160939279166919,0.0,2.15625,-0.015625,0.015625,1.9102287919959053,-131.30608789997854,7.368272463281755e-07,6.428248958455192,0.02114910775172676,12.0,3.0,0.0,0.0,0.0,0.0,1.0
264,0.37499999583333343,0.7499999916666669,-0.011290546966627011,0.0,2.0703125,0.09375,-0.09375,1.826273458020296,-104.99578551692079,7.368272463281755e-07,6.473427239391539,0.02130925045478054,12.0,3.0,0.0,0.0,0.0,0.0,1.0
265,0.3749999958464353,0.7499999916928706,-0.017036878002215167,0.0,2.1015625,0.234375,-0.234375,1.8492772919707932,-161.3551475121616,7.368272463281755e-07,6.51284846663475,0.02151973981462005,12.0,3.0,0.0,0.0,0.0,0.0,1.0
266,0.3749999959289115,0.749999991857823,-0.01286402102738109,0.0,2.046875,0.3828125,-0.3828125,1.7969452920369804,-131.44286109186692,7.368272463281755e-07,6.769942614436149,0.00691943789133802,12.0,2.0,0.0,0.0,0.0,0.0,1.0
267,0.43749999500000003,0.8749999900000001,-0.013100006173656434,0.0,2.09375,0.2890625,-0.2890625,1.8521763329626992,-227.478254022437,7.368272463281755e-07,6.262431440028277,0.004862525024112652,12.0,1.0,0.0,0.0,0.0,0.0,1.0
268,0.43749999500000003,0.8749999900000001,-0.009397200073007867,0.0,2.28125,0.1640625,-0.1640625,1.9887154169846326,0.04714077270844191,7.368272463281755e-07,6.217151192101565,0.006603576455910859,12.0,1.0,0.0,0.0,0.0,0.0,1.0
269,0.43749999500000003,0.8749999900000001,-0.011076197876692161,0.0,2.328125,-0.0625,0.0625,2.033208124979865,2.3848822119866018,7.368272463281755e-07,6.207222927700389,0.008289925489490006,12.0,1.0,0.0,0.0,0.0,0.0,1.0
270,0.43749999500000003,0.8749999900000001,-0.014046708357778008,0.0,2.3984375,0.3359375,-0.3359375,2.0895414580008946,12.116385069499994,7.368272463281755e-07,6.271664966236461,0.008511706424707716,12.0,1.0,0.0,0.0,0.0,0.0,1.0
271,0.43749999500000003,0.8749999900000001,-0.015597434994122484,0.0,2.28125,-0.125,0.125,1.9910940420231782,2.213847759793274,7.368272463281755e-07,6.347627222537994,0.008760059442879125,12.0,1.0,0.0,0.0,0.0,0.0,1.0
272,0.43749999500000003,0.8749999900000001,-0.013023541661582323,0.0,2.28125,0.046875,-0.046875,2.0062909580301493,40.90693174718096,7.368272463281755e-07,6.43055694211613,0.00894395340318707,12.0,1.0,0.0,0.0,0.0,0.0,1.0
273,0.39583332875000005,0.7916666575000001,-0.019682210201477406,0.0,2.40625,0.46875,-0.46875,2.090240207966417,62.926950968761176,7.368272463281755e-07,6.3574976758523425,0.007238924905488437,12.0,1.0,0.0,0.0,0.0,0.0,1.0
274,0.39583332875000005,0.7916666575000001,-0.013775791859947524,0.0,2.34375,0.125,-0.125,2.0542090839589946,-10.887945012019118,7.368272463281755e-07,6.409991139715368,0.006236288738860326,12.0,1.0,0.0,0.0,0.0,0.0,1.0
275,0.39583332875000005,0.7916666575000001,-0.01492444214656358,0.0,2.4609375,0.078125,-0.078125,2.1310445410199463,-2.042854160287455,7.368272463281755e-07,6.505454085089943,0.0065860387721014295,12.0,1.0,0.0,0.0,0.0,0.0,1.0
276,0.39583332875000005,0.7916666575000001,-0.007236951387603781,0.0,2.3515625,-0.0234375,0.0234375,2.045975333021488,-32.420808595445465,7.368272463281755e-07,6.436158803376284,0.008592857323078946,12.0,1.0,0.0,0.0,0.0,0.0,1.0
277,0.39583332875000005,0.7916666575000001,-0.015793392234968246,0.0,2.3671875,-0.015625,0.015625,2.0544932920020074,-47.55510697962834,7.368272463281755e-07,6.540408757599917,0.010566129613752391,12.0,1.0,0.0,0.0,0.0,0.0,1.0
278,0.35416666250000006,0.7083333250000001,-0.007999207354247674,0.0,2.3203125,0.0078125,-0.0078125,2.0258415000280365,-31.1563281941696,7.368272463281755e-07,6.607766807079315,0.010868086405521766,12.0,1.0,0.0,0.0,0.0,0.0,1.0
279,0.35416666250000006,0.7083333250000001,-0.013279161651548957,0.0,2.2421875,0.0078125,-0.0078125,1.9721826249733567,-162.07800288603124,7.368272463281755e-07,6.600631486285817,0.01081906741654331,12.0,1.0,0.0,0.0,0.0,0.0,1.0
280,0.35416666250000006,0.7083333250000001,-0.011621769860569791,0.0,2.1953125,-0.1171875,0.1171875,1.9166782079846598,-96.4838365336219,7.368272463281755e-07,6.609199366786263,0.010940845900305167,12.0,1.0,0.0,0.0,0.0,0.0,1.0
281,0.35416666250000006,0.7083333250000001,-0.013160563985428761,0.0,2.265625,0.2421875,-0.2421875,1.9835287919850089,-161.73107979995228,7.368272463281755e-07,6.622471207922155,0.011159100250303956,12.0,1.0,0.0,0.0,0.0,0.0,1.0
282,0.35416666250000006,0.7083333250000001,-0.014340484627646095,0.0,2.2890625,0.1796875,-0.1796875,2.0119823749992065,-155.05871279037768,7.368272463281755e-07,6.640928132967516,0.01136019410412039,12.0,1.0,0.0,0.0,0.0,0.0,1.0
283,0.35416666250000006,0.7083333250000001,-0.013966229295719595,0.0,2.21875,0.1171875,-0.1171875,1.9320867920177989,-168.64593525636946,7.368272463281755e-07,6.539483016187495,0.00954798380817837,12.0,1.0,0.0,0.0,0.0,0.0,1.0
284,0.35416666250000006,0.7083333250000001,-0.015477379454482404,0.0,2.1796875,0.171875,-0.171875,2.1789937089779414,-131.9167312691869,7.368272463281755e-07,6.624835794622248,0.008220681042241102,12.0,1.0,0.0,0.0,0.0,0.0,1.0
285,0.3333333295833334,0.6666666591666668,-0.016217383296363345,0.0,2.21875,0.0234375,-0.0234375,2.0745287079480477,-131.0260217174783,7.368272463281755e-07,6.707673593000933,0.008406025082380935,12.0,1.0,0.0,0.0,0.0,0.0,1.0
286,0.3333333295833334,0.6666666591666668,-0.01725727434647682,0.0,2.171875,0.203125,-0.203125,1.918336915958207,-235.2986191569939,7.368272463281755e-07,7.020841432942285,0.02341776439021083,12.0,3.0,0.0,0.0,0.0,0.0,1.0
287,0.3333333295833334,0.6666666591666668,-0.01598546298526593,0.0,2.078125,0.03125,-0.03125,1.8323908749734983,-245.57232768928864,7.368272463281755e-07,7.071814199288686,0.023392195430157397,12.0,3.0,0.0,0.0,0.0,0.0,1.0
288,0.3333333295833334,0.6666666591666668,-0.016766531279722975,0.0,2.109375,0.328125,-0.328125,1.8543744999915361,-351.14962929495476,7.368272463281755e-07,7.127454744444953,0.023628700483338132,12.0,3.0,0.0,0.0,0.0,0.0,1.0
289,0.3333333295833334,0.6666666591666668,-0.017934098393376775,0.0,2.1171875,0.0234375,-0.0234375,1.8665410419926047,-246.93486965542897,7.368272463281755e-07,7.166468924946255,0.02388060624879371,12.0,3.0,0.0,0.0,0.0,0.0,1.0
290,0.3333333295833334,0.6666666591666668,-0.014343853259267082,0.0,2.078125,0.0859375,-0.0859375,1.8473413749597967,-244.88371132952778,7.368272463281755e-07,7.200874321990543,0.024085479198321182,12.0,3.0,0.0,0.0,0.0,0.0,1.0
291,0.3333333295838008,0.6666666591676016,-0.015755253226500825,0.0,2.125,0.2421875,-0.2421875,1.8651533750235103,-276.47758299618107,7.368272463281755e-07,7.231907500161065,0.024372337416732788,12.0,3.0,0.0,0.0,0.0,0.0,1.0
292,0.33333332958512696,0.6666666591702539,-0.01604457785371364,0.0,2.0859375,0.1171875,-0.1171875,1.8850917920353822,-219.66393675689432,7.368272463281755e-07,7.258002016279432,0.024609089911488507,12.0,3.0,0.0,0.0,0.0,0.0,1.0
293,0.3333333295863691,0.6666666591727382,-0.016955617726445167,0.0,2.0703125,0.1171875,-0.1171875,1.8230460420018062,-285.467018974952,7.368272463281755e-07,7.286054531733195,0.024821544200272508,12.0,3.0,0.0,0.0,0.0,0.0,1.0
294,0.33333332958737083,0.6666666591747417,-0.011977685552148823,0.0,2.046875,-0.0390625,0.0390625,1.804790333029814,-294.5450259038903,7.368272463281755e-07,7.177426868014866,0.02710027411133827,12.0,3.0,0.0,0.0,0.0,0.0,1.0
295,0.33333332958798845,0.6666666591759769,-0.01718088681791028,0.0,2.140625,0.203125,-0.203125,1.8943208339624107,-261.88048126915106,7.368272463281755e-07,7.3223746750089855,0.029442272417428385,12.0,3.0,0.0,0.0,0.0,0.0,1.0
296,0.33333332958853645,0.6666666591770729,-0.020597522674805153,0.0,2.15625,-0.1328125,0.1328125,1.893336166976951,-291.9016714124464,7.368272463281755e-07,7.409208324220446,0.029791989622430667,12.0,3.0,0.0,0.0,0.0,0.0,1.0
297,0.3333333295888623,0.6666666591777246,-0.016503872248924897,0.0,2.125,0.328125,-0.328125,1.8694310830323957,-274.79828682563374,7.368272463281755e-07,7.425546162658268,0.030233784910200887,12.0,3.0,0.0,0.0,0.0,0.0,1.0
298,0.33333332958899176,0.6666666591779835,-0.016290197538169043,0.0,2.1640625,-0.1171875,0.1171875,1.9069711249903776,-238.34244815709357,7.368272463281755e-07,7.298383017381032,0.02770109035837878,12.0,3.0,0.0,0.0,0.0,0.0,1.0
299,0.33333332958889916,0.6666666591777983,-0.011370591933652878,0.0,2.109375,0.359375,-0.359375,1.8674404159537517,-359.00886397044644,7.368272463281755e-07,6.728989440202713,0.02385200650023762,12.0,2.0,0.0,0.0,0.0,0.0,1.0
300,0.33333332958848105,0.6666666591769621,-0.01369909299219521,0.0,2.109375,-0.1171875,0.1171875,1.8777180410106666,-334.22734519993816,7.368272463281755e-07,7.4880586465199785,0.026649953755420737,12.0,3.0,0.0,0.0,0.0,0.0,1.0
301,0.3333333295877673,0.6666666591755346,-0.029548655927631243,0.0,2.09375,0.296875,-0.296875,1.8428540829918347,-337.97515575565507,7.368272463281755e-07,7.509512590037452,0.026934308756608516,12.0,3.0,0.0,0.0,0.0,0.0,1.0
302,0.33333332958681394,0.6666666591736279,-0.014396449738272298,0.0,2.109375,0.21875,-0.21875,1.853632916987408,-305.0303023832816,7.368272463281755e-07,7.525336013899909,0.027199993459766522,12.0,3.0,0.0,0.0,0.0,0.0,1.0
303,0.33333332958541617,0.6666666591708323,-0.014937858522389573,0.0,2.09375,-0.0625,0.0625,1.856769957987126,-353.2246192925012,7.368272463281755e-07,7.542400730980767,0.027462351507791836,12.0,3.0,0.0,0.0,0.0,0.0,1.0
304,0.33333332958348705,0.6666666591669741,-0.01839566991844131,0.0,2.109375,0.1328125,-0.1328125,1.8507007909938693,-394.17633190861454,7.368272463281755e-07,7.558337840769026,0.02777086150793669,12.0,3.0,0.0,0.0,0.0,0.0,1.0
305,0.3333333295833334,0.6666666591666668,-0.019661888736106792,0.0,2.109375,-0.0078125,0.0078125,1.8589232079684734,-334.24885365589324,7.368272463281755e-07,6.909891486167908,0.02532706816273276,12.0,2.0,0.0,0.0,0.0,0.0,1.0
306,0.3333333295833334,0.6666666591666668,-0.015483950893721564,0.0,2.125,0.0703125,-0.0703125,1.8673137089936063,-302.31319292503247,7.368272463281755e-07,7.588290558920966,0.02829382411437109,12.0,3.0,0.0,0.0,0.0,0.0,1.0
307,0.3333333295833334,0.6666666591666668,-0.021192907829329026,0.0,2.1328125,0.109375,-0.109375,1.8765878749545664,-390.961587818551,7.368272463281755e-07,7.601508855819702,0.028599153136989724,12.0,3.0,0.0,0.0,0.0,0.0,1.0
308,0.3333333295833334,0.6666666591666668,-0.013877089511465912,0.0,2.1328125,0.1796875,-0.1796875,1.8740686250384897,-329.7974315300966,7.368272463281755e-07,7.615642799271478,0.028884358642648697,12.0,3.0,0.0,0.0,0.0,0.0,1.0
309,0.35416666250000006,0.7083333250000001,-0.02269313885645009,0.0,2.0625,0.0234375,-0.0234375,1.818353082984686,-419.48713660240173,7.368272463281755e-07,7.629641771316528,0.02909185557251072,12.0,3.0,0.0,0.0,0.0,0.0,1.0
310,0.35416666250000006,0.7083333250000001,-0.022347943097280568,0.0,2.25,0.0859375,-0.0859375,1.9778263749904,-167.5039036547076,7.368272463281755e-07,7.193237526850267,0.01340335569693707,12.0,1.0,0.0,0.0,0.0,0.0,1.0
311,0.35416666250000006,0.7083333250000001,-0.027025979989508467,0.0,2.234375,0.0390625,-0.0390625,1.9847492499975488,-227.50920086741397,7.368272463281755e-07,7.1791534207083965,0.013718021782220934,12.0,1.0,0.0,0.0,0.0,0.0,1.0
312,0.35416666250000006,0.7083333250000001,-0.013828199265008433,0.0,2.28125,-0.0078125,0.0078125,2.0012927500065416,-233.17369347995634,7.368272463281755e-07,7.129785505208102,0.014060299245598302,12.0,1.0,0.0,0.0,0.0,0.0,1.0
313,0.35416666250000006,0.7083333250000001,-0.022472817281523585,0.0,2.2734375,0.140625,-0.140625,1.992953791981563,-294.82275548711505,7.368272463281755e-07,7.117927529595115,0.014250745602608235,12.0,1.0,0.0,0.0,0.0,0.0,1.0
314,0.35416666250000006,0.7083333250000001,-0.019149425277923876,0.0,2.2578125,0.0390625,-0.0390625,1.9744659590069205,-307.8046668873032,7.368272463281755e-07,7.134303358468142,0.01442440725672482,12.0,1.0,0.0,0.0,0.0,0.0,1.0
315,0.35416666250000006,0.7083333250000001,-0.014196095958721264,0.0,2.2421875,0.1796875,-0.1796875,1.9590707079623826,-194.16291719460648,7.368272463281755e-07,7.156853009353984,0.014641072061336175,12.0,1.0,0.0,0.0,0.0,0.0,1.0
316,0.35416666250000006,0.7083333250000001,-0.025418113710724617,0.0,2.25,0.1796875,-0.1796875,1.9832765419851057,-342.2693492790352,7.368272463281755e-07,7.1748410138216885,0.01493166911479255,12.0,1.0,0.0,0.0,0.0,0.0,1.0
317,0.39583332875000005,0.7916666575000001,-0.019078249991912388,0.0,2.2421875,0.1875,-0.1875,1.9552024580189027,-215.23945356024797,7.368272463281755e-07,7.191888424483213,0.015181024024390023,12.0,1.0,0.0,0.0,0.0,0.0,1.0
318,0.39583332875000005,0.7916666575000001,-0.008611255430107535,0.0,2.4296875,0.0078125,-0.0078125,2.116945334011689,-10.575260129333302,7.368272463281755e-07,7.252287404103712,0.01598923624260351,12.0,1.0,0.0,0.0,0.0,0.0,1.0
319,0.39583332875000005,0.7916666575000001,-0.02532591220858921,0.0,2.4296875,0.28125,-0.28125,2.117916624993086,-18.14564665438677,7.368272463281755e-07,7.311279345642436,0.016458314081484623,12.0,1.0,0.0,0.0,0.0,0.0,1.0
320,0.39583332875000005,0.7916666575000001,-0.012412186509542374,0.0,2.3828125,0.1875,-0.1875,2.0784690419677645,-40.42907277247053,7.368272463281755e-07,7.359134023839777,0.016648634760217232,12.0,1.0,0.0,0.0,0.0,0.0,1.0
321,0.39583332875000005,0.7916666575000001,-0.021360510559748868,0.0,2.390625,-0.078125,0.078125,2.084942916990258,0.4371482145978875,7.368272463281755e-07,7.390461488203569,0.016896622281902553,12.0,1.0,0.0,0.0,0.0,0.0,1.0
322,0.39583332875000005,0.7916666575000001,-0.014918294070681746,0.0,2.421875,0.171875,-0.171875,2.1023413329967298,-19.716065973524042,7.368272463281755e-07,7.417336003346876,0.017147819765589455,12.0,1.0,0.0,0.0,0.0,0.0,1.0
323,0.39583332875000005,0.7916666575000001,-0.021907508086604834,0.0,2.421875,0.1171875,-0.1171875,2.1077044580015354,-8.246134392563002,7.368272463281755e-07,7.439592106775804,0.01739355664573271,12.0,1.0,0.0,0.0,0.0,0.0,1.0
324,0.39583332875000005,0.7916666575000001,-0.031720035421085216,0.0,2.390625,0.21875,-0.21875,2.075411791971419,-20.689282835761368,7.368272463281755e-07,7.460833993825045,0.017666011302604933,12.0,1.0,0.0,0.0,0.0,0.0,1.0
325,0.39583332875000005,0.7916666575000001,-0.020571831098298705,0.0,2.4609375,0.3046875,-0.3046875,2.1415115829440765,-43.852392681821975,7.368272463281755e-07,7.477974474430084,0.0179263417058709,12.0,1.0,0.0,0.0,0.0,0.0,1.0
326,0.39583332875000005,0.7916666575000001,-0.02197544091098262,0.0,2.3984375,0.1328125,-0.1328125,2.091816166008357,67.21998344507296,7.368272463281755e-07,7.495794821869243,0.018163742672186345,12.0,1.0,0.0,0.0,0.0,0.0,1.0
327,0.39583332875000005,0.7916666575000001,-0.028112482814382767,0.0,2.4140625,0.0546875,-0.0546875,2.098677208996378,20.231077171542,7.368272463281755e-07,7.510843076489189,0.018427110599904237,12.0,1.0,0.0,0.0,0.0,0.0,1.0
328,0.39583332875000005,0.7916666575000001,-0.01774540034188602,0.0,2.3671875,0.2109375,-0.2109375,2.0712148750317283,-59.05963360067396,7.368272463281755e-07,7.526316144249656,0.018727543398695576,12.0,1.0,0.0,0.0,0.0,0.0,1.0
329,0.35416666250000006,0.7083333250000001,-0.030382683629373103,0.0,2.375,0.0546875,-0.0546875,2.0776042499928735,-143.1231109017955,7.368272463281755e-07,7.541023086417805,0.01900048142256723,12.0,1.0,0.0,0.0,0.0,0.0,1.0
330,0.35416666250000006,0.7083333250000001,-0.021218734345234712,0.0,2.25,0.3125,-0.3125,2.002747124992311,-423.08737983044534,7.368272463281755e-07,7.4660833857276225,0.01858618784568865,12.0,1.0,0.0,0.0,0.0,0.0,1.0
331,0.35416666250000006,0.7083333250000001,-0.02296862869110988,0.0,2.25,0.140625,-0.140625,1.9808884999947622,-381.67039563970434,7.368272463281755e-07,7.430915957147425,0.01857546643375165,12.0,1.0,0.0,0.0,0.0,0.0,1.0
332,0.35416666250000006,0.7083333250000001,-0.01759797522444937,0.0,2.234375,0.21875,-0.21875,1.960180666996166,-382.61579530959966,7.368272463281755e-07,7.411139184778387,0.018827285543507474,12.0,1.0,0.0,0.0,0.0,0.0,1.0
333,0.35416666250000006,0.7083333250000001,-0.013496063776909708,0.0,2.28125,-0.1171875,0.1171875,2.07591383298859,-360.1468102682765,7.368272463281755e-07,7.409178419546648,0.01911048328144137,12.0,1.0,0.0,0.0,0.0,0.0,1.0
334,0.35416666250000006,0.7083333250000001,-0.023821395459487252,0.0,2.265625,0.0546875,-0.0546875,2.001765749999322,-349.29754882990704,7.368272463281755e-07,7.410094011913646,0.01937382829121568,12.0,1.0,0.0,0.0,0.0,0.0,1.0
335,0.35416666250000006,0.7083333250000001,-0.02674442529506438,0.0,2.28125,-0.1484375,0.1484375,2.023757666000165,-381.65143014195985,7.368272463281755e-07,7.41605112769387,0.019592890738170932,12.0,1.0,0.0,0.0,0.0,0.0,1.0
336,0.35416666250000006,0.7083333250000001,-0.028602636105788597,0.0,2.2578125,0.140625,-0.140625,1.9734033749555238,-427.37666510301943,7.368272463281755e-07,7.42389869148081,0.019864702163348822,12.0,1.0,0.0,0.0,0.0,0.0,1.0
337,0.35416666250000006,0.7083333250000001,-0.02174118652988712,0.0,2.265625,0.078125,-0.078125,2.007333584013395,-191.20937797034819,7.368272463281755e-07,7.432634218172594,0.02013039581519975,12.0,1.0,0.0,0.0,0.0,0.0,1.0
338,0.35416666250000006,0.7083333250000001,-0.019750461977978095,0.0,2.2890625,0.390625,-0.390625,2.0196577080059797,-486.37290166463856,7.368272463281755e-07,7.441472004760396,0.020403042425062846,12.0,1.0,0.0,0.0,0.0,0.0,1.0
339,0.3333333295833334,0.6666666591666668,-0.027683518896733143,0.0,2.1796875,0.3125,-0.3125,1.9067086250288412,-341.63780512249656,7.368272463281755e-07,7.450145217505368,0.020647330675274134,12.0,1.0,0.0,0.0,0.0,0.0,1.0
340,0.3333333295833334,0.6666666591666668,-0.023651737523520722,0.0,2.1640625,0.34375,-0.34375,1.909974041976966,-488.7610410124747,7.368272463281755e-07,7.914058619075352,0.03948733207976653,12.0,3.0,0.0,0.0,0.0,0.0,1.0
341,0.3333333295833929,0.6666666591667858,-0.029020928304883266,0.0,2.1171875,0.1640625,-0.1640625,1.8670666669495404,-454.7079547455682,7.368272463281755e-07,7.965724640422398,0.039376856720385454,12.0,3.0,0.0,0.0,0.0,0.0,1.0
342,0.33333332958345685,0.6666666591669137,-0.028361426668353708,0.0,2.1015625,-0.2109375,0.2109375,1.859281999990344,-475.9508846310407,7.368272463281755e-07,8.014329963260227,0.03965162317682472,12.0,3.0,0.0,0.0,0.0,0.0,1.0
343,0.3333333295835017,0.6666666591670034,-0.027796212343928754,0.0,2.140625,-0.1875,0.1875,1.8758943749708124,-406.4916605665537,7.368272463281755e-07,8.046134895748562,0.03996809688396752,12.0,3.0,0.0,0.0,0.0,0.0,1.0
344,0.33333332958351225,0.6666666591670245,-0.03154271882280235,0.0,2.15625,0.203125,-0.203125,1.8957600829889998,-553.7747024217551,7.368272463281755e-07,8.074829737345377,0.04034310911730346,12.0,3.0,0.0,0.0,0.0,0.0,1.0
345,0.3333333295835078,0.6666666591670156,-0.029145239473284554,0.0,2.125,-0.0390625,0.0390625,1.864776833972428,-485.0677033267368,7.368272463281755e-07,8.096134583155314,0.04067667656474643,12.0,3.0,0.0,0.0,0.0,0.0,1.0
346,0.33333332958349304,0.6666666591669861,-0.031472062053224725,0.0,2.15625,0.046875,-0.046875,1.890948791988194,-423.29695792187886,7.368272463281755e-07,8.114676303333706,0.04099819245230821,12.0,3.0,0.0,0.0,0.0,0.0,1.0
347,0.33333332958346995,0.6666666591669399,-0.02453651837536902,0.0,2.140625,0.171875,-0.171875,1.899018416996114,-538.9848833487185,7.368272463281755e-07,8.128269645902845,0.04133861690449218,12.0,3.0,0.0,0.0,0.0,0.0,1.0
348,0.3333333295834465,0.666666659166893,-0.036857028838490326,0.0,2.140625,0.3046875,-0.3046875,1.8989612910081632,-638.7148575304712,7.368272463281755e-07,8.136231117778355,0.041678947784627475,12.0,3.0,0.0,0.0,0.0,0.0,1.0
349,0.3333333295834212,0.6666666591668424,-0.027156247675633464,0.0,2.171875,0.1484375,-0.1484375,1.906796250026673,-415.6646584013724,7.368272463281755e-07,8.140753030776978,0.04205353514084385,12.0,3.0,0.0,0.0,0.0,0.0,1.0
350,0.33333332958339223,0.6666666591667845,-0.029333302143255125,0.0,2.125,0.15625,-0.15625,1.8662490000133403,-494.3706586585845,7.368272463281755e-07,8.14499424563514,0.042361288564279675,12.0,3.0,0.0,0.0,0.0,0.0,1.0
351,0.3333333295833608,0.6666666591667216,-0.02675031499530502,0.0,2.1328125,0.0234375,-0.0234375,1.8814742080285214,-542.4564090421349,7.368272463281755e-07,8.154937452740139,0.04238418205123809,12.0,3.0,0.0,0.0,0.0,0.0,1.0
352,0.3333333295833354,0.6666666591666708,-0.021424892389198178,0.0,2.1328125,-0.1484375,0.1484375,1.8789197080186568,-448.7075884263594,7.368272463281755e-07,8.165705389446682,0.042607885358544685,12.0,3.0,0.0,0.0,0.0,0.0,1.0
353,0.3333333295833334,0.6666666591666668,-0.0249488288280039,0.0,2.0859375,0.3125,-0.3125,1.8495003749849275,-689.1388315708003,7.368272463281755e-07,8.178932534323799,0.04292931176152908,12.0,3.0,0.0,0.0,0.0,0.0,1.0
354,0.3333333295833334,0.6666666591666668,-0.032541047922043445,0.0,2.1015625,0.1171875,-0.1171875,1.8399599170079455,-533.9983346506566,7.368272463281755e-07,8.187081615130106,0.043270053380789854,12.0,3.0,0.0,0.0,0.0,0.0,1.0
355,0.3333333295833334,0.6666666591666668,-0.021810531383137412,0.0,2.1328125,0.4453125,-0.4453125,1.8871831250144169,-668.7593259287404,7.368272463281755e-07,8.193427178594801,0.04365027747634384,12.0,3.0,0.0,0.0,0.0,0.0,1.0
356,0.3333333295833334,0.6666666591666668,-0.02718757179487,0.0,2.1875,0.0078125,-0.0078125,1.9316674579749815,-353.6722167423793,7.368272463281755e-07,8.199136230680677,0.04406210689598487,12.0,3.0,0.0,0.0,0.0,0.0,1.0
357,0.3333333295833334,0.6666666591666668,-0.03632937922838489,0.0,2.109375,0.2421875,-0.2421875,1.8526884169550613,-683.2786931709007,7.368272463281755e-07,8.203470362557304,0.04439033826606141,12.0,3.0,0.0,0.0,0.0,0.0,1.0
358,0.3333333295833334,0.6666666591666668,-0.038534368027557574,0.0,2.125,0.234375,-0.234375,1.8772207080037333,-626.7426962501862,7.368272463281755e-07,8.208247873518202,0.04471709436943962,12.0,3.0,0.0,0.0,0.0,0.0,1.0
359,0.3333333295833334,0.6666666591666668,-0.027316448205342757,0.0,2.140625,0.1171875,-0.1171875,1.9059008749900386,-604.0641784946414,7.368272463281755e-07,8.243380255169338,0.04486987111158669,12.0,3.0,0.0,0.0,0.0,0.0,1.0
360,0.3333333295833334,0.6666666591666668,-0.031258324330790954,0.0,2.0859375,0.296875,-0.296875,1.852148332982324,-698.3021368819676,7.368272463281755e-07,8.275918139351738,0.04503503868666788,12.0,3.0,0.0,0.0,0.0,0.0,1.0
361,0.3333333295833334,0.6666666591666668,-0.02539070257602018,0.0,2.140625,0.1796875,-0.1796875,1.9148017090046778,-629.6956000223647,7.368272463281755e-07,8.298773527145386,0.045386806311499744,12.0,3.0,0.0,0.0,0.0,0.0,1.0
362,0.3333333295833334,0.6666666591666668,-0.03383452621843244,0.0,2.109375,0.2890625,-0.2890625,1.8733482080278918,-614.6667624226322,7.368272463281755e-07,8.313088642226326,0.04573924112547603,12.0,3.0,0.0,0.0,0.0,0.0,1.0
363,0.3333333295833334,0.6666666591666668,-0.03938436241353969,0.0,2.1171875,0.1875,-0.1875,1.8679759159567766,-710.8129433494653,7.368272463281755e-07,8.324576536814371,0.046102435819597706,12.0,3.0,0.0,0.0,0.0,0.0,1.0
364,0.3333333295833334,0.6666666591666668,-0.03672273765527337,0.0,2.1171875,0.1953125,-0.1953125,1.8744353340007365,-649.8422668428879,7.368272463281755e-07,8.333053429921469,0.04648858456251522,12.0,3.0,0.0,0.0,0.0,0.0,1.0
365,0.3333333295833476,0.6666666591666952,-0.0384683318134239,0.0,2.140625,0.1484375,-0.1484375,1.8857274579931982,-569.4851236552217,7.368272463281755e-07,8.340075280931261,0.04686081512934632,12.0,3.0,0.0,0.0,0.0,0.0,1.0
366,0.33333332958339135,0.6666666591667827,-0.022859449797288132,0.0,2.203125,0.1328125,-0.1328125,2.0170535840443335,-450.43619290480376,7.368272463281755e-07,8.346705966525608,0.04726063559711394,12.0,3.0,0.0,0.0,0.0,0.0,1.0
367,0.3333333295834242,0.6666666591668484,-0.039715673177908965,0.0,2.1484375,0.21875,-0.21875,1.9102436669636518,-429.4531695556641,7.368272463281755e-07,8.351549016104805,0.0476250716795524,12.0,3.0,0.0,0.0,0.0,0.0,1.0
368,0.33333332958344664,0.6666666591668933,-0.024230922025951923,0.0,2.1484375,0.09375,-0.09375,1.9433159589534625,-859.6669346202503,7.368272463281755e-07,8.356602231661478,0.047936157763211265,12.0,3.0,0.0,0.0,0.0,0.0,1.0
369,0.33333332958346296,0.6666666591669259,-0.023118621648490097,0.0,2.1171875,0.0234375,-0.0234375,1.870096167025622,-738.6653988546111,7.368272463281755e-07,8.359319395489162,0.0482639939032702,12.0,3.0,0.0,0.0,0.0,0.0,1.0
370,0.33333332958346473,0.6666666591669295,-0.030144847348145615,0.0,2.078125,0.1796875,-0.1796875,1.8149450419587083,-757.9320285911847,7.368272463281755e-07,8.317592925495571,0.04879022638003031,12.0,3.0,0.0,0.0,0.0,0.0,1.0
371,0.3333333295834515,0.666666659166903,-0.03547023530603247,0.0,2.1328125,0.0234375,-0.0234375,1.8560244159889407,-450.9207968379988,7.368272463281755e-07,8.294186777538723,0.04922720707125134,12.0,3.0,0.0,0.0,0.0,0.0,1.0
372,0.3333333295834252,0.6666666591668504,-0.043649533163898004,0.0,2.0859375,0.1015625,-0.1015625,1.8364358330145478,-846.5602170322718,7.368272463281755e-07,8.276200824313694,0.049548690362523,12.0,3.0,0.0,0.0,0.0,0.0,1.0
373,0.33333332958339246,0.6666666591667849,-0.026938370595585064,0.0,2.1484375,-0.0390625,0.0390625,1.9406007920042612,-900.0981567244096,7.368272463281755e-07,8.272637870576647,0.04994449585986634,12.0,3.0,0.0,0.0,0.0,0.0,1.0
374,0.33333332958333894,0.6666666591666779,-0.02931261676074559,0.0,2.140625,0.0546875,-0.0546875,1.8702356669818982,-570.331726088141,7.368272463281755e-07,8.270083374447292,0.05034792852691478,12.0,3.0,0.0,0.0,0.0,0.0,1.0
375,0.3333333295833334,0.6666666591666668,-0.02445727535133528,0.0,2.1953125,-0.1796875,0.1796875,1.9370622089481913,-642.0675798192143,7.368272463281755e-07,8.245209574699402,0.0509369190937529,12.0,3.0,0.0,0.0,0.0,0.0,1.0
376,0.3333333295833334,0.6666666591666668,-0.031896924378417034,0.0,2.1015625,0.2734375,-0.2734375,1.854243999987375,-838.2291855227105,7.368272463281755e-07,8.227839880519443,0.05144380097691384,12.0,3.0,0.0,0.0,0.0,0.0,1.0
377,0.3333333295833334,0.6666666591666668,-0.025772190167131476,0.0,2.109375,0.25,-0.25,1.8674592499737628,-660.3470150417752,7.368272463281755e-07,8.223302748468187,0.051779735626445875,12.0,3.0,0.0,0.0,0.0,0.0,1.0
378,0.3333333295833334,0.6666666591666668,-0.045058463422105,0.0,2.078125,0.375,-0.375,1.83826962497551,-663.3807109316489,7.368272463281755e-07,8.222876442803276,0.05208904091786179,12.0,3.0,0.0,0.0,0.0,0.0,1.0
379,0.3333333295833334,0.6666666591666668,-0.026101904626006544,0.0,2.1796875,0.140625,-0.140625,1.9222214160254225,-818.595241457758,7.368272463281755e-07,8.225573870870802,0.052461558745967016,12.0,3.0,0.0,0.0,0.0,0.0,1.0
380,0.3333333295833334,0.6666666591666668,-0.0315074464950959,0.0,2.0703125,0.1015625,-0.1015625,1.8264376660226844,-873.0840599491911,7.368272463281755e-07,8.229105949401855,0.05276975408196449,12.0,3.0,0.0,0.0,0.0,0.0,1.0
381,0.3333333295833334,0.6666666591666668,-0.022310222562832074,0.0,2.1640625,-0.03125,0.03125,1.9084039999870583,-552.6936184163559,7.368272463281755e-07,8.232351740201315,0.05314355232338938,12.0,3.0,0.0,0.0,0.0,0.0,1.0
382,0.3333333295833334,0.6666666591666668,-0.02857452222408397,0.0,2.0859375,0.0703125,-0.0703125,1.835260833031498,-1215.1378574014157,7.368272463281755e-07,8.232979403601753,0.05347361335427397,12.0,3.0,0.0,0.0,0.0,0.0,1.0
383,0.3333333295833334,0.6666666591666668,-0.042006469558258,0.0,2.15625,0.265625,-0.265625,1.8901115839835256,-733.6085547571597,7.368272463281755e-07,8.235505713356865,0.053820846783411175,12.0,3.0,0.0,0.0,0.0,0.0,1.0
384,0.3333333295833334,0.6666666591666668,-0.03159386731698761,0.0,2.1328125,0.1015625,-0.1015625,1.870567083999049,-923.674385867276,7.368272463281755e-07,8.2375185224745,0.05413321346148021,12.0,3.0,0.0,0.0,0.0,0.0,1.0
385,0.3333333295833334,0.6666666591666668,-0.02298369430168864,0.0,2.1171875,0.0859375,-0.0859375,1.848669000028167,-867.1297476230072,7.368272463281755e-07,8.23984564675225,0.05443405305656294,12.0,3.0,0.0,0.0,0.0,0.0,1.0
386,0.3333333295833334,0.6666666591666668,-0.035623285752290186,0.0,2.1953125,-0.1015625,0.1015625,1.924289916001726,-819.9162772643608,7.368272463281755e-07,8.241872549057007,0.054822294481305614,12.0,3.0,0.0,0.0,0.0,0.0,1.0
387,0.3333333295833334,0.6666666591666668,-0.02737561124958159,0.0,2.078125,0.1015625,-0.1015625,1.8184309999924153,-1263.3127069544971,7.368272463281755e-07,8.243337127897474,0.055137246640192136,12.0,3.0,0.0,0.0,0.0,0.0,1.0
388,0.3333333295833334,0.6666666591666668,-0.033521350335059916,0.0,2.1015625,-0.1171875,0.1171875,1.8559927500318736,-942.3186245177315,7.368272463281755e-07,8.245968023935953,0.05545381223782897,12.0,3.0,0.0,0.0,0.0,0.0,1.0
389,0.3333333295833334,0.6666666591666668,-0.029754885181212762,0.0,2.15625,-0.0390625,0.0390625,1.888223125017248,-886.2270155920498,7.368272463281755e-07,8.248355838987562,0.055837812962838344,12.0,3.0,0.0,0.0,0.0,0.0,1.0
390,0.3333333295833347,0.6666666591666695,-0.038626846916154874,0.0,2.0546875,0.1015625,-0.1015625,1.7976914590108208,-804.3686020419625,7.368272463281755e-07,8.249375157886082,0.0561357862316072,12.0,3.0,0.0,0.0,0.0,0.0,1.0
391,0.33333332958333983,0.6666666591666797,-0.035722841845764707,0.0,2.1328125,0.2109375,-0.2109375,1.8622951250290498,-899.3541136102363,7.368272463281755e-07,8.250761297014025,0.05650581204746333,12.0,3.0,0.0,0.0,0.0,0.0,1.0
392,0.33333332958334116,0.6666666591666823,-0.03378396230545996,0.0,2.1484375,-0.015625,0.015625,1.8784345000167377,-748.290049757524,7.368272463281755e-07,8.252727614508736,0.0568750663401766,12.0,3.0,0.0,0.0,0.0,0.0,1.0
393,0.3333333295833403,0.6666666591666806,-0.03321614743847072,0.0,2.109375,0.328125,-0.328125,1.85324429202592,-1072.9725831914832,7.368272463281755e-07,8.255010737313164,0.057274509609366454,12.0,3.0,0.0,0.0,0.0,0.0,1.0
394,0.33333332958333806,0.6666666591666761,-0.04198259566263562,0.0,2.1015625,0.078125,-0.078125,1.8347491660388187,-1053.8941753486718,7.368272463281755e-07,8.256820148891872,0.057612118388836585,12.0,3.0,0.0,0.0,0.0,0.0,1.0
395,0.3333333295833334,0.6666666591666668,-0.03343187027056081,0.0,2.15625,0.1015625,-0.1015625,1.8862538340035826,-856.7646783331166,7.368272463281755e-07,8.25850682788425,0.05799962818208668,12.0,3.0,0.0,0.0,0.0,0.0,1.0
396,0.3333333295833334,0.6666666591666668,-0.03975007502316549,0.0,2.1484375,-0.0546875,0.0546875,1.877385416009929,-1004.7380201859908,7.368272463281755e-07,8.260539876090156,0.05836005648598075,12.0,3.0,0.0,0.0,0.0,0.0,1.0
397,0.3333333295833334,0.6666666591666668,-0.04530334321061172,0.0,2.140625,0.0078125,-0.0078125,1.8872291250154376,-853.7740518611713,7.368272463281755e-07,8.262010521358913,0.058702802233811885,12.0,3.0,0.0,0.0,0.0,0.0,1.0
398,0.3333333295833334,0.6666666591666668,-0.04710519999921519,0.0,2.125,0.0703125,-0.0703125,1.861764041997958,-1324.2009314368752,7.368272463281755e-07,8.263203938802084,0.05904205831595593,12.0,3.0,0.0,0.0,0.0,0.0,1.0
399,0.3333333295833334,0.6666666591666668,-0.042395818177781174,0.0,2.1640625,0.2265625,-0.2265625,1.896931124967523,-1065.9485518114661,7.368272463281755e-07,8.26469283633762,0.059434867981407374,12.0,3.0,0.0,0.0,0.0,0.0,1.0
400,0.3333333295833334,0.6666666591666668,-0.05819403880837831,0.0,2.125,-0.0703125,0.0703125,1.857429958996363,-977.3286212752847,7.368272463281755e-07,8.271585914823744,0.05957847580106722,12.0,3.0,0.0,0.0,0.0,0.0,1.0
401,0.3333333295833334,0.6666666591666668,-0.042210781918440556,0.0,2.09375,0.34375,-0.34375,1.8424814169993624,-1351.6639544643574,7.368272463281755e-07,8.282659689585367,0.05979354933111204,12.0,3.0,0.0,0.0,0.0,0.0,1.0
402,0.3333333295833334,0.6666666591666668,-0.04074924745203882,0.0,2.1171875,0.25,-0.25,1.8536568339914083,-1131.1319639902713,7.368272463281755e-07,8.295836925506592,0.06014564659239517,12.0,3.0,0.0,0.0,0.0,0.0,1.0
403,0.3333333295833334,0.6666666591666668,-0.04262407430752253,0.0,2.140625,-0.03125,0.03125,1.8716975409770384,-991.6847739393694,7.368272463281755e-07,8.305519633822971,0.060543657590945564,12.0,3.0,0.0,0.0,0.0,0.0,1.0
404,0.3333333295833334,0.6666666591666668,-0.033218269431689436,0.0,2.140625,0.0390625,-0.0390625,1.8848172089783475,-982.9679131890736,7.368272463281755e-07,8.313525570763481,0.06091489658380548,12.0,3.0,0.0,0.0,0.0,0.0,1.0
405,0.3333333295833334,0.6666666591666668,-0.05412355082273945,0.0,2.1015625,0.2890625,-0.2890625,1.853203167032916,-1434.9493086151917,7.368272463281755e-07,8.361247910393608,0.06098344958283835,12.0,3.0,0.0,0.0,0.0,0.0,1.0
406,0.3333333295833334,0.6666666591666668,-0.03940033888075228,0.0,2.125,0.1875,-0.1875,1.861103458038997,-1139.9668583308949,7.368272463281755e-07,8.393426126903957,0.06127042638965779,12.0,3.0,0.0,0.0,0.0,0.0,1.0
407,0.3333333295833334,0.6666666591666668,-0.0530558694704256,0.0,2.078125,0.0078125,-0.0078125,1.824073416995816,-1565.2148689614203,7.368272463281755e-07,8.415921714570787,0.061548840151064925,12.0,3.0,0.0,0.0,0.0,0.0,1.0
408,0.3333333295833334,0.6666666591666668,-0.026843332781699154,0.0,2.09375,0.046875,-0.046875,1.8396975829964504,-1527.7578005577202,7.368272463281755e-07,8.434053050147163,0.06185555225238204,12.0,3.0,0.0,0.0,0.0,0.0,1.0
409,0.3333333295833334,0.6666666591666668,-0.0590038964821601,0.0,2.1875,0.1953125,-0.1953125,1.950590833032038,-1049.4965088844299,7.368272463281755e-07,8.44527965121799,0.0622557386652463,12.0,3.0,0.0,0.0,0.0,0.0,1.0
410,0.3333333295833334,0.6666666591666668,-0.047024136392929336,0.0,2.171875,0.21875,-0.21875,1.9069747499888763,-1360.7568676077206,7.368272463281755e-07,8.456321424908108,0.0626028056980835,12.0,3.0,0.0,0.0,0.0,0.0,1.0
411,0.3333333295833334,0.6666666591666668,-0.03980160787299472,0.0,2.1328125,0.0546875,-0.0546875,1.901294958021026,-1149.7240939716717,7.368272463281755e-07,8.46477386686537,0.06290172410404517,12.0,3.0,0.0,0.0,0.0,0.0,1.0
412,0.3333333295833334,0.6666666591666668,-0.04626348726108041,0.0,2.125,0.2265625,-0.2265625,1.8757224169676192,-1247.201961152694,7.368272463281755e-07,8.473916000790066,0.0631602035007543,12.0,3.0,0.0,0.0,0.0,0.0,1.0
413,0.3333333295833334,0.6666666591666668,-0.04376334991256204,0.0,2.140625,0.0,0.0,1.878808458975982,-1313.4572880320306,7.368272463281755e-07,8.482302188873291,0.06346563218782346,12.0,3.0,0.0,0.0,0.0,0.0,1.0
414,0.3333333295833334,0.6666666591666668,-0.054240532792951816,0.0,2.1796875,0.0078125,-0.0078125,1.9146882079658099,-1140.0482432047527,7.368272463281755e-07,8.490240229500664,0.06378588690939876,12.0,3.0,0.0,0.0,0.0,0.0,1.0
415,0.3333333295833334,0.6666666591666668,-0.04412912843763202,0.0,2.1015625,0.2890625,-0.2890625,1.8997254169662483,-1354.0002343131707,7.368272463281755e-07,8.448964145448473,0.06432466405547327,12.0,3.0,0.0,0.0,0.0,0.0,1.0
416,0.3333333295833334,0.6666666591666668,-0.04301543459209727,0.0,2.1015625,0.265625,-0.265625,1.84409783402225,-1388.4726427071157,7.368272463281755e-07,8.424307134416368,0.0647495174780488,12.0,3.0,0.0,0.0,0.0,0.0,1.0
417,0.3333333295833334,0.6666666591666668,-0.04446087065303594,0.0,2.125,0.2109375,-0.2109375,1.8697337500052527,-1053.6116454180549,7.368272463281755e-07,8.41257537735833,0.06503997199858229,12.0,3.0,0.0,0.0,0.0,0.0,1.0
418,0.3333333295833334,0.6666666591666668,-0.04194570995826576,0.0,2.1484375,0.1328125,-0.1328125,1.8924565420020372,-1284.9497832697089,7.368272463281755e-07,8.409599834018284,0.06536899677788217,12.0,3.0,0.0,0.0,0.0,0.0,1.0
419,0.3333333295833334,0.6666666591666668,-0.05174924794501354,0.0,2.125,0.0625,-0.0625,1.8669841249939054,-1549.4166161733515,7.368272463281755e-07,8.406831079059177,0.06567754606819814,12.0,3.0,0.0,0.0,0.0,0.0,1.0
420,0.3333333295833334,0.6666666591666668,-0.04713543463186078,0.0,2.1484375,0.1640625,-0.1640625,1.8932902910164557,-1261.7932250421698,7.368272463281755e-07,8.406793064541286,0.06601745190305842,12.0,3.0,0.0,0.0,0.0,0.0,1.0
421,0.3333333295833334,0.6666666591666668,-0.06522688504878835,0.0,2.1640625,0.203125,-0.203125,1.8939334580209106,-1205.5603963803728,7.368272463281755e-07,8.408472485012478,0.06635983753949404,12.0,3.0,0.0,0.0,0.0,0.0,1.0
422,0.3333333295833334,0.6666666591666668,-0.048953636084704134,0.0,2.1640625,0.109375,-0.109375,1.9102499999571592,-986.2004942911196,7.368272463281755e-07,8.412092129389444,0.06668147077370021,12.0,3.0,0.0,0.0,0.0,0.0,1.0
423,0.3333333295833334,0.6666666591666668,-0.03414077256355837,0.0,2.1328125,0.1171875,-0.1171875,1.8845824589952826,-1273.651717832237,7.368272463281755e-07,8.414757887522379,0.06701217069187099,12.0,3.0,0.0,0.0,0.0,0.0,1.0
424,0.3333333295833334,0.6666666591666668,-0.06326835047843474,0.0,2.125,0.0390625,-0.0390625,1.858561999979429,-1368.6756124215967,7.368272463281755e-07,8.383627653121948,0.06759976807774769,12.0,3.0,0.0,0.0,0.0,0.0,1.0
425,0.3333333295833334,0.6666666591666668,-0.04973623870123931,0.0,2.1484375,0.1328125,-0.1328125,1.8822821659850888,-1119.9816191794655,7.368272463281755e-07,8.371475537618002,0.06808292607052459,12.0,3.0,0.0,0.0,0.0,0.0,1.0
426,0.3333333295833334,0.6666666591666668,-0.05229748762029886,0.0,2.078125,0.15625,-0.15625,1.8242639590171166,-1939.4584704807826,7.368272463281755e-07,8.368592235777113,0.06836490446908607,12.0,3.0,0.0,0.0,0.0,0.0,1.0
427,0.3333333295833334,0.6666666591666668,-0.048361915935558844,0.0,2.1328125,0.078125,-0.078125,1.8683209589798935,-1321.1017159262856,7.368272463281755e-07,8.37016616927253,0.06871890607807371,12.0,3.0,0.0,0.0,0.0,0.0,1.0
428,0.3333333295833334,0.6666666591666668,-0.05247797875766062,0.0,2.1640625,0.03125,-0.03125,1.8971620830125175,-1184.6140969617272,7.368272463281755e-07,8.373346514172024,0.06909230061703259,12.0,3.0,0.0,0.0,0.0,0.0,1.0
429,0.3333333295833334,0.6666666591666668,-0.041024703689726986,0.0,2.046875,0.0234375,-0.0234375,1.8055962080252357,-2213.1321389292943,7.368272463281755e-07,8.376203272077772,0.06933693665390213,12.0,3.0,0.0,0.0,0.0,0.0,1.0
430,0.3333333295833334,0.6666666591666668,-0.053633066693721566,0.0,2.109375,0.078125,-0.078125,1.8342458750121295,-1039.5939545242875,7.368272463281755e-07,8.380665037367079,0.06965848213682573,12.0,3.0,0.0,0.0,0.0,0.0,1.0
431,0.3333333295833334,0.6666666591666668,-0.05108221993182533,0.0,2.1328125,0.1640625,-0.1640625,1.8663982920115814,-1354.8987350463867,7.368272463281755e-07,8.384834633933174,0.07000427232641313,12.0,3.0,0.0,0.0,0.0,0.0,1.0
432,0.3333333295833334,0.6666666591666668,-0.06262730627813734,0.0,2.1171875,0.0546875,-0.0546875,1.8557623749948107,-1423.8822370578441,7.368272463281755e-07,8.389093160629272,0.0703544020652771,12.0,3.0,0.0,0.0,0.0,0.0,1.0
433,0.3333333295833334,0.6666666591666668,-0.04881479969328039,0.0,2.1171875,0.2421875,-0.2421875,1.8463283330202103,-1848.1720679026248,7.368272463281755e-07,8.394095791710747,0.0706771083900498,12.0,3.0,0.0,0.0,0.0,0.0,1.0
434,0.3333333295833334,0.6666666591666668,-0.05107873971042292,0.0,2.109375,-0.15625,0.15625,1.8470187090570107,-1241.7195910135904,7.368272463281755e-07,8.399395677778456,0.07096273038122389,12.0,3.0,0.0,0.0,0.0,0.0,1.0
435,0.3333333295833334,0.6666666591666668,-0.0637211697293351,0.0,2.1171875,0.15625,-0.15625,1.849346000002697,-1343.5208021213207,7.368272463281755e-07,8.405055072572496,0.07128059025853872,12.0,3.0,0.0,0.0,0.0,0.0,1.0
436,0.3333333295833334,0.6666666591666668,-0.05657650446880177,0.0,2.140625,0.2265625,-0.2265625,1.8895012919674627,-1497.5136150722085,7.368272463281755e-07,8.410279088550144,0.07162318689127763,12.0,3.0,0.0,0.0,0.0,0.0,1.0
437,0.3333333295833334,0.6666666591666668,-0.057443600290849,0.0,2.1171875,0.0234375,-0.0234375,1.8637621670495719,-1820.0409829115076,7.368272463281755e-07,8.415796597798666,0.07192490803491738,12.0,3.0,0.0,0.0,0.0,0.0,1.0
438,0.3333333295833334,0.6666666591666668,-0.054367474324000666,0.0,2.1796875,0.296875,-0.296875,1.9050065420451574,-1093.4177467865757,7.368272463281755e-07,8.42117272482978,0.07230741447872585,12.0,3.0,0.0,0.0,0.0,0.0,1.0
439,0.3333333295833334,0.6666666591666668,-0.05170348855523738,0.0,2.1640625,0.125,-0.125,1.8861804580083117,-1512.7001232326245,7.368272463281755e-07,8.426853709750706,0.07264004420075151,12.0,3.0,0.0,0.0,0.0,0.0,1.0
440,0.3333333295833334,0.6666666591666668,-0.060427233483337575,0.0,2.15625,0.2890625,-0.2890625,1.8785897080088034,-1736.9387760991635,7.368272463281755e-07,8.431699540879992,0.07296414259407255,12.0,3.0,0.0,0.0,0.0,0.0,1.0
441,0.3333333295833334,0.6666666591666668,-0.06242970139712625,0.0,2.1796875,0.234375,-0.234375,1.9078217500355095,-1874.9902146588945,7.368272463281755e-07,8.437307596206665,0.07330348332309061,12.0,3.0,0.0,0.0,0.0,0.0,1.0
442,0.3333333295833334,0.6666666591666668,-0.054669304214687436,0.0,2.1328125,0.1328125,-0.1328125,1.8715859589865431,-1881.8508686163486,7.368272463281755e-07,8.442659987343681,0.07361346152093676,12.0,3.0,0.0,0.0,0.0,0.0,1.0
443,0.3333333295833334,0.6666666591666668,-0.06580827542556564,0.0,2.09375,0.140625,-0.140625,1.8452699580229819,-1463.3632198447613,7.368272463281755e-07,8.447908560434977,0.07386987408002217,12.0,3.0,0.0,0.0,0.0,0.0,1.0
444,0.3333333295833334,0.6666666591666668,-0.04818258587840665,0.0,2.125,0.0546875,-0.0546875,1.8615533339907415,-1425.2126061776105,7.368272463281755e-07,8.453858825895521,0.0741561988575591,12.0,3.0,0.0,0.0,0.0,0.0,1.0
445,0.3333333295833334,0.6666666591666668,-0.06376180883163501,0.0,2.125,0.203125,-0.203125,1.8628125420073047,-1454.7153844868435,7.368272463281755e-07,8.459611495335897,0.07447477259362738,12.0,3.0,0.0,0.0,0.0,0.0,1.0
446,0.3333333295833334,0.6666666591666668,-0.06027498928917614,0.0,2.1171875,0.2109375,-0.2109375,1.856038083031308,-2088.758469314153,7.368272463281755e-07,8.46509125497606,0.07480018679052591,12.0,3.0,0.0,0.0,0.0,0.0,1.0
447,0.3333333295833334,0.6666666591666668,-0.05194262132053582,0.0,2.09375,0.0,0.0,1.857891625026241,-3087.5026594987557,7.368272463281755e-07,8.470183028115166,0.07508298884042436,12.0,3.0,0.0,0.0,0.0,0.0,1.0
448,0.3333333295833334,0.6666666591666668,-0.0428241240969106,0.0,2.125,-0.0390625,0.0390625,1.8598604170256294,-1721.4124159111695,7.368272463281755e-07,8.48748615052965,0.07501806696462962,12.0,3.0,0.0,0.0,0.0,0.0,1.0
449,0.3333333295833334,0.6666666591666668,-0.04404138776550268,0.0,2.140625,0.3203125,-0.3203125,1.8760120410006493,-2344.2740528287677,7.368272463281755e-07,8.512327008777195,0.07513727630592054,12.0,3.0,0.0,0.0,0.0,0.0,1.0
450,0.3333333295833334,0.6666666591666668,-0.07098312600811534,0.0,2.109375,0.25,-0.25,1.8473110829945654,-1388.2904727229366,7.368272463281755e-07,8.53532854715983,0.07541019174580772,12.0,3.0,0.0,0.0,0.0,0.0,1.0
451,0.3333333295833334,0.6666666591666668,-0.058698450051145774,0.0,2.0703125,0.328125,-0.328125,1.8166261250153184,-2270.5119587016557,7.368272463281755e-07,8.553728050655788,0.07566189564143617,12.0,3.0,0.0,0.0,0.0,0.0,1.0
452,0.3333333295833334,0.6666666591666668,-0.0670802640657309,0.0,2.1328125,-0.0078125,0.0078125,1.8801756670000032,-1677.6975275535724,7.368272463281755e-07,8.618201520707872,0.07562759973936611,12.0,3.0,0.0,0.0,0.0,0.0,1.0
453,0.3333333295833334,0.6666666591666668,-0.05689198953684409,0.0,2.1171875,0.1640625,-0.1640625,1.8533138750353828,-1653.6515792902985,7.368272463281755e-07,8.675581799613106,0.075670067841808,12.0,3.0,0.0,0.0,0.0,0.0,1.0
454,0.3333333295833334,0.6666666591666668,-0.053524959683279937,0.0,2.1015625,-0.109375,0.109375,1.8414237919496372,-1897.7432972507406,7.368272463281755e-07,8.720553212695652,0.07593627155034079,12.0,3.0,0.0,0.0,0.0,0.0,1.0
455,0.3333333295833334,0.6666666591666668,-0.06763592785077867,0.0,2.109375,0.1875,-0.1875,1.8458454579813406,-2539.304523976644,7.368272463281755e-07,8.757487694422403,0.07621023943647742,12.0,3.0,0.0,0.0,0.0,0.0,1.0
456,0.3333333295833334,0.6666666591666668,-0.05276533695799339,0.0,2.1328125,-0.09375,0.09375,1.873557124985382,-1910.6022376315498,7.368272463281755e-07,8.716547118292915,0.07680598770578702,12.0,3.0,0.0,0.0,0.0,0.0,1.0
457,0.3333333295833334,0.6666666591666668,-0.07330412423220908,0.0,2.1015625,0.0546875,-0.0546875,1.8444410410011187,-1679.4868190439217,7.368272463281755e-07,8.681379079818726,0.07732781084875266,12.0,3.0,0.0,0.0,0.0,0.0,1.0
458,0.3333333295833334,0.6666666591666668,-0.050881457407872595,0.0,2.1171875,0.265625,-0.265625,1.8560533330310136,-2649.1356644859175,7.368272463281755e-07,8.661665227678087,0.07760653613756101,12.0,3.0,0.0,0.0,0.0,0.0,1.0
459,0.3333333295833334,0.6666666591666668,-0.06591558161433911,0.0,2.109375,-0.0859375,0.0859375,1.8495975830010138,-2393.0295177601,7.368272463281755e-07,8.656573984358046,0.0778723806142807,12.0,3.0,0.0,0.0,0.0,0.0,1.0
460,0.3333333295833334,0.6666666591666668,-0.051793875201845974,0.0,2.1328125,-0.15625,0.15625,1.9171337080188096,-1205.6190378936656,7.368272463281755e-07,8.656004031499227,0.07811513760437568,12.0,3.0,0.0,0.0,0.0,0.0,1.0
461,0.3333333295833334,0.6666666591666668,-0.06902339387065598,0.0,2.0703125,0.125,-0.125,1.8248505420051515,-2214.642869942143,7.368272463281755e-07,8.657209979163277,0.07837379144297706,12.0,3.0,0.0,0.0,0.0,0.0,1.0
462,0.3333333295833334,0.6666666591666668,-0.05493786030612583,0.0,2.140625,0.140625,-0.140625,1.8768520830199122,-2535.944833128992,7.368272463281755e-07,8.660728851954142,0.07867880507061879,12.0,3.0,0.0,0.0,0.0,0.0,1.0
463,0.3333333295833334,0.6666666591666668,-0.05269251452816682,0.0,2.1015625,-0.078125,0.078125,1.8643684589769691,-1692.1949003141608,7.368272463281755e-07,8.666117297278511,0.0789247702082826,12.0,3.0,0.0,0.0,0.0,0.0,1.0
464,0.3333333295833334,0.6666666591666668,-0.03602307505403332,0.0,2.0625,0.15625,-0.15625,1.8064559579943307,-2581.5370427044954,7.368272463281755e-07,8.672445005840725,0.07913331899584995,12.0,3.0,0.0,0.0,0.0,0.0,1.0
465,0.3333333295833334,0.6666666591666668,-0.0520340213923053,0.0,2.125,0.15625,-0.15625,1.855578833958134,-1217.2236807206098,7.368272463281755e-07,8.679852830039131,0.07939159896017776,12.0,3.0,0.0,0.0,0.0,0.0,1.0
466,0.3333333295833334,0.6666666591666668,-0.07053956671753825,0.0,2.1171875,-0.046875,0.046875,1.8617652500397526,-3032.1212335565433,7.368272463281755e-07,8.686738808949789,0.0796339162107971,12.0,3.0,0.0,0.0,0.0,0.0,1.0
467,0.3333333295833334,0.6666666591666668,-0.053237183727029104,0.0,2.1953125,0.0078125,-0.0078125,1.9197057080455124,-1316.7523133084444,7.368272463281755e-07,8.694227430555555,0.07991912495344877,12.0,3.0,0.0,0.0,0.0,0.0,1.0
468,0.3333333295833334,0.6666666591666668,-0.07278160319094604,0.0,2.1015625,0.2734375,-0.2734375,1.8609021669835784,-2225.64501692194,7.368272463281755e-07,8.702326191796196,0.08014198289149338,12.0,3.0,0.0,0.0,0.0,0.0,1.0
469,0.3333333295833334,0.6666666591666668,-0.06248585384105688,0.0,2.125,0.1328125,-0.1328125,1.8596597079886124,-1186.3713649020476,7.368272463281755e-07,8.710108306672838,0.08035971265700129,12.0,3.0,0.0,0.0,0.0,0.0,1.0
470,0.3333333295833334,0.6666666591666668,-0.06081819797100732,0.0,2.1171875,0.078125,-0.078125,1.8564259999548085,-2304.3904058590147,7.368272463281755e-07,8.717154105504354,0.0805912311706278,12.0,3.0,0.0,0.0,0.0,0.0,1.0
471,0.3333333295833334,0.6666666591666668,-0.06022129042565505,0.0,2.1328125,0.0234375,-0.0234375,1.89021658297861,-2453.160148033729,7.368272463281755e-07,8.665926376978556,0.0812514228746295,12.0,3.0,0.0,0.0,0.0,0.0,1.0
472,0.3333333295833334,0.6666666591666668,-0.07032348916146008,0.0,2.125,0.4765625,-0.4765625,1.860129750042688,-2101.000244869905,7.368272463281755e-07,8.63965235816108,0.08179479195839828,12.0,3.0,0.0,0.0,0.0,0.0,1.0
473,0.3333333295833334,0.6666666591666668,-0.058860563363456686,0.0,2.09375,-0.2421875,0.2421875,1.845275291998405,-2397.8341210208723,7.368272463281755e-07,8.634301529990303,0.082002443054484,12.0,3.0,0.0,0.0,0.0,0.0,1.0
474,0.3333333295833334,0.6666666591666668,-0.06358398322093924,0.0,2.1328125,0.125,-0.125,1.8635425830143504,-2010.396747966389,7.368272463281755e-07,8.635090668996176,0.08225950991941823,12.0,3.0,0.0,0.0,0.0,0.0,1.0
475,0.3333333295833334,0.6666666591666668,-0.06733082093182081,0.0,2.1328125,-0.015625,0.015625,1.8635185830062255,-1948.2266036931412,7.368272463281755e-07,8.639357037014431,0.08251617176251279,12.0,3.0,0.0,0.0,0.0,0.0,1.0
476,0.3333333295833334,0.6666666591666668,-0.056006530071861585,0.0,2.1015625,-0.28125,0.28125,1.831485166971106,-2040.39490602628,7.368272463281755e-07,8.644263320498997,0.08271924188981454,12.0,3.0,0.0,0.0,0.0,0.0,1.0
477,0.3333333295833334,0.6666666591666668,-0.0502553704780514,0.0,2.109375,0.1796875,-0.1796875,1.8489662919891998,-2699.324058532715,7.368272463281755e-07,8.651039944754707,0.08296227641403675,12.0,3.0,0.0,0.0,0.0,0.0,1.0
478,0.3333333295833334,0.6666666591666668,-0.06758687635175183,0.0,2.125,0.125,-0.125,1.8582511660060845,-2460.523848701926,7.368272463281755e-07,8.657037470075819,0.0832200384595328,12.0,3.0,0.0,0.0,0.0,0.0,1.0
479,0.3333333295833334,0.6666666591666668,-0.0591254905703948,0.0,2.1171875,0.0625,-0.0625,1.868369417032227,-2445.651156886477,7.368272463281755e-07,8.664022127787272,0.08341690246015787,12.0,3.0,0.0,0.0,0.0,0.0,1.0
480,0.3333333295833334,0.6666666591666668,-0.07675880574977818,0.0,2.125,0.0859375,-0.0859375,1.8607253329828382,-2918.7409804288077,7.368272463281755e-07,8.670325915018717,0.08365192823112011,12.0,3.0,0.0,0.0,0.0,0.0,1.0
481,0.3333333295833334,0.6666666591666668,-0.049219552288514455,0.0,2.109375,-0.015625,0.015625,1.858451874984894,-2748.777258244267,7.368272463281755e-07,8.676718552907309,0.08387798774573538,12.0,3.0,0.0,0.0,0.0,0.0,1.0
482,0.3333333295833334,0.6666666591666668,-0.07754402148122248,0.0,2.1015625,0.0078125,-0.0078125,1.838005208002869,-2579.2689790406635,7.368272463281755e-07,8.682936668395996,0.0840975565628873,12.0,3.0,0.0,0.0,0.0,0.0,1.0
483,0.3333333295833334,0.6666666591666668,-0.060583616503868044,0.0,2.1015625,-0.078125,0.078125,1.8338382499641739,-2243.272169829301,7.368272463281755e-07,8.689925220277575,0.08432262028670973,12.0,3.0,0.0,0.0,0.0,0.0,1.0
484,0.3333333295833334,0.6666666591666668,-0.053509621212201756,0.0,2.1171875,0.34375,-0.34375,1.8612656249897555,-3164.864959491575,7.368272463281755e-07,8.69758258925544,0.08457858281003104,12.0,3.0,0.0,0.0,0.0,0.0,1.0
485,0.3333333295833334,0.6666666591666668,-0.06375972613883943,0.0,2.125,0.1640625,-0.1640625,1.861732374993153,-2831.6183496363024,7.368272463281755e-07,8.704661793178982,0.08483523885822958,12.0,3.0,0.0,0.0,0.0,0.0,1.0
486,0.3333333295833334,0.6666666591666668,-0.09719886062883346,0.0,2.140625,0.28125,-0.28125,1.873020916013047,-2026.157745584084,7.368272463281755e-07,8.711371077431572,0.08509515826072958,12.0,3.0,0.0,0.0,0.0,0.0,1.0
487,0.3333333295833334,0.6666666591666668,-0.06609506230794897,0.0,2.0546875,0.2578125,-0.2578125,1.7926258340012282,-3443.6816196804266,7.368272463281755e-07,8.718432399961683,0.08529133691142003,12.0,3.0,0.0,0.0,0.0,0.0,1.0
488,0.3333333295833334,0.6666666591666668,-0.054954692244493314,0.0,2.1640625,0.3203125,-0.3203125,1.89331754099112,-2657.1335595196333,7.368272463281755e-07,8.72678213649326,0.08557728201978737,12.0,3.0,0.0,0.0,0.0,0.0,1.0
489,0.3333333295833334,0.6666666591666668,-0.05913733049551275,0.0,2.125,0.234375,-0.234375,1.857486416993197,-2933.1112811144662,7.368272463281755e-07,8.733547475602892,0.08584054331812593,12.0,3.0,0.0,0.0,0.0,0.0,1.0
490,0.3333333295833334,0.6666666591666668,-0.07011757730602497,0.0,2.1328125,0.2578125,-0.2578125,1.8801140420255251,-3716.2940388773823,7.368272463281755e-07,8.740630626678467,0.0861179849339856,12.0,3.0,0.0,0.0,0.0,0.0,1.0
491,0.3333333295833334,0.6666666591666668,-0.07467278479563093,0.0,2.1640625,-0.109375,0.109375,1.8844579170108773,-1726.9634927136804,7.368272463281755e-07,8.747263722949558,0.08639097172353002,12.0,3.0,0.0,0.0,0.0,0.0,1.0
492,0.3333333295833334,0.6666666591666668,-0.06115946001547339,0.0,2.0390625,0.140625,-0.140625,1.7904069580254145,-4287.350107244148,7.368272463281755e-07,8.755008353127373,0.08659847349756294,12.0,3.0,0.0,0.0,0.0,0.0,1.0
493,0.3333333295833334,0.6666666591666668,-0.08194565149205757,0.0,2.15625,0.1484375,-0.1484375,1.8850971250212751,-2431.8346507860265,7.368272463281755e-07,8.76234942012363,0.08688434451404545,12.0,3.0,0.0,0.0,0.0,0.0,1.0
494,0.3333333295833334,0.6666666591666668,-0.06907590673809556,0.0,2.0859375,0.3125,-0.3125,1.8460841669584624,-2988.465173785606,7.368272463281755e-07,8.793557484944662,0.08644867957466179,12.0,3.0,0.0,0.0,0.0,0.0,1.0
495,0.3333333295833334,0.6666666591666668,-0.08836454030607742,0.0,2.1171875,-0.046875,0.046875,1.851398041995708,-2459.911836124434,7.368272463281755e-07,8.829731596840752,0.08642472802764839,12.0,3.0,0.0,0.0,0.0,0.0,1.0
496,0.3333333295833334,0.6666666591666668,-0.07972826903391006,0.0,2.1484375,0.3046875,-0.3046875,1.8731505000032485,-1832.05251953125,7.368272463281755e-07,8.875694884194267,0.08668260421189997,12.0,3.0,0.0,0.0,0.0,0.0,1.0
497,0.3333333295833334,0.6666666591666668,-0.07883248122284588,0.0,2.1328125,0.390625,-0.390625,1.862826041993685,-2453.0530886248353,7.368272463281755e-07,8.907498253716362,0.08695829711440536,12.0,3.0,0.0,0.0,0.0,0.0,1.0
498,0.3333333295833334,0.6666666591666668,-0.08574264054131794,0.0,2.109375,0.03125,-0.03125,1.8494666669867001,-2782.049953375922,7.368272463281755e-07,8.92776272031996,0.08719095856779152,12.0,3.0,0.0,0.0,0.0,0.0,1.0
499,0.3333333295833334,0.6666666591666668,-0.0629021823336414,0.0,2.1328125,0.1171875,-0.1171875,1.8666373339947313,-2672.552954649314,7.368272463281755e-07,8.948799027336968,0.08745326350132625,12.0,3.0,0.0,0.0,0.0,0.0,1.0
500,0.3333333295833334,0.6666666591666668,-0.07652282398022851,0.0,2.140625,0.1875,-0.1875,1.8674004169879481,-2380.6767961265396,7.368272463281755e-07,8.963103930155436,0.08771505330999692,12.0,3.0,0.0,0.0,0.0,0.0,1.0
