iteration,exploitability,nash_conv,actor_loss,average_lambda,mean_episode_length,mean_return_player0,mean_return_player1,wall_time_sec,scheduler_loss,gate_entropy,gate_regret_norm,gate_avg_utility,handoff_frozen_clusters,handoff_missing_clusters,gate_prob_actor,gate_prob_regret,gate_prob_ra,gate_prob_explore,gate_prob_cfr
1,0.45833332750000005,0.9166666550000001,0.0,0.21931509168384827,2.28125,-0.0625,0.0625,2.075295833987184,0.00026864897662475515,1.606772682029907,0.0,0.0,0.0,0.0,0.2042096811410499,0.21931509168384827,0.18424659339736585,0.2079093308277326,0.18431931943313717
2,0.34557760397118154,0.6911552079423631,-1.8953241783003645e-05,0.21481975708922293,2.28125,0.1328125,-0.1328125,1.9748418749659322,0.00016550013728416685,1.607794753084444,7.765971700677079e-10,2.027083554517674e-12,0.0,0.0,0.20322639979932405,0.21481975708922293,0.18854550603930265,0.20597285338460583,0.18743548741283483
3,0.3428678891482284,0.6857357782964568,-0.00015857698627499067,0.20981289684772492,2.34375,0.0546875,-0.0546875,2.103064750030171,-0.12734924376631776,1.6085967322190602,0.01702355872651277,-3.918324079347594e-06,0.0,0.0,0.2022144233683745,0.20981289684772492,0.19253599857290585,0.2042674934864044,0.19116919274131458
4,0.2834048310576143,0.5668096621152287,-6.965771762620919e-05,0.21500616048423338,2.21875,0.0390625,-0.0390625,1.9407503330148757,-0.13364051636570776,1.6082632688569352,0.03499183124222327,-9.402836010548773e-06,0.0,0.0,0.20065863288834063,0.21500616048423338,0.19122620567049778,0.20280935562832256,0.19029965047055566
5,0.31714671796232236,0.6342934359246447,-0.00023328033577559704,0.22044422234251737,2.2734375,0.109375,-0.109375,1.9354276250232942,-0.2055187094316552,1.6077352536912637,0.057111187988387734,-1.8905021942572375e-05,0.0,0.0,0.1993793586070595,0.22044422234251737,0.18956440871523828,0.2007915540454314,0.18982046468765876
6,0.3139536621776183,0.6279073243552366,-0.00025116371128529937,0.22710734127211746,2.140625,0.171875,-0.171875,1.8341641669976525,-0.2109464427157149,1.606819201559916,0.07777991358792254,-2.92288980734412e-05,0.0,0.0,0.19740326805923977,0.22710734127211746,0.1877894532615251,0.1991463359581293,0.18855361368534337
7,0.35597817469695203,0.7119563493939041,-4.833260952219539e-06,0.23279574477342585,2.2578125,-0.078125,0.078125,2.013307542016264,-0.20439891126586904,1.6058460086274724,0.10365246892130624,-4.684417387560794e-05,0.0,0.0,0.19566088105361767,0.23279574477342585,0.18635074232276336,0.19731131866316481,0.18788132215866168
8,0.31969328877876235,0.6393865775575247,-0.0003602502263999005,0.2395666166611597,2.203125,0.09375,-0.09375,1.9585995000088587,-0.19652522863252153,1.6044333606747025,0.12788506123858193,-6.952587139726536e-05,0.0,0.0,0.19360410105040732,0.2395666166611597,0.18440759345783408,0.19529530881567203,0.18712638846948637
9,0.311607086837549,0.623214173675098,-0.0002654801002752086,0.24616057912580372,2.1640625,-0.0625,0.0625,1.8553433750057593,-0.1557674211002752,1.602803237601738,0.14998435954233477,-9.456279621720878e-05,0.0,0.0,0.19140619222437863,0.24616057912580372,0.18257843001009325,0.19327837712928275,0.18657643463637424
10,0.31752493500443824,0.6350498700088765,4.6350030917063955e-05,0.2530073586770957,2.171875,0.0703125,-0.0703125,1.8862743329955265,-0.22129802010524616,1.6008435869388442,0.17551904124654052,-0.00012634058300638648,1.0,0.0,0.18919113235507937,0.2530073586770957,0.18026026091772876,0.191276171867796,0.18626509510355888
11,0.303123919506468,0.606247839012936,-0.00020821099423382433,0.24933942206073226,2.2265625,0.2265625,-0.2265625,1.9279974999953993,-0.26034926861001734,1.5370838462221013,0.19507656199857593,-0.00016019524592654952,1.0,0.0,0.17944621658116056,0.24933942206073226,0.17141772989641157,0.18237545071986683,0.21742119088507536
12,0.26998471670228574,0.5399694334045715,-3.021168988196451e-05,0.2550318249340715,2.265625,0.125,-0.125,1.933214290998876,-0.30023601383998477,1.5244640816295616,0.21883402260330817,-0.0001989176360742325,1.0,0.0,0.1760977505609907,0.2550318249340715,0.16812320947647094,0.1789442720084355,0.22180295005954545
13,0.2708191747394193,0.5416383494788386,-0.00010395548701160188,0.2633660719713149,2.1640625,0.0234375,-0.0234375,1.9321626250166446,-0.2594831843964675,1.5298346027099288,0.24422040989156812,-0.0002441567396923953,1.0,0.0,0.17443712545215867,0.2633660719713149,0.16696629229435422,0.17772969533605265,0.21750082559749107
14,0.2918298796670294,0.5836597593340588,-0.0003580271588120454,0.27482812596218925,2.1875,0.2109375,-0.2109375,1.8640243749832734,-0.3247919182027025,1.5438320787666693,0.2733600390686964,-0.0003005104087681805,1.0,0.0,0.173671467974782,0.27482812596218925,0.16661635504237243,0.17740816591041428,0.2074758929865701
15,0.3039655660852088,0.6079311321704176,-0.0007913296877032647,0.28661448538521705,2.1328125,0.046875,-0.046875,1.872433083015494,-0.39976248277467247,1.5494854751898384,0.30135865963529795,-0.0003609922626803079,1.0,0.0,0.17204305071097153,0.28661448538521705,0.16531590484219155,0.17523212992882992,0.20079443682899406
16,0.31095015111616275,0.6219003022323255,-0.0006710829653986921,0.29966691805605306,2.2265625,0.265625,-0.265625,1.9422609159955755,-0.46110002460579075,1.556250780809896,0.33727472892496735,-0.00045298042433235725,1.0,0.0,0.17000230425282528,0.29966691805605306,0.163819433879434,0.17366396131222708,0.19284739876002596
17,0.3245176958956023,0.6490353917912046,-0.00029059414583549773,0.31085135389827057,2.1796875,0.1640625,-0.1640625,1.8879053330165334,-0.5571030395499373,1.5427308552174477,0.36430669226683676,-0.0005394369738193442,1.0,0.0,0.16548630921003213,0.31085135389827057,0.16019572413736774,0.16928443515599842,0.19418218977562415
18,0.2863393282998083,0.5726786565996166,-0.0012727820757018897,0.32511994971411073,2.140625,0.5625,-0.5625,1.8988570419605821,-0.5688504794558144,1.5393141924568423,0.39027414765829843,-0.0006336547068409951,1.0,0.0,0.16240624697321523,0.32511994971411073,0.1576654619000254,0.16555433013360865,0.1892540274854124
19,0.2982961136686483,0.5965922273372966,-0.0004861639902480029,0.343166422223513,2.1015625,0.28125,-0.28125,1.827371541003231,-0.539227025971149,1.5391514901166112,0.41596150991972536,-0.0007283248469605041,1.0,0.0,0.15920748675179747,0.343166422223513,0.15489786231828,0.1619496410885708,0.18077859553927383
20,0.3195358227538303,0.6390716455076606,-0.0010295265135686332,0.3585208510791046,2.15625,0.015625,-0.015625,1.8316482089576311,-0.6729893753190349,1.5139475899864883,0.4479596959038948,-0.0008565079888285254,1.0,0.0,0.15283464586389237,0.3585208510791046,0.1491505563043166,0.1557043332984482,0.18378962873332744
21,0.32094413426475255,0.6418882685295051,-0.0014013423369407248,0.3748203789013146,2.140625,0.0625,-0.0625,1.8325986249838024,-0.9165067031170602,1.4858156160219436,0.4742250068035598,-0.0009949066025380187,1.0,0.0,0.14635343800713546,0.3748203789013146,0.14355601696637424,0.14878514545024746,0.18648503481471626
22,0.32627946656137097,0.6525589331227419,-0.001176298272743222,0.39523700084066565,2.1640625,0.234375,-0.234375,1.8614847909775563,-1.142813741969153,1.4665096348742412,0.5110617903216431,-0.0011868776410513722,1.0,0.0,0.140569503395566,0.39523700084066565,0.13794984353793657,0.14296298326137694,0.18328067907787832
23,0.303348869676027,0.606697739352054,-0.0016702675109423316,0.41058474831970027,2.203125,-0.2734375,0.2734375,1.912948542041704,-1.357974286012827,1.4029807585149852,0.5438652577189108,-0.0013886350924773676,1.0,0.0,0.13034488398132596,0.41058474831970027,0.12840481221358827,0.13219402603646543,0.1984715425270669
24,0.3233543106259844,0.6467086212519688,-0.0014905400471890288,0.4460345038345882,2.1875,-0.171875,0.171875,1.866937999962829,-1.437840675296528,1.39581853596127,0.5840658520658811,-0.0016268086928903358,1.0,0.0,0.12541031558066607,0.4460345038345882,0.12417756768741778,0.12680420777095217,0.17757340765425136
25,0.3354879416922648,0.6709758833845296,-0.0017643542551104689,0.48263609592234613,2.1640625,0.28125,-0.28125,1.8484322499716654,-1.4720180933716764,1.3696948285157822,0.6299752835184336,-0.0019103513744388085,1.0,0.0,0.11853592638397045,0.48263609592234613,0.11792714928784526,0.11952051358963178,0.16138032659726884
26,0.27754213132861116,0.5550842626572223,-0.0016027328838864958,0.5052402184842384,2.28125,0.203125,-0.203125,1.9379282919690013,-1.0544694019944012,1.2886139681777966,0.6795112941763364,-0.002239768249789146,1.0,0.0,0.1065313499931195,0.5052402184842384,0.10684137122884188,0.10797573776583966,0.1734113287282725
27,0.2401015779183503,0.4802031558367006,-0.0009796890724180314,0.5488745753254209,2.1875,0.046875,-0.046875,1.8724727500230074,-1.0010423469057839,1.2548687156893035,0.7287583521877726,-0.0025697092111537736,1.0,0.0,0.09926334930849927,0.5488745753254209,0.10035063294427736,0.10054353848099709,0.15096791639391866
28,0.2777914632235639,0.5555829264471278,-0.002822624193853891,0.5940177783754919,2.1171875,-0.0390625,0.0390625,1.8245367499766871,-0.8914311589893105,1.2002084051655755,0.7822324226920804,-0.0029175201016187202,1.0,0.0,0.09069104638376799,0.5940177783754919,0.09216234096191905,0.09110492393649372,0.1320239216969022
29,0.31376110731542955,0.6275222146308591,-0.003955977062765684,0.6385180126945927,2.0703125,-0.0078125,0.0078125,1.778915208997205,-0.7228016366075092,1.1330483503440236,0.812116026567916,-0.003038353364293774,3.0,0.0,0.08139959753684278,0.6385180126945927,0.08302496706820883,0.08133014436319189,0.1157272884305918
30,0.32091003207999025,0.6418200641599805,-0.002401702677075283,0.6577277261959878,2.078125,-0.09375,0.09375,1.7831573329749517,-1.6357633009118806,1.019157603185674,0.8671049368567765,-0.003160334522059808,4.0,0.0,0.06945852372319178,0.6577277261959878,0.07099926326059758,0.06881162955572731,0.13300287645114095
31,0.32068004219681623,0.6413600843936325,-0.004234044600336899,0.6888683329929005,2.0625,-0.0390625,0.0390625,1.7825118330074474,-1.907156684636103,0.9182059572286742,0.9262650130161395,-0.0034098908108717296,5.0,0.0,0.05885404042165839,0.6888683329929005,0.060295992784879425,0.058033258470734865,0.13394838639281012
32,0.3251588056810679,0.6503176113621358,-0.005354776470387717,0.6488759458744934,2.0546875,0.09375,-0.09375,1.7799752499558963,-2.2761089082890518,0.7438943318347253,1.0027190392526488,-0.0038848645987551813,8.0,0.0,0.04485694503149606,0.6488759458744934,0.046105820756448083,0.044186505910448245,0.2159747949911161
33,0.37364101322645416,0.7472820264529083,-0.0030487097937797274,0.24490625613419584,2.015625,-0.078125,0.078125,1.7458925420069136,-2.512188990860311,0.2594891752055556,1.397267064700524,-0.005802528344146494,8.0,3.0,0.015258988885338916,0.24490625613419584,0.015569010836093924,0.014671366055344427,0.7095943810923617
34,0.34083077304218745,0.6816615460843749,-0.003769284290592899,0.24088327592190314,2.1015625,-0.0546875,0.0546875,1.8677373750251718,-1.6757024798462632,0.20982427330328954,1.5247914352350764,-0.006397069887801384,8.0,3.0,0.01147523418512043,0.24088327592190314,0.011682776595746274,0.010953059752357493,0.725005665565512
35,0.33655108561070257,0.6731021712214051,-0.005322317085277394,0.31548695751533656,2.0390625,0.0859375,-0.0859375,1.7980367499985732,-2.494590689258657,0.2209787172867256,1.617882611023055,-0.006857886265303629,9.0,3.0,0.011077736836226508,0.31548695751533656,0.011478573476388993,0.010606033099508376,0.651350697366899
36,0.3387561579236832,0.6775123158473664,-0.0037109606890438876,0.11887150726723394,2.0234375,-0.21875,0.21875,1.7572140420088544,-2.651376009084065,0.07140531021375225,1.7267367868787713,-0.007820309957120722,9.0,3.0,0.003395219164465385,0.11887150726723394,0.0034021632997570813,0.003157108511531215,0.8711739977728216
37,0.33728745286686557,0.6745749057337311,-0.006214914580501535,0.17217037081718445,2.015625,-0.0625,0.0625,1.7551432910258882,-2.780851402681848,0.08246744906698134,1.980448281392455,-0.008884182847396005,11.0,4.0,0.003597731839201247,0.17217037081718445,0.0036164699194505233,0.003321927603940631,0.8172935028957535
38,0.3319798590508348,0.6639597181016696,-0.0038678660436011116,0.0,2.09375,-0.234375,0.234375,1.8268892909982242,-2.2029460904200615,7.368272463281755e-07,1.9346233535971906,-0.00923654090567854,11.0,3.0,0.0,0.0,0.0,0.0,1.0
39,0.36864782063667056,0.7372956412733411,-0.0003692426668386645,0.03803776585778525,2.3515625,0.0234375,-0.0234375,2.044191499997396,-1.7515443361558072,0.00976881545088049,1.6001979813657023,-0.007495040133521384,11.0,1.0,0.0003319045039902494,0.03803776585778525,0.0003419837286305982,0.0003112435860689296,0.960977102063621
40,0.3596921194276682,0.7193842388553364,-0.0027191057112381616,0.027160191117671498,2.2265625,-0.140625,0.140625,1.9307476669782773,-0.48892582986751987,0.005153672789070266,1.6189710819585756,-0.007123173854779452,11.0,1.0,0.00015562439435406734,0.027160191117671498,0.00016128913613787867,0.0001448697426862884,0.972378024981733
41,0.29232924666657817,0.5846584933331563,-0.0031237433136307178,0.036307144406679516,2.3125,-0.1796875,0.1796875,2.0171010829508305,-0.7671554795243365,0.005106723015435625,1.6487531306391412,-0.006898697060023551,11.0,1.0,0.00013650991290027427,0.036307144406679516,0.00014230894157662988,0.00012612833509322358,0.9632879098487163
42,0.16162391364757317,0.32324782729514634,-0.0028848801916659464,0.030741488561034203,2.25,-0.1484375,0.1484375,1.9338128339732066,-0.051781981285128294,0.0031914123691727525,1.69698602960191,-0.006813581991247536,11.0,1.0,7.489116251235828e-05,0.030741488561034203,7.858109165681526e-05,6.869667413411662e-05,0.9690363423433155
43,0.23799817613166707,0.47599635226333414,-0.0031414931790128857,0.05775950752295457,2.40625,0.15625,-0.15625,2.1004736669710837,1.9681512583504497,0.004472154340933909,1.7621965956958858,-0.006735489908764562,12.0,1.0,9.1857943599197e-05,0.05775950752295457,9.708712860191991e-05,8.359350953493025e-05,0.9419679541062177
44,0.31249999625,0.6249999925,0.0002985321774280097,0.0,2.0546875,-0.296875,0.296875,1.7701866250135936,-0.4378819612837299,7.368272463281755e-07,1.8299473141404716,-0.006729287624528462,12.0,1.0,0.0,0.0,0.0,0.0,1.0
45,0.31249999625,0.6249999925,0.000570924347254441,0.0,2.1640625,0.1796875,-0.1796875,1.8370058750151657,-1.4362227415121154,7.368272463281755e-07,1.7829918971454555,-0.005734130370414773,12.0,1.0,0.0,0.0,0.0,0.0,1.0
46,0.31249999625,0.6249999925,0.0006968569113423667,0.0,2.15625,0.15625,-0.15625,1.8397884580190293,-1.4483814513909223,7.368272463281755e-07,1.7222562342543493,-0.004738717240715315,12.0,1.0,0.0,0.0,0.0,0.0,1.0
47,0.2916666633333334,0.5833333266666668,0.0006457481432303192,0.0,2.1328125,0.078125,-0.078125,1.836655332997907,-1.3080068369442646,7.368272463281755e-07,1.694839545948939,-0.004247371529345401,12.0,1.0,0.0,0.0,0.0,0.0,1.0
48,0.2916666633333334,0.5833333266666668,0.0004962337472727098,0.0,2.0859375,0.265625,-0.265625,1.8110511669656262,-2.480508281825187,7.368272463281755e-07,1.5579792832334836,-0.002127284802958861,12.0,3.0,0.0,0.0,0.0,0.0,1.0
49,0.2916666633333334,0.5833333266666668,0.0017799674984338395,0.0,2.046875,0.046875,-0.046875,1.8144137500203215,-2.8002686228540767,7.368272463281755e-07,1.6835339317719142,-0.002156469024258614,12.0,3.0,0.0,0.0,0.0,0.0,1.0
50,0.2916666633333334,0.5833333266666668,0.001499302906639661,0.0,2.1171875,0.0234375,-0.0234375,1.8310495829791762,-2.4341072189435016,7.368272463281755e-07,1.78860452108913,-0.001937377064475893,12.0,3.0,0.0,0.0,0.0,0.0,1.0
51,0.20988754632428366,0.4197750926485673,-0.0017767543619450535,0.0,2.0859375,-0.234375,0.234375,1.8062605410232209,-2.83359449213179,7.368272463281755e-07,1.7899792219201724,-0.0011538444216259653,12.0,3.0,0.0,0.0,0.0,0.0,1.0
52,0.1263540642381492,0.2527081284762984,-0.0001620152103417157,0.0,2.09375,-0.0625,0.0625,1.8125724999699742,-0.5869774982741227,7.368272463281755e-07,1.8126697482334242,-0.0009122637469166269,12.0,3.0,0.0,0.0,0.0,0.0,1.0
53,0.12598228173516599,0.25196456347033197,0.0003686013153177508,0.0,2.0703125,-0.2734375,0.2734375,1.7744494999642484,2.02836781020697,7.368272463281755e-07,1.5078190754760394,-0.0009215551346476951,12.0,1.0,0.0,0.0,0.0,0.0,1.0
54,0.2471699649965429,0.4943399299930858,-0.0007816837441562967,0.0,2.1875,0.1015625,-0.1015625,1.8363838749937713,5.316458888653942,7.368272463281755e-07,1.5213732075962154,-0.001118200714699924,12.0,1.0,0.0,0.0,0.0,0.0,1.0
55,0.2908412637405615,0.581682527481123,-0.004250189911808205,0.0,2.203125,-0.296875,0.296875,1.8724198330310173,5.235385077543921,7.368272463281755e-07,1.5567679777741432,-0.0013251212790650739,12.0,1.0,0.0,0.0,0.0,0.0,1.0
56,0.2908089559230536,0.5816179118461072,-0.000508995884402891,0.0,2.1484375,-0.1953125,0.1953125,1.822784000018146,5.888506086655639,7.368272463281755e-07,1.594777604395693,-0.0014389979769475758,12.0,1.0,0.0,0.0,0.0,0.0,1.0
57,0.3091475050700273,0.6182950101400546,-0.00045045638184087035,0.0,2.1328125,-0.1796875,0.1796875,1.8132330829976127,5.089310634851669,7.368272463281755e-07,1.6330358941446652,-0.0015063824592454528,12.0,1.0,0.0,0.0,0.0,0.0,1.0
58,0.3351989033002763,0.6703978066005526,9.503676432492475e-05,0.0,2.25,-0.0625,0.0625,1.903388500039,2.584838309554553,7.368272463281755e-07,1.671535327014598,-0.0016135760233737528,12.0,1.0,0.0,0.0,0.0,0.0,1.0
59,0.3283259696605674,0.6566519393211347,-3.529740521595339e-05,0.0,2.3359375,0.078125,-0.078125,1.9772140419809148,2.29352048111863,7.368272463281755e-07,1.99424606282264,-0.0037457213499389277,12.0,0.0,0.0,0.0,0.0,0.0,1.0
60,0.3612821501327813,0.7225643002655626,-0.00018794501181204775,0.0,2.2265625,-0.25,0.25,1.8981869170092978,3.6531473186900003,7.368272463281755e-07,2.028735256443421,-0.0037776381771739884,12.0,0.0,0.0,0.0,0.0,0.0,1.0
61,0.35106763094946314,0.7021352618989263,5.6390456996283766e-05,0.0,2.515625,-0.2421875,0.2421875,2.1707444580388255,-0.649257472932901,7.368272463281755e-07,2.031863661793371,-0.0034941117846756242,12.0,0.0,0.0,0.0,0.0,0.0,1.0
62,0.39583332875000005,0.7916666575000001,-0.00021980088548483406,0.0,2.4296875,0.1015625,-0.1015625,2.0562916249618866,-1.10131089288048,7.368272463281755e-07,2.0796333899100623,-0.003193353346432559,12.0,0.0,0.0,0.0,0.0,0.0,1.0
63,0.39583332875000005,0.7916666575000001,-0.00014450003403893176,0.0,2.3203125,0.015625,-0.015625,1.9916263340273872,-3.1393169819769304,7.368272463281755e-07,2.2693397748199375,-0.002942961188223721,12.0,1.0,0.0,0.0,0.0,0.0,1.0
64,0.39583332875000005,0.7916666575000001,0.00014052025338988383,0.0,2.3125,0.125,-0.125,1.9931235839612782,-2.2008461869928677,7.368272463281755e-07,2.335554813796824,-0.002823421133639799,12.0,1.0,0.0,0.0,0.0,0.0,1.0
65,0.39583332875000005,0.7916666575000001,-0.00018399473133730928,0.0,2.2578125,0.34375,-0.34375,1.95010179100791,-2.12019704742991,7.368272463281755e-07,2.4302827539769085,-0.0032549341399730606,12.0,1.0,0.0,0.0,0.0,0.0,1.0
66,0.39583332875000005,0.7916666575000001,-0.0003463491392887579,0.0,2.28125,-0.4296875,0.4296875,2.0421060000080615,-1.9378283207871136,7.368272463281755e-07,2.5358744358474556,-0.004182221785992046,12.0,1.0,0.0,0.0,0.0,0.0,1.0
67,0.35416666250000006,0.7083333250000001,-0.0008312015501429462,0.0,2.359375,0.25,-0.25,2.0446177080157213,-2.0312297263175703,7.368272463281755e-07,2.6376087232069536,-0.004587919562420046,12.0,1.0,0.0,0.0,0.0,0.0,1.0
68,0.35416666250000006,0.7083333250000001,-0.0003094534404689226,0.0,2.2109375,0.0234375,-0.0234375,1.8872891659848392,-1.7584587801842964,7.368272463281755e-07,2.7142941816286608,-0.0048429065394553945,12.0,1.0,0.0,0.0,0.0,0.0,1.0
69,0.39583332875000005,0.7916666575000001,-0.00013440072293773305,0.0,2.2734375,0.3203125,-0.3203125,1.9480032079736702,-2.5079719777616374,7.368272463281755e-07,2.795973375439644,-0.005007698989092288,12.0,1.0,0.0,0.0,0.0,0.0,1.0
70,0.39583332875000005,0.7916666575000001,-0.0003047067439112205,0.0,2.3125,0.09375,-0.09375,1.9960678750067018,-2.7759961636586077,7.368272463281755e-07,2.874988104809414,-0.0049782919602214615,12.0,1.0,0.0,0.0,0.0,0.0,1.0
71,0.39583332875000005,0.7916666575000001,-0.0028708097028931584,0.0,2.265625,0.046875,-0.046875,1.9347629999974743,-3.3432497011066196,7.368272463281755e-07,2.943907222964547,-0.004965773635459217,12.0,1.0,0.0,0.0,0.0,0.0,1.0
72,0.37499999583333343,0.7499999916666669,0.000810427791048984,0.0,2.3125,0.109375,-0.109375,2.015227166994009,-2.646277228859591,7.368272463281755e-07,2.9983559318564157,-0.004962139620064673,12.0,1.0,0.0,0.0,0.0,0.0,1.0
73,0.37499999583333343,0.7499999916666669,-0.0012712788086885465,0.0,2.1015625,0.25,-0.25,1.8345657080062665,-3.795251946833118,7.368272463281755e-07,2.5485794792572656,-0.0020252999772007265,12.0,3.0,0.0,0.0,0.0,0.0,1.0
74,0.37499999583333343,0.7499999916666669,-0.0002492704802078033,0.0,2.1640625,0.25,-0.25,1.8568203329923563,-4.140388634335145,7.368272463281755e-07,2.584279775619507,-0.002059610974457529,12.0,3.0,0.0,0.0,0.0,0.0,1.0
75,0.37499999583333343,0.7499999916666669,-0.0017632401267218632,0.0,2.125,0.3046875,-0.3046875,1.8195910830399953,-4.056781258072228,7.368272463281755e-07,2.616695519950655,-0.002026582097945114,12.0,3.0,0.0,0.0,0.0,0.0,1.0
76,0.37499999583333343,0.7499999916666669,0.000377072971612081,0.0,2.0859375,0.3046875,-0.3046875,1.8006741660065018,-4.167040876162923,7.368272463281755e-07,2.6450930370224848,-0.0020060725251419675,12.0,3.0,0.0,0.0,0.0,0.0,1.0
77,0.37499999583333343,0.7499999916666669,5.826947104654183e-05,0.0,2.1484375,-0.1796875,0.1796875,1.8530479580513202,-3.080245783983019,7.368272463281755e-07,2.6510983539952173,-0.002133184649412417,12.0,3.0,0.0,0.0,0.0,0.0,1.0
78,0.2916666633333334,0.5833333266666668,-0.0022530464468227644,0.0,2.1015625,-0.3125,0.3125,1.8263453749823384,-3.3882427602651024,7.368272463281755e-07,2.5618735916084714,-0.001360422226652089,12.0,3.0,0.0,0.0,0.0,0.0,1.0
79,0.2916666633333334,0.5833333266666668,-0.0008285460562569378,0.0,2.046875,0.109375,-0.109375,1.7706604580162093,-3.2019688359408063,7.368272463281755e-07,2.5252598656548395,-0.0007217554052153395,12.0,3.0,0.0,0.0,0.0,0.0,1.0
80,0.2916666633333334,0.5833333266666668,0.00023305334469650622,0.0,2.0859375,0.0859375,-0.0859375,1.8122619159985334,-3.7586849977456938,7.368272463281755e-07,2.5268301649226084,-0.0004449629082551433,12.0,3.0,0.0,0.0,0.0,0.0,1.0
81,0.2916666633333334,0.5833333266666668,0.0013185211469716222,0.0,2.09375,0.2421875,-0.2421875,1.85211362503469,-5.3753589486372,7.368272463281755e-07,2.548605865902371,-0.00017459513360841406,12.0,3.0,0.0,0.0,0.0,0.0,1.0
82,0.2916666633333334,0.5833333266666668,0.001972209687209687,0.0,2.078125,0.015625,-0.015625,1.790651125018485,-6.840183922613704,7.368272463281755e-07,2.5733941280179553,-7.554653954381745e-05,12.0,3.0,0.0,0.0,0.0,0.0,1.0
83,0.2916666633333334,0.5833333266666668,0.0012404559995204537,0.0,2.0859375,-0.140625,0.140625,1.8233580829692073,-6.400443839514329,7.368272463281755e-07,2.598880261182785,1.727655116054747e-06,12.0,3.0,0.0,0.0,0.0,0.0,1.0
84,0.2916666633333334,0.5833333266666668,0.001803870565348009,0.0,2.0625,-0.0546875,0.0546875,1.8002099580480717,-5.592329829495845,7.368272463281755e-07,2.6190287123123803,8.907743613740927e-05,12.0,3.0,0.0,0.0,0.0,0.0,1.0
85,0.2916666633333334,0.5833333266666668,0.001491279041073567,0.0,2.0703125,-0.171875,0.171875,1.7916676249587908,-5.502394690668965,7.368272463281755e-07,2.6382519553105035,0.00014838855390229987,12.0,3.0,0.0,0.0,0.0,0.0,1.0
86,0.2916666633333334,0.5833333266666668,-0.001100402836263973,0.0,2.0703125,-0.09375,0.09375,1.7926797079853714,-6.922051085834272,7.368272463281755e-07,2.657725754711363,0.0001971341068080316,12.0,3.0,0.0,0.0,0.0,0.0,1.0
87,0.2916666633333334,0.5833333266666668,-5.858872576698371e-06,0.0,2.0390625,0.265625,-0.265625,1.7831994580337778,-7.408262015319897,7.368272463281755e-07,2.676546949479315,0.0002493813598347414,12.0,3.0,0.0,0.0,0.0,0.0,1.0
88,0.31249999625,0.6249999925,0.0012742960366844231,0.0,2.0625,-0.0390625,0.0390625,1.7882858749944717,-8.075635130593726,7.368272463281755e-07,2.694988595114814,0.00028327239690245024,12.0,3.0,0.0,0.0,0.0,0.0,1.0
89,0.39583332875000005,0.7916666575000001,0.00045466767169654687,0.0,2.171875,0.109375,-0.109375,1.8814054999966174,-5.567921598569986,7.368272463281755e-07,3.1381996030157264,-0.002749389774345962,12.0,1.0,0.0,0.0,0.0,0.0,1.0
90,0.39583332875000005,0.7916666575000001,0.0001675534207376334,0.0,2.28125,0.203125,-0.203125,1.9702758750063367,-7.195046137649791,7.368272463281755e-07,3.137925856492736,-0.0023949876737209374,12.0,1.0,0.0,0.0,0.0,0.0,1.0
91,0.39583332875000005,0.7916666575000001,-0.00017115692392283082,0.0,2.28125,0.171875,-0.171875,1.95621645799838,-7.287809823797965,7.368272463281755e-07,3.135423682630062,-0.0026844314118286343,12.0,1.0,0.0,0.0,0.0,0.0,1.0
92,0.39583332875000005,0.7916666575000001,-0.00042209896025230045,0.0,2.28125,0.15625,-0.15625,2.001592874992639,-8.918060658480458,7.368272463281755e-07,3.2160867242650553,-0.0035940324808259243,12.0,1.0,0.0,0.0,0.0,0.0,1.0
93,0.39583332875000005,0.7916666575000001,-0.0001697930183665282,0.0,2.2890625,0.0,0.0,1.9726679580053315,-8.216197002882543,7.368272463281755e-07,3.313512330282141,-0.00415027582097206,12.0,1.0,0.0,0.0,0.0,0.0,1.0
94,0.39583332875000005,0.7916666575000001,-0.0008402275626203602,0.0,2.3125,0.109375,-0.109375,1.9934427499538288,-7.853386806978571,7.368272463281755e-07,3.4228151325475085,-0.00434572979495649,12.0,1.0,0.0,0.0,0.0,0.0,1.0
95,0.39583332875000005,0.7916666575000001,0.0007684209081423164,0.0,2.2734375,0.2734375,-0.2734375,1.9460249160183594,-7.696119835357025,7.368272463281755e-07,3.494564191861586,-0.004208520509895276,12.0,1.0,0.0,0.0,0.0,0.0,1.0
96,0.39583332875000005,0.7916666575000001,-0.0019324521244555777,0.0,2.2890625,0.046875,-0.046875,1.9573550840141252,-9.937259396328352,7.368272463281755e-07,3.5528152239593593,-0.004119450558474372,12.0,1.0,0.0,0.0,0.0,0.0,1.0
97,0.39583332875000005,0.7916666575000001,0.0007956793169705064,0.0,2.3515625,0.4921875,-0.4921875,2.0290381250088103,-9.491067158021156,7.368272463281755e-07,3.6059944799000565,-0.003981987878267484,12.0,1.0,0.0,0.0,0.0,0.0,1.0
98,0.39583332875000005,0.7916666575000001,0.0003812244404038399,0.0,2.265625,0.03125,-0.03125,1.9411581250024028,-10.90896544579802,7.368272463281755e-07,3.6470757831226694,-0.0038911583978915587,12.0,1.0,0.0,0.0,0.0,0.0,1.0
99,0.39583332875000005,0.7916666575000001,-0.0004409844984158329,0.0,2.3046875,-0.171875,0.171875,2.0013081670040265,-9.657228408223492,7.368272463281755e-07,3.692645504393361,-0.0037985859949416904,12.0,1.0,0.0,0.0,0.0,0.0,1.0
100,0.39583332875000005,0.7916666575000001,0.0011730827754877435,0.0,2.3046875,0.390625,-0.390625,1.9936527920071967,-11.522592804593556,7.368272463281755e-07,3.7352588562802835,-0.003707973432028666,12.0,1.0,0.0,0.0,0.0,0.0,1.0
101,0.39583332875000005,0.7916666575000001,-0.002989666183106481,0.0,2.3046875,0.1015625,-0.1015625,2.000506790995132,-12.24606377391492,7.368272463281755e-07,3.783893783661452,-0.0035994215312794868,12.0,1.0,0.0,0.0,0.0,0.0,1.0
102,0.39583332875000005,0.7916666575000001,-0.0002938226735838847,0.0,2.296875,-0.0703125,0.0703125,1.9895588750368915,-15.132413982939559,7.368272463281755e-07,3.824556465853344,-0.003528327333862597,12.0,1.0,0.0,0.0,0.0,0.0,1.0
103,0.35416666250000006,0.7083333250000001,-3.7051724763693974e-05,0.0,2.2890625,0.4453125,-0.4453125,1.950011708016973,-13.142902908064807,7.368272463281755e-07,3.794992371716283,-0.002726329382725949,12.0,1.0,0.0,0.0,0.0,0.0,1.0
104,0.35416666250000006,0.7083333250000001,0.0007365110810039114,0.0,2.359375,0.2578125,-0.2578125,2.0083574170130305,-13.91476560013973,7.368272463281755e-07,3.7460173442959785,-0.0014721503883430903,12.0,1.0,0.0,0.0,0.0,0.0,1.0
105,0.4276620806973446,0.8553241613946893,-1.2009801254135333e-05,0.0,2.3046875,-0.078125,0.078125,1.9979087499668822,-14.050248855655477,7.368272463281755e-07,3.7374410182237625,-0.0005128624087030238,12.0,1.0,0.0,0.0,0.0,0.0,1.0
106,0.43749999500000003,0.8749999900000001,-0.004434244545450885,0.0,2.234375,0.1953125,-0.1953125,1.9343642089515924,-11.651824656666196,7.368272463281755e-07,3.761221688918092,2.978828904980963e-05,12.0,1.0,0.0,0.0,0.0,0.0,1.0
107,0.43749999500000003,0.8749999900000001,0.0009178666470352455,0.0,2.2578125,0.2734375,-0.2734375,1.9511959169758484,-12.045089083587165,7.368272463281755e-07,3.8017695397138596,0.00013317296874116767,12.0,1.0,0.0,0.0,0.0,0.0,1.0
108,0.39583332875000005,0.7916666575000001,0.00014827527088737044,0.0,2.2421875,-0.0390625,0.0390625,1.9168927079881541,-17.063341494280557,7.368272463281755e-07,3.852971085431901,0.0002373723989215002,12.0,1.0,0.0,0.0,0.0,0.0,1.0
109,0.39583332875000005,0.7916666575000001,8.560143273522374e-06,0.0,2.3125,0.1953125,-0.1953125,1.9973754580132663,-12.372549765513087,7.368272463281755e-07,3.910447441718795,0.00038646806073798376,12.0,1.0,0.0,0.0,0.0,0.0,1.0
110,0.39583332875000005,0.7916666575000001,0.0026926703689783274,0.0,2.3046875,0.40625,-0.40625,1.994746916985605,-19.22536945909952,7.368272463281755e-07,3.9624702649360355,0.0005114355927534317,12.0,1.0,0.0,0.0,0.0,0.0,1.0
111,0.39583332875000005,0.7916666575000001,-0.001838717888100012,0.0,2.3203125,0.21875,-0.21875,2.0362584580434486,-16.605246232539105,7.368272463281755e-07,4.0111359351060605,0.0006359316241948611,12.0,1.0,0.0,0.0,0.0,0.0,1.0
112,0.39583332875000005,0.7916666575000001,-0.0015878669085224993,0.0,2.21875,0.0078125,-0.0078125,1.9257777499733493,-16.327175161239108,7.368272463281755e-07,4.053594208915126,0.000731202997981613,12.0,1.0,0.0,0.0,0.0,0.0,1.0
113,0.43749999500000003,0.8749999900000001,-0.0016660380370482175,0.0,2.3203125,0.3046875,-0.3046875,2.007105041993782,-14.90897525664564,7.368272463281755e-07,4.103134609758854,0.0008753040530212853,12.0,1.0,0.0,0.0,0.0,0.0,1.0
114,0.43749999500000003,0.8749999900000001,0.0012320235707715228,0.0,2.2421875,0.0625,-0.0625,1.917851416976191,-16.29543417915037,7.368272463281755e-07,4.149548035453666,0.0009876728462669153,12.0,1.0,0.0,0.0,0.0,0.0,1.0
115,0.43749999500000003,0.8749999900000001,-0.0021612370908797606,0.0,2.2265625,0.15625,-0.15625,1.934261084010359,-12.776786466698884,7.368272463281755e-07,4.125146705995906,-0.0002430952947840772,12.0,1.0,0.0,0.0,0.0,0.0,1.0
116,0.43749999500000003,0.8749999900000001,0.0011762926340430492,0.0,2.28125,0.625,-0.625,1.986245375010185,-17.107308180364843,7.368272463281755e-07,4.178374476053498,-0.0013791252012279901,12.0,1.0,0.0,0.0,0.0,0.0,1.0
117,0.43749999500000003,0.8749999900000001,0.0010117108393440195,0.0,2.2421875,0.4296875,-0.4296875,1.9242676660069264,-14.487519086030302,7.368272463281755e-07,4.265870056369088,-0.002082664784128693,12.0,1.0,0.0,0.0,0.0,0.0,1.0
118,0.39583332875000005,0.7916666575000001,0.00231893082161061,0.0,2.265625,0.3046875,-0.3046875,1.9601229159743525,-16.71302007477859,7.368272463281755e-07,4.361030242659829,-0.0019561306372369554,12.0,1.0,0.0,0.0,0.0,0.0,1.0
119,0.39583332875000005,0.7916666575000001,0.00029051077430394974,0.0,2.28125,0.2109375,-0.2109375,1.9656242090277374,-21.005598615293632,7.368272463281755e-07,4.453875035047531,-0.0018341024617918513,12.0,1.0,0.0,0.0,0.0,0.0,1.0
120,0.39583332875000005,0.7916666575000001,-0.0016282263470565564,0.0,2.2890625,0.328125,-0.328125,1.9719103749957867,-27.7313121679293,7.368272463281755e-07,4.543649198656732,-0.0017104945568875833,12.0,1.0,0.0,0.0,0.0,0.0,1.0
121,0.39583332875000005,0.7916666575000001,0.0036488329100152765,0.0,2.3203125,0.296875,-0.296875,2.052232082991395,-27.560461436056528,7.368272463281755e-07,4.621238236400214,-0.0015316374113105915,12.0,1.0,0.0,0.0,0.0,0.0,1.0
122,0.39583332875000005,0.7916666575000001,-0.00295108572886393,0.0,2.2578125,-0.0078125,0.0078125,1.9695696249837056,-31.873881868837614,7.368272463281755e-07,4.653594701127573,-0.0014423823608508842,12.0,1.0,0.0,0.0,0.0,0.0,1.0
123,0.39583332875000005,0.7916666575000001,0.0010972346359982327,0.0,2.25,0.1015625,-0.1015625,1.9437898750184104,-29.32722491150101,7.368272463281755e-07,4.692470512606881,-0.0012720961663448675,12.0,1.0,0.0,0.0,0.0,0.0,1.0
124,0.39583332875000005,0.7916666575000001,-0.00048053486295182536,0.0,2.3125,0.1484375,-0.1484375,2.096288833010476,-24.91387674454096,7.368272463281755e-07,4.732229043136943,-0.0011161498238669249,12.0,1.0,0.0,0.0,0.0,0.0,1.0
125,0.39583332875000005,0.7916666575000001,-0.0029329817245962566,0.0,2.265625,0.203125,-0.203125,2.003675041021779,-22.37353929733408,7.368272463281755e-07,4.768873856826262,-0.0009911698990353298,12.0,1.0,0.0,0.0,0.0,0.0,1.0
126,0.39583332875000005,0.7916666575000001,-0.00014989409410029998,0.0,2.2421875,-0.03125,0.03125,1.9345585000119172,-41.05462707044356,7.368272463281755e-07,4.736672459678217,-0.00025359082924710077,12.0,1.0,0.0,0.0,0.0,0.0,1.0
127,0.43749999500000003,0.8749999900000001,-0.0017898197353870965,0.0,2.3359375,0.234375,-0.234375,2.0464481249800883,-23.90190206802011,7.368272463281755e-07,4.65008410405029,0.0014947557356208563,12.0,1.0,0.0,0.0,0.0,0.0,1.0
128,0.43749999500000003,0.8749999900000001,-0.0023815194505023506,0.0,2.265625,0.2265625,-0.2265625,2.0926419169991277,-28.5953633279636,7.368272463281755e-07,4.647450628605756,0.0031274611088023944,12.0,1.0,0.0,0.0,0.0,0.0,1.0
129,0.43749999500000003,0.8749999900000001,-0.002824513538929854,0.0,2.28125,0.515625,-0.515625,1.9847897499566898,-19.652761330376645,7.368272463281755e-07,4.696255964311686,0.0032645348110236228,12.0,1.0,0.0,0.0,0.0,0.0,1.0
130,0.4166666620833334,0.8333333241666668,-0.0012998154434378112,0.0,2.21875,0.15625,-0.15625,1.9501095419982448,-24.293042512589878,7.368272463281755e-07,4.759347121823918,0.0033385370096022434,12.0,1.0,0.0,0.0,0.0,0.0,1.0
131,0.4166666620833334,0.8333333241666668,-0.0040975433982586495,0.0,2.078125,0.1953125,-0.1953125,1.7894259999739006,-28.005560150547453,7.368272463281755e-07,3.966441070040067,0.004911063442705199,12.0,3.0,0.0,0.0,0.0,0.0,1.0
132,0.4166666620833334,0.8333333241666668,-0.0014583704485107193,0.0,2.046875,-0.0703125,0.0703125,1.774823167012073,-35.56773066920286,7.368272463281755e-07,4.030582186248568,0.004861799405059881,12.0,3.0,0.0,0.0,0.0,0.0,1.0
133,0.4166666620833334,0.8333333241666668,-0.001134869470573526,0.0,2.1328125,0.171875,-0.171875,1.8498973340028897,-34.93431773886505,7.368272463281755e-07,4.101730245682928,0.004979686164814565,12.0,3.0,0.0,0.0,0.0,0.0,1.0
134,0.4166666620833334,0.8333333241666668,-0.0023412549908690904,0.0,2.0859375,0.015625,-0.015625,1.8160886660334654,-27.74202092304144,7.368272463281755e-07,4.169559745324983,0.00507096572416938,12.0,3.0,0.0,0.0,0.0,0.0,1.0
135,0.4166666620833334,0.8333333241666668,-8.073364123170966e-05,0.0,2.0859375,0.078125,-0.078125,1.8072059159749188,-36.32790454714895,7.368272463281755e-07,4.231243997812271,0.00519444217853662,12.0,3.0,0.0,0.0,0.0,0.0,1.0
136,0.4166666620833334,0.8333333241666668,0.0017402975445923192,0.0,2.0703125,0.1640625,-0.1640625,1.8178771249949932,-42.92066452162436,7.368272463281755e-07,4.287936965624492,0.005298229949807541,12.0,3.0,0.0,0.0,0.0,0.0,1.0
137,0.37499999583333343,0.7499999916666669,-0.008147442274296472,0.0,2.09375,-0.046875,0.046875,1.820404458034318,-31.25773799421945,7.368272463281755e-07,4.341256807247798,0.005435304664489295,12.0,3.0,0.0,0.0,0.0,0.0,1.0
138,0.37499999583333343,0.7499999916666669,-0.0003588773081609636,0.0,2.140625,0.390625,-0.390625,1.9609161660191603,-53.77691135325298,7.368272463281755e-07,4.269432736767663,0.004566706212547918,12.0,3.0,0.0,0.0,0.0,0.0,1.0
139,0.37499999583333343,0.7499999916666669,-0.004154828478329629,0.0,2.1328125,0.09375,-0.09375,1.8576812500250526,-47.030801721213805,7.368272463281755e-07,4.266658726665709,0.0036766827365176547,12.0,3.0,0.0,0.0,0.0,0.0,1.0
140,0.37499999583333343,0.7499999916666669,6.148434349319699e-05,0.0,2.1328125,0.328125,-0.328125,1.8586099579697475,-51.152724087019976,7.368272463281755e-07,4.306896607081096,0.003544380953018036,12.0,3.0,0.0,0.0,0.0,0.0,1.0
141,0.37499999583333343,0.7499999916666669,-0.00283786418312245,0.0,2.1171875,-0.0546875,0.0546875,1.872252374945674,-47.99773234194935,7.368272463281755e-07,4.36573467320866,0.0038006320957922274,12.0,3.0,0.0,0.0,0.0,0.0,1.0
142,0.37499999583333343,0.7499999916666669,-0.001343601671445387,0.0,2.140625,0.0703125,-0.0703125,1.8503315419657156,-50.86464075189437,7.368272463281755e-07,4.434159715970357,0.004093482275493443,12.0,3.0,0.0,0.0,0.0,0.0,1.0
143,0.37499999583333343,0.7499999916666669,-0.002117248351219226,0.0,2.0625,0.265625,-0.265625,1.8001630829530768,-67.8890273020123,7.368272463281755e-07,4.5008016096221075,0.004297045483124546,12.0,3.0,0.0,0.0,0.0,0.0,1.0
144,0.37499999583333343,0.7499999916666669,-0.006547030284678887,0.0,2.125,-0.0546875,0.0546875,1.8530926249804907,-43.24785667920814,7.368272463281755e-07,4.551797621779972,0.004497445686461611,12.0,3.0,0.0,0.0,0.0,0.0,1.0
145,0.39583332875000005,0.7916666575000001,-0.000980007260396463,0.0,2.078125,0.2890625,-0.2890625,1.7907105829799548,-63.98169177636168,7.368272463281755e-07,4.582598288853963,0.004645192943927314,12.0,3.0,0.0,0.0,0.0,0.0,1.0
146,0.39583332875000005,0.7916666575000001,0.001387611326993026,0.0,2.2890625,0.2578125,-0.2578125,2.031540042022243,-55.7548625231794,7.368272463281755e-07,5.368670271201567,0.003305802001374435,12.0,1.0,0.0,0.0,0.0,0.0,1.0
147,0.39583332875000005,0.7916666575000001,-0.0066130871826920205,0.0,2.359375,0.296875,-0.296875,2.0283845420344733,-43.58614913468891,7.368272463281755e-07,5.439309001646259,0.003571029970771633,12.0,1.0,0.0,0.0,0.0,0.0,1.0
148,0.39583332875000005,0.7916666575000001,-0.006947010530807951,0.0,2.2734375,0.375,-0.375,1.9591494590276852,-57.05179516412738,7.368272463281755e-07,5.496385993266648,0.003751443606399169,12.0,1.0,0.0,0.0,0.0,0.0,1.0
149,0.39583332875000005,0.7916666575000001,-0.0007299831722222967,0.0,2.328125,-0.0625,0.0625,2.019100583042018,-65.71527619386723,7.368272463281755e-07,5.440259684385224,0.005587254859909246,12.0,1.0,0.0,0.0,0.0,0.0,1.0
150,0.39583332875000005,0.7916666575000001,-0.0016940407134343335,0.0,2.3046875,-0.171875,0.171875,2.025921875028871,-64.99430649848209,7.368272463281755e-07,5.498947834765369,0.006857495064402677,12.0,1.0,0.0,0.0,0.0,0.0,1.0
151,0.39583332875000005,0.7916666575000001,-0.0025071947221648157,0.0,2.2890625,-0.015625,0.015625,2.0188592500053346,-52.33758710537226,7.368272463281755e-07,5.589114537293261,0.007134312568020753,12.0,1.0,0.0,0.0,0.0,0.0,1.0
152,0.39583332875000005,0.7916666575000001,-0.0008560083850653365,0.0,2.2890625,0.2734375,-0.2734375,2.028888333006762,-66.94457491048935,7.368272463281755e-07,5.675290333276445,0.007384777545336296,12.0,1.0,0.0,0.0,0.0,0.0,1.0
153,0.39583332875000005,0.7916666575000001,-0.0012025108909499203,0.0,2.2109375,0.0390625,-0.0390625,1.8936033330392092,-64.31902470027617,7.368272463281755e-07,5.746864481405779,0.007566816340179436,12.0,1.0,0.0,0.0,0.0,0.0,1.0
154,0.39583332875000005,0.7916666575000001,-0.0035903766175895218,0.0,2.3984375,0.203125,-0.203125,2.0817957500112243,-58.928153865560695,7.368272463281755e-07,5.790121814744039,0.007808597467374057,12.0,1.0,0.0,0.0,0.0,0.0,1.0
155,0.39583332875000005,0.7916666575000001,-0.002826708036817179,0.0,2.2109375,-0.171875,0.171875,1.9252959999721497,-62.03884698601977,7.368272463281755e-07,5.774467040191997,0.007315288197291507,12.0,1.0,0.0,0.0,0.0,0.0,1.0
156,0.39583332875000005,0.7916666575000001,-0.003704913475924576,0.0,2.2890625,0.1875,-0.1875,1.9798839580034837,-58.000909499954034,7.368272463281755e-07,5.80729283595627,0.006858831127332946,12.0,1.0,0.0,0.0,0.0,0.0,1.0
157,0.39583332875000005,0.7916666575000001,-0.0013584694032868175,0.0,2.3203125,0.25,-0.25,2.0171652500284836,-73.41696690915222,7.368272463281755e-07,5.867714004083113,0.0062806906988209284,12.0,1.0,0.0,0.0,0.0,0.0,1.0
158,0.37499999583333343,0.7499999916666669,-0.0036868908555478027,0.0,2.3046875,0.125,-0.125,1.9977701249881648,-62.05535028035753,7.368272463281755e-07,5.93493288281289,0.006502027197381143,12.0,1.0,0.0,0.0,0.0,0.0,1.0
159,0.37499999583333343,0.7499999916666669,-0.001821775382203927,0.0,2.15625,0.1640625,-0.1640625,1.9177022919757292,-78.41865106405896,7.368272463281755e-07,5.15912111558848,0.010292755489192333,12.0,3.0,0.0,0.0,0.0,0.0,1.0
160,0.37499999583333343,0.7499999916666669,0.0014717701931861926,0.0,2.15625,0.3359375,-0.3359375,1.908735583012458,-81.64566935446962,7.368272463281755e-07,5.084675490028328,0.00926318640995305,12.0,3.0,0.0,0.0,0.0,0.0,1.0
161,0.37499999583333343,0.7499999916666669,-0.0011247947324592778,0.0,2.109375,0.1796875,-0.1796875,1.846558375051245,-104.52514464285866,7.368272463281755e-07,5.107892210284869,0.00792936955339327,12.0,3.0,0.0,0.0,0.0,0.0,1.0
162,0.37499999583333343,0.7499999916666669,-0.002847033396173383,0.0,2.1796875,-0.1875,0.1875,1.9230645839706995,-90.27857612897175,7.368272463281755e-07,5.208703498459524,0.007940046507024413,12.0,3.0,0.0,0.0,0.0,0.0,1.0
163,0.37499999583333343,0.7499999916666669,0.0011046395862764472,0.0,2.078125,0.3125,-0.3125,1.9048495419556275,-125.6535103404401,7.368272463281755e-07,5.298177241658171,0.008126795115660772,12.0,3.0,0.0,0.0,0.0,0.0,1.0
164,0.37499999583333343,0.7499999916666669,-0.001677092545764268,0.0,2.1484375,-0.046875,0.046875,1.8686819999711588,-80.93299604917854,7.368272463281755e-07,5.375346407294273,0.008328091037886528,12.0,3.0,0.0,0.0,0.0,0.0,1.0
165,0.37499999583333343,0.7499999916666669,-0.0010262005015949092,0.0,2.15625,0.1171875,-0.1171875,1.8559114579693414,-90.87222520588907,7.368272463281755e-07,5.413671966021259,0.008544091595669871,12.0,3.0,0.0,0.0,0.0,0.0,1.0
166,0.37499999583333343,0.7499999916666669,-0.003118930776746525,0.0,2.15625,0.140625,-0.140625,1.869485082977917,-79.9932783257167,7.368272463281755e-07,5.444966720417142,0.008735517867737345,12.0,3.0,0.0,0.0,0.0,0.0,1.0
167,0.3749999959366641,0.7499999918733282,0.0008376418655205172,0.0,2.109375,0.4140625,-0.4140625,1.8534397500334308,-130.4947523857696,7.368272463281755e-07,5.48118422842688,0.008910043884599064,12.0,3.0,0.0,0.0,0.0,0.0,1.0
168,0.37499999589243294,0.7499999917848659,-0.0022865512989165204,0.0,2.125,0.0234375,-0.0234375,1.8379144169739448,-121.93380613858983,7.368272463281755e-07,6.257418440485543,0.005781403068050911,12.0,1.0,0.0,0.0,0.0,0.0,1.0
169,0.37499999583333343,0.7499999916666669,0.000571283498615236,0.0,2.125,0.1328125,-0.1328125,1.8269621660001576,-101.58073811918612,7.368272463281755e-07,6.276218795640902,0.006076064212141897,12.0,1.0,0.0,0.0,0.0,0.0,1.0
170,0.37499999583333343,0.7499999916666669,-0.009425685054082747,0.0,2.15625,0.2265625,-0.2265625,1.8741992499562912,-112.42640997420192,7.368272463281755e-07,5.588709187176493,0.009464885625574324,12.0,3.0,0.0,0.0,0.0,0.0,1.0
171,0.37499999583333343,0.7499999916666669,-0.004404298858775841,0.0,2.15625,-0.1640625,0.1640625,1.8728914580424316,-92.87792981808106,7.368272463281755e-07,5.485929589304659,0.011353119987890951,12.0,3.0,0.0,0.0,0.0,0.0,1.0
172,0.37747690749794716,0.7549538149958943,-0.00497862820976981,0.0,2.125,0.2734375,-0.2734375,1.8529274169704877,-134.7552832025995,7.368272463281755e-07,5.525626553429498,0.012980518953150345,12.0,3.0,0.0,0.0,0.0,0.0,1.0
173,0.42336762072974554,0.8467352414594911,-0.006673300918269861,0.0,2.28125,0.3515625,-0.3515625,1.9635446249740198,-128.14684120656855,7.368272463281755e-07,6.296015312725848,0.010097765824122524,12.0,1.0,0.0,0.0,0.0,0.0,1.0
174,0.43749999500000003,0.8749999900000001,-0.0030275150214077134,0.0,2.3828125,0.0390625,-0.0390625,2.159259458014276,-64.58528721456037,7.368272463281755e-07,6.364388700235974,0.011288355311990017,12.0,1.0,0.0,0.0,0.0,0.0,1.0
175,0.43749999500000003,0.8749999900000001,-0.005620578752845156,0.0,2.4375,0.1796875,-0.1796875,2.1466158339753747,-53.51830230000313,7.368272463281755e-07,6.483844202350486,0.010663745818998326,12.0,1.0,0.0,0.0,0.0,0.0,1.0
176,0.39583332875000005,0.7916666575000001,-0.004636322999588248,0.0,2.421875,0.0078125,-0.0078125,2.0775831249775365,-36.76813906751161,7.368272463281755e-07,6.588063110682097,0.010107531143479388,12.0,1.0,0.0,0.0,0.0,0.0,1.0
177,0.39583332875000005,0.7916666575000001,-0.007273372611366025,0.0,2.234375,0.0078125,-0.0078125,1.9689992089988664,-98.45436617105346,7.368272463281755e-07,6.61574633825909,0.010487363345667043,12.0,1.0,0.0,0.0,0.0,0.0,1.0
178,0.39583332875000005,0.7916666575000001,-0.003777308889956483,0.0,2.3203125,-0.171875,0.171875,2.0291417500120588,-95.69057003355172,7.368272463281755e-07,6.647418236867948,0.010807027591826309,12.0,1.0,0.0,0.0,0.0,0.0,1.0
179,0.39583332875000005,0.7916666575000001,-0.009415804272219056,0.0,2.2421875,-0.0078125,0.0078125,1.9339250000193715,-120.6261488429783,7.368272463281755e-07,6.674449310384014,0.011020806156342256,12.0,1.0,0.0,0.0,0.0,0.0,1.0
180,0.39583332875000005,0.7916666575000001,-0.009639249730445614,0.0,2.2578125,-0.0078125,0.0078125,1.9934374170261435,-122.182295058697,7.368272463281755e-07,6.702039823613384,0.01120695765555204,12.0,1.0,0.0,0.0,0.0,0.0,1.0
181,0.43749999500000003,0.8749999900000001,-0.002431105165292315,0.0,2.328125,0.15625,-0.15625,2.0320129159954377,-97.8102155744123,7.368272463281755e-07,6.7349843531847,0.01143622106701514,12.0,1.0,0.0,0.0,0.0,0.0,1.0
182,0.42543425846621064,0.8508685169324213,-0.007790974614728431,0.0,2.3984375,0.1171875,-0.1171875,2.098191874974873,-50.14789986291045,7.368272463281755e-07,6.649049718948928,0.010106920169412413,12.0,1.0,0.0,0.0,0.0,0.0,1.0
183,0.4204151042219395,0.840830208443879,-0.005794190114415311,0.0,2.3828125,0.0390625,-0.0390625,2.083935041038785,-90.18695262934959,7.368272463281755e-07,6.710301565853032,0.009208878026005219,12.0,1.0,0.0,0.0,0.0,0.0,1.0
184,0.4121661757910023,0.8243323515820046,-0.004438911603841646,0.0,2.4453125,0.4921875,-0.4921875,2.1296340830158442,-69.21835197156922,7.368272463281755e-07,6.668828721750867,0.011095187917817384,12.0,1.0,0.0,0.0,0.0,0.0,1.0
185,0.3932419648338906,0.7864839296677812,-0.0040458810019902095,0.0,2.4140625,-0.1640625,0.1640625,2.1804834160138853,-90.56793064602,7.368272463281755e-07,6.747545651414177,0.012238411873113364,12.0,1.0,0.0,0.0,0.0,0.0,1.0
186,0.37499999583333343,0.7499999916666669,-0.006010111838779059,0.0,2.296875,0.140625,-0.140625,2.0737597080296837,-136.99760219199743,7.368272463281755e-07,6.797638095237992,0.012479458459314297,12.0,1.0,0.0,0.0,0.0,0.0,1.0
187,0.37499999583333343,0.7499999916666669,-0.008922860064044167,0.0,2.1640625,0.3828125,-0.3828125,1.9228802500292659,-142.53338447751452,7.368272463281755e-07,6.212682348158625,0.013010567707371794,12.0,3.0,0.0,0.0,0.0,0.0,1.0
188,0.37499999583333343,0.7499999916666669,0.0003048431455528256,0.0,2.1015625,0.15625,-0.15625,1.8470235000131652,-225.65997296729591,7.368272463281755e-07,6.2469477198190155,0.01324476431020432,12.0,3.0,0.0,0.0,0.0,0.0,1.0
189,0.37499999583333343,0.7499999916666669,-0.005762637905347518,0.0,2.109375,0.0234375,-0.0234375,1.8795089170453139,-192.54590956371956,7.368272463281755e-07,6.28577820956707,0.013472602767352428,12.0,3.0,0.0,0.0,0.0,0.0,1.0
190,0.37499999583333343,0.7499999916666669,-0.006767082423781426,0.0,2.1328125,-0.2265625,0.2265625,1.9521580419968814,-164.9389426443635,7.368272463281755e-07,6.324111973245938,0.01368779986579385,12.0,3.0,0.0,0.0,0.0,0.0,1.0
191,0.37499999583333343,0.7499999916666669,-0.001922458838927653,0.0,2.1640625,0.234375,-0.234375,1.9001247499836609,-151.11423759252838,7.368272463281755e-07,6.367333528068331,0.013979634360617233,12.0,3.0,0.0,0.0,0.0,0.0,1.0
192,0.37499999583333343,0.7499999916666669,-0.005341279489629199,0.0,2.1328125,-0.125,0.125,1.8610182919655927,-195.4446025181821,7.368272463281755e-07,6.256176067723168,0.016265156083843775,12.0,3.0,0.0,0.0,0.0,0.0,1.0
193,0.37499999583333343,0.7499999916666669,-0.006345634160007699,0.0,2.09375,0.21875,-0.21875,1.8588579999632202,-214.47713508205007,7.368272463281755e-07,6.3180916044447155,0.017812655566053257,12.0,3.0,0.0,0.0,0.0,0.0,1.0
194,0.37499999583333343,0.7499999916666669,-0.0038462093893593236,0.0,2.1171875,0.015625,-0.015625,1.8556527910404839,-210.83386744840934,7.368272463281755e-07,6.442962245808707,0.018053964155519173,12.0,3.0,0.0,0.0,0.0,0.0,1.0
195,0.3839986928191844,0.7679973856383688,-0.003349320551280424,0.0,2.0703125,0.3828125,-0.3828125,1.827912125037983,-251.30769334531533,7.368272463281755e-07,6.506117930014928,0.018284924522352714,12.0,3.0,0.0,0.0,0.0,0.0,1.0
196,0.41110334536474125,0.8222066907294825,-0.007766476238708314,0.0,2.2734375,-0.03125,0.03125,1.990690624981653,-216.9578944601787,7.368272463281755e-07,7.050863534212112,0.016612129074267366,12.0,1.0,0.0,0.0,0.0,0.0,1.0
197,0.42093262147009747,0.8418652429401949,-0.009663927043209395,0.0,2.3515625,0.015625,-0.015625,2.0669275000109337,-178.19986842271908,7.368272463281755e-07,7.066357279365713,0.015678958201120127,12.0,1.0,0.0,0.0,0.0,0.0,1.0
198,0.4265778900167737,0.8531557800335474,-0.008134967966132995,0.0,2.3984375,0.3125,-0.3125,2.085551582975313,-83.17072140262923,7.368272463281755e-07,7.118679497729648,0.015369468172800473,12.0,1.0,0.0,0.0,0.0,0.0,1.0
199,0.4288139176591593,0.8576278353183187,-0.003940140148048935,0.0,2.3984375,0.0390625,-0.0390625,2.1835675420006737,-74.8851484783693,7.368272463281755e-07,7.185407959602096,0.015774478199256755,12.0,1.0,0.0,0.0,0.0,0.0,1.0
200,0.42956296325470944,0.8591259265094189,-0.001693026921412745,0.0,2.46875,0.140625,-0.140625,2.110351541021373,-41.448994946865895,7.368272463281755e-07,7.25423434918577,0.016137270659038968,12.0,1.0,0.0,0.0,0.0,0.0,1.0
201,0.42901530861588366,0.8580306172317673,-0.0059082692834422764,0.0,2.5,0.171875,-0.171875,2.1745737500023097,-91.77771764989593,7.368272463281755e-07,7.166940491307866,0.014906149727969685,12.0,1.0,0.0,0.0,0.0,0.0,1.0
202,0.4263837741306071,0.8527675482612141,-0.005317946977969342,0.0,2.4453125,-0.0390625,0.0390625,2.140538915991783,-121.10934608965255,7.368272463281755e-07,7.1054328950968655,0.015220370006070218,12.0,1.0,0.0,0.0,0.0,0.0,1.0
203,0.4164278609390441,0.8328557218780882,-0.006171626256353784,0.0,2.4140625,-0.0078125,0.0078125,2.1045857499702834,-120.88439606737222,7.368272463281755e-07,7.222991894591939,0.0166236470897936,12.0,1.0,0.0,0.0,0.0,0.0,1.0
204,0.37499999583333343,0.7499999916666669,-0.010381393206090385,0.0,2.328125,0.03125,-0.03125,2.0389142080093734,-172.12219342347368,7.368272463281755e-07,7.297798571261493,0.016881449867717245,12.0,1.0,0.0,0.0,0.0,0.0,1.0
205,0.37499999583333343,0.7499999916666669,-0.006846795490299408,0.0,2.1484375,0.0546875,-0.0546875,1.8700665420037694,-208.59149540987883,7.368272463281755e-07,6.80099869105551,0.017199854646201454,12.0,3.0,0.0,0.0,0.0,0.0,1.0
206,0.37499999583333343,0.7499999916666669,-0.00725569275612311,0.0,2.1875,0.0859375,-0.0859375,1.8983467079815455,-214.6149879012789,7.368272463281755e-07,6.834000609815121,0.017567498551215976,12.0,3.0,0.0,0.0,0.0,0.0,1.0
207,0.37499999583333343,0.7499999916666669,-0.010829770000961502,0.0,2.109375,0.234375,-0.234375,1.8873712079948746,-300.32538858343054,7.368272463281755e-07,6.874446852339639,0.017872693120605417,12.0,3.0,0.0,0.0,0.0,0.0,1.0
208,0.37499999583333343,0.7499999916666669,-0.018694613772888363,0.0,2.1484375,0.1875,-0.1875,1.8870643330155872,-262.88674412814055,7.368272463281755e-07,6.915534709890683,0.01816969129463865,12.0,3.0,0.0,0.0,0.0,0.0,1.0
209,0.37499999583333343,0.7499999916666669,-0.004510447340316866,0.0,2.1484375,0.0546875,-0.0546875,1.877042457985226,-191.83913242340088,7.368272463281755e-07,6.951806664466858,0.018418970323788624,12.0,3.0,0.0,0.0,0.0,0.0,1.0
210,0.37499999583333343,0.7499999916666669,-0.0042326233440563394,0.0,2.1328125,-0.1015625,0.1015625,1.86070599994855,-204.62492732512646,7.368272463281755e-07,6.986002564430237,0.018663559367673263,12.0,3.0,0.0,0.0,0.0,0.0,1.0
211,0.37499999583333343,0.7499999916666669,-0.010647349821458246,0.0,2.140625,-0.1640625,0.1640625,1.9426365830004215,-272.8128049878308,7.368272463281755e-07,6.87029806110594,0.021106104702792235,12.0,3.0,0.0,0.0,0.0,0.0,1.0
212,0.37499999583333343,0.7499999916666669,-0.0010232010708711022,0.0,2.09375,-0.046875,0.046875,1.8357149999937974,-249.30373684839424,7.368272463281755e-07,6.963374995523029,0.022856318689365353,12.0,3.0,0.0,0.0,0.0,0.0,1.0
213,0.37499999583333343,0.7499999916666669,-0.00640186568873318,0.0,2.1796875,-0.0625,0.0625,1.9260718750301749,-250.7290318847008,7.368272463281755e-07,7.0862352053324384,0.023204366288458306,12.0,3.0,0.0,0.0,0.0,0.0,1.0
214,0.37499999583333343,0.7499999916666669,-0.013236907552377712,0.0,2.1640625,-0.2265625,0.2265625,1.858766084013041,-245.39958791193493,7.368272463281755e-07,7.120161096254985,0.023486425285227597,12.0,3.0,0.0,0.0,0.0,0.0,1.0
215,0.37499999583333343,0.7499999916666669,-0.013590676309474149,0.0,2.109375,0.0703125,-0.0703125,1.8522146250470541,-339.45302196022755,7.368272463281755e-07,7.152602712313334,0.02376981527130637,12.0,3.0,0.0,0.0,0.0,0.0,1.0
216,0.37499999583333343,0.7499999916666669,-0.01134073184892436,0.0,2.0859375,-0.171875,0.171875,1.8548312920029275,-356.3383910135454,7.368272463281755e-07,7.182194193204244,0.02401247372229894,12.0,3.0,0.0,0.0,0.0,0.0,1.0
217,0.3946033386027755,0.789206677205551,-0.014809129147707947,0.0,2.140625,0.390625,-0.390625,1.865831375005655,-312.08105434916416,7.368272463281755e-07,7.220702442857954,0.024352815752435062,12.0,3.0,0.0,0.0,0.0,0.0,1.0
218,0.41492349578715687,0.8298469915743137,-0.007986188101236117,0.0,2.328125,0.1171875,-0.1171875,2.0262836670153774,-259.36029345249597,7.368272463281755e-07,7.7157634713433,0.023428408259695225,12.0,1.0,0.0,0.0,0.0,0.0,1.0
219,0.42334013209841553,0.8466802641968311,-0.012373346973145743,0.0,2.3046875,-0.1015625,0.1015625,2.0199653749587014,-139.09486606037657,7.368272463281755e-07,7.762522597204555,0.02365929194440303,12.0,1.0,0.0,0.0,0.0,0.0,1.0
220,0.426199111286229,0.852398222572458,-0.010526481786045752,0.0,2.375,0.1796875,-0.1796875,2.0445347920176573,-135.4748215131991,7.368272463281755e-07,7.672285402362997,0.022901854456656358,12.0,1.0,0.0,0.0,0.0,0.0,1.0
221,0.42766588093316626,0.8553317618663325,-0.009907174609236829,0.0,2.4609375,0.3359375,-0.3359375,2.1928654169896618,-191.09754718567845,7.368272463281755e-07,7.709753161126917,0.021937140718695115,12.0,1.0,0.0,0.0,0.0,0.0,1.0
222,0.4285824789795952,0.8571649579591905,-0.007162432740658034,0.0,2.4609375,0.3984375,-0.3984375,2.248727250029333,-35.61301360014282,7.368272463281755e-07,7.789575454863635,0.02190440818032419,12.0,1.0,0.0,0.0,0.0,0.0,1.0
223,0.4286531899508782,0.8573063799017564,-0.007689618383855332,0.0,2.4921875,0.6171875,-0.6171875,2.172399749979377,-101.27584953497883,7.368272463281755e-07,7.8710759363391185,0.02215020216747441,12.0,1.0,0.0,0.0,0.0,0.0,1.0
224,0.42817900389795466,0.8563580077959093,-0.010615665076825702,0.0,2.421875,0.234375,-0.234375,2.11626287503168,-169.52618646974432,7.368272463281755e-07,7.891938258301128,0.022371723782271147,12.0,1.0,0.0,0.0,0.0,0.0,1.0
225,0.426698812699116,0.853397625398232,-0.013648723795921192,0.0,2.4140625,0.2578125,-0.2578125,2.094224209024105,-162.7190928474599,7.368272463281755e-07,7.790696507150477,0.020779077789153565,12.0,1.0,0.0,0.0,0.0,0.0,1.0
226,0.42216410091522827,0.8443282018304565,-0.01670116756683835,0.0,2.3828125,-0.1875,0.1875,2.0947484170319512,-188.87198161766176,7.368272463281755e-07,7.853058479048989,0.01992482120509852,12.0,1.0,0.0,0.0,0.0,0.0,1.0
227,0.4113869694053959,0.8227739388107917,-0.006762895788521643,0.0,2.3125,-0.0234375,0.0234375,2.0136092499597,-110.70573970433828,7.368272463281755e-07,7.935556417161768,0.020189344332638113,12.0,1.0,0.0,0.0,0.0,0.0,1.0
228,0.37499999583333343,0.7499999916666669,-0.009542547500326409,0.0,2.390625,0.1484375,-0.1484375,2.1128081250353716,-258.0305004805521,7.368272463281755e-07,7.96248779242689,0.020528849373063582,12.0,1.0,0.0,0.0,0.0,0.0,1.0
229,0.37499999583333343,0.7499999916666669,-0.009062526052119924,0.0,2.140625,0.0390625,-0.0390625,1.8467196249985136,-437.35101092818877,7.368272463281755e-07,7.488841250538826,0.02394362261596446,12.0,3.0,0.0,0.0,0.0,0.0,1.0
230,0.37499999583333343,0.7499999916666669,-0.016298532521964615,0.0,2.1640625,0.171875,-0.171875,1.865478458988946,-439.28292507212944,7.368272463281755e-07,7.50848185022672,0.024353791080001328,12.0,3.0,0.0,0.0,0.0,0.0,1.0
231,0.37499999583333343,0.7499999916666669,-0.011123415446565794,0.0,2.09375,0.109375,-0.109375,1.8337930000270717,-463.9890355997716,7.368272463281755e-07,7.393656177653207,0.026943904606418476,12.0,3.0,0.0,0.0,0.0,0.0,1.0
232,0.37499999583333343,0.7499999916666669,-0.00857599963822597,0.0,2.1875,-0.1796875,0.1796875,1.9990987500059418,-300.3646954459562,7.368272463281755e-07,7.516832676198748,0.02894270270028048,12.0,3.0,0.0,0.0,0.0,0.0,1.0
233,0.37499999583333343,0.7499999916666669,-0.01688974917569062,0.0,2.1015625,0.1875,-0.1875,1.8552771669928916,-405.1504139569967,7.368272463281755e-07,7.6173071596357556,0.029218618447581928,12.0,3.0,0.0,0.0,0.0,0.0,1.0
234,0.37499999583333343,0.7499999916666669,-0.012966727317176165,0.0,2.1484375,-0.0078125,0.0078125,1.9121932499692775,-454.31408016047476,7.368272463281755e-07,7.649304423067305,0.029551356565207243,12.0,3.0,0.0,0.0,0.0,0.0,1.0
235,0.37499999583333343,0.7499999916666669,-0.0074596354051402565,0.0,2.1328125,0.171875,-0.171875,1.86072958400473,-320.22852082985264,7.368272463281755e-07,7.675698750548893,0.029882200579676364,12.0,3.0,0.0,0.0,0.0,0.0,1.0
236,0.37499999583333343,0.7499999916666669,-0.010252664927871054,0.0,2.1640625,0.25,-0.25,1.8875783330295235,-456.4440365557498,7.368272463281755e-07,7.7031757434209185,0.030261741175005834,12.0,3.0,0.0,0.0,0.0,0.0,1.0
237,0.37499999583333343,0.7499999916666669,-0.005137854537942546,0.0,2.171875,-0.0546875,0.0546875,1.8912544999620877,-263.6306730745498,7.368272463281755e-07,7.729746950997247,0.030596014836596117,12.0,3.0,0.0,0.0,0.0,0.0,1.0
238,0.37499999583333343,0.7499999916666669,-0.00888241346207798,0.0,2.140625,0.296875,-0.296875,1.8680496250162832,-469.1074211406469,7.368272463281755e-07,7.754008756743537,0.030939010437577963,12.0,3.0,0.0,0.0,0.0,0.0,1.0
239,0.37499999583333343,0.7499999916666669,-0.012288553970881253,0.0,2.140625,-0.1171875,0.1171875,1.855548249965068,-415.43177962322505,7.368272463281755e-07,7.776666363080342,0.031237366040133767,12.0,3.0,0.0,0.0,0.0,0.0,1.0
240,0.37499999583333343,0.7499999916666669,-0.014271174983582642,0.0,2.09375,0.3203125,-0.3203125,1.8217247500433587,-357.2557577000479,7.368272463281755e-07,7.794570300314161,0.03153061577015453,12.0,3.0,0.0,0.0,0.0,0.0,1.0
241,0.37499999583333343,0.7499999916666669,-0.012251328656402405,0.0,2.1171875,-0.046875,0.046875,1.865451125020627,-520.9877648230408,7.368272463281755e-07,7.660977866914537,0.029574896726343367,12.0,3.0,0.0,0.0,0.0,0.0,1.0
242,0.37499999583333343,0.7499999916666669,-0.014805751494266323,0.0,2.1015625,-0.046875,0.046875,1.8680901249754243,-428.62558222348804,7.368272463281755e-07,7.789289010895623,0.02808332158666518,12.0,3.0,0.0,0.0,0.0,0.0,1.0
243,0.37499999583333343,0.7499999916666669,-0.01209563963034594,0.0,2.15625,-0.046875,0.046875,1.8866956669953652,-437.71397650760156,7.368272463281755e-07,7.8335738976796465,0.028452726029273536,12.0,3.0,0.0,0.0,0.0,0.0,1.0
244,0.37499999583333343,0.7499999916666669,-0.010971067788360335,0.0,2.1328125,0.03125,-0.03125,1.9275911249569617,-453.4727504576519,7.368272463281755e-07,7.844459387991163,0.028798482277327113,12.0,3.0,0.0,0.0,0.0,0.0,1.0
245,0.37499999583333343,0.7499999916666669,-0.02037340635234497,0.0,2.0703125,0.1484375,-0.1484375,1.8120739160222001,-467.91767069978533,7.368272463281755e-07,7.853200727038914,0.029084940233992204,12.0,3.0,0.0,0.0,0.0,0.0,1.0
246,0.37499999583333343,0.7499999916666669,-0.009872428732093999,0.0,2.125,0.40625,-0.40625,1.8342409169999883,-543.378792124636,7.368272463281755e-07,7.864235825008816,0.02942350630958875,12.0,3.0,0.0,0.0,0.0,0.0,1.0
247,0.37499999583333343,0.7499999916666669,-0.01787891446297147,0.0,2.09375,0.375,-0.375,1.8533635420026258,-512.694742679596,7.368272463281755e-07,7.87488849957784,0.029727389777286187,12.0,3.0,0.0,0.0,0.0,0.0,1.0
248,0.37499999583333343,0.7499999916666669,-0.016649227628263135,0.0,2.1484375,0.1875,-0.1875,1.8793775830417871,-519.4727674449574,7.368272463281755e-07,7.885110908084446,0.030081753774235647,12.0,3.0,0.0,0.0,0.0,0.0,1.0
249,0.37499999583333343,0.7499999916666669,-0.018425889322304427,0.0,2.125,0.125,-0.125,1.8365835000295192,-495.71297737430126,7.368272463281755e-07,7.894956151644389,0.03039166538251771,12.0,3.0,0.0,0.0,0.0,0.0,1.0
250,0.37499999583333343,0.7499999916666669,-0.007468061208824402,0.0,2.1015625,0.109375,-0.109375,1.8609374159714207,-542.1817055741208,7.368272463281755e-07,7.755513151486714,0.0328747832423283,12.0,3.0,0.0,0.0,0.0,0.0,1.0
251,0.37499999583333343,0.7499999916666669,-0.01144778903694716,0.0,2.1640625,0.1484375,-0.1484375,1.8724030840094201,-450.40011569327294,7.368272463281755e-07,7.811439620123969,0.034857353712949485,12.0,3.0,0.0,0.0,0.0,0.0,1.0
252,0.37499999583333343,0.7499999916666669,-0.020692533543327358,0.0,2.1484375,-0.0625,0.0625,1.9475665420177393,-507.95416797050837,7.368272463281755e-07,7.926043748855591,0.03552511763862438,12.0,3.0,0.0,0.0,0.0,0.0,1.0
253,0.37499999583333343,0.7499999916666669,-0.009694450646040123,0.0,2.1484375,0.2109375,-0.2109375,1.9076530839665793,-490.8968674402596,7.368272463281755e-07,7.935129430558947,0.035875319296287164,12.0,3.0,0.0,0.0,0.0,0.0,1.0
254,0.37499999583333343,0.7499999916666669,-0.01749859516083225,0.0,2.09375,-0.1171875,0.1171875,1.8354846659931354,-643.5337278908581,7.368272463281755e-07,7.943155275450812,0.036170617625531226,12.0,3.0,0.0,0.0,0.0,0.0,1.0
255,0.37499999583333343,0.7499999916666669,-0.01933355579415031,0.0,2.125,0.3046875,-0.3046875,1.8430782089708373,-528.2641037810041,7.368272463281755e-07,7.952682985199822,0.03652432685097059,12.0,3.0,0.0,0.0,0.0,0.0,1.0
256,0.37499999583333343,0.7499999916666669,-0.017886701766704816,0.0,2.0625,0.1640625,-0.1640625,1.9088599999668077,-658.6982167361112,7.368272463281755e-07,7.959770467546251,0.036804916285392314,12.0,3.0,0.0,0.0,0.0,0.0,1.0
257,0.37499999583333343,0.7499999916666669,-0.014163174603232109,0.0,2.1875,-0.1796875,0.1796875,1.879637875012122,-491.6691685067097,7.368272463281755e-07,7.971161617173089,0.037166772306793265,12.0,3.0,0.0,0.0,0.0,0.0,1.0
258,0.37499999583333343,0.7499999916666669,-0.024084877145779587,0.0,2.09375,0.2265625,-0.2265625,1.8379212080035359,-625.2437792536039,7.368272463281755e-07,7.830455289946662,0.03523707726142473,12.0,3.0,0.0,0.0,0.0,0.0,1.0
259,0.37499999583333343,0.7499999916666669,-0.013110595504516676,0.0,2.09375,0.3515625,-0.3515625,1.8698090830002911,-679.5385755567409,7.368272463281755e-07,7.923015528255039,0.033570512301392026,12.0,3.0,0.0,0.0,0.0,0.0,1.0
260,0.37499999583333343,0.7499999916666669,-0.018322197152794855,0.0,2.125,-0.09375,0.09375,1.8314777500345372,-534.4019601204816,7.368272463281755e-07,7.995041847229004,0.033887082503901586,12.0,3.0,0.0,0.0,0.0,0.0,1.0
261,0.37499999583333343,0.7499999916666669,-0.010544222563803968,0.0,2.09375,0.25,-0.25,1.832027291005943,-586.7709042136349,7.368272463281755e-07,8.002287348111471,0.034183267038315535,12.0,3.0,0.0,0.0,0.0,0.0,1.0
262,0.37499999583333343,0.7499999916666669,-0.011107484683544952,0.0,2.1171875,0.25,-0.25,1.8518627500161529,-605.6277482500815,7.368272463281755e-07,8.007438580195108,0.03452128523753749,12.0,3.0,0.0,0.0,0.0,0.0,1.0
263,0.37499999583333343,0.7499999916666669,-0.015044326171824338,0.0,2.1328125,0.078125,-0.078125,1.860970208013896,-541.1037300794552,7.368272463281755e-07,8.013787812656826,0.03482916299253702,12.0,3.0,0.0,0.0,0.0,0.0,1.0
264,0.37499999583333343,0.7499999916666669,-0.014749354983702905,0.0,2.171875,0.296875,-0.296875,1.9176203340175562,-445.4785751301608,7.368272463281755e-07,8.01999040444692,0.035195086099621326,12.0,3.0,0.0,0.0,0.0,0.0,1.0
265,0.37499999583333343,0.7499999916666669,-0.012695634855651096,0.0,2.09375,0.0546875,-0.0546875,1.8450572500005364,-744.517898388763,7.368272463281755e-07,8.02462465233273,0.03547718660492036,12.0,3.0,0.0,0.0,0.0,0.0,1.0
266,0.37499999583333343,0.7499999916666669,-0.024049091899825754,0.0,2.0703125,0.3515625,-0.3515625,1.8168080420000479,-852.6127934581829,7.368272463281755e-07,8.029322915607029,0.035737409670319825,12.0,3.0,0.0,0.0,0.0,0.0,1.0
267,0.37499999583333343,0.7499999916666669,-0.015949654799822938,0.0,2.1640625,0.0078125,-0.0078125,1.9219665409764275,-555.1082345570037,7.368272463281755e-07,8.03480719195472,0.03611115035083559,12.0,3.0,0.0,0.0,0.0,0.0,1.0
268,0.37499999583333343,0.7499999916666669,-0.01713809016288616,0.0,2.1015625,0.1640625,-0.1640625,1.8491897500352934,-709.6791701618181,7.368272463281755e-07,8.03970554139879,0.03640642715618014,12.0,3.0,0.0,0.0,0.0,0.0,1.0
269,0.37499999583333343,0.7499999916666669,-0.022627409986916498,0.0,2.109375,0.0078125,-0.0078125,1.9610227500088513,-870.4037701716393,7.368272463281755e-07,7.9022805955674915,0.03935027950339847,12.0,3.0,0.0,0.0,0.0,0.0,1.0
270,0.37499999583333343,0.7499999916666669,-0.024259512523319402,0.0,2.1015625,0.03125,-0.03125,1.836793625028804,-688.9870743193537,7.368272463281755e-07,8.004190882047018,0.041376135725941926,12.0,3.0,0.0,0.0,0.0,0.0,1.0
271,0.37499999583333343,0.7499999916666669,-0.02031282078666025,0.0,2.15625,0.09375,-0.09375,1.8627590829855762,-647.7459006889981,7.368272463281755e-07,8.053449445300632,0.041756828470776476,12.0,3.0,0.0,0.0,0.0,0.0,1.0
272,0.37499999583333343,0.7499999916666669,-0.023050354559954845,0.0,2.1796875,0.0625,-0.0625,1.9189459580229595,-562.7164991232287,7.368272463281755e-07,8.05862808227539,0.042127522743410535,12.0,3.0,0.0,0.0,0.0,0.0,1.0
273,0.37499999583333343,0.7499999916666669,-0.020913193177945655,0.0,2.140625,0.0625,-0.0625,1.8485078329686075,-825.1744662241747,7.368272463281755e-07,8.06238579750061,0.04249003902077675,12.0,3.0,0.0,0.0,0.0,0.0,1.0
274,0.37499999583333343,0.7499999916666669,-0.02590840766682596,0.0,2.140625,0.0859375,-0.0859375,1.8481141660013236,-726.8880089571016,7.368272463281755e-07,8.065965957111782,0.04282013073356615,12.0,3.0,0.0,0.0,0.0,0.0,1.0
275,0.37499999583333343,0.7499999916666669,-0.020970820867350266,0.0,2.1640625,0.234375,-0.234375,1.883919874962885,-745.7342594840804,7.368272463281755e-07,8.069578329722086,0.04317312832507822,12.0,3.0,0.0,0.0,0.0,0.0,1.0
276,0.37499999583333343,0.7499999916666669,-0.020657783544441043,0.0,2.140625,-0.1328125,0.1328125,1.8569965840433724,-751.7179390404128,7.368272463281755e-07,7.924426158269246,0.04128028524832593,12.0,3.0,0.0,0.0,0.0,0.0,1.0
277,0.37499999583333343,0.7499999916666669,-0.013243904970749325,0.0,2.140625,0.1484375,-0.1484375,1.8500361670157872,-676.1128515257452,7.368272463281755e-07,7.965720083978441,0.04008986216245426,12.0,3.0,0.0,0.0,0.0,0.0,1.0
278,0.37499999583333343,0.7499999916666669,-0.019850970310265198,0.0,2.109375,0.203125,-0.203125,1.8517733329790644,-717.3277591281467,7.368272463281755e-07,8.079640918307835,0.03967947357644638,12.0,3.0,0.0,0.0,0.0,0.0,1.0
279,0.37499999583333343,0.7499999916666669,-0.025394112922964947,0.0,2.09375,0.0390625,-0.0390625,1.8539797919802368,-913.6661860622577,7.368272463281755e-07,8.083319690492418,0.03993708371288247,12.0,3.0,0.0,0.0,0.0,0.0,1.0
280,0.37499999583333343,0.7499999916666669,-0.02541909117363958,0.0,2.140625,0.1171875,-0.1171875,1.8514205410028808,-927.4442733012846,7.368272463281755e-07,8.087057643466526,0.040260054636746645,12.0,3.0,0.0,0.0,0.0,0.0,1.0
281,0.37499999583333343,0.7499999916666669,-0.022992028633820518,0.0,2.2109375,0.046875,-0.046875,1.9083477089880034,-566.732445208007,7.368272463281755e-07,8.09150497118632,0.04061686025104589,12.0,3.0,0.0,0.0,0.0,0.0,1.0
282,0.37499999583333343,0.7499999916666669,-0.024789078411663702,0.0,2.109375,0.1484375,-0.1484375,1.951954709016718,-723.747754711575,7.368272463281755e-07,8.09532544347975,0.04090919035176436,12.0,3.0,0.0,0.0,0.0,0.0,1.0
283,0.37499999583333343,0.7499999916666669,-0.021827636990813172,0.0,2.0703125,0.046875,-0.046875,1.8062087500002235,-855.6591875904011,7.368272463281755e-07,8.099110205968222,0.04111673191396727,12.0,3.0,0.0,0.0,0.0,0.0,1.0
284,0.37499999583333343,0.7499999916666669,-0.023381745484659294,0.0,2.09375,0.296875,-0.296875,1.8840385419898666,-833.6013997917745,7.368272463281755e-07,8.102274735768637,0.04140719140155448,12.0,3.0,0.0,0.0,0.0,0.0,1.0
285,0.37499999583333343,0.7499999916666669,-0.02851231657496997,0.0,2.140625,0.0703125,-0.0703125,1.907837833976373,-691.2501332916482,7.368272463281755e-07,8.10653437508477,0.04169918141431279,12.0,3.0,0.0,0.0,0.0,0.0,1.0
286,0.37499999583333343,0.7499999916666669,-0.02661513461569484,0.0,2.1015625,-0.203125,0.203125,1.8503364169737324,-1027.0674387992094,7.368272463281755e-07,8.108867353863186,0.04195970602126585,12.0,3.0,0.0,0.0,0.0,0.0,1.0
287,0.37499999583333343,0.7499999916666669,-0.019941151998015563,0.0,2.1171875,-0.1171875,0.1171875,1.8662480829516426,-1078.2637513783586,7.368272463281755e-07,8.11169179280599,0.04227563086897135,12.0,3.0,0.0,0.0,0.0,0.0,1.0
288,0.37499999583333343,0.7499999916666669,-0.021799919640114882,0.0,2.1015625,0.015625,-0.015625,1.8455867089796811,-838.4413360538979,7.368272463281755e-07,8.114468389087254,0.04257504507485363,12.0,3.0,0.0,0.0,0.0,0.0,1.0
289,0.37499999583333343,0.7499999916666669,-0.027975040838893628,0.0,2.140625,0.0546875,-0.0546875,1.8466255000093952,-1016.5727471075357,7.368272463281755e-07,7.967033492194282,0.045115422974858016,12.0,3.0,0.0,0.0,0.0,0.0,1.0
290,0.37499999583333343,0.7499999916666669,-0.02438853103581877,0.0,2.15625,0.296875,-0.296875,1.9032682499964722,-960.5045352306386,7.368272463281755e-07,8.032939910888672,0.047011131782912545,12.0,3.0,0.0,0.0,0.0,0.0,1.0
291,0.37499999583333343,0.7499999916666669,-0.02176448297493874,0.0,2.140625,0.0703125,-0.0703125,1.8510057919775136,-855.032996438686,7.368272463281755e-07,8.117753134833443,0.04809677228331566,12.0,3.0,0.0,0.0,0.0,0.0,1.0
292,0.37499999583333343,0.7499999916666669,-0.026940203069364264,0.0,2.1015625,0.2265625,-0.2265625,1.8817260829964653,-1117.6113091477403,7.368272463281755e-07,7.9816329214307995,0.04585501862068971,12.0,3.0,0.0,0.0,0.0,0.0,1.0
293,0.37499999583333343,0.7499999916666669,-0.025244553706832814,0.0,2.0859375,0.1484375,-0.1484375,1.8566809579497203,-1083.6663044418735,7.368272463281755e-07,7.979722327656216,0.04403107846155763,12.0,3.0,0.0,0.0,0.0,0.0,1.0
294,0.37499999583333343,0.7499999916666669,-0.02166647667754078,0.0,2.1875,-0.25,0.25,1.8851792499772273,-795.7827188355582,7.368272463281755e-07,8.033351553810967,0.04435732039726443,12.0,3.0,0.0,0.0,0.0,0.0,1.0
295,0.37499999583333343,0.7499999916666669,-0.02650320002648176,0.0,2.078125,0.1875,-0.1875,1.8217955000000075,-1055.7197530359254,7.368272463281755e-07,8.076991822984484,0.04462886042892933,12.0,3.0,0.0,0.0,0.0,0.0,1.0
296,0.37499999583333343,0.7499999916666669,-0.026382833326054563,0.0,2.0859375,0.171875,-0.171875,1.8387330829864368,-1248.5421600056052,7.368272463281755e-07,8.113491429222954,0.04490223407952322,12.0,3.0,0.0,0.0,0.0,0.0,1.0
297,0.37499999583333343,0.7499999916666669,-0.024597567652896512,0.0,2.1328125,0.0234375,-0.0234375,1.8659051660215482,-915.0215496719975,7.368272463281755e-07,8.120994819535149,0.04521265206858516,12.0,3.0,0.0,0.0,0.0,0.0,1.0
298,0.37499999583333343,0.7499999916666669,-0.016468617733596584,0.0,2.125,0.0859375,-0.0859375,1.8724713330157101,-908.7709220297196,7.368272463281755e-07,8.120885226461622,0.045506271119746894,12.0,3.0,0.0,0.0,0.0,0.0,1.0
299,0.37499999583333343,0.7499999916666669,-0.01358229718303575,0.0,2.0859375,0.015625,-0.015625,1.8252638750127517,-1206.6811364991834,7.368272463281755e-07,8.119765175713432,0.045784474505732455,12.0,3.0,0.0,0.0,0.0,0.0,1.0
300,0.37499999583333343,0.7499999916666669,-0.02815610581719413,0.0,2.09375,-0.171875,0.171875,1.833030084031634,-1115.8505155079401,7.368272463281755e-07,8.120154367552864,0.0460725454096165,12.0,3.0,0.0,0.0,0.0,0.0,1.0
301,0.37499999583333343,0.7499999916666669,-0.026406520908090612,0.0,2.125,0.109375,-0.109375,1.875082791026216,-1014.7654342511121,7.368272463281755e-07,8.12059920363956,0.04636846467231711,12.0,3.0,0.0,0.0,0.0,0.0,1.0
302,0.37499999583333343,0.7499999916666669,-0.02986097048444207,0.0,2.1328125,0.0703125,-0.0703125,1.8771630830015056,-962.6168519882929,7.368272463281755e-07,8.120847953690422,0.046688396535399884,12.0,3.0,0.0,0.0,0.0,0.0,1.0
303,0.37499999583333343,0.7499999916666669,-0.02911205411104622,0.0,2.1484375,0.3046875,-0.3046875,1.9873996250098571,-1032.3143630565296,7.368272463281755e-07,8.119956877496508,0.047003145433134504,12.0,3.0,0.0,0.0,0.0,0.0,1.0
304,0.37499999583333343,0.7499999916666669,-0.040288255665491456,0.0,2.1328125,0.3046875,-0.3046875,1.8697948749759234,-858.5700393509079,7.368272463281755e-07,8.119137393103706,0.04729528000785245,12.0,3.0,0.0,0.0,0.0,0.0,1.0
305,0.37499999583333343,0.7499999916666669,-0.02047122678745142,0.0,2.125,0.1953125,-0.1953125,1.8387590000056662,-881.0005389101365,7.368272463281755e-07,8.117423070801628,0.04758586299916109,12.0,3.0,0.0,0.0,0.0,0.0,1.0
306,0.37499999583333343,0.7499999916666669,-0.0333292106082065,0.0,2.1171875,0.1015625,-0.1015625,1.8581870829802938,-1236.8170395178988,7.368272463281755e-07,8.11505256758796,0.047819826234545976,12.0,3.0,0.0,0.0,0.0,0.0,1.0
307,0.37499999583333343,0.7499999916666669,-0.027712445784563725,0.0,2.125,0.4609375,-0.4609375,1.8491522090043873,-1042.7296565560735,7.368272463281755e-07,8.111475586891174,0.04808816220611334,12.0,3.0,0.0,0.0,0.0,0.0,1.0
308,0.37499999583333343,0.7499999916666669,-0.019853485601089346,0.0,2.1015625,-0.0234375,0.0234375,1.8428807919844985,-1014.3310875024051,7.368272463281755e-07,8.108890891075134,0.04831868203149901,12.0,3.0,0.0,0.0,0.0,0.0,1.0
309,0.37499999583333343,0.7499999916666669,-0.03548470268401949,0.0,2.125,0.3046875,-0.3046875,1.8924991660169326,-1174.4456287271837,7.368272463281755e-07,8.106939461496141,0.048590435129072934,12.0,3.0,0.0,0.0,0.0,0.0,1.0
310,0.37499999583333343,0.7499999916666669,-0.0261044762416869,0.0,2.078125,0.109375,-0.109375,1.828427875007037,-1268.3912607924383,7.368272463281755e-07,8.105254782570732,0.048816734097070165,12.0,3.0,0.0,0.0,0.0,0.0,1.0
311,0.37499999583333343,0.7499999916666669,-0.03329475851538986,0.0,2.1015625,-0.09375,0.09375,1.85142275004182,-1237.3110728636107,7.368272463281755e-07,8.101754943529764,0.04906713114016586,12.0,3.0,0.0,0.0,0.0,0.0,1.0
312,0.37499999583333343,0.7499999916666669,-0.027102405835570442,0.0,2.1640625,0.203125,-0.203125,1.8732626659912057,-1124.0919153647303,7.368272463281755e-07,8.098044051064385,0.049353562812838286,12.0,3.0,0.0,0.0,0.0,0.0,1.0
313,0.37499999583333343,0.7499999916666669,-0.033112853107126076,0.0,2.1328125,0.046875,-0.046875,1.861493917007465,-1305.6861996912694,7.368272463281755e-07,8.095098627938164,0.04961819450060526,12.0,3.0,0.0,0.0,0.0,0.0,1.0
314,0.37499999583333343,0.7499999916666669,-0.03311223534600058,0.0,2.140625,0.0,0.0,1.887995959026739,-1190.348826234358,7.368272463281755e-07,8.091409007708231,0.049897378569261894,12.0,3.0,0.0,0.0,0.0,0.0,1.0
315,0.37499999583333343,0.7499999916666669,-0.029099331216747133,0.0,2.171875,-0.1015625,0.1015625,1.895734540943522,-1186.5149676096526,7.368272463281755e-07,8.08843465646108,0.050174830947071314,12.0,3.0,0.0,0.0,0.0,0.0,1.0
316,0.37499999583333343,0.7499999916666669,-0.026679409814472144,0.0,2.109375,-0.0234375,0.0234375,1.9149827500223182,-1494.8406673855252,7.368272463281755e-07,8.083857430352104,0.05042098198706905,12.0,3.0,0.0,0.0,0.0,0.0,1.0
317,0.37499999583333343,0.7499999916666669,-0.023120004901195337,0.0,2.15625,0.140625,-0.140625,1.9590019580209628,-743.3582252004873,7.368272463281755e-07,8.079430547025469,0.050678906237913504,12.0,3.0,0.0,0.0,0.0,0.0,1.0
318,0.37499999583333343,0.7499999916666669,-0.032111254283145936,0.0,2.1015625,0.015625,-0.015625,1.8545040410244837,-1207.829387622252,7.368272463281755e-07,8.073577589458889,0.05090863989769585,12.0,3.0,0.0,0.0,0.0,0.0,1.0
319,0.3749999960396544,0.7499999920793088,-0.027213347170800775,0.0,2.1015625,0.0546875,-0.0546875,1.8527857909793966,-1111.546863017029,7.368272463281755e-07,8.068864643573761,0.05113128021669885,12.0,3.0,0.0,0.0,0.0,0.0,1.0
320,0.4111065762559165,0.822213152511833,-0.031583989877587565,0.0,2.234375,-0.0078125,0.0078125,1.980363041977398,-989.535532437838,7.368272463281755e-07,8.41625229878859,0.043448760978538885,12.0,1.0,0.0,0.0,0.0,0.0,1.0
321,0.42273570976868347,0.8454714195373669,-0.028077333297703365,0.0,2.390625,0.125,-0.125,2.0817968750488944,-860.4387030258678,7.368272463281755e-07,8.393221191384576,0.04362918954707724,12.0,1.0,0.0,0.0,0.0,0.0,1.0
322,0.42777420282395623,0.8555484056479125,-0.02456860563783248,0.0,2.375,-0.0546875,0.0546875,2.0508444169536233,-670.4690591661554,7.368272463281755e-07,8.38215674053539,0.04476815687270242,12.0,1.0,0.0,0.0,0.0,0.0,1.0
323,0.42932709651278006,0.8586541930255601,-0.034100472903494404,0.0,2.4765625,0.5546875,-0.5546875,2.1599945420166478,-598.3630727387574,7.368272463281755e-07,8.37346276640892,0.04711820973633704,12.0,1.0,0.0,0.0,0.0,0.0,1.0
324,0.42996392872607975,0.8599278574521595,-0.03373234757239128,0.0,2.3984375,0.1015625,-0.1015625,2.088581375021022,-684.3385398402808,7.368272463281755e-07,8.37222123010592,0.047361553233878854,12.0,1.0,0.0,0.0,0.0,0.0,1.0
325,0.43004450730492283,0.8600890146098457,-0.03238090566121269,0.0,2.453125,0.2265625,-0.2265625,2.1157054160139523,-752.9713277379518,7.368272463281755e-07,8.372526575218547,0.0476326895983551,12.0,1.0,0.0,0.0,0.0,0.0,1.0
326,0.42977212008880256,0.8595442401776051,-0.03951773514616726,0.0,2.3828125,0.0859375,-0.0859375,2.1008333330391906,-751.199086977285,7.368272463281755e-07,8.371139142323624,0.04785093130670826,12.0,1.0,0.0,0.0,0.0,0.0,1.0
327,0.42904346860419407,0.8580869372083881,-0.03147469030691573,0.0,2.3984375,0.203125,-0.203125,2.137020958994981,-523.6079964901803,7.368272463281755e-07,8.372254168445414,0.048123772906943814,12.0,1.0,0.0,0.0,0.0,0.0,1.0
328,0.42770213860289635,0.8554042772057927,-0.03103852464255912,0.0,2.4609375,0.40625,-0.40625,2.144309583993163,-554.6294125753735,7.368272463281755e-07,8.372708662667058,0.04838693355188959,12.0,1.0,0.0,0.0,0.0,0.0,1.0
329,0.4241451993160636,0.8482903986321272,-0.033654617592433975,0.0,2.4296875,0.2265625,-0.2265625,2.100016709009651,-470.4106134494401,7.368272463281755e-07,8.37176881662824,0.04868535458676475,12.0,1.0,0.0,0.0,0.0,0.0,1.0
330,0.4178057865466961,0.8356115730933922,-0.031174634806586565,0.0,2.390625,-0.03125,0.03125,2.101909250020981,-769.6850611618141,7.368272463281755e-07,8.371193098412318,0.048973204889824214,12.0,1.0,0.0,0.0,0.0,0.0,1.0
331,0.40687794684488715,0.8137558936897743,-0.03080395137088226,0.0,2.265625,0.0703125,-0.0703125,1.945334040967282,-687.7057227562213,7.368272463281755e-07,8.370184455744244,0.04924042102952213,12.0,1.0,0.0,0.0,0.0,0.0,1.0
332,0.37499999583333343,0.7499999916666669,-0.035710328504812275,0.0,2.28125,-0.0390625,0.0390625,1.9673108329880051,-1147.93730285206,7.368272463281755e-07,8.37121676721356,0.04947712426523636,12.0,1.0,0.0,0.0,0.0,0.0,1.0
333,0.37499999583333343,0.7499999916666669,-0.03212717972891271,0.0,2.09375,0.078125,-0.078125,1.8745897089829668,-1763.1704462026776,7.368272463281755e-07,8.01434656439556,0.05479817051996684,12.0,3.0,0.0,0.0,0.0,0.0,1.0
334,0.37499999583333343,0.7499999916666669,-0.023198470015924604,0.0,2.0859375,0.125,-0.125,1.8252687089843675,-1344.1601698260113,7.368272463281755e-07,8.019846671157413,0.05503355535782046,12.0,3.0,0.0,0.0,0.0,0.0,1.0
335,0.37499999583333343,0.7499999916666669,-0.03542041263933716,0.0,2.1015625,-0.078125,0.078125,1.8509218749823049,-1634.4146538350358,7.368272463281755e-07,8.02539369960626,0.05528669816622925,12.0,3.0,0.0,0.0,0.0,0.0,1.0
336,0.37499999583333343,0.7499999916666669,-0.02622677606891955,0.0,2.1484375,0.1328125,-0.1328125,1.8721986250020564,-1386.0245894639736,7.368272463281755e-07,8.03033756547504,0.05560011027329084,12.0,3.0,0.0,0.0,0.0,0.0,1.0
337,0.37499999583333343,0.7499999916666669,-0.04590609531386289,0.0,2.140625,0.0,0.0,1.8443478749832138,-1218.16306749664,7.368272463281755e-07,8.034969742099443,0.05588556353985849,12.0,3.0,0.0,0.0,0.0,0.0,1.0
338,0.37499999583333343,0.7499999916666669,-0.036167391394562064,0.0,2.125,0.0078125,-0.0078125,1.8521272920188494,-1505.2451986425062,7.368272463281755e-07,8.039848145511415,0.056126221367675394,12.0,3.0,0.0,0.0,0.0,0.0,1.0
339,0.37499999583333343,0.7499999916666669,-0.03129605925523154,0.0,2.1015625,0.25,-0.25,1.9087603339576162,-1641.919605212584,7.368272463281755e-07,8.047446462843153,0.05634441733774212,12.0,3.0,0.0,0.0,0.0,0.0,1.0
340,0.37499999583333343,0.7499999916666669,-0.02903564351180739,0.0,2.1328125,-0.15625,0.15625,1.8631433339905925,-1870.4980190682325,7.368272463281755e-07,8.054651584890154,0.05660386745714479,12.0,3.0,0.0,0.0,0.0,0.0,1.0
341,0.37499999583333343,0.7499999916666669,-0.03754457745597635,0.0,2.1171875,0.296875,-0.296875,1.8430010830052197,-1862.3854230198033,7.368272463281755e-07,8.064318011204401,0.05686521760395004,12.0,3.0,0.0,0.0,0.0,0.0,1.0
342,0.37499999583333343,0.7499999916666669,-0.028518544937948004,0.0,2.1328125,-0.140625,0.140625,1.9542578749824315,-1679.1012022137206,7.368272463281755e-07,8.071758949094349,0.05711311934929755,12.0,3.0,0.0,0.0,0.0,0.0,1.0
343,0.37499999583333343,0.7499999916666669,-0.027969778552848344,0.0,2.1015625,0.1171875,-0.1171875,1.8663215420092456,-2256.0836918203363,7.368272463281755e-07,8.079070511791441,0.05738103578591512,12.0,3.0,0.0,0.0,0.0,0.0,1.0
344,0.37499999583333343,0.7499999916666669,-0.030053292370099318,0.0,2.109375,0.140625,-0.140625,1.8426139579969458,-1689.294115193685,7.368272463281755e-07,8.085477213064829,0.05763412968048619,12.0,3.0,0.0,0.0,0.0,0.0,1.0
345,0.4143619958249807,0.8287239916499614,-0.04043088566526418,0.0,2.1328125,0.140625,-0.140625,1.8635945830028504,-1203.7517223707487,7.368272463281755e-07,8.090403430991703,0.05789927253499627,12.0,3.0,0.0,0.0,0.0,0.0,1.0
346,0.43749999500000003,0.8749999900000001,-0.034855214167621634,0.0,2.3203125,-0.046875,0.046875,2.0780260000028647,-1005.3954935812388,7.368272463281755e-07,8.424058285626499,0.0525615949511782,12.0,1.0,0.0,0.0,0.0,0.0,1.0
347,0.43749999500000003,0.8749999900000001,-0.04147019588602248,0.0,2.453125,-0.1328125,0.1328125,2.14170745795127,-574.3981167495631,7.368272463281755e-07,8.406498689543117,0.052996593083000997,12.0,1.0,0.0,0.0,0.0,0.0,1.0
348,0.43749999500000003,0.8749999900000001,-0.02718578067603372,0.0,2.453125,0.140625,-0.140625,2.088145541958511,-701.1955335337645,7.368272463281755e-07,8.403621020642193,0.05346570682542568,12.0,1.0,0.0,0.0,0.0,0.0,1.0
349,0.43749999500000003,0.8749999900000001,-0.03478571133635528,0.0,2.4921875,0.1875,-0.1875,2.128673458006233,-411.28183631538224,7.368272463281755e-07,8.421091334386306,0.053877244661138815,12.0,1.0,0.0,0.0,0.0,0.0,1.0
350,0.43749999500000003,0.8749999900000001,-0.028606472661019986,0.0,2.3671875,0.2265625,-0.2265625,2.092008084000554,-865.2830181310673,7.368272463281755e-07,8.435643754222177,0.05413906236009842,12.0,1.0,0.0,0.0,0.0,0.0,1.0
351,0.43749999500000003,0.8749999900000001,-0.031423355475095706,0.0,2.359375,-0.0546875,0.0546875,2.1528164999908768,-864.7003766748289,7.368272463281755e-07,8.445424551313574,0.05441562691703439,12.0,1.0,0.0,0.0,0.0,0.0,1.0
352,0.43749999500000003,0.8749999900000001,-0.04286853959721134,0.0,2.5078125,0.34375,-0.34375,2.1819245829829015,-795.4068023111219,7.368272463281755e-07,8.456586962396448,0.054704885591160164,12.0,1.0,0.0,0.0,0.0,0.0,1.0
353,0.43749999500000003,0.8749999900000001,-0.050514455773609336,0.0,2.453125,0.296875,-0.296875,2.118553292006254,-620.4774529037961,7.368272463281755e-07,8.465094739740545,0.055018741277639165,12.0,1.0,0.0,0.0,0.0,0.0,1.0
354,0.43749999500000003,0.8749999900000001,-0.032576606938175184,0.0,2.5078125,0.40625,-0.40625,2.1989458330208436,-932.3292977401401,7.368272463281755e-07,8.473424559289759,0.055251869415356356,12.0,1.0,0.0,0.0,0.0,0.0,1.0
355,0.43749999500000003,0.8749999900000001,-0.03895240955573158,0.0,2.4453125,0.09375,-0.09375,2.122922125039622,-685.0812016691262,7.368272463281755e-07,8.47947746515274,0.055531550833786074,12.0,1.0,0.0,0.0,0.0,0.0,1.0
356,0.43749999500000003,0.8749999900000001,-0.02217967526869421,0.0,2.4765625,0.15625,-0.15625,2.1498332920018584,-474.24051697547503,7.368272463281755e-07,8.484804543581875,0.05580708530562168,12.0,1.0,0.0,0.0,0.0,0.0,1.0
357,0.43749999500000003,0.8749999900000001,-0.04078606859544231,0.0,2.40625,0.1953125,-0.1953125,2.0988013750175014,-1071.4048531024487,7.368272463281755e-07,8.488860298286784,0.05610833668404005,12.0,1.0,0.0,0.0,0.0,0.0,1.0
358,0.39583332875000005,0.7916666575000001,-0.039253766382462765,0.0,2.40625,0.125,-0.125,2.090196333010681,-502.3373908253459,7.368272463281755e-07,8.493336059830405,0.05638192198239267,12.0,1.0,0.0,0.0,0.0,0.0,1.0
359,0.39583332875000005,0.7916666575000001,-0.04174043183335219,0.0,2.2734375,0.2265625,-0.2265625,1.9693260419880971,-1482.957357190319,7.368272463281755e-07,8.47332265702161,0.05646625608840788,12.0,1.0,0.0,0.0,0.0,0.0,1.0
360,0.37499999583333343,0.7499999916666669,-0.03647328126038328,0.0,2.2890625,0.171875,-0.171875,2.081462916044984,-1412.7190861880983,7.368272463281755e-07,8.465296750718897,0.05665733441922136,12.0,1.0,0.0,0.0,0.0,0.0,1.0
361,0.37499999583333343,0.7499999916666669,-0.04486874288283739,0.0,2.109375,-0.203125,0.203125,1.8510679999599233,-2584.4128461950204,7.368272463281755e-07,8.100621226761076,0.06275435989826089,12.0,3.0,0.0,0.0,0.0,0.0,1.0
362,0.37499999583333343,0.7499999916666669,-0.043789724894298575,0.0,2.171875,0.1171875,-0.1171875,1.8941350000095554,-1668.8613451768178,7.368272463281755e-07,8.101348496145672,0.06294759155975448,12.0,3.0,0.0,0.0,0.0,0.0,1.0
363,0.37499999583333343,0.7499999916666669,-0.0398875354942391,0.0,2.109375,0.046875,-0.046875,1.8846447499818169,-2002.0117609696756,7.368272463281755e-07,8.113314625289705,0.06319312125237452,12.0,3.0,0.0,0.0,0.0,0.0,1.0
364,0.37499999583333343,0.7499999916666669,-0.02221722175309337,0.0,2.109375,0.0625,-0.0625,1.8639482079888694,-2291.6599189989165,7.368272463281755e-07,8.124719358152813,0.06345782661810517,12.0,3.0,0.0,0.0,0.0,0.0,1.0
365,0.37499999583333343,0.7499999916666669,-0.037182021271170006,0.0,2.109375,-0.0390625,0.0390625,1.8538599999737926,-2008.3036761923659,7.368272463281755e-07,8.134488311078814,0.06369138340879646,12.0,3.0,0.0,0.0,0.0,0.0,1.0
366,0.37499999583333343,0.7499999916666669,-0.03951203389214527,0.0,2.125,-0.2265625,0.2265625,1.834454707975965,-2081.8149337768555,7.368272463281755e-07,8.147373835245768,0.06389297175014184,12.0,3.0,0.0,0.0,0.0,0.0,1.0
367,0.37499999583333343,0.7499999916666669,-0.04302626397262588,0.0,2.1015625,-0.0078125,0.0078125,1.8698191669536754,-2277.6691971108817,7.368272463281755e-07,8.163943595356411,0.06410694562105669,12.0,3.0,0.0,0.0,0.0,0.0,1.0
368,0.37499999583333343,0.7499999916666669,-0.03332531234713036,0.0,2.1015625,-0.0078125,0.0078125,1.8476594999665394,-1811.9893753165206,7.368272463281755e-07,8.18209688531028,0.0643883088293175,12.0,3.0,0.0,0.0,0.0,0.0,1.0
369,0.37499999583333343,0.7499999916666669,-0.04386750719041571,0.0,2.1171875,0.0078125,-0.0078125,1.8524405840435065,-1867.2276711833433,7.368272463281755e-07,8.195305486520132,0.06467388316781984,12.0,3.0,0.0,0.0,0.0,0.0,1.0
370,0.3749999958648662,0.7499999917297324,-0.039627290314602645,0.0,2.1015625,0.1796875,-0.1796875,1.8822192089864984,-1860.7461285502493,7.368272463281755e-07,8.206053733825684,0.06496952070544164,12.0,3.0,0.0,0.0,0.0,0.0,1.0
371,0.37499999594460676,0.7499999918892135,-0.02919062201845134,0.0,2.1171875,0.1171875,-0.1171875,1.9241650410112925,-1641.4297418911078,7.368272463281755e-07,8.539005236192184,0.05879298944703557,12.0,1.0,0.0,0.0,0.0,0.0,1.0
372,0.37499999613857005,0.7499999922771401,-0.03586784562382039,0.0,2.1640625,0.1328125,-0.1328125,1.8612699169898406,-1993.6003699733033,7.368272463281755e-07,8.542486786842346,0.059072222179648554,12.0,1.0,0.0,0.0,0.0,0.0,1.0
373,0.43749999500000003,0.8749999900000001,-0.020794488231753838,0.0,2.1484375,0.2578125,-0.2578125,1.8783160840393975,-2822.7727222789417,7.368272463281755e-07,8.538858305324208,0.059367909667674794,12.0,1.0,0.0,0.0,0.0,0.0,1.0
374,0.43749999500000003,0.8749999900000001,-0.03339397835297575,0.0,2.3984375,0.1484375,-0.1484375,2.1237274589948356,-697.9258876141973,7.368272463281755e-07,8.498966645110738,0.060032222811556,12.0,1.0,0.0,0.0,0.0,0.0,1.0
375,0.43749999500000003,0.8749999900000001,-0.03548563863178921,0.0,2.5234375,0.1640625,-0.1640625,2.1929153330274858,-615.6169374542709,7.368272463281755e-07,8.488556845621629,0.06066071015613323,12.0,1.0,0.0,0.0,0.0,0.0,1.0
376,0.43749999500000003,0.8749999900000001,-0.041338612584390186,0.0,2.3671875,0.171875,-0.171875,2.1268347080331296,-1474.4181231759956,7.368272463281755e-07,8.495191492817618,0.06125275426628915,12.0,1.0,0.0,0.0,0.0,0.0,1.0
377,0.43749999500000003,0.8749999900000001,-0.03281048679139459,0.0,2.4453125,0.1015625,-0.1015625,2.1671469580032863,-635.0612094379462,7.368272463281755e-07,8.5237957239151,0.06161210470070893,12.0,1.0,0.0,0.0,0.0,0.0,1.0
378,0.43749999500000003,0.8749999900000001,-0.05834929419068414,0.0,2.4609375,0.25,-0.25,2.1652134580072016,-1033.2001887487986,7.368272463281755e-07,8.548034353689713,0.06187836254354228,12.0,1.0,0.0,0.0,0.0,0.0,1.0
379,0.43749999500000003,0.8749999900000001,-0.04337992022759098,0.0,2.5,0.5234375,-0.5234375,2.191792667028494,-523.745350408554,7.368272463281755e-07,8.567396716638045,0.06214816216379404,12.0,1.0,0.0,0.0,0.0,0.0,1.0
380,0.43749999500000003,0.8749999900000001,-0.03598184550947841,0.0,2.453125,-0.0078125,0.0078125,2.1275172499590553,-412.6022368024109,7.368272463281755e-07,8.577909794720737,0.06243045810102062,12.0,1.0,0.0,0.0,0.0,0.0,1.0
381,0.43749999500000003,0.8749999900000001,-0.03364536658567718,0.0,2.46875,0.40625,-0.40625,2.117361542012077,-820.0794159611569,7.368272463281755e-07,8.587890007279135,0.06267094828019087,12.0,1.0,0.0,0.0,0.0,0.0,1.0
382,0.43749999500000003,0.8749999900000001,-0.05060093862585263,0.0,2.484375,0.2265625,-0.2265625,2.183305874990765,-560.2003235007232,7.368272463281755e-07,8.595487854697488,0.0629181415265934,12.0,1.0,0.0,0.0,0.0,0.0,1.0
383,0.39583332875000005,0.7916666575000001,-0.04259963367727139,0.0,2.3828125,-0.265625,0.265625,2.0690417499863543,-1020.6525326087826,7.368272463281755e-07,8.600027637048202,0.06317594071680849,12.0,1.0,0.0,0.0,0.0,0.0,1.0
384,0.39583332875000005,0.7916666575000001,-0.04441966042397554,0.0,2.3046875,0.1328125,-0.1328125,2.0209247500170022,-2286.4252598132116,7.368272463281755e-07,8.570888465101069,0.06319594393822957,12.0,1.0,0.0,0.0,0.0,0.0,1.0
385,0.39583332875000005,0.7916666575000001,-0.03296773396428137,0.0,2.28125,0.0546875,-0.0546875,2.0866803330136463,-2421.5767900127253,7.368272463281755e-07,8.54998423836448,0.0632625044619834,12.0,1.0,0.0,0.0,0.0,0.0,1.0
386,0.39583332875000005,0.7916666575000001,-0.045390814657701124,0.0,2.234375,0.1015625,-0.1015625,1.9589670830173418,-2359.1527696622834,7.368272463281755e-07,8.539640719240362,0.06350670680827038,12.0,1.0,0.0,0.0,0.0,0.0,1.0
387,0.39583332875000005,0.7916666575000001,-0.05129879828282589,0.0,2.2578125,0.1171875,-0.1171875,1.9672541660256684,-1596.88966031718,7.368272463281755e-07,8.534505919976668,0.0637495752889663,12.0,1.0,0.0,0.0,0.0,0.0,1.0
388,0.39583332875000005,0.7916666575000001,-0.03876102269382185,0.0,2.3125,0.3203125,-0.3203125,2.033414667006582,-1840.6375166403282,7.368272463281755e-07,8.531175602566112,0.06401197906498882,12.0,1.0,0.0,0.0,0.0,0.0,1.0
389,0.37499999583333343,0.7499999916666669,-0.05129676590403227,0.0,2.3203125,0.0078125,-0.0078125,2.0375346660148352,-1989.2869294548677,7.368272463281755e-07,8.529780886389993,0.06426994612609799,12.0,1.0,0.0,0.0,0.0,0.0,1.0
390,0.37499999583333343,0.7499999916666669,-0.05320185563173015,0.0,2.09375,0.1328125,-0.1328125,1.8202674170024693,-2747.2916354978256,7.368272463281755e-07,8.182066520055136,0.07087061367928982,12.0,3.0,0.0,0.0,0.0,0.0,1.0
391,0.37499999583333343,0.7499999916666669,-0.031046051598845686,0.0,2.125,0.09375,-0.09375,1.8255373749998398,-2221.867759771883,7.368272463281755e-07,8.194463511308035,0.07097694852078955,12.0,3.0,0.0,0.0,0.0,0.0,1.0
392,0.37499999583333343,0.7499999916666669,-0.046418280416793335,0.0,2.140625,0.25,-0.25,1.8687474160105921,-2919.788681408452,7.368272463281755e-07,8.209558255142635,0.071259878989723,12.0,3.0,0.0,0.0,0.0,0.0,1.0
393,0.37499999583622134,0.7499999916724427,-0.027293974540748014,0.0,2.1484375,0.0703125,-0.0703125,1.8968581670196727,-2079.2711628972597,7.368272463281755e-07,8.221754398610857,0.07154630991216335,12.0,3.0,0.0,0.0,0.0,0.0,1.0
394,0.3749999958382545,0.749999991676509,-0.04501752503693274,0.0,2.1484375,-0.0546875,0.0546875,1.8760499579948373,-2176.2142092221447,7.368272463281755e-07,8.230016297764248,0.07179545243788096,12.0,3.0,0.0,0.0,0.0,0.0,1.0
395,0.3749999958404199,0.7499999916808398,-0.03283000440937345,0.0,2.1484375,-0.0703125,0.0703125,1.885826540994458,-1672.0979677372748,7.368272463281755e-07,8.235452234745026,0.07207677239138219,12.0,3.0,0.0,0.0,0.0,0.0,1.0
396,0.3749999958418676,0.7499999916837352,-0.02761903481609389,0.0,2.125,0.0625,-0.0625,1.939163582981564,-2462.2058982736917,7.368272463281755e-07,8.238573809464773,0.07236374736142655,12.0,3.0,0.0,0.0,0.0,0.0,1.0
397,0.3749999958428437,0.7499999916856874,-0.05891269547167954,0.0,2.1796875,0.0078125,-0.0078125,1.9290078339981847,-2082.8544585525347,7.368272463281755e-07,8.249835597144234,0.07249609101563692,12.0,3.0,0.0,0.0,0.0,0.0,1.0
398,0.37499999584407695,0.7499999916881539,-0.050992228352875084,0.0,2.1640625,0.3828125,-0.3828125,1.8700979999848641,-2121.8247782572944,7.368272463281755e-07,8.270117349094814,0.07266465362368359,12.0,3.0,0.0,0.0,0.0,0.0,1.0
399,0.37499999584516064,0.7499999916903213,-0.04872629117181478,0.0,2.109375,0.078125,-0.078125,1.8838973329984583,-3282.1815942834924,7.368272463281755e-07,8.286745892630684,0.07288912026625541,12.0,3.0,0.0,0.0,0.0,0.0,1.0
400,0.3749999958457553,0.7499999916915105,-0.0475794248771281,0.0,2.125,0.359375,-0.359375,1.83988533297088,-3256.522258029265,7.368272463281755e-07,8.279431290096706,0.07326305109179682,12.0,3.0,0.0,0.0,0.0,0.0,1.0
401,0.3749999958463239,0.7499999916926477,-0.040300768701455034,0.0,2.125,0.28125,-0.28125,1.8741133330040611,-2822.7978380988625,7.368272463281755e-07,8.447786355018616,0.05018172306008637,12.0,2.0,0.0,0.0,0.0,0.0,1.0
402,0.3749999958467434,0.7499999916934867,-0.06031133189071149,0.0,2.109375,-0.1015625,0.1015625,1.8921692500007339,-2724.7186225608543,7.368272463281755e-07,8.27401155895657,0.07380215844346417,12.0,3.0,0.0,0.0,0.0,0.0,1.0
403,0.3749999958470509,0.7499999916941018,-0.0452993474460379,0.0,2.15625,-0.171875,0.171875,1.8868002080125734,-2506.051867885866,7.368272463281755e-07,8.273423234621683,0.07410068747897942,12.0,3.0,0.0,0.0,0.0,0.0,1.0
404,0.37499999584725197,0.7499999916945039,-0.038297621106711636,0.0,2.1796875,0.171875,-0.171875,1.9037315000314265,-2018.1703518556437,7.368272463281755e-07,8.586808648976413,0.06700334300033071,12.0,1.0,0.0,0.0,0.0,0.0,1.0
405,0.3749999958474856,0.7499999916949712,-0.045651331212995035,0.0,2.1484375,0.3828125,-0.3828125,1.885153542039916,-2700.0161204390092,7.368272463281755e-07,8.272802167468601,0.07463643518793914,12.0,3.0,0.0,0.0,0.0,0.0,1.0
406,0.37499999584784294,0.7499999916956859,-0.050578712830966245,0.0,2.09375,-0.0234375,0.0234375,1.8236894580186345,-3703.472492388825,7.368272463281755e-07,8.27342078420851,0.07483850352259146,12.0,3.0,0.0,0.0,0.0,0.0,1.0
407,0.3749999958492216,0.7499999916984432,-0.03302744936623166,0.0,2.140625,-0.0078125,0.0078125,1.9691759999841452,-2615.680993741446,7.368272463281755e-07,8.274236599604288,0.07509190868586302,12.0,3.0,0.0,0.0,0.0,0.0,1.0
408,0.37499999585321564,0.7499999917064313,-0.04177039386857581,0.0,2.140625,-0.109375,0.109375,1.8443180000176653,-2784.3441662753585,7.368272463281755e-07,8.275155689981249,0.07535884570744303,12.0,3.0,0.0,0.0,0.0,0.0,1.0
409,0.43749999500000003,0.8749999900000001,-0.03728078967958631,0.0,2.1640625,0.1328125,-0.1328125,1.8585459999740124,-2646.8186194905306,7.368272463281755e-07,8.589630224487998,0.06805404042825103,12.0,1.0,0.0,0.0,0.0,0.0,1.0
410,0.43749999500000003,0.8749999900000001,-0.045879969873119264,0.0,2.4765625,0.1796875,-0.1796875,2.154318000015337,-562.1789573404691,7.368272463281755e-07,8.500405942851847,0.06905844331380319,12.0,1.0,0.0,0.0,0.0,0.0,1.0
411,0.43749999500000003,0.8749999900000001,-0.041500469903644165,0.0,2.390625,-0.03125,0.03125,2.093261708971113,-384.97327891829747,7.368272463281755e-07,8.505349064415151,0.06973647808825428,12.0,1.0,0.0,0.0,0.0,0.0,1.0
412,0.43749999500000003,0.8749999900000001,-0.04178737082545681,0.0,2.4765625,0.265625,-0.265625,2.155876917007845,-1465.1302433435096,7.368272463281755e-07,8.541264561089603,0.07023403920571912,12.0,1.0,0.0,0.0,0.0,0.0,1.0
413,0.43749999500000003,0.8749999900000001,-0.047699443602401914,0.0,2.5078125,0.171875,-0.171875,2.2034292919561267,-576.0007573303033,7.368272463281755e-07,8.580043597654862,0.07065977909686891,12.0,1.0,0.0,0.0,0.0,0.0,1.0
414,0.43749999500000003,0.8749999900000001,-0.03264126457134032,0.0,2.484375,0.328125,-0.328125,2.172895208001137,-666.5429014289904,7.368272463281755e-07,8.609712904149836,0.07100864863869819,12.0,1.0,0.0,0.0,0.0,0.0,1.0
415,0.43749999500000003,0.8749999900000001,-0.025176646596910168,0.0,2.4453125,-0.0078125,0.0078125,2.1555510840262286,-684.4614510338147,7.368272463281755e-07,8.629396817900918,0.07124247063289989,12.0,1.0,0.0,0.0,0.0,0.0,1.0
416,0.43749999500000003,0.8749999900000001,-0.038608517485787745,0.0,2.5078125,0.3515625,-0.3515625,2.204000499972608,-324.79995722785543,7.368272463281755e-07,8.64634452082894,0.07147348062558607,12.0,1.0,0.0,0.0,0.0,0.0,1.0
417,0.43749999500000003,0.8749999900000001,-0.03932887076091911,0.0,2.484375,0.2421875,-0.2421875,2.169484584010206,-1385.7988287008034,7.368272463281755e-07,8.659485708583485,0.07167805291034958,12.0,1.0,0.0,0.0,0.0,0.0,1.0
418,0.43749999500000003,0.8749999900000001,-0.03767668949659943,0.0,2.5078125,0.3515625,-0.3515625,2.2958199590211734,-504.47092753853013,7.368272463281755e-07,8.668093637986617,0.07192715486003594,12.0,1.0,0.0,0.0,0.0,0.0,1.0
419,0.43749999500000003,0.8749999900000001,-0.04708318135983321,0.0,2.453125,0.1484375,-0.1484375,2.1113837499869987,-1368.6614514490602,7.368272463281755e-07,8.673283837058328,0.07218944569202987,12.0,1.0,0.0,0.0,0.0,0.0,1.0
420,0.43749999500000003,0.8749999900000001,-0.061340531593701654,0.0,2.5,0.2734375,-0.2734375,2.205007375043351,-727.0195662975311,7.368272463281755e-07,8.67777156829834,0.0724069390615279,12.0,1.0,0.0,0.0,0.0,0.0,1.0
421,0.43749999500000003,0.8749999900000001,-0.04948613612707911,0.0,2.5078125,0.015625,-0.015625,2.2120284999837168,-241.0912983736888,7.368272463281755e-07,8.68085275996815,0.07267249544913118,12.0,1.0,0.0,0.0,0.0,0.0,1.0
422,0.43749999500000003,0.8749999900000001,-0.04928576200593009,0.0,2.5078125,0.1484375,-0.1484375,2.20401662500808,-70.62408732476635,7.368272463281755e-07,8.683439363132823,0.07296517830003392,12.0,1.0,0.0,0.0,0.0,0.0,1.0
423,0.43749999500000003,0.8749999900000001,-0.047416485885082384,0.0,2.359375,-0.1484375,0.1484375,2.0457429999951273,-834.9702644095515,7.368272463281755e-07,8.685264869169755,0.07323194599964401,12.0,1.0,0.0,0.0,0.0,0.0,1.0
424,0.43749999500000003,0.8749999900000001,-0.06502197943007139,0.0,2.421875,0.046875,-0.046875,2.1082415410201065,-948.3588708692981,7.368272463281755e-07,8.686806266958063,0.07347270389172164,12.0,1.0,0.0,0.0,0.0,0.0,1.0
425,0.43749999500000003,0.8749999900000001,-0.06412530997180164,0.0,2.5,0.2890625,-0.2890625,2.1767255419981666,-453.8197704315186,7.368272463281755e-07,8.688495267521251,0.07374884594570506,12.0,1.0,0.0,0.0,0.0,0.0,1.0
426,0.43749999500000003,0.8749999900000001,-0.04887956110436231,0.0,2.53125,0.234375,-0.234375,2.201499041984789,-363.3819279140896,7.368272463281755e-07,8.68992857499556,0.07400858165188269,12.0,1.0,0.0,0.0,0.0,0.0,1.0
427,0.43749999500000003,0.8749999900000001,-0.05153519586490607,0.0,2.46875,0.359375,-0.359375,2.142989000014495,-1226.3620004291777,7.368272463281755e-07,8.691218267787587,0.07426270232959227,12.0,1.0,0.0,0.0,0.0,0.0,1.0
428,0.43749999500000003,0.8749999900000001,-0.03820137297150903,0.0,2.4609375,0.296875,-0.296875,2.1824186670128256,-470.0384781125992,7.368272463281755e-07,8.691807833584873,0.07453138355843046,12.0,1.0,0.0,0.0,0.0,0.0,1.0
429,0.43749999500000003,0.8749999900000001,-0.06650599599925493,0.0,2.5078125,0.265625,-0.265625,2.3043963750242256,-840.4160301707616,7.368272463281755e-07,8.692403901707042,0.07481691080399534,12.0,1.0,0.0,0.0,0.0,0.0,1.0
430,0.43749999500000003,0.8749999900000001,-0.044895092283083915,0.0,2.46875,0.1484375,-0.1484375,2.1557885839720257,-708.0848312860803,7.368272463281755e-07,8.692497751929544,0.07501897275109183,12.0,1.0,0.0,0.0,0.0,0.0,1.0
431,0.43749999500000003,0.8749999900000001,-0.046530347450979496,0.0,2.3828125,0.046875,-0.046875,2.1368549580220133,-1720.4808243047996,7.368272463281755e-07,8.69238584691828,0.07527853150598028,12.0,1.0,0.0,0.0,0.0,0.0,1.0
432,0.43749999500000003,0.8749999900000001,-0.04684784597030282,0.0,2.5,0.3125,-0.3125,2.219247625034768,-246.6860029220581,7.368272463281755e-07,8.691366390748458,0.07552651696923104,12.0,1.0,0.0,0.0,0.0,0.0,1.0
433,0.43749999500000003,0.8749999900000001,-0.05152083323964971,0.0,2.4140625,0.28125,-0.28125,2.1617880419944413,-1150.776060332758,7.368272463281755e-07,8.690657117150046,0.07578397533771666,12.0,1.0,0.0,0.0,0.0,0.0,1.0
434,0.43749999500000003,0.8749999900000001,-0.05264962723063496,0.0,2.5390625,0.4765625,-0.4765625,2.19881400000304,241.60174278846154,7.368272463281755e-07,8.68842812017961,0.07600970930335196,12.0,1.0,0.0,0.0,0.0,0.0,1.0
435,0.43749999500000003,0.8749999900000001,-0.050245629287460986,0.0,2.4765625,0.109375,-0.109375,2.340986500028521,-1353.5302536058878,7.368272463281755e-07,8.685768409208817,0.07625764811580832,12.0,1.0,0.0,0.0,0.0,0.0,1.0
436,0.43749999500000003,0.8749999900000001,-0.05639431480922075,0.0,2.4375,0.203125,-0.203125,2.156968583003618,-1065.7660583104844,7.368272463281755e-07,8.682554028250955,0.0764738976616751,12.0,1.0,0.0,0.0,0.0,0.0,1.0
437,0.43749999500000003,0.8749999900000001,-0.03624626560342,0.0,2.5078125,0.4296875,-0.4296875,2.204820499988273,-643.907533639688,7.368272463281755e-07,8.678695982152766,0.07669356774369424,12.0,1.0,0.0,0.0,0.0,0.0,1.0
438,0.43749999500000003,0.8749999900000001,-0.06321436609259101,0.0,2.421875,-0.21875,0.21875,2.0953410000074655,-1016.6385197793284,7.368272463281755e-07,8.67523269219832,0.07690323559059338,12.0,1.0,0.0,0.0,0.0,0.0,1.0
439,0.43749999500000003,0.8749999900000001,-0.039071757672122745,0.0,2.5390625,0.6171875,-0.6171875,2.208227250026539,31.210491473858173,7.368272463281755e-07,8.670843438668685,0.07714487624947321,12.0,1.0,0.0,0.0,0.0,0.0,1.0
440,0.43749999500000003,0.8749999900000001,-0.04722015919057021,0.0,2.515625,0.15625,-0.15625,2.2366910410346463,-954.4144700328756,7.368272463281755e-07,8.666768355803056,0.07744469057599251,12.0,1.0,0.0,0.0,0.0,0.0,1.0
441,0.43749999500000003,0.8749999900000001,-0.03574977832834301,0.0,2.453125,0.3359375,-0.3359375,2.1628467079717666,-561.2051947040923,7.368272463281755e-07,8.662421876733953,0.07768228396096012,12.0,1.0,0.0,0.0,0.0,0.0,1.0
442,0.43749999500000003,0.8749999900000001,-0.04882135271524484,0.0,2.4609375,0.078125,-0.078125,2.146214750013314,-1575.9983655172682,7.368272463281755e-07,8.658250201832164,0.0779532240703702,12.0,1.0,0.0,0.0,0.0,0.0,1.0
443,0.43749999500000003,0.8749999900000001,-0.04633753561659651,0.0,2.4375,0.203125,-0.203125,2.116233040986117,-459.96237891759625,7.368272463281755e-07,8.653898802670566,0.07822078762745316,12.0,1.0,0.0,0.0,0.0,0.0,1.0
444,0.43749999500000003,0.8749999900000001,-0.05164396258012934,0.0,2.453125,0.0859375,-0.0859375,2.1103020409937017,-1470.9610741973684,7.368272463281755e-07,8.648898081345992,0.07848062560978261,12.0,1.0,0.0,0.0,0.0,0.0,1.0
445,0.43749999500000003,0.8749999900000001,-0.05719021757283384,0.0,2.5078125,0.1953125,-0.1953125,2.235630916955415,-550.2689143148167,7.368272463281755e-07,8.643404115330089,0.07875202037394047,12.0,1.0,0.0,0.0,0.0,0.0,1.0
446,0.43749999500000003,0.8749999900000001,-0.05049158948886371,0.0,2.4375,0.3203125,-0.3203125,2.1970202079974115,-1062.8874932069045,7.368272463281755e-07,8.637751720168374,0.07899774742228063,12.0,1.0,0.0,0.0,0.0,0.0,1.0
447,0.43749999500000003,0.8749999900000001,-0.06282471920520157,0.0,2.4609375,0.375,-0.375,2.143402583023999,-709.6478752983941,7.368272463281755e-07,8.632226824760437,0.07925765923309055,12.0,1.0,0.0,0.0,0.0,0.0,1.0
448,0.43749999500000003,0.8749999900000001,-0.06380105409698271,0.0,2.4453125,-0.0234375,0.0234375,2.119217125000432,-572.3414224252914,7.368272463281755e-07,8.626592907038601,0.07945645685223016,12.0,1.0,0.0,0.0,0.0,0.0,1.0
449,0.43749999500000003,0.8749999900000001,-0.04996772818814442,0.0,2.484375,0.2265625,-0.2265625,2.1929249999811873,-901.5070034482944,7.368272463281755e-07,8.619379119439559,0.07966657101430676,12.0,1.0,0.0,0.0,0.0,0.0,1.0
450,0.43749999500000003,0.8749999900000001,-0.05485928695198806,0.0,2.53125,0.328125,-0.328125,2.2073867500294,-360.5901206687645,7.368272463281755e-07,8.612160845236344,0.07992791845886545,12.0,1.0,0.0,0.0,0.0,0.0,1.0
451,0.43749999500000003,0.8749999900000001,-0.05006153134235811,0.0,2.3828125,-0.1015625,0.1015625,2.0722456669900566,-2144.3191853007334,7.368272463281755e-07,8.605921019207347,0.08014673688872294,12.0,1.0,0.0,0.0,0.0,0.0,1.0
452,0.43749999500000003,0.8749999900000001,-0.061189764790562456,0.0,2.3671875,0.203125,-0.203125,2.0677087920485064,-2130.968872926416,7.368272463281755e-07,8.59805330363187,0.0803589058870619,12.0,1.0,0.0,0.0,0.0,0.0,1.0
453,0.3749999959039475,0.749999991807895,-0.05455895152242557,0.0,2.5546875,0.2890625,-0.2890625,2.2118203330319375,-767.938909151503,7.368272463281755e-07,8.58793364871632,0.08057474590499293,12.0,1.0,0.0,0.0,0.0,0.0,1.0
454,0.3749999958555458,0.7499999917110916,-0.05614669009727242,0.0,2.140625,0.3046875,-0.3046875,1.8796152920112945,-3674.252886556361,7.368272463281755e-07,8.549993688409979,0.08061540240305476,12.0,1.0,0.0,0.0,0.0,0.0,1.0
455,0.37499999584838567,0.7499999916967713,-0.05669152290539552,0.0,2.1484375,-0.046875,0.046875,1.8702739590080455,-3177.0679842862214,7.368272463281755e-07,8.380776596069335,0.06161732167238369,12.0,2.0,0.0,0.0,0.0,0.0,1.0
456,0.374999995844868,0.749999991689736,-0.043403166138437164,0.0,2.125,0.125,-0.125,1.8909124580095522,-3904.3829482302945,7.368272463281755e-07,8.513020472093062,0.08091446053003892,12.0,1.0,0.0,0.0,0.0,0.0,1.0
457,0.374999995842462,0.749999991684924,-0.050469369606942774,0.0,2.1484375,0.09375,-0.09375,1.9472368749557063,-3613.664216287953,7.368272463281755e-07,8.177190345194605,0.08913686824962497,12.0,3.0,0.0,0.0,0.0,0.0,1.0
458,0.37499999584126065,0.7499999916825213,-0.044530973151252616,0.0,2.125,-0.046875,0.046875,1.8278448749915697,-3589.7759525601928,7.368272463281755e-07,8.17503579457601,0.08938870335825616,12.0,3.0,0.0,0.0,0.0,0.0,1.0
459,0.37499999584028926,0.7499999916805785,-0.05330542655885246,0.0,2.1484375,0.2734375,-0.2734375,1.8942335829488002,-3753.3120105628823,7.368272463281755e-07,8.504895942454988,0.0815772389918989,12.0,1.0,0.0,0.0,0.0,0.0,1.0
460,0.37499999583988086,0.7499999916797617,-0.059543457641180034,0.0,2.140625,0.0859375,-0.0859375,1.8375987500185147,-2866.6245128444707,7.368272463281755e-07,8.168965308202637,0.08997209645409991,12.0,3.0,0.0,0.0,0.0,0.0,1.0
461,0.37499999583333343,0.7499999916666669,-0.0484265649905188,0.0,2.1171875,0.1875,-0.1875,1.8485153749934398,-4017.3682594418437,7.368272463281755e-07,8.164684994353188,0.09025749355108321,12.0,3.0,0.0,0.0,0.0,0.0,1.0
462,0.37499999583333343,0.7499999916666669,-0.06382452700462955,0.0,2.140625,0.1953125,-0.1953125,1.8527948330156505,-1656.3654453528188,7.368272463281755e-07,8.164622827743491,0.0905627832237062,12.0,3.0,0.0,0.0,0.0,0.0,1.0
463,0.37499999583333343,0.7499999916666669,-0.028539497376260072,0.0,2.109375,0.0078125,-0.0078125,1.8758993339724839,-3234.8376191880966,7.368272463281755e-07,8.174494552115599,0.09084871084067142,12.0,3.0,0.0,0.0,0.0,0.0,1.0
464,0.37499999583333343,0.7499999916666669,-0.057989325855148204,0.0,2.0859375,0.0,0.0,1.9357064999639988,-4450.352553349756,7.368272463281755e-07,8.186124930779139,0.09114022060142209,12.0,3.0,0.0,0.0,0.0,0.0,1.0
465,0.37499999583333343,0.7499999916666669,-0.05788573920035775,0.0,2.125,-0.15625,0.15625,1.855925457959529,-2616.636657995336,7.368272463281755e-07,8.195448160171509,0.09144435692319854,12.0,3.0,0.0,0.0,0.0,0.0,1.0
466,0.37499999583333343,0.7499999916666669,-0.05131515608555093,0.0,2.1875,0.2890625,-0.2890625,1.9244431660044938,-3564.417959649222,7.368272463281755e-07,8.207213358746635,0.09182616258557472,12.0,3.0,0.0,0.0,0.0,0.0,1.0
467,0.37499999583333343,0.7499999916666669,-0.0576148902301859,0.0,2.140625,0.0,0.0,1.8532590830000117,-3052.2059572317303,7.368272463281755e-07,8.218837055895063,0.0921437318643762,12.0,3.0,0.0,0.0,0.0,0.0,1.0
468,0.37499999583333343,0.7499999916666669,-0.035601253980827606,0.0,2.1796875,0.2265625,-0.2265625,1.9651202920358628,-3273.4806355575506,7.368272463281755e-07,8.230351150035858,0.09250546399400467,12.0,3.0,0.0,0.0,0.0,0.0,1.0
469,0.37499999583333343,0.7499999916666669,-0.052402930817148925,0.0,2.109375,-0.125,0.125,1.8800801660399884,-3722.3700649120187,7.368272463281755e-07,8.240931457943386,0.09277545311488211,12.0,3.0,0.0,0.0,0.0,0.0,1.0
470,0.37499999583333343,0.7499999916666669,-0.06524211462769808,0.0,2.140625,0.0078125,-0.0078125,1.845136458054185,-3356.007814226359,7.368272463281755e-07,8.252807332409752,0.09306488633673224,12.0,3.0,0.0,0.0,0.0,0.0,1.0
471,0.37499999583333343,0.7499999916666669,-0.04213941464009927,0.0,2.1328125,0.265625,-0.265625,1.8631877080188133,-4104.642988211943,7.368272463281755e-07,8.26590715514289,0.09339644560693866,12.0,3.0,0.0,0.0,0.0,0.0,1.0
472,0.37499999583333343,0.7499999916666669,-0.05603485894830677,0.0,2.1640625,-0.0234375,0.0234375,1.8803122920216992,-3183.3377824638724,7.368272463281755e-07,8.275685926278433,0.09373510784159104,12.0,3.0,0.0,0.0,0.0,0.0,1.0
473,0.37499999583333343,0.7499999916666669,-0.03864410896797673,0.0,2.1484375,-0.125,0.125,1.89399237500038,-2853.306155728427,7.368272463281755e-07,8.285621364911398,0.09403286217194465,12.0,3.0,0.0,0.0,0.0,0.0,1.0
474,0.37499999583333343,0.7499999916666669,-0.06410411230391876,0.0,2.15625,0.0,0.0,1.8613177500083111,-3105.4953982035317,7.368272463281755e-07,8.29816038078732,0.09436843875381681,12.0,3.0,0.0,0.0,0.0,0.0,1.0
475,0.37499999583333343,0.7499999916666669,-0.05288740410905238,0.0,2.1015625,0.09375,-0.09375,1.8440940419677645,-4428.181873874593,7.368272463281755e-07,8.310026831097073,0.09465593648039633,12.0,3.0,0.0,0.0,0.0,0.0,1.0
476,0.37499999583333343,0.7499999916666669,-0.0544497990917647,0.0,2.09375,0.2734375,-0.2734375,1.8546183750149794,-4791.680429657893,7.368272463281755e-07,8.323916369014317,0.09494974909143315,12.0,3.0,0.0,0.0,0.0,0.0,1.0
477,0.37499999583333343,0.7499999916666669,-0.05743662617648585,0.0,2.1640625,0.046875,-0.046875,1.880745125003159,-3584.6619401511734,7.368272463281755e-07,8.337144096692404,0.0952646195785039,12.0,3.0,0.0,0.0,0.0,0.0,1.0
478,0.37499999583333343,0.7499999916666669,-0.08061628410098737,0.0,2.1015625,0.078125,-0.078125,1.8546146670123562,-3971.960045399719,7.368272463281755e-07,8.347732504208883,0.09553102786756223,12.0,3.0,0.0,0.0,0.0,0.0,1.0
479,0.37499999583333343,0.7499999916666669,-0.07548585624901863,0.0,2.125,0.0390625,-0.0390625,1.835373707988765,-5116.721755308264,7.368272463281755e-07,8.360564801428053,0.09585286444053054,12.0,3.0,0.0,0.0,0.0,0.0,1.0
480,0.37499999583333343,0.7499999916666669,-0.05148851835796922,0.0,2.1171875,0.421875,-0.421875,1.849642249988392,-5078.09957494419,7.368272463281755e-07,8.37372699048784,0.09618219847066535,12.0,3.0,0.0,0.0,0.0,0.0,1.0
481,0.37499999583333343,0.7499999916666669,-0.06195329118656338,0.0,2.1015625,-0.203125,0.203125,1.9586512909736484,-3382.4172933925925,7.368272463281755e-07,8.384136093987358,0.09645363450464275,12.0,3.0,0.0,0.0,0.0,0.0,1.0
482,0.37499999583333343,0.7499999916666669,-0.06405579130603763,0.0,2.1171875,0.0078125,-0.0078125,1.8597697090008296,-4941.651939955144,7.368272463281755e-07,8.397009213765463,0.0967508763488796,12.0,3.0,0.0,0.0,0.0,0.0,1.0
483,0.37499999583333343,0.7499999916666669,-0.06536210136521149,0.0,2.109375,0.3203125,-0.3203125,1.8887085000169463,-4003.4467797738535,7.368272463281755e-07,8.411831802792019,0.09706194698810577,12.0,3.0,0.0,0.0,0.0,0.0,1.0
484,0.37499999583333343,0.7499999916666669,-0.04910214154901543,0.0,2.0546875,-0.1171875,0.1171875,1.799595957971178,-4818.575895360214,7.368272463281755e-07,8.422206587261623,0.09728728151983684,12.0,3.0,0.0,0.0,0.0,0.0,1.0
485,0.37499999583333343,0.7499999916666669,-0.05166555755114585,0.0,2.0859375,0.1328125,-0.1328125,1.8304519160301425,-4885.228551800331,7.368272463281755e-07,8.433191114001804,0.09757102167026864,12.0,3.0,0.0,0.0,0.0,0.0,1.0
486,0.37499999583333343,0.7499999916666669,-0.05527348317034397,0.0,2.125,0.1875,-0.1875,1.8430543330032378,-5825.052047168508,7.368272463281755e-07,8.445232841703627,0.09789410119669305,12.0,3.0,0.0,0.0,0.0,0.0,1.0
487,0.37499999583333343,0.7499999916666669,-0.051362749534058075,0.0,2.109375,-0.03125,0.03125,1.8486482909647748,-4738.036968259458,7.368272463281755e-07,8.454865535100302,0.09818293982081944,12.0,3.0,0.0,0.0,0.0,0.0,1.0
488,0.37499999583333343,0.7499999916666669,-0.06034256146970594,0.0,2.109375,0.4453125,-0.4453125,1.8797131659812294,-4533.046570502387,7.368272463281755e-07,8.467317448721992,0.09854117191086213,12.0,3.0,0.0,0.0,0.0,0.0,1.0
489,0.37499999583333343,0.7499999916666669,-0.049606623733359764,0.0,2.15625,0.0546875,-0.0546875,1.8731539170257747,-3525.9843375717383,7.368272463281755e-07,8.47905863655938,0.09887482795036501,12.0,3.0,0.0,0.0,0.0,0.0,1.0
490,0.37499999583333343,0.7499999916666669,-0.0340656287637988,0.0,2.1796875,0.0390625,-0.0390625,1.9398684580228291,-3021.3533885231154,7.368272463281755e-07,8.48950809902615,0.09921041472504537,12.0,3.0,0.0,0.0,0.0,0.0,1.0
491,0.37499999583333343,0.7499999916666669,-0.06057851370003304,0.0,2.1640625,-0.03125,0.03125,1.8697471249615774,-4275.488941839886,7.368272463281755e-07,8.499673657947117,0.09955384809937742,12.0,3.0,0.0,0.0,0.0,0.0,1.0
492,0.37499999583333343,0.7499999916666669,-0.053336341606415975,0.0,2.171875,0.0234375,-0.0234375,1.8931942909839563,-3207.874074592865,7.368272463281755e-07,8.51060684521993,0.0998705421677894,12.0,3.0,0.0,0.0,0.0,0.0,1.0
493,0.37499999583333343,0.7499999916666669,-0.07885600623256968,0.0,2.109375,-0.0625,0.0625,1.9614204579847865,-5511.316084685149,7.368272463281755e-07,8.5217960940467,0.10015014983299705,12.0,3.0,0.0,0.0,0.0,0.0,1.0
494,0.37499999583333343,0.7499999916666669,-0.056125493054399865,0.0,2.09375,0.0625,-0.0625,1.8408068330027163,-4705.556343192485,7.368272463281755e-07,8.53376097149319,0.10045258938852283,12.0,3.0,0.0,0.0,0.0,0.0,1.0
495,0.37499999583333343,0.7499999916666669,-0.06761083900044862,0.0,2.1328125,0.3984375,-0.3984375,1.9032432499807328,-6353.7656327132345,7.368272463281755e-07,8.550717565748426,0.10079680900606844,12.0,3.0,0.0,0.0,0.0,0.0,1.0
496,0.37499999583333343,0.7499999916666669,-0.05241537385608526,0.0,2.125,-0.2421875,0.2421875,1.8881297499756329,-4060.4318109400133,7.368272463281755e-07,8.56259626812405,0.10107720550149679,12.0,3.0,0.0,0.0,0.0,0.0,1.0
497,0.37499999583333343,0.7499999916666669,-0.06841171589769932,0.0,2.1328125,0.1796875,-0.1796875,1.9150410840520635,-4765.746478182055,7.368272463281755e-07,8.57565744717916,0.1014039557841089,12.0,3.0,0.0,0.0,0.0,0.0,1.0
498,0.37499999583333343,0.7499999916666669,-0.04353250897620316,0.0,2.1953125,0.203125,-0.203125,1.9151385419536382,-2647.6941203595907,7.368272463281755e-07,8.589639478259617,0.10177280339929792,12.0,3.0,0.0,0.0,0.0,0.0,1.0
499,0.37499999583333343,0.7499999916666669,-0.04268540784018514,0.0,2.1015625,0.4375,-0.4375,1.8638353339629248,-6859.3473846548995,7.368272463281755e-07,8.601581705941094,0.10206193000906044,12.0,3.0,0.0,0.0,0.0,0.0,1.0
500,0.37499999583333343,0.7499999916666669,-0.06522688736658726,0.0,2.1015625,0.046875,-0.046875,1.8708288749912754,-5565.196718010317,7.368272463281755e-07,8.612663163079155,0.10231164346138637,12.0,3.0,0.0,0.0,0.0,0.0,1.0
