iteration,exploitability,nash_conv,actor_loss,average_lambda,mean_episode_length,mean_return_player0,mean_return_player1,wall_time_sec,scheduler_loss
1,0.45833333333333326,0.9166666666666665,0.0,0.0,0.0,0.125,-0.125,0.00035683298483490944,0.0
2,0.2708333333333333,0.5416666666666666,0.0,0.0,0.0,3.122502256758253e-17,-3.122502256758253e-17,0.0002062499988824129,0.0
3,0.19444444444444442,0.38888888888888884,0.0,0.0,0.0,-0.05324074074074076,0.05324074074074076,0.00019687495660036802,0.0
4,0.140625,0.28125,0.0,0.0,0.0,-0.055989583333333356,0.055989583333333356,0.000193667015992105,0.0
5,0.1213888888888889,0.2427777777777778,0.0,0.0,0.0,-0.04816666666666672,0.04816666666666672,0.0001984169939532876,0.0
6,0.09672619047619041,0.19345238095238082,0.0,0.0,0.0,-0.046019847893059636,0.046019847893059636,0.00019649998284876347,0.0
7,0.10796957671957672,0.21593915343915343,0.0,0.0,0.0,-0.04998174821980795,0.04998174821980795,0.000261999957729131,0.0
8,0.09045463963098324,0.18090927926196648,0.0,0.0,0.0,-0.04999760823796858,0.04999760823796858,0.00019699998665601015,0.0
9,0.07756755332157565,0.1551351066431513,0.0,0.0,0.0,-0.05042030463237775,0.05042030463237775,0.00018795800860971212,0.0
10,0.06869879381715753,0.13739758763431506,0.0,0.0,0.0,-0.05311271033885947,0.05311271033885947,0.00018508400535210967,0.0
11,0.06046924690611864,0.12093849381223729,0.0,0.0,0.0,-0.056358876761304695,0.056358876761304695,0.00018862501019611955,0.0
12,0.05617509433642444,0.11235018867284888,0.0,0.0,0.0,-0.058085423493003614,0.058085423493003614,0.00018895900575444102,0.0
13,0.057410765836257205,0.11482153167251441,0.0,0.0,0.0,-0.05864616830141362,0.05864616830141362,0.00018558301962912083,0.0
14,0.05549177088109005,0.1109835417621801,0.0,0.0,0.0,-0.058640713912748894,0.058640713912748894,0.00018495798576623201,0.0
15,0.05371990972570509,0.10743981945141018,0.0,0.0,0.0,-0.05840500373299664,0.05840500373299664,0.0001852919813245535,0.0
16,0.05051169055809103,0.10102338111618206,0.0,0.0,0.0,-0.058889685686298064,0.058889685686298064,0.00018508301582187414,0.0
17,0.05008432708040553,0.10016865416081105,0.0,0.0,0.0,-0.05955808703641284,0.05955808703641284,0.00018541701138019562,0.0
18,0.049265649253796104,0.09853129850759221,0.0,0.0,0.0,-0.059521258432063094,0.059521258432063094,0.0001846670056693256,0.0
19,0.04524461333353713,0.09048922666707426,0.0,0.0,0.0,-0.05855516401083389,0.05855516401083389,0.0001848749816417694,0.0
20,0.04067019775270206,0.08134039550540412,0.0,0.0,0.0,-0.05715908696151216,0.05715908696151216,0.00018883298616856337,0.0
21,0.03991427534500983,0.07982855069001966,0.0,0.0,0.0,-0.05611788977203649,0.05611788977203649,0.00018683297093957663,0.0
22,0.03783806706199722,0.07567613412399445,0.0,0.0,0.0,-0.0557906651423966,0.0557906651423966,0.0001829169923439622,0.0
23,0.03459452214742565,0.0691890442948513,0.0,0.0,0.0,-0.056066820565483885,0.056066820565483885,0.00018525001360103488,0.0
24,0.03088761143297101,0.06177522286594202,0.0,0.0,0.0,-0.05652513868416648,0.05652513868416648,0.00019662495469674468,0.0
25,0.029478115290006456,0.05895623058001291,0.0,0.0,0.0,-0.05702118940286962,0.05702118940286962,0.00018420798005536199,0.0
26,0.029921334314481393,0.059842668628962786,0.0,0.0,0.0,-0.05746162891737463,0.05746162891737463,0.00018525001360103488,0.0
27,0.02943266647561767,0.05886533295123534,0.0,0.0,0.0,-0.05775329299505285,0.05775329299505285,0.0001860000193119049,0.0
28,0.027934570199622394,0.05586914039924479,0.0,0.0,0.0,-0.05780762560238582,0.05780762560238582,0.00018450000789016485,0.0
29,0.025385679228545843,0.050771358457091686,0.0,0.0,0.0,-0.05747847101481086,0.05747847101481086,0.00018341699615120888,0.0
30,0.022976662780746587,0.045953325561493175,0.0,0.0,0.0,-0.057100434181965094,0.057100434181965094,0.00018395803635939956,0.0
31,0.024167348753902602,0.048334697507805204,0.0,0.0,0.0,-0.056946698762132104,0.056946698762132104,0.00018420798005536199,0.0
32,0.024046802161084225,0.04809360432216845,0.0,0.0,0.0,-0.05699901666516844,0.05699901666516844,0.00018750003073364496,0.0
33,0.022788663656069606,0.04557732731213921,0.0,0.0,0.0,-0.05715763531990283,0.05715763531990283,0.0001906250254251063,0.0
34,0.023563359486824045,0.04712671897364809,0.0,0.0,0.0,-0.057333548166403334,0.057333548166403334,0.00018654100131243467,0.0
35,0.02529007456943165,0.0505801491388633,0.0,0.0,0.0,-0.05745552956465587,0.05745552956465587,0.000183124968316406,0.0
36,0.025843532080471403,0.051687064160942806,0.0,0.0,0.0,-0.057472829414105274,0.057472829414105274,0.00018379202811047435,0.0
37,0.025046068367683277,0.050092136735366555,0.0,0.0,0.0,-0.0573478853634305,0.0573478853634305,0.00018316600471735,0.0
38,0.02287501837230497,0.04575003674460994,0.0,0.0,0.0,-0.057067639940693346,0.057067639940693346,0.0001889169798232615,0.0
39,0.02232569487047585,0.0446513897409517,0.0,0.0,0.0,-0.056747454453426535,0.056747454453426535,0.00018866604659706354,0.0
40,0.021732718128024263,0.043465436256048526,0.0,0.0,0.0,-0.056466782411005244,0.056466782411005244,0.00019041699124500155,0.0
41,0.02051734834503573,0.04103469669007146,0.0,0.0,0.0,-0.05630504281385148,0.05630504281385148,0.0001852919813245535,0.0
42,0.019549014823615596,0.03909802964723119,0.0,0.0,0.0,-0.05627501054150214,0.05627501054150214,0.0001905839890241623,0.0
43,0.018439105177279293,0.036878210354558585,0.0,0.0,0.0,-0.05632483537972557,0.05632483537972557,0.00018641696078702807,0.0
44,0.017228031170687264,0.03445606234137453,0.0,0.0,0.0,-0.05643436475923149,0.05643436475923149,0.00018495798576623201,0.0
45,0.017410612697401674,0.03482122539480335,0.0,0.0,0.0,-0.05658634434770627,0.05658634434770627,0.00018491700757294893,0.0
46,0.017309206989279242,0.034618413978558485,0.0,0.0,0.0,-0.05674974954589834,0.05674974954589834,0.00019383302424103022,0.0
47,0.016855043821498474,0.03371008764299695,0.0,0.0,0.0,-0.05684347362633204,0.05684347362633204,0.000196542008779943,0.0
48,0.015990077698859913,0.031980155397719826,0.0,0.0,0.0,-0.05684128012137237,0.05684128012137237,0.00018845900194719434,0.0
49,0.015514939944355599,0.031029879888711198,0.0,0.0,0.0,-0.0567812881155097,0.0567812881155097,0.00021962495520710945,0.0
50,0.015176601954280184,0.030353203908560368,0.0,0.0,0.0,-0.056711110402540364,0.056711110402540364,0.00024458300322294235,0.0
51,0.014479024570810718,0.028958049141621436,0.0,0.0,0.0,-0.056660117898842476,0.056660117898842476,0.00019275001250207424,0.0
52,0.01491702390830051,0.02983404781660102,0.0,0.0,0.0,-0.056636998665650126,0.056636998665650126,0.00018500001169741154,0.0
53,0.014949720904030631,0.029899441808061263,0.0,0.0,0.0,-0.05663370676385525,0.05663370676385525,0.00018333300249651074,0.0
54,0.014364762551962777,0.028729525103925554,0.0,0.0,0.0,-0.056634439876069496,0.056634439876069496,0.00018391601042822003,0.0
55,0.013398036254981371,0.026796072509962743,0.0,0.0,0.0,-0.05663106831218283,0.05663106831218283,0.00018420896958559752,0.0
56,0.014565950465226272,0.029131900930452544,0.0,0.0,0.0,-0.05663383468558427,0.05663383468558427,0.00018333300249651074,0.0
57,0.015421168687205649,0.030842337374411298,0.0,0.0,0.0,-0.05662949552362564,0.05662949552362564,0.0001837079762481153,0.0
58,0.015716830674279748,0.031433661348559495,0.0,0.0,0.0,-0.0566118765353383,0.0566118765353383,0.00018400000408291817,0.0
59,0.015342753820282589,0.030685507640565178,0.0,0.0,0.0,-0.056568911528126105,0.056568911528126105,0.00018312502652406693,0.0
60,0.014370574218122899,0.028741148436245798,0.0,0.0,0.0,-0.05648723406313174,0.05648723406313174,0.0001829999964684248,0.0
61,0.01400354285466007,0.02800708570932014,0.0,0.0,0.0,-0.05637825676450093,0.05637825676450093,0.0001829999964684248,0.0
62,0.014369455290711205,0.02873891058142241,0.0,0.0,0.0,-0.05627053507694987,0.05627053507694987,0.00018350000027567148,0.0
63,0.014703280145769753,0.029406560291539506,0.0,0.0,0.0,-0.05619637456723566,0.05619637456723566,0.0001836249721236527,0.0
64,0.014350716500796955,0.02870143300159391,0.0,0.0,0.0,-0.05617731317352463,0.05617731317352463,0.00018358399393036962,0.0
65,0.013444981895212278,0.026889963790424555,0.0,0.0,0.0,-0.05619379300017054,0.05619379300017054,0.00018345803255215287,0.0
66,0.01216191901687071,0.02432383803374142,0.0,0.0,0.0,-0.05621957673650135,0.05621957673650135,0.00018354103667661548,0.0
67,0.011223097109610981,0.022446194219221963,0.0,0.0,0.0,-0.05625463610067468,0.05625463610067468,0.00018324999837204814,0.0
68,0.011485640097778822,0.022971280195557643,0.0,0.0,0.0,-0.056292721856920455,0.056292721856920455,0.00018337502842769027,0.0
69,0.011860723789899136,0.02372144757979827,0.0,0.0,0.0,-0.056332218173506976,0.056332218173506976,0.00018324999837204814,0.0
70,0.01201568678535202,0.02403137357070404,0.0,0.0,0.0,-0.05638137093108707,0.05638137093108707,0.00018391601042822003,0.0
71,0.011778275229671582,0.023556550459343163,0.0,0.0,0.0,-0.05640516259352006,0.05640516259352006,0.000188250036444515,0.0
72,0.011258911980008002,0.022517823960016004,0.0,0.0,0.0,-0.05639954436118385,0.05639954436118385,0.00018320902017876506,0.0
73,0.010558979331646519,0.021117958663293038,0.0,0.0,0.0,-0.056372986477293906,0.056372986477293906,0.00018316699424758554,0.0
74,0.00976004842237227,0.01952009684474454,0.0,0.0,0.0,-0.05633907724614795,0.05633907724614795,0.0001837909803725779,0.0
75,0.008957402309598232,0.017914804619196464,0.0,0.0,0.0,-0.056310127913676164,0.056310127913676164,0.000183542026206851,0.0
76,0.009339085767700404,0.018678171535400807,0.0,0.0,0.0,-0.056294094923371306,0.056294094923371306,0.00018354097846895456,0.0
77,0.009844410767489445,0.01968882153497889,0.0,0.0,0.0,-0.05629361742970633,0.05629361742970633,0.00018324999837204814,0.0
78,0.010084062167076517,0.020168124334153034,0.0,0.0,0.0,-0.056306115163902014,0.056306115163902014,0.0001836660085245967,0.0
79,0.010031726091495934,0.020063452182991867,0.0,0.0,0.0,-0.05632447368616271,0.05632447368616271,0.00018333399202674627,0.0
80,0.009901430616872313,0.019802861233744626,0.0,0.0,0.0,-0.056338393823601396,0.056338393823601396,0.00018350000027567148,0.0
81,0.01010243791605334,0.02020487583210668,0.0,0.0,0.0,-0.0563369774502957,0.0563369774502957,0.000183542026206851,0.0
82,0.010089941062289741,0.020179882124579482,0.0,0.0,0.0,-0.05632307701265712,0.05632307701265712,0.00018387497402727604,0.0
83,0.010181372669953542,0.020362745339907083,0.0,0.0,0.0,-0.05629998487124087,0.05629998487124087,0.00018370902398601174,0.0
84,0.01037066310046773,0.02074132620093546,0.0,0.0,0.0,-0.056266902366779524,0.056266902366779524,0.00018395797815173864,0.0
85,0.010330421237272631,0.020660842474545263,0.0,0.0,0.0,-0.056224296831865736,0.056224296831865736,0.00018375000217929482,0.0
86,0.010055447102741887,0.020110894205483773,0.0,0.0,0.0,-0.05617438577672228,0.05617438577672228,0.00018391699995845556,0.0
87,0.010497265110710564,0.02099453022142113,0.0,0.0,0.0,-0.05612145270864771,0.05612145270864771,0.00018441694555804133,0.0
88,0.010711868452140855,0.02142373690428171,0.0,0.0,0.0,-0.05607723500122774,0.05607723500122774,0.0001841250341385603,0.0
89,0.010675236171888525,0.02135047234377705,0.0,0.0,0.0,-0.05604100899359875,0.05604100899359875,0.00018395803635939956,0.0
90,0.01038473374234793,0.02076946748469586,0.0,0.0,0.0,-0.05602042424563649,0.05602042424563649,0.00018345803255215287,0.0
91,0.009833650289657943,0.019667300579315886,0.0,0.0,0.0,-0.05602510972973257,0.05602510972973257,0.00018170801922678947,0.0
92,0.009182373002193996,0.01836474600438799,0.0,0.0,0.0,-0.05604927121474933,0.05604927121474933,0.00018095900304615498,0.0
93,0.00874108315621593,0.01748216631243186,0.0,0.0,0.0,-0.05608383455538548,0.05608383455538548,0.00018174998695030808,0.0
94,0.00823787973520134,0.01647575947040268,0.0,0.0,0.0,-0.05612182525604942,0.05612182525604942,0.00018266699044033885,0.0
95,0.00836884750968487,0.01673769501936974,0.0,0.0,0.0,-0.0561566260246532,0.0561566260246532,0.00018145801732316613,0.0
96,0.008295863048414936,0.01659172609682987,0.0,0.0,0.0,-0.05618266375109687,0.05618266375109687,0.00018079200526699424,0.0
97,0.008637115311109445,0.01727423062221889,0.0,0.0,0.0,-0.05619532560420669,0.05619532560420669,0.00018100003944709897,0.0
98,0.008782164758488809,0.017564329516977617,0.0,0.0,0.0,-0.05618600022772532,0.05618600022772532,0.00018108298536390066,0.0
99,0.008631826681385714,0.017263653362771428,0.0,0.0,0.0,-0.0561664794620753,0.0561664794620753,0.00018145801732316613,0.0
100,0.008225977315915262,0.016451954631830523,0.0,0.0,0.0,-0.05614724147718679,0.05614724147718679,0.00018199998885393143,0.0
101,0.00768143324192554,0.01536286648385108,0.0,0.0,0.0,-0.05613253471294759,0.05613253471294759,0.00018104095943272114,0.0
102,0.007212850847532055,0.01442570169506411,0.0,0.0,0.0,-0.05612194770303286,0.05612194770303286,0.0002539160195738077,0.0
103,0.006943284883741855,0.01388656976748371,0.0,0.0,0.0,-0.056114570995204026,0.056114570995204026,0.00021220900816842914,0.0
104,0.00693633754018716,0.01387267508037432,0.0,0.0,0.0,-0.05611058971960816,0.05611058971960816,0.0002014579949900508,0.0
105,0.006806916573414971,0.013613833146829943,0.0,0.0,0.0,-0.05611065930580724,0.05611065930580724,0.00019391602836549282,0.0
106,0.006679314108899034,0.013358628217798069,0.0,0.0,0.0,-0.05611504824429453,0.05611504824429453,0.00019116699695587158,0.0
107,0.006826721380886108,0.013653442761772216,0.0,0.0,0.0,-0.056123149008308004,0.056123149008308004,0.0002467909944243729,0.0
108,0.007239952965424349,0.014479905930848698,0.0,0.0,0.0,-0.0561332616486821,0.0561332616486821,0.00019516696920618415,0.0
109,0.007688926704602039,0.015377853409204077,0.0,0.0,0.0,-0.05614251926357563,0.05614251926357563,0.00019537500338628888,0.0
110,0.007935871122467904,0.01587174224493581,0.0,0.0,0.0,-0.0561469470350214,0.0561469470350214,0.00022979197092354298,0.0
111,0.007945867523595627,0.015891735047191255,0.0,0.0,0.0,-0.05614182252828419,0.05614182252828419,0.00019770895596593618,0.0
112,0.0077036931641793795,0.015407386328358759,0.0,0.0,0.0,-0.0561236367251541,0.0561236367251541,0.00018812500638887286,0.0
113,0.007364825992262805,0.01472965198452561,0.0,0.0,0.0,-0.0560991493637227,0.0560991493637227,0.00018695800099521875,0.0
114,0.00710093971490211,0.01420187942980422,0.0,0.0,0.0,-0.05606963643383017,0.05606963643383017,0.00018695800099521875,0.0
115,0.007469734394545076,0.014939468789090152,0.0,0.0,0.0,-0.056036962612379726,0.056036962612379726,0.00018654100131243467,0.0
116,0.007777042495607518,0.015554084991215036,0.0,0.0,0.0,-0.05600360861439779,0.05600360861439779,0.0001859170151874423,0.0
117,0.008009066491760315,0.01601813298352063,0.0,0.0,0.0,-0.0559726156990597,0.0559726156990597,0.00018504104809835553,0.0
118,0.008150903445330787,0.016301806890661574,0.0,0.0,0.0,-0.05594741544126179,0.05594741544126179,0.00018287502462044358,0.0
119,0.008187650965605326,0.016375301931210652,0.0,0.0,0.0,-0.05593154098931878,0.05593154098931878,0.00018145801732316613,0.0
120,0.008078560696973786,0.016157121393947572,0.0,0.0,0.0,-0.05592930745950714,0.05592930745950714,0.00018133403500542045,0.0
121,0.0077515269587859655,0.015503053917571931,0.0,0.0,0.0,-0.05594223949797622,0.05594223949797622,0.00018149998504668474,0.0
122,0.007258585790058225,0.01451717158011645,0.0,0.0,0.0,-0.055964000698638904,0.055964000698638904,0.00018112495308741927,0.0
123,0.006699300279347804,0.013398600558695607,0.0,0.0,0.0,-0.05598787722520571,0.05598787722520571,0.0001812499831430614,0.0
124,0.006443612134913641,0.012887224269827281,0.0,0.0,0.0,-0.05601195002745085,0.05601195002745085,0.00018158298917114735,0.0
125,0.006471432223927948,0.012942864447855897,0.0,0.0,0.0,-0.05603487588727572,0.05603487588727572,0.0001812910195440054,0.0
126,0.006465545902623139,0.012931091805246278,0.0,0.0,0.0,-0.05605487951350785,0.05605487951350785,0.0001814159913919866,0.0
127,0.006465235063125827,0.012930470126251654,0.0,0.0,0.0,-0.05606584285716706,0.05606584285716706,0.00018129200907424092,0.0
128,0.006519359677160174,0.013038719354320348,0.0,0.0,0.0,-0.05606749744766393,0.05606749744766393,0.0001818329910747707,0.0
129,0.006479263547874151,0.012958527095748303,0.0,0.0,0.0,-0.05606109860960581,0.05606109860960581,0.00018149998504668474,0.0
130,0.0062504671084521735,0.012500934216904347,0.0,0.0,0.0,-0.05604877375106364,0.05604877375106364,0.0001814159913919866,0.0
131,0.005898739851258206,0.011797479702516413,0.0,0.0,0.0,-0.056033171436694895,0.056033171436694895,0.0001818329910747707,0.0
132,0.005615504614251938,0.011231009228503876,0.0,0.0,0.0,-0.05601719981065778,0.05601719981065778,0.00018145801732316613,0.0
133,0.0053758879479458566,0.010751775895891713,0.0,0.0,0.0,-0.05600364418722115,0.05600364418722115,0.00018112495308741927,0.0
134,0.005502661833944888,0.011005323667889776,0.0,0.0,0.0,-0.05599461985532358,0.05599461985532358,0.000181332987267524,0.0
135,0.0056328687606697556,0.011265737521339511,0.0,0.0,0.0,-0.05599104249070573,0.05599104249070573,0.00018108304357156157,0.0
136,0.005673063144620277,0.011346126289240553,0.0,0.0,0.0,-0.05599242579976353,0.05599242579976353,0.00018137501319870353,0.0
137,0.005597691774166757,0.011195383548333514,0.0,0.0,0.0,-0.055997180030921266,0.055997180030921266,0.00018095801351591945,0.0
138,0.005672275871018484,0.011344551742036968,0.0,0.0,0.0,-0.056003237423234584,0.056003237423234584,0.00018224999075755477,0.0
139,0.00590075552847355,0.0118015110569471,0.0,0.0,0.0,-0.056008636228552997,0.056008636228552997,0.00018283299868926406,0.0
140,0.006029728254512121,0.012059456509024243,0.0,0.0,0.0,-0.056011844132304034,0.056011844132304034,0.000181750045157969,0.0
141,0.006062639578276956,0.012125279156553911,0.0,0.0,0.0,-0.05601184029331219,0.05601184029331219,0.00018099998123943806,0.0
142,0.006005568370293767,0.012011136740587534,0.0,0.0,0.0,-0.056008064159436786,0.056008064159436786,0.00018129200907424092,0.0
143,0.005982745609675252,0.011965491219350505,0.0,0.0,0.0,-0.056000313153198186,0.056000313153198186,0.00018137501319870353,0.0
144,0.0059065428025289225,0.011813085605057845,0.0,0.0,0.0,-0.05598863648095996,0.05598863648095996,0.0001818329910747707,0.0
145,0.006098142750435909,0.012196285500871817,0.0,0.0,0.0,-0.055973266619607775,0.055973266619607775,0.00018258299678564072,0.0
146,0.006266015728042768,0.012532031456085536,0.0,0.0,0.0,-0.055954645783587,0.055954645783587,0.0001807910157367587,0.0
147,0.006300954135122706,0.012601908270245411,0.0,0.0,0.0,-0.05593362109806732,0.05593362109806732,0.0001812910195440054,0.0
148,0.006371381831909696,0.012742763663819393,0.0,0.0,0.0,-0.055912969960669266,0.055912969960669266,0.00018074997933581471,0.0
149,0.006450904532739693,0.012901809065479386,0.0,0.0,0.0,-0.05589595350696064,0.05589595350696064,0.0001811669790185988,0.0
150,0.006447882080280604,0.012895764160561207,0.0,0.0,0.0,-0.05588435330586816,0.05588435330586816,0.00018141698092222214,0.0
151,0.006358233510554985,0.01271646702110997,0.0,0.0,0.0,-0.055879466614172646,0.055879466614172646,0.00018049997743219137,0.0
152,0.006184387350216359,0.012368774700432718,0.0,0.0,0.0,-0.05588187460982277,0.05588187460982277,0.0001806669752113521,0.0
153,0.005910818275025605,0.01182163655005121,0.0,0.0,0.0,-0.0558924353058559,0.0558924353058559,0.00018095795530825853,0.0
154,0.005564627898167279,0.011129255796334558,0.0,0.0,0.0,-0.055908158559966115,0.055908158559966115,0.0002535840030759573,0.0
155,0.005457549521310584,0.010915099042621168,0.0,0.0,0.0,-0.055925926487102505,0.055925926487102505,0.00020549999317154288,0.0
156,0.005528728623816155,0.01105745724763231,0.0,0.0,0.0,-0.05594318293084699,0.05594318293084699,0.00018991698743775487,0.0
157,0.0055287899556650255,0.011057579911330051,0.0,0.0,0.0,-0.05595633260281101,0.05595633260281101,0.00018758297665044665,0.0
158,0.005461436514025898,0.010922873028051797,0.0,0.0,0.0,-0.05596416066565191,0.05596416066565191,0.0001865419908426702,0.0
159,0.005335910294273306,0.010671820588546613,0.0,0.0,0.0,-0.0559668061016288,0.0559668061016288,0.00018512498354539275,0.0
160,0.005163652041736706,0.010327304083473411,0.0,0.0,0.0,-0.05596516208203663,0.05596516208203663,0.00018450000789016485,0.0
161,0.004974416505998797,0.009948833011997595,0.0,0.0,0.0,-0.05596046836604124,0.05596046836604124,0.00018450000789016485,0.0
162,0.004784710982195635,0.00956942196439127,0.0,0.0,0.0,-0.05595401782357977,0.05595401782357977,0.00018429197371006012,0.0
163,0.004611655024740851,0.009223310049481702,0.0,0.0,0.0,-0.0559469637791456,0.0559469637791456,0.0001842500059865415,0.0
164,0.004426146316498569,0.008852292632997139,0.0,0.0,0.0,-0.055940208279182224,0.055940208279182224,0.0001841670018620789,0.0
165,0.004178573082503644,0.008357146165007288,0.0,0.0,0.0,-0.05593435770922128,0.05593435770922128,0.00018437497783452272,0.0
166,0.0041629641220844865,0.008325928244168973,0.0,0.0,0.0,-0.05592973339948051,0.05592973339948051,0.00018404098227620125,0.0
167,0.004195746984522845,0.00839149396904569,0.0,0.0,0.0,-0.05592642189640686,0.05592642189640686,0.00018412497593089938,0.0
168,0.0042786235065488225,0.008557247013097645,0.0,0.0,0.0,-0.055924345881606496,0.055924345881606496,0.00018383300630375743,0.0
169,0.004314792944338546,0.008629585888677092,0.0,0.0,0.0,-0.05592333150099912,0.05592333150099912,0.0001835419679991901,0.0
170,0.004299274786610539,0.008598549573221079,0.0,0.0,0.0,-0.055923142316900695,0.055923142316900695,0.00018387503223493695,0.0
171,0.0046153275819180925,0.009230655163836185,0.0,0.0,0.0,-0.05592345819126049,0.05592345819126049,0.00018420896958559752,0.0
172,0.004867772538732849,0.009735545077465699,0.0,0.0,0.0,-0.05592381708900189,0.05592381708900189,0.00018391699995845556,0.0
173,0.0050430732347582705,0.010086146469516541,0.0,0.0,0.0,-0.05592358968715998,0.05592358968715998,0.00018404197180643678,0.0
174,0.005134026074358894,0.010268052148717788,0.0,0.0,0.0,-0.05592205467918254,0.05592205467918254,0.0001848749816417694,0.0
175,0.005137791875514601,0.010275583751029202,0.0,0.0,0.0,-0.05591856564222188,0.05591856564222188,0.0001837079762481153,0.0
176,0.005055656663112456,0.010111313326224912,0.0,0.0,0.0,-0.05591272889838876,0.05591272889838876,0.00018400000408291817,0.0
177,0.004892594192923771,0.009785188385847542,0.0,0.0,0.0,-0.05590451673659763,0.05590451673659763,0.00018341699615120888,0.0
178,0.005006145318304574,0.010012290636609147,0.0,0.0,0.0,-0.0558942923803024,0.0558942923803024,0.0001835830044001341,0.0
179,0.005145680553594441,0.010291361107188882,0.0,0.0,0.0,-0.05588276119829454,0.05588276119829454,0.0001836249721236527,0.0
180,0.005251207219224598,0.010502414438449195,0.0,0.0,0.0,-0.05587087142959517,0.05587087142959517,0.00018379202811047435,0.0
181,0.005318507681331942,0.010637015362663885,0.0,0.0,0.0,-0.05585968590108585,0.05585968590108585,0.00018333300249651074,0.0
182,0.005342674189200265,0.01068534837840053,0.0,0.0,0.0,-0.0558502483591354,0.0558502483591354,0.00018408300820738077,0.0
183,0.0053185044100839025,0.010637008820167805,0.0,0.0,0.0,-0.05584347086182932,0.05584347086182932,0.00018466694746166468,0.0
184,0.005241128003800506,0.010482256007601012,0.0,0.0,0.0,-0.05584005774243678,0.05584005774243678,0.0001835830044001341,0.0
185,0.005106989465500901,0.010213978931001802,0.0,0.0,0.0,-0.05584044611618183,0.05584044611618183,0.00018366699805483222,0.0
186,0.004915544545313417,0.009831089090626834,0.0,0.0,0.0,-0.05584470194426346,0.05584470194426346,0.00018395797815173864,0.0
187,0.004685401405318319,0.009370802810636639,0.0,0.0,0.0,-0.05585179556614528,0.05585179556614528,0.00018320797244086862,0.0
188,0.004436650540818505,0.00887330108163701,0.0,0.0,0.0,-0.05586090347242941,0.05586090347242941,0.00018366699805483222,0.0
189,0.004573944356170607,0.009147888712341214,0.0,0.0,0.0,-0.055871309576578265,0.055871309576578265,0.00018370896577835083,0.0
190,0.004654512444315213,0.009309024888630425,0.0,0.0,0.0,-0.05588104191833321,0.05588104191833321,0.00018391699995845556,0.0
191,0.004673110073202581,0.009346220146405161,0.0,0.0,0.0,-0.05588851547735517,0.05588851547735517,0.000183542026206851,0.0
192,0.004633728020164214,0.009267456040328428,0.0,0.0,0.0,-0.05589305209211652,0.05589305209211652,0.00018329202430322766,0.0
193,0.004543609299594686,0.009087218599189373,0.0,0.0,0.0,-0.055894589990524754,0.055894589990524754,0.00018395803635939956,0.0
194,0.004411550662600645,0.00882310132520129,0.0,0.0,0.0,-0.05589352717750501,0.05589352717750501,0.00018358399393036962,0.0
195,0.004247114180531159,0.008494228361062318,0.0,0.0,0.0,-0.055890535968101215,0.055890535968101215,0.000183542026206851,0.0
196,0.0040623417251382035,0.008124683450276407,0.0,0.0,0.0,-0.05588639606316652,0.05588639606316652,0.00018354097846895456,0.0
197,0.003857392798479676,0.007714785596959352,0.0,0.0,0.0,-0.0558818617555899,0.0558818617555899,0.00024799996754154563,0.0
198,0.0036456587351139935,0.007291317470227987,0.0,0.0,0.0,-0.05587756589404582,0.05587756589404582,0.00023987499298527837,0.0
199,0.0034359734372169555,0.006871946874433911,0.0,0.0,0.0,-0.055873959097222925,0.055873959097222925,0.00018649996491149068,0.0
200,0.0033296031363214233,0.006659206272642847,0.0,0.0,0.0,-0.05587128119154877,0.05587128119154877,0.0001805420033633709,0.0
201,0.003444896044385741,0.006889792088771482,0.0,0.0,0.0,-0.0558695611859794,0.0558695611859794,0.00018045795150101185,0.0
202,0.0034999052864314074,0.006999810572862815,0.0,0.0,0.0,-0.05586864237230804,0.05586864237230804,0.0001806250074878335,0.0
203,0.0034923587560851434,0.006984717512170287,0.0,0.0,0.0,-0.0558682300859315,0.0558682300859315,0.0001800000318326056,0.0
204,0.003422289855841875,0.00684457971168375,0.0,0.0,0.0,-0.055867959881126125,0.055867959881126125,0.0001799999736249447,0.0
205,0.003460029342752153,0.006920058685504306,0.0,0.0,0.0,-0.05586748063705721,0.05586748063705721,0.00018016702961176634,0.0
206,0.003712868884416104,0.007425737768832208,0.0,0.0,0.0,-0.05586653675522461,0.05586653675522461,0.00023062503896653652,0.0
207,0.003931972620444701,0.007863945240889403,0.0,0.0,0.0,-0.05586501601242457,0.05586501601242457,0.0001925419783219695,0.0
208,0.004105436912415883,0.008210873824831766,0.0,0.0,0.0,-0.05586292106352372,0.05586292106352372,0.00018320896197110415,0.0
209,0.00422177701951033,0.00844355403902066,0.0,0.0,0.0,-0.05586025936178261,0.05586025936178261,0.0001835419679991901,0.0
210,0.0042721180433179795,0.008544236086635959,0.0,0.0,0.0,-0.05585692978786215,0.05585692978786215,0.00018337497022002935,0.0
211,0.004251757567333609,0.008503515134667218,0.0,0.0,0.0,-0.055852717459159526,0.055852717459159526,0.00018387503223493695,0.0
212,0.0041604936562984855,0.008320987312596971,0.0,0.0,0.0,-0.05584741619029164,0.05584741619029164,0.00018341594841331244,0.0
213,0.0042645944439025155,0.008529188887805031,0.0,0.0,0.0,-0.055840986083635136,0.055840986083635136,0.00018341699615120888,0.0
214,0.004384638258242257,0.008769276516484514,0.0,0.0,0.0,-0.055833647953924925,0.055833647953924925,0.00018320797244086862,0.0
215,0.004472835127701746,0.008945670255403493,0.0,0.0,0.0,-0.05582588310261329,0.05582588310261329,0.00018354103667661548,0.0
216,0.004527390286146116,0.009054780572292233,0.0,0.0,0.0,-0.055818357615345836,0.055818357615345836,0.00018329202430322766,0.0
217,0.0045462632271656145,0.009092526454331229,0.0,0.0,0.0,-0.05581180335863036,0.05581180335863036,0.00018358399393036962,0.0
218,0.004527464572134571,0.009054929144269142,0.0,0.0,0.0,-0.05580688578740702,0.05580688578740702,0.00018324999837204814,0.0
219,0.004469607231522822,0.008939214463045644,0.0,0.0,0.0,-0.05580408567637043,0.05580408567637043,0.00018341600662097335,0.0
220,0.004372629140082664,0.008745258280165327,0.0,0.0,0.0,-0.05580361713772658,0.05580361713772658,0.00018366699805483222,0.0
221,0.004238532663829397,0.008477065327658795,0.0,0.0,0.0,-0.055805396637476544,0.055805396637476544,0.00018375000217929482,0.0
222,0.004071842069145078,0.008143684138290155,0.0,0.0,0.0,-0.055809069989338156,0.055809069989338156,0.0001836249721236527,0.0
223,0.00387936127883981,0.00775872255767962,0.0,0.0,0.0,-0.05581409404382942,0.05581409404382942,0.0001835830044001341,0.0
224,0.003726995543762046,0.007453991087524092,0.0,0.0,0.0,-0.05581984645481951,0.05581984645481951,0.00018358399393036962,0.0
225,0.003855979918854509,0.007711959837709018,0.0,0.0,0.0,-0.05582571244123219,0.05582571244123219,0.00018375000217929482,0.0
226,0.003940977638001837,0.007881955276003674,0.0,0.0,0.0,-0.055831121271105365,0.055831121271105365,0.00018383300630375743,0.0
227,0.003977271049746267,0.007954542099492534,0.0,0.0,0.0,-0.055835567186030464,0.055835567186030464,0.0001836250303313136,0.0
228,0.003968755993040224,0.007937511986080448,0.0,0.0,0.0,-0.05583865774708763,0.05583865774708763,0.00018329097656533122,0.0
229,0.003916592885526111,0.007833185771052222,0.0,0.0,0.0,-0.05584018158017379,0.05584018158017379,0.0001835830044001341,0.0
230,0.0038190994613204465,0.007638198922640893,0.0,0.0,0.0,-0.05584015189276755,0.05584015189276755,0.00018408300820738077,0.0
231,0.003693436532473327,0.007386873064946654,0.0,0.0,0.0,-0.05583879416753473,0.05583879416753473,0.0001836249721236527,0.0
232,0.0035467612470470936,0.007093522494094187,0.0,0.0,0.0,-0.055836484110429005,0.055836484110429005,0.00018395803635939956,0.0
233,0.003383898534729729,0.006767797069459458,0.0,0.0,0.0,-0.055833664758491296,0.055833664758491296,0.00018320797244086862,0.0
234,0.0032114292694361904,0.006422858538872381,0.0,0.0,0.0,-0.055830768165429555,0.055830768165429555,0.00018379202811047435,0.0
235,0.0030354042870732907,0.006070808574146581,0.0,0.0,0.0,-0.05582815406118202,0.05582815406118202,0.00018383399583399296,0.0
236,0.002861311881812663,0.005722623763625326,0.0,0.0,0.0,-0.05582606849855014,0.05582606849855014,0.00018416601233184338,0.0
237,0.0027956051413798345,0.005591210282759669,0.0,0.0,0.0,-0.055824621525931914,0.055824621525931914,0.00018395797815173864,0.0
238,0.002895145957571791,0.005790291915143582,0.0,0.0,0.0,-0.055823782262463706,0.055823782262463706,0.00018383300630375743,0.0
239,0.0029454542143038977,0.005890908428607795,0.0,0.0,0.0,-0.0558233907011611,0.0558233907011611,0.00018391699995845556,0.0
240,0.0029432947210941904,0.005886589442188381,0.0,0.0,0.0,-0.05582318708819952,0.05582318708819952,0.00018341699615120888,0.0
241,0.0028869030316720536,0.005773806063344107,0.0,0.0,0.0,-0.055822860855533805,0.055822860855533805,0.00018383300630375743,0.0
242,0.0028571946305568224,0.005714389261113645,0.0,0.0,0.0,-0.055822120185520206,0.055822120185520206,0.00018350000027567148,0.0
243,0.003048909322425908,0.006097818644851816,0.0,0.0,0.0,-0.05582077655277812,0.05582077655277812,0.00018354103667661548,0.0
244,0.003242109413924537,0.006484218827849074,0.0,0.0,0.0,-0.05581881932646887,0.05581881932646887,0.000183542026206851,0.0
245,0.003405610760360122,0.006811221520720244,0.0,0.0,0.0,-0.05581642479688341,0.05581642479688341,0.00018345803255215287,0.0
246,0.0035272118563464128,0.0070544237126928255,0.0,0.0,0.0,-0.05581384277985165,0.05581384277985165,0.0001835830044001341,0.0
247,0.003596296071843568,0.007192592143687136,0.0,0.0,0.0,-0.055811200467151656,0.055811200467151656,0.00018366705626249313,0.0
248,0.003606385937174498,0.007212771874348996,0.0,0.0,0.0,-0.05580839022203392,0.05580839022203392,0.00018337497022002935,0.0
249,0.0035558613623621164,0.007111722724724233,0.0,0.0,0.0,-0.05580515250422476,0.05580515250422476,0.00018350000027567148,0.0
250,0.0036408434792972906,0.007281686958594581,0.0,0.0,0.0,-0.055801268460006034,0.055801268460006034,0.0001837079762481153,0.0
251,0.003741919206829425,0.00748383841365885,0.0,0.0,0.0,-0.05579670859606049,0.05579670859606049,0.00018350000027567148,0.0
252,0.0038168971836694057,0.0076337943673388114,0.0,0.0,0.0,-0.05579167265865933,0.05579167265865933,0.00018329202430322766,0.0
253,0.0038655691491554962,0.0077311382983109925,0.0,0.0,0.0,-0.05578654346121011,0.05578654346121011,0.0001837079762481153,0.0
254,0.0038875114506254985,0.007775022901250997,0.0,0.0,0.0,-0.05578179789465319,0.05578179789465319,0.000183124968316406,0.0
255,0.0038822368139583077,0.0077644736279166154,0.0,0.0,0.0,-0.055777905940717985,0.055777905940717985,0.00018358399393036962,0.0
256,0.0038495189232113924,0.007699037846422785,0.0,0.0,0.0,-0.05577523736824906,0.05577523736824906,0.000183542026206851,0.0
257,0.003797941202927608,0.007595882405855216,0.0,0.0,0.0,-0.055773991341599216,0.055773991341599216,0.00018350000027567148,0.0
258,0.003704797397658645,0.00740959479531729,0.0,0.0,0.0,-0.05577416211227092,0.05577416211227092,0.00018874998204410076,0.0
259,0.0035974649387182367,0.007194929877436473,0.0,0.0,0.0,-0.05577555235022506,0.05577555235022506,0.00018437503604218364,0.0
260,0.003472089554466623,0.006944179108933246,0.0,0.0,0.0,-0.055777841550643935,0.055777841550643935,0.0001834590220823884,0.0
261,0.003333209065422782,0.006666418130845564,0.0,0.0,0.0,-0.055780698959385665,0.055780698959385665,0.00018412497593089938,0.0
262,0.0031891844457348287,0.006378368891469657,0.0,0.0,0.0,-0.055783887221951045,0.055783887221951045,0.0001835830044001341,0.0
263,0.0033073763687576814,0.006614752737515363,0.0,0.0,0.0,-0.05578726986553325,0.05578726986553325,0.00018366705626249313,0.0
264,0.003391302786501838,0.006782605573003676,0.0,0.0,0.0,-0.055790704391306734,0.055790704391306734,0.0001835830044001341,0.0
265,0.003435524414119012,0.006871048828238024,0.0,0.0,0.0,-0.055793939639405155,0.055793939639405155,0.00018350000027567148,0.0
266,0.0034395448725194067,0.006879089745038813,0.0,0.0,0.0,-0.055796633748669056,0.055796633748669056,0.00018312502652406693,0.0
267,0.003406328486045107,0.006812656972090214,0.0,0.0,0.0,-0.0557984704502341,0.0557984704502341,0.00018350000027567148,0.0
268,0.003340703831081277,0.006681407662162554,0.0,0.0,0.0,-0.05579927493770792,0.05579927493770792,0.00018400000408291817,0.0
269,0.003248271724167074,0.006496543448334148,0.0,0.0,0.0,-0.05579905976871976,0.05579905976871976,0.00018350000027567148,0.0
270,0.0031347955610974768,0.0062695911221949535,0.0,0.0,0.0,-0.05579799801225592,0.05579799801225592,0.000183124968316406,0.0
271,0.0030058931065767742,0.0060117862131535485,0.0,0.0,0.0,-0.05579636016952546,0.05579636016952546,0.00018320803064852953,0.0
272,0.0028668842849109595,0.005733768569821919,0.0,0.0,0.0,-0.05579444813462858,0.05579444813462858,0.00018350000027567148,0.0
273,0.002722715971777541,0.005445431943555082,0.0,0.0,0.0,-0.05579254139763514,0.05579254139763514,0.0001829999964684248,0.0
274,0.0025779319001879644,0.005155863800375929,0.0,0.0,0.0,-0.055790858624058526,0.055790858624058526,0.00018387497402727604,0.0
275,0.0025064468966246624,0.005012893793249325,0.0,0.0,0.0,-0.055789533417782464,0.055789533417782464,0.0001835830044001341,0.0
276,0.0024512961000560385,0.004902592200112077,0.0,0.0,0.0,-0.055788602600683544,0.055788602600683544,0.00018375000217929482,0.0
277,0.0024632891432186076,0.004926578286437215,0.0,0.0,0.0,-0.05578800621447777,0.05578800621447777,0.0001835419679991901,0.0
278,0.0024990881424655047,0.004998176284931009,0.0,0.0,0.0,-0.05578759969118998,0.05578759969118998,0.00018345803255215287,0.0
279,0.0024896362580070705,0.004979272516014141,0.0,0.0,0.0,-0.055787179791818284,0.055787179791818284,0.0001837909803725779,0.0
280,0.0024333907898761754,0.004866781579752351,0.0,0.0,0.0,-0.055786526468555794,0.055786526468555794,0.00018337497022002935,0.0
281,0.002377395437169475,0.00475479087433895,0.0,0.0,0.0,-0.05578546146674117,0.05578546146674117,0.00018337502842769027,0.0
282,0.00256581687341113,0.00513163374682226,0.0,0.0,0.0,-0.055783917389691726,0.055783917389691726,0.00018337502842769027,0.0
283,0.0027419073503334376,0.005483814700666875,0.0,0.0,0.0,-0.055781991221128834,0.055781991221128834,0.0001835419679991901,0.0
284,0.002893946958654879,0.005787893917309758,0.0,0.0,0.0,-0.05577992763156309,0.05577992763156309,0.00030862499261274934,0.0
285,0.003010652312258614,0.006021304624517228,0.0,0.0,0.0,-0.05577798767463982,0.05577798767463982,0.00018491700757294893,0.0
286,0.003082768819064545,0.00616553763812909,0.0,0.0,0.0,-0.05577626555747289,0.05577626555747289,0.00018037494737654924,0.0
287,0.003105135118564528,0.006210270237129056,0.0,0.0,0.0,-0.05577461505179486,0.05577461505179486,0.00018041697330772877,0.0
288,0.003076809404119578,0.006153618808239156,0.0,0.0,0.0,-0.055772752197039775,0.055772752197039775,0.00018045800970867276,0.0
289,0.0031292157716033553,0.006258431543206711,0.0,0.0,0.0,-0.05577042929347453,0.05577042929347453,0.00018058298155665398,0.0
290,0.0032149573354689764,0.006429914670937953,0.0,0.0,0.0,-0.05576755323557486,0.05576755323557486,0.0001807080116122961,0.0
291,0.003280658455589565,0.00656131691117913,0.0,0.0,0.0,-0.055764211590400126,0.055764211590400126,0.00018137501319870353,0.0
292,0.0033266524721192077,0.006653304944238415,0.0,0.0,0.0,-0.055760635758078866,0.055760635758078866,0.00018091604579240084,0.0
293,0.003353081925162954,0.006706163850325908,0.0,0.0,0.0,-0.05575713767846324,0.05575713767846324,0.00018083298346027732,0.0
294,0.0033599842078987432,0.0067199684157974865,0.0,0.0,0.0,-0.055754041302850575,0.055754041302850575,0.0001806250074878335,0.0
295,0.0033474805310867543,0.006694961062173509,0.0,0.0,0.0,-0.05575161952916356,0.05575161952916356,0.0001807909575290978,0.0
296,0.0033591214874785606,0.006718242974957121,0.0,0.0,0.0,-0.05575004427442469,0.05575004427442469,0.00018045800970867276,0.0
297,0.0033236338779506665,0.006647267755901333,0.0,0.0,0.0,-0.055749357316313516,0.055749357316313516,0.00018087500939145684,0.0
298,0.0032264924415159983,0.006452984883031997,0.0,0.0,0.0,-0.055749470015743874,0.055749470015743874,0.0001811670372262597,0.0
299,0.003122958428854794,0.006245916857709588,0.0,0.0,0.0,-0.05575019974935299,0.05575019974935299,0.00018095900304615498,0.0
300,0.0030339606161501227,0.0060679212323002454,0.0,0.0,0.0,-0.05575134526638807,0.05575134526638807,0.00018050003563985229,0.0
301,0.0029364753880416553,0.0058729507760833105,0.0,0.0,0.0,-0.05575278154613071,0.05575278154613071,0.0001806250074878335,0.0
302,0.002830210038320475,0.00566042007664095,0.0,0.0,0.0,-0.05575452990840085,0.05575452990840085,0.0001806250074878335,0.0
303,0.0028875544690591844,0.005775108938118369,0.0,0.0,0.0,-0.055756624007566556,0.055756624007566556,0.00018108304357156157,0.0
304,0.0029645200366692007,0.005929040073338401,0.0,0.0,0.0,-0.05575907198541352,0.05575907198541352,0.0001804589992389083,0.0
305,0.0030082925649121198,0.0060165851298242395,0.0,0.0,0.0,-0.05576167825891315,0.05576167825891315,0.0001806250074878335,0.0
306,0.0030186028475528703,0.006037205695105741,0.0,0.0,0.0,-0.055764109002629646,0.055764109002629646,0.00018454098608344793,0.0
307,0.002997928350629092,0.005995856701258184,0.0,0.0,0.0,-0.055766027174283105,0.055766027174283105,0.0001807910157367587,0.0
308,0.002950137094017303,0.005900274188034606,0.0,0.0,0.0,-0.055767211153189375,0.055767211153189375,0.00018074997933581471,0.0
309,0.0028796361813322457,0.0057592723626644915,0.0,0.0,0.0,-0.055767600299470664,0.055767600299470664,0.00018116604769602418,0.0
310,0.0027909292881805117,0.0055818585763610234,0.0,0.0,0.0,-0.05576727461190982,0.05576727461190982,0.000181332987267524,0.0
311,0.0026884087976834226,0.005376817595366845,0.0,0.0,0.0,-0.055766404760864474,0.055766404760864474,0.00018083298346027732,0.0
312,0.002576259456228098,0.005152518912456196,0.0,0.0,0.0,-0.05576520071343172,0.05576520071343172,0.00018095801351591945,0.0
313,0.0024584104681474594,0.004916820936294919,0.0,0.0,0.0,-0.05576387024032455,0.05576387024032455,0.0001810840331017971,0.0
314,0.002338512595956483,0.004677025191912966,0.0,0.0,0.0,-0.05576258886224996,0.05576258886224996,0.00018099998123943806,0.0
315,0.0022541883523105807,0.0045083767046211615,0.0,0.0,0.0,-0.05576147982136202,0.05576147982136202,0.00018112501129508018,0.0
316,0.0022217418127050137,0.004443483625410027,0.0,0.0,0.0,-0.055760602594696417,0.055760602594696417,0.0001814159913919866,0.0
317,0.0021706605581370657,0.004341321116274131,0.0,0.0,0.0,-0.05575994920408556,0.05575994920408556,0.00018091598758473992,0.0
318,0.00211514021561212,0.00423028043122424,0.0,0.0,0.0,-0.05575944843559581,0.05575944843559581,0.00018149998504668474,0.0
319,0.002135571747488966,0.004271143494977932,0.0,0.0,0.0,-0.05575897884751624,0.05575897884751624,0.00018104200717061758,0.0
320,0.0021172696582335768,0.0042345393164671535,0.0,0.0,0.0,-0.055758391958699194,0.055758391958699194,0.00018099998123943806,0.0
321,0.0020593707821812066,0.004118741564362413,0.0,0.0,0.0,-0.055757546918020616,0.055757546918020616,0.0001811670372262597,0.0
322,0.0020425205012827123,0.004085041002565425,0.0,0.0,0.0,-0.055756355995447225,0.055756355995447225,0.0001805420033633709,0.0
323,0.0022118305813423923,0.004423661162684785,0.0,0.0,0.0,-0.055754832881264746,0.055754832881264746,0.00018112501129508018,0.0
324,0.002369426601993168,0.004738853203986336,0.0,0.0,0.0,-0.055753118821190883,0.055753118821190883,0.00018108298536390066,0.0
325,0.002506014810554201,0.005012029621108402,0.0,0.0,0.0,-0.05575144463321807,0.05575144463321807,0.00018112501129508018,0.0
326,0.0026121835843804335,0.005224367168760867,0.0,0.0,0.0,-0.055750011531114495,0.055750011531114495,0.00018091598758473992,0.0
327,0.00268067389150976,0.00536134778301952,0.0,0.0,0.0,-0.0557488604937156,0.0557488604937156,0.0001814159913919866,0.0
328,0.0027076786902398946,0.005415357380479789,0.0,0.0,0.0,-0.055747842875392216,0.055747842875392216,0.00018108298536390066,0.0
329,0.0026926543092054764,0.005385308618410953,0.0,0.0,0.0,-0.05574671251067241,0.05574671251067241,0.00018029101192951202,0.0
330,0.002734454681943034,0.005468909363886068,0.0,0.0,0.0,-0.05574525435453994,0.05574525435453994,0.00018095900304615498,0.0
331,0.0028088616198226127,0.005617723239645225,0.0,0.0,0.0,-0.055743367663522614,0.055743367663522614,0.00018116604769602418,0.0
332,0.0028673728391645573,0.0057347456783291145,0.0,0.0,0.0,-0.055741084456079025,0.055741084456079025,0.0001812499831430614,0.0
333,0.0029103887103811184,0.005820777420762237,0.0,0.0,0.0,-0.05573854511156405,0.05573854511156405,0.00018087500939145684,0.0
334,0.0029381680725405757,0.005876336145081151,0.0,0.0,0.0,-0.05573595626125107,0.05573595626125107,0.00018091598758473992,0.0
335,0.002950873884544375,0.00590174776908875,0.0,0.0,0.0,-0.05573354517881335,0.05573354517881335,0.00018099998123943806,0.0
336,0.002948687267815754,0.005897374535631508,0.0,0.0,0.0,-0.05573151708008289,0.05573151708008289,0.00018075003754347563,0.0
337,0.0029597078353184765,0.005919415670636953,0.0,0.0,0.0,-0.055730019324669644,0.055730019324669644,0.00020879198564216495,0.0
338,0.0029638584275795445,0.005927716855159089,0.0,0.0,0.0,-0.05572911659560831,0.05572911659560831,0.00021220900816842914,0.0
339,0.002918426242600119,0.005836852485200238,0.0,0.0,0.0,-0.05572878182016522,0.05572878182016522,0.00018412497593089938,0.0
340,0.002821380884562706,0.005642761769125412,0.0,0.0,0.0,-0.05572890826116491,0.05572890826116491,0.00018350000027567148,0.0
341,0.002742745480361186,0.005485490960722372,0.0,0.0,0.0,-0.05572934764566247,0.05572934764566247,0.00018379196990281343,0.0
342,0.0026742737716092604,0.005348547543218521,0.0,0.0,0.0,-0.055729973298149146,0.055729973298149146,0.00018395896768197417,0.0
343,0.0025976982943320855,0.005195396588664171,0.0,0.0,0.0,-0.055730831316611926,0.055730831316611926,0.00018383300630375743,0.0
344,0.002514319892312617,0.005028639784625234,0.0,0.0,0.0,-0.055731909041621605,0.055731909041621605,0.00018395797815173864,0.0
345,0.002553295124827354,0.005106590249654708,0.0,0.0,0.0,-0.05573319190035294,0.05573319190035294,0.00018391601042822003,0.0
346,0.0026221952410338256,0.005244390482067651,0.0,0.0,0.0,-0.05573484750563261,0.05573484750563261,0.00018383300630375743,0.0
347,0.002663572560660521,0.005327145121321042,0.0,0.0,0.0,-0.05573676727338982,0.05573676727338982,0.00018337502842769027,0.0
348,0.0026769978743353753,0.005353995748670751,0.0,0.0,0.0,-0.055738703907641296,0.055738703907641296,0.00018395797815173864,0.0
349,0.0026643294001354734,0.005328658800270947,0.0,0.0,0.0,-0.055740375485415605,0.055740375485415605,0.0001840420300140977,0.0
350,0.00262859887592546,0.00525719775185092,0.0,0.0,0.0,-0.055741567467126094,0.055741567467126094,0.00018520798766985536,0.0
351,0.002573302370834807,0.005146604741669614,0.0,0.0,0.0,-0.055742182836776955,0.055742182836776955,0.0001836249721236527,0.0
352,0.0025020299710784843,0.005004059942156969,0.0,0.0,0.0,-0.055742238181462955,0.055742238181462955,0.00018400000408291817,0.0
353,0.0024182948362558923,0.004836589672511785,0.0,0.0,0.0,-0.05574183100705604,0.05574183100705604,0.0001835830044001341,0.0
354,0.002325458794669239,0.004650917589338478,0.0,0.0,0.0,-0.055741101836084606,0.055741101836084606,0.00018491694936528802,0.0
355,0.0022266984186584855,0.004453396837316971,0.0,0.0,0.0,-0.05574020205224267,0.05574020205224267,0.00018462503794580698,0.0
356,0.0021249887512017063,0.0042499775024034125,0.0,0.0,0.0,-0.05573926980180044,0.05573926980180044,0.00018454197561368346,0.0
357,0.002023098872228263,0.004046197744456526,0.0,0.0,0.0,-0.05573841311141185,0.05573841311141185,0.0001842499477788806,0.0
358,0.0019854760727955785,0.003970952145591157,0.0,0.0,0.0,-0.05573769897124779,0.05573769897124779,0.00018395797815173864,0.0
359,0.0019589571653193354,0.003917914330638671,0.0,0.0,0.0,-0.05573714757291511,0.05573714757291511,0.00018400000408291817,0.0
360,0.0019155787336241521,0.0038311574672483042,0.0,0.0,0.0,-0.05573673149277002,0.05573673149277002,0.0001855829614214599,0.0
361,0.0018540101527309769,0.0037080203054619537,0.0,0.0,0.0,-0.05573638018976705,0.05573638018976705,0.0001980409724637866,0.0
362,0.0018486857631645794,0.0036973715263291587,0.0,0.0,0.0,-0.055735990671787014,0.055735990671787014,0.0001860000193119049,0.0
363,0.0018259382720574799,0.0036518765441149598,0.0,0.0,0.0,-0.05573544549638826,0.05573544549638826,0.00018687505507841706,0.0
364,0.001769364123673376,0.003538728247346752,0.0,0.0,0.0,-0.05573463918256444,0.05573463918256444,0.00018483400344848633,0.0
365,0.0017873890173997868,0.0035747780347995736,0.0,0.0,0.0,-0.05573351268276474,0.05573351268276474,0.000185999961104244,0.0
366,0.0019339189450461314,0.0038678378900922628,0.0,0.0,0.0,-0.055732090165797575,0.055732090165797575,0.00018516601994633675,0.0
367,0.002071233586448718,0.004142467172897436,0.0,0.0,0.0,-0.055730514476794966,0.055730514476794966,0.00018454203382134438,0.0
368,0.0021912426308785017,0.004382485261757003,0.0,0.0,0.0,-0.05572899420535542,0.05572899420535542,0.00018487503984943032,0.0
369,0.0022879550489705233,0.004575910097941047,0.0,0.0,0.0,-0.05572765287367001,0.05572765287367001,0.00018570804968476295,0.0
370,0.0023535643385558074,0.004707128677111615,0.0,0.0,0.0,-0.05572660688139754,0.05572660688139754,0.0001842500059865415,0.0
371,0.002384322205580037,0.004768644411160074,0.0,0.0,0.0,-0.05572577184364882,0.05572577184364882,0.00018495897529646754,0.0
372,0.002379286877244712,0.004758573754489424,0.0,0.0,0.0,-0.055724959937463514,0.055724959937463514,0.0002679169992916286,0.0
373,0.00244787429766144,0.00489574859532288,0.0,0.0,0.0,-0.0557239794963816,0.0557239794963816,0.00022683298448100686,0.0
374,0.002513695934978761,0.005027391869957522,0.0,0.0,0.0,-0.05572271172778476,0.05572271172778476,0.00018550001550465822,0.0
375,0.0025654156241691657,0.005130831248338331,0.0,0.0,0.0,-0.055721138934793545,0.055721138934793545,0.00018462497973814607,0.0
376,0.0026034442221943357,0.0052068884443886715,0.0,0.0,0.0,-0.05571933478905396,0.05571933478905396,0.00018295797053724527,0.0
377,0.0026280848115465723,0.0052561696230931446,0.0,0.0,0.0,-0.05571743631152115,0.05571743631152115,0.00018174998695030808,0.0
378,0.002639553663837557,0.005279107327675114,0.0,0.0,0.0,-0.055715610728879504,0.055715610728879504,0.00018112501129508018,0.0
379,0.002638057211700646,0.005276114423401292,0.0,0.0,0.0,-0.055714023208997786,0.055714023208997786,0.00018149998504668474,0.0
380,0.0026239110098171883,0.005247822019634377,0.0,0.0,0.0,-0.055712808250421186,0.055712808250421186,0.00018154201097786427,0.0
381,0.002626890643760059,0.005253781287520118,0.0,0.0,0.0,-0.05571204688879776,0.05571204688879776,0.00018208299297839403,0.0
382,0.002619312251241318,0.005238624502482636,0.0,0.0,0.0,-0.05571175218604034,0.05571175218604034,0.00018437503604218364,0.0
383,0.002570096878674554,0.005140193757349108,0.0,0.0,0.0,-0.05571186604469518,0.05571186604469518,0.00018137501319870353,0.0
384,0.002478166537351039,0.004956333074702078,0.0,0.0,0.0,-0.055712271009662584,0.055712271009662584,0.00018141703912988305,0.0
385,0.0023997747321113927,0.004799549464222785,0.0,0.0,0.0,-0.05571282050318416,0.05571282050318416,0.00018166698282584548,0.0
386,0.0023375309899344894,0.004675061979868979,0.0,0.0,0.0,-0.055713387317456495,0.055713387317456495,0.00018262496450915933,0.0
387,0.0022727439865389727,0.0045454879730779454,0.0,0.0,0.0,-0.05571394727852835,0.05571394727852835,0.00018174998695030808,0.0
388,0.0022041433004716844,0.004408286600943369,0.0,0.0,0.0,-0.055714572466457765,0.055714572466457765,0.00018191698472946882,0.0
389,0.0022918773063130837,0.0045837546126261675,0.0,0.0,0.0,-0.055715228595793975,0.055715228595793975,0.00018095795530825853,0.0
390,0.002369506731911615,0.00473901346382323,0.0,0.0,0.0,-0.05571612256635224,0.05571612256635224,0.00023216597037389874,0.0
391,0.0024111245325669564,0.004822249065133913,0.0,0.0,0.0,-0.0557172640937695,0.0557172640937695,0.00018812500638887286,0.0
392,0.0024186418897479307,0.0048372837794958615,0.0,0.0,0.0,-0.05571853658773548,0.05571853658773548,0.000184166943654418,0.0
393,0.0023970998508825517,0.004794199701765103,0.0,0.0,0.0,-0.0557197498632853,0.0557197498632853,0.0001841670018620789,0.0
394,0.0023580932930483203,0.004716186586096641,0.0,0.0,0.0,-0.05572071954305173,0.05572071954305173,0.0001842500059865415,0.0
395,0.0023125066076896024,0.004625013215379205,0.0,0.0,0.0,-0.0557213264025616,0.0557213264025616,0.00018520804587751627,0.0
396,0.0022526203007059327,0.004505240601411865,0.0,0.0,0.0,-0.05572153571359053,0.05572153571359053,0.00018437497783452272,0.0
397,0.00218137302967928,0.00436274605935856,0.0,0.0,0.0,-0.055721384925332226,0.055721384925332226,0.0001846670056693256,0.0
398,0.002101582119062157,0.004203164238124314,0.0,0.0,0.0,-0.055720958272335974,0.055720958272335974,0.0001847919775173068,0.0
399,0.0020159112267530976,0.004031822453506195,0.0,0.0,0.0,-0.055720361338032674,0.055720361338032674,0.0001842499477788806,0.0
400,0.001926858678962591,0.003853717357925182,0.0,0.0,0.0,-0.055719700525758,0.055719700525758,0.00018445798195898533,0.0
401,0.001836755731371837,0.003673511462743674,0.0,0.0,0.0,-0.05571906795873455,0.05571906795873455,0.00018533295951783657,0.0
402,0.0017477725648333345,0.003495545129666669,0.0,0.0,0.0,-0.055718530966186605,0.055718530966186605,0.00018508301582187414,0.0
403,0.001729788552080374,0.003459577104160748,0.0,0.0,0.0,-0.055718125280111164,0.055718125280111164,0.00018504197942093015,0.0
404,0.0017141419501455375,0.003428283900291075,0.0,0.0,0.0,-0.055717851426141426,0.055717851426141426,0.0001847500097937882,0.0
405,0.0016842978765260024,0.0033685957530520047,0.0,0.0,0.0,-0.05571767423031053,0.05571767423031053,0.00018404098227620125,0.0
406,0.0016388302964004883,0.0032776605928009767,0.0,0.0,0.0,-0.05571752580209076,0.05571752580209076,0.00018437497783452272,0.0
407,0.001619912547683608,0.003239825095367216,0.0,0.0,0.0,-0.055717312758523284,0.055717312758523284,0.00018541701138019562,0.0
408,0.0015949267037011633,0.0031898534074023266,0.0,0.0,0.0,-0.05571692879208403,0.05571692879208403,0.00018687499687075615,0.0
409,0.001551950014693347,0.003103900029386694,0.0,0.0,0.0,-0.055716273872509034,0.055716273872509034,0.00018391699995845556,0.0
410,0.0015854209304560982,0.0031708418609121963,0.0,0.0,0.0,-0.05571528094950864,0.05571528094950864,0.00018379103858023882,0.0
411,0.00170659118218228,0.00341318236436456,0.0,0.0,0.0,-0.05571394829200812,0.05571394829200812,0.00018441700376570225,0.0
412,0.0018191197014497777,0.0036382394028995554,0.0,0.0,0.0,-0.055712488242257795,0.055712488242257795,0.00018395896768197417,0.0
413,0.00191795213236972,0.00383590426473944,0.0,0.0,0.0,-0.05571102433051086,0.05571102433051086,0.0001855829614214599,0.0
414,0.00200116987890157,0.00400233975780314,0.0,0.0,0.0,-0.05570958598907152,0.05570958598907152,0.00018408300820738077,0.0
415,0.002066587678739233,0.004133175357478466,0.0,0.0,0.0,-0.05570821444820764,0.05570821444820764,0.00018458400154486299,0.0
416,0.0021034097834108263,0.004206819566821653,0.0,0.0,0.0,-0.055707146919045256,0.055707146919045256,0.00018416601233184338,0.0
417,0.002172551455841283,0.004345102911682566,0.0,0.0,0.0,-0.055706301760016674,0.055706301760016674,0.00018445804016664624,0.0
418,0.002248187366934634,0.004496374733869268,0.0,0.0,0.0,-0.055705520324460564,0.055705520324460564,0.00018583296332508326,0.0
419,0.002309053723921768,0.004618107447843536,0.0,0.0,0.0,-0.05570465241675843,0.05570465241675843,0.0001847089733928442,0.0
420,0.002355572765313986,0.004711145530627972,0.0,0.0,0.0,-0.05570361405946069,0.05570361405946069,0.00018462497973814607,0.0
421,0.0023882245140767096,0.004776449028153419,0.0,0.0,0.0,-0.05570240420084366,0.05570240420084366,0.0001842500059865415,0.0
422,0.0024074152838097114,0.004814830567619423,0.0,0.0,0.0,-0.055701092465240395,0.055701092465240395,0.0001844159560278058,0.0
423,0.002413464378662595,0.00482692875732519,0.0,0.0,0.0,-0.05569979417916828,0.05569979417916828,0.0001840839977376163,0.0
424,0.002406657439667531,0.004813314879335062,0.0,0.0,0.0,-0.05569864275106536,0.05569864275106536,0.00018420902779325843,0.0
425,0.0023873415554645783,0.0047746831109291565,0.0,0.0,0.0,-0.05569776379490623,0.05569776379490623,0.0001840839977376163,0.0
426,0.002356050261249333,0.004712100522498666,0.0,0.0,0.0,-0.05569725285473855,0.05569725285473855,0.000185334007255733,0.0
427,0.002313647791711483,0.004627295583422966,0.0,0.0,0.0,-0.055697157988019316,0.055697157988019316,0.00018508295761421323,0.0
428,0.0022999407986568736,0.004599881597313747,0.0,0.0,0.0,-0.05569746859880964,0.05569746859880964,0.00018500001169741154,0.0
429,0.00225497659220239,0.00450995318440478,0.0,0.0,0.0,-0.055698112361952254,0.055698112361952254,0.00018991698743775487,0.0
430,0.0021758374907581077,0.004351674981516215,0.0,0.0,0.0,-0.055698962647690406,0.055698962647690406,0.00018454098608344793,0.0
431,0.0020684027028282925,0.004136805405656585,0.0,0.0,0.0,-0.05569985896628531,0.05569985896628531,0.00018716702470555902,0.0
432,0.002001348803404468,0.004002697606808936,0.0,0.0,0.0,-0.05570064141479414,0.05570064141479414,0.00018725002883002162,0.0
433,0.0019373531787508294,0.003874706357501659,0.0,0.0,0.0,-0.05570119529702143,0.05570119529702143,0.0001867079990915954,0.0
434,0.0020140856758582015,0.004028171351716403,0.0,0.0,0.0,-0.055701492939860195,0.055701492939860195,0.00018566596554592252,0.0
435,0.0021102698769112985,0.004220539753822597,0.0,0.0,0.0,-0.055701609311908006,0.055701609311908006,0.0001846670056693256,0.0
436,0.002180180986518898,0.004360361973037796,0.0,0.0,0.0,-0.055701689474570534,0.055701689474570534,0.00018491700757294893,0.0
437,0.002219722239043549,0.004439444478087098,0.0,0.0,0.0,-0.05570187446364916,0.05570187446364916,0.0001849160180427134,0.0
438,0.0022280517399902167,0.004456103479980433,0.0,0.0,0.0,-0.05570223002774509,0.05570223002774509,0.00018420798005536199,0.0
439,0.002207613349371241,0.004415226698742482,0.0,0.0,0.0,-0.055702722288868765,0.055702722288868765,0.00018441700376570225,0.0
440,0.0021631501055440656,0.004326300211088131,0.0,0.0,0.0,-0.05570324592707675,0.05570324592707675,0.00018441694555804133,0.0
441,0.0021002970188317704,0.004200594037663541,0.0,0.0,0.0,-0.05570367882844154,0.05570367882844154,0.0001840839977376163,0.0
442,0.0020315011974616944,0.004063002394923389,0.0,0.0,0.0,-0.05570393035572456,0.05570393035572456,0.000190042017493397,0.0
443,0.001970131202494979,0.003940262404989958,0.0,0.0,0.0,-0.055703963654723784,0.055703963654723784,0.00018616701709106565,0.0
444,0.001900360243784649,0.003800720487569298,0.0,0.0,0.0,-0.055703793027506374,0.055703793027506374,0.0001867079990915954,0.0
445,0.0018245403815013335,0.003649080763002667,0.0,0.0,0.0,-0.05570346847907341,0.05570346847907341,0.00018883298616856337,0.0
446,0.0017448769238628432,0.0034897538477256865,0.0,0.0,0.0,-0.055703057988270674,0.055703057988270674,0.0001871669664978981,0.0
447,0.0016634242435830393,0.0033268484871660786,0.0,0.0,0.0,-0.05570263241533032,0.05570263241533032,0.00018654100131243467,0.0
448,0.0015820906932157985,0.003164181386431597,0.0,0.0,0.0,-0.05570225411007185,0.05570225411007185,0.00018595799338072538,0.0
449,0.001502649332343453,0.003005298664686906,0.0,0.0,0.0,-0.05570196878515442,0.05570196878515442,0.00018566602375358343,0.0
450,0.0014646147318401956,0.002929229463680391,0.0,0.0,0.0,-0.05570179996020784,0.05570179996020784,0.00018383300630375743,0.0
451,0.001467554076006794,0.002935108152013588,0.0,0.0,0.0,-0.05570174546770035,0.05570174546770035,0.00018529099179431796,0.0
452,0.001460018814261877,0.002920037628523754,0.0,0.0,0.0,-0.055701775822449305,0.055701775822449305,0.00018441601423546672,0.0
453,0.0014403083437058914,0.002880616687411783,0.0,0.0,0.0,-0.05570183460797098,0.05570183460797098,0.00018762500258162618,0.0
454,0.001418140161623553,0.002836280323247106,0.0,0.0,0.0,-0.055701841403568285,0.055701841403568285,0.00018562504556030035,0.0
455,0.0014476602479777598,0.0028953204959555195,0.0,0.0,0.0,-0.055701698156287005,0.055701698156287005,0.00018450000789016485,0.0
456,0.0014874443083454404,0.002974888616690881,0.0,0.0,0.0,-0.05570130029692046,0.05570130029692046,0.00018533301772549748,0.0
457,0.0015011854695863268,0.0030023709391726536,0.0,0.0,0.0,-0.055700554284776105,0.055700554284776105,0.00018550001550465822,0.0
458,0.0014956461650900872,0.0029912923301801744,0.0,0.0,0.0,-0.0556994032224819,0.0556994032224819,0.00018812500638887286,0.0
459,0.0015787268001924253,0.0031574536003848505,0.0,0.0,0.0,-0.05569801320807327,0.05569801320807327,0.00030375004280358553,0.0
460,0.001651574016593521,0.003303148033187042,0.0,0.0,0.0,-0.05569653824989772,0.05569653824989772,0.00018470903160050511,0.0
461,0.0017255289932003107,0.0034510579864006213,0.0,0.0,0.0,-0.05569501028442958,0.05569501028442958,0.00018495798576623201,0.0
462,0.0018222115481493842,0.0036444230962987684,0.0,0.0,0.0,-0.055693463887123616,0.055693463887123616,0.00018375000217929482,0.0
463,0.0019171884850262902,0.0038343769700525804,0.0,0.0,0.0,-0.05569193798319629,0.05569193798319629,0.00018262496450915933,0.0
464,0.0020094093092747067,0.0040188186185494135,0.0,0.0,0.0,-0.05569047755510542,0.05569047755510542,0.00018216599710285664,0.0
465,0.0020922212462656416,0.004184442492531283,0.0,0.0,0.0,-0.05568925381409967,0.05568925381409967,0.0001815840369090438,0.0
466,0.00215862270861545,0.0043172454172309,0.0,0.0,0.0,-0.05568835020856905,0.05568835020856905,0.0001819159951992333,0.0
467,0.0022082454086825853,0.004416490817365171,0.0,0.0,0.0,-0.05568763245386826,0.05568763245386826,0.0001818749587982893,0.0
468,0.0022414991004964246,0.004482998200992849,0.0,0.0,0.0,-0.05568697750237502,0.05568697750237502,0.00018254201859235764,0.0
469,0.0022590269289427256,0.004518053857885451,0.0,0.0,0.0,-0.05568632147599958,0.05568632147599958,0.00018224999075755477,0.0
470,0.0022614681528392196,0.004522936305678439,0.0,0.0,0.0,-0.055685668857337854,0.055685668857337854,0.0001829999964684248,0.0
471,0.002249410435794425,0.00449882087158885,0.0,0.0,0.0,-0.05568507700623354,0.05568507700623354,0.00018149998504668474,0.0
472,0.002223441650529446,0.004446883301058892,0.0,0.0,0.0,-0.055684631517196624,0.055684631517196624,0.00018279103096574545,0.0
473,0.0021842511685929433,0.004368502337185887,0.0,0.0,0.0,-0.05568442143263251,0.05568442143263251,0.00018241599900647998,0.0
474,0.0021327550847154327,0.004265510169430865,0.0,0.0,0.0,-0.05568451796948874,0.05568451796948874,0.00018162495689466596,0.0
475,0.002070228324491854,0.004140456648983708,0.0,0.0,0.0,-0.05568495805573994,0.05568495805573994,0.00018279196228832006,0.0
476,0.0019984232347757883,0.0039968464695515765,0.0,0.0,0.0,-0.05568573340013335,0.05568573340013335,0.00018295797053724527,0.0
477,0.001919644201031901,0.003839288402063802,0.0,0.0,0.0,-0.055686785938415015,0.055686785938415015,0.0001859169569797814,0.0
478,0.001862796978552083,0.003725593957104166,0.0,0.0,0.0,-0.05568801070664496,0.05568801070664496,0.0001819579629227519,0.0
479,0.0017874055254460952,0.0035748110508921904,0.0,0.0,0.0,-0.05568926699619092,0.05568926699619092,0.00018320797244086862,0.0
480,0.001701393293797919,0.003402786587595838,0.0,0.0,0.0,-0.055690397664778,0.055690397664778,0.00018279202049598098,0.0
481,0.0017426239095082244,0.0034852478190164488,0.0,0.0,0.0,-0.05569125479305635,0.05569125479305635,0.00018366699805483222,0.0
482,0.0018314045924652973,0.0036628091849305947,0.0,0.0,0.0,-0.05569172807977056,0.05569172807977056,0.0001836250303313136,0.0
483,0.0019082054566891896,0.003816410913378379,0.0,0.0,0.0,-0.05569177085595325,0.05569177085595325,0.00018266600091010332,0.0
484,0.0019694581331067794,0.003938916266213559,0.0,0.0,0.0,-0.05569141692045293,0.05569141692045293,0.0001819159951992333,0.0
485,0.002011740015224202,0.004023480030448404,0.0,0.0,0.0,-0.05569077953120066,0.05569077953120066,0.00018324999837204814,0.0
486,0.0020320956207627583,0.004064191241525517,0.0,0.0,0.0,-0.05569002520859839,0.05569002520859839,0.00018324999837204814,0.0
487,0.0020286602948485118,0.0040573205896970235,0.0,0.0,0.0,-0.05568932510286877,0.05568932510286877,0.00018154201097786427,0.0
488,0.0020013088776898898,0.0040026177553797795,0.0,0.0,0.0,-0.0556888027492629,0.0556888027492629,0.00018199998885393143,0.0
489,0.0019519134354994971,0.0039038268709989943,0.0,0.0,0.0,-0.05568850333039431,0.05568850333039431,0.00018166698282584548,0.0
490,0.0018840157618915457,0.0037680315237830914,0.0,0.0,0.0,-0.055688397119775766,0.055688397119775766,0.00018225004896521568,0.0
491,0.0018020714778667624,0.0036041429557335247,0.0,0.0,0.0,-0.05568840992581827,0.05568840992581827,0.00018137501319870353,0.0
492,0.001710625425857832,0.003421250851715664,0.0,0.0,0.0,-0.05568846111045499,0.05568846111045499,0.00018083298346027732,0.0
493,0.0016491174795962918,0.0032982349591925836,0.0,0.0,0.0,-0.05568849106153449,0.05568849106153449,0.00018095900304615498,0.0
494,0.001582343215535343,0.003164686431070686,0.0,0.0,0.0,-0.05568847132007201,0.05568847132007201,0.0001816670410335064,0.0
495,0.0015121671322660298,0.0030243342645320595,0.0,0.0,0.0,-0.05568840137248471,0.05568840137248471,0.00018354097846895456,0.0
496,0.0014403693378012908,0.0028807386756025816,0.0,0.0,0.0,-0.05568829946403455,0.05568829946403455,0.00018262496450915933,0.0
497,0.0013686142729851247,0.0027372285459702494,0.0,0.0,0.0,-0.05568819266941444,0.05568819266941444,0.0001811669790185988,0.0
498,0.0012984520612717154,0.002596904122543431,0.0,0.0,0.0,-0.055688108466913855,0.055688108466913855,0.00018400000408291817,0.0
499,0.0012313257347654205,0.002462651469530841,0.0,0.0,0.0,-0.05568806825253336,0.05568806825253336,0.00018074997933581471,0.0
500,0.0011685824404786063,0.0023371648809572126,0.0,0.0,0.0,-0.055688082538890515,0.055688082538890515,0.00018079200526699424,0.0
501,0.0012031926490513982,0.0024063852981027964,0.0,0.0,0.0,-0.05568814747624057,0.05568814747624057,0.00018104200717061758,0.0
502,0.001292752055904161,0.002585504111808322,0.0,0.0,0.0,-0.05568824245982677,0.05568824245982677,0.0001812499831430614,0.0
503,0.0013740074358859315,0.002748014871771863,0.0,0.0,0.0,-0.05568832880710543,0.05568832880710543,0.00018104101764038205,0.0
504,0.0014443337324675162,0.0028886674649350325,0.0,0.0,0.0,-0.05568834975994713,0.05568834975994713,0.0001818750170059502,0.0
505,0.0015011482242065222,0.0030022964484130443,0.0,0.0,0.0,-0.055688232383104094,0.055688232383104094,0.0001812499831430614,0.0
506,0.001541941492365622,0.003083882984731244,0.0,0.0,0.0,-0.05568789229703893,0.05568789229703893,0.00018216698663309216,0.0
507,0.0015643947611951488,0.0031287895223902976,0.0,0.0,0.0,-0.055687242632149914,0.055687242632149914,0.0001823750208131969,0.0
508,0.0015666749429769193,0.0031333498859538386,0.0,0.0,0.0,-0.05568620914322707,0.05568620914322707,0.00024412496713921428,0.0
509,0.001557685149667816,0.003115370299335632,0.0,0.0,0.0,-0.05568481900749932,0.05568481900749932,0.00018458301201462746,0.0
510,0.0016354752591847162,0.0032709505183694323,0.0,0.0,0.0,-0.05568330830091195,0.05568330830091195,0.00018408294999971986,0.0
511,0.0017109935082177466,0.003421987016435493,0.0,0.0,0.0,-0.0556817139656615,0.0556817139656615,0.00018512504175305367,0.0
512,0.001783603266953416,0.003567206533906832,0.0,0.0,0.0,-0.055680077482824185,0.055680077482824185,0.0001853749854490161,0.0
513,0.00185263938614922,0.00370527877229844,0.0,0.0,0.0,-0.055678445270512134,0.055678445270512134,0.00018562498735263944,0.0
514,0.0019174090845517806,0.0038348181691035613,0.0,0.0,0.0,-0.055676869005577355,0.055676869005577355,0.0001847500097937882,0.0
515,0.001977193676420054,0.003954387352840108,0.0,0.0,0.0,-0.05567540583981745,0.05567540583981745,0.00018412497593089938,0.0
516,0.0020312514108851987,0.004062502821770397,0.0,0.0,0.0,-0.0556741184902513,0.0556741184902513,0.00018429197371006012,0.0
517,0.0020788215248616904,0.004157643049723381,0.0,0.0,0.0,-0.055673075194744834,0.055673075194744834,0.00018620898481458426,0.0
518,0.0021086994528538017,0.004217398905707603,0.0,0.0,0.0,-0.055672534333886345,0.055672534333886345,0.00019400002202019095,0.0
519,0.0021195228900105847,0.0042390457800211695,0.0,0.0,0.0,-0.055672414357188005,0.055672414357188005,0.00018429197371006012,0.0
520,0.0021122418216447947,0.004224483643289589,0.0,0.0,0.0,-0.055672578001884174,0.055672578001884174,0.0001848749816417694,0.0
521,0.0020881349602379987,0.004176269920475997,0.0,0.0,0.0,-0.055672922773192246,0.055672922773192246,0.0001871249987743795,0.0
522,0.002048596737144699,0.004097193474289398,0.0,0.0,0.0,-0.055673395687125225,0.055673395687125225,0.0001848330139182508,0.0
523,0.001995119509915662,0.003990239019831324,0.0,0.0,0.0,-0.05567398290114044,0.05567398290114044,0.0001854999572969973,0.0
524,0.0019293561522897087,0.0038587123045794175,0.0,0.0,0.0,-0.05567469012384352,0.05567469012384352,0.00018495798576623201,0.0
525,0.0018531965979040506,0.003706393195808101,0.0,0.0,0.0,-0.055675524093228845,0.055675524093228845,0.00018404098227620125,0.0
526,0.0017688190237917303,0.0035376380475834607,0.0,0.0,0.0,-0.055676479349997796,0.055676479349997796,0.0001836249721236527,0.0
527,0.0016786912863467895,0.003357382572693579,0.0,0.0,0.0,-0.055677531241308184,0.055677531241308184,0.00018395896768197417,0.0
528,0.0015855110680617415,0.003171022136123483,0.0,0.0,0.0,-0.0556786347217418,0.0556786347217418,0.00019258400425314903,0.0
529,0.001583169870810086,0.003166339741620172,0.0,0.0,0.0,-0.055679727841610294,0.055679727841610294,0.00018479203572496772,0.0
530,0.0015872991182550485,0.003174598236510097,0.0,0.0,0.0,-0.05568073835489472,0.05568073835489472,0.00018445798195898533,0.0
531,0.0015888581957133226,0.003177716391426645,0.0,0.0,0.0,-0.05568159171701108,0.05568159171701108,0.0001841670018620789,0.0
532,0.0016387311974783367,0.0032774623949566734,0.0,0.0,0.0,-0.05568221903937365,0.05568221903937365,0.0001847919775173068,0.0
533,0.0016769645237041005,0.003353929047408201,0.0,0.0,0.0,-0.05568256423487591,0.05568256423487591,0.00018616701709106565,0.0
534,0.0016923442109548492,0.0033846884219096984,0.0,0.0,0.0,-0.0556825902682185,0.0556825902682185,0.00018437497783452272,0.0
535,0.001714234384867109,0.003428468769734218,0.0,0.0,0.0,-0.055682284732251675,0.055682284732251675,0.00018387503223493695,0.0
536,0.0017270870905859437,0.0034541741811718873,0.0,0.0,0.0,-0.055681664708821896,0.055681664708821896,0.0001842500059865415,0.0
537,0.0017301299796466107,0.0034602599592932215,0.0,0.0,0.0,-0.05568078006634579,0.05568078006634579,0.00018375000217929482,0.0
538,0.0017225222383617511,0.0034450444767235022,0.0,0.0,0.0,-0.05567971325086485,0.05567971325086485,0.00018383399583399296,0.0
539,0.001703362768231121,0.003406725536462242,0.0,0.0,0.0,-0.0556785728916608,0.0556785728916608,0.0001842909841798246,0.0
540,0.0016718255109988422,0.0033436510219976845,0.0,0.0,0.0,-0.055677479323301415,0.055677479323301415,0.00018429197371006012,0.0
541,0.0016274246102876214,0.0032548492205752427,0.0,0.0,0.0,-0.0556765433606067,0.0556765433606067,0.00023366702953353524,0.0
542,0.0015703271051716212,0.0031406542103432425,0.0,0.0,0.0,-0.05567584427924135,0.05567584427924135,0.00022962497314438224,0.0
543,0.001501568850957924,0.003003137701915848,0.0,0.0,0.0,-0.05567541533518221,0.05567541533518221,0.00018312502652406693,0.0
544,0.0014230585039874677,0.0028461170079749354,0.0,0.0,0.0,-0.05567524244243077,0.05567524244243077,0.0001804589992389083,0.0
545,0.0013431854195672943,0.0026863708391345886,0.0,0.0,0.0,-0.055675275401403365,0.055675275401403365,0.0001811670372262597,0.0
546,0.0013232161759186949,0.0026464323518373897,0.0,0.0,0.0,-0.05567544577340113,0.05567544577340113,0.00018045800970867276,0.0
547,0.0013100486303542422,0.0026200972607084844,0.0,0.0,0.0,-0.055675684121150135,0.055675684121150135,0.00018066703341901302,0.0
548,0.0012828827202086002,0.0025657654404172003,0.0,0.0,0.0,-0.05567593172355949,0.05567593172355949,0.00018141703912988305,0.0
549,0.0013040306856039567,0.0026080613712079134,0.0,0.0,0.0,-0.055676145652785634,0.055676145652785634,0.00018158298917114735,0.0
550,0.0013315967883603327,0.0026631935767206655,0.0,0.0,0.0,-0.05567629877950481,0.05567629877950481,0.0001807910157367587,0.0
551,0.0013487468892564407,0.0026974937785128814,0.0,0.0,0.0,-0.055676377003637534,0.055676377003637534,0.00018070900114253163,0.0
552,0.0013562025743147459,0.0027124051486294917,0.0,0.0,0.0,-0.05567637548589773,0.05567637548589773,0.00018033297965303063,0.0
553,0.0013547747074094882,0.0027095494148189764,0.0,0.0,0.0,-0.05567629485033376,0.05567629485033376,0.00018049997743219137,0.0
554,0.0013537868061509577,0.0027075736123019153,0.0,0.0,0.0,-0.05567613774233032,0.05567613774233032,0.00018058298155665398,0.0
555,0.0013868385968906563,0.0027736771937813126,0.0,0.0,0.0,-0.05567590583893778,0.05567590583893778,0.0001807080116122961,0.0
556,0.001428326143321234,0.002856652286642468,0.0,0.0,0.0,-0.055675597335480054,0.055675597335480054,0.00018204195657745004,0.0
557,0.0015114624769360478,0.0030229249538720956,0.0,0.0,0.0,-0.055675204984155124,0.055675204984155124,0.0001811669790185988,0.0
558,0.0015823971542443804,0.003164794308488761,0.0,0.0,0.0,-0.05567471488063815,0.05567471488063815,0.00019495899323374033,0.0
559,0.0016387288495883952,0.0032774576991767904,0.0,0.0,0.0,-0.05567410635518488,0.05567410635518488,0.00024091597879305482,0.0
560,0.0016781823025363678,0.0033563646050727355,0.0,0.0,0.0,-0.0556733535121106,0.0556733535121106,0.00019287498435005546,0.0
561,0.0016987024919156712,0.0033974049838313425,0.0,0.0,0.0,-0.05567242916528463,0.05567242916528463,0.0001835419679991901,0.0
562,0.00169864783028012,0.00339729566056024,0.0,0.0,0.0,-0.05567131209629056,0.05567131209629056,0.00018366699805483222,0.0
563,0.0017090924973148305,0.003418184994629661,0.0,0.0,0.0,-0.05566999852046223,0.05566999852046223,0.00018395803635939956,0.0
564,0.0017523168861908814,0.0035046337723817628,0.0,0.0,0.0,-0.05566863485330413,0.05566863485330413,0.00018404104048386216,0.0
565,0.0017891723792990873,0.0035783447585981745,0.0,0.0,0.0,-0.05566732900974738,0.05566732900974738,0.00018987501971423626,0.0
566,0.0018193590350567453,0.0036387180701134905,0.0,0.0,0.0,-0.05566612383867914,0.05566612383867914,0.00018433301011100411,0.0
567,0.0018426684684430157,0.0036853369368860314,0.0,0.0,0.0,-0.05566506124408775,0.05566506124408775,0.00018491700757294893,0.0
568,0.0018590017868712963,0.0037180035737425926,0.0,0.0,0.0,-0.055664181599184924,0.055664181599184924,0.00018433399964123964,0.0
569,0.0018683836836634847,0.0037367673673269694,0.0,0.0,0.0,-0.055663523542447246,0.055663523542447246,0.00018520798766985536,0.0
570,0.0018709700930960027,0.0037419401861920054,0.0,0.0,0.0,-0.05566312430989547,0.05566312430989547,0.0001841250341385603,0.0
571,0.0018654789857261503,0.0037309579714523006,0.0,0.0,0.0,-0.05566305191639583,0.05566305191639583,0.00018329196609556675,0.0
572,0.0018447322032589322,0.0036894644065178644,0.0,0.0,0.0,-0.055663452427273497,0.055663452427273497,0.00018358399393036962,0.0
573,0.0018094792435477472,0.0036189584870954944,0.0,0.0,0.0,-0.055664224678289076,0.055664224678289076,0.00018383300630375743,0.0
574,0.0017613034272166116,0.003522606854433223,0.0,0.0,0.0,-0.055665236421301355,0.055665236421301355,0.00018375000217929482,0.0
575,0.0017022036102574412,0.0034044072205148823,0.0,0.0,0.0,-0.05566635980591832,0.05566635980591832,0.00018395803635939956,0.0
576,0.0016343497507512461,0.0032686995015024922,0.0,0.0,0.0,-0.05566749142620658,0.05566749142620658,0.00018350000027567148,0.0
577,0.001598659783411234,0.003197319566822468,0.0,0.0,0.0,-0.05566855777840467,0.05566855777840467,0.00018387503223493695,0.0
578,0.001595785962918695,0.00319157192583739,0.0,0.0,0.0,-0.055669512059076574,0.055669512059076574,0.00018400000408291817,0.0
579,0.001586548013366114,0.003173096026732228,0.0,0.0,0.0,-0.05567032804898794,0.05567032804898794,0.00018316699424758554,0.0
580,0.0015715114756619797,0.0031430229513239594,0.0,0.0,0.0,-0.05567099428167299,0.05567099428167299,0.00018349994206801057,0.0
581,0.0015512578300252607,0.0031025156600505213,0.0,0.0,0.0,-0.055671509482001044,0.055671509482001044,0.00018387497402727604,0.0
582,0.0015264046605097392,0.0030528093210194784,0.0,0.0,0.0,-0.05567187917199914,0.05567187917199914,0.00018358399393036962,0.0
583,0.001497615597474057,0.002995231194948114,0.0,0.0,0.0,-0.05567211306578462,0.05567211306578462,0.0001835830044001341,0.0
584,0.0014676967972772521,0.0029353935945545043,0.0,0.0,0.0,-0.05567222295734374,0.05567222295734374,0.00018550001550465822,0.0
585,0.0014547664845605823,0.0029095329691211647,0.0,0.0,0.0,-0.0556722209686021,0.0556722209686021,0.0001834589638747275,0.0
586,0.0014390375696634768,0.0028780751393269535,0.0,0.0,0.0,-0.05567211815928327,0.05567211815928327,0.00018350000027567148,0.0
587,0.0014207348809210651,0.0028414697618421303,0.0,0.0,0.0,-0.05567192357903574,0.05567192357903574,0.00018350000027567148,0.0
588,0.001417596263482649,0.002835192526965298,0.0,0.0,0.0,-0.055671643871463304,0.055671643871463304,0.00018395902588963509,0.0
589,0.0014022899237659363,0.0028045798475318726,0.0,0.0,0.0,-0.05567128352861513,0.05567128352861513,0.0001847910461947322,0.0
590,0.0013717219228629937,0.0027434438457259874,0.0,0.0,0.0,-0.05567084584946471,0.05567084584946471,0.0001843329519033432,0.0
591,0.0013260327344994105,0.002652065468998821,0.0,0.0,0.0,-0.05567033458030285,0.05567033458030285,0.00018808298045769334,0.0
592,0.0012976917153068937,0.0025953834306137874,0.0,0.0,0.0,-0.05566975610825596,0.05566975610825596,0.0002996249822899699,0.0
593,0.0012675033161304375,0.002535006632260875,0.0,0.0,0.0,-0.05566912193112604,0.05566912193112604,0.00018258299678564072,0.0
594,0.0012352740217275518,0.0024705480434551036,0.0,0.0,0.0,-0.05566845091452237,0.05566845091452237,0.00018183398060500622,0.0
595,0.0012006619577687623,0.0024013239155375246,0.0,0.0,0.0,-0.05566777056128552,0.05566777056128552,0.0001812499831430614,0.0
596,0.0011724851136313656,0.0023449702272627312,0.0,0.0,0.0,-0.05566711624785039,0.05566711624785039,0.00018095801351591945,0.0
597,0.001178345730185066,0.002356691460370132,0.0,0.0,0.0,-0.05566652742500987,0.05566652742500987,0.0001871249987743795,0.0
598,0.0011701754310675487,0.0023403508621350974,0.0,0.0,0.0,-0.05566604057457686,0.05566604057457686,0.00018162495689466596,0.0
599,0.0012177939537871378,0.0024355879075742756,0.0,0.0,0.0,-0.05566568035167526,0.05566568035167526,0.0001817920128814876,0.0
600,0.0012908845825877688,0.0025817691651755376,0.0,0.0,0.0,-0.055665451979871126,0.055665451979871126,0.0001812910195440054,0.0
601,0.0013515037961345823,0.0027030075922691646,0.0,0.0,0.0,-0.055665338166428435,0.055665338166428435,0.000181332987267524,0.0
602,0.0013984414943081988,0.0027968829886163976,0.0,0.0,0.0,-0.05566530202305385,0.05566530202305385,0.00018150004325434566,0.0
603,0.001431011244735058,0.002862022489470116,0.0,0.0,0.0,-0.05566529485442553,0.05566529485442553,0.0001818750170059502,0.0
604,0.0014489815087694868,0.0028979630175389737,0.0,0.0,0.0,-0.055665265924480754,0.055665265924480754,0.000181709008757025,0.0
605,0.0014524972109910377,0.0029049944219820753,0.0,0.0,0.0,-0.055665171214561215,0.055665171214561215,0.00018120900494977832,0.0
606,0.0014681833445755257,0.0029363666891510515,0.0,0.0,0.0,-0.055664979331932915,0.055664979331932915,0.00018162495689466596,0.0
607,0.0015075745799123137,0.0030151491598246274,0.0,0.0,0.0,-0.05566467415716977,0.05566467415716977,0.00018141698092222214,0.0
608,0.001542916784492445,0.00308583356898489,0.0,0.0,0.0,-0.05566425479022717,0.05566425479022717,0.00018616701709106565,0.0
609,0.0015741007360209336,0.003148201472041867,0.0,0.0,0.0,-0.05566373367634962,0.05566373367634962,0.00018174998695030808,0.0
610,0.0016010180017347608,0.0032020360034695217,0.0,0.0,0.0,-0.05566313368162042,0.05566313368162042,0.0001812499831430614,0.0
611,0.0016235561314543907,0.0032471122629087815,0.0,0.0,0.0,-0.05566248464154626,0.05566248464154626,0.00023708399385213852,0.0
612,0.0016416015537778945,0.003283203107555789,0.0,0.0,0.0,-0.05566181970736619,0.05566181970736619,0.0002000840031541884,0.0
613,0.0016550499345732717,0.0033100998691465433,0.0,0.0,0.0,-0.05566117171744386,0.05566117171744386,0.00018395803635939956,0.0
614,0.0016638234785135673,0.0033276469570271347,0.0,0.0,0.0,-0.055660569808627214,0.055660569808627214,0.00018350000027567148,0.0
615,0.001667893646669607,0.003335787293339214,0.0,0.0,0.0,-0.05566003651939563,0.05566003651939563,0.00018350000027567148,0.0
616,0.0016673060148269594,0.003334612029653919,0.0,0.0,0.0,-0.05565958569225536,0.05565958569225536,0.0001834589638747275,0.0
617,0.00166220153789522,0.00332440307579044,0.0,0.0,0.0,-0.05565922153412025,0.05565922153412025,0.00018358399393036962,0.0
618,0.0016528255323163613,0.0033056510646327225,0.0,0.0,0.0,-0.055658939215229485,0.055658939215229485,0.00018383300630375743,0.0
619,0.0016395130878247358,0.0032790261756494715,0.0,0.0,0.0,-0.055658727332954905,0.055658727332954905,0.00018387497402727604,0.0
620,0.001622639690436186,0.003245279380872372,0.0,0.0,0.0,-0.05565857234218382,0.05565857234218382,0.0001836660085245967,0.0
621,0.0016025331297003682,0.0032050662594007365,0.0,0.0,0.0,-0.05565846450596555,0.05565846450596555,0.00018408300820738077,0.0
622,0.0015793626075383052,0.0031587252150766104,0.0,0.0,0.0,-0.05565840392659714,0.05565840392659714,0.00018379103858023882,0.0
623,0.0015530518727444043,0.0031061037454888085,0.0,0.0,0.0,-0.055658404007149,0.055658404007149,0.0001841670018620789,0.0
624,0.0015232838213169453,0.0030465676426338906,0.0,0.0,0.0,-0.05565848929172803,0.05565848929172803,0.00018395902588963509,0.0
625,0.0015022771024602276,0.003004554204920455,0.0,0.0,0.0,-0.05565868654367566,0.05565868654367566,0.0001836249721236527,0.0
626,0.0015079338430763652,0.0030158676861527303,0.0,0.0,0.0,-0.05565901208119771,0.05565901208119771,0.0001835830044001341,0.0
627,0.001545460823719369,0.003090921647438738,0.0,0.0,0.0,-0.05565946153765705,0.05565946153765705,0.0001837909803725779,0.0
628,0.0015681430015016783,0.0031362860030033565,0.0,0.0,0.0,-0.055660006998958164,0.055660006998958164,0.00023654202232137322,0.0
629,0.0015766667605328737,0.0031533335210657473,0.0,0.0,0.0,-0.055660602129164724,0.055660602129164724,0.00019687501480802894,0.0
630,0.0015724319617258682,0.0031448639234517364,0.0,0.0,0.0,-0.055661192338149965,0.055661192338149965,0.0002223330084234476,0.0
631,0.0015572103367305981,0.0031144206734611962,0.0,0.0,0.0,-0.05566172592138152,0.05566172592138152,0.0002725839731283486,0.0
632,0.001532857839400742,0.003065715678801484,0.0,0.0,0.0,-0.05566216277683117,0.05566216277683117,0.00018158298917114735,0.0
633,0.0015011296913759846,0.003002259382751969,0.0,0.0,0.0,-0.055662478954009095,0.055662478954009095,0.00018745899433270097,0.0
634,0.001464943760532706,0.002929887521065412,0.0,0.0,0.0,-0.05566266711392156,0.05566266711392156,0.00018112495308741927,0.0
635,0.001428313160714012,0.002856626321428024,0.0,0.0,0.0,-0.055662734144184954,0.055662734144184954,0.00018158298917114735,0.0
636,0.0013872260852813914,0.002774452170562783,0.0,0.0,0.0,-0.055662697397832105,0.055662697397832105,0.00018145801732316613,0.0
637,0.0013426892334050151,0.0026853784668100303,0.0,0.0,0.0,-0.05566258065464934,0.05566258065464934,0.000181332987267524,0.0
638,0.0012956794182722962,0.0025913588365445925,0.0,0.0,0.0,-0.05566241041228387,0.05566241041228387,0.00018108298536390066,0.0
639,0.0012471374286882053,0.0024942748573764106,0.0,0.0,0.0,-0.05566221275112515,0.05566221275112515,0.0001812499831430614,0.0
640,0.0011979644134935304,0.0023959288269870607,0.0,0.0,0.0,-0.05566201081930587,0.05566201081930587,0.0001811669790185988,0.0
641,0.0011490204163435054,0.002298040832687011,0.0,0.0,0.0,-0.0556618229030295,0.0556618229030295,0.00018183398060500622,0.0
642,0.001101124805838561,0.002202249611677122,0.0,0.0,0.0,-0.05566166102962158,0.05566166102962158,0.0001817920128814876,0.0
643,0.0010550582124354176,0.002110116424870835,0.0,0.0,0.0,-0.05566153006264135,0.05566153006264135,0.00018133397679775953,0.0
644,0.0010371056057812515,0.002074211211562503,0.0,0.0,0.0,-0.0556614272734697,0.0556614272734697,0.000181332987267524,0.0
645,0.0010232116819431543,0.0020464233638863086,0.0,0.0,0.0,-0.05566134240459721,0.05566134240459721,0.00018158298917114735,0.0
646,0.0010024264675587355,0.002004852935117471,0.0,0.0,0.0,-0.05566125827243361,0.05566125827243361,0.00018154201097786427,0.0
647,0.0009743468426731162,0.0019486936853462325,0.0,0.0,0.0,-0.05566115198875031,0.05566115198875031,0.000181332987267524,0.0
648,0.0009386864454325843,0.0018773728908651685,0.0,0.0,0.0,-0.055660996905995096,0.055660996905995096,0.000181332987267524,0.0
649,0.0009208568782914199,0.0018417137565828398,0.0,0.0,0.0,-0.05566076540472541,0.05566076540472541,0.0001812080154195428,0.0
650,0.000943733792372406,0.001887467584744812,0.0,0.0,0.0,-0.055660432619164965,0.055660432619164965,0.00018170801922678947,0.0
651,0.0010031176586189072,0.0020062353172378145,0.0,0.0,0.0,-0.055659981082147314,0.055659981082147314,0.00018154102144762874,0.0
652,0.0010647772794514614,0.0021295545589029227,0.0,0.0,0.0,-0.05565940594739492,0.05565940594739492,0.0001811669790185988,0.0
653,0.001124531805370553,0.002249063610741106,0.0,0.0,0.0,-0.05565871976582195,0.05565871976582195,0.00018154201097786427,0.0
654,0.0011804540312942181,0.0023609080625884363,0.0,0.0,0.0,-0.055657954771544435,0.055657954771544435,0.0001810840331017971,0.0
655,0.0012362270905198827,0.0024724541810397654,0.0,0.0,0.0,-0.055657177487285346,0.055657177487285346,0.00018137501319870353,0.0
656,0.001304596696237243,0.002609193392474486,0.0,0.0,0.0,-0.05565640897925639,0.05565640897925639,0.00018133397679775953,0.0
657,0.0013702596947522197,0.0027405193895044394,0.0,0.0,0.0,-0.0556557081782495,0.0556557081782495,0.0001812500413507223,0.0
658,0.0014310611079266476,0.0028621222158532952,0.0,0.0,0.0,-0.05565510643735931,0.05565510643735931,0.00018145795911550522,0.0
659,0.0014855364231183173,0.0029710728462366345,0.0,0.0,0.0,-0.055654604427305784,0.055654604427305784,0.00018149998504668474,0.0
660,0.0015327479529312973,0.0030654959058625947,0.0,0.0,0.0,-0.0556541807444455,0.0556541807444455,0.0001812089467421174,0.0
661,0.0015721747832510846,0.0031443495665021692,0.0,0.0,0.0,-0.05565380322401383,0.05565380322401383,0.00018154102144762874,0.0
662,0.0016035697349598699,0.0032071394699197397,0.0,0.0,0.0,-0.05565344150175365,0.05565344150175365,0.00018129096133634448,0.0
663,0.00162683928027052,0.00325367856054104,0.0,0.0,0.0,-0.05565307641896654,0.05565307641896654,0.00020637502893805504,0.0
664,0.001641964861882235,0.00328392972376447,0.0,0.0,0.0,-0.05565270443661423,0.05565270443661423,0.00021741597447544336,0.0
665,0.0016489634261052273,0.0032979268522104546,0.0,0.0,0.0,-0.05565233743853214,0.05565233743853214,0.00018395797815173864,0.0
666,0.0016478786277558076,0.003295757255511615,0.0,0.0,0.0,-0.0556519993623984,0.0556519993623984,0.00018400000408291817,0.0
667,0.0016387944002591373,0.0032775888005182746,0.0,0.0,0.0,-0.05565172115534904,0.05565172115534904,0.0001842499477788806,0.0
668,0.0016218645190021926,0.003243729038004385,0.0,0.0,0.0,-0.05565153517011777,0.05565153517011777,0.00018408300820738077,0.0
669,0.001597353254008789,0.003194706508017578,0.0,0.0,0.0,-0.0556514697255607,0.0556514697255607,0.00018395902588963509,0.0
670,0.0015656824241917465,0.003131364848383493,0.0,0.0,0.0,-0.05565154430595722,0.05565154430595722,0.0001836660085245967,0.0
671,0.0015274789292618399,0.0030549578585236797,0.0,0.0,0.0,-0.05565176575961258,0.05565176575961258,0.00018404197180643678,0.0
672,0.0014836143376304907,0.0029672286752609814,0.0,0.0,0.0,-0.05565212583031326,0.05565212583031326,0.00018462503794580698,0.0
673,0.0014352251660942304,0.002870450332188461,0.0,0.0,0.0,-0.05565260036354164,0.05565260036354164,0.00018408294999971986,0.0
674,0.0013837008523036494,0.002767401704607299,0.0,0.0,0.0,-0.05565315051019375,0.05565315051019375,0.0001835830044001341,0.0
675,0.0013306285273271788,0.0026612570546543576,0.0,0.0,0.0,-0.05565372612764304,0.05565372612764304,0.00018383399583399296,0.0
676,0.0012776912619716432,0.0025553825239432865,0.0,0.0,0.0,-0.05565427129660196,0.05565427129660196,0.00018416601233184338,0.0
677,0.0012697010125225297,0.0025394020250450594,0.0,0.0,0.0,-0.05565473145536711,0.05565473145536711,0.0001841670018620789,0.0
678,0.0013303780720593864,0.0026607561441187727,0.0,0.0,0.0,-0.05565506121698309,0.05565506121698309,0.00018383294809609652,0.0
679,0.00138474664095364,0.00276949328190728,0.0,0.0,0.0,-0.05565523161619892,0.05565523161619892,0.0001842909841798246,0.0
680,0.0014309999673782006,0.0028619999347564012,0.0,0.0,0.0,-0.0556552353871103,0.0556552353871103,0.0001837909803725779,0.0
681,0.0014674930972318097,0.0029349861944636194,0.0,0.0,0.0,-0.055655088891475565,0.055655088891475565,0.00018420798005536199,0.0
682,0.0014927977233292165,0.002985595446658433,0.0,0.0,0.0,-0.05565482960055248,0.05565482960055248,0.00018470804207026958,0.0
683,0.001505801188648171,0.003011602377296342,0.0,0.0,0.0,-0.05565450885911505,0.05565450885911505,0.0001841670018620789,0.0
684,0.0015058441865210617,0.0030116883730421234,0.0,0.0,0.0,-0.05565418115817946,0.05565418115817946,0.0001840839977376163,0.0
685,0.0014928536641129198,0.0029857073282258395,0.0,0.0,0.0,-0.055653892764281496,0.055653892764281496,0.00018391699995845556,0.0
686,0.0014674107239474946,0.002934821447894989,0.0,0.0,0.0,-0.05565367318973839,0.05565367318973839,0.00018491700757294893,0.0
687,0.0014307130136717028,0.0028614260273434056,0.0,0.0,0.0,-0.055653531988835624,0.055653531988835624,0.0001866659731604159,0.0
688,0.0013844334154306318,0.0027688668308612635,0.0,0.0,0.0,-0.05565346123582706,0.05565346123582706,0.00018683302914723754,0.0
689,0.0013305160893615567,0.0026610321787231134,0.0,0.0,0.0,-0.055653441949351755,0.055653441949351755,0.00018624996300786734,0.0
690,0.0012709691179539316,0.0025419382359078632,0.0,0.0,0.0,-0.055653451648364494,0.055653451648364494,0.00018391699995845556,0.0
691,0.0012077041676487668,0.0024154083352975336,0.0,0.0,0.0,-0.05565347050879368,0.05565347050879368,0.000184166943654418,0.0
692,0.0011612819896044575,0.002322563979208915,0.0,0.0,0.0,-0.05565348483886151,0.05565348483886151,0.00018441700376570225,0.0
693,0.001116470499176233,0.002232940998352466,0.0,0.0,0.0,-0.055653487930891164,0.055653487930891164,0.0001841250341385603,0.0
694,0.0010704153685260967,0.0021408307370521934,0.0,0.0,0.0,-0.05565347910667989,0.05565347910667989,0.0001837909803725779,0.0
695,0.001023983459277733,0.002047966918555466,0.0,0.0,0.0,-0.05565346187579612,0.05565346187579612,0.00018379196990281343,0.0
696,0.000978001719299404,0.001956003438598808,0.0,0.0,0.0,-0.05565344187487879,0.05565344187487879,0.00018391601042822003,0.0
697,0.0009332550509598032,0.0018665101019196065,0.0,0.0,0.0,-0.0556534249511651,0.0556534249511651,0.00018379196990281343,0.0
698,0.0008904864382039968,0.0017809728764079935,0.0,0.0,0.0,-0.055653415533783654,0.055653415533783654,0.00018383405404165387,0.0
699,0.000879528593612483,0.001759057187224966,0.0,0.0,0.0,-0.05565341531831621,0.05565341531831621,0.00018387497402727604,0.0
700,0.000893163823235673,0.001786327646471346,0.0,0.0,0.0,-0.055653422245366534,0.055653422245366534,0.0001836249721236527,0.0
701,0.0009143638829443128,0.0018287277658886256,0.0,0.0,0.0,-0.05565342975259552,0.05565342975259552,0.00018379202811047435,0.0
702,0.000974740743753609,0.001949481487507218,0.0,0.0,0.0,-0.055653426302910744,0.055653426302910744,0.00018379196990281343,0.0
703,0.0010297144724461735,0.002059428944892347,0.0,0.0,0.0,-0.05565339522944803,0.05565339522944803,0.00018375000217929482,0.0
704,0.0010779045385180645,0.002155809077036129,0.0,0.0,0.0,-0.055653314985974076,0.055653314985974076,0.0001835830044001341,0.0
705,0.0011179746517581968,0.0022359493035163935,0.0,0.0,0.0,-0.055653159946991826,0.055653159946991826,0.00018391699995845556,0.0
706,0.001148657295933657,0.002297314591867314,0.0,0.0,0.0,-0.05565290196377933,0.05565290196377933,0.00018383300630375743,0.0
707,0.0011688069074304482,0.0023376138148608963,0.0,0.0,0.0,-0.055652512948238274,0.055652512948238274,0.00018387497402727604,0.0
708,0.001177501973134376,0.002355003946268752,0.0,0.0,0.0,-0.055651968810480866,0.055651968810480866,0.00018391699995845556,0.0
709,0.001191636314282242,0.002383272628564484,0.0,0.0,0.0,-0.05565125505250229,0.05565125505250229,0.00018387503223493695,0.0
710,0.0012441681534915497,0.0024883363069830994,0.0,0.0,0.0,-0.055650389568506396,0.055650389568506396,0.00018391699995845556,0.0
711,0.0012948055377864642,0.0025896110755729285,0.0,0.0,0.0,-0.05564948600347693,0.05564948600347693,0.00018366595031693578,0.0
712,0.0013431958158470272,0.0026863916316940545,0.0,0.0,0.0,-0.05564856469024153,0.05564856469024153,0.00018412497593089938,0.0
713,0.0013889778167152714,0.0027779556334305427,0.0,0.0,0.0,-0.05564764794278686,0.05564764794278686,0.0001840420300140977,0.0
714,0.0014317838808036339,0.0028635677616072677,0.0,0.0,0.0,-0.0556467600595537,0.0556467600595537,0.00018375000217929482,0.0
715,0.001471242594832469,0.002942485189664938,0.0,0.0,0.0,-0.05564592729003563,0.05564592729003563,0.0002942499704658985,0.0
716,0.0015069822790301224,0.0030139645580602448,0.0,0.0,0.0,-0.055645177767487806,0.055645177767487806,0.0002203340409323573,0.0
717,0.0015386351896199586,0.0030772703792399173,0.0,0.0,0.0,-0.05564454141693426,0.05564454141693426,0.0002335829776711762,0.0
718,0.001562696046554169,0.003125392093108338,0.0,0.0,0.0,-0.05564410398113205,0.05564410398113205,0.00018204201478511095,0.0
719,0.0015758305534757447,0.0031516611069514894,0.0,0.0,0.0,-0.05564391406906588,0.05564391406906588,0.00018633296713232994,0.0
720,0.0015779251636910303,0.0031558503273820607,0.0,0.0,0.0,-0.05564393453989912,0.05564393453989912,0.0001811670372262597,0.0
721,0.0015693023942904075,0.003138604788580815,0.0,0.0,0.0,-0.055644117321982677,0.055644117321982677,0.00018550001550465822,0.0
722,0.0015505419476122238,0.0031010838952244477,0.0,0.0,0.0,-0.05564441733558327,0.05564441733558327,0.00018099998123943806,0.0
723,0.001522383418209445,0.00304476683641889,0.0,0.0,0.0,-0.055644799791254085,0.055644799791254085,0.00018133304547518492,0.0
724,0.001485688271146729,0.002971376542293458,0.0,0.0,0.0,-0.05564524130835334,0.05564524130835334,0.00018104200717061758,0.0
725,0.0014414340729454085,0.002882868145890817,0.0,0.0,0.0,-0.055645727183639845,0.055645727183639845,0.00018149998504668474,0.0
726,0.0013907196568110798,0.0027814393136221596,0.0,0.0,0.0,-0.05564624727774492,0.05564624727774492,0.0001811670372262597,0.0
727,0.001334766437976722,0.002669532875953444,0.0,0.0,0.0,-0.05564679222005357,0.05564679222005357,0.00018145801732316613,0.0
728,0.0012749068447859002,0.0025498136895718004,0.0,0.0,0.0,-0.055647350774943836,0.055647350774943836,0.00018224999075755477,0.0
729,0.0012125562146546587,0.0024251124293093174,0.0,0.0,0.0,-0.05564790859732401,0.05564790859732401,0.0001819579629227519,0.0
730,0.0012057505032612055,0.002411501006522411,0.0,0.0,0.0,-0.055648448235916324,0.055648448235916324,0.00018120795721188188,0.0
731,0.0012044168858488247,0.0024088337716976493,0.0,0.0,0.0,-0.05564895004524832,0.05564895004524832,0.00018129200907424092,0.0
732,0.0012008685838566964,0.002401737167713393,0.0,0.0,0.0,-0.05564939359775993,0.05564939359775993,0.00018162501510232687,0.0
733,0.0011997360573306366,0.0023994721146612732,0.0,0.0,0.0,-0.05564975922545316,0.05564975922545316,0.00018174998695030808,0.0
734,0.0012184926230068907,0.0024369852460137814,0.0,0.0,0.0,-0.05565002943698205,0.05565002943698205,0.00018133304547518492,0.0
735,0.0012337810360931734,0.0024675620721863467,0.0,0.0,0.0,-0.05565019010226717,0.05565019010226717,0.0001812499831430614,0.0
736,0.0012452356563794793,0.0024904713127589587,0.0,0.0,0.0,-0.055650231419295614,0.055650231419295614,0.00018129200907424092,0.0
737,0.0012525859454838202,0.0025051718909676404,0.0,0.0,0.0,-0.055650148740587047,0.055650148740587047,0.0001815840369090438,0.0
738,0.0012556309368463858,0.0025112618736927717,0.0,0.0,0.0,-0.055649943329850425,0.055649943329850425,0.00018158298917114735,0.0
739,0.0012542105112324127,0.0025084210224648254,0.0,0.0,0.0,-0.05564962305283011,0.05564962305283011,0.0001812500413507223,0.0
740,0.001248177027438048,0.002496354054876096,0.0,0.0,0.0,-0.055649202900591485,0.055649202900591485,0.0001812499831430614,0.0
741,0.001237371469529614,0.002474742939059228,0.0,0.0,0.0,-0.0556487051248671,0.0556487051248671,0.0001812499831430614,0.0
742,0.0012216099596622579,0.0024432199193245158,0.0,0.0,0.0,-0.0556481586709555,0.0556481586709555,0.00018154201097786427,0.0
743,0.0012006882793516374,0.002401376558703275,0.0,0.0,0.0,-0.055647597579609485,0.055647597579609485,0.00018116598948836327,0.0
744,0.001174411745011296,0.002348823490022592,0.0,0.0,0.0,-0.0556470581633417,0.0556470581633417,0.0001817920128814876,0.0
745,0.0011426528221931305,0.002285305644386261,0.0,0.0,0.0,-0.055646575086074845,0.055646575086074845,0.00018162501510232687,0.0
746,0.0011054286694137556,0.0022108573388275113,0.0,0.0,0.0,-0.055646176932514224,0.055646176932514224,0.00018166698282584548,0.0
747,0.0010629792606028157,0.0021259585212056314,0.0,0.0,0.0,-0.055645882248377875,0.055645882248377875,0.00018145801732316613,0.0
748,0.001015821172451855,0.00203164234490371,0.0,0.0,0.0,-0.055645697105034975,0.055645697105034975,0.00018174998695030808,0.0
749,0.0009766273669898733,0.0019532547339797465,0.0,0.0,0.0,-0.05564561486742311,0.05564561486742311,0.00019270804477855563,0.0
750,0.000960426316144989,0.001920852632289978,0.0,0.0,0.0,-0.055645618167771915,0.055645618167771915,0.0001818329910747707,0.0
751,0.0009661298494139485,0.001932259698827897,0.0,0.0,0.0,-0.05564568243640293,0.05564568243640293,0.0001822920166887343,0.0
752,0.0010064814133763297,0.0020129628267526595,0.0,0.0,0.0,-0.05564577999836466,0.05564577999836466,0.00018212501890957355,0.0
753,0.0010383469237419986,0.002076693847483997,0.0,0.0,0.0,-0.05564588379878529,0.05564588379878529,0.00018120900494977832,0.0
754,0.0010617143050333996,0.0021234286100667993,0.0,0.0,0.0,-0.05564597015920305,0.05564597015920305,0.0001812080154195428,0.0
755,0.0010767051943219239,0.0021534103886438477,0.0,0.0,0.0,-0.055646020382240036,0.055646020382240036,0.00018129200907424092,0.0
756,0.0010835534424865068,0.0021671068849730135,0.0,0.0,0.0,-0.05564602133510684,0.05564602133510684,0.00018170801922678947,0.0
757,0.0010825913975419862,0.0021651827950839725,0.0,0.0,0.0,-0.055645965285869646,0.055645965285869646,0.00018166698282584548,0.0
758,0.0011078695432999407,0.0022157390865998813,0.0,0.0,0.0,-0.05564584927170776,0.05564584927170776,0.00018116598948836327,0.0
759,0.0011340672250540924,0.002268134450108185,0.0,0.0,0.0,-0.05564567421522852,0.05564567421522852,0.0001818749587982893,0.0
760,0.001159416432677824,0.002318832865355648,0.0,0.0,0.0,-0.05564544393096742,0.05564544393096742,0.0001810839748941362,0.0
761,0.0011838543134997277,0.0023677086269994554,0.0,0.0,0.0,-0.0556451641087547,0.0556451641087547,0.00018158298917114735,0.0
762,0.0012073204687177881,0.0024146409374355762,0.0,0.0,0.0,-0.05564484133096267,0.05564484133096267,0.00018149998504668474,0.0
763,0.0012297566252951198,0.0024595132505902395,0.0,0.0,0.0,-0.0556444821732342,0.0556444821732342,0.00018129200907424092,0.0
764,0.001251106854857971,0.002502213709715942,0.0,0.0,0.0,-0.055644092446676896,0.055644092446676896,0.0001812080154195428,0.0
765,0.0012713177441164639,0.0025426354882329277,0.0,0.0,0.0,-0.055643676657614716,0.055643676657614716,0.00018091598758473992,0.0
766,0.0012903372828875458,0.0025806745657750915,0.0,0.0,0.0,-0.055643237783667775,0.055643237783667775,0.00018145900685340166,0.0
767,0.0013081103076920675,0.002616220615384135,0.0,0.0,0.0,-0.055642777486515194,0.055642777486515194,0.00018116598948836327,0.0
768,0.001324567214257312,0.002649134428514624,0.0,0.0,0.0,-0.055642296892777075,0.055642296892777075,0.00018133403500542045,0.0
769,0.0013396017225453145,0.002679203445090629,0.0,0.0,0.0,-0.05564179805571494,0.05564179805571494,0.00022870796965435147,0.0
770,0.0013530337693135122,0.0027060675386270244,0.0,0.0,0.0,-0.05564128612308822,0.05564128612308822,0.00018441700376570225,0.0
771,0.0013645571401369634,0.002729114280273927,0.0,0.0,0.0,-0.055640772015281025,0.055640772015281025,0.00018350000027567148,0.0
772,0.0013736809387169986,0.0027473618774339972,0.0,0.0,0.0,-0.055640274994228855,0.055640274994228855,0.00018350000027567148,0.0
773,0.001378748671315929,0.002757497342631858,0.0,0.0,0.0,-0.05563984318825349,0.05563984318825349,0.0001836250303313136,0.0
774,0.0013791105549344936,0.002758221109868987,0.0,0.0,0.0,-0.05563950579968252,0.05563950579968252,0.00018704100511968136,0.0
775,0.0013751134836288217,0.0027502269672576435,0.0,0.0,0.0,-0.05563927170776064,0.05563927170776064,0.00018379202811047435,0.0
776,0.0013665463462666505,0.002733092692533301,0.0,0.0,0.0,-0.05563916095358579,0.05563916095358579,0.00018375000217929482,0.0
777,0.0013515820229218177,0.0027031640458436354,0.0,0.0,0.0,-0.05563921822876855,0.05563921822876855,0.00018395797815173864,0.0
778,0.0013299792795009105,0.002659958559001821,0.0,0.0,0.0,-0.05563944339753224,0.05563944339753224,0.00018379103858023882,0.0
779,0.0013019362213167913,0.0026038724426335827,0.0,0.0,0.0,-0.0556398159959489,0.0556398159959489,0.00018358399393036962,0.0
780,0.0012680171150381732,0.0025360342300763464,0.0,0.0,0.0,-0.055640299854269604,0.055640299854269604,0.00018316699424758554,0.0
781,0.0012349185578638573,0.0024698371157277146,0.0,0.0,0.0,-0.05564085041084438,0.05564085041084438,0.00018341699615120888,0.0
782,0.0012442787776075666,0.002488557555215133,0.0,0.0,0.0,-0.055641422227107606,0.055641422227107606,0.00018391699995845556,0.0
783,0.0012475619668106744,0.0024951239336213488,0.0,0.0,0.0,-0.05564197493357095,0.05564197493357095,0.00018316699424758554,0.0
784,0.0012451252722455175,0.002490250544491035,0.0,0.0,0.0,-0.05564247682517813,0.05564247682517813,0.00018341699615120888,0.0
785,0.0012373845166878672,0.0024747690333757344,0.0,0.0,0.0,-0.05564290618983324,0.05564290618983324,0.00018341600662097335,0.0
786,0.0012247962166977884,0.002449592433395577,0.0,0.0,0.0,-0.055643250959067934,0.055643250959067934,0.000183124968316406,0.0
787,0.0012078466814898561,0.0024156933629797123,0.0,0.0,0.0,-0.05564350738071122,0.05564350738071122,0.00018375000217929482,0.0
788,0.0011870447170517842,0.0023740894341035684,0.0,0.0,0.0,-0.05564367827552934,0.05564367827552934,0.00018358294619247317,0.0
789,0.0011629158529068429,0.0023258317058136857,0.0,0.0,0.0,-0.05564377123169556,0.05564377123169556,0.00018333300249651074,0.0
790,0.001136944484624449,0.002273888969248898,0.0,0.0,0.0,-0.05564379691917719,0.05564379691917719,0.00018400000408291817,0.0
791,0.0011141040914282307,0.0022282081828564615,0.0,0.0,0.0,-0.05564376759918464,0.05564376759918464,0.00018329097656533122,0.0
792,0.0010898056647694228,0.0021796113295388456,0.0,0.0,0.0,-0.055643695850050634,0.055643695850050634,0.0001835830044001341,0.0
793,0.0010644146652300304,0.002128829330460061,0.0,0.0,0.0,-0.055643593509771924,0.055643593509771924,0.00018320902017876506,0.0
794,0.0010382812828349207,0.0020765625656698414,0.0,0.0,0.0,-0.0556434708308443,0.0556434708308443,0.00018329202430322766,0.0
795,0.0010117357838152936,0.0020234715676305873,0.0,0.0,0.0,-0.05564333584531391,0.05564333584531391,0.00018341699615120888,0.0
796,0.0009850840727581578,0.0019701681455163156,0.0,0.0,0.0,-0.05564319394227929,0.05564319394227929,0.00018333300249651074,0.0
797,0.000958603884437987,0.001917207768875974,0.0,0.0,0.0,-0.05564304766413468,0.05564304766413468,0.00018341600662097335,0.0
798,0.0009325416666851605,0.001865083333370321,0.0,0.0,0.0,-0.055642896730618396,0.055642896730618396,0.00018345803255215287,0.0
799,0.0009071098521219075,0.001814219704243815,0.0,0.0,0.0,-0.05564273830061661,0.05564273830061661,0.00018345803255215287,0.0
800,0.0008824838461050262,0.0017649676922100524,0.0,0.0,0.0,-0.05564256748002446,0.05564256748002446,0.00018329196609556675,0.0
801,0.0008587977290053506,0.0017175954580107011,0.0,0.0,0.0,-0.055642378078516186,0.055642378078516186,0.00018329097656533122,0.0
802,0.000836137509274016,0.001672275018548032,0.0,0.0,0.0,-0.05564216360590387,0.05564216360590387,0.00018337502842769027,0.0
803,0.0008145310075595436,0.001629062015119087,0.0,0.0,0.0,-0.05564191847399469,0.05564191847399469,0.00029574998188763857,0.0
804,0.0007939344602883106,0.001587868920576621,0.0,0.0,0.0,-0.05564163932285978,0.05564163932285978,0.00018354097846895456,0.0
805,0.0007953985736827256,0.0015907971473654511,0.0,0.0,0.0,-0.05564132631073523,0.05564132631073523,0.0001805830397643149,0.0
806,0.000841881443304493,0.001683762886608986,0.0,0.0,0.0,-0.055640984094621704,0.055640984094621704,0.00018087495118379593,0.0
807,0.0008835885964874439,0.0017671771929748878,0.0,0.0,0.0,-0.05564062211782443,0.05564062211782443,0.00019095902098342776,0.0
808,0.0009289434796359783,0.0018578869592719566,0.0,0.0,0.0,-0.05564025380112986,0.05564025380112986,0.0001806250074878335,0.0
809,0.0009757880386436872,0.0019515760772873744,0.0,0.0,0.0,-0.05563989443234232,0.05563989443234232,0.00018108298536390066,0.0
810,0.001016270622270693,0.002032541244541386,0.0,0.0,0.0,-0.055639558019265234,0.055639558019265234,0.00018087500939145684,0.0
811,0.0010491383588969831,0.0020982767177939662,0.0,0.0,0.0,-0.05563925394811024,0.05563925394811024,0.0001807080116122961,0.0
812,0.0010862032256076237,0.0021724064512152474,0.0,0.0,0.0,-0.05563898459703713,0.05563898459703713,0.00018087495118379593,0.0
813,0.001130442946946631,0.002260885893893262,0.0,0.0,0.0,-0.05563874480166733,0.05563874480166733,0.00018087500939145684,0.0
814,0.0011713946855447972,0.0023427893710895945,0.0,0.0,0.0,-0.055638523358466696,0.055638523358466696,0.00018075003754347563,0.0
815,0.0012085754522830963,0.0024171509045661926,0.0,0.0,0.0,-0.055638306006989935,0.055638306006989935,0.0001804589992389083,0.0
816,0.001241637820772197,0.002483275641544394,0.0,0.0,0.0,-0.05563807893024277,0.05563807893024277,0.00018079200526699424,0.0
817,0.0012703312404456664,0.002540662480891333,0.0,0.0,0.0,-0.05563783184748998,0.05563783184748998,0.00018050003563985229,0.0
818,0.0012944684032909284,0.002588936806581857,0.0,0.0,0.0,-0.05563756010119579,0.05563756010119579,0.00018091598758473992,0.0
819,0.0013139004172447073,0.0026278008344894146,0.0,0.0,0.0,-0.055637265538199275,0.055637265538199275,0.0001807080116122961,0.0
820,0.001328501617692008,0.002657003235384016,0.0,0.0,0.0,-0.055636956288053374,0.055636956288053374,0.0001811669790185988,0.0
821,0.0013381634934671663,0.0026763269869343326,0.0,0.0,0.0,-0.05563664569101231,0.05563664569101231,0.00021899997955188155,0.0
822,0.0013427967872911076,0.002685593574582215,0.0,0.0,0.0,-0.0556363506550242,0.0556363506550242,0.00022970797726884484,0.0
823,0.001342340795546293,0.002684681591092586,0.0,0.0,0.0,-0.05563608968734689,0.05563608968734689,0.0001972499885596335,0.0
824,0.0013367788827810152,0.0026735577655620305,0.0,0.0,0.0,-0.05563588080121938,0.05563588080121938,0.00023204099852591753,0.0
825,0.0013261590474382655,0.002652318094876531,0.0,0.0,0.0,-0.055635739464352185,0.055635739464352185,0.00018199998885393143,0.0
826,0.0013106179187324374,0.0026212358374648748,0.0,0.0,0.0,-0.05563567673816838,0.05563567673816838,0.00018066703341901302,0.0
827,0.001290405761321639,0.002580811522643278,0.0,0.0,0.0,-0.05563569775180294,0.05563569775180294,0.00018087500939145684,0.0
828,0.0012659089013033822,0.0025318178026067645,0.0,0.0,0.0,-0.05563580065871898,0.05563580065871898,0.00018054095562547445,0.0
829,0.0012376646051048719,0.0024753292102097438,0.0,0.0,0.0,-0.05563597623038626,0.05563597623038626,0.00018112501129508018,0.0
830,0.001206362285773234,0.002412724571546468,0.0,0.0,0.0,-0.05563620823832653,0.05563620823832653,0.00018162501510232687,0.0
831,0.0011728248029696242,0.0023456496059392484,0.0,0.0,0.0,-0.05563647474166008,0.05563647474166008,0.00018116598948836327,0.0
832,0.0011379655778695763,0.0022759311557391526,0.0,0.0,0.0,-0.0556367503067484,0.0556367503067484,0.00018083397299051285,0.0
833,0.001102721887971482,0.002205443775942964,0.0,0.0,0.0,-0.05563700902419687,0.05563700902419687,0.00018120900494977832,0.0
834,0.0010918422273161824,0.0021836844546323647,0.0,0.0,0.0,-0.05563722797171182,0.05563722797171182,0.00018066598568111658,0.0
835,0.001121480388373397,0.002242960776746794,0.0,0.0,0.0,-0.05563739055351473,0.05563739055351473,0.00018116598948836327,0.0
836,0.001164927604861428,0.002329855209722856,0.0,0.0,0.0,-0.05563748901097545,0.05563748901097545,0.00018129200907424092,0.0
837,0.001201533145507156,0.002403066291014312,0.0,0.0,0.0,-0.055637525430609645,0.055637525430609645,0.00018100003944709897,0.0
838,0.0012301311693745445,0.002460262338749089,0.0,0.0,0.0,-0.05563751083353756,0.05563751083353756,0.0001812499831430614,0.0
839,0.001249824966259007,0.002499649932518014,0.0,0.0,0.0,-0.05563746240579198,0.05563746240579198,0.00018095801351591945,0.0
840,0.0012600589758734078,0.0025201179517468156,0.0,0.0,0.0,-0.055637399495573635,0.055637399495573635,0.00018095900304615498,0.0
841,0.0012606705903039327,0.0025213411806078653,0.0,0.0,0.0,-0.055637339426250196,0.055637339426250196,0.00018116598948836327,0.0
842,0.0012519049669765976,0.0025038099339531952,0.0,0.0,0.0,-0.05563729423523591,0.05563729423523591,0.0001806250074878335,0.0
843,0.0012343840478380441,0.0024687680956760882,0.0,0.0,0.0,-0.05563726910994332,0.05563726910994332,0.0001812500413507223,0.0
844,0.0012090335335876515,0.002418067067175303,0.0,0.0,0.0,-0.05563726271278467,0.05563726271278467,0.00018083403119817376,0.0
845,0.001176982863721622,0.002353965727443244,0.0,0.0,0.0,-0.05563726900570326,0.05563726900570326,0.00018074997933581471,0.0
846,0.0011394592163698827,0.0022789184327397655,0.0,0.0,0.0,-0.05563727980585702,0.05563727980585702,0.00018091703532263637,0.0
847,0.0010976953870253103,0.0021953907740506207,0.0,0.0,0.0,-0.0556372872428624,0.0556372872428624,0.0001810839748941362,0.0
848,0.0010528640380714216,0.002105728076142843,0.0,0.0,0.0,-0.055637285522115595,0.055637285522115595,0.00018104200717061758,0.0
849,0.0010060409876961954,0.0020120819753923908,0.0,0.0,0.0,-0.05563727177084582,0.05563727177084582,0.00018141698092222214,0.0
850,0.0009655937582275023,0.0019311875164550046,0.0,0.0,0.0,-0.05563724606282607,0.05563724606282607,0.00018079200526699424,0.0
851,0.0009300159918440298,0.0018600319836880597,0.0,0.0,0.0,-0.05563721087965927,0.05563721087965927,0.00018120900494977832,0.0
852,0.0008937581244165722,0.0017875162488331445,0.0,0.0,0.0,-0.0556371702814971,0.0556371702814971,0.00018095801351591945,0.0
853,0.0008573891759676329,0.0017147783519352658,0.0,0.0,0.0,-0.05563712899582909,0.05563712899582909,0.00018099998123943806,0.0
854,0.0008214543850466674,0.0016429087700933348,0.0,0.0,0.0,-0.05563709155223982,0.05563709155223982,0.00018079200526699424,0.0
855,0.0007864745865243002,0.0015729491730486003,0.0,0.0,0.0,-0.05563706152642493,0.05563706152642493,0.0001807910157367587,0.0
856,0.0007529465422411903,0.0015058930844823806,0.0,0.0,0.0,-0.05563704091635271,0.05563704091635271,0.00018099998123943806,0.0
857,0.0007213439673626268,0.0014426879347252536,0.0,0.0,0.0,-0.05563702965356445,0.05563702965356445,0.00018083298346027732,0.0
858,0.0007120979470702678,0.0014241958941405355,0.0,0.0,0.0,-0.05563702524695959,0.05563702524695959,0.0001814159913919866,0.0
859,0.0007249498745406265,0.001449899749081253,0.0,0.0,0.0,-0.0556370225598668,0.0556370225598668,0.00018029200145974755,0.0
860,0.0007544135107629447,0.0015088270215258895,0.0,0.0,0.0,-0.05563701373045614,0.05563701373045614,0.00018095900304615498,0.0
861,0.0007937028509618291,0.0015874057019236582,0.0,0.0,0.0,-0.05563698825858959,0.05563698825858959,0.00018087500939145684,0.0
862,0.0008286726128998653,0.0016573452257997306,0.0,0.0,0.0,-0.05563693329777224,0.05563693329777224,0.00018129195086658,0.0
863,0.0008585005925357304,0.0017170011850714609,0.0,0.0,0.0,-0.055636834207847874,0.055636834207847874,0.0001807080116122961,0.0
864,0.0008824214057597847,0.0017648428115195694,0.0,0.0,0.0,-0.05563667544107561,0.05563667544107561,0.0001812499831430614,0.0
865,0.0008997602253862196,0.001799520450772439,0.0,0.0,0.0,-0.05563644184808022,0.05563644184808022,0.00018074997933581471,0.0
866,0.000909988554652845,0.00181997710930569,0.0,0.0,0.0,-0.05563612049193275,0.05563612049193275,0.00018104095943272114,0.0
867,0.0009475575781825452,0.0018951151563650903,0.0,0.0,0.0,-0.05563570302475822,0.05563570302475822,0.00018100003944709897,0.0
868,0.0009897100002894572,0.0019794200005789145,0.0,0.0,0.0,-0.05563518856016303,0.05563518856016303,0.00018045800970867276,0.0
869,0.001033888581931531,0.002067777163863062,0.0,0.0,0.0,-0.055634589005379695,0.055634589005379695,0.00018066703341901302,0.0
870,0.0010768945940162374,0.0021537891880324747,0.0,0.0,0.0,-0.05563397087622146,0.05563397087622146,0.000181332987267524,0.0
871,0.0011184487343800856,0.002236897468760171,0.0,0.0,0.0,-0.05563334646199338,0.05563334646199338,0.00018095900304615498,0.0
872,0.0011582617776727602,0.0023165235553455205,0.0,0.0,0.0,-0.05563272929599171,0.05563272929599171,0.00018095900304615498,0.0
873,0.0011960353084211894,0.002392070616842379,0.0,0.0,0.0,-0.05563213421038323,0.05563213421038323,0.00018108298536390066,0.0
874,0.0012314627678867603,0.0024629255357735205,0.0,0.0,0.0,-0.05563157736909907,0.05563157736909907,0.00020304101053625345,0.0
875,0.0012638533958842686,0.0025277067917685372,0.0,0.0,0.0,-0.0556310825500006,0.0556310825500006,0.00022274994989857078,0.0
876,0.0012897609735505085,0.002579521947101017,0.0,0.0,0.0,-0.05563071437107513,0.05563071437107513,0.00018620799528434873,0.0
877,0.0013084985783121013,0.0026169971566242026,0.0,0.0,0.0,-0.05563047398107872,0.05563047398107872,0.00018495804397389293,0.0
878,0.0013197406363072775,0.002639481272614555,0.0,0.0,0.0,-0.05563034961425167,0.05563034961425167,0.0001847500097937882,0.0
879,0.001323429784825525,0.00264685956965105,0.0,0.0,0.0,-0.055630322889076676,0.055630322889076676,0.00018441700376570225,0.0
880,0.001319691640159909,0.002639383280319818,0.0,0.0,0.0,-0.055630374714157924,0.055630374714157924,0.00018450000789016485,0.0
881,0.0013087770760758961,0.0026175541521517923,0.0,0.0,0.0,-0.05563048923746494,0.05563048923746494,0.0001841670018620789,0.0
882,0.001291032387956581,0.002582064775913162,0.0,0.0,0.0,-0.055630655422729824,0.055630655422729824,0.00018441700376570225,0.0
883,0.001266890175001912,0.002533780350003824,0.0,0.0,0.0,-0.05563086667376884,0.05563086667376884,0.00018420902779325843,0.0
884,0.0012368725161001348,0.0024737450322002696,0.0,0.0,0.0,-0.05563111928775692,0.05563111928775692,0.00018387503223493695,0.0
885,0.0012015988891845297,0.0024031977783690595,0.0,0.0,0.0,-0.05563141049439637,0.05563141049439637,0.0001853749854490161,0.0
886,0.0011617925429927567,0.0023235850859855134,0.0,0.0,0.0,-0.05563173663579084,0.05563173663579084,0.0001841670018620789,0.0
887,0.001118280327681638,0.002236560655363276,0.0,0.0,0.0,-0.05563209182082478,0.05563209182082478,0.00018441700376570225,0.0
888,0.0010719825456917756,0.002143965091383551,0.0,0.0,0.0,-0.055632467210301115,0.055632467210301115,0.00018383300630375743,0.0
889,0.001023891462681975,0.00204778292536395,0.0,0.0,0.0,-0.055632850956134516,0.055632850956134516,0.00018412497593089938,0.0
890,0.000994077907645885,0.00198815581529177,0.0,0.0,0.0,-0.0556332287161988,0.0556332287161988,0.0002357920166105032,0.0
891,0.000996850688882351,0.001993701377764702,0.0,0.0,0.0,-0.05563358459257891,0.05563358459257891,0.0002039159880951047,0.0
892,0.0009980976548135678,0.0019961953096271357,0.0,0.0,0.0,-0.05563390230275885,0.05563390230275885,0.00018074997933581471,0.0
893,0.0010165454425030973,0.0020330908850061946,0.0,0.0,0.0,-0.05563416639842815,0.05563416639842815,0.00018066703341901302,0.0
894,0.0010364325002145472,0.0020728650004290944,0.0,0.0,0.0,-0.05563436339070793,0.05563436339070793,0.00018120795721188188,0.0
895,0.0010533011363181854,0.002106602272636371,0.0,0.0,0.0,-0.05563448270456097,0.05563448270456097,0.00018087495118379593,0.0
896,0.0010667882912623883,0.0021335765825247766,0.0,0.0,0.0,-0.05563451744322172,0.05563451744322172,0.0001812500413507223,0.0
897,0.0010766080567072359,0.0021532161134144717,0.0,0.0,0.0,-0.05563446497530039,0.05563446497530039,0.0001811670372262597,0.0
898,0.0010825356739219416,0.0021650713478438832,0.0,0.0,0.0,-0.05563432735503748,0.05563432735503748,0.00018070900114253163,0.0
899,0.001084389534772634,0.002168779069545268,0.0,0.0,0.0,-0.05563411155487552,0.05563411155487552,0.00018091697711497545,0.0
900,0.0010820146965327126,0.0021640293930654253,0.0,0.0,0.0,-0.05563382944304124,0.05563382944304124,0.00018083403119817376,0.0
901,0.0010752715587954327,0.0021505431175908654,0.0,0.0,0.0,-0.05563349739772522,0.05563349739772522,0.0001810839748941362,0.0
902,0.0010640334319493294,0.002128066863898659,0.0,0.0,0.0,-0.05563313543894621,0.05563313543894621,0.00018112495308741927,0.0
903,0.0010481961605115393,0.0020963923210230787,0.0,0.0,0.0,-0.05563276580462678,0.05563276580462678,0.00018074997933581471,0.0
904,0.0010277010122253585,0.002055402024450717,0.0,0.0,0.0,-0.05563241101138815,0.05563241101138815,0.00018087500939145684,0.0
905,0.0010025684453628288,0.0020051368907256575,0.0,0.0,0.0,-0.055632091604943076,0.055632091604943076,0.0001811669790185988,0.0
906,0.0009729360046565397,0.0019458720093130794,0.0,0.0,0.0,-0.0556318239617824,0.0556318239617824,0.0001812499831430614,0.0
907,0.0009390904826511344,0.0018781809653022688,0.0,0.0,0.0,-0.05563161857398421,0.05563161857398421,0.0001810839748941362,0.0
908,0.0009014846338800744,0.0018029692677601489,0.0,0.0,0.0,-0.05563147917813834,0.05563147917813834,0.0001812080154195428,0.0
909,0.0008607326325579603,0.0017214652651159207,0.0,0.0,0.0,-0.05563140288948772,0.05563140288948772,0.0001810839748941362,0.0
910,0.0008175845579378345,0.001635169115875669,0.0,0.0,0.0,-0.055631381250138445,0.055631381250138445,0.00018112501129508018,0.0
911,0.0007827263388176346,0.0015654526776352692,0.0,0.0,0.0,-0.05563140189309331,0.05563140189309331,0.00018137501319870353,0.0
912,0.0007756151953134428,0.0015512303906268857,0.0,0.0,0.0,-0.05563145042969829,0.05563145042969829,0.00018083403119817376,0.0
913,0.0008037327846213173,0.0016074655692426346,0.0,0.0,0.0,-0.05563151219958151,0.05563151219958151,0.00018099998123943806,0.0
914,0.0008285344413634932,0.0016570688827269864,0.0,0.0,0.0,-0.05563157364189396,0.05563157364189396,0.00018074997933581471,0.0
915,0.0008475127527525772,0.0016950255055051544,0.0,0.0,0.0,-0.05563162319299063,0.05563162319299063,0.00018074997933581471,0.0
916,0.0008607444960046784,0.0017214889920093568,0.0,0.0,0.0,-0.055631651734857165,0.055631651734857165,0.00018058402929455042,0.0
917,0.0008683722790648433,0.0017367445581296867,0.0,0.0,0.0,-0.055631652685310694,0.055631652685310694,0.00018087500939145684,0.0
918,0.0008802031584327526,0.0017604063168655051,0.0,0.0,0.0,-0.05563162183867689,0.05563162183867689,0.00018095801351591945,0.0
919,0.0009014241369267942,0.0018028482738535884,0.0,0.0,0.0,-0.05563155705270836,0.05563155705270836,0.00018145795911550522,0.0
920,0.0009224794367429234,0.0018449588734858469,0.0,0.0,0.0,-0.055631457853160225,0.055631457853160225,0.00018095900304615498,0.0
921,0.0009433107139827368,0.0018866214279654736,0.0,0.0,0.0,-0.05563132500442721,0.05563132500442721,0.00018099998123943806,0.0
922,0.0009638623545866198,0.0019277247091732397,0.0,0.0,0.0,-0.05563116007865598,0.05563116007865598,0.0001806669752113521,0.0
923,0.0009840806838804783,0.0019681613677609566,0.0,0.0,0.0,-0.055630965047772894,0.055630965047772894,0.00018112501129508018,0.0
924,0.0010039132581719581,0.0020078265163439163,0.0,0.0,0.0,-0.05563074192164619,0.05563074192164619,0.00018437503604218364,0.0
925,0.001023308058522833,0.002046616117045666,0.0,0.0,0.0,-0.05563049245929893,0.05563049245929893,0.00018154201097786427,0.0
926,0.0010422122404499246,0.002084424480899849,0.0,0.0,0.0,-0.05563021798683262,0.05563021798683262,0.00018099998123943806,0.0
927,0.0010605698177348702,0.0021211396354697404,0.0,0.0,0.0,-0.055629919363740274,0.055629919363740274,0.00022066599922254682,0.0
928,0.001078317274396251,0.002156634548792502,0.0,0.0,0.0,-0.05562959714636716,0.05562959714636716,0.00019975000759586692,0.0
929,0.0010953756543363724,0.002190751308672745,0.0,0.0,0.0,-0.055629251999884596,0.055629251999884596,0.00018441700376570225,0.0
930,0.0011116373340283384,0.0022232746680566767,0.0,0.0,0.0,-0.05562888540145343,0.05562888540145343,0.00018445897148922086,0.0
931,0.0011269458183791603,0.0022538916367583206,0.0,0.0,0.0,-0.05562850064479967,0.05562850064479967,0.00018379202811047435,0.0
932,0.0011410682159051673,0.0022821364318103346,0.0,0.0,0.0,-0.05562810408022634,0.05562810408022634,0.00018416601233184338,0.0
933,0.0011536634986945848,0.0023073269973891697,0.0,0.0,0.0,-0.055627706381970086,0.055627706381970086,0.00018408294999971986,0.0
934,0.0011642557575445023,0.0023285115150890046,0.0,0.0,0.0,-0.05562732342702289,0.05562732342702289,0.00018375000217929482,0.0
935,0.0011720866068671634,0.002344173213734327,0.0,0.0,0.0,-0.0556269786858132,0.0556269786858132,0.00018445897148922086,0.0
936,0.0011763530283550767,0.0023527060567101535,0.0,0.0,0.0,-0.05562669757291598,0.05562669757291598,0.0001840839977376163,0.0
937,0.001176938528457433,0.002353877056914866,0.0,0.0,0.0,-0.05562649290152098,0.05562649290152098,0.00018391699995845556,0.0
938,0.0011728156583953944,0.002345631316790789,0.0,0.0,0.0,-0.0556263911869981,0.0556263911869981,0.0001836250303313136,0.0
939,0.0011635373049260836,0.002327074609852167,0.0,0.0,0.0,-0.05562640315432903,0.05562640315432903,0.00018408294999971986,0.0
940,0.0011489294475157015,0.002297858895031403,0.0,0.0,0.0,-0.05562652832300345,0.05562652832300345,0.00018341699615120888,0.0
941,0.0011290999945773386,0.0022581999891546772,0.0,0.0,0.0,-0.0556267551550251,0.0556267551550251,0.0001837079762481153,0.0
942,0.0011043997050853745,0.002208799410170749,0.0,0.0,0.0,-0.05562706337707559,0.05562706337707559,0.00018462497973814607,0.0
943,0.00107536025389008,0.00215072050778016,0.0,0.0,0.0,-0.05562742751682239,0.05562742751682239,0.00018341699615120888,0.0
944,0.0010426307157064899,0.0020852614314129797,0.0,0.0,0.0,-0.055627820621541965,0.055627820621541965,0.00018370902398601174,0.0
945,0.001040218893044665,0.00208043778608933,0.0,0.0,0.0,-0.05562821738681863,0.05562821738681863,0.0001835830044001341,0.0
946,0.0010422786887348892,0.0020845573774697784,0.0,0.0,0.0,-0.055628596298980613,0.055628596298980613,0.00018387497402727604,0.0
947,0.0010403544009629506,0.0020807088019259012,0.0,0.0,0.0,-0.05562894074274903,0.05562894074274903,0.00018379196990281343,0.0
948,0.0010346971240898575,0.002069394248179715,0.0,0.0,0.0,-0.055629239256303295,0.055629239256303295,0.00018375000217929482,0.0
949,0.0010255848214923043,0.0020511696429846085,0.0,0.0,0.0,-0.055629485204809856,0.055629485204809856,0.00018350000027567148,0.0
950,0.0010133181710131056,0.0020266363420262112,0.0,0.0,0.0,-0.05562967612550733,0.05562967612550733,0.00018333300249651074,0.0
951,0.0009982173734316875,0.001996434746863375,0.0,0.0,0.0,-0.055629812930792985,0.055629812930792985,0.0001837079762481153,0.0
952,0.0009840471757564528,0.0019680943515129057,0.0,0.0,0.0,-0.055629899085637556,0.055629899085637556,0.0001935420441441238,0.0
953,0.0009702117007250669,0.0019404234014501337,0.0,0.0,0.0,-0.05562993982284936,0.05562993982284936,0.0001835830044001341,0.0
954,0.0009547797930472175,0.001909559586094435,0.0,0.0,0.0,-0.05562994142717178,0.05562994142717178,0.000183542026206851,0.0
955,0.0009379854900949738,0.0018759709801899477,0.0,0.0,0.0,-0.055629910602149446,0.055629910602149446,0.00018333300249651074,0.0
956,0.0009200631541466282,0.0018401263082932565,0.0,0.0,0.0,-0.055629853926206285,0.055629853926206285,0.00018329202430322766,0.0
957,0.0009012440393144534,0.0018024880786289069,0.0,0.0,0.0,-0.0556297774019399,0.0556297774019399,0.00018387503223493695,0.0
958,0.0008817525098570381,0.0017635050197140761,0.0,0.0,0.0,-0.055629686102421826,0.055629686102421826,0.00018358399393036962,0.0
959,0.0008618023587774193,0.0017236047175548386,0.0,0.0,0.0,-0.05562958391876718,0.05562958391876718,0.0001837909803725779,0.0
960,0.0008415934899196134,0.0016831869798392268,0.0,0.0,0.0,-0.055629473413570406,0.055629473413570406,0.00018375000217929482,0.0
961,0.0008213090452500356,0.0016426180905000712,0.0,0.0,0.0,-0.05562935578460869,0.05562935578460869,0.00018370803445577621,0.0
962,0.0008011128826417753,0.0016022257652835506,0.0,0.0,0.0,-0.055629230942218943,0.055629230942218943,0.00018391601042822003,0.0
963,0.000781147145200313,0.001562294290400626,0.0,0.0,0.0,-0.055629097701745664,0.055629097701745664,0.00018383300630375743,0.0
964,0.0007615295328989372,0.0015230590657978743,0.0,0.0,0.0,-0.05562895408904622,0.05562895408904622,0.00018358405213803053,0.0
965,0.0007423498363274168,0.0014846996726548337,0.0,0.0,0.0,-0.05562879775140419,0.05562879775140419,0.0001834590220823884,0.0
966,0.0007236653951053669,0.0014473307902107338,0.0,0.0,0.0,-0.05562862645690585,0.05562862645690585,0.00018400000408291817,0.0
967,0.0007054955000979912,0.0014109910001959824,0.0,0.0,0.0,-0.05562843865017921,0.05562843865017921,0.00018387497402727604,0.0
968,0.0006878154679023085,0.001375630935804617,0.0,0.0,0.0,-0.05562823400922344,0.05562823400922344,0.00018370902398601174,0.0
969,0.0006801367212837875,0.001360273442567575,0.0,0.0,0.0,-0.05562801391697283,0.05562801391697283,0.0001834589638747275,0.0
970,0.0007056965125760706,0.0014113930251521412,0.0,0.0,0.0,-0.055627781728771884,0.055627781728771884,0.00018366699805483222,0.0
971,0.0007387310224664483,0.0014774620449328965,0.0,0.0,0.0,-0.0556275427005376,0.0556275427005376,0.000183542026206851,0.0
972,0.0007671543314646742,0.0015343086629293484,0.0,0.0,0.0,-0.05562730346986676,0.05562730346986676,0.00018333300249651074,0.0
973,0.0008041329177095984,0.0016082658354191967,0.0,0.0,0.0,-0.05562707107807145,0.05562707107807145,0.00018383300630375743,0.0
974,0.0008372201446365177,0.0016744402892730353,0.0,0.0,0.0,-0.05562685167871336,0.05562685167871336,0.000185999961104244,0.0
975,0.0008647774618312232,0.0017295549236624463,0.0,0.0,0.0,-0.05562664923904126,0.05562664923904126,0.000188250036444515,0.0
976,0.0009016784691925801,0.0018033569383851603,0.0,0.0,0.0,-0.05562646461290799,0.05562646461290799,0.00018337502842769027,0.0
977,0.0009376296846851824,0.0018752593693703648,0.0,0.0,0.0,-0.0556262952855191,0.0556262952855191,0.00018383399583399296,0.0
978,0.0009715475711537316,0.0019430951423074633,0.0,0.0,0.0,-0.055626135885732474,0.055626135885732474,0.000220416986849159,0.0
979,0.0010030305352114743,0.0020060610704229487,0.0,0.0,0.0,-0.055625979327707485,0.055625979327707485,0.00022291595814749599,0.0
980,0.0010317629705269837,0.0020635259410539675,0.0,0.0,0.0,-0.055625818282043424,0.055625818282043424,0.00018483394524082541,0.0
981,0.001057497735291419,0.002114995470582838,0.0,0.0,0.0,-0.0556256466349806,0.0556256466349806,0.0001812910195440054,0.0
982,0.001080038359706631,0.002160076719413262,0.0,0.0,0.0,-0.05562546065794207,0.05562546065794207,0.00018083397299051285,0.0
983,0.0010992238234268994,0.002198447646853799,0.0,0.0,0.0,-0.05562525972781914,0.05562525972781914,0.00018108304357156157,0.0
984,0.0011149173401493531,0.0022298346802987062,0.0,0.0,0.0,-0.055625046557234034,0.055625046557234034,0.0001814159913919866,0.0
985,0.0011269996616415368,0.0022539993232830735,0.0,0.0,0.0,-0.05562482697961187,0.05562482697961187,0.00018091703532263637,0.0
986,0.0011353669141807576,0.0022707338283615153,0.0,0.0,0.0,-0.055624609377948685,0.055624609377948685,0.0001811669790185988,0.0
987,0.00113993274690561,0.00227986549381122,0.0,0.0,0.0,-0.05562440385820942,0.05562440385820942,0.0001812499831430614,0.0
988,0.0011406344513750569,0.0022812689027501137,0.0,0.0,0.0,-0.05562422126353038,0.05562422126353038,0.0001812080154195428,0.0
989,0.0011374425952719869,0.0022748851905439738,0.0,0.0,0.0,-0.05562407211588757,0.05562407211588757,0.00018129195086658,0.0
990,0.0011303735308890797,0.0022607470617781594,0.0,0.0,0.0,-0.0556239655639546,0.0556239655639546,0.0001807910157367587,0.0
991,0.0011195038450370794,0.0022390076900741587,0.0,0.0,0.0,-0.055623908411426136,0.055623908411426136,0.00018129200907424092,0.0
992,0.0011049853809588783,0.0022099707619177567,0.0,0.0,0.0,-0.055623904298906145,0.055623904298906145,0.00018104101764038205,0.0
993,0.0010870588817442246,0.0021741177634884493,0.0,0.0,0.0,-0.055623953113574084,0.055623953113574084,0.00018154102144762874,0.0
994,0.0010660636426789057,0.0021321272853578113,0.0,0.0,0.0,-0.05562405070207279,0.05562405070207279,0.00018108298536390066,0.0
995,0.0010424400040731432,0.0020848800081462865,0.0,0.0,0.0,-0.0556241889590204,0.0556241889590204,0.00018145801732316613,0.0
996,0.00101672140770568,0.00203344281541136,0.0,0.0,0.0,-0.05562435634865794,0.05562435634865794,0.0001807909575290978,0.0
997,0.0009895135131246305,0.001979027026249261,0.0,0.0,0.0,-0.05562453888124571,0.05562453888124571,0.00018070900114253163,0.0
998,0.000961459846544499,0.001922919693088998,0.0,0.0,0.0,-0.055624721502675376,0.055624721502675376,0.00018099998123943806,0.0
999,0.0009460467082902831,0.0018920934165805661,0.0,0.0,0.0,-0.05562488976874865,0.05562488976874865,0.00018087500939145684,0.0
1000,0.0009376166469928296,0.0018752332939856592,0.0,0.0,0.0,-0.05562503158224917,0.05562503158224917,0.00018108298536390066,0.0
