iteration,exploitability,nash_conv,actor_loss,average_lambda,mean_episode_length,mean_return_player0,mean_return_player1,wall_time_sec,scheduler_loss,gate_entropy,gate_regret_norm,gate_avg_utility,handoff_frozen_clusters,handoff_missing_clusters,gate_prob_actor,gate_prob_regret,gate_prob_ra,gate_prob_explore,gate_prob_cfr
1,2.373611041250002,4.747222082500004,0.0,0.19621948408804346,4.046875,-0.3125,0.3125,5.7905471659614705,0.00017088985627772857,1.6077075052905727,0.0,0.0,0.0,0.0,0.1947126701531723,0.19621948408804346,0.1872711481389852,0.22018982205381724,0.20160688218232747
2,2.367905869528696,4.735811739057392,-1.8569826850570744e-05,0.19718672711862606,4.171875,-0.2265625,0.2265625,6.098411625018343,8.00311802756849e-05,1.6086309659347107,2.487629775003151e-10,-1.2884508568754571e-12,0.0,0.0,0.1961932513262895,0.19718672711862606,0.192400460888384,0.21323095502031877,0.20098861047391142
3,2.347012226877175,4.69402445375435,-6.126457766126586e-05,0.19855748691372366,4.1953125,0.125,-0.125,5.985024375026114,-0.5100774965500476,1.609113689685445,0.019157349015586078,6.417746772532004e-07,0.0,0.0,0.19726842553033952,0.19855748691372366,0.1983161413525292,0.2069399790834892,0.19891797641580108
4,2.3868513047563313,4.773702609512663,-5.654657669857099e-05,0.19634771789466532,4.2890625,0.5234375,-0.5234375,6.102700375020504,-0.6570633157836664,1.6091226209056833,0.0398313549036781,2.735646252934506e-06,0.0,0.0,0.19827483588989098,0.19634771789466532,0.19953540005536244,0.20619369277862903,0.19964836488981716
5,2.3785355073146683,4.757071014629337,-0.00015411343248023982,0.1941394233662221,4.5,-0.4140625,0.4140625,6.501223416998982,-0.8725478167891398,1.6090565708776314,0.06165237398818135,6.219770133005416e-06,0.0,0.0,0.20016215547608832,0.1941394233662221,0.20025518650396001,0.20640619789871076,0.19903704340362716
6,2.3648676271195876,4.729735254239175,-0.0001302908563051729,0.19174195984687273,4.4765625,-0.0390625,0.0390625,6.365910749998875,-0.8434410538511387,1.6088935257460641,0.07967416600634654,1.0043187785413465e-05,0.0,0.0,0.20157433323315094,0.19174195984687273,0.20131688438889037,0.20756450604913954,0.19780232345142498
7,2.340087111274396,4.680174222548792,-2.8992045687256102e-05,0.1907356803570815,4.3046875,0.1796875,-0.1796875,6.138239499996416,-0.8200526197733334,1.6087260120793392,0.10527108889073133,1.4686482927572797e-05,0.0,0.0,0.20316644799904035,0.1907356803570815,0.2023106405339094,0.2083073004187776,0.1954799377766798
8,2.3578825682942752,4.7157651365885505,-9.820647061830827e-05,0.18813532538917085,4.2578125,0.3515625,-0.3515625,6.117225958034396,-0.7449186258018017,1.6083578680633406,0.12603047272811332,2.04434525888549e-05,0.0,0.0,0.20558983855838076,0.18813532538917085,0.2038652021950538,0.2095252602472218,0.19288438142986472
9,2.37978621832887,4.75957243665774,-0.00035739216036675394,0.18581189730149858,4.25,-0.4453125,0.4453125,6.131838583969511,-1.11816656430293,1.6078765438321758,0.14655028780301413,2.7993608000542736e-05,0.0,0.0,0.20777432894443765,0.18581189730149858,0.20468581569216707,0.21139336481471271,0.19033460108125033
10,2.387537569775726,4.775075139551452,-0.0003819039808657004,0.18367896920677582,4.359375,-0.3515625,0.3515625,6.190486790961586,-1.2457751573320466,1.6072347764473236,0.16473846944669882,4.07313917397308e-05,0.0,0.0,0.21023096672950253,0.18367896920677582,0.20618468968992165,0.21301790195981235,0.18688748197423088
11,2.381801221570006,4.763602443140012,-9.74625763737479e-05,0.18058087418706126,4.3984375,0.28125,-0.28125,6.278150165977422,-1.057371425801362,1.6062699484359308,0.18001153444250426,5.013227064409875e-05,0.0,0.0,0.2129738937739157,0.18058087418706126,0.20751982321218318,0.21544178830687996,0.1834836293600804
12,2.355798861928691,4.711597723857382,-6.649782565213206e-05,0.1787858266376624,4.2890625,0.265625,-0.265625,6.242148624965921,-0.9575670875120358,1.6051684991475228,0.19641927629709244,5.627154238633617e-05,0.0,0.0,0.2156401855263771,0.1787858266376624,0.2094402873450941,0.21708732335836728,0.17904638511235596
13,2.3479468509993104,4.695893701998621,-0.0004889396622198594,0.17601496326750604,4.3125,0.0859375,-0.0859375,6.13568933296483,-0.8772742579171461,1.6038612155378729,0.20940064638853073,6.896623259914729e-05,0.0,0.0,0.21872545727461146,0.17601496326750604,0.2102271160515754,0.2196744355926479,0.17535803585812665
14,2.3678533021299644,4.735706604259929,7.832728638919422e-06,0.17266748712093347,4.2734375,-0.21875,0.21875,6.08573604200501,-0.9341233759689429,1.6019571193611382,0.22355045564472675,7.88975758041488e-05,0.0,0.0,0.22183566155010864,0.17266748712093347,0.2125269788874133,0.22224532914989828,0.17072455492381422
15,2.3614763720524135,4.722952744104827,-0.00014806400965480392,0.1698998581380286,4.40625,-0.3828125,0.3828125,6.326663250045385,-0.9310784183429383,1.5998641030585512,0.24042285544176897,9.0830910570124e-05,0.0,0.0,0.22561895960928702,0.1698998581380286,0.21354666648181617,0.2247810220306224,0.16615350282889732
16,2.3583730445074034,4.716746089014807,0.00023598526335112503,0.1661428184882785,4.1640625,0.2734375,-0.2734375,5.872145084023941,-1.0105397170077568,1.5972096752270526,0.2594192487498124,9.797139379467505e-05,0.0,0.0,0.22942204538585992,0.1661428184882785,0.21569028150073583,0.22735007381237918,0.16139478964720613
17,2.36023834240162,4.72047668480324,-0.0003463688283729571,0.163421561630494,4.2578125,-0.0546875,0.0546875,6.108854291960597,-0.8830388985847661,1.5937502167640476,0.2799742743372917,0.00010985426433762768,0.0,0.0,0.23282053771368955,0.163421561630494,0.21830932752254906,0.23079908924912093,0.15464949208662052
18,2.35660208438666,4.71320416877332,-5.1788387060958743e-05,0.1589434646177206,4.34375,-0.1171875,0.1171875,6.177203333005309,-0.9448789599411886,1.5896377874364098,0.2945122756063938,0.00012082665383180331,0.0,0.0,0.23848852300815446,0.1589434646177206,0.21956204255815032,0.23400327766970766,0.14900270018646186
19,2.3566355588379455,4.713271117675891,0.00023747146591855632,0.15382271003999304,4.046875,0.203125,-0.203125,5.717511957976967,-1.1007828998116913,1.5841056462880727,0.31061643237868947,0.0001357634500891436,0.0,0.0,0.24353922362723407,0.15382271003999304,0.22294726277410293,0.23753069985557246,0.14216011239064708
20,2.3536993371844925,4.707398674368985,-0.0005713312154807086,0.14776740286668594,4.125,-0.4140625,0.4140625,5.895886000012979,-0.9645686759013739,1.5774202622247464,0.3201361472407977,0.00016256034359685145,0.0,0.0,0.2504140580016555,0.14776740286668594,0.2246207045391202,0.2415398531452273,0.1356579933710622
21,2.358264543478251,4.716529086956502,-0.0008319699096701051,0.14274757999975007,4.2265625,-0.125,0.125,6.0205282919923775,-1.028424133858239,1.5698950253220452,0.3322882726788521,0.00018760816783469636,0.0,0.0,0.2569723642136826,0.14274757999975007,0.22676982690688643,0.24550205535236436,0.12800818399393624
22,2.355196721088994,4.710393442177988,5.669741108549187e-06,0.1352962133055726,4.203125,-0.2734375,0.2734375,6.135135125019588,-0.9449498563360935,1.5593487414285596,0.3431489331026872,0.00020685008409297248,0.0,0.0,0.2649449794155071,0.1352962133055726,0.22924486201491942,0.25061633008563383,0.11989762586953472
23,2.3550179163447673,4.710035832689535,8.471012741729154e-05,0.13070689881319938,4.2421875,-0.6328125,0.6328125,6.027945625013672,-1.0669554720631016,1.5492832728731918,0.35593582565585774,0.0002315047471104966,0.0,0.0,0.27161948102943145,0.13070689881319938,0.23243697037025052,0.2539692164619983,0.11126744625043693
24,2.3538831869035803,4.707766373807161,2.9538265108280768e-05,0.12314176305072076,4.1875,-0.1640625,0.1640625,5.936789042025339,-1.3933868412546981,1.5349041332504643,0.3636489622294903,0.00024581078469054773,0.0,0.0,0.279453098885159,0.12314176305072076,0.23540655695902768,0.260158040852689,0.10184055098346365
25,2.3520396480620174,4.704079296124035,-0.0008705162520418879,0.11839265869844944,4.2578125,0.1953125,-0.1953125,6.099647374998312,-1.6384607910118791,1.5216996413852097,0.3797281086444855,0.0002728815682833859,0.0,0.0,0.28753075583265464,0.11839265869844944,0.23768440826770362,0.26354817551210385,0.09284401166876521
26,2.356435384315224,4.712870768630448,0.00015056932512968435,0.1108787858152184,4.53125,-0.7109375,0.7109375,6.413031083007809,-1.4182149988181632,1.5013250406446128,0.3871319678922494,0.0003412954611121677,0.0,0.0,0.29701313551129965,0.1108787858152184,0.24117857580041063,0.2695618368428329,0.08136767650601165
27,2.3557622951573833,4.711524590314767,-7.2851357730980856e-06,0.10525694482014913,4.2890625,0.0,0.0,6.199130958993919,-1.7442723045665058,1.4835462394307872,0.39837192247311276,0.0003665241177562469,0.0,0.0,0.3050100951572585,0.10525694482014913,0.2431994498264594,0.27418346162919355,0.07235005903710867
28,2.347807768854725,4.69561553770945,0.00013575959876129556,0.09656147337655592,4.25,-0.3359375,0.3359375,5.997641999972984,-1.7782387322444908,1.4584389168988257,0.4203486293554306,0.0003757491128150529,0.0,0.0,0.3157189010697253,0.09656147337655592,0.24518261743052042,0.2804874899413656,0.06204952956314253
29,2.3472870488612188,4.6945740977224375,6.685426726811487e-06,0.08456609037767304,4.3046875,0.0078125,-0.0078125,6.131483124976512,-1.7602677566765008,1.4269330170539676,0.41748645156621933,0.00042982385396802175,0.0,0.0,0.32868309045876437,0.08456609037767304,0.24675820643477778,0.28784483757728674,0.05214778425851448
30,2.3453361463979148,4.6906722927958295,-3.980197707706224e-05,0.07999598646152672,4.1328125,-0.25,0.25,5.952207041962538,-1.819611928128199,1.405141977822172,0.43615101277828217,0.00048334631355828606,0.0,0.0,0.33768714099615416,0.07999598646152672,0.24721587233822828,0.29087626060826566,0.044224751715342354
31,2.346312187997423,4.692624375994846,0.0005369675509596447,0.06783434374448534,4.3515625,0.125,-0.125,6.20359929202823,-2.3096434099556244,1.3671061954121615,0.45004713411132496,0.0005159348650825754,0.0,0.0,0.3525165120403899,0.06783434374448534,0.24775075856295264,0.296901873133983,0.03499652360711427
32,2.346871962872024,4.693743925744048,-0.00038061471153195,0.06015574636144771,4.21875,-0.0859375,0.0859375,6.1771432920359075,-2.3930896841644964,1.3371573229630789,0.46861325576901436,0.0005460810364941912,0.0,0.0,0.3641144076983134,0.06015574636144771,0.24783989858848077,0.29981799059444003,0.028071966865617366
33,2.3493924238670956,4.698784847734191,0.0005420491991767925,0.05303915773631,4.0703125,-0.078125,0.078125,5.760033334023319,-3.0430955409399463,1.3064138280681823,0.4934260534743468,0.000610782551423957,0.0,0.0,0.3754886070162687,0.05303915773631,0.2463527281487972,0.3034326462164493,0.02168687418525084
34,2.3480303748297913,4.6960607496595825,1.6752215061543679e-06,0.04473607251581498,4.0703125,0.1796875,-0.1796875,5.7855956249986775,-1.6827224959456675,1.2719988239475037,0.5069455181558927,0.0006512828986160457,0.0,0.0,0.38865290115982465,0.04473607251581498,0.24353853425801145,0.3068710831557034,0.01620142208501668
35,2.3486819476781955,4.697363895356391,-0.00036065928378651744,0.035575450343743154,4.2890625,-0.7265625,0.7265625,6.147847249987535,-2.263886211553626,1.2331533299552069,0.5168126958111922,0.0007286159622405345,0.0,0.0,0.4055378824635282,0.035575450343743154,0.23887177976102777,0.3085454912459264,0.011469408423166539
36,2.35001413932832,4.70002827865664,-0.001003884407314185,0.029682719891161377,3.9296875,0.171875,-0.171875,5.568727042002138,-2.4068254989721845,1.2044704244814621,0.5434714158376058,0.0008280724262779889,0.0,0.0,0.4186458994688144,0.029682719891161377,0.23401068776075692,0.3092123937180218,0.008448310155203014
37,2.3495961733574244,4.699192346714849,-0.0002131635734652957,0.024036671503781273,4.0703125,-0.140625,0.140625,5.833111709041987,-1.5722623093682921,1.1760983263462381,0.5748120471835136,0.0009230022599998241,0.0,0.0,0.4320005597743329,0.024036671503781273,0.22879117847404187,0.3092453354494128,0.005926267248390675
38,2.352326064339456,4.704652128678912,-0.00035793565089946116,0.017022106726739473,4.25,-0.8203125,0.8203125,6.032289791968651,-1.870704644236385,1.1384738385677338,0.5812999705473582,0.001001660634453098,0.0,0.0,0.45128248494994994,0.017022106726739473,0.2199176297906567,0.3079877462895477,0.0037900401300302133
39,2.354149224757739,4.708298449515478,0.0006276656548212126,0.01377785445164101,4.0625,0.2109375,-0.2109375,5.784244292008225,-1.2020628449954809,1.1161968512030749,0.5990501294533411,0.0010888318938668817,0.0,0.0,0.4645098725763651,0.01377785445164101,0.2134512511296914,0.3055914254142688,0.002669609751543388
40,2.356053127114595,4.71210625422919,3.6432050677960234e-05,0.010122385210867944,4.234375,-0.3984375,0.3984375,6.026451834011823,-2.3244069902006386,1.0884496671907136,0.6112079049150149,0.001136738535327216,0.0,0.0,0.48178497765117023,0.010122385210867944,0.20325134232695252,0.3030334074888722,0.0018078972034781787
41,2.357514078847456,4.715028157694912,0.0007930190704442755,0.008214758246607494,3.984375,-0.0703125,0.0703125,5.660956708015874,-2.9698174541670026,1.0738210758742164,0.643435555199782,0.001243162533986227,0.0,0.0,0.4906815648078918,0.008214758246607494,0.19823323476548288,0.30150054371824453,0.0013699113637866342
42,2.358521028136848,4.717042056273696,0.0007210000968831373,0.006299151989286033,4.171875,-0.6328125,0.6328125,6.062857332988642,-3.7549448602393354,1.0529607384838862,0.6762417157491049,0.001343607931630686,0.0,0.0,0.5061410024259867,0.006299151989286033,0.18814434254828016,0.29832123152995377,0.0010942876897490678
43,2.359310347007058,4.718620694014116,-3.990888704195967e-05,0.0037317992729832463,4.109375,0.2265625,-0.2265625,5.8457637499668635,-3.213727644092258,1.0209583728485687,0.6970319872101148,0.001209028614842585,0.0,0.0,0.53074265279924,0.0037317992729832463,0.17360936416872555,0.29091209334678975,0.0010041085259100075
44,2.359816658287772,4.719633316575544,0.0006375766592340644,0.002641636052004119,3.9296875,-0.4609375,0.4609375,5.655599000048824,-4.041463004715859,1.0017911409051945,0.7174153551459312,0.001191701883120307,0.0,0.0,0.5457901938653609,0.002641636052004119,0.16408055397139393,0.28648866064268835,0.0009989661681160302
45,2.36012790341272,4.72025580682544,0.0006486494957422894,0.0020518624819124633,4.109375,-0.046875,0.046875,5.821149625000544,-4.984948089261302,0.9810184913443069,0.7321192299326261,0.0011991347031046946,0.0,0.0,0.5626747868246905,0.0020518624819124633,0.15298547227459716,0.28128910500967,0.0009987904774751018
46,2.360266935036737,4.720533870073474,-5.693225035485301e-05,0.0014084658680834435,4.2734375,-0.234375,0.234375,6.125461999967229,-4.906648282298795,0.9471825413555724,0.7363176867365837,0.0012100633587882232,0.0,0.0,0.5895258743976545,0.0014084658680834435,0.13699429663378315,0.27107284113192687,0.0009985520200926463
47,2.3602102568694807,4.720420513738961,0.00021656972174129803,0.0012278764212292534,3.921875,-0.2890625,0.2890625,5.637897000007797,-6.360145623851345,0.9274994540974438,0.760008729994297,0.0012035549225402065,0.0,0.0,0.6047068844990902,0.0012278764212292534,0.12817640564742078,0.2648904122026318,0.0009984458366267947
48,2.3600773506041888,4.7201547012083775,0.0007670454463484878,0.001104092125223913,3.984375,0.0390625,-0.0390625,5.638484082999639,-7.16685962812135,0.8998027724378249,0.767938474814097,0.0012484982241100322,0.0,0.0,0.6256285106434541,0.001104092125223913,0.1167695867445539,0.2554995275595609,0.000998305955070856
49,2.359947057710137,4.719894115420274,3.843656034290523e-05,0.0010177324065824072,4.3203125,-0.2265625,0.2265625,6.19989358400926,-6.766528614752069,0.8574700633612938,0.7621338292956352,0.001348310387887371,0.0,0.0,0.6559277686676108,0.0010177324065824072,0.10139294021895953,0.24066341777498856,0.0009981646546908733
50,2.359826849871551,4.719653699743102,-0.0005034501509361841,0.0010029386877977928,4.078125,-0.203125,0.203125,5.9084580830531195,-8.486540571114734,0.8223816207770643,0.7899833023548126,0.001442840172482344,0.0,0.0,0.6788173234554086,0.0010029386877977928,0.09042432052850495,0.2287573361362534,0.000998111793207597
51,2.359652683240543,4.719305366481086,0.0004016410764576184,0.0009980555281880897,4.203125,-0.4921875,0.4921875,5.9978255000314675,-5.426225604975015,0.7777642000563526,0.8001567348837852,0.0013750914707391833,0.0,0.0,0.7069280637241208,0.0009980555281880897,0.0779698650252254,0.21310598921155396,0.0009980555281880897
52,2.3595582519439073,4.719116503887815,-0.0003156971475238322,0.0009980284246222043,4.0625,0.1640625,-0.1640625,5.839771417027805,-5.860253664700744,0.7355644473089622,0.8231511637568474,0.0013526420492174414,0.0,0.0,0.7318679426725094,0.0009980284246222043,0.06727480713206414,0.19886120984760614,0.0009980284246222043
53,2.3595710297435257,4.7191420594870515,0.0005329468882834585,0.0009980195880986765,4.2109375,0.078125,-0.078125,5.978301834024023,-6.305822197331465,0.6843498218700925,0.8225329866011938,0.0014240885629988043,0.0,0.0,0.7597044024042826,0.0009980195880986765,0.05659613322729248,0.18170345190338832,0.0009980195880986765
54,2.3594398272380124,4.718879654476025,-0.0008264557592998312,0.000998011312846879,4.1171875,-0.625,0.625,5.901642708049621,-12.564217302195845,0.6332629302647353,0.8348845094442368,0.0013635215436806902,0.0,0.0,0.7861603508638023,0.000998011312846879,0.047301555368731214,0.1645420993301855,0.000998011312846879
55,2.3592604873090215,4.718520974618043,-0.0016002712838691239,0.0009980065082409466,3.9921875,-0.1875,0.1875,5.691861917031929,-12.620210028899134,0.5720967840541832,0.8549501920739809,0.0012977181334766403,0.0,0.0,0.8157346311614004,0.0009980065082409466,0.037204263923204924,0.14506511862613916,0.0009980065082409466
56,2.35896633163377,4.71793266326754,-0.0002525215432225707,0.0009980054047613494,4.2890625,-0.359375,0.359375,6.10746550001204,-7.733031586701057,0.5108406288050563,0.8529936671257019,0.001381333403211708,0.0,0.0,0.8432092058636886,0.0009980054047613494,0.029444568489384728,0.12535024319651566,0.0009980054047613494
57,2.3588898301759023,4.7177796603518045,-0.0012181329468693059,0.0009980045097808426,3.9609375,-0.1015625,0.1015625,5.659799874993041,-9.951519753187398,0.4535372602869068,0.8651607210437456,0.0015928631958862145,0.0,0.0,0.8677554339817055,0.0009980045097808426,0.023105216551943145,0.10714336120224092,0.0009980045097808426
58,2.3586865342364023,4.717373068472805,-0.00048773631237018073,0.0009980043269233543,4.078125,-0.1484375,0.1484375,5.8393887910060585,-12.624580655152636,0.3926117273468624,0.8924906974037489,0.0016920528335807223,0.0,0.0,0.8918165722112547,0.0009980043269233543,0.017940902436184215,0.08824654439128793,0.0009980043269233543
59,2.358373638193365,4.71674727638673,-0.0019975139324732417,0.0009980041664886708,4.3125,0.0390625,-0.0390625,6.1349842920317315,-10.485729413769254,0.31990125826627447,0.8957551469405493,0.0017054973480602105,0.0,0.0,0.9180478503306707,0.0009980041664886708,0.012438161115784644,0.06751800916306135,0.0009980041664886708
60,2.358130648421459,4.716261296842918,-0.00134166993095248,0.000998003559230241,3.875,-0.1171875,0.1171875,5.542674625001382,-6.5825609383922,0.2780415547651149,0.9408780386050543,0.0017233819623167317,0.0,0.0,0.9325773335031925,0.000998003559230241,0.010079049915798204,0.05534762928202268,0.000998003559230241
61,2.357935873138665,4.71587174627733,0.0003252639245187057,0.0009979773572520326,3.9921875,-0.9140625,0.9140625,5.760609374963678,-11.300573181114176,0.21303332701996114,0.9479720840851465,0.0016115069462709168,0.0,0.0,0.9522973349183039,0.0009979773572520326,0.006701956768957588,0.039004785178225566,0.0009979773572520326
62,2.357538273848567,4.715076547697134,0.00038499678473652237,0.0009979286310890837,4.171875,-0.15625,0.15625,6.056266499974299,-13.944648056938577,0.16846953725881791,0.9640169988075892,0.001476403333072085,0.0,0.0,0.965098852633537,0.0009979286310890837,0.004845152563050961,0.028060163339000015,0.0009979286310890837
63,2.3572435695090315,4.714487139018063,0.00045746772765409977,0.000997851662501921,4.078125,-0.703125,0.703125,5.822280583961401,-15.763986895242642,0.12941718318453238,0.9870379914840063,0.0014563936420017853,0.0,0.0,0.9752354996414477,0.000997851662501921,0.003410808034410693,0.01935801930659561,0.000997851662501921
64,2.3569200984036236,4.713840196807247,-0.0006242884884895998,0.0009978080949545882,4.1796875,-0.5234375,0.5234375,5.979840332991444,-20.51197561877567,0.09808668084094457,1.0097796370585759,0.0014937352486109983,0.0,0.0,0.9827374754665054,0.0009978080949545882,0.0023551028987793166,0.012911832529320337,0.0009978080949545882
65,2.356548691439508,4.713097382879016,-0.0006413861130361001,0.0009977027324040637,4.1328125,-0.2265625,0.2265625,5.884377708018292,-16.974924292047692,0.07626425257280103,1.0179092685381572,0.0016895347798708826,0.0,0.0,0.9875497033780825,0.0009977027324040637,0.0018104056199213282,0.00864448909038618,0.0009977027324040637
66,2.35620966366605,4.7124193273321,-0.0017924119999731963,0.0009975593645859808,4.28125,-0.046875,0.046875,6.147015208029188,-15.667099810688551,0.05700096130425478,1.0182112803061802,0.0017960060795303434,0.0,0.0,0.9914530506969368,0.0009975593645859808,0.001310981604029309,0.005240855138599329,0.0009975593645859808
67,2.355844787533195,4.71168957506639,-0.0004890857423592433,0.0009973810265149327,3.9609375,0.328125,-0.328125,5.6942221249919385,-20.863085105254633,0.04730158808404172,1.0366897359490395,0.0018194892715352278,0.0,0.0,0.9933087785803589,0.0009973810265149327,0.0011425156608275348,0.003553932987307832,0.0009973810265149327
68,2.3556672728041477,4.711334545608295,-0.002904647684895471,0.0009971506131849098,4.0234375,0.3828125,-0.3828125,5.715137499966659,-14.21052220251739,0.039723251420028,1.0599541068077087,0.00189072014472913,0.0,0.0,0.9946676169784324,0.0009971506131849098,0.0010473385152578788,0.0022906990947870955,0.0009971506131849098
69,2.355481734062201,4.710963468124402,-0.0005636828086059527,0.0009968583341788784,4.328125,0.21875,-0.21875,6.2910559580195695,-20.053729224164346,0.034591181250793405,1.0663419738411903,0.0016642641615665827,0.0,0.0,0.9955322567091092,0.0009968583341788784,0.0010052454043835374,0.0014686876162382293,0.0009968583341788784
70,2.355223963143427,4.710447926286854,-0.0012742109873394606,0.0009966811135352406,4.203125,0.4140625,-0.4140625,5.931641166971531,-23.889259861866016,0.03248530858262099,1.0973688066005707,0.0016073159313236829,0.0,0.0,0.995866844977588,0.0009966811135352406,0.0009973097346345704,0.0011423614664179823,0.0009966811135352406
71,2.3549142139140136,4.709828427828027,0.0010913827294872231,0.0009963889817194338,4.3125,-0.2734375,0.2734375,6.176906957989559,-28.90929802847999,0.0316409007443682,1.08847443262736,0.0016085684866690524,0.0,0.0,0.9959968235613643,0.0009963889817194338,0.0009963889817194338,0.0010138460459437329,0.0009963889817194338
72,2.3546455606168077,4.7092911212336155,-0.001836114894201997,0.000996252789138994,4.09375,0.0625,-0.0625,5.869376000016928,-29.825280610218094,0.031519673302599034,1.1083673338095348,0.0015919280000768292,0.0,0.0,0.996014817411663,0.000996252789138994,0.000996252789138994,0.000996252789138994,0.000996252789138994
73,2.3542455092093943,4.708491018418789,0.0021760013618946326,0.0009961316704789388,4.0703125,0.0,0.0,5.8641053340397775,-31.52265533477787,0.031516331020964315,1.1257325535019238,0.001726793515748189,0.0,0.0,0.9960152981606188,0.0009961316704789388,0.0009961316704789388,0.0009961316704789388,0.0009961316704789388
74,2.3538996752043335,4.707799350408667,0.0007234292582647489,0.0009960683744160061,4.171875,0.109375,-0.109375,5.969714833016042,-33.33496197770667,0.03151459983560476,1.1425725842515628,0.0019006923200019326,0.0,0.0,0.996015533190988,0.0009960683744160061,0.0009960683744160061,0.0009960683744160061,0.0009960683744160061
75,2.3535293472379726,4.707058694475945,-0.0036388778226587887,0.0009960395106780153,4.3828125,-0.265625,0.265625,6.24597587500466,-38.84564243273727,0.031513796431973655,1.126849889755249,0.001889071272065242,0.0,0.0,0.9960156543157105,0.0009960395106780153,0.0009960395106780153,0.0009960395106780153,0.0009960395106780153
76,2.35323193209711,4.70646386419422,8.671040997768482e-05,0.0009960266699511628,4.109375,-0.4375,0.4375,6.194638666987885,-36.46399922392705,0.03151344715444081,1.1183009594678879,0.0018404680522507988,0.0,0.0,0.9960156998706862,0.0009960266699511628,0.0009960266699511628,0.0009960266699511628,0.0009960266699511628
77,2.3528818252381463,4.7057636504762925,-0.0008809220192406113,0.000996021091577333,4.0546875,-0.453125,0.453125,5.745453833020292,-42.79546547412283,0.031513295098708545,1.1510049204031627,0.0018245749379275367,0.0,0.0,0.9960157198253624,0.000996021091577333,0.000996021091577333,0.000996021091577333,0.000996021091577333
78,2.3525913720915748,4.7051827441831495,-0.0004296035111533348,0.0009960178257707078,4.203125,-0.0078125,0.0078125,6.008012584003154,-48.346795609996356,0.031513211078470965,1.167035053173701,0.0018668461343622766,0.0,0.0,0.9960157265228853,0.0009960178257707078,0.0009960178257707078,0.0009960178257707078,0.0009960178257707078
79,2.3522871066543702,4.7045742133087405,-0.0014025958043044219,0.0009960168110437803,4.15625,-0.3671875,0.3671875,5.9306922079995275,-43.369956055446,0.03151318578651749,1.1977670043706894,0.0018995756545336917,0.0,0.0,0.996015727519989,0.0009960168110437803,0.0009960168110437803,0.0009960168110437803,0.0009960168110437803
80,2.3522429677665837,4.704485935533167,-0.0026375710144362356,0.0009960162894824495,4.2109375,-0.0703125,0.0703125,5.985468333004974,-42.270326470738496,0.0315131731054889,1.2098150650660198,0.001917426401632838,0.0,0.0,0.996015727519989,0.0009960162894824495,0.0009960162894824495,0.0009960162894824495,0.0009960162894824495
81,2.352146194081512,4.704292388163024,0.0005491602388225417,0.000996016041597688,4.1953125,-0.8125,0.8125,6.088186833017971,-33.478215071998775,0.03151316692431768,1.2370919634898503,0.0019868374438374303,0.0,0.0,0.996015727519989,0.000996016041597688,0.000996016041597688,0.000996016041597688,0.000996016041597688
82,2.3519901098589004,4.703980219717801,-0.0002789321388863969,0.0009960159206903487,4.140625,0.03125,-0.03125,5.945005665998906,-31.319222800131396,0.03151316402374574,1.2552221864461899,0.0020333662929867082,0.0,0.0,0.996015727519989,0.0009960159206903487,0.0009960159206903487,0.0009960159206903487,0.0009960159206903487
83,2.3518043606374013,4.703608721274803,1.170228718409068e-05,0.0009960158802165514,4.1484375,-0.4921875,0.4921875,6.017689166998025,-38.06899766920033,0.031513162862277976,1.2636034339666367,0.0020578981978663555,0.0,0.0,0.996015727519989,0.0009960158802165514,0.0009960158802165514,0.0009960158802165514,0.0009960158802165514
84,2.3517963807829316,4.703592761565863,-0.0009576111198618599,0.000996015857997925,4.078125,-0.1171875,0.1171875,5.837621250015218,-36.592063675438304,0.03151316222845366,1.3014923830827076,0.0020182026667801742,0.0,0.0,0.996015727519989,0.000996015857997925,0.000996015857997925,0.000996015857997925,0.000996015857997925
85,2.3516267240227506,4.703253448045501,-0.0006338462666394659,0.0009960158515189374,4.1015625,-0.3515625,0.3515625,5.809176500013564,-49.10886948926108,0.031513162021126064,1.3013474692900975,0.0019951858994318172,0.0,0.0,0.996015727519989,0.0009960158515189374,0.0009960158515189374,0.0009960158515189374,0.0009960158515189374
86,2.3514139297077787,4.7028278594155575,-0.0008861499419079872,0.0009960158514213222,4.3125,0.5546875,-0.5546875,6.200836000032723,-59.173765586179584,0.031513162018002375,1.2874097575743992,0.0019830178450016924,0.0,0.0,0.996015727519989,0.0009960158514213222,0.0009960158514213222,0.0009960158514213222,0.0009960158514213222
87,2.3513301379616225,4.702660275923245,-0.0008190205835254328,0.0009960158495232463,4.0234375,-0.4765625,0.4765625,5.718407957989257,-38.963387997925864,0.03151316195726395,1.3001074244578679,0.0021021288072612756,0.0,0.0,0.996015727519989,0.0009960158495232463,0.0009960158495232463,0.0009960158495232463,0.0009960158495232463
88,2.351125183312477,4.702250366624954,0.0002824978101928099,0.0009960158495232463,4.2890625,0.4375,-0.4375,6.074563124973793,-37.43480965087974,0.03151316195726395,1.289293532570203,0.002139297779649496,0.0,0.0,0.996015727519989,0.0009960158495232463,0.0009960158495232463,0.0009960158495232463,0.0009960158495232463
89,2.3508711888774396,4.701742377754879,-0.0011842276641869111,0.0009960158495232463,4.2109375,-0.3046875,0.3046875,6.007015249982942,-53.83044712850911,0.03151316195726395,1.3184438198804855,0.002037010133790318,0.0,0.0,0.996015727519989,0.0009960158495232463,0.0009960158495232463,0.0009960158495232463,0.0009960158495232463
90,2.3506642039651613,4.701328407930323,0.0015093867901017162,0.0009960158495232463,4.203125,0.1171875,-0.1171875,5.982891459017992,-45.516751786146905,0.03151316195726395,1.3391484171152115,0.0019825165096942023,0.0,0.0,0.996015727519989,0.0009960158495232463,0.0009960158495232463,0.0009960158495232463,0.0009960158495232463
91,2.350527294671846,4.701054589343692,-0.0029750040107740564,0.0009960158495232463,4.046875,-0.296875,0.296875,5.82503570895642,-43.69747571077586,0.03151316195726395,1.3419787734746933,0.0020008264582429547,0.0,0.0,0.996015727519989,0.0009960158495232463,0.0009960158495232463,0.0009960158495232463,0.0009960158495232463
92,2.3504640244826582,4.7009280489653165,-0.002142635639293993,0.0009960158495232463,4.3125,0.4296875,-0.4296875,6.1224429159774445,-84.48889973381723,0.03151316195726395,1.337602784236272,0.0018652455880025325,0.0,0.0,0.996015727519989,0.0009960158495232463,0.0009960158495232463,0.0009960158495232463,0.0009960158495232463
93,2.350313195973969,4.700626391947938,-0.002333684944118643,0.0009960158495232463,4.1484375,-0.296875,0.296875,6.026116250024643,-60.283327645613426,0.03151316195726395,1.3447145223617554,0.0019736700487555936,0.0,0.0,0.996015727519989,0.0009960158495232463,0.0009960158495232463,0.0009960158495232463,0.0009960158495232463
94,2.3501770327151226,4.700354065430245,-0.0005519445476555927,0.0009960158495232463,4.296875,0.3984375,-0.3984375,6.152519333001692,-42.822646476247094,0.03151316195726395,1.3590076267719269,0.00223384814550324,0.0,0.0,0.996015727519989,0.0009960158495232463,0.0009960158495232463,0.0009960158495232463,0.0009960158495232463
95,2.3499562528079876,4.699912505615975,-0.0027153670834465346,0.0009960158495232463,4.1875,-0.1875,0.1875,6.00789645902114,-81.59365171216317,0.03151316195726395,1.3446791917085648,0.0021853285919254026,0.0,0.0,0.996015727519989,0.0009960158495232463,0.0009960158495232463,0.0009960158495232463,0.0009960158495232463
96,2.3499071417607547,4.699814283521509,-0.0022972196902406555,0.0009960158495232463,4.125,-0.0859375,0.0859375,5.939068374980707,-76.87025488675995,0.03151316195726395,1.3703186909357707,0.0020745738705348535,0.0,0.0,0.996015727519989,0.0009960158495232463,0.0009960158495232463,0.0009960158495232463,0.0009960158495232463
97,2.3499263694400385,4.699852738880077,-0.002641705657505712,0.0009960158495232463,4.0390625,0.4921875,-0.4921875,5.800295582972467,-58.92064281635174,0.03151316195726395,1.4137207468350728,0.0021531016148704416,0.0,0.0,0.996015727519989,0.0009960158495232463,0.0009960158495232463,0.0009960158495232463,0.0009960158495232463
98,2.3500534234647334,4.700106846929467,-0.002920294151046338,0.0009960158495232463,4.234375,0.265625,-0.265625,6.098266582994256,-88.0785864601496,0.03151316195726395,1.4025332580010097,0.0021220610554640493,0.0,0.0,0.996015727519989,0.0009960158495232463,0.0009960158495232463,0.0009960158495232463,0.0009960158495232463
99,2.350222350100859,4.700444700201718,-0.0031346496544950924,0.0009960158495232463,4.234375,-0.328125,0.328125,6.05632291699294,-60.59306833444926,0.03151316195726395,1.4141994019349415,0.0020828644977276176,0.0,0.0,0.996015727519989,0.0009960158495232463,0.0009960158495232463,0.0009960158495232463,0.0009960158495232463
100,2.3501876501507724,4.700375300301545,-0.0016097094071450874,0.0009960158495232463,4.203125,0.7109375,-0.7109375,6.026781250024214,-91.15443451885398,0.03151316195726395,1.4228656490643818,0.002050654454554509,0.0,0.0,0.996015727519989,0.0009960158495232463,0.0009960158495232463,0.0009960158495232463,0.0009960158495232463
101,2.350396836007313,4.700793672014626,-9.682477160503934e-05,0.0009960158495232463,4.1640625,0.1953125,-0.1953125,6.007429417048115,-49.827435979588174,0.03151316195726395,1.4446190843979518,0.0022716375921542444,0.0,0.0,0.996015727519989,0.0009960158495232463,0.0009960158495232463,0.0009960158495232463,0.0009960158495232463
102,2.3504715907020453,4.7009431814040905,-0.0037267830576069275,0.0009960158495232463,4.3984375,-0.203125,0.203125,6.275548041972797,-72.34925222809743,0.03151316195726395,1.429152970512708,0.00224507289143124,0.0,0.0,0.996015727519989,0.0009960158495232463,0.0009960158495232463,0.0009960158495232463,0.0009960158495232463
103,2.3505018434165192,4.7010036868330385,-0.00031123945629715506,0.0009960158495232463,4.1015625,-0.4140625,0.4140625,5.962807249976322,-72.1385404322261,0.03151316195726395,1.4448739389578502,0.0023302324019217244,0.0,0.0,0.996015727519989,0.0009960158495232463,0.0009960158495232463,0.0009960158495232463,0.0009960158495232463
104,2.350554608027651,4.701109216055302,-0.004078030704353737,0.0009960158495232463,4.2890625,-0.3203125,0.3203125,6.154936458042357,-69.23311285905282,0.03151316195726395,1.4465621908505757,0.0023728002852294594,0.0,0.0,0.996015727519989,0.0009960158495232463,0.0009960158495232463,0.0009960158495232463,0.0009960158495232463
105,2.3505512266267155,4.701102453253431,-0.0020055413800542468,0.0009960158495232463,4.3203125,-0.765625,0.765625,6.138591041031759,-97.68243037274691,0.03151316195726395,1.4619858264923096,0.0021448744276616103,0.0,0.0,0.996015727519989,0.0009960158495232463,0.0009960158495232463,0.0009960158495232463,0.0009960158495232463
106,2.3506129444140376,4.701225888828075,-0.0017939829616350597,0.0009960158495232463,4.203125,-0.296875,0.296875,6.180478083027992,-100.90049145135295,0.03151316195726395,1.4660442173480988,0.0021824739305884577,0.0,0.0,0.996015727519989,0.0009960158495232463,0.0009960158495232463,0.0009960158495232463,0.0009960158495232463
107,2.3507104431593255,4.701420886318651,-0.0033332642303497404,0.0009960158495232463,4.25,-0.0859375,0.0859375,6.077466124959756,-106.06512407640763,0.03151316195726395,1.472914531826973,0.0022283872647979783,0.0,0.0,0.996015727519989,0.0009960158495232463,0.0009960158495232463,0.0009960158495232463,0.0009960158495232463
108,2.3507698526944605,4.701539705388921,-4.6841181083119014e-05,0.0009960158495232463,4.109375,-1.234375,1.234375,5.920753917016555,-113.28458710360437,0.03151316195726395,1.5213896731535594,0.0022532535270632557,0.0,0.0,0.996015727519989,0.0009960158495232463,0.0009960158495232463,0.0009960158495232463,0.0009960158495232463
109,2.350881233948678,4.701762467897356,-0.0027008960073857217,0.0009960158495232463,4.390625,-0.109375,0.109375,6.26933583302889,-149.22787145999828,0.03151316195726395,1.5218360473712285,0.002280487255726863,0.0,0.0,0.996015727519989,0.0009960158495232463,0.0009960158495232463,0.0009960158495232463,0.0009960158495232463
110,2.350900298358685,4.70180059671737,-0.0017502063518392006,0.0009960158495232463,4.1796875,0.046875,-0.046875,6.079054625006393,-114.75907025604604,0.03151316195726395,1.5216934084892273,0.002200179330732984,0.0,0.0,0.996015727519989,0.0009960158495232463,0.0009960158495232463,0.0009960158495232463,0.0009960158495232463
111,2.3509388712946384,4.701877742589277,6.535624699904722e-05,0.0009960158495232463,4.046875,-0.421875,0.421875,5.881427165993955,-90.96393055460167,0.03151316195726395,1.5561794588963191,0.0021713795091879242,0.0,0.0,0.996015727519989,0.0009960158495232463,0.0009960158495232463,0.0009960158495232463,0.0009960158495232463
112,2.3509330284640018,4.7018660569280035,0.0005491468305752291,0.0009960158495232463,4.234375,0.109375,-0.109375,6.1639469169895165,-97.1539199877929,0.03151316195726395,1.56204358736674,0.00224224346554062,0.0,0.0,0.996015727519989,0.0009960158495232463,0.0009960158495232463,0.0009960158495232463,0.0009960158495232463
113,2.3510275502180162,4.7020551004360325,2.9683188754910512e-05,0.0009960158495232463,4.1484375,0.7265625,-0.7265625,5.929231707996223,-78.16202935032027,0.03151316195726395,1.6074580798546474,0.00235407932389838,0.0,0.0,0.996015727519989,0.0009960158495232463,0.0009960158495232463,0.0009960158495232463,0.0009960158495232463
114,2.3510358235452253,4.702071647090451,-0.002441273003996487,0.0009960158495232463,4.2265625,-0.3515625,0.3515625,6.061514624976553,-130.47354145124967,0.03151316195726395,1.6077152540286381,0.002393488961388357,0.0,0.0,0.996015727519989,0.0009960158495232463,0.0009960158495232463,0.0009960158495232463,0.0009960158495232463
115,2.3511003170905758,4.7022006341811515,-0.0032761011589829505,0.0009960158495232463,4.1875,-0.2578125,0.2578125,6.016518791031558,-132.49011385307384,0.03151316195726395,1.6333315173784893,0.0023513870898265545,0.0,0.0,0.996015727519989,0.0009960158495232463,0.0009960158495232463,0.0009960158495232463,0.0009960158495232463
116,2.3512057126877366,4.702411425375473,-0.0019839792193116312,0.0009960158495232463,4.109375,-0.0703125,0.0703125,5.93906483403407,-120.98244080684032,0.03151316195726395,1.6357599298159282,0.0023195033906328413,0.0,0.0,0.996015727519989,0.0009960158495232463,0.0009960158495232463,0.0009960158495232463,0.0009960158495232463
117,2.3512342767003958,4.7024685534007915,-0.0003720331573298261,0.0009960158495232463,4.125,-0.6015625,0.6015625,5.95088920800481,-131.36346516780782,0.03151316195726395,1.6285344908634822,0.002340519412731131,0.0,0.0,0.996015727519989,0.0009960158495232463,0.0009960158495232463,0.0009960158495232463,0.0009960158495232463
118,2.3513268008392862,4.7026536016785725,-0.008154723611619815,0.0009960158495232463,4.265625,0.1640625,-0.1640625,6.082804042031057,-121.01917504150789,0.03151316195726395,1.6413621952136357,0.002203834264946636,0.0,0.0,0.996015727519989,0.0009960158495232463,0.0009960158495232463,0.0009960158495232463,0.0009960158495232463
119,2.351457469337949,4.702914938675898,-0.004913602080859372,0.0009960158495232463,4.234375,-0.1171875,0.1171875,6.106242832960561,-156.51208617458485,0.03151316195726395,1.6723979065815608,0.0023864184913691133,0.0,0.0,0.996015727519989,0.0009960158495232463,0.0009960158495232463,0.0009960158495232463,0.0009960158495232463
120,2.351522024158583,4.703044048317166,9.967372993387069e-05,0.0009960158495232463,4.140625,0.71875,-0.71875,5.9756826250231825,-118.4899976190531,0.03151316195726395,1.682319273551305,0.002548568166578965,0.0,0.0,0.996015727519989,0.0009960158495232463,0.0009960158495232463,0.0009960158495232463,0.0009960158495232463
121,2.35170866592651,4.70341733185302,-0.005654001353216348,0.0009960158495232463,4.3515625,0.484375,-0.484375,6.248621416976675,-186.45436082836542,0.03151316195726395,1.6750344435373943,0.0024336181462179716,0.0,0.0,0.996015727519989,0.0009960158495232463,0.0009960158495232463,0.0009960158495232463,0.0009960158495232463
122,2.351714043824865,4.70342808764973,-0.005416563578547473,0.0009960158495232463,4.1640625,-0.1640625,0.1640625,5.990727290976793,-143.24211915975215,0.03151316195726395,1.701256866256396,0.0022758271613080674,0.0,0.0,0.996015727519989,0.0009960158495232463,0.0009960158495232463,0.0009960158495232463,0.0009960158495232463
123,2.351909570236451,4.703819140472902,-0.00026230125503923354,0.0009960158495232463,4.4609375,-0.296875,0.296875,6.379838499997277,-156.97925508815646,0.03151316195726395,1.712039699157079,0.002349248902949815,0.0,0.0,0.996015727519989,0.0009960158495232463,0.0009960158495232463,0.0009960158495232463,0.0009960158495232463
124,2.352069930091856,4.704139860183712,-0.00525726071335078,0.0009960158495232463,4.25,-0.0390625,0.0390625,6.117524042027071,-167.73244445749066,0.03151316195726395,1.7116488019625347,0.002510473811222861,0.0,0.0,0.996015727519989,0.0009960158495232463,0.0009960158495232463,0.0009960158495232463,0.0009960158495232463
125,2.352299462773649,4.704598925547298,-0.0006252619583403784,0.0009960158495232463,4.3828125,0.0,0.0,6.26882412499981,-166.4099908514669,0.03151316195726395,1.7454304695129395,0.002575164985804198,0.0,0.0,0.996015727519989,0.0009960158495232463,0.0009960158495232463,0.0009960158495232463,0.0009960158495232463
126,2.352468352628037,4.704936705256074,-0.002095573088987083,0.0009960158495232463,4.3125,0.6171875,-0.6171875,6.156646000046749,-147.26480189440906,0.03151316195726395,1.7530474066734314,0.002458939256030135,0.0,0.0,0.996015727519989,0.0009960158495232463,0.0009960158495232463,0.0009960158495232463,0.0009960158495232463
127,2.3526515266404706,4.705303053280941,-0.0002921752864295458,0.0009960158495232463,4.34375,-0.2734375,0.2734375,6.231088958971668,-239.2440054562452,0.03151316195726395,1.7273253053426743,0.002392134486096135,0.0,0.0,0.996015727519989,0.0009960158495232463,0.0009960158495232463,0.0009960158495232463,0.0009960158495232463
128,2.3528786835129103,4.705757367025821,-0.0029838217941332602,0.0009960158495232463,4.40625,0.7109375,-0.7109375,6.31985629099654,-200.37235437153925,0.03151316195726395,1.711435044805209,0.0023474523186450824,0.0,0.0,0.996015727519989,0.0009960158495232463,0.0009960158495232463,0.0009960158495232463,0.0009960158495232463
129,2.353099885256449,4.706199770512898,-0.004323131827081033,0.0009960158495232463,4.265625,0.359375,-0.359375,6.133531542029232,-172.5277120949148,0.03151316195726395,1.728634923696518,0.0022724443309319517,0.0,0.0,0.996015727519989,0.0009960158495232463,0.0009960158495232463,0.0009960158495232463,0.0009960158495232463
130,2.353284358619651,4.706568717239302,-0.002264896422408345,0.0009960158495232463,4.2578125,0.2578125,-0.2578125,6.058937833004165,-179.37041084482036,0.03151316195726395,1.7742257217566173,0.0025443361228099093,0.0,0.0,0.996015727519989,0.0009960158495232463,0.0009960158495232463,0.0009960158495232463,0.0009960158495232463
131,2.353458038809323,4.706916077618646,1.4212794421997443e-05,0.0009960158495232463,4.2109375,-0.15625,0.15625,6.185915166977793,-182.4374327902891,0.03151316195726395,1.7981433520714443,0.002605997675952191,0.0,0.0,0.996015727519989,0.0009960158495232463,0.0009960158495232463,0.0009960158495232463,0.0009960158495232463
132,2.3536091044992866,4.707218208998573,-0.004367857780055454,0.0009960158495232463,4.0234375,-0.015625,0.015625,5.927838250005152,-204.1948799336998,0.03151316195726395,1.8353115320205688,0.0025950055326878405,0.0,0.0,0.996015727519989,0.0009960158495232463,0.0009960158495232463,0.0009960158495232463,0.0009960158495232463
133,2.3537007367191247,4.707401473438249,-0.006966873276750979,0.0009960158495232463,4.265625,-0.0546875,0.0546875,6.087911084003281,-316.6164571352494,0.03151316195726395,1.8296091109514236,0.0025625856360420585,0.0,0.0,0.996015727519989,0.0009960158495232463,0.0009960158495232463,0.0009960158495232463,0.0009960158495232463
134,2.353836414866836,4.707672829733672,-0.001624897420221329,0.0009960158495232463,4.3125,0.3125,-0.3125,6.200767167028971,-235.32754561952922,0.03151316195726395,1.810366079211235,0.0025185326327725,0.0,0.0,0.996015727519989,0.0009960158495232463,0.0009960158495232463,0.0009960158495232463,0.0009960158495232463
135,2.3540229429977204,4.708045885995441,-0.006247487217654595,0.0009960158495232463,4.40625,0.015625,-0.015625,6.358654959010892,-273.8705210795639,0.03151316195726395,1.8059659600257874,0.0025615287231630646,0.0,0.0,0.996015727519989,0.0009960158495232463,0.0009960158495232463,0.0009960158495232463,0.0009960158495232463
136,2.3541646094274817,4.7083292188549635,-5.131065903524277e-05,0.0009960158495232463,4.328125,-0.28125,0.28125,6.1779959999839775,-267.8692057941795,0.03151316195726395,1.7824555387099583,0.0024626882610997805,0.0,0.0,0.996015727519989,0.0009960158495232463,0.0009960158495232463,0.0009960158495232463,0.0009960158495232463
137,2.3542849294437946,4.708569858887589,-0.0032454858685696977,0.0009960158495232463,4.3984375,0.2578125,-0.2578125,6.387902165995911,-313.0703354462002,0.03151316195726395,1.7434654186169307,0.0024821621870311597,0.0,0.0,0.996015727519989,0.0009960158495232463,0.0009960158495232463,0.0009960158495232463,0.0009960158495232463
138,2.354456153066682,4.708912306133364,-0.002486597757273112,0.0009960158495232463,4.296875,0.2734375,-0.2734375,6.104344166000374,-306.5878966032375,0.03151316195726395,1.771210973461469,0.002537101107009221,0.0,0.0,0.996015727519989,0.0009960158495232463,0.0009960158495232463,0.0009960158495232463,0.0009960158495232463
139,2.3546291662186105,4.709258332437221,-0.00199758021395443,0.0009960158495232463,4.2265625,0.2734375,-0.2734375,6.071244666993152,-196.53685509872085,0.03151316195726395,1.811031659444173,0.002664333466479244,0.0,0.0,0.996015727519989,0.0009960158495232463,0.0009960158495232463,0.0009960158495232463,0.0009960158495232463
140,2.3548242124525505,4.709648424905101,-0.0010879055033585576,0.0009960158495232463,4.2734375,-0.7421875,0.7421875,6.152211332984734,-289.19830010011384,0.03151316195726395,1.8274031927188237,0.002504007269938787,0.0,0.0,0.996015727519989,0.0009960158495232463,0.0009960158495232463,0.0009960158495232463,0.0009960158495232463
141,2.354997931165096,4.709995862330192,-0.004622503270276545,0.0009960158495232463,4.234375,0.2890625,-0.2890625,5.992152042046655,-275.7600712081163,0.03151316195726395,1.9061358173688252,0.002659485748154111,0.0,0.0,0.996015727519989,0.0009960158495232463,0.0009960158495232463,0.0009960158495232463,0.0009960158495232463
142,2.355119718492452,4.710239436984904,-0.004950045276452515,0.0009960158495232463,4.328125,0.6328125,-0.6328125,6.420868500019424,-300.6276767580948,0.03151316195726395,1.9127043435970943,0.0026259354441814744,0.0,0.0,0.996015727519989,0.0009960158495232463,0.0009960158495232463,0.0009960158495232463,0.0009960158495232463
143,2.355273243113778,4.710546486227556,-0.004842181842235548,0.0009960158495232463,4.078125,0.46875,-0.46875,5.8726034999708645,-285.0195489605725,0.03151316195726395,1.9110813240210216,0.002641804538143333,0.0,0.0,0.996015727519989,0.0009960158495232463,0.0009960158495232463,0.0009960158495232463,0.0009960158495232463
144,2.3553755817952835,4.710751163590567,-0.0063716604308473,0.0009960158495232463,4.375,-0.7421875,0.7421875,6.310646458994597,-332.96929880636077,0.03151316195726395,1.8966737041870754,0.0025717795433592983,0.0,0.0,0.996015727519989,0.0009960158495232463,0.0009960158495232463,0.0009960158495232463,0.0009960158495232463
145,2.355497164264156,4.710994328528312,-0.0009950096163163986,0.0009960158495232463,4.34375,-0.125,0.125,6.194800166005734,-279.31769916736823,0.03151316195726395,1.9347203423579533,0.0027616819085475677,0.0,0.0,0.996015727519989,0.0009960158495232463,0.0009960158495232463,0.0009960158495232463,0.0009960158495232463
146,2.355714990900862,4.711429981801724,-0.004856205402025361,0.0009960158495232463,4.3203125,0.0234375,-0.0234375,6.2231634999625385,-321.94970699977705,0.03151316195726395,1.9393054644266765,0.00266409392740267,0.0,0.0,0.996015727519989,0.0009960158495232463,0.0009960158495232463,0.0009960158495232463,0.0009960158495232463
147,2.356049757337991,4.712099514675982,-0.0027781617526392603,0.0009960158495232463,4.21875,-0.8671875,0.8671875,6.008156875032,-345.14648861973376,0.03151316195726395,1.9658305148283641,0.0027432895033901636,0.0,0.0,0.996015727519989,0.0009960158495232463,0.0009960158495232463,0.0009960158495232463,0.0009960158495232463
148,2.356237361305936,4.712474722611872,-0.0033030979365440876,0.0009960158495232463,4.25,0.328125,-0.328125,6.124648333003279,-324.378894480274,0.03151316195726395,1.9542256345351536,0.0027159222324068346,0.0,0.0,0.996015727519989,0.0009960158495232463,0.0009960158495232463,0.0009960158495232463,0.0009960158495232463
149,2.356435588946092,4.712871177892184,-0.004071872503377942,0.0009960158495232463,4.375,0.1015625,-0.1015625,6.326964583015069,-266.6327732252223,0.03151316195726395,1.9266804307699203,0.0025394448748556897,0.0,0.0,0.996015727519989,0.0009960158495232463,0.0009960158495232463,0.0009960158495232463,0.0009960158495232463
150,2.356775880159975,4.71355176031995,-0.008599075828225108,0.0009960158495232463,4.1640625,-0.25,0.25,6.087970583001152,-272.87131105354985,0.03151316195726395,1.9334915230671565,0.002520419681483569,0.0,0.0,0.996015727519989,0.0009960158495232463,0.0009960158495232463,0.0009960158495232463,0.0009960158495232463
151,2.3570161143145523,4.7140322286291045,-0.004821227985590196,0.0009960158495232463,4.046875,0.5546875,-0.5546875,5.830582624999806,-278.56028403646695,0.03151316195726395,1.9856683214505513,0.002693470630523128,0.0,0.0,0.996015727519989,0.0009960158495232463,0.0009960158495232463,0.0009960158495232463,0.0009960158495232463
152,2.3572858350341983,4.714571670068397,-0.004518877330860506,0.0009960158495232463,4.1328125,0.109375,-0.109375,6.060784750035964,-412.0311085623469,0.03151316195726395,1.9864224642515182,0.0027713073165311166,0.0,0.0,0.996015727519989,0.0009960158495232463,0.0009960158495232463,0.0009960158495232463,0.0009960158495232463
153,2.3574829701603237,4.714965940320647,-0.0028532776445023794,0.0009960158495232463,4.296875,-0.1484375,0.1484375,6.181129750038963,-459.3363243822618,0.03151316195726395,1.9534756888945897,0.0027185778235434555,0.0,0.0,0.996015727519989,0.0009960158495232463,0.0009960158495232463,0.0009960158495232463,0.0009960158495232463
154,2.3576101700677237,4.715220340135447,-0.000600595427670923,0.0009960158495232463,4.1875,-1.0078125,1.0078125,6.022739208012354,-556.4632469931645,0.03151316195726395,1.9677053441603978,0.002529635254177265,0.0,0.0,0.996015727519989,0.0009960158495232463,0.0009960158495232463,0.0009960158495232463,0.0009960158495232463
155,2.357709765605488,4.715419531210976,-0.005496990077759205,0.0009960158495232463,4.234375,-0.09375,0.09375,6.253391375008505,-506.559253890576,0.03151316195726395,1.9826477219661076,0.002469923192014297,0.0,0.0,0.996015727519989,0.0009960158495232463,0.0009960158495232463,0.0009960158495232463,0.0009960158495232463
156,2.357908443704863,4.715816887409726,-0.003560520796191167,0.0009960158495232463,4.140625,0.1953125,-0.1953125,5.927272624976467,-426.3795793524328,0.03151316195726395,2.023485784729322,0.0026331798726459965,0.0,0.0,0.996015727519989,0.0009960158495232463,0.0009960158495232463,0.0009960158495232463,0.0009960158495232463
157,2.3581422920204425,4.716284584040885,-0.006154584623129078,0.0009960158495232463,4.3203125,0.140625,-0.140625,6.217081709008198,-606.1492920706544,0.03151316195726395,1.9944295386473339,0.002633227714492629,0.0,0.0,0.996015727519989,0.0009960158495232463,0.0009960158495232463,0.0009960158495232463,0.0009960158495232463
158,2.358368658808671,4.716737317617342,-0.00505896227741025,0.0009960158495232463,4.296875,-0.5390625,0.5390625,6.14201004197821,-394.0557764790275,0.03151316195726395,2.0122848202784858,0.0026443393871886656,0.0,0.0,0.996015727519989,0.0009960158495232463,0.0009960158495232463,0.0009960158495232463,0.0009960158495232463
159,2.358573036494243,4.717146072988486,-0.002434610471934998,0.0009960158495232463,4.3515625,-1.0625,1.0625,6.439021124970168,-323.42882014177,0.03151316195726395,2.0226390808820724,0.0026449359575053677,0.0,0.0,0.996015727519989,0.0009960158495232463,0.0009960158495232463,0.0009960158495232463,0.0009960158495232463
160,2.35876784511521,4.71753569023042,-0.005312064775169828,0.0009960158495232463,4.3828125,0.3203125,-0.3203125,6.911457500013057,-349.77449502196964,0.03151316195726395,2.0250866611798606,0.0025692575788222407,0.0,0.0,0.996015727519989,0.0009960158495232463,0.0009960158495232463,0.0009960158495232463,0.0009960158495232463
161,2.3591273887479605,4.718254777495921,-0.002673748651021774,0.0009960158495232463,4.4296875,-0.4765625,0.4765625,6.42566683300538,-472.82966417736475,0.03151316195726395,1.9917411357164383,0.0025313369672706663,0.0,0.0,0.996015727519989,0.0009960158495232463,0.0009960158495232463,0.0009960158495232463,0.0009960158495232463
162,2.3593977862293203,4.718795572458641,0.00018282157291263688,0.0009960158495232463,4.1015625,-0.65625,0.65625,5.927737332996912,-620.516182728722,0.03151316195726395,1.9974615275859833,0.002492696609503279,0.0,0.0,0.996015727519989,0.0009960158495232463,0.0009960158495232463,0.0009960158495232463,0.0009960158495232463
163,2.359720350693106,4.719440701386212,-0.00771456833812195,0.0009960158495232463,4.21875,0.171875,-0.171875,6.1472062499960884,-377.73767690217056,0.03151316195726395,2.09803236524264,0.0028838030411861837,0.0,0.0,0.996015727519989,0.0009960158495232463,0.0009960158495232463,0.0009960158495232463,0.0009960158495232463
164,2.3600099940411443,4.720019988082289,-0.005425193080494138,0.0009960158495232463,4.09375,0.6640625,-0.6640625,6.183040959003847,-458.4357681620212,0.03151316195726395,2.122845103343328,0.002932914978979776,0.0,0.0,0.996015727519989,0.0009960158495232463,0.0009960158495232463,0.0009960158495232463,0.0009960158495232463
165,2.3603011288327123,4.7206022576654245,-0.008442602135202011,0.0009960158495232463,4.296875,-0.140625,0.140625,6.355278917006217,-503.1335850039395,0.03151316195726395,2.1020352939764657,0.0028339930528697246,0.0,0.0,0.996015727519989,0.0009960158495232463,0.0009960158495232463,0.0009960158495232463,0.0009960158495232463
166,2.3605563926589452,4.7211127853178905,-0.0051927895521541425,0.0009960158495232463,4.2109375,-0.1796875,0.1796875,6.235572499979753,-538.3656208616904,0.03151316195726395,2.10011188685894,0.002675373437038312,0.0,0.0,0.996015727519989,0.0009960158495232463,0.0009960158495232463,0.0009960158495232463,0.0009960158495232463
167,2.3608040728358697,4.721608145671739,-0.0025278234538056135,0.0009960158495232463,4.2421875,-0.78125,0.78125,6.0010502499644645,-481.32858303941197,0.03151316195726395,2.115814377864202,0.002743761627546822,0.0,0.0,0.996015727519989,0.0009960158495232463,0.0009960158495232463,0.0009960158495232463,0.0009960158495232463
168,2.3610152106339335,4.722030421267867,-0.0037420007875838108,0.0009960158495232463,4.3359375,-0.4609375,0.4609375,6.516224874998443,-573.0741697715209,0.03151316195726395,2.167736435929934,0.0030183316048351116,0.0,0.0,0.996015727519989,0.0009960158495232463,0.0009960158495232463,0.0009960158495232463,0.0009960158495232463
169,2.3612314068225033,4.722462813645007,-0.00832436735146557,0.0009960158495232463,4.3515625,-0.890625,0.890625,6.543495499994606,-544.0989264620057,0.03151316195726395,2.1727786511182785,0.002714463170074547,0.0,0.0,0.996015727519989,0.0009960158495232463,0.0009960158495232463,0.0009960158495232463,0.0009960158495232463
170,2.3614976310114026,4.722995262022805,-0.003684346041881127,0.0009960158495232463,4.25,-0.265625,0.265625,6.454917250026483,-685.6812153406003,0.03151316195726395,2.2000998854637146,0.0025449860283212424,0.0,0.0,0.996015727519989,0.0009960158495232463,0.0009960158495232463,0.0009960158495232463,0.0009960158495232463
171,2.361779706995455,4.72355941399091,-0.010682746560536914,0.0009960158495232463,4.4921875,-0.3515625,0.3515625,6.708026457985397,-580.0711215782165,0.03151316195726395,2.1724169701337814,0.002721193985659435,0.0,0.0,0.996015727519989,0.0009960158495232463,0.0009960158495232463,0.0009960158495232463,0.0009960158495232463
172,2.3620285170569018,4.7240570341138035,-0.0024547230013260155,0.0009960158495232463,4.1328125,0.1640625,-0.1640625,5.980207165994216,-678.4092287719814,0.03151316195726395,2.2093430310487747,0.002815208839213786,0.0,0.0,0.996015727519989,0.0009960158495232463,0.0009960158495232463,0.0009960158495232463,0.0009960158495232463
173,2.3623514665121284,4.724702933024257,-0.002625897436887725,0.0009960158495232463,4.2265625,0.296875,-0.296875,6.348925166996196,-524.7493091951677,0.03151316195726395,2.2388804058233895,0.0027722814168858654,0.0,0.0,0.996015727519989,0.0009960158495232463,0.0009960158495232463,0.0009960158495232463,0.0009960158495232463
174,2.362642154449847,4.725284308899694,-0.004286791543513975,0.0009960158495232463,4.3046875,-0.953125,0.953125,6.508961541985627,-615.4851892128614,0.03151316195726395,2.2014573017756143,0.0026766785740619525,0.0,0.0,0.996015727519989,0.0009960158495232463,0.0009960158495232463,0.0009960158495232463,0.0009960158495232463
175,2.362882730612353,4.725765461224706,-0.008188728669181855,0.0009960158495232463,4.2578125,-0.1953125,0.1953125,6.363598457945045,-692.8318729899345,0.03151316195726395,2.192672381798426,0.0027508221804358377,0.0,0.0,0.996015727519989,0.0009960158495232463,0.0009960158495232463,0.0009960158495232463,0.0009960158495232463
176,2.3631449219244054,4.726289843848811,-0.010835280358764236,0.0009960158495232463,4.265625,-0.4453125,0.4453125,6.205867959011812,-781.9840778684442,0.03151316195726395,2.259769211212794,0.0027637623522120216,0.0,0.0,0.996015727519989,0.0009960158495232463,0.0009960158495232463,0.0009960158495232463,0.0009960158495232463
177,2.363337350885783,4.726674701771566,-0.005322226890445231,0.0009960158495232463,4.3671875,-0.53125,0.53125,6.305767125042621,-771.9844372097623,0.03151316195726395,2.2239506244659424,0.002626028726808727,0.0,0.0,0.996015727519989,0.0009960158495232463,0.0009960158495232463,0.0009960158495232463,0.0009960158495232463
178,2.363478848434474,4.726957696868948,-0.0030405053046101208,0.0009960158495232463,4.1328125,-0.296875,0.296875,5.963709916046355,-872.051956953759,0.03151316195726395,2.246313909689585,0.0026938850787701085,0.0,0.0,0.996015727519989,0.0009960158495232463,0.0009960158495232463,0.0009960158495232463,0.0009960158495232463
179,2.3636634763410878,4.7273269526821755,-0.008402732851395372,0.0009960158495232463,4.359375,-0.5859375,0.5859375,6.3636297910124995,-658.6950338835358,0.03151316195726395,2.20537402232488,0.0026567726951422324,0.0,0.0,0.996015727519989,0.0009960158495232463,0.0009960158495232463,0.0009960158495232463,0.0009960158495232463
180,2.3638577670627257,4.727715534125451,-0.006538502843375896,0.0009960158495232463,4.234375,-0.3203125,0.3203125,6.143106958013959,-575.3612105978372,0.03151316195726395,2.153151571750641,0.0029462711536325514,0.0,0.0,0.996015727519989,0.0009960158495232463,0.0009960158495232463,0.0009960158495232463,0.0009960158495232463
181,2.3641231799687747,4.7282463599375495,-0.00952335842378716,0.0009960158495232463,4.2734375,0.265625,-0.265625,6.120896000007633,-549.3245319300204,0.03151316195726395,2.1673584381739297,0.0032286005104348683,0.0,0.0,0.996015727519989,0.0009960158495232463,0.0009960158495232463,0.0009960158495232463,0.0009960158495232463
182,2.3644241888858364,4.728848377771673,-0.009063663578674797,0.0009960158495232463,4.2421875,0.25,-0.25,6.139547374972608,-731.3425426851978,0.03151316195726395,2.1528255889813104,0.003211795827761913,0.0,0.0,0.996015727519989,0.0009960158495232463,0.0009960158495232463,0.0009960158495232463,0.0009960158495232463
183,2.364626562484375,4.72925312496875,-0.002308264131579528,0.0009960158495232463,4.265625,-0.359375,0.359375,6.10965858300915,-879.7033169418028,0.03151316195726395,2.1826708018779755,0.0032500051020178944,0.0,0.0,0.996015727519989,0.0009960158495232463,0.0009960158495232463,0.0009960158495232463,0.0009960158495232463
184,2.3648275778741628,4.7296551557483255,-0.006384834119480189,0.0009960158495232463,4.265625,0.015625,-0.015625,6.219176583981607,-798.0642024134542,0.03151316195726395,2.1574936509132385,0.002948078472400084,0.0,0.0,0.996015727519989,0.0009960158495232463,0.0009960158495232463,0.0009960158495232463,0.0009960158495232463
185,2.3649222020721465,4.729844404144293,-0.0005961143468451156,0.0009960158495232463,4.359375,0.2109375,-0.2109375,6.249970416014548,-870.1932802046499,0.03151316195726395,2.1607344845930734,0.0030542738386429846,0.0,0.0,0.996015727519989,0.0009960158495232463,0.0009960158495232463,0.0009960158495232463,0.0009960158495232463
186,2.364996413220271,4.729992826440542,-0.0034852661272361442,0.0009960158495232463,4.3046875,0.046875,-0.046875,6.121443250041921,-598.8466669106873,0.03151316195726395,2.1726717948913574,0.0031343222508439794,0.0,0.0,0.996015727519989,0.0009960158495232463,0.0009960158495232463,0.0009960158495232463,0.0009960158495232463
187,2.365163151932158,4.730326303864316,-0.0008832501761202418,0.0009960158495232463,4.4765625,-0.5,0.5,6.471556167001836,-686.8732745019137,0.03151316195726395,2.196291079123815,0.003271648005465977,0.0,0.0,0.996015727519989,0.0009960158495232463,0.0009960158495232463,0.0009960158495232463,0.0009960158495232463
188,2.3652694799691147,4.7305389599382295,-0.00566153951009977,0.0009960158495232463,4.3984375,-0.3359375,0.3359375,6.28237208398059,-747.38107045548,0.03151316195726395,2.1657917449871698,0.0030597705917898566,0.0,0.0,0.996015727519989,0.0009960158495232463,0.0009960158495232463,0.0009960158495232463,0.0009960158495232463
189,2.3653402455222436,4.730680491044487,-0.003070249493219551,0.0009960158495232463,4.4375,-0.3203125,0.3203125,6.401778542029206,-949.8019697565428,0.03151316195726395,2.1907463669776917,0.003170017856367243,0.0,0.0,0.996015727519989,0.0009960158495232463,0.0009960158495232463,0.0009960158495232463,0.0009960158495232463
190,2.365336686825199,4.730673373650398,-0.004698159938373926,0.0009960158495232463,4.0625,-0.4453125,0.4453125,5.9271672909962945,-1070.6640768417944,0.03151316195726395,2.2241331934928894,0.0031975329814789197,0.0,0.0,0.996015727519989,0.0009960158495232463,0.0009960158495232463,0.0009960158495232463,0.0009960158495232463
191,2.36547961633857,4.73095923267714,-0.005998877732454562,0.0009960158495232463,4.2109375,0.34375,-0.34375,6.064674041990656,-1083.7742098948067,0.03151316195726395,2.2361195584138236,0.0031147130842631063,0.0,0.0,0.996015727519989,0.0009960158495232463,0.0009960158495232463,0.0009960158495232463,0.0009960158495232463
192,2.3656266269922384,4.731253253984477,-0.010236663800632104,0.0009960158495232463,4.4453125,-0.8515625,0.8515625,6.390871874988079,-1271.7384236675994,0.03151316195726395,2.3416252732276917,0.0031011347891762853,0.0,0.0,0.996015727519989,0.0009960158495232463,0.0009960158495232463,0.0009960158495232463,0.0009960158495232463
193,2.3657345227340887,4.731469045468177,-0.0046232754652438335,0.0009960158495232463,4.3359375,-0.8828125,0.8828125,6.205582917027641,-1308.9747492094298,0.03151316195726395,2.3279554545879364,0.0030569998525606934,0.0,0.0,0.996015727519989,0.0009960158495232463,0.0009960158495232463,0.0009960158495232463,0.0009960158495232463
194,2.36583441591258,4.73166883182516,-0.007081710246042419,0.0009960158495232463,4.2734375,-0.25,0.25,6.183032665983774,-1282.9246849325066,0.03151316195726395,2.365163634220759,0.002922344399848953,0.0,0.0,0.996015727519989,0.0009960158495232463,0.0009960158495232463,0.0009960158495232463,0.0009960158495232463
195,2.3660331985957184,4.732066397191437,-0.007831146468057092,0.0009960158495232463,4.359375,0.4921875,-0.4921875,6.2591559999855235,-1200.235721007043,0.03151316195726395,2.3643694321314492,0.0028769570769024235,0.0,0.0,0.996015727519989,0.0009960158495232463,0.0009960158495232463,0.0009960158495232463,0.0009960158495232463
196,2.366181199971262,4.732362399942524,-0.0053616178199093105,0.0009960158495232463,4.546875,-0.6875,0.6875,6.478226499981247,-1342.3460637072926,0.03151316195726395,2.312413990497589,0.002776969146604339,0.0,0.0,0.996015727519989,0.0009960158495232463,0.0009960158495232463,0.0009960158495232463,0.0009960158495232463
197,2.3663451142835648,4.7326902285671295,-0.008427227405982179,0.0009960158495232463,4.28125,-0.4140625,0.4140625,6.09465949999867,-1121.6942585054105,0.03151316195726395,2.3542735973993936,0.002908230142262861,0.0,0.0,0.996015727519989,0.0009960158495232463,0.0009960158495232463,0.0009960158495232463,0.0009960158495232463
198,2.366673343253681,4.733346686507362,-0.011224071951967592,0.0009960158495232463,4.2578125,-0.8671875,0.8671875,6.127949832996819,-1299.0087334764114,0.03151316195726395,2.350366532802582,0.0027285440534493923,0.0,0.0,0.996015727519989,0.0009960158495232463,0.0009960158495232463,0.0009960158495232463,0.0009960158495232463
199,2.3669039952913256,4.733807990582651,-0.009657858327029145,0.0009960158495232463,4.3828125,-0.2578125,0.2578125,6.346656624984462,-1262.660861822798,0.03151316195726395,2.3489315609137216,0.0030674776741458722,0.0,0.0,0.996015727519989,0.0009960158495232463,0.0009960158495232463,0.0009960158495232463,0.0009960158495232463
200,2.3671326975762286,4.734265395152457,-0.01156685267293651,0.0009960158495232463,4.484375,-0.1484375,0.1484375,6.450822041020729,-1242.7389507775522,0.03151316195726395,2.3324949741363525,0.003267243242589757,0.0,0.0,0.996015727519989,0.0009960158495232463,0.0009960158495232463,0.0009960158495232463,0.0009960158495232463
201,2.3674093629372828,4.7348187258745655,-0.00982313176281807,0.0009960158495232463,4.4140625,0.140625,-0.140625,6.404556999972556,-1053.345812493721,0.03151316195726395,2.3450994292894998,0.0032573747933687023,0.0,0.0,0.996015727519989,0.0009960158495232463,0.0009960158495232463,0.0009960158495232463,0.0009960158495232463
202,2.367719955595678,4.735439911191356,-0.007912996887933121,0.0009960158495232463,4.234375,0.203125,-0.203125,6.034369459026493,-1726.6761613384824,0.03151316195726395,2.4030124843120575,0.003427267608155186,0.0,0.0,0.996015727519989,0.0009960158495232463,0.0009960158495232463,0.0009960158495232463,0.0009960158495232463
203,2.3678950668851337,4.7357901337702675,-0.0061612828048615165,0.0009960158495232463,4.3828125,-0.0859375,0.0859375,6.341271458019037,-1340.0547785274484,0.03151316195726395,2.362364967664083,0.0034255255498768142,0.0,0.0,0.996015727519989,0.0009960158495232463,0.0009960158495232463,0.0009960158495232463,0.0009960158495232463
204,2.3681284374942804,4.736256874988561,-0.006304779933657465,0.0009960158495232463,4.453125,-0.1640625,0.1640625,6.368395207973663,-1529.6306004139415,0.03151316195726395,2.360084851582845,0.0033230663102585822,0.0,0.0,0.996015727519989,0.0009960158495232463,0.0009960158495232463,0.0009960158495232463,0.0009960158495232463
205,2.3683444473336035,4.736688894667207,-0.011879617777069598,0.0009960158495232463,4.4453125,1.0234375,-1.0234375,6.334249833016656,-1519.835214014841,0.03151316195726395,2.2879151900609336,0.0030556466663256288,0.0,0.0,0.996015727519989,0.0009960158495232463,0.0009960158495232463,0.0009960158495232463,0.0009960158495232463
206,2.3685158062158758,4.7370316124317515,-0.0003610170931091899,0.0009960158495232463,4.1796875,-0.1796875,0.1796875,6.10121579200495,-1285.6835339448162,0.03151316195726395,2.374544928471247,0.0033676717624378702,0.0,0.0,0.996015727519989,0.0009960158495232463,0.0009960158495232463,0.0009960158495232463,0.0009960158495232463
207,2.3685424449864874,4.737084889972975,-0.003853063437933321,0.0009960158495232463,4.3046875,-0.1484375,0.1484375,6.130090999999084,-1332.872432272577,0.03151316195726395,2.3972057004769645,0.0034111052664229646,0.0,0.0,0.996015727519989,0.0009960158495232463,0.0009960158495232463,0.0009960158495232463,0.0009960158495232463
208,2.368676367099374,4.737352734198748,-0.006513481103384327,0.0009960158495232463,4.453125,-0.2265625,0.2265625,6.37761899997713,-1784.7830908139547,0.03151316195726395,2.399194449186325,0.00304007900316113,0.0,0.0,0.996015727519989,0.0009960158495232463,0.0009960158495232463,0.0009960158495232463,0.0009960158495232463
209,2.368833388467917,4.737666776935834,-0.006370537870503776,0.0009960158495232463,4.3984375,-1.0234375,1.0234375,6.351622625021264,-1670.81285191768,0.03151316195726395,2.438580016295115,0.0028757386353390757,0.0,0.0,0.996015727519989,0.0009960158495232463,0.0009960158495232463,0.0009960158495232463,0.0009960158495232463
210,2.369115553176323,4.738231106352646,-0.012764895940481613,0.0009960158495232463,4.4453125,-0.4609375,0.4609375,6.423675416968763,-1368.725193883497,0.03151316195726395,2.494268218676249,0.0031872644467512146,0.0,0.0,0.996015727519989,0.0009960158495232463,0.0009960158495232463,0.0009960158495232463,0.0009960158495232463
211,2.369366131681538,4.738732263363076,-0.011208881010226929,0.0009960158495232463,4.421875,-0.5546875,0.5546875,6.370375541038811,-1478.5762080286922,0.03151316195726395,2.5173758963743844,0.0030456580037328727,0.0,0.0,0.996015727519989,0.0009960158495232463,0.0009960158495232463,0.0009960158495232463,0.0009960158495232463
212,2.369616274366153,4.739232548732306,-0.004497820673188523,0.0009960158495232463,4.265625,-0.84375,0.84375,6.10444720799569,-1482.1271614050254,0.03151316195726395,2.5600001017252603,0.003095519020765399,0.0,0.0,0.996015727519989,0.0009960158495232463,0.0009960158495232463,0.0009960158495232463,0.0009960158495232463
213,2.3698541153833466,4.739708230766693,-0.011394365574998249,0.0009960158495232463,4.34375,-0.0234375,0.0234375,6.24879229196813,-1627.0263541825384,0.03151316195726395,2.526293267806371,0.0030064621387282386,0.0,0.0,0.996015727519989,0.0009960158495232463,0.0009960158495232463,0.0009960158495232463,0.0009960158495232463
214,2.3700850529527275,4.740170105905455,-0.005833997795534595,0.0009960158495232463,4.34375,-0.578125,0.578125,6.256521166011225,-1562.9921078098764,0.03151316195726395,2.5997167825698853,0.002965311375495124,0.0,0.0,0.996015727519989,0.0009960158495232463,0.0009960158495232463,0.0009960158495232463,0.0009960158495232463
215,2.3704117064981096,4.740823412996219,-0.0012399748525312266,0.0009960158495232463,4.2890625,0.53125,-0.53125,6.081207708048169,-1566.0278284145834,0.03151316195726395,2.622495094935099,0.003091675845401672,0.0,0.0,0.996015727519989,0.0009960158495232463,0.0009960158495232463,0.0009960158495232463,0.0009960158495232463
216,2.3706895879259697,4.7413791758519395,-0.0036070553748731764,0.0009960158495232463,4.25,-0.5078125,0.5078125,6.058557291980833,-1594.8404670357704,0.03151316195726395,2.634320060412089,0.0034485742216929793,0.0,0.0,0.996015727519989,0.0009960158495232463,0.0009960158495232463,0.0009960158495232463,0.0009960158495232463
217,2.3709368870174616,4.741873774034923,-0.0004288467445375637,0.0009960158495232463,4.203125,-0.3515625,0.3515625,6.053863250010181,-1708.9554608887456,0.03151316195726395,2.6064485907554626,0.0035745492059504613,0.0,0.0,0.996015727519989,0.0009960158495232463,0.0009960158495232463,0.0009960158495232463,0.0009960158495232463
218,2.371216019657437,4.742432039314874,-0.002787361393232732,0.0009960158495232463,4.421875,0.03125,-0.03125,6.265659999975469,-1872.4998029836918,0.03151316195726395,2.5642539163430533,0.00332524567299212,0.0,0.0,0.996015727519989,0.0009960158495232463,0.0009960158495232463,0.0009960158495232463,0.0009960158495232463
219,2.371476074764639,4.742952149529278,-0.0017713220432408268,0.0009960158495232463,4.28125,-0.359375,0.359375,6.214057375036646,-2228.412969735417,0.03151316195726395,2.5451553662618003,0.003137182774177442,0.0,0.0,0.996015727519989,0.0009960158495232463,0.0009960158495232463,0.0009960158495232463,0.0009960158495232463
220,2.371815659764482,4.743631319528964,-0.007433912266267038,0.0009960158495232463,4.4140625,-0.453125,0.453125,6.353779166995082,-1908.2827824921735,0.03151316195726395,2.5542087256908417,0.003204568155827777,0.0,0.0,0.996015727519989,0.0009960158495232463,0.0009960158495232463,0.0009960158495232463,0.0009960158495232463
221,2.372166904415164,4.744333808830328,-0.006085632948872272,0.0009960158495232463,4.3046875,-0.1171875,0.1171875,6.287240624951664,-2026.3837302670072,0.03151316195726395,2.5600941876570382,0.0031911374923462668,0.0,0.0,0.996015727519989,0.0009960158495232463,0.0009960158495232463,0.0009960158495232463,0.0009960158495232463
222,2.3724828057308427,4.744965611461685,-0.0036553418296265466,0.0009960158495232463,4.5234375,1.0078125,-1.0078125,6.5391058750101365,-1835.7691772144692,0.03151316195726395,2.537516434987386,0.0032506164182753614,0.0,0.0,0.996015727519989,0.0009960158495232463,0.0009960158495232463,0.0009960158495232463,0.0009960158495232463
223,2.372807603409127,4.745615206818254,-0.004820361073209808,0.0009960158495232463,4.234375,-0.015625,0.015625,6.042919958010316,-2094.1542812326297,0.03151316195726395,2.569442003965378,0.003310287749627605,0.0,0.0,0.996015727519989,0.0009960158495232463,0.0009960158495232463,0.0009960158495232463,0.0009960158495232463
224,2.372999276967115,4.74599855393423,-0.005592968440056393,0.0009960158495232463,4.4140625,0.5625,-0.5625,6.311054875026457,-1803.5154679695063,0.03151316195726395,2.584335287412008,0.0031895454327847497,0.0,0.0,0.996015727519989,0.0009960158495232463,0.0009960158495232463,0.0009960158495232463,0.0009960158495232463
225,2.373317686980209,4.746635373960418,-0.009024703805938047,0.0009960158495232463,4.4453125,0.5078125,-0.5078125,6.481623500003479,-2052.703328311967,0.03151316195726395,2.612640072902044,0.0032010211531693735,0.0,0.0,0.996015727519989,0.0009960158495232463,0.0009960158495232463,0.0009960158495232463,0.0009960158495232463
226,2.3735782254251068,4.7471564508502135,-0.010462567166881103,0.0009960158495232463,4.296875,-0.15625,0.15625,6.121273209049832,-2207.445082865628,0.03151316195726395,2.672092189391454,0.0032622944927425124,0.0,0.0,0.996015727519989,0.0009960158495232463,0.0009960158495232463,0.0009960158495232463,0.0009960158495232463
227,2.373869020234138,4.747738040468276,-0.011343063718767005,0.0009960158495232463,4.453125,0.2265625,-0.2265625,6.419714833027683,-2257.3743478507326,0.03151316195726395,2.6540576219558716,0.003242655652381169,0.0,0.0,0.996015727519989,0.0009960158495232463,0.0009960158495232463,0.0009960158495232463,0.0009960158495232463
228,2.3741488571329237,4.748297714265847,-0.0062514771489986,0.0009960158495232463,4.609375,-0.125,0.125,6.5516610000049695,-1686.8560124930689,0.03151316195726395,2.703519642353058,0.0032569564573350362,0.0,0.0,0.996015727519989,0.0009960158495232463,0.0009960158495232463,0.0009960158495232463,0.0009960158495232463
229,2.3744362565478503,4.748872513095701,-0.007647681228358937,0.0009960158495232463,4.375,-0.1796875,0.1796875,6.223931416985579,-2071.8442861931667,0.03151316195726395,2.7681642373402915,0.003280042738576109,0.0,0.0,0.996015727519989,0.0009960158495232463,0.0009960158495232463,0.0009960158495232463,0.0009960158495232463
230,2.374706983261569,4.749413966523138,-0.008360299425094137,0.0009960158495232463,4.046875,0.3046875,-0.3046875,5.90006595896557,-2188.4724284507133,0.03151316195726395,2.809286117553711,0.0031357123497173234,0.0,0.0,0.996015727519989,0.0009960158495232463,0.0009960158495232463,0.0009960158495232463,0.0009960158495232463
231,2.3750429330036464,4.750085866007293,-0.008767607937563938,0.0009960158495232463,4.1328125,-0.2421875,0.2421875,5.992469707969576,-2258.6772625676176,0.03151316195726395,2.8618550399939218,0.0030428255510438853,0.0,0.0,0.996015727519989,0.0009960158495232463,0.0009960158495232463,0.0009960158495232463,0.0009960158495232463
232,2.375319364365727,4.750638728731454,-0.014089214239142864,0.0009960158495232463,4.234375,0.765625,-0.765625,6.0744102919707075,-1954.022377615925,0.03151316195726395,2.8420542180538177,0.0032990224135573953,0.0,0.0,0.996015727519989,0.0009960158495232463,0.0009960158495232463,0.0009960158495232463,0.0009960158495232463
233,2.375516766399329,4.751033532798658,-0.008350366179253317,0.0009960158495232463,4.46875,-0.296875,0.296875,6.439779083011672,-2406.835345568357,0.03151316195726395,2.7798803448677063,0.003314957350085024,0.0,0.0,0.996015727519989,0.0009960158495232463,0.0009960158495232463,0.0009960158495232463,0.0009960158495232463
234,2.375796826305103,4.751593652610206,-0.00846904364659379,0.0009960158495232463,4.3359375,-0.1953125,0.1953125,6.188486250001006,-2505.8239923700557,0.03151316195726395,2.7595203717549643,0.003182010126086728,0.0,0.0,0.996015727519989,0.0009960158495232463,0.0009960158495232463,0.0009960158495232463,0.0009960158495232463
235,2.376048193395177,4.752096386790354,-0.004222208608364517,0.0009960158495232463,4.34375,-0.3046875,0.3046875,6.235881957982201,-2093.552788748158,0.03151316195726395,2.8065906365712485,0.0035744074654454985,0.0,0.0,0.996015727519989,0.0009960158495232463,0.0009960158495232463,0.0009960158495232463,0.0009960158495232463
236,2.3763114347091676,4.752622869418335,-0.007214189669417864,0.0009960158495232463,4.4375,0.046875,-0.046875,6.345726208004635,-2016.2209771754037,0.03151316195726395,2.7962667842706046,0.003696858650073409,0.0,0.0,0.996015727519989,0.0009960158495232463,0.0009960158495232463,0.0009960158495232463,0.0009960158495232463
237,2.3765669767617013,4.7531339535234025,-0.00556359196358657,0.0009960158495232463,4.6484375,0.1171875,-0.1171875,6.577114458952565,-2131.9772890235195,0.03151316195726395,2.711620956659317,0.0034471111721359193,0.0,0.0,0.996015727519989,0.0009960158495232463,0.0009960158495232463,0.0009960158495232463,0.0009960158495232463
238,2.3768130216322247,4.7536260432644495,-0.010575917289755186,0.0009960158495232463,4.609375,-0.078125,0.078125,6.631024834001437,-2368.4203866699995,0.03151316195726395,2.698421368996302,0.003381936636287719,0.0,0.0,0.996015727519989,0.0009960158495232463,0.0009960158495232463,0.0009960158495232463,0.0009960158495232463
239,2.377118277086481,4.754236554172962,-0.010564945470958823,0.0009960158495232463,4.4296875,-0.5078125,0.5078125,6.321846375009045,-2338.15820002682,0.03151316195726395,2.72034282485644,0.0033975514525081962,0.0,0.0,0.996015727519989,0.0009960158495232463,0.0009960158495232463,0.0009960158495232463,0.0009960158495232463
240,2.3773553931831053,4.754710786366211,-0.004366041322372417,0.0009960158495232463,4.28125,0.5,-0.5,6.174350665998645,-2674.759896459371,0.03151316195726395,2.6849849621454873,0.0031406301617001495,0.0,0.0,0.996015727519989,0.0009960158495232463,0.0009960158495232463,0.0009960158495232463,0.0009960158495232463
241,2.3776242624026116,4.755248524805223,-0.002997414964797503,0.0009960158495232463,4.3359375,-0.6171875,0.6171875,6.262433708005119,-2726.520311489621,0.03151316195726395,2.7260202368100486,0.003232127593946643,0.0,0.0,0.996015727519989,0.0009960158495232463,0.0009960158495232463,0.0009960158495232463,0.0009960158495232463
242,2.3777863421568353,4.7555726843136705,-0.009766150394612287,0.0009960158495232463,4.5625,-0.3359375,0.3359375,6.532641375029925,-2430.8278799122327,0.03151316195726395,2.739465902249018,0.0034013252831452214,0.0,0.0,0.996015727519989,0.0009960158495232463,0.0009960158495232463,0.0009960158495232463,0.0009960158495232463
243,2.3780578824646303,4.756115764929261,-0.00832361483251732,0.0009960158495232463,4.3671875,-0.5625,0.5625,6.33449425001163,-2734.226044649728,0.03151316195726395,2.804873744646708,0.0032622210322491205,0.0,0.0,0.996015727519989,0.0009960158495232463,0.0009960158495232463,0.0009960158495232463,0.0009960158495232463
244,2.378437525434003,4.756875050868006,-0.009296628972355244,0.0009960158495232463,4.7265625,-0.875,0.875,6.752389291999862,-3515.971678508412,0.03151316195726395,2.7567791442076364,0.0029210719882636718,0.0,0.0,0.996015727519989,0.0009960158495232463,0.0009960158495232463,0.0009960158495232463,0.0009960158495232463
245,2.378796132601404,4.757592265202808,-0.013448393974940874,0.0009960158495232463,4.5078125,0.5546875,-0.5546875,6.393159916973673,-2941.1383368328497,0.03151316195726395,2.834363669157028,0.0031167767034882368,0.0,0.0,0.996015727519989,0.0009960158495232463,0.0009960158495232463,0.0009960158495232463,0.0009960158495232463
246,2.379166452860592,4.758332905721184,-0.003392317010462917,0.0009960158495232463,4.3203125,0.765625,-0.765625,6.348773415957112,-2843.400626001479,0.03151316195726395,2.861395925283432,0.0030023132834079056,0.0,0.0,0.996015727519989,0.0009960158495232463,0.0009960158495232463,0.0009960158495232463,0.0009960158495232463
247,2.3796113938597845,4.759222787719569,-0.009739332805920273,0.0009960158495232463,4.3671875,0.046875,-0.046875,6.358656792028341,-2897.3742184511025,0.03151316195726395,2.8378170132637024,0.0028707921834817776,0.0,0.0,0.996015727519989,0.0009960158495232463,0.0009960158495232463,0.0009960158495232463,0.0009960158495232463
248,2.379915209751453,4.759830419502906,-0.010028302554275116,0.0009960158495232463,4.15625,-0.9453125,0.9453125,6.050788042019121,-2338.2616771038315,0.03151316195726395,2.883771240711212,0.0031579404312651604,0.0,0.0,0.996015727519989,0.0009960158495232463,0.0009960158495232463,0.0009960158495232463,0.0009960158495232463
249,2.3802534476136428,4.7605068952272855,-0.005825441061065433,0.0009960158495232463,4.5859375,0.0703125,-0.0703125,6.652098541962914,-2674.0467677465695,0.03151316195726395,2.8159251610438027,0.003359839650026212,0.0,0.0,0.996015727519989,0.0009960158495232463,0.0009960158495232463,0.0009960158495232463,0.0009960158495232463
250,2.380540990512671,4.761081981025342,-0.007585741790040034,0.0009960158495232463,4.703125,-0.078125,0.078125,6.876145832997281,-3161.85098571714,0.03151316195726395,2.7948498030503592,0.0033274877690322078,0.0,0.0,0.996015727519989,0.0009960158495232463,0.0009960158495232463,0.0009960158495232463,0.0009960158495232463
251,2.380821383597783,4.761642767195566,-0.008524789743360475,0.0009960158495232463,4.3359375,-0.1015625,0.1015625,6.293750208977144,-3035.1395666964418,0.03151316195726395,2.813722471396128,0.003161386887465293,0.0,0.0,0.996015727519989,0.0009960158495232463,0.0009960158495232463,0.0009960158495232463,0.0009960158495232463
252,2.3810003377099815,4.762000675419963,-0.00591366038992976,0.0009960158495232463,4.4765625,0.2578125,-0.2578125,6.413522124988958,-3455.158304151232,0.03151316195726395,2.798646092414856,0.0033642411969291666,0.0,0.0,0.996015727519989,0.0009960158495232463,0.0009960158495232463,0.0009960158495232463,0.0009960158495232463
253,2.3812414763815153,4.762482952763031,-0.008681227142666472,0.0009960158495232463,4.6953125,0.234375,-0.234375,6.6634681659634225,-3322.0257467247684,0.03151316195726395,2.7294346690177917,0.0031590194169742367,0.0,0.0,0.996015727519989,0.0009960158495232463,0.0009960158495232463,0.0009960158495232463,0.0009960158495232463
254,2.381450489526837,4.762900979053674,-0.010680924952294913,0.0009960158495232463,4.5703125,0.59375,-0.59375,6.621358667034656,-2858.962544054863,0.03151316195726395,2.757000356912613,0.0031715261090236404,0.0,0.0,0.996015727519989,0.0009960158495232463,0.0009960158495232463,0.0009960158495232463,0.0009960158495232463
255,2.3817101527583864,4.763420305516773,-0.005620426557772322,0.0009960158495232463,4.609375,-0.09375,0.09375,6.5421102499822155,-3051.277088598478,0.03151316195726395,2.809217949708303,0.003390872860715414,0.0,0.0,0.996015727519989,0.0009960158495232463,0.0009960158495232463,0.0009960158495232463,0.0009960158495232463
256,2.381954268759718,4.763908537519436,-0.006467352863030985,0.0009960158495232463,4.3984375,0.265625,-0.265625,6.326543708972167,-3273.136531409743,0.03151316195726395,2.796491265296936,0.0034135784371756017,0.0,0.0,0.996015727519989,0.0009960158495232463,0.0009960158495232463,0.0009960158495232463,0.0009960158495232463
257,2.3821820062236476,4.764364012447295,-0.008502478721401422,0.0009960158495232463,4.3671875,0.453125,-0.453125,6.270268541993573,-3244.632705620235,0.03151316195726395,2.809753825267156,0.0033666188925659903,0.0,0.0,0.996015727519989,0.0009960158495232463,0.0009960158495232463,0.0009960158495232463,0.0009960158495232463
258,2.382402171555218,4.764804343110436,-0.010601206983503631,0.0009960158495232463,4.609375,0.2265625,-0.2265625,6.56742945802398,-2406.2761677305575,0.03151316195726395,2.843009610970815,0.0034551404241938144,0.0,0.0,0.996015727519989,0.0009960158495232463,0.0009960158495232463,0.0009960158495232463,0.0009960158495232463
259,2.3826150722910424,4.765230144582085,-0.009085785207775143,0.0009960158495232463,4.5703125,-0.15625,0.15625,6.564796874998137,-2418.9357633672207,0.03151316195726395,2.8255993922551474,0.003441076095138366,0.0,0.0,0.996015727519989,0.0009960158495232463,0.0009960158495232463,0.0009960158495232463,0.0009960158495232463
260,2.382895895392857,4.765791790785714,-0.00605801205898843,0.0009960158495232463,4.265625,-0.1953125,0.1953125,6.177978915977292,-2730.924285888672,0.03151316195726395,2.862810949484507,0.0033730982007303587,0.0,0.0,0.996015727519989,0.0009960158495232463,0.0009960158495232463,0.0009960158495232463,0.0009960158495232463
261,2.3831535162546773,4.766307032509355,-0.007430928495964493,0.0009960158495232463,4.3984375,-0.0390625,0.0390625,6.331480166991241,-3878.335193532398,0.03151316195726395,2.8870324989159903,0.0034159104300973317,0.0,0.0,0.996015727519989,0.0009960158495232463,0.0009960158495232463,0.0009960158495232463,0.0009960158495232463
262,2.383326365029134,4.766652730058268,-0.010888268022748058,0.0009960158495232463,4.5546875,0.1953125,-0.1953125,6.528480708017014,-3574.489522747478,0.03151316195726395,2.8746458093325296,0.0034152290609199554,0.0,0.0,0.996015727519989,0.0009960158495232463,0.0009960158495232463,0.0009960158495232463,0.0009960158495232463
263,2.383595709210804,4.767191418421608,-0.00920779873166336,0.0009960158495232463,4.40625,0.0,0.0,6.3991244999924675,-3377.994953527518,0.03151316195726395,2.861202379067739,0.003358089850128939,0.0,0.0,0.996015727519989,0.0009960158495232463,0.0009960158495232463,0.0009960158495232463,0.0009960158495232463
264,2.383886776137037,4.767773552274074,-0.007246838763249986,0.0009960158495232463,4.5234375,0.1640625,-0.1640625,6.502712917048484,-3956.8324200328766,0.03151316195726395,2.8995554447174072,0.0032496456187800504,0.0,0.0,0.996015727519989,0.0009960158495232463,0.0009960158495232463,0.0009960158495232463,0.0009960158495232463
265,2.3841585634298594,4.768317126859719,-0.0038315801164186957,0.0009960158495232463,4.375,0.4609375,-0.4609375,6.253900167008396,-3905.357337488447,0.03151316195726395,2.9088282585144043,0.0032982613095858446,0.0,0.0,0.996015727519989,0.0009960158495232463,0.0009960158495232463,0.0009960158495232463,0.0009960158495232463
266,2.3844401106786357,4.768880221357271,-0.006601267700444376,0.0009960158495232463,4.4296875,0.6328125,-0.6328125,6.381610332988203,-3604.909400617004,0.03151316195726395,2.9589505195617676,0.0035311256166702756,0.0,0.0,0.996015727519989,0.0009960158495232463,0.0009960158495232463,0.0009960158495232463,0.0009960158495232463
267,2.3846534055001607,4.769306811000321,-0.009644033754731779,0.0009960158495232463,4.5625,-0.5078125,0.5078125,6.469299916992895,-4443.3757729203735,0.03151316195726395,2.8756287693977356,0.0031948550652790195,0.0,0.0,0.996015727519989,0.0009960158495232463,0.0009960158495232463,0.0009960158495232463,0.0009960158495232463
268,2.384886866698161,4.769773733396322,-0.00912436307765239,0.0009960158495232463,4.609375,-0.2890625,0.2890625,6.564143750001676,-3854.428339140294,0.03151316195726395,2.9128679235776267,0.0032736478412213423,0.0,0.0,0.996015727519989,0.0009960158495232463,0.0009960158495232463,0.0009960158495232463,0.0009960158495232463
269,2.3851544366772846,4.770308873354569,-0.014878128526670625,0.0009960158495232463,4.3828125,0.5390625,-0.5390625,6.229740792012308,-3415.591755096925,0.03151316195726395,2.920484274625778,0.003319791576359421,0.0,0.0,0.996015727519989,0.0009960158495232463,0.0009960158495232463,0.0009960158495232463,0.0009960158495232463
270,2.385413733727529,4.770827467455058,-0.007438296218593522,0.0009960158495232463,4.28125,0.421875,-0.421875,6.181291458953638,-2837.791708744355,0.03151316195726395,2.964957336584727,0.0034867158780495324,0.0,0.0,0.996015727519989,0.0009960158495232463,0.0009960158495232463,0.0009960158495232463,0.0009960158495232463
271,2.3856516861568124,4.771303372313625,-0.016599750622979675,0.0009960158495232463,4.4453125,-0.1796875,0.1796875,6.409491792030167,-3776.610462577565,0.03151316195726395,3.007173776626587,0.003344227952766232,0.0,0.0,0.996015727519989,0.0009960158495232463,0.0009960158495232463,0.0009960158495232463,0.0009960158495232463
272,2.3859019389584226,4.771803877916845,-0.003778781370423488,0.0009960158495232463,4.46875,0.5390625,-0.5390625,6.4262094590230845,-3930.0004856603127,0.03151316195726395,2.9320778449376426,0.003023713570958838,0.0,0.0,0.996015727519989,0.0009960158495232463,0.0009960158495232463,0.0009960158495232463,0.0009960158495232463
273,2.3861959536758843,4.772391907351769,-0.007237242196608498,0.0009960158495232463,4.25,0.078125,-0.078125,6.118089249997865,-3381.446779096828,0.03151316195726395,2.950149357318878,0.003091339225647971,0.0,0.0,0.996015727519989,0.0009960158495232463,0.0009960158495232463,0.0009960158495232463,0.0009960158495232463
274,2.38653071883608,4.77306143767216,-0.0043334182586755084,0.0009960158495232463,4.5546875,-0.5625,0.5625,6.585376625007484,-4064.7481397102056,0.03151316195726395,2.936890641848246,0.0031342795700766146,0.0,0.0,0.996015727519989,0.0009960158495232463,0.0009960158495232463,0.0009960158495232463,0.0009960158495232463
275,2.386800764197508,4.773601528395016,-0.003936703234957999,0.0009960158495232463,4.3984375,-0.3828125,0.3828125,6.300364916969556,-3719.009412030344,0.03151316195726395,3.030514419078827,0.0035173638777147667,0.0,0.0,0.996015727519989,0.0009960158495232463,0.0009960158495232463,0.0009960158495232463,0.0009960158495232463
276,2.387089227727036,4.774178455454072,-0.011044432096059048,0.0009960158495232463,4.453125,0.0390625,-0.0390625,6.314916125033051,-3993.0504063924154,0.03151316195726395,3.0766860047976174,0.0037808329749774807,0.0,0.0,0.996015727519989,0.0009960158495232463,0.0009960158495232463,0.0009960158495232463,0.0009960158495232463
277,2.3873667681175403,4.774733536235081,-0.00924095624587221,0.0009960158495232463,4.4609375,-0.015625,0.015625,6.3874981249682605,-4871.791665386193,0.03151316195726395,3.1228180130322776,0.003743522451259196,0.0,0.0,0.996015727519989,0.0009960158495232463,0.0009960158495232463,0.0009960158495232463,0.0009960158495232463
278,2.387591235959853,4.775182471919706,-0.005235640398347574,0.0009960158495232463,4.203125,-0.2109375,0.2109375,6.007505874964409,-4195.306039696732,0.03151316195726395,3.1282119353612265,0.0034731689956970513,0.0,0.0,0.996015727519989,0.0009960158495232463,0.0009960158495232463,0.0009960158495232463,0.0009960158495232463
279,2.3877597016273002,4.7755194032546004,-0.009121263521967715,0.0009960158495232463,4.5703125,0.171875,-0.171875,6.527334750047885,-4667.50674917107,0.03151316195726395,3.0492400328318277,0.0031154233244402954,0.0,0.0,0.996015727519989,0.0009960158495232463,0.0009960158495232463,0.0009960158495232463,0.0009960158495232463
280,2.387976483881392,4.775952967762784,-0.017617963029968722,0.0009960158495232463,4.375,-0.09375,0.09375,6.261280999984592,-4033.7133900574277,0.03151316195726395,3.0450798869132996,0.003383920712318892,0.0,0.0,0.996015727519989,0.0009960158495232463,0.0009960158495232463,0.0009960158495232463,0.0009960158495232463
281,2.3881265103061664,4.776253020612333,-0.014370333127216356,0.0009960158495232463,4.765625,0.046875,-0.046875,6.789747666975018,-3566.366884713095,0.03151316195726395,3.013609935839971,0.0033434138992258036,0.0,0.0,0.996015727519989,0.0009960158495232463,0.0009960158495232463,0.0009960158495232463,0.0009960158495232463
282,2.388310897365673,4.776621794731346,-0.012044975098295467,0.0009960158495232463,4.3671875,0.296875,-0.296875,6.2788030409719795,-3930.2500973396095,0.03151316195726395,3.0763450463612876,0.0034515460720285773,0.0,0.0,0.996015727519989,0.0009960158495232463,0.0009960158495232463,0.0009960158495232463,0.0009960158495232463
283,2.388513354745453,4.777026709490906,-0.009265352110951247,0.0009960158495232463,4.3984375,-0.3125,0.3125,6.360992417030502,-4242.209952406943,0.03151316195726395,3.0904902815818787,0.003538546666580563,0.0,0.0,0.996015727519989,0.0009960158495232463,0.0009960158495232463,0.0009960158495232463,0.0009960158495232463
284,2.3887322667924566,4.777464533584913,-0.007694090349085815,0.0009960158495232463,4.546875,-0.421875,0.421875,6.482060833019204,-5110.084529653857,0.03151316195726395,3.073804239432017,0.0031694117836498967,0.0,0.0,0.996015727519989,0.0009960158495232463,0.0009960158495232463,0.0009960158495232463,0.0009960158495232463
285,2.388974170199851,4.777948340399702,-0.008233520816232574,0.0009960158495232463,4.5625,0.046875,-0.046875,6.61888420896139,-4548.4933252399915,0.03151316195726395,3.037929654121399,0.002942003047792241,0.0,0.0,0.996015727519989,0.0009960158495232463,0.0009960158495232463,0.0009960158495232463,0.0009960158495232463
286,2.3892624885130784,4.778524977026157,-0.012827297102199453,0.0009960158495232463,4.6484375,-0.0546875,0.0546875,6.6344595000264235,-4019.8479832240514,0.03151316195726395,3.045805891354879,0.0032225977920461446,0.0,0.0,0.996015727519989,0.0009960158495232463,0.0009960158495232463,0.0009960158495232463,0.0009960158495232463
287,2.3894679150547633,4.778935830109527,-0.010084985811855969,0.0009960158495232463,4.3671875,0.203125,-0.203125,6.238850458001252,-3762.8486959358447,0.03151316195726395,3.055170257886251,0.0034116532284921655,0.0,0.0,0.996015727519989,0.0009960158495232463,0.0009960158495232463,0.0009960158495232463,0.0009960158495232463
288,2.38970484239363,4.77940968478726,-0.007277407379736981,0.0009960158495232463,4.5546875,-0.5234375,0.5234375,6.55905049998546,-4019.96933567708,0.03151316195726395,3.008557766675949,0.003200297699853157,0.0,0.0,0.996015727519989,0.0009960158495232463,0.0009960158495232463,0.0009960158495232463,0.0009960158495232463
289,2.3899078561881115,4.779815712376223,-0.010127508731236945,0.0009960158495232463,4.421875,-0.109375,0.109375,6.341161374992225,-3567.7946177775784,0.03151316195726395,3.040237009525299,0.0031018933611145862,0.0,0.0,0.996015727519989,0.0009960158495232463,0.0009960158495232463,0.0009960158495232463,0.0009960158495232463
290,2.3901503448945727,4.780300689789145,-0.005562131784525572,0.0009960158495232463,4.3359375,0.265625,-0.265625,6.203894291014876,-4959.661836655076,0.03151316195726395,3.1102197567621865,0.003330956208325612,0.0,0.0,0.996015727519989,0.0009960158495232463,0.0009960158495232463,0.0009960158495232463,0.0009960158495232463
291,2.390400925137478,4.780801850274956,-0.011391052138749797,0.0009960158495232463,4.5703125,-0.6015625,0.6015625,6.563213457993697,-4780.580943141839,0.03151316195726395,3.135953903198242,0.0030662263598060235,0.0,0.0,0.996015727519989,0.0009960158495232463,0.0009960158495232463,0.0009960158495232463,0.0009960158495232463
292,2.3906853318876125,4.781370663775225,-0.01208592442871041,0.0009960158495232463,4.5234375,0.0703125,-0.0703125,6.418209832976572,-4338.575968925199,0.03151316195726395,3.1887584924697876,0.003433107126814624,0.0,0.0,0.996015727519989,0.0009960158495232463,0.0009960158495232463,0.0009960158495232463,0.0009960158495232463
293,2.3909720151813376,4.781944030362675,-0.005913332167579277,0.0009960158495232463,4.453125,-0.3828125,0.3828125,6.383309709024616,-5265.11588362309,0.03151316195726395,3.2279701630274453,0.0034412897997147716,0.0,0.0,0.996015727519989,0.0009960158495232463,0.0009960158495232463,0.0009960158495232463,0.0009960158495232463
294,2.3912184437775545,4.782436887555109,-0.008793653789093123,0.0009960158495232463,4.375,-0.3984375,0.3984375,6.29028716601897,-4292.177461133684,0.03151316195726395,3.1986893912156424,0.0032332774474828816,0.0,0.0,0.996015727519989,0.0009960158495232463,0.0009960158495232463,0.0009960158495232463,0.0009960158495232463
295,2.3915065898329777,4.783013179665955,-0.018799475951183732,0.0009960158495232463,4.6015625,0.640625,-0.640625,6.555377624987159,-5056.533594277193,0.03151316195726395,3.1806669334570565,0.003122169456522291,0.0,0.0,0.996015727519989,0.0009960158495232463,0.0009960158495232463,0.0009960158495232463,0.0009960158495232463
296,2.391810277784317,4.783620555568634,-0.00759997501691209,0.0009960158495232463,4.375,0.0625,-0.0625,6.354744791984558,-5763.760787582398,0.03151316195726395,3.1643187503019967,0.003148146284123262,0.0,0.0,0.996015727519989,0.0009960158495232463,0.0009960158495232463,0.0009960158495232463,0.0009960158495232463
297,2.39204866162473,4.78409732324946,-0.01443485280103433,0.0009960158495232463,4.6953125,-0.1015625,0.1015625,6.65171416598605,-4312.632863112972,0.03151316195726395,3.1589382886886597,0.003177508386822107,0.0,0.0,0.996015727519989,0.0009960158495232463,0.0009960158495232463,0.0009960158495232463,0.0009960158495232463
298,2.3923732630312418,4.7847465260624835,-0.006757039823730072,0.0009960158495232463,4.5390625,-0.1953125,0.1953125,6.455736459000036,-5311.559303467532,0.03151316195726395,3.140112688144048,0.0030108135397313163,0.0,0.0,0.996015727519989,0.0009960158495232463,0.0009960158495232463,0.0009960158495232463,0.0009960158495232463
299,2.3926464934579084,4.785292986915817,-0.008077839667663829,0.0009960158495232463,4.2578125,-0.25,0.25,6.143213125003967,-5665.853524388304,0.03151316195726395,3.1884047091007233,0.0030661493947263807,0.0,0.0,0.996015727519989,0.0009960158495232463,0.0009960158495232463,0.0009960158495232463,0.0009960158495232463
300,2.3929586274945898,4.7859172549891795,-0.005484186241246286,0.0009960158495232463,4.296875,0.2265625,-0.2265625,6.1666135000414215,-5602.673909204656,0.03151316195726395,3.1435081462065377,0.002926275454228744,0.0,0.0,0.996015727519989,0.0009960158495232463,0.0009960158495232463,0.0009960158495232463,0.0009960158495232463
301,2.3932266433151015,4.786453286630203,-0.004937165022981271,0.0009960158495232463,4.6015625,-0.5234375,0.5234375,6.598631583037786,-4253.930809668653,0.03151316195726395,3.186720152695974,0.0030876259164263806,0.0,0.0,0.996015727519989,0.0009960158495232463,0.0009960158495232463,0.0009960158495232463,0.0009960158495232463
302,2.3935362505722853,4.7870725011445705,-0.010779307327571284,0.0009960158495232463,4.296875,0.109375,-0.109375,6.221387292025611,-4978.939058352384,0.03151316195726395,3.208628127972285,0.003303794248495251,0.0,0.0,0.996015727519989,0.0009960158495232463,0.0009960158495232463,0.0009960158495232463,0.0009960158495232463
303,2.3937949695020095,4.787589939004019,-0.005506372395785024,0.0009960158495232463,4.6171875,0.0703125,-0.0703125,6.559124499966856,-4830.001081179443,0.03151316195726395,3.1900976399580636,0.00339224327278013,0.0,0.0,0.996015727519989,0.0009960158495232463,0.0009960158495232463,0.0009960158495232463,0.0009960158495232463
304,2.3940172600719047,4.7880345201438095,-0.012318815332379902,0.0009960158495232463,4.5,0.3203125,-0.3203125,6.366456084011588,-3534.10986175802,0.03151316195726395,3.207665671904882,0.0036102273928311965,0.0,0.0,0.996015727519989,0.0009960158495232463,0.0009960158495232463,0.0009960158495232463,0.0009960158495232463
305,2.3942708945195585,4.788541789039117,-0.011447949906869698,0.0009960158495232463,4.421875,0.3984375,-0.3984375,6.33988225000212,-5388.410665127919,0.03151316195726395,3.2594155967235565,0.0034245252318214625,0.0,0.0,0.996015727519989,0.0009960158495232463,0.0009960158495232463,0.0009960158495232463,0.0009960158495232463
306,2.3945662843841706,4.789132568768341,-0.00973925617862188,0.0009960158495232463,4.5546875,0.3984375,-0.3984375,6.458181541995145,-4992.131208913813,0.03151316195726395,3.2567972342173257,0.0032578371562218913,0.0,0.0,0.996015727519989,0.0009960158495232463,0.0009960158495232463,0.0009960158495232463,0.0009960158495232463
307,2.394862748668106,4.789725497336212,-0.00507616647093234,0.0009960158495232463,4.375,-0.75,0.75,6.355033624975476,-5928.892417498997,0.03151316195726395,3.263795574506124,0.0033005883160512894,0.0,0.0,0.996015727519989,0.0009960158495232463,0.0009960158495232463,0.0009960158495232463,0.0009960158495232463
308,2.3950716718781266,4.790143343756253,-0.011589569256594476,0.0009960158495232463,4.6328125,0.828125,-0.828125,6.596186375012621,-5004.490489348594,0.03151316195726395,3.257463216781616,0.003364259833081936,0.0,0.0,0.996015727519989,0.0009960158495232463,0.0009960158495232463,0.0009960158495232463,0.0009960158495232463
309,2.3953211044413725,4.790642208882745,-0.011753361863378544,0.0009960158495232463,4.3515625,0.140625,-0.140625,6.251538707991131,-5549.76301797973,0.03151316195726395,3.243377993504206,0.003354605723870918,0.0,0.0,0.996015727519989,0.0009960158495232463,0.0009960158495232463,0.0009960158495232463,0.0009960158495232463
310,2.3955684649293034,4.791136929858607,-0.013463926602549147,0.0009960158495232463,4.453125,-0.0390625,0.0390625,6.423905958014075,-5884.6311338591995,0.03151316195726395,3.250667452812195,0.0034741224080789834,0.0,0.0,0.996015727519989,0.0009960158495232463,0.0009960158495232463,0.0009960158495232463,0.0009960158495232463
311,2.3958462474434374,4.791692494886875,-0.011478844600472195,0.0009960158495232463,4.4765625,-0.2265625,0.2265625,6.370004625001457,-6010.436910912213,0.03151316195726395,3.2844426929950714,0.003239660494728014,0.0,0.0,0.996015727519989,0.0009960158495232463,0.0009960158495232463,0.0009960158495232463,0.0009960158495232463
312,2.396177844741001,4.792355689482002,-0.018467601778869677,0.0009960158495232463,4.546875,-0.203125,0.203125,6.484453833021689,-6131.3747345966985,0.03151316195726395,3.276995678742727,0.0031381094498404614,0.0,0.0,0.996015727519989,0.0009960158495232463,0.0009960158495232463,0.0009960158495232463,0.0009960158495232463
313,2.3965718715060125,4.793143743012025,-0.00803551258102017,0.0009960158495232463,4.6875,-0.453125,0.453125,6.734404249989893,-5694.2571398162845,0.03151316195726395,3.267364203929901,0.003245926297192151,0.0,0.0,0.996015727519989,0.0009960158495232463,0.0009960158495232463,0.0009960158495232463,0.0009960158495232463
314,2.3969070685941443,4.7938141371882885,-0.013164644291897211,0.0009960158495232463,4.65625,0.6796875,-0.6796875,6.582909249991644,-7112.919916421775,0.03151316195726395,3.293002893527349,0.0032583165351146213,0.0,0.0,0.996015727519989,0.0009960158495232463,0.0009960158495232463,0.0009960158495232463,0.0009960158495232463
315,2.397281670428851,4.794563340857702,-0.00426882342004646,0.0009960158495232463,4.4765625,0.234375,-0.234375,6.4265166670084,-5933.0151946382375,0.03151316195726395,3.304446260134379,0.0033057398492625603,0.0,0.0,0.996015727519989,0.0009960158495232463,0.0009960158495232463,0.0009960158495232463,0.0009960158495232463
316,2.39761801736036,4.79523603472072,-0.016224819767521496,0.0009960158495232463,4.671875,0.3984375,-0.3984375,6.766137333004735,-5661.120245203127,0.03151316195726395,3.2742106119791665,0.0032742261925401786,0.0,0.0,0.996015727519989,0.0009960158495232463,0.0009960158495232463,0.0009960158495232463,0.0009960158495232463
317,2.397936478243074,4.795872956486148,-0.008236648637000726,0.0009960158495232463,4.5078125,0.2109375,-0.2109375,6.471906499995384,-5742.166420657259,0.03151316195726395,3.244148631890615,0.0032714323315303773,0.0,0.0,0.996015727519989,0.0009960158495232463,0.0009960158495232463,0.0009960158495232463,0.0009960158495232463
318,2.398239403230682,4.796478806461364,-0.008606749623319766,0.0009960158495232463,4.515625,0.6953125,-0.6953125,6.5660603329888545,-5542.723511058979,0.03151316195726395,3.2457841535409293,0.003279758238932118,0.0,0.0,0.996015727519989,0.0009960158495232463,0.0009960158495232463,0.0009960158495232463,0.0009960158495232463
319,2.3985746830082286,4.797149366016457,-0.011157757898563735,0.0009960158495232463,4.328125,-0.1875,0.1875,6.250594540964812,-5145.917826380541,0.03151316195726395,3.2661632895469666,0.0034748192216890552,0.0,0.0,0.996015727519989,0.0009960158495232463,0.0009960158495232463,0.0009960158495232463,0.0009960158495232463
320,2.3989302301027005,4.797860460205401,-0.006574368408183879,0.0009960158495232463,4.4765625,0.03125,-0.03125,6.392524791997857,-6279.4020728465775,0.03151316195726395,3.2419626712799072,0.003142252729351943,0.0,0.0,0.996015727519989,0.0009960158495232463,0.0009960158495232463,0.0009960158495232463,0.0009960158495232463
321,2.399232707041482,4.798465414082964,-0.012431814906930037,0.0009960158495232463,4.6015625,0.5859375,-0.5859375,6.553608459013049,-7674.432446633616,0.03151316195726395,3.2126504282156625,0.003126355023899426,0.0,0.0,0.996015727519989,0.0009960158495232463,0.0009960158495232463,0.0009960158495232463,0.0009960158495232463
322,2.3995978172520243,4.7991956345040485,-0.007499684942942692,0.0009960158495232463,4.7421875,0.015625,-0.015625,6.843116167001426,-6363.661917948841,0.03151316195726395,3.2035803695519767,0.0031771750558012477,0.0,0.0,0.996015727519989,0.0009960158495232463,0.0009960158495232463,0.0009960158495232463,0.0009960158495232463
323,2.400092786191641,4.800185572383282,-0.015839674702291015,0.0009960158495232463,4.7578125,-0.140625,0.140625,6.81682304199785,-6802.739416902288,0.03151316195726395,3.2814703981081643,0.003208972164429724,0.0,0.0,0.996015727519989,0.0009960158495232463,0.0009960158495232463,0.0009960158495232463,0.0009960158495232463
324,2.400537398941975,4.80107479788395,-0.012838747087516292,0.0009960158495232463,4.46875,-0.0390625,0.0390625,6.521501749986783,-8174.100201306644,0.03151316195726395,3.273794174194336,0.003113528228520105,0.0,0.0,0.996015727519989,0.0009960158495232463,0.0009960158495232463,0.0009960158495232463,0.0009960158495232463
325,2.4008822968415497,4.8017645936830995,-0.014402107253721782,0.0009960158495232463,4.4765625,-0.5234375,0.5234375,6.525937833997887,-7573.200239238106,0.03151316195726395,3.320019086201986,0.003276193116713936,0.0,0.0,0.996015727519989,0.0009960158495232463,0.0009960158495232463,0.0009960158495232463,0.0009960158495232463
326,2.4012808320198618,4.8025616640397235,-0.013375754870580453,0.0009960158495232463,4.6015625,-0.71875,0.71875,6.546623500005808,-5965.134487715561,0.03151316195726395,3.3186428546905518,0.0033216805895790458,0.0,0.0,0.996015727519989,0.0009960158495232463,0.0009960158495232463,0.0009960158495232463,0.0009960158495232463
327,2.401576778100234,4.803153556200468,-0.01684715932583186,0.0009960158495232463,4.46875,-0.265625,0.265625,6.499640082998667,-6557.176018868293,0.03151316195726395,3.385812282562256,0.003401790076168254,0.0,0.0,0.996015727519989,0.0009960158495232463,0.0009960158495232463,0.0009960158495232463,0.0009960158495232463
328,2.40191072472566,4.80382144945132,-0.007673037211049711,0.0009960158495232463,4.5546875,0.1875,-0.1875,6.602187000040431,-7385.45076079066,0.03151316195726395,3.4181225498517356,0.003063642119135087,0.0,0.0,0.996015727519989,0.0009960158495232463,0.0009960158495232463,0.0009960158495232463,0.0009960158495232463
329,2.4022756437672994,4.804551287534599,-0.02019212803525731,0.0009960158495232463,4.46875,0.1640625,-0.1640625,6.424602459010202,-7819.284910121998,0.03151316195726395,3.404375910758972,0.0031777576950844377,0.0,0.0,0.996015727519989,0.0009960158495232463,0.0009960158495232463,0.0009960158495232463,0.0009960158495232463
330,2.402613776171197,4.805227552342394,-0.010357039753270004,0.0009960158495232463,4.46875,-0.3359375,0.3359375,6.502991374989506,-8337.303652850065,0.03151316195726395,3.4036748011906943,0.003306963490710283,0.0,0.0,0.996015727519989,0.0009960158495232463,0.0009960158495232463,0.0009960158495232463,0.0009960158495232463
331,2.402943928823004,4.805887857646008,-0.01077986442709406,0.0009960158495232463,4.546875,0.2734375,-0.2734375,6.505721832974814,-8223.987383878517,0.03151316195726395,3.414575219154358,0.0032916499379401407,0.0,0.0,0.996015727519989,0.0009960158495232463,0.0009960158495232463,0.0009960158495232463,0.0009960158495232463
332,2.4032557134618218,4.8065114269236435,-0.012580850658217253,0.0009960158495232463,4.625,-1.09375,1.09375,6.690866541990545,-8533.060909902728,0.03151316195726395,3.4173200726509094,0.0031523563229711726,0.0,0.0,0.996015727519989,0.0009960158495232463,0.0009960158495232463,0.0009960158495232463,0.0009960158495232463
333,2.403505561029738,4.807011122059476,-0.00890847853394172,0.0009960158495232463,4.3515625,0.828125,-0.828125,6.2471389999846,-6936.705698229038,0.03151316195726395,3.472269078095754,0.003256243837919707,0.0,0.0,0.996015727519989,0.0009960158495232463,0.0009960158495232463,0.0009960158495232463,0.0009960158495232463
334,2.4037710469162548,4.8075420938325095,-0.009865719640449298,0.0009960158495232463,4.640625,-0.171875,0.171875,6.6253246670239605,-7660.902776275018,0.03151316195726395,3.361618439356486,0.0030626135849161074,0.0,0.0,0.996015727519989,0.0009960158495232463,0.0009960158495232463,0.0009960158495232463,0.0009960158495232463
335,2.40405767571289,4.80811535142578,-0.016230970414779795,0.0009960158495232463,4.4765625,-0.3515625,0.3515625,6.365368959028274,-7946.264088775475,0.03151316195726395,3.3726513584454856,0.00309598552606379,0.0,0.0,0.996015727519989,0.0009960158495232463,0.0009960158495232463,0.0009960158495232463,0.0009960158495232463
336,2.404348738970275,4.80869747794055,-0.011387957231496212,0.0009960158495232463,4.5,-0.640625,0.640625,6.473187708994374,-7470.123852743043,0.03151316195726395,3.391392340262731,0.00333030950181031,0.0,0.0,0.996015727519989,0.0009960158495232463,0.0009960158495232463,0.0009960158495232463,0.0009960158495232463
337,2.4046480242031114,4.809296048406223,-0.017582614460324008,0.0009960158495232463,4.5703125,-0.375,0.375,6.4849448329769075,-7218.32614341801,0.03151316195726395,3.4212496479352317,0.0030379610034287907,0.0,0.0,0.996015727519989,0.0009960158495232463,0.0009960158495232463,0.0009960158495232463,0.0009960158495232463
338,2.4049712602795354,4.809942520559071,-0.01392496085062986,0.0009960158495232463,4.6171875,-0.5390625,0.5390625,6.520574374997523,-7791.864960994817,0.03151316195726395,3.429431935151418,0.003180449959472753,0.0,0.0,0.996015727519989,0.0009960158495232463,0.0009960158495232463,0.0009960158495232463,0.0009960158495232463
339,2.405277122719389,4.810554245438778,-0.014815685320130847,0.0009960158495232463,4.4453125,-0.046875,0.046875,6.414747041999362,-7267.30931249528,0.03151316195726395,3.4421099722385406,0.003132019153175255,0.0,0.0,0.996015727519989,0.0009960158495232463,0.0009960158495232463,0.0009960158495232463,0.0009960158495232463
340,2.405576756181487,4.811153512362974,-0.01239471046865191,0.0009960158495232463,4.4765625,-0.5,0.5,6.383919124957174,-7745.929166118096,0.03151316195726395,3.4946929216384888,0.0031007250314966464,0.0,0.0,0.996015727519989,0.0009960158495232463,0.0009960158495232463,0.0009960158495232463,0.0009960158495232463
341,2.405870052497998,4.811740104995996,-0.015255143090345674,0.0009960158495232463,4.609375,0.5234375,-0.5234375,6.525119458034169,-9617.793043285305,0.03151316195726395,3.409349262714386,0.0031506131927017123,0.0,0.0,0.996015727519989,0.0009960158495232463,0.0009960158495232463,0.0009960158495232463,0.0009960158495232463
342,2.4061101912965723,4.812220382593145,-0.010140357536149952,0.0009960158495232463,4.6875,-0.1953125,0.1953125,6.769876749953255,-9058.69723827362,0.03151316195726395,3.437330702940623,0.003327014254561315,0.0,0.0,0.996015727519989,0.0009960158495232463,0.0009960158495232463,0.0009960158495232463,0.0009960158495232463
343,2.4063070355089478,4.8126140710178955,-0.016613094135641524,0.0009960158495232463,4.4453125,-0.734375,0.734375,6.335474082967266,-8952.398445612098,0.03151316195726395,3.4031912088394165,0.002985876077824893,0.0,0.0,0.996015727519989,0.0009960158495232463,0.0009960158495232463,0.0009960158495232463,0.0009960158495232463
344,2.4064881055107574,4.812976211021515,-0.006023876363932822,0.0009960158495232463,4.6171875,0.078125,-0.078125,6.5637015419779345,-8569.771744974978,0.03151316195726395,3.458744764328003,0.0029155450871864255,0.0,0.0,0.996015727519989,0.0009960158495232463,0.0009960158495232463,0.0009960158495232463,0.0009960158495232463
345,2.406681761046314,4.813363522092628,-0.016915412933403505,0.0009960158495232463,4.5078125,-0.390625,0.390625,6.477708666992839,-7874.410776716791,0.03151316195726395,3.4674522280693054,0.0031704139934542277,0.0,0.0,0.996015727519989,0.0009960158495232463,0.0009960158495232463,0.0009960158495232463,0.0009960158495232463
346,2.406855376809348,4.813710753618696,-0.007106776689809362,0.0009960158495232463,4.546875,-0.65625,0.65625,6.401131457998417,-8991.44196455913,0.03151316195726395,3.4990303913752236,0.0033454727672506124,0.0,0.0,0.996015727519989,0.0009960158495232463,0.0009960158495232463,0.0009960158495232463,0.0009960158495232463
347,2.407048296572494,4.814096593144988,-0.023647820258731914,0.0009960158495232463,4.5546875,-0.4296875,0.4296875,6.57580766704632,-8513.372145782,0.03151316195726395,3.570796489715576,0.0035427419061306864,0.0,0.0,0.996015727519989,0.0009960158495232463,0.0009960158495232463,0.0009960158495232463,0.0009960158495232463
348,2.407300702139091,4.814601404278182,-0.017877349602677957,0.0009960158495232463,4.5703125,-0.5078125,0.5078125,6.509617584000807,-10222.45808782333,0.03151316195726395,3.5310333172480264,0.0033588346074490496,0.0,0.0,0.996015727519989,0.0009960158495232463,0.0009960158495232463,0.0009960158495232463,0.0009960158495232463
349,2.4074818400221405,4.814963680044281,-0.013598361629440241,0.0009960158495232463,4.5390625,0.2265625,-0.2265625,6.453533082967624,-10484.917833784566,0.03151316195726395,3.489742894967397,0.0031923580778917917,0.0,0.0,0.996015727519989,0.0009960158495232463,0.0009960158495232463,0.0009960158495232463,0.0009960158495232463
350,2.407717778889646,4.815435557779292,-0.01635844668670668,0.0009960158495232463,4.6484375,-0.46875,0.46875,6.669534832995851,-9531.536028616769,0.03151316195726395,3.5037949879964194,0.0031783015777667365,0.0,0.0,0.996015727519989,0.0009960158495232463,0.0009960158495232463,0.0009960158495232463,0.0009960158495232463
351,2.4079264165032983,4.815852833006597,-0.007177334676736454,0.0009960158495232463,4.7109375,-0.1171875,0.1171875,6.696501124999486,-10073.630624141662,0.03151316195726395,3.498429318269094,0.003109188216816013,0.0,0.0,0.996015727519989,0.0009960158495232463,0.0009960158495232463,0.0009960158495232463,0.0009960158495232463
352,2.4081326118987816,4.816265223797563,-0.01737884580048021,0.0009960158495232463,4.546875,-0.609375,0.609375,6.466992833011318,-7968.582620076707,0.03151316195726395,3.5113260547320047,0.003181599585028986,0.0,0.0,0.996015727519989,0.0009960158495232463,0.0009960158495232463,0.0009960158495232463,0.0009960158495232463
353,2.408328913763847,4.816657827527694,-0.00854614865934309,0.0009960158495232463,4.5703125,-0.4296875,0.4296875,6.652462833968457,-10050.82665739141,0.03151316195726395,3.489342133204142,0.0031509148296512044,0.0,0.0,0.996015727519989,0.0009960158495232463,0.0009960158495232463,0.0009960158495232463,0.0009960158495232463
354,2.4086362940792156,4.817272588158431,-0.010290096365254265,0.0009960158495232463,4.515625,1.2265625,-1.2265625,6.444373292033561,-10081.68471070392,0.03151316195726395,3.531148314476013,0.003114161695217869,0.0,0.0,0.996015727519989,0.0009960158495232463,0.0009960158495232463,0.0009960158495232463,0.0009960158495232463
355,2.4088527840683316,4.817705568136663,-0.00674228547920689,0.0009960158495232463,4.3984375,-0.3515625,0.3515625,6.270085082971491,-10538.943381219731,0.03151316195726395,3.5364845395088196,0.0030443859965695688,0.0,0.0,0.996015727519989,0.0009960158495232463,0.0009960158495232463,0.0009960158495232463,0.0009960158495232463
356,2.4089907154400683,4.8179814308801365,-0.013187718412905343,0.0009960158495232463,4.5859375,-0.3203125,0.3203125,6.593298083986156,-10828.451330415637,0.03151316195726395,3.500679135322571,0.002643453093090405,0.0,0.0,0.996015727519989,0.0009960158495232463,0.0009960158495232463,0.0009960158495232463,0.0009960158495232463
357,2.409143264158257,4.818286528316514,-0.0051516012896362625,0.0009960158495232463,4.625,-0.203125,0.203125,6.535253792011645,-10769.48159867364,0.03151316195726395,3.48770139614741,0.0029814045653135204,0.0,0.0,0.996015727519989,0.0009960158495232463,0.0009960158495232463,0.0009960158495232463,0.0009960158495232463
358,2.409162106323085,4.81832421264617,-0.01111558492977217,0.0009960158495232463,4.6875,0.578125,-0.578125,6.640567291004118,-11697.720594914754,0.03151316195726395,3.496460715929667,0.003029351976389686,0.0,0.0,0.996015727519989,0.0009960158495232463,0.0009960158495232463,0.0009960158495232463,0.0009960158495232463
359,2.4092274762337698,4.8184549524675395,-0.01846577138964687,0.0009960158495232463,4.65625,0.3046875,-0.3046875,6.686059666972142,-10669.81179922219,0.03151316195726395,3.508632163206736,0.0029514284930579984,0.0,0.0,0.996015727519989,0.0009960158495232463,0.0009960158495232463,0.0009960158495232463,0.0009960158495232463
360,2.40933657125795,4.8186731425159,-0.011713799020273778,0.0009960158495232463,4.515625,0.203125,-0.203125,6.409289416973479,-9851.95459095252,0.03151316195726395,3.5479169885317483,0.0032953645568341017,0.0,0.0,0.996015727519989,0.0009960158495232463,0.0009960158495232463,0.0009960158495232463,0.0009960158495232463
361,2.40948101287926,4.81896202575852,-0.01444736619438174,0.0009960158495232463,4.6484375,0.1640625,-0.1640625,6.6223467090167105,-12068.364424659023,0.03151316195726395,3.530603349208832,0.0029377009050222114,0.0,0.0,0.996015727519989,0.0009960158495232463,0.0009960158495232463,0.0009960158495232463,0.0009960158495232463
362,2.4097283147612276,4.819456629522455,-0.018449447506039912,0.0009960158495232463,4.71875,0.0625,-0.0625,6.683080707967747,-11546.737311382167,0.03151316195726395,3.509610891342163,0.002940872380956231,0.0,0.0,0.996015727519989,0.0009960158495232463,0.0009960158495232463,0.0009960158495232463,0.0009960158495232463
363,2.4099401720874116,4.819880344174823,-0.018368109056783204,0.0009960158495232463,4.5390625,-0.1796875,0.1796875,6.494270584022161,-11109.134009697762,0.03151316195726395,3.5373866160710654,0.003096294113978123,0.0,0.0,0.996015727519989,0.0009960158495232463,0.0009960158495232463,0.0009960158495232463,0.0009960158495232463
364,2.4101468600317197,4.8202937200634395,-0.016965309780847874,0.0009960158495232463,4.671875,-0.0859375,0.0859375,6.607350875041448,-10503.374508886433,0.03151316195726395,3.5846670468648276,0.002978336273372406,0.0,0.0,0.996015727519989,0.0009960158495232463,0.0009960158495232463,0.0009960158495232463,0.0009960158495232463
365,2.410384597352131,4.820769194704262,-0.007035995619652456,0.0009960158495232463,4.4765625,-0.0078125,0.0078125,6.430674083007034,-12209.299694201085,0.03151316195726395,3.634062190850576,0.002988000613792489,0.0,0.0,0.996015727519989,0.0009960158495232463,0.0009960158495232463,0.0009960158495232463,0.0009960158495232463
366,2.410670224932155,4.82134044986431,-0.012539986249045416,0.0009960158495232463,4.484375,-0.546875,0.546875,6.391016208974179,-12921.287800326996,0.03151316195726395,3.660620152950287,0.003000340841632957,0.0,0.0,0.996015727519989,0.0009960158495232463,0.0009960158495232463,0.0009960158495232463,0.0009960158495232463
367,2.410809455259547,4.821618910519094,-0.01064865763743468,0.0009960158495232463,4.5234375,-1.0625,1.0625,6.443010375020094,-10962.890428638622,0.03151316195726395,3.6883397301038108,0.0031423859642624543,0.0,0.0,0.996015727519989,0.0009960158495232463,0.0009960158495232463,0.0009960158495232463,0.0009960158495232463
368,2.4109182244259517,4.821836448851903,-0.00938722384421381,0.0009960158495232463,4.4765625,-0.328125,0.328125,6.400862374983262,-10502.44067491994,0.03151316195726395,3.706208606561025,0.002874561095571456,0.0,0.0,0.996015727519989,0.0009960158495232463,0.0009960158495232463,0.0009960158495232463,0.0009960158495232463
369,2.410979575432864,4.821959150865728,-0.013370872138223652,0.0009960158495232463,4.4453125,-0.1953125,0.1953125,6.400171458022669,-10203.33067367366,0.03151316195726395,3.6845765908559165,0.0027564734700717963,0.0,0.0,0.996015727519989,0.0009960158495232463,0.0009960158495232463,0.0009960158495232463,0.0009960158495232463
370,2.410989352874955,4.82197870574991,-0.02496291822348397,0.0009960158495232463,4.515625,0.375,-0.375,6.433448916010093,-8140.751885199629,0.03151316195726395,3.6703661481539407,0.0032270657150850943,0.0,0.0,0.996015727519989,0.0009960158495232463,0.0009960158495232463,0.0009960158495232463,0.0009960158495232463
371,2.410969963801298,4.821939927602596,-0.011450432963563866,0.0009960158495232463,4.5078125,0.65625,-0.65625,6.502701416029595,-9775.076209664965,0.03151316195726395,3.6854547262191772,0.0030178607072836408,0.0,0.0,0.996015727519989,0.0009960158495232463,0.0009960158495232463,0.0009960158495232463,0.0009960158495232463
372,2.4111632793472384,4.822326558694477,-0.02181892947677296,0.0009960158495232463,4.3359375,-0.171875,0.171875,6.1617097920388915,-9694.646413634704,0.03151316195726395,3.7667949398358664,0.003225733914102117,0.0,0.0,0.996015727519989,0.0009960158495232463,0.0009960158495232463,0.0009960158495232463,0.0009960158495232463
373,2.4111705384665587,4.822341076933117,-0.02267262232052107,0.0009960158495232463,4.4375,0.3125,-0.3125,6.425652833015192,-9679.344062778311,0.03151316195726395,3.731090784072876,0.003260112755621473,0.0,0.0,0.996015727519989,0.0009960158495232463,0.0009960158495232463,0.0009960158495232463,0.0009960158495232463
374,2.4112230768386618,4.8224461536773235,-0.010103139270442646,0.0009960158495232463,4.609375,-0.109375,0.109375,6.524924332974479,-11268.94327423613,0.03151316195726395,3.7116970817248025,0.0029391915692637363,0.0,0.0,0.996015727519989,0.0009960158495232463,0.0009960158495232463,0.0009960158495232463,0.0009960158495232463
375,2.411266000196462,4.822532000392924,-0.01626179255794217,0.0009960158495232463,4.671875,-0.359375,0.359375,6.633387249952648,-10457.432041487167,0.03151316195726395,3.644629180431366,0.002703069194164224,0.0,0.0,0.996015727519989,0.0009960158495232463,0.0009960158495232463,0.0009960158495232463,0.0009960158495232463
376,2.4112675619363415,4.822535123872683,-0.0058846332573862705,0.0009960158495232463,4.5625,-0.109375,0.109375,6.618146750028245,-14591.39155973147,0.03151316195726395,3.645984490712484,0.002545211861918991,0.0,0.0,0.996015727519989,0.0009960158495232463,0.0009960158495232463,0.0009960158495232463,0.0009960158495232463
377,2.4112476264333584,4.822495252866717,-0.02083123750123347,0.0009960158495232463,4.5703125,0.84375,-0.84375,6.596081375028007,-10910.772487646902,0.03151316195726395,3.611649135748545,0.0028387112676379425,0.0,0.0,0.996015727519989,0.0009960158495232463,0.0009960158495232463,0.0009960158495232463,0.0009960158495232463
378,2.4113424147468985,4.822684829493797,-0.006566089082932446,0.0009960158495232463,4.5546875,0.1015625,-0.1015625,6.491610458004288,-13031.944405792918,0.03151316195726395,3.646936615308126,0.00298008369281888,0.0,0.0,0.996015727519989,0.0009960158495232463,0.0009960158495232463,0.0009960158495232463,0.0009960158495232463
379,2.41138013597668,4.82276027195336,-0.01621145547598315,0.0009960158495232463,4.6015625,0.1015625,-0.1015625,6.600029166031163,-11420.107305400441,0.03151316195726395,3.659560183684031,0.0032181414474810786,0.0,0.0,0.996015727519989,0.0009960158495232463,0.0009960158495232463,0.0009960158495232463,0.0009960158495232463
380,2.4114365735559993,4.8228731471119985,-0.012277951534111297,0.0009960158495232463,4.734375,-1.28125,1.28125,6.683194375014864,-9845.006897224452,0.03151316195726395,3.646751662095388,0.0033097659761551768,0.0,0.0,0.996015727519989,0.0009960158495232463,0.0009960158495232463,0.0009960158495232463,0.0009960158495232463
381,2.411535636291654,4.823071272583308,-0.010239124006256312,0.0009960158495232463,4.4765625,-0.5546875,0.5546875,6.380998499982525,-13961.319158504146,0.03151316195726395,3.6933811704317727,0.0027710537397069857,0.0,0.0,0.996015727519989,0.0009960158495232463,0.0009960158495232463,0.0009960158495232463,0.0009960158495232463
382,2.411634724501981,4.823269449003962,-0.017778858313328625,0.0009960158495232463,4.640625,0.6171875,-0.6171875,6.750598374987021,-11675.717761286984,0.03151316195726395,3.637200653553009,0.0029751095232010507,0.0,0.0,0.996015727519989,0.0009960158495232463,0.0009960158495232463,0.0009960158495232463,0.0009960158495232463
383,2.4117899941700753,4.823579988340151,-0.014813078723228368,0.0009960158495232463,4.625,-0.25,0.25,6.578824708994944,-13907.069449373193,0.03151316195726395,3.627387821674347,0.002820684681258475,0.0,0.0,0.996015727519989,0.0009960158495232463,0.0009960158495232463,0.0009960158495232463,0.0009960158495232463
384,2.4118819317801092,4.8237638635602185,-0.01076643056018041,0.0009960158495232463,4.59375,-0.5546875,0.5546875,6.5384325830382295,-13049.101672685065,0.03151316195726395,3.715371052424113,0.0030120267644330547,0.0,0.0,0.996015727519989,0.0009960158495232463,0.0009960158495232463,0.0009960158495232463,0.0009960158495232463
385,2.4119374806778806,4.823874961355761,-0.014086216242566223,0.0009960158495232463,4.40625,-0.0703125,0.0703125,6.382205791014712,-12618.842694573368,0.03151316195726395,3.737041473388672,0.00284296285341649,0.0,0.0,0.996015727519989,0.0009960158495232463,0.0009960158495232463,0.0009960158495232463,0.0009960158495232463
386,2.3912740367915135,4.782548073583027,-0.014547937876285886,0.000996017832209108,4.515625,0.8125,-0.8125,6.54046287498204,-12771.19524121617,0.031519769139871465,3.6632756988207498,0.0028128517781927562,0.0,0.0,0.9960147366185502,0.000996017832209108,0.0009970011233487472,0.000996017832209108,0.000996017832209108
387,2.4026409258919648,4.8052818517839295,-0.015284324844550425,0.0009961200820803012,4.609375,0.265625,-0.265625,6.563849166966975,-11612.943157056974,0.0485162305440438,3.7422162095705667,0.002854721220501233,0.0,0.0,0.9739144184425379,0.0009961200820803012,0.023097031694931627,0.0009961200820803012,0.0009961200820803012
388,2.5503650931556514,5.100730186311303,-0.024869202140058146,0.0009964657744717079,4.890625,0.2265625,-0.2265625,7.033380125008989,-16050.754582352376,0.13120248710242705,3.5808886090914407,0.0010044217021156026,0.0,0.0,0.8204765308457918,0.0009964657744717079,0.1765339534036806,0.0009964657744717079,0.0009964657744717079
389,2.5769651877609165,5.153930375521833,-0.019499999553585494,0.000996760296402499,4.84375,0.671875,-0.671875,6.876883207994979,-15543.430148851956,0.28592872814305365,3.246344288190206,-0.002352688529451067,0.0,0.0,0.3153459256253911,0.000996760296402499,0.6816637559673718,0.000996760296402499,0.000996760296402499
390,2.577591688992033,5.155183377984066,-0.02282899894721116,0.0009960159689283677,4.8671875,-1.0546875,1.0546875,6.854714875051286,-10481.415583308972,0.03151305019855499,2.8279810647169747,-0.002327758411411196,0.0,0.0,0.0009960159689283677,0.0009960159689283677,0.9960158467292786,0.0009960159689283677,0.0009960159689283677
391,2.5779875892169075,5.155975178433815,-0.01655031088093202,0.0009960159659385681,4.9609375,0.90625,-0.90625,7.066203833033796,-6272.757264144778,0.03151305019855499,2.597323705752691,-0.0014117457273338612,0.0,0.0,0.0009960159659385681,0.0009960159659385681,0.9960158467292786,0.0009960159659385681,0.0009960159659385681
392,2.578559890567399,5.157119781134798,-0.02076976177401403,0.0009960159659385681,4.8515625,0.3828125,-0.3828125,6.876755874953233,-7338.874686789398,0.03151305019855499,2.468932976325353,-0.0009561871740970673,0.0,0.0,0.0009960159659385681,0.0009960159659385681,0.9960158467292786,0.0009960159659385681,0.0009960159659385681
393,2.5791123106551246,5.158224621310249,-0.024767940340917068,0.0009960159659385681,4.9453125,-0.7890625,0.7890625,6.997841625008732,-5456.833338636546,0.03151305019855499,2.3578447302182517,-0.0006095981886270844,0.0,0.0,0.0009960159659385681,0.0009960159659385681,0.9960158467292786,0.0009960159659385681,0.0009960159659385681
394,2.579510767326809,5.159021534653618,-0.021878785087890634,0.0009960159659385681,4.8515625,0.0859375,-0.0859375,6.913751083018724,-7719.386359173319,0.03151305019855499,2.3027470310529075,-0.0005652004044047013,0.0,0.0,0.0009960159659385681,0.0009960159659385681,0.9960158467292786,0.0009960159659385681,0.0009960159659385681
395,2.5799846825164474,5.159969365032895,-0.022484821633723867,0.0009960159659385681,4.765625,0.78125,-0.78125,6.806767709029373,-6712.520922251217,0.03151305019855499,2.3341310123602548,-0.000360460173624233,0.0,0.0,0.0009960159659385681,0.0009960159659385681,0.9960158467292786,0.0009960159659385681,0.0009960159659385681
396,2.580416002428181,5.160832004856362,-0.024742397938711202,0.0009960159659385681,4.8515625,-0.375,0.375,6.866188874992076,-9497.004244056492,0.03151305019855499,2.34542249639829,-0.00048609845301446814,0.0,0.0,0.0009960159659385681,0.0009960159659385681,0.9960158467292786,0.0009960159659385681,0.0009960159659385681
397,2.5809558606865535,5.161911721373107,-0.017598051315736156,0.0009960159659385681,4.796875,-0.1484375,0.1484375,6.8229717089561746,-12000.211288924325,0.03151305019855499,2.336619089047114,-0.000506134778940274,0.0,0.0,0.0009960159659385681,0.0009960159659385681,0.9960158467292786,0.0009960159659385681,0.0009960159659385681
398,2.5815250191720542,5.1630500383441085,-0.024005950129360142,0.0009960159659385681,4.78125,0.3046875,-0.3046875,6.950839207973331,-11090.39555014816,0.03151305019855499,2.3492456475893655,-0.0009077199950600819,0.0,0.0,0.0009960159659385681,0.0009960159659385681,0.9960158467292786,0.0009960159659385681,0.0009960159659385681
399,2.5820576791895213,5.164115358379043,-0.033894105959332184,0.0009960159659385681,4.8515625,0.6640625,-0.6640625,6.863726082956418,-12085.208937738636,0.03151305019855499,2.3448279003302255,-0.0012007214487918343,0.0,0.0,0.0009960159659385681,0.0009960159659385681,0.9960158467292786,0.0009960159659385681,0.0009960159659385681
400,2.5825198455162983,5.165039691032597,-0.018146176518176623,0.0009960159659385681,5.0234375,-0.7890625,0.7890625,7.213883667020127,-9653.63848036889,0.03151305019855499,2.357586979866028,-0.0010768334032036364,0.0,0.0,0.0009960159659385681,0.0009960159659385681,0.9960158467292786,0.0009960159659385681,0.0009960159659385681
401,2.5831648119809856,5.166329623961971,-0.02477339171102907,0.0009960159659385681,4.8671875,-0.2890625,0.2890625,6.894462166004814,-10835.147139449755,0.03151305019855499,2.420970171689987,-0.0011231194160548814,0.0,0.0,0.0009960159659385681,0.0009960159659385681,0.9960158467292786,0.0009960159659385681,0.0009960159659385681
402,2.5838458407393734,5.167691681478747,-0.030133671862505686,0.0009960159659385681,4.8125,0.234375,-0.234375,6.747818166972138,-11033.498406942788,0.03151305019855499,2.433299412329992,-0.0014820956688102644,0.0,0.0,0.0009960159659385681,0.0009960159659385681,0.9960158467292786,0.0009960159659385681,0.0009960159659385681
403,2.584335307236529,5.168670614473058,-0.022751563669466443,0.0009960159659385681,4.921875,-0.1171875,0.1171875,6.896678916993551,-12654.314112902444,0.03151305019855499,2.476093570391337,-0.0016040754671848845,0.0,0.0,0.0009960159659385681,0.0009960159659385681,0.9960158467292786,0.0009960159659385681,0.0009960159659385681
404,2.584810336436722,5.169620672873444,-0.011480807573041053,0.0009960159659385681,5.03125,-0.15625,0.15625,7.197341291990597,-10005.61743116675,0.03151305019855499,2.4779919385910034,-0.001512861223697352,0.0,0.0,0.0009960159659385681,0.0009960159659385681,0.9960158467292786,0.0009960159659385681,0.0009960159659385681
405,2.5853688565127406,5.170737713025481,-0.02836550836570158,0.0009960159659385681,5.2265625,1.0234375,-1.0234375,7.334089707990643,-11430.992526477763,0.03151305019855499,2.4950399498144784,-0.0014641157257149946,0.0,0.0,0.0009960159659385681,0.0009960159659385681,0.9960158467292786,0.0009960159659385681,0.0009960159659385681
406,2.5859636985831504,5.171927397166301,-0.01620954381205187,0.0009960159659385681,5,0.4453125,-0.4453125,7.0520200410392135,-14370.848496294022,0.03151305019855499,2.4555344382921853,-0.0017129571351688355,0.0,0.0,0.0009960159659385681,0.0009960159659385681,0.9960158467292786,0.0009960159659385681,0.0009960159659385681
407,2.5864818842601034,5.172963768520207,-0.022184022457204123,0.0009960159659385681,4.9921875,-0.40625,0.40625,7.097061584005132,-11822.960353893106,0.03151305019855499,2.492020756006241,-0.0016631573477449517,0.0,0.0,0.0009960159659385681,0.0009960159659385681,0.9960158467292786,0.0009960159659385681,0.0009960159659385681
408,2.5870029166601225,5.174005833320245,-0.022369216614413823,0.0009960159659385681,5.0703125,-0.5859375,0.5859375,7.185449542012066,-18802.037022994737,0.03151305019855499,2.5366076231002808,-0.0030626000249564336,0.0,0.0,0.0009960159659385681,0.0009960159659385681,0.9960158467292786,0.0009960159659385681,0.0009960159659385681
409,2.5877023803480155,5.175404760696031,-0.014275072863961376,0.0009960159659385681,4.9453125,0.8984375,-0.8984375,6.9575408329837956,-12147.824539497942,0.03151305019855499,2.6613332430521646,-0.003310734474022562,0.0,0.0,0.0009960159659385681,0.0009960159659385681,0.9960158467292786,0.0009960159659385681,0.0009960159659385681
410,2.5884098350277056,5.176819670055411,-0.013983221050148447,0.0009960159659385681,5.0390625,1.078125,-1.078125,7.132583083992358,-13921.340236551447,0.03151305019855499,2.635248045126597,-0.002919516533438582,0.0,0.0,0.0009960159659385681,0.0009960159659385681,0.9960158467292786,0.0009960159659385681,0.0009960159659385681
411,2.5890303642018058,5.1780607284036115,-0.014382142528885302,0.0009960159659385681,4.890625,0.09375,-0.09375,6.925518958014436,-15955.051090472041,0.03151305019855499,2.6066128611564636,-0.0029092417719311925,0.0,0.0,0.0009960159659385681,0.0009960159659385681,0.9960158467292786,0.0009960159659385681,0.0009960159659385681
412,2.5894929226790175,5.178985845358035,-0.017012149980267354,0.0009960159659385681,4.953125,-0.2109375,0.2109375,7.0016405420028605,-13634.82177753629,0.03151305019855499,2.6055494050184884,-0.002518006160547278,0.0,0.0,0.0009960159659385681,0.0009960159659385681,0.9960158467292786,0.0009960159659385681,0.0009960159659385681
413,2.5899936812000255,5.179987362400051,-0.019270945824441266,0.0009960159659385681,4.9609375,0.6328125,-0.6328125,6.940452457987703,-9813.680388154758,0.03151305019855499,2.6862003008524575,-0.003223166257763902,0.0,0.0,0.0009960159659385681,0.0009960159659385681,0.9960158467292786,0.0009960159659385681,0.0009960159659385681
414,2.590550838144847,5.181101676289694,-0.024579548286367072,0.0009960159659385681,4.7109375,0.25,-0.25,6.6954639999894425,-13537.712935869966,0.03151305019855499,2.70353364944458,-0.003300748343463056,0.0,0.0,0.0009960159659385681,0.0009960159659385681,0.9960158467292786,0.0009960159659385681,0.0009960159659385681
415,2.591082670758568,5.182165341517136,-0.024998817477038852,0.0009960159659385681,5.015625,0.7421875,-0.7421875,7.097583374998067,-12843.77625217616,0.03151305019855499,2.68661359945933,-0.002563589790952392,0.0,0.0,0.0009960159659385681,0.0009960159659385681,0.9960158467292786,0.0009960159659385681,0.0009960159659385681
416,2.591579396662518,5.183158793325036,-0.0219257141066623,0.0009960159659385681,5.015625,0.109375,-0.109375,7.0634961249888875,-16015.779075670094,0.03151305019855499,2.6276873449484506,-0.002274515269770442,0.0,0.0,0.0009960159659385681,0.0009960159659385681,0.9960158467292786,0.0009960159659385681,0.0009960159659385681
417,2.592085672704277,5.184171345408554,-0.012780915691198408,0.0009960159659385681,4.8515625,0.2578125,-0.2578125,6.903210124990437,-16443.14192332392,0.03151305019855499,2.5897622803846994,-0.0025192099710693583,0.0,0.0,0.0009960159659385681,0.0009960159659385681,0.9960158467292786,0.0009960159659385681,0.0009960159659385681
418,2.592469380829051,5.184938761658102,-0.016703116402259872,0.0009960159659385681,5.0859375,0.3515625,-0.3515625,7.188732542039361,-19056.726852604505,0.03151305019855499,2.574306199947993,-0.002373831123501683,0.0,0.0,0.0009960159659385681,0.0009960159659385681,0.9960158467292786,0.0009960159659385681,0.0009960159659385681
419,2.5928435123541744,5.185687024708349,-0.01933893915329432,0.0009960159659385681,4.8828125,0.0,0.0,6.9425730840303,-15681.344021459961,0.03151305019855499,2.575058192014694,-0.0023136513142768913,0.0,0.0,0.0009960159659385681,0.0009960159659385681,0.9960158467292786,0.0009960159659385681,0.0009960159659385681
420,2.593259451514137,5.186518903028274,-0.028583520053601003,0.0009960159659385681,4.921875,-0.640625,0.640625,6.924157583969645,-19099.135328528995,0.03151305019855499,2.536281635363897,-0.002289500191788344,0.0,0.0,0.0009960159659385681,0.0009960159659385681,0.9960158467292786,0.0009960159659385681,0.0009960159659385681
421,2.593601029932606,5.187202059865212,-0.025797015177368356,0.0009960159659385681,4.8671875,-0.390625,0.390625,6.913743541983422,-13288.653099047813,0.03151305019855499,2.476943552494049,-0.0019038514049801354,0.0,0.0,0.0009960159659385681,0.0009960159659385681,0.9960158467292786,0.0009960159659385681,0.0009960159659385681
422,2.594063596436741,5.188127192873482,-0.023381791940905592,0.0009960159659385681,5.0234375,-0.546875,0.546875,7.0434125840547495,-10748.410572817314,0.03151305019855499,2.4652288456757865,-0.0019043758171998586,0.0,0.0,0.0009960159659385681,0.0009960159659385681,0.9960158467292786,0.0009960159659385681,0.0009960159659385681
423,2.5945780432067362,5.1891560864134725,-0.020831633232110947,0.0009960159659385681,4.90625,0.34375,-0.34375,6.887401666957885,-12236.078976406414,0.03151305019855499,2.484831025203069,-0.0017651720336289145,0.0,0.0,0.0009960159659385681,0.0009960159659385681,0.9960158467292786,0.0009960159659385681,0.0009960159659385681
424,2.5952011574543983,5.1904023149087966,-0.02550581920275234,0.0009960159659385681,4.8671875,0.328125,-0.328125,6.915105542051606,-9496.65797159798,0.03151305019855499,2.551090290149053,-0.0021394787387786587,0.0,0.0,0.0009960159659385681,0.0009960159659385681,0.9960158467292786,0.0009960159659385681,0.0009960159659385681
425,2.5958533831632655,5.191706766326531,-0.02023160766455002,0.0009960159659385681,5.0390625,0.4140625,-0.4140625,7.130936292000115,-13448.46415736472,0.03151305019855499,2.5296738942464194,-0.002034692218027582,0.0,0.0,0.0009960159659385681,0.0009960159659385681,0.9960158467292786,0.0009960159659385681,0.0009960159659385681
426,2.596569457857097,5.193138915714194,-0.023195256517845018,0.0009960159659385681,4.9921875,0.6953125,-0.6953125,6.984095917025115,-11610.401035935665,0.03151305019855499,2.5227546195189157,-0.002199741985047391,0.0,0.0,0.0009960159659385681,0.0009960159659385681,0.9960158467292786,0.0009960159659385681,0.0009960159659385681
427,2.59714629992454,5.19429259984908,-0.015453466163078163,0.0009960159659385681,4.9296875,0.7265625,-0.7265625,7.028933874971699,-12110.852066620406,0.03151305019855499,2.5092457135518393,-0.0019261013561238844,0.0,0.0,0.0009960159659385681,0.0009960159659385681,0.9960158467292786,0.0009960159659385681,0.0009960159659385681
428,2.597758112222838,5.195516224445676,-0.013517926590180952,0.0009960159659385681,4.8515625,1.0625,-1.0625,6.819486792024691,-14559.656139945062,0.03151305019855499,2.5260918339093528,-0.002042219891639737,0.0,0.0,0.0009960159659385681,0.0009960159659385681,0.9960158467292786,0.0009960159659385681,0.0009960159659385681
429,2.598383436415779,5.196766872831558,-0.022528774492480773,0.0009960159659385681,4.8984375,-0.015625,0.015625,6.915429791028146,-17440.076143426,0.03151305019855499,2.534698098897934,-0.002076853061832177,0.0,0.0,0.0009960159659385681,0.0009960159659385681,0.9960158467292786,0.0009960159659385681,0.0009960159659385681
430,2.5990959169098655,5.198191833819731,-0.02156419423805622,0.0009960159659385681,4.9140625,0.1953125,-0.1953125,7.034651416994166,-13228.734236870358,0.03151305019855499,2.573204825321833,-0.0025238712066008397,0.0,0.0,0.0009960159659385681,0.0009960159659385681,0.9960158467292786,0.0009960159659385681,0.0009960159659385681
431,2.599769270911055,5.19953854182211,-0.021063314739640345,0.0009960159659385681,5,0.0859375,-0.0859375,7.054671583988238,-16052.007246613503,0.03151305019855499,2.5776321987311044,-0.002276232147172171,0.0,0.0,0.0009960159659385681,0.0009960159659385681,0.9960158467292786,0.0009960159659385681,0.0009960159659385681
432,2.6005302001398336,5.201060400279667,-0.01674505789800974,0.0009960159659385681,5.0078125,-0.0234375,0.0234375,7.018062791961711,-16141.255679983058,0.03151305019855499,2.5740235845247903,-0.002466841683296176,0.0,0.0,0.0009960159659385681,0.0009960159659385681,0.9960158467292786,0.0009960159659385681,0.0009960159659385681
433,2.601309436583503,5.202618873167006,-0.012310397795747004,0.0009960159659385681,4.765625,0.0859375,-0.0859375,6.741029541997705,-14777.004414067504,0.03151305019855499,2.5996322433153787,-0.002557138838710671,0.0,0.0,0.0009960159659385681,0.0009960159659385681,0.9960158467292786,0.0009960159659385681,0.0009960159659385681
434,2.602038695363766,5.204077390727532,-0.01632707533918891,0.0009960159659385681,4.875,0.109375,-0.109375,6.885178707947489,-17407.133573287574,0.03151305019855499,2.5805437167485556,-0.002431208510339881,0.0,0.0,0.0009960159659385681,0.0009960159659385681,0.9960158467292786,0.0009960159659385681,0.0009960159659385681
435,2.6029213043289436,5.205842608657887,-0.020115876630348088,0.0009960159659385681,4.8203125,0.46875,-0.46875,6.803886000008788,-14186.990856621987,0.03151305019855499,2.5584859549999237,-0.002281345186929684,0.0,0.0,0.0009960159659385681,0.0009960159659385681,0.9960158467292786,0.0009960159659385681,0.0009960159659385681
436,2.603757687339612,5.207515374679224,-0.010032373349617497,0.0009960159659385681,5.0625,-0.4921875,0.4921875,7.105075582978316,-15944.125855339898,0.03151305019855499,2.5366547107696533,-0.0022120428408622197,0.0,0.0,0.0009960159659385681,0.0009960159659385681,0.9960158467292786,0.0009960159659385681,0.0009960159659385681
437,2.604588755449411,5.209177510898822,-0.013244050032303537,0.0009960159659385681,4.8671875,0.4140625,-0.4140625,7.0689492499805056,-22452.013328980865,0.03151305019855499,2.5412199000517526,-0.0024953496370775006,0.0,0.0,0.0009960159659385681,0.0009960159659385681,0.9960158467292786,0.0009960159659385681,0.0009960159659385681
438,2.6054781529816022,5.2109563059632045,-0.022417820892699183,0.0009960159659385681,4.8671875,0.8046875,-0.8046875,6.929594749992248,-16150.72083411056,0.03151305019855499,2.582189510265986,-0.0024571856605083062,0.0,0.0,0.0009960159659385681,0.0009960159659385681,0.9960158467292786,0.0009960159659385681,0.0009960159659385681
439,2.606302427027127,5.212604854054254,-0.014872104011300208,0.0009960159659385681,5.09375,0.0390625,-0.0390625,7.164634249988012,-19447.838470693016,0.03151305019855499,2.5781669318675995,-0.002445016463752836,0.0,0.0,0.0009960159659385681,0.0009960159659385681,0.9960158467292786,0.0009960159659385681,0.0009960159659385681
440,2.6070931016234034,5.214186203246807,-0.013956602612731158,0.0009960159659385681,4.75,0.2890625,-0.2890625,6.85414612502791,-16612.373850722062,0.03151305019855499,2.5662216742833457,-0.002340917446417734,0.0,0.0,0.0009960159659385681,0.0009960159659385681,0.9960158467292786,0.0009960159659385681,0.0009960159659385681
441,2.607777332229861,5.215554664459722,-0.008466184582529988,0.0009960159659385681,4.8828125,0.3671875,-0.3671875,6.903085749945603,-14092.571105615234,0.03151305019855499,2.5759953955809274,-0.0025406808223730573,0.0,0.0,0.0009960159659385681,0.0009960159659385681,0.9960158467292786,0.0009960159659385681,0.0009960159659385681
442,2.608328605317945,5.21665721063589,-0.014973435626636736,0.0009960159659385681,4.9609375,0.296875,-0.296875,6.943844542023726,-8586.103063436192,0.03151305019855499,2.602690269549688,-0.002349908599474778,0.0,0.0,0.0009960159659385681,0.0009960159659385681,0.9960158467292786,0.0009960159659385681,0.0009960159659385681
443,2.608790141359272,5.217580282718544,-0.012058450771382971,0.0009960159659385681,4.9296875,0.421875,-0.421875,7.0319340829737484,-12425.843368506092,0.03151305019855499,2.654739201068878,-0.0025494129513390362,0.0,0.0,0.0009960159659385681,0.0009960159659385681,0.9960158467292786,0.0009960159659385681,0.0009960159659385681
444,2.609147999923274,5.218295999846548,-0.015123326686904207,0.0009960159659385681,5.078125,-0.171875,0.171875,7.163396124960855,-13153.494384671725,0.03151305019855499,2.6081294417381287,-0.0022267491549428087,0.0,0.0,0.0009960159659385681,0.0009960159659385681,0.9960158467292786,0.0009960159659385681,0.0009960159659385681
445,2.6095735339741664,5.219147067948333,-0.018253769287736275,0.0009960159659385681,4.8828125,0.1171875,-0.1171875,6.926416000002064,-14183.604126220704,0.03151305019855499,2.550001859664917,-0.0019886020527337678,0.0,0.0,0.0009960159659385681,0.0009960159659385681,0.9960158467292786,0.0009960159659385681,0.0009960159659385681
446,2.6100028169471985,5.220005633894397,-0.014350265956614264,0.0009960159659385681,4.828125,-0.1953125,0.1953125,6.841960875026416,-16572.476580771043,0.03151305019855499,2.5839546024799347,-0.0022468543999517956,0.0,0.0,0.0009960159659385681,0.0009960159659385681,0.9960158467292786,0.0009960159659385681,0.0009960159659385681
447,2.610459136953777,5.220918273907554,-0.007650700515808682,0.0009960159659385681,4.78125,-0.5703125,0.5703125,6.803171083971392,-23408.665476431255,0.03151305019855499,2.5659362574418387,-0.0022954767725119987,0.0,0.0,0.0009960159659385681,0.0009960159659385681,0.9960158467292786,0.0009960159659385681,0.0009960159659385681
448,2.6109724156057217,5.221944831211443,-0.00866337278448111,0.0009960159659385681,4.9765625,0.90625,-0.90625,6.969276458024979,-20413.22523237435,0.03151305019855499,2.573758135239283,-0.0023594156421798593,0.0,0.0,0.0009960159659385681,0.0009960159659385681,0.9960158467292786,0.0009960159659385681,0.0009960159659385681
449,2.6114809066570626,5.222961813314125,-0.008431002506080178,0.0009960159659385681,4.7421875,0.65625,-0.65625,6.712680791970342,-19171.0287361962,0.03151305019855499,2.559035301208496,-0.0023814144224161282,0.0,0.0,0.0009960159659385681,0.0009960159659385681,0.9960158467292786,0.0009960159659385681,0.0009960159659385681
450,2.6120280274511174,5.224056054902235,-0.011950744825751342,0.0009960159659385681,4.8359375,0.9921875,-0.9921875,6.851963042048737,-22018.91943467838,0.03151305019855499,2.543623596429825,-0.0023230082297232,0.0,0.0,0.0009960159659385681,0.0009960159659385681,0.9960158467292786,0.0009960159659385681,0.0009960159659385681
451,2.6125471608369795,5.225094321673959,-0.011344747001328304,0.0009960159659385681,4.8984375,0.3828125,-0.3828125,6.993731333001051,-17635.51590905197,0.03151305019855499,2.5418831507364907,-0.002467336261664362,0.0,0.0,0.0009960159659385681,0.0009960159659385681,0.9960158467292786,0.0009960159659385681,0.0009960159659385681
452,2.613035912131563,5.226071824263126,-0.014232152836778287,0.0009960159659385681,4.8203125,-0.828125,0.828125,6.770458542043343,-20462.953506791226,0.03151305019855499,2.5850815176963806,-0.002623402135213837,0.0,0.0,0.0009960159659385681,0.0009960159659385681,0.9960158467292786,0.0009960159659385681,0.0009960159659385681
453,2.6135074620134016,5.227014924026803,-0.01274421296298119,0.0009960159659385681,4.96875,-0.0078125,0.0078125,7.042890583048575,-18416.74249464311,0.03151305019855499,2.545524994532267,-0.0023748299766642353,0.0,0.0,0.0009960159659385681,0.0009960159659385681,0.9960158467292786,0.0009960159659385681,0.0009960159659385681
454,2.6139802081305143,5.227960416261029,-0.011034387201188073,0.0009960159659385681,4.9453125,0.7734375,-0.7734375,7.106411957996897,-18120.165309526343,0.03151305019855499,2.553381621837616,-0.0024011139563905695,0.0,0.0,0.0009960159659385681,0.0009960159659385681,0.9960158467292786,0.0009960159659385681,0.0009960159659385681
455,2.6144783921683716,5.228956784336743,-0.013290905538234097,0.0009960159659385681,5.0703125,0.34375,-0.34375,7.219879875017796,-18544.76847164583,0.03151305019855499,2.590666870276133,-0.0022983665536836875,0.0,0.0,0.0009960159659385681,0.0009960159659385681,0.9960158467292786,0.0009960159659385681,0.0009960159659385681
456,2.614990269721975,5.22998053944395,-0.015711437763213938,0.0009960159659385681,4.8671875,-0.6484375,0.6484375,6.945384917024057,-20475.36311328086,0.03151305019855499,2.617890179157257,-0.002515694718264664,0.0,0.0,0.0009960159659385681,0.0009960159659385681,0.9960158467292786,0.0009960159659385681,0.0009960159659385681
457,2.615556738259596,5.231113476519192,-0.007689493940081516,0.0009960159659385681,5.0703125,0.9296875,-0.9296875,7.152480999997351,-17402.825348934886,0.03151305019855499,2.623457302649816,-0.0025455280653356263,0.0,0.0,0.0009960159659385681,0.0009960159659385681,0.9960158467292786,0.0009960159659385681,0.0009960159659385681
458,2.616168674267251,5.232337348534502,-0.01124593438386728,0.0009960159659385681,4.8125,-0.265625,0.265625,6.790186917001847,-17116.23927079238,0.03151305019855499,2.7041290203730264,-0.002582399974926375,0.0,0.0,0.0009960159659385681,0.0009960159659385681,0.9960158467292786,0.0009960159659385681,0.0009960159659385681
459,2.616845007490187,5.233690014980374,-0.015483454775156833,0.0009960159659385681,5.1015625,-0.3046875,0.3046875,7.168464708025567,-21146.036827239288,0.03151305019855499,2.7084060311317444,-0.002855405618902296,0.0,0.0,0.0009960159659385681,0.0009960159659385681,0.9960158467292786,0.0009960159659385681,0.0009960159659385681
460,2.6174586724045374,5.234917344809075,-0.015177448566241293,0.0009960159659385681,4.890625,0.53125,-0.53125,6.889415082987398,-26886.736776236146,0.03151305019855499,2.6889427304267883,-0.0026622171426424757,0.0,0.0,0.0009960159659385681,0.0009960159659385681,0.9960158467292786,0.0009960159659385681,0.0009960159659385681
461,2.6180873657418893,5.2361747314837785,-0.0051383563604290965,0.0009960159659385681,4.90625,0.6953125,-0.6953125,6.891911290993448,-15802.468361289637,0.03151305019855499,2.7133091588815055,-0.002738732859143056,0.0,0.0,0.0009960159659385681,0.0009960159659385681,0.9960158467292786,0.0009960159659385681,0.0009960159659385681
462,2.618768438101405,5.23753687620281,-0.0106229360863018,0.0009960159659385681,4.9609375,0.0,0.0,7.079561249993276,-19973.842763633427,0.03151305019855499,2.7082727551460266,-0.002987469580451337,0.0,0.0,0.0009960159659385681,0.0009960159659385681,0.9960158467292786,0.0009960159659385681,0.0009960159659385681
463,2.6194192747863125,5.238838549572625,-0.00920069168973597,0.0009960159659385681,4.921875,0.7734375,-0.7734375,6.970608917006757,-16576.07520979624,0.03151305019855499,2.740710347890854,-0.003047409486801674,0.0,0.0,0.0009960159659385681,0.0009960159659385681,0.9960158467292786,0.0009960159659385681,0.0009960159659385681
464,2.6200868929645713,5.240173785929143,-0.010993189166528364,0.0009960159659385681,4.8671875,0.484375,-0.484375,6.86794408300193,-21802.33437522533,0.03151305019855499,2.7250358362992606,-0.0031601786128400513,0.0,0.0,0.0009960159659385681,0.0009960159659385681,0.9960158467292786,0.0009960159659385681,0.0009960159659385681
465,2.6207250639648856,5.241450127929771,-0.011114603369103653,0.0009960159659385681,4.875,0.25,-0.25,6.87457095796708,-29109.185878851476,0.03151305019855499,2.7378769318262735,-0.0032850640224448093,0.0,0.0,0.0009960159659385681,0.0009960159659385681,0.9960158467292786,0.0009960159659385681,0.0009960159659385681
466,2.621260996042424,5.242521992084848,-0.009501708850560037,0.0009960159659385681,5.0546875,0.25,-0.25,7.201814582978841,-19158.61675666915,0.03151305019855499,2.7213312288125358,-0.0026996522986640534,0.0,0.0,0.0009960159659385681,0.0009960159659385681,0.9960158467292786,0.0009960159659385681,0.0009960159659385681
467,2.621792274630322,5.243584549260644,-0.006817373785422728,0.0009960159659385681,5.015625,0.96875,-0.96875,7.090156499994919,-20450.983061318086,0.03151305019855499,2.700489858786265,-0.002675483604737868,0.0,0.0,0.0009960159659385681,0.0009960159659385681,0.9960158467292786,0.0009960159659385681,0.0009960159659385681
468,2.62242860051195,5.2448572010239,-0.01316972080153236,0.0009960159659385681,5.015625,-0.140625,0.140625,7.04083970800275,-24680.11587543428,0.03151305019855499,2.7138177255789437,-0.0027455626065299534,0.0,0.0,0.0009960159659385681,0.0009960159659385681,0.9960158467292786,0.0009960159659385681,0.0009960159659385681
469,2.623104930558998,5.246209861117996,-0.01124933983514419,0.0009960159659385681,4.875,0.6015625,-0.6015625,6.898053082986735,-18887.09037575355,0.03151305019855499,2.7033351560433707,-0.0028718482256711773,0.0,0.0,0.0009960159659385681,0.0009960159659385681,0.9960158467292786,0.0009960159659385681,0.0009960159659385681
470,2.623546486661267,5.247092973322534,-0.006578245964371264,0.0009960159659385681,4.6875,0.3828125,-0.3828125,6.627863957954105,-24800.550799153647,0.03151305019855499,2.682788004477819,-0.003178042398455242,0.0,0.0,0.0009960159659385681,0.0009960159659385681,0.9960158467292786,0.0009960159659385681,0.0009960159659385681
471,2.623934132844055,5.24786826568811,-0.006904370415707888,0.0009960159659385681,4.9375,-0.046875,0.046875,6.9558575410046615,-21380.572044227698,0.03151305019855499,2.7214576403299966,-0.002960179641377181,0.0,0.0,0.0009960159659385681,0.0009960159659385681,0.9960158467292786,0.0009960159659385681,0.0009960159659385681
472,2.624342697368765,5.24868539473753,-0.004347078353597134,0.0009960159659385681,4.875,-0.25,0.25,6.826039083010983,-21537.787177697206,0.03151305019855499,2.750624974568685,-0.0030917846403705576,0.0,0.0,0.0009960159659385681,0.0009960159659385681,0.9960158467292786,0.0009960159659385681,0.0009960159659385681
473,2.6247842642697226,5.249568528539445,-0.013387404767644962,0.0009960159659385681,4.8515625,-0.6796875,0.6796875,6.900530999992043,-16276.621643803546,0.03151305019855499,2.7156884968280792,-0.0028080098951856294,0.0,0.0,0.0009960159659385681,0.0009960159659385681,0.9960158467292786,0.0009960159659385681,0.0009960159659385681
474,2.625243766842198,5.250487533684396,-0.006970624800604455,0.0009960159659385681,5.0234375,1.6171875,-1.6171875,7.134974415996112,-21416.320757638983,0.03151305019855499,2.6746912598609924,-0.0025144388685779027,0.0,0.0,0.0009960159659385681,0.0009960159659385681,0.9960158467292786,0.0009960159659385681,0.0009960159659385681
475,2.625578948926859,5.251157897853718,-0.01017414895871647,0.0009960159659385681,4.703125,0.8671875,-0.8671875,6.825250249996316,-20564.923115727117,0.03151305019855499,2.676702708005905,-0.002625963752507232,0.0,0.0,0.0009960159659385681,0.0009960159659385681,0.9960158467292786,0.0009960159659385681,0.0009960159659385681
476,2.625817157501711,5.251634315003422,-0.008400407038008885,0.0009960159659385681,4.84375,-0.0078125,0.0078125,6.849957207974512,-28080.834183969804,0.03151305019855499,2.6692458987236023,-0.00279233631833146,0.0,0.0,0.0009960159659385681,0.0009960159659385681,0.9960158467292786,0.0009960159659385681,0.0009960159659385681
477,2.6260183454895785,5.252036690979157,-0.012129827308154833,0.0009960159659385681,4.765625,0.171875,-0.171875,6.763156541972421,-30863.014060598904,0.03151305019855499,2.7223894596099854,-0.0031126373457179093,0.0,0.0,0.0009960159659385681,0.0009960159659385681,0.9960158467292786,0.0009960159659385681,0.0009960159659385681
478,2.626233774584988,5.252467549169976,-0.007546131403855637,0.0009960159659385681,5.046875,0.9375,-0.9375,7.060294417024124,-25094.255887388816,0.03151305019855499,2.7325919965902963,-0.0029548112458238998,0.0,0.0,0.0009960159659385681,0.0009960159659385681,0.9960158467292786,0.0009960159659385681,0.0009960159659385681
479,2.626476348392027,5.252952696784054,-0.004441497603201661,0.0009960159659385681,4.96875,-0.0625,0.0625,7.022460833017249,-21179.578938274262,0.03151305019855499,2.7208532889684043,-0.002801278572102698,0.0,0.0,0.0009960159659385681,0.0009960159659385681,0.9960158467292786,0.0009960159659385681,0.0009960159659385681
480,2.6266390626560545,5.253278125312109,-0.01154002507660298,0.0009960159659385681,4.953125,-0.171875,0.171875,6.9228684160043485,-24687.030511898196,0.03151305019855499,2.7091767489910126,-0.002854685051715933,0.0,0.0,0.0009960159659385681,0.0009960159659385681,0.9960158467292786,0.0009960159659385681,0.0009960159659385681
481,2.6267498584572975,5.253499716914595,-0.0052030387183334545,0.0009960159659385681,5.1171875,0.3359375,-0.3359375,7.180351582996082,-20523.119695113088,0.03151305019855499,2.769118388493856,-0.0028813092988760522,0.0,0.0,0.0009960159659385681,0.0009960159659385681,0.9960158467292786,0.0009960159659385681,0.0009960159659385681
482,2.62688262305847,5.25376524611694,-0.015723075764730764,0.0009960159659385681,5.09375,0.328125,-0.328125,7.1456650830223225,-21273.59930312268,0.03151305019855499,2.7760566969712577,-0.002907277337120225,0.0,0.0,0.0009960159659385681,0.0009960159659385681,0.9960158467292786,0.0009960159659385681,0.0009960159659385681
483,2.6270327467315924,5.254065493463185,-0.015788763265700445,0.0009960159659385681,4.984375,0.078125,-0.078125,7.129683541948907,-19207.81626370708,0.03151305019855499,2.82070325811704,-0.0034083201365623004,0.0,0.0,0.0009960159659385681,0.0009960159659385681,0.9960158467292786,0.0009960159659385681,0.0009960159659385681
484,2.6271687843844904,5.254337568768981,-0.006215409521303225,0.0009960159659385681,4.8359375,0.34375,-0.34375,6.973945458012167,-21570.894023050976,0.03151305019855499,2.8300651212533317,-0.0034260525329348943,0.0,0.0,0.0009960159659385681,0.0009960159659385681,0.9960158467292786,0.0009960159659385681,0.0009960159659385681
485,2.6273854368522995,5.254770873704599,-0.0066242494670337125,0.0009960159659385681,4.890625,0.6328125,-0.6328125,6.834948540956248,-23686.90333328003,0.03151305019855499,2.8223174115022025,-0.0033869393470619493,0.0,0.0,0.0009960159659385681,0.0009960159659385681,0.9960158467292786,0.0009960159659385681,0.0009960159659385681
486,2.627659862045256,5.255319724090512,-0.011476631606559085,0.0009960159659385681,4.734375,0.078125,-0.078125,6.812454207974952,-20909.117281469968,0.03151305019855499,2.832031180461248,-0.003637928302244594,0.0,0.0,0.0009960159659385681,0.0009960159659385681,0.9960158467292786,0.0009960159659385681,0.0009960159659385681
487,2.627912392630697,5.255824785261394,-0.011195950170192714,0.0009960159659385681,4.7890625,0.21875,-0.21875,6.789237165998202,-30411.81651039808,0.03151305019855499,2.8504907886187234,-0.003348337816229711,0.0,0.0,0.0009960159659385681,0.0009960159659385681,0.9960158467292786,0.0009960159659385681,0.0009960159659385681
488,2.6281408395573242,5.2562816791146485,-0.006943429613350248,0.0009960159659385681,5.046875,0.1171875,-0.1171875,7.068315792013891,-26229.232136776573,0.03151305019855499,2.852626989285151,-0.003500647328716392,0.0,0.0,0.0009960159659385681,0.0009960159659385681,0.9960158467292786,0.0009960159659385681,0.0009960159659385681
489,2.6284354176748064,5.256870835349613,-0.01829032846686601,0.0009960159659385681,4.7421875,0.4296875,-0.4296875,6.696384125039913,-25094.898399692393,0.03151305019855499,2.8845888475577035,-0.0037804436433361843,0.0,0.0,0.0009960159659385681,0.0009960159659385681,0.9960158467292786,0.0009960159659385681,0.0009960159659385681
490,2.628750735682236,5.257501471364472,-0.013133689271039101,0.0009960159659385681,5.03125,1.1953125,-1.1953125,7.127826375013683,-14532.635272387392,0.03151305019855499,2.8612973392009735,-0.003435115907147216,0.0,0.0,0.0009960159659385681,0.0009960159659385681,0.9960158467292786,0.0009960159659385681,0.0009960159659385681
491,2.629018922391361,5.258037844782722,-0.0032284361681028722,0.0009960159659385681,4.890625,-0.4296875,0.4296875,6.814200750028249,-14215.512924584336,0.03151305019855499,2.9032974243164062,-0.003639279787118236,0.0,0.0,0.0009960159659385681,0.0009960159659385681,0.9960158467292786,0.0009960159659385681,0.0009960159659385681
492,2.6293303931471215,5.258660786294243,-0.016432228645121304,0.0009960159659385681,4.7890625,-0.4296875,0.4296875,6.738000250014011,-20459.906598537626,0.03151305019855499,2.9239283204078674,-0.0037798650252322354,0.0,0.0,0.0009960159659385681,0.0009960159659385681,0.9960158467292786,0.0009960159659385681,0.0009960159659385681
493,2.629589932429697,5.259179864859394,-0.010487042639059049,0.0009960159659385681,4.84375,-0.1796875,0.1796875,6.818080415949225,-19756.593873202415,0.03151305019855499,2.911734312772751,-0.0036735139777495838,0.0,0.0,0.0009960159659385681,0.0009960159659385681,0.9960158467292786,0.0009960159659385681,0.0009960159659385681
494,2.6298959293891517,5.2597918587783035,-0.006578096590625224,0.0009960159659385681,4.8203125,0.359375,-0.359375,6.8298614579834975,-23442.516954864055,0.03151305019855499,2.90347429116567,-0.0034643549734028056,0.0,0.0,0.0009960159659385681,0.0009960159659385681,0.9960158467292786,0.0009960159659385681,0.0009960159659385681
495,2.630190419926629,5.260380839853258,-0.007494476792684089,0.0009960159659385681,4.984375,-0.421875,0.421875,6.973198042018339,-24875.872497749926,0.03151305019855499,2.891090532143911,-0.0034865668955414244,0.0,0.0,0.0009960159659385681,0.0009960159659385681,0.9960158467292786,0.0009960159659385681,0.0009960159659385681
496,2.6305911274848963,5.261182254969793,-0.007662601121582153,0.0009960159659385681,4.8203125,0.234375,-0.234375,6.827242458006367,-23603.413878306383,0.03151305019855499,2.910072316726049,-0.0035760438962218664,0.0,0.0,0.0009960159659385681,0.0009960159659385681,0.9960158467292786,0.0009960159659385681,0.0009960159659385681
497,2.630961988596547,5.261923977193094,-0.008294967924855704,0.0009960159659385681,4.90625,0.6328125,-0.6328125,6.855950917000882,-20042.155496390762,0.03151305019855499,2.8977595070997872,-0.003265279073578616,0.0,0.0,0.0009960159659385681,0.0009960159659385681,0.9960158467292786,0.0009960159659385681,0.0009960159659385681
498,2.6312975176602245,5.262595035320449,-0.011343794413486097,0.0009960159659385681,4.8671875,0.1640625,-0.1640625,6.8828423749655485,-18233.614603939637,0.03151305019855499,2.9291039804617562,-0.003427489256258317,0.0,0.0,0.0009960159659385681,0.0009960159659385681,0.9960158467292786,0.0009960159659385681,0.0009960159659385681
499,2.6315557369561806,5.263111473912361,-0.008201441899560067,0.0009960159659385681,5.1171875,0.9765625,-0.9765625,7.267819750006311,-17598.184536859644,0.03151305019855499,2.9657041927178702,-0.0036164531387233487,0.0,0.0,0.0009960159659385681,0.0009960159659385681,0.9960158467292786,0.0009960159659385681,0.0009960159659385681
500,2.631712897901755,5.26342579580351,-0.01706705493715613,0.0009960159659385681,4.921875,0.1875,-0.1875,6.986189833027311,-15954.008867681594,0.03151305019855499,2.9324629306793213,-0.003779373461535821,0.0,0.0,0.0009960159659385681,0.0009960159659385681,0.9960158467292786,0.0009960159659385681,0.0009960159659385681
