iteration,exploitability,nash_conv,actor_loss,average_lambda,mean_episode_length,mean_return_player0,mean_return_player1,wall_time_sec,scheduler_loss,gate_entropy,gate_regret_norm,gate_avg_utility,handoff_frozen_clusters,handoff_missing_clusters,gate_prob_actor,gate_prob_regret,gate_prob_ra,gate_prob_explore,gate_prob_cfr
1,2.373611041250003,4.747222082500006,0.0,0.21809228853537485,4.265625,0.2265625,-0.2265625,6.201061166008003,0.00025496610473948463,1.6068899308368836,0.0,0.0,0.0,0.0,0.18477491395814077,0.21809228853537485,0.18479053127569156,0.2121450144783918,0.200197261986715
2,2.351471367242625,4.70294273448525,-1.6068494549172836e-05,0.21243082617777062,4.078125,0.3046875,-0.3046875,5.7540127920219675,0.00011968639703799004,1.608241202502415,7.138207863341406e-10,7.579125948081281e-13,0.0,0.0,0.1898125389812093,0.21243082617777062,0.19033253555439442,0.2070528230562064,0.200371283995009
3,2.3935255512042986,4.787051102408597,-4.696426935665465e-05,0.2074561650863026,4.1484375,-0.453125,0.453125,5.871273415978067,-0.2758936994339001,1.6089623798309298,0.012973797895635167,-1.6857936534127778e-06,0.0,0.0,0.19505440119632894,0.2074561650863026,0.1956906030743809,0.20128211895400297,0.20051672072509363
4,2.402753708924225,4.80550741784845,-7.826494038635166e-05,0.20621859971711884,4.1875,-0.046875,0.046875,5.891964125039522,-0.6696412134151072,1.6090472665295672,0.03099034260958433,-3.282653750602549e-06,0.0,0.0,0.19605924973069733,0.20621859971711884,0.19652060119073783,0.20049340308490973,0.2007081525316879
5,2.3958827346878184,4.791765469375637,-8.417495043235948e-05,0.2028505915403366,4.296875,-0.453125,0.453125,6.125468874990474,-0.9909814821725542,1.609137071912939,0.04619328584522009,-2.3260102655816204e-06,0.0,0.0,0.19660853689367122,0.2028505915403366,0.19801096390594136,0.2013405555215749,0.20118936419487
6,2.4340468662135626,4.868093732427125,1.219658360257685e-05,0.19925493731265334,4.0703125,0.0859375,-0.0859375,5.7029811659595,-1.3852647452752844,1.609158292841774,0.06072117931519946,-4.275551456582131e-07,0.0,0.0,0.1985359069481921,0.19925493731265334,0.19986993191681532,0.2025469038170725,0.19979233307595903
7,2.4144954984169327,4.828990996833865,-6.251171282477568e-07,0.19539232577212978,4.1640625,-0.609375,0.609375,5.907737875008024,-1.7368123680807468,1.6090243757330231,0.08149541852374871,3.5127073185018767e-06,0.0,0.0,0.2003432003463187,0.19539232577212978,0.20246105975214582,0.20427332220225128,0.1975301002304281
8,2.3990263035705,4.798052607141,7.699110205003544e-05,0.19036508428083884,4.3359375,0.4765625,-0.4765625,6.052099791006185,-1.5570226389814068,1.6086591267370962,0.10418220547338326,1.0957329910373422e-05,0.0,0.0,0.20237326200480935,0.19036508428083884,0.20540301166139208,0.20656977156261067,0.19528888184745033
9,2.414231533005569,4.828463066011138,-0.0002600008052407079,0.18593975524289894,4.2578125,-0.6796875,0.6796875,6.007456749968696,-1.9525631099529224,1.608072739566138,0.12712329750259718,2.008210583426262e-05,0.0,0.0,0.2047458340542032,0.18593975524289894,0.20868431726180087,0.20785450117850524,0.19277559786761572
10,2.463895095804692,4.927790191609384,8.854068320850942e-05,0.17927579856080603,4.03125,-0.3515625,0.3515625,5.72307795897359,-1.7664972683234328,1.6069456181784934,0.1473364649961392,3.3114065558947914e-05,0.0,0.0,0.20729952143837316,0.17927579856080603,0.21221110727204834,0.21092383549079413,0.19028974838497104
11,2.4440714559777748,4.8881429119555495,0.00015461901458420498,0.17370639146496797,4.1484375,-0.1875,0.1875,5.950085499964189,-1.6857470790040021,1.6054976897949105,0.1673917124668757,5.0620578501063086e-05,0.0,0.0,0.2103117124060004,0.17370639146496797,0.21649354351105662,0.212529491177162,0.1869588669971782
12,2.4421460785803353,4.8842921571606706,-0.00037435218306810386,0.16574777619405226,4.296875,0.109375,-0.109375,6.079844124964438,-1.0605284758589484,1.6030928609587929,0.1879234972099463,7.043006977861903e-05,0.0,0.0,0.21348071160641582,0.16574777619405226,0.22047469607808373,0.21643386133692483,0.18386296448382464
13,2.4462776093237237,4.8925552186474475,-2.437141914289734e-05,0.15920008918180822,4.3828125,-0.8359375,0.8359375,6.140280625026207,-1.2265233788340486,1.6005068118559485,0.20566941052675247,9.093538180119747e-05,0.0,0.0,0.21644232758119994,0.15920008918180822,0.2248693163807167,0.21866979135230263,0.18081848527870925
14,2.446897506575498,4.893795013150996,-0.0001496899144300549,0.15248266758208864,4.171875,-0.5234375,0.5234375,5.872129333030898,-1.912967732849388,1.5974307774604484,0.2244922456641992,0.00011610399027025171,0.0,0.0,0.21852069091372722,0.15248266758208864,0.22960123888562234,0.22137992340750462,0.17801548336887182
15,2.426249711900657,4.852499423801314,-0.0003875618644083335,0.14509820428479558,4.203125,0.265625,-0.265625,5.924111750035081,-1.8021168645166663,1.5932075438889428,0.24891755978266397,0.00014755381756496414,0.0,0.0,0.22207909379306778,0.14509820428479558,0.23482468635619352,0.22405558198579625,0.17394244382815732
16,2.406453959808829,4.812907919617658,0.0003429284236768634,0.13701858465318326,4.21875,-0.4375,0.4375,5.969729207979981,-1.5738561108742875,1.5877577631561846,0.26259811222553253,0.00017349196241411846,0.0,0.0,0.22633241925526548,0.13701858465318326,0.24078666617472966,0.22656474361817042,0.1692975931973369
17,2.382859983246477,4.765719966492954,-0.0005553582400538358,0.12921397990863256,4.2578125,0.5546875,-0.5546875,5.994456583983265,-1.3774124673815495,1.581440672305746,0.27921611443161964,0.0002151672500379694,0.0,0.0,0.230408838719403,0.12921397990863256,0.24694372863944516,0.22923602776243052,0.16419743310420884
18,2.3779594247928566,4.755918849585713,0.0003654477036165484,0.12038075529898588,4.0625,-0.0546875,0.0546875,5.740534082986414,-1.6084337511852098,1.5729635284497188,0.2976527512073517,0.00024911019681894686,0.0,0.0,0.2357053907158283,0.12038075529898588,0.2541839941762961,0.23174374057696415,0.1579861301355637
19,2.371909485976654,4.743818971953308,-3.5237396276169216e-05,0.1130646458899141,4.1328125,0.3359375,-0.3359375,5.827778957958799,-1.4635174478701753,1.564484989485353,0.31469961007436115,0.0002766408403355551,0.0,0.0,0.2401815792281596,0.1130646458899141,0.2612940749058426,0.23355184348972624,0.15190786433129772
20,2.3779708513232625,4.755941702646525,-0.0003234482628979501,0.10368142697254969,4.0859375,0.8671875,-0.8671875,5.728856499947142,-1.5867604280734724,1.5526812753531491,0.3275531915326913,0.00029696629220173537,0.0,0.0,0.24545636482494054,0.10368142697254969,0.268634665821524,0.2373431216405409,0.14488443495780515
21,2.383617921956989,4.767235843913978,-0.0002742750747459228,0.09562833675859021,3.984375,-0.25,0.25,5.684700959012844,-1.5655184359161878,1.5402278631341224,0.34876589849591255,0.0003329543894020996,0.0,0.0,0.250508094096885,0.09562833675859021,0.2775687804409102,0.23859665382142162,0.1376981455029226
22,2.395280980769566,4.790561961539132,0.00024294033145735242,0.08641967583658561,4.140625,-0.0703125,0.0703125,5.856682333047502,-1.9972105894343188,1.5237674270036086,0.3628406251470248,0.00035662131313074497,0.0,0.0,0.2570148750577333,0.08641967583658561,0.28779222082416966,0.23996827996002054,0.12880495714972603
23,2.3896553317320786,4.779310663464157,-2.168896246971504e-05,0.07739290257276439,4.1875,-1.375,1.375,5.84739583398914,-1.8543645077517061,1.5051575558843897,0.38485559821128845,0.0004237587575820119,0.0,0.0,0.2634809598493487,0.07739290257276439,0.29829507699208474,0.24110525554574247,0.11972581809247608
24,2.3942902895498146,4.788580579099629,-0.0003819735537575205,0.06951212224622186,4.0625,0.109375,-0.109375,5.730582166987006,-1.9920461751699734,1.485722126869055,0.4024903016785781,0.0004776819456916807,0.0,0.0,0.2691767538396212,0.06951212224622186,0.3094658247553385,0.241160581060327,0.1106847286510926
25,2.3909995018820096,4.781999003764019,0.00020118660006010938,0.05954241571070967,4.015625,-0.734375,0.734375,5.627964666986372,-1.878367368606597,1.4587710791988595,0.4049811040361722,0.000546610795330101,0.0,0.0,0.27696054257771385,0.05954241571070967,0.3219710564103108,0.24171376367487332,0.09981223072581254
26,2.388306484462275,4.77661296892455,0.00016195224003404444,0.05122135544999194,4.0390625,-0.5390625,0.5390625,5.651148208009545,-2.0909848612115307,1.431531543888483,0.4180237837135792,0.0006121948548146369,0.0,0.0,0.28347499365963374,0.05122135544999194,0.33450332168684244,0.24141862181445847,0.08938171881713997
27,2.3675515803262956,4.735103160652591,0.00026697057036191834,0.04301178711848181,4.2890625,-0.1953125,0.1953125,6.056401917012408,-1.9583622190205614,1.3994379362773375,0.43106934676567715,0.00066705080992809,0.0,0.0,0.29063282969436577,0.04301178711848181,0.34882490426464813,0.23939436470550265,0.07813612569822423
28,2.3703569310213313,4.7407138620426625,0.00020455756160895217,0.035815096633295296,3.953125,0.2265625,-0.2265625,5.562699999951292,-1.864250049699952,1.3666842612824421,0.4556981610755126,0.0007108100071491208,0.0,0.0,0.29789018389500177,0.035815096633295296,0.3621064807350928,0.23657376392792337,0.06761448351820938
29,2.364099643751711,4.728199287503422,5.9459266852561696e-05,0.029364787675306307,4.34375,0.484375,-0.484375,6.061392582952976,-2.50707287309698,1.3332366497396566,0.4754946144918601,0.000767970368845757,0.0,0.0,0.3039146423232641,0.029364787675306307,0.3754858961529869,0.2334745430903469,0.05776013632258065
30,2.3651237439347383,4.730247487869477,-6.612857193907471e-05,0.023938671890123633,3.8984375,-0.171875,0.171875,5.450040833966341,-3.182292318440048,1.3026622450184488,0.4955161561568578,0.0007471836349092579,0.0,0.0,0.30982931337519015,0.023938671890123633,0.3862315600286266,0.23049142231085973,0.04950904269853909
31,2.3700824858117215,4.740164971623443,0.0002859918273185733,0.018485415963847594,3.9765625,-0.2109375,0.2109375,5.6195699159870856,-2.8747958358347945,1.2631016281124183,0.5178457647562027,0.0006939326325057967,0.0,0.0,0.3158443140960161,0.018485415963847594,0.40151806412839236,0.2241987310540231,0.03995348304539392
32,2.3748819592746933,4.7497639185493865,-0.00013648493787462974,0.014384948665571242,3.9453125,0.5078125,-0.5078125,5.582993082993198,-3.03302737425939,1.2301702572567628,0.5567128956317902,0.0007021006210076545,0.0,0.0,0.320063985751407,0.014384948665571242,0.41388354950612133,0.21915522973136148,0.03251229397546832
33,2.3744779038211346,4.748955807642269,0.0005000615862748002,0.010270657717877106,4.0859375,-0.1328125,0.1328125,5.747248083993327,-3.091696096149702,1.19000200901615,0.5659819717208544,0.0008314714577863924,0.0,0.0,0.32512723903811,0.010270657717877106,0.42967789288232705,0.21016365426448289,0.024760564618225765
34,2.3735124729052197,4.747024945810439,-0.0004069557279614046,0.007444639628178658,3.9140625,0.1171875,-0.1171875,5.503785541979596,-3.712990979905688,1.1546878224599386,0.5769927004973093,0.0009423514226606736,0.0,0.0,0.3285967230558871,0.007444639628178658,0.44423100215470246,0.20107717095258945,0.018650473015542755
35,2.373898190476218,4.747796380952436,0.00018768372711819252,0.0051849509865742145,3.84375,-0.578125,0.578125,5.482394332997501,-3.1531085434494677,1.1229196910451098,0.5681561082601547,0.0009886403883380506,0.0,0.0,0.33196252832810086,0.0051849509865742145,0.4568539380542631,0.19218952529798677,0.013809067066058486
36,2.374588896031132,4.749177792062264,0.00044181619774799505,0.003424178056923872,4.1640625,0.234375,-0.234375,5.828991916961968,-2.8426327663290314,1.0881142010160951,0.5718047022819519,0.0010512479008563484,0.0,0.0,0.33463898401770314,0.003424178056923872,0.47300221856271124,0.17947857065115816,0.009456061763342951
37,2.375207753119495,4.75041550623899,0.0010101232039997903,0.0023816316471541,4.0546875,-0.0390625,0.0390625,5.767386541992892,-4.172349013273312,1.062060909349335,0.5840630854169527,0.0010733581560392242,0.0,0.0,0.3353278843653684,0.0023816316471541,0.4859542701400544,0.1696708115941068,0.006665410855937541
38,2.3752893200380183,4.750578640076037,0.0008447897514561497,0.001771536017931157,4.015625,0.09375,-0.09375,5.626506541040726,-4.720781336150744,1.0369054735402652,0.598999115327994,0.0010837494846782647,0.0,0.0,0.33543487902049424,0.001771536017931157,0.5002164324665812,0.15793759868650584,0.004639562184275544
39,2.3754086924634557,4.750817384926911,0.00012594289487529714,0.0012858290786177597,4.125,0.7734375,-0.7734375,5.743453458009753,-4.8367794189623305,1.0123865102050882,0.620895599325498,0.000954355353921225,0.0,0.0,0.3359062992262118,0.0012858290786177597,0.5140103599564596,0.14571822647739088,0.0030793010212646827
40,2.3753758700119016,4.750751740023803,0.00036820401130458613,0.0010862413176981544,4.03125,-0.59375,0.59375,5.654896125022788,-5.208213168616919,0.9906726994717768,0.6484450871745745,0.000869474475014916,0.0,0.0,0.3360804170370102,0.0010862413176981544,0.5267266355628191,0.13402567507857963,0.002081052510269968
41,2.37541315960527,4.75082631921054,8.33381701611841e-05,0.0010263549689469593,4.1015625,-0.75,0.75,5.730712458025664,-5.587909869656322,0.9645535583723159,0.662443275252978,0.0009560614065170133,0.0,0.0,0.33195432782173157,0.0010263549689469593,0.545230948697953,0.12033781193551563,0.0014505758777349478
42,2.375662697577755,4.75132539515551,0.000318504236057107,0.00099960948812698,3.953125,-0.0078125,0.0078125,5.596197333012242,-6.961018556966391,0.9438190451959376,0.6851450229684511,0.0010185084926585357,0.0,0.0,0.3312462998237534,0.00099960948812698,0.5577469462226973,0.10890691547761322,0.00110025438222401
43,2.3759301217621074,4.751860243524215,-0.0005823993163944748,0.0009984791731663728,4.109375,0.1171875,-0.1171875,5.840324624965433,-10.013980201827964,0.9183540675123382,0.6964529678225517,0.0009816156768162425,0.0,0.0,0.32785133989138293,0.0009984791731663728,0.5744944317939163,0.09565393822869647,0.001001834752084156
44,2.3761356436747505,4.752271287349501,0.0003930345046541062,0.0009982945774106747,3.921875,-0.8125,0.8125,5.5171225420199335,-7.53940542258018,0.8991114547053182,0.6887201443314552,0.0011211392362990107,0.0,0.0,0.3237051715651356,0.0009982945774106747,0.5877650198471024,0.08653324181993169,0.0009982945774106747
45,2.376932009436354,4.753864018872708,-0.0001772288422997264,0.000998146799059058,3.921875,0.8828125,-0.8828125,5.486172083008569,-6.715027681761514,0.8717015607660985,0.6859308083852133,0.001216194621520117,0.0,0.0,0.31819448824897706,0.000998146799059058,0.6051345477066192,0.0746746996039176,0.000998146799059058
46,2.377648864799062,4.755297729598124,-0.00021514497436483132,0.0009980778526586546,4.0546875,0.1015625,-0.1015625,5.681011791981291,-6.276076478336315,0.8442783093865897,0.700219119588534,0.0012451010873822572,0.0,0.0,0.31107491094023276,0.0009980778526586546,0.6226473585029558,0.06428160584084905,0.0009980778526586546
47,2.378487028825999,4.756974057651998,-0.00016862917099983072,0.0009980392342461555,4.125,-0.2265625,0.2265625,5.806159375002608,-7.614318651539648,0.8123280168934301,0.73185961941878,0.001130776198503251,0.0,0.0,0.3018548142052058,0.0009980392342461555,0.6423299214379354,0.05381920071897295,0.0009980392342461555
48,2.3794918294371947,4.7589836588743895,0.0008187617024637796,0.0009980202235892923,4.1171875,-0.171875,0.171875,5.834691208030563,-9.277474221361684,0.7782822284119405,0.7342598934968313,0.000898355898243608,0.0,0.0,0.2918994928333746,0.0009980202235892923,0.6621709577951305,0.04393353485334417,0.0009980202235892923
49,2.380731238708604,4.761462477417208,0.00019650803301585375,0.000998011801024355,4.0390625,-0.296875,0.296875,5.747710708994418,-9.518956821964878,0.7485043730449861,0.7523556227485338,0.0009220742528365614,0.0,0.0,0.28063026505812455,0.000998011801024355,0.6806970359739528,0.03667669437962586,0.000998011801024355
50,2.3818341550756963,4.763668310151393,-0.00021916503235706284,0.0009980079790338782,3.84375,0.2578125,-0.2578125,5.384569249988999,-12.075961961141196,0.7227943160427295,0.7716851060589155,0.0009522625089933475,0.0,0.0,0.27072237398687415,0.0009980079790338782,0.6962229733060046,0.031058660223777217,0.0009980079790338782
51,2.382947204400611,4.765894408801222,-0.0008608711628849144,0.000998005552965904,4.1796875,0.2265625,-0.2265625,5.879479374969378,-12.793464724931901,0.6812101854342166,0.7672782018780708,0.0009302446317936605,0.0,0.0,0.253949989977284,0.000998005552965904,0.7204979486554582,0.023556061625202126,0.000998005552965904
52,2.3839066491574616,4.767813298314923,0.0007766977338791481,0.0009980046779674012,4,-0.484375,0.484375,5.605302958982065,-14.530918556074539,0.6463592092040926,0.7458247418204943,0.0011211678574909456,0.0,0.0,0.23833184779505245,0.0009980046779674012,0.741118275676854,0.01855388230706012,0.0009980046779674012
53,2.3848275320506214,4.769655064101243,0.000481571063186009,0.0009980042925203303,3.9765625,-0.078125,0.078125,5.647117915970739,-13.191108822622217,0.6140576605126994,0.7628119414051374,0.0012890390256264557,0.0,0.0,0.22366345716248795,0.0009980042925203303,0.7598327394787127,0.014507791770289127,0.0009980042925203303
54,2.385609795365381,4.771219590730762,-0.00025613850399327696,0.0009980041516300675,4.1796875,0.6796875,-0.6796875,5.906069250020664,-18.171888386964728,0.5702552428312391,0.7467548449834188,0.0012050465738866478,0.0,0.0,0.20366414634980887,0.0009980041516300675,0.7841083360609608,0.010231503316584243,0.0009980041516300675
55,2.3864969725793452,4.7729939451586905,-0.00147993745821078,0.0009980041052072626,4.5546875,0.7734375,-0.7734375,6.320697417017072,-16.136357312348686,0.5310116957738918,0.7547342975934347,0.0012168021300264324,0.0,0.0,0.18519856817828648,0.0009980041052072626,0.8055301284094822,0.007275290188969051,0.0009980041052072626
56,2.387377464605761,4.774754929211522,0.0013933933496184793,0.0009979868407679728,4.203125,-0.7265625,0.7265625,5.968111875001341,-18.927712765240567,0.4932371513661842,0.7758987272779146,0.0010816554073850664,0.0,0.0,0.16676593775476664,0.0009979868407679728,0.8258632572166982,0.005374824308849124,0.0009979868407679728
57,2.3880163063421715,4.776032612684343,0.0005343766103765201,0.0009979158056726719,4.1171875,0.046875,-0.046875,5.766935874999035,-24.16842991109532,0.4566566310752275,0.8158015807469686,0.0009158007220927781,0.0,0.0,0.14929509629447726,0.0009979158056726719,0.8448060651431726,0.003902989294975501,0.0009979158056726719
58,2.388815150222258,4.777630300444516,-0.000593529899254962,0.000997842658341401,4.0859375,0.5703125,-0.5703125,5.721929333987646,-20.906979266776265,0.41635583138830573,0.862385039528211,0.0008057041025798147,0.0,0.0,0.13042668851509148,0.000997842658341401,0.8648064967323216,0.0027711135673605574,0.000997842658341401
59,2.3896224140019635,4.779244828003927,-0.00045030100916175,0.0009977690160217847,4.109375,0.1015625,-0.1015625,5.863923292024992,-17.17507747249406,0.3748615510450117,0.8845544904470444,0.0008424584120803047,0.0,0.0,0.11186036781298117,0.0009977690160217847,0.8842122263554838,0.0019318529490130057,0.0009977690160217847
60,2.3904784821522633,4.780956964304527,-0.0005435631309693294,0.0009976740840286773,4.15625,-0.140625,0.140625,5.8268856659997255,-19.375204826665332,0.3311760444334127,0.8954856172204018,0.0008939429525677648,0.0,0.0,0.0931951288287913,0.0009976740840286773,0.9034005023707125,0.0014089983474389698,0.0009976740840286773
61,2.391334217800784,4.782668435601568,-0.002043353801534324,0.0009975578424606816,3.890625,0.015625,-0.015625,5.553290541982278,-15.835893974797267,0.28762778412386114,0.871251123646895,0.0010793557497284685,0.0,0.0,0.07574397629972203,0.0009975578424606816,0.9211523651358593,0.0011085004398008306,0.0009975578424606816
62,2.3921049052335146,4.784209810467029,-0.0003131959161339004,0.0009974084857759284,3.796875,-0.3515625,0.3515625,5.387316584005021,-14.541467397492436,0.2510104547005622,0.8830615853269895,0.0012096717946405988,0.0,0.0,0.06179937969417974,0.0009974084857759284,0.9351928976092319,0.00101286442442548,0.0009974084857759284
63,2.392682971382738,4.785365942765476,5.460864515078121e-05,0.0009972316426380228,4.125,-0.296875,0.296875,5.9065625829971395,-24.456538367506834,0.2080519971522418,0.9139654586712519,0.0010778868369622312,0.0,0.0,0.046704416154446364,0.0009972316426380228,0.9503038390116259,0.0009972316426380228,0.0009972316426380228
64,2.3935783520067435,4.787156704013487,-0.0012255217826472283,0.0009971429389266382,3.9296875,-0.3828125,0.3828125,5.520230541005731,-34.52972817867371,0.1747932667227436,0.9573647578557333,0.0009182828095314713,0.0,0.0,0.03597099501010082,0.0009971429389266382,0.9610375344871763,0.0009971429389266382,0.0009971429389266382
65,2.394370612807131,4.788741225614262,0.00030243274214821094,0.0009970773264195614,4.109375,-0.25,0.25,5.780311458976939,-35.75973211379208,0.13889672292729294,0.9864427944024404,0.0008352474105777219,0.0,0.0,0.025443317404038098,0.0009970773264195614,0.9715654054522062,0.0009970773264195614,0.0009970773264195614
66,2.3953720010958026,4.790744002191605,-0.0015416457480076408,0.0009970484862687494,4.015625,0.2109375,-0.2109375,5.644471416017041,-30.84872288557815,0.11265812646815053,1.0202826460202534,0.0008292285983770853,0.0,0.0,0.018436850920584096,0.0009970484862687494,0.9785719566076182,0.0009970484862687494,0.0009970484862687494
67,2.3961008420611805,4.792201684122361,-0.0002226821975718576,0.0009970266927985159,4.328125,-0.75,0.75,6.066861708008219,-37.292334927190815,0.08644267182380284,1.0141378045082092,0.0009225921943046463,0.0,0.0,0.012008783781551336,0.0009970266927985159,0.9850000843459519,0.0009970266927985159,0.0009970266927985159
68,2.3967313356615536,4.793462671323107,-0.0007969460612502547,0.000997017960329168,4.0078125,-0.203125,0.203125,5.659431374981068,-41.69620964941985,0.06978385769135771,1.0030135661363602,0.00106043613050133,0.0,0.0,0.008256490114253907,0.000997017960329168,0.9887524122847916,0.000997017960329168,0.000997017960329168
69,2.3974016502474,4.7948033004948,-0.002313991745091424,0.0009969982749799035,3.9609375,-0.2734375,0.2734375,5.580465999955777,-39.50534050081652,0.0565582514911361,1.0289983203013737,0.0011206921844859608,0.0,0.0,0.005502854637145864,0.0009969982749799035,0.9915061126329019,0.0009969982749799035,0.0009969982749799035
70,2.397977699961414,4.795955399922828,-0.001284465432490417,0.0009968929839865286,3.953125,0.046875,-0.046875,5.586304957978427,-40.52087018224684,0.0458312678949635,1.0591393758853276,0.0010710984303538378,0.0,0.0,0.003435841489356865,0.0009968929839865286,0.9935734263757472,0.0009968929839865286,0.0009968929839865286
71,2.3985456395980496,4.797091279196099,-0.0012643390911077222,0.0009967882158808104,4.1875,-0.2109375,0.2109375,5.87182058399776,-46.69681892054497,0.03888598210247817,1.0468243459860485,0.0009079756661473463,0.0,0.0,0.002191219261435639,0.0009967882158808104,0.9948183719569178,0.0009967882158808104,0.0009967882158808104
72,2.3990537535070913,4.7981075070141825,0.00020667928062413244,0.0009966789916697368,4.1796875,-0.484375,0.484375,5.891372500045691,-42.10158582620877,0.03489016749869997,1.051964595913887,0.0009500651285634376,0.0,0.0,0.001522507221725221,0.0009966789916697368,0.9954874199127483,0.0009966789916697368,0.0009966789916697368
73,2.3995539584011683,4.7991079168023365,-0.0008647905281186468,0.000996579731313082,4.0625,0.09375,-0.09375,5.773051208991092,-47.476823351540745,0.03233023232852037,1.055256466070811,0.0009500918555810737,0.0,0.0,0.0011183205644976204,0.000996579731313082,0.9958918931392523,0.000996579731313082,0.000996579731313082
74,2.399967197385343,4.799934394770686,-0.00041231858549909236,0.000996385080267938,4.0703125,-0.3515625,0.3515625,5.811127958004363,-48.13751102433108,0.03167336526364374,1.0950305809577305,0.0009703228733997094,0.0,0.0,0.0010186685240271567,0.000996385080267938,0.9959921292288518,0.000996385080267938,0.000996385080267938
75,2.400369111946316,4.800738223892632,-0.0012441339071878723,0.0009962194874208038,3.96875,0.046875,-0.046875,5.64024416700704,-45.41014814016565,0.03151862087886868,1.100644826889038,0.000994447846702921,0.0,0.0,0.0009962194874208038,0.0009962194874208038,0.9960150838367582,0.0009962194874208038,0.0009962194874208038
76,2.400755177768798,4.801510355537596,-0.0006905770302962049,0.0009961225162811564,4.2890625,0.09375,-0.09375,6.042227790981997,-45.579666393614495,0.03151596592016559,1.0908601383368175,0.001091815722854032,0.0,0.0,0.0009961225162811564,0.0009961225162811564,0.9960154465421736,0.0009961225162811564,0.0009961225162811564
77,2.401238520355296,4.802477040710592,-0.0023303742396498916,0.0009960691851259179,4.1328125,0.140625,-0.140625,5.853946333983913,-58.70564899546551,0.03151449585766558,1.1164509703715642,0.0009421490613021888,0.0,0.0,0.0009960691851259179,0.0009960691851259179,0.9960156561972289,0.0009960691851259179,0.0009960691851259179
78,2.4017861292582845,4.803572258516569,-0.001132746576591677,0.0009960443659854884,3.953125,-0.0078125,0.0078125,5.513071583001874,-74.80927895356376,0.031513819581435135,1.162577137351036,0.000896283148904331,0.0,0.0,0.0009960443659854884,0.0009960443659854884,0.9960157458961245,0.0009960443659854884,0.0009960443659854884
79,2.4023429562586633,4.804685912517327,-0.0012865212637210386,0.0009960281799350856,4.2578125,-0.2109375,0.2109375,5.98235599999316,-73.51743499900525,0.03151337199528283,1.173026035229365,0.000952008561095378,0.0,0.0,0.0009960281799350856,0.0009960281799350856,0.996015810747759,0.0009960281799350856,0.0009960281799350856
80,2.4028089812079565,4.805617962415913,-0.0011152693982235916,0.0009960213679602815,4.1484375,-0.96875,0.96875,5.8202711250050925,-76.55485235708163,0.031513184617692695,1.1698783437410991,0.0009399518991510073,0.0,0.0,0.0009960213679602815,0.0009960213679602815,0.9960158375247948,0.0009960213679602815,0.0009960213679602815
81,2.4030860435417845,4.806172087083569,-0.002353842783106662,0.0009960181778296828,4.3203125,-0.0859375,0.0859375,6.070434082997963,-67.91850229415364,0.03151310186759042,1.1414638310670853,0.0009683223033789545,0.0,0.0,0.0009960181778296828,0.0009960181778296828,0.9960158451125161,0.0009960181778296828,0.0009960181778296828
82,2.4035368669998345,4.807073733999669,-0.0022687312154396773,0.000996016949779333,4.15625,-0.2734375,0.2734375,5.851300582988188,-48.666569327473425,0.03151307157695966,1.1593282520771027,0.0007837324750047022,0.0,0.0,0.000996016949779333,0.000996016949779333,0.9960158467292786,0.000996016949779333,0.000996016949779333
83,2.4043004578609732,4.8086009157219465,-0.0019485785111349318,0.0009960163676943237,4.0703125,0.1484375,-0.1484375,5.750895042030606,-49.819361117763194,0.03151305802094959,1.1488396674394608,0.0007166831752935346,0.0,0.0,0.0009960163676943237,0.0009960163676943237,0.9960158467292786,0.0009960163676943237,0.0009960163676943237
84,2.4049985780055643,4.8099971560111285,-0.0014753677187528183,0.0009960161174665902,4.3515625,0.0546875,-0.0546875,6.199896916048601,-79.45637421358103,0.031513052432391546,1.211191013455391,0.0006911528313745899,0.0,0.0,0.0009960161174665902,0.0009960161174665902,0.9960158467292786,0.0009960161174665902,0.0009960161174665902
85,2.4055560673541736,4.811112134708347,-0.0014557822508246931,0.000996016009023117,4.1796875,0.1015625,-0.1015625,5.9507217920036055,-65.28541331080912,0.03151305070686563,1.2053444683551788,0.000717013777223959,0.0,0.0,0.000996016009023117,0.000996016009023117,0.9960158467292786,0.000996016009023117,0.000996016009023117
86,2.406023949586217,4.812047899172434,-0.0033030609027404033,0.0009960159809671357,4.0546875,-0.5078125,0.5078125,5.699601624975912,-70.49979032283228,0.0315130502631554,1.2222379545370738,0.0008120761449390557,0.0,0.0,0.0009960159809671357,0.0009960159809671357,0.9960158467292786,0.0009960159809671357,0.0009960159809671357
87,2.4065121435236465,4.813024287047293,-0.0027816694355200858,0.000996015969202549,4.1796875,-0.390625,0.390625,5.853449708025437,-93.58701138987301,0.03151305019855499,1.2590497583150864,0.0007573035836685449,0.0,0.0,0.000996015969202549,0.000996015969202549,0.9960158467292786,0.000996015969202549,0.000996015969202549
88,2.407091495150185,4.81418299030037,0.0008075002778828676,0.0009960159659385681,4.0625,-0.140625,0.140625,5.727916000003461,-57.09779183927637,0.03151305019855499,1.2957228819529216,0.0008534950523729398,0.0,0.0,0.0009960159659385681,0.0009960159659385681,0.9960158467292786,0.0009960159659385681,0.0009960159659385681
89,2.407598613118298,4.815197226236596,-0.001462577327359868,0.0009960159659385681,4.2890625,-0.140625,0.140625,6.080622375011444,-87.68479426202444,0.03151305019855499,1.2954841653505962,0.0008944205275535447,0.0,0.0,0.0009960159659385681,0.0009960159659385681,0.9960158467292786,0.0009960159659385681,0.0009960159659385681
90,2.4081837644055035,4.816367528811007,-0.002233262461255835,0.0009960159659385681,4.2734375,0.859375,-0.859375,5.999295749992598,-80.2130693052325,0.03151305019855499,1.2754588772853215,0.000806256970463437,0.0,0.0,0.0009960159659385681,0.0009960159659385681,0.9960158467292786,0.0009960159659385681,0.0009960159659385681
91,2.408767306816129,4.817534613632258,-0.002057524718714443,0.0009960159659385681,4.109375,0.4375,-0.4375,5.714692957990337,-93.61824818091475,0.03151305019855499,1.3120043377081554,0.0007931591917440528,0.0,0.0,0.0009960159659385681,0.0009960159659385681,0.9960158467292786,0.0009960159659385681,0.0009960159659385681
92,2.4091476800731426,4.818295360146285,-0.0027223939490098083,0.0009960159659385681,4.1484375,-0.6875,0.6875,5.881448333035223,-107.70442365775,0.03151305019855499,1.3184870729843776,0.0007855144940549508,0.0,0.0,0.0009960159659385681,0.0009960159659385681,0.9960158467292786,0.0009960159659385681,0.0009960159659385681
93,2.4096485678078956,4.819297135615791,-0.0012710836055834813,0.0009960159659385681,3.9609375,0.09375,-0.09375,5.564162749971729,-100.55878452342408,0.03151305019855499,1.356919710834821,0.0007111346967576537,0.0,0.0,0.0009960159659385681,0.0009960159659385681,0.9960158467292786,0.0009960159659385681,0.0009960159659385681
94,2.410277653733987,4.820555307467974,-0.0010650471462297735,0.0009960159659385681,4.015625,0.0546875,-0.0546875,5.758512291999068,-88.15909465312494,0.03151305019855499,1.3968838651974995,0.0007666956019723633,0.0,0.0,0.0009960159659385681,0.0009960159659385681,0.9960158467292786,0.0009960159659385681,0.0009960159659385681
95,2.4107193271792546,4.821438654358509,-0.0039122827341211575,0.0009960159659385681,4.2109375,0.4609375,-0.4609375,5.986725583032239,-137.0921241917504,0.03151305019855499,1.4013304859399796,0.000834120187694983,0.0,0.0,0.0009960159659385681,0.0009960159659385681,0.9960158467292786,0.0009960159659385681,0.0009960159659385681
96,2.4111953181048076,4.822390636209615,0.000174312280698698,0.0009960159659385681,4.140625,-0.296875,0.296875,5.853471666981932,-118.57560782668726,0.03151305019855499,1.423046350479126,0.0007996870845090598,0.0,0.0,0.0009960159659385681,0.0009960159659385681,0.9960158467292786,0.0009960159659385681,0.0009960159659385681
97,2.411540184193762,4.823080368387524,-0.001870059312386073,0.0009960159659385681,4.203125,0.2734375,-0.2734375,5.904926999995951,-125.33110791599883,0.03151305019855499,1.4277250121037166,0.0008860116916669843,0.0,0.0,0.0009960159659385681,0.0009960159659385681,0.9960158467292786,0.0009960159659385681,0.0009960159659385681
98,2.411759326208071,4.823518652416142,-0.002599927755765473,0.0009960159659385681,4.25,-0.484375,0.484375,6.1631532500032336,-130.51286058522322,0.03151305019855499,1.4302114595969517,0.0009526786446561649,0.0,0.0,0.0009960159659385681,0.0009960159659385681,0.9960158467292786,0.0009960159659385681,0.0009960159659385681
99,2.412066268761283,4.824132537522566,-0.002039422437460123,0.0009960159659385681,4.3359375,0.0625,-0.0625,6.168672040977981,-131.880835246825,0.03151305019855499,1.4460338652133942,0.0007402987151484316,0.0,0.0,0.0009960159659385681,0.0009960159659385681,0.9960158467292786,0.0009960159659385681,0.0009960159659385681
100,2.4124326705678487,4.824865341135697,-0.002331688416456965,0.0009960159659385681,4.1796875,-0.2421875,0.2421875,5.946326375007629,-104.08836505078824,0.03151305019855499,1.4789487222830455,0.00046787031412047025,0.0,0.0,0.0009960159659385681,0.0009960159659385681,0.9960158467292786,0.0009960159659385681,0.0009960159659385681
101,2.4130781021306635,4.826156204261327,-0.004372380491085203,0.0009960159659385681,4.0234375,-0.046875,0.046875,5.706426832999568,-132.43919073019214,0.03151305019855499,1.5476108690102894,0.0004309282173077615,0.0,0.0,0.0009960159659385681,0.0009960159659385681,0.9960158467292786,0.0009960159659385681,0.0009960159659385681
102,2.413717303260353,4.827434606520706,-0.004637392820413889,0.0009960159659385681,4.0859375,0.8046875,-0.8046875,5.801308457972482,-148.2781022681105,0.03151305019855499,1.5749059071143467,0.0006155037917778827,0.0,0.0,0.0009960159659385681,0.0009960159659385681,0.9960158467292786,0.0009960159659385681,0.0009960159659385681
103,2.4143982304133917,4.8287964608267835,-0.00546109522294128,0.0009960159659385681,4.234375,-0.9921875,0.9921875,5.976084209047258,-125.68751215747801,0.03151305019855499,1.5755763004223506,0.0005501073246705346,0.0,0.0,0.0009960159659385681,0.0009960159659385681,0.9960158467292786,0.0009960159659385681,0.0009960159659385681
104,2.415007318185487,4.830014636370974,-0.002470256147054805,0.0009960159659385681,4.046875,-0.640625,0.640625,5.809138500015251,-149.07249563621738,0.03151305019855499,1.5716651131709416,0.0006301137693753844,0.0,0.0,0.0009960159659385681,0.0009960159659385681,0.9960158467292786,0.0009960159659385681,0.0009960159659385681
105,2.4157627474535723,4.831525494907145,-0.004497428276514601,0.0009960159659385681,4.078125,0.484375,-0.484375,5.864640166983008,-154.2679223031148,0.03151305019855499,1.583252082268397,0.0005562051204227222,0.0,0.0,0.0009960159659385681,0.0009960159659385681,0.9960158467292786,0.0009960159659385681,0.0009960159659385681
106,2.416344075705014,4.832688151410028,-0.0008850299129331432,0.0009960159659385681,4.3984375,-0.921875,0.921875,6.287043749995064,-153.9613957532134,0.03151305019855499,1.507420505086581,0.0006852422375231981,0.0,0.0,0.0009960159659385681,0.0009960159659385681,0.9960158467292786,0.0009960159659385681,0.0009960159659385681
107,2.416917595297728,4.833835190595456,-0.002545807777018392,0.0009960159659385681,4.1640625,0.1328125,-0.1328125,5.938209458021447,-134.1409637552265,0.03151305019855499,1.5443011869986851,0.0006386512917136619,0.0,0.0,0.0009960159659385681,0.0009960159659385681,0.9960158467292786,0.0009960159659385681,0.0009960159659385681
108,2.4173988526635615,4.834797705327123,-0.0026158904629845067,0.0009960159659385681,4.140625,-0.0546875,0.0546875,5.94427141698543,-185.64552727532836,0.03151305019855499,1.5415976295868556,0.0005322313357586003,0.0,0.0,0.0009960159659385681,0.0009960159659385681,0.9960158467292786,0.0009960159659385681,0.0009960159659385681
109,2.4179414423607497,4.835882884721499,-0.004459298631341446,0.0009960159659385681,4.0703125,-0.9296875,0.9296875,5.810832291957922,-155.40935118607962,0.03151305019855499,1.6077055682738621,0.0005265029006598828,0.0,0.0,0.0009960159659385681,0.0009960159659385681,0.9960158467292786,0.0009960159659385681,0.0009960159659385681
110,2.4184925829970783,4.8369851659941565,-0.0014469308159045977,0.0009960159659385681,4.5234375,0.0859375,-0.0859375,6.4035817079711705,-177.06897095262696,0.03151305019855499,1.5508733888467152,0.0005780173135766139,0.0,0.0,0.0009960159659385681,0.0009960159659385681,0.9960158467292786,0.0009960159659385681,0.0009960159659385681
111,2.4189497030468643,4.837899406093729,-0.002440019289231227,0.0009960159659385681,4.125,-0.03125,0.03125,5.897953458013944,-164.81424406249866,0.03151305019855499,1.5798057566086452,0.000722773000613112,0.0,0.0,0.0009960159659385681,0.0009960159659385681,0.9960158467292786,0.0009960159659385681,0.0009960159659385681
112,2.4193033076249613,4.8386066152499225,-0.00807588054487495,0.0009960159659385681,4.0703125,-0.5625,0.5625,5.784818457963411,-177.38501650094986,0.03151305019855499,1.621198574701945,0.0007456619478034554,0.0,0.0,0.0009960159659385681,0.0009960159659385681,0.9960158467292786,0.0009960159659385681,0.0009960159659385681
113,2.419664136767449,4.839328273534898,0.00048513977329947967,0.0009960159659385681,4.203125,-0.5625,0.5625,5.952314166992437,-164.99117585074947,0.03151305019855499,1.6476527849833171,0.0006042552610476074,0.0,0.0,0.0009960159659385681,0.0009960159659385681,0.9960158467292786,0.0009960159659385681,0.0009960159659385681
114,2.41990364472677,4.83980728945354,-0.0017975278400803947,0.0009960159659385681,4.390625,0.1796875,-0.1796875,6.230942249996588,-170.67086211981723,0.03151305019855499,1.6503173063198726,0.00042828507866943255,0.0,0.0,0.0009960159659385681,0.0009960159659385681,0.9960158467292786,0.0009960159659385681,0.0009960159659385681
115,2.420408754989785,4.84081750997957,-0.0035991833341244258,0.0009960159659385681,4.125,-0.4765625,0.4765625,5.914006291015539,-180.4542999606241,0.03151305019855499,1.6974561512470245,0.0002983862771846664,0.0,0.0,0.0009960159659385681,0.0009960159659385681,0.9960158467292786,0.0009960159659385681,0.0009960159659385681
116,2.420795418806102,4.841590837612204,-0.004034796780978104,0.0009960159659385681,4.171875,-0.6328125,0.6328125,5.940437667013612,-200.4626920147335,0.03151305019855499,1.7526027013858159,0.00015852551769057754,0.0,0.0,0.0009960159659385681,0.0009960159659385681,0.9960158467292786,0.0009960159659385681,0.0009960159659385681
117,2.4213797358268314,4.842759471653663,-0.0019360781653273082,0.0009960159659385681,4.5078125,-0.4921875,0.4921875,6.37352937500691,-231.5998095773948,0.03151305019855499,1.7236396024624507,0.00027229394860720885,0.0,0.0,0.0009960159659385681,0.0009960159659385681,0.9960158467292786,0.0009960159659385681,0.0009960159659385681
118,2.421964994306181,4.843929988612362,-0.006957186122799444,0.0009960159659385681,4.2265625,0.3046875,-0.3046875,6.030534624995198,-219.6851937803896,0.03151305019855499,1.6894373049338658,0.0004956721944229988,0.0,0.0,0.0009960159659385681,0.0009960159659385681,0.9960158467292786,0.0009960159659385681,0.0009960159659385681
119,2.4225230760682357,4.845046152136471,-0.0023569481865939874,0.0009960159659385681,4.1328125,-0.15625,0.15625,5.902633999998216,-218.61348548187877,0.03151305019855499,1.7579835255940754,0.0004529706008421878,0.0,0.0,0.0009960159659385681,0.0009960159659385681,0.9960158467292786,0.0009960159659385681,0.0009960159659385681
120,2.423207347288117,4.846414694576234,-0.004924311082249448,0.0009960159659385681,4.1640625,-0.1875,0.1875,5.913560040993616,-252.199277332755,0.03151305019855499,1.7727095633745193,0.00032325547363143414,0.0,0.0,0.0009960159659385681,0.0009960159659385681,0.9960158467292786,0.0009960159659385681,0.0009960159659385681
121,2.423620220021564,4.847240440043128,-0.008574732430314176,0.0009960159659385681,4.3203125,0.1796875,-0.1796875,6.124347667035181,-297.17402291772163,0.03151305019855499,1.71824216345946,0.00038474036652284366,0.0,0.0,0.0009960159659385681,0.0009960159659385681,0.9960158467292786,0.0009960159659385681,0.0009960159659385681
122,2.424312960553302,4.848625921106604,-0.0019973341697957806,0.0009960159659385681,4.265625,-0.3828125,0.3828125,6.025789417035412,-265.8166062958511,0.03151305019855499,1.7604512919982274,0.00017689376060540477,0.0,0.0,0.0009960159659385681,0.0009960159659385681,0.9960158467292786,0.0009960159659385681,0.0009960159659385681
123,2.4249224406817103,4.8498448813634205,-0.00788292642512313,0.0009960159659385681,3.984375,-0.15625,0.15625,5.692295582965016,-225.51060029338387,0.03151305019855499,1.8250087598959606,-0.0001943583683896577,0.0,0.0,0.0009960159659385681,0.0009960159659385681,0.9960158467292786,0.0009960159659385681,0.0009960159659385681
124,2.425382817819983,4.850765635639966,-0.005759680178568219,0.0009960159659385681,4.3515625,0.1015625,-0.1015625,6.229347000014968,-324.3029144473735,0.03151305019855499,1.776369755466779,8.284686434005077e-05,0.0,0.0,0.0009960159659385681,0.0009960159659385681,0.9960158467292786,0.0009960159659385681,0.0009960159659385681
125,2.4259141079433135,4.851828215886627,-0.00395903717075845,0.0009960159659385681,4.140625,-0.2890625,0.2890625,5.916584958031308,-210.15041818416344,0.03151305019855499,1.7620433817307155,0.0005204608921000423,0.0,0.0,0.0009960159659385681,0.0009960159659385681,0.9960158467292786,0.0009960159659385681,0.0009960159659385681
126,2.4264855387524062,4.8529710775048125,-0.00427398263124733,0.0009960159659385681,4.1640625,-0.0390625,0.0390625,5.897919624985661,-264.4679691719964,0.03151305019855499,1.785868341724078,0.00038421382680553506,0.0,0.0,0.0009960159659385681,0.0009960159659385681,0.9960158467292786,0.0009960159659385681,0.0009960159659385681
127,2.427351813084253,4.854703626168506,-0.001455578430609004,0.0009960159659385681,4.15625,-0.421875,0.421875,5.8905254999990575,-192.691324927529,0.03151305019855499,1.7992409318685532,0.0003063370910846667,0.0,0.0,0.0009960159659385681,0.0009960159659385681,0.9960158467292786,0.0009960159659385681,0.0009960159659385681
128,2.428072938907844,4.856145877815688,-0.00856575228710159,0.0009960159659385681,4.1953125,0.109375,-0.109375,6.002765959012322,-269.52872178585613,0.03151305019855499,1.8048693438371022,0.0004558000036922749,0.0,0.0,0.0009960159659385681,0.0009960159659385681,0.9960158467292786,0.0009960159659385681,0.0009960159659385681
129,2.4288102679201646,4.857620535840329,0.0008686345632920694,0.0009960159659385681,4.421875,-0.203125,0.203125,6.279327124997508,-339.1613475699307,0.03151305019855499,1.7827094892660778,0.0004256648535374552,0.0,0.0,0.0009960159659385681,0.0009960159659385681,0.9960158467292786,0.0009960159659385681,0.0009960159659385681
130,2.4293696636935334,4.858739327387067,-0.007386328898141421,0.0009960159659385681,4.2421875,-0.6640625,0.6640625,5.965234500006773,-316.20227516597583,0.03151305019855499,1.7592539687951405,0.00027019368280889466,0.0,0.0,0.0009960159659385681,0.0009960159659385681,0.9960158467292786,0.0009960159659385681,0.0009960159659385681
131,2.4301015666432173,4.860203133286435,-0.0016086480653900689,0.0009960159659385681,4.28125,0.3046875,-0.3046875,6.069965916976798,-303.93446413052345,0.03151305019855499,1.8301858554283779,-0.0001242887804740652,0.0,0.0,0.0009960159659385681,0.0009960159659385681,0.9960158467292786,0.0009960159659385681,0.0009960159659385681
132,2.4308156157108174,4.861631231421635,-0.004056470652887477,0.0009960159659385681,4.3046875,-0.453125,0.453125,6.086977250000928,-396.33061559317116,0.03151305019855499,1.859074314435323,-0.00014718908497949693,0.0,0.0,0.0009960159659385681,0.0009960159659385681,0.9960158467292786,0.0009960159659385681,0.0009960159659385681
133,2.4313848294355425,4.862769658871085,-0.0032113111255474606,0.0009960159659385681,4.3359375,0.2421875,-0.2421875,6.129463499994017,-285.6157228585836,0.03151305019855499,1.8241228361924489,0.00016897523892112076,0.0,0.0,0.0009960159659385681,0.0009960159659385681,0.9960158467292786,0.0009960159659385681,0.0009960159659385681
134,2.4319026100751913,4.8638052201503825,-0.006950112082631531,0.0009960159659385681,4.34375,-0.2734375,0.2734375,6.283626125019509,-328.79225330773016,0.03151305019855499,1.8272722313801448,0.00024551343206743087,0.0,0.0,0.0009960159659385681,0.0009960159659385681,0.9960158467292786,0.0009960159659385681,0.0009960159659385681
135,2.4325543489156076,4.865108697831215,-0.003380191687184405,0.0009960159659385681,4.4453125,-0.1953125,0.1953125,6.235612041025888,-405.228246570681,0.03151305019855499,1.8578709661960602,0.0003340661384451475,0.0,0.0,0.0009960159659385681,0.0009960159659385681,0.9960158467292786,0.0009960159659385681,0.0009960159659385681
136,2.4331836130307494,4.866367226061499,-0.0010449755214864296,0.0009960159659385681,4.4296875,0.0625,-0.0625,6.2069751669769175,-387.66201518200063,0.03151305019855499,1.844547728697459,-5.8989474079377637e-05,0.0,0.0,0.0009960159659385681,0.0009960159659385681,0.9960158467292786,0.0009960159659385681,0.0009960159659385681
137,2.4335828211051296,4.867165642210259,-0.0037220689222559476,0.0009960159659385681,4.296875,-0.8984375,0.8984375,6.157072208006866,-357.69552457896145,0.03151305019855499,1.869704931974411,0.00017183125116086254,0.0,0.0,0.0009960159659385681,0.0009960159659385681,0.9960158467292786,0.0009960159659385681,0.0009960159659385681
138,2.4339231035880315,4.867846207176063,-0.0018544659478891522,0.0009960159659385681,4.46875,-0.546875,0.546875,6.343778374954127,-425.9597012625708,0.03151305019855499,1.9194087286790211,-0.00025427935664386797,0.0,0.0,0.0009960159659385681,0.0009960159659385681,0.9960158467292786,0.0009960159659385681,0.0009960159659385681
139,2.434470480283204,4.868940960566408,-0.0038331862235581595,0.0009960159659385681,4.140625,-0.15625,0.15625,5.9524931669584475,-507.0664523106701,0.03151305019855499,1.9185561786095302,-0.00025559357163729146,0.0,0.0,0.0009960159659385681,0.0009960159659385681,0.9960158467292786,0.0009960159659385681,0.0009960159659385681
140,2.43492260721509,4.86984521443018,-0.004821310224562748,0.0009960159659385681,4.1640625,-0.578125,0.578125,5.870066125004087,-465.98596875886756,0.03151305019855499,1.9492139716943104,-0.00021140152148291236,0.0,0.0,0.0009960159659385681,0.0009960159659385681,0.9960158467292786,0.0009960159659385681,0.0009960159659385681
141,2.4353167540355605,4.870633508071121,-0.0048861467900094355,0.0009960159659385681,4.484375,-0.1171875,0.1171875,6.297978124988731,-441.9476536171777,0.03151305019855499,1.9310466448465984,3.851963992929086e-05,0.0,0.0,0.0009960159659385681,0.0009960159659385681,0.9960158467292786,0.0009960159659385681,0.0009960159659385681
142,2.4357556544450345,4.871511308890069,-0.002679341051363831,0.0009960159659385681,4.2421875,-0.6171875,0.6171875,6.10541583300801,-495.0165084163567,0.03151305019855499,1.9991718331972759,-0.0001436424233058157,0.0,0.0,0.0009960159659385681,0.0009960159659385681,0.9960158467292786,0.0009960159659385681,0.0009960159659385681
143,2.4362470103708036,4.872494020741607,-0.004880706160088996,0.0009960159659385681,4.296875,0.9765625,-0.9765625,6.136291291972157,-492.176101491668,0.03151305019855499,2.012642502784729,-0.0001342951739691974,0.0,0.0,0.0009960159659385681,0.0009960159659385681,0.9960158467292786,0.0009960159659385681,0.0009960159659385681
144,2.436843969163667,4.873687938327334,-0.010028763896212576,0.0009960159659385681,4.4609375,0.8203125,-0.8203125,6.439924791979138,-518.5079200430635,0.03151305019855499,1.9521537224451702,0.0002979077083485511,0.0,0.0,0.0009960159659385681,0.0009960159659385681,0.9960158467292786,0.0009960159659385681,0.0009960159659385681
145,2.437343914252122,4.874687828504244,-0.004757529855452773,0.0009960159659385681,4.3984375,-0.25,0.25,6.251088500022888,-475.0883750640266,0.03151305019855499,1.9808919429779053,2.8939648170004755e-05,0.0,0.0,0.0009960159659385681,0.0009960159659385681,0.9960158467292786,0.0009960159659385681,0.0009960159659385681
146,2.437905011523156,4.875810023046312,-0.006583500012046814,0.0009960159659385681,4.25,-0.5390625,0.5390625,6.042534500011243,-448.36196117366063,0.03151305019855499,2.0129470030466714,-0.00013873863190383418,0.0,0.0,0.0009960159659385681,0.0009960159659385681,0.9960158467292786,0.0009960159659385681,0.0009960159659385681
147,2.438359212857848,4.876718425715696,-0.004510896075192723,0.0009960159659385681,4.171875,-0.15625,0.15625,5.968475500005297,-459.12685393572747,0.03151305019855499,2.0530950129032135,0.0001923871031976887,0.0,0.0,0.0009960159659385681,0.0009960159659385681,0.9960158467292786,0.0009960159659385681,0.0009960159659385681
148,2.438797741106762,4.877595482213524,-0.0017051954902789132,0.0009960159659385681,4.21875,0.1484375,-0.1484375,5.899132624967024,-438.7885990394486,0.03151305019855499,2.053785055875778,-3.293930664464521e-05,0.0,0.0,0.0009960159659385681,0.0009960159659385681,0.9960158467292786,0.0009960159659385681,0.0009960159659385681
149,2.4392011546554553,4.878402309310911,-0.0010967530211209728,0.0009960159659385681,4.4765625,0.140625,-0.140625,6.359355541993864,-509.8164253946374,0.03151305019855499,1.9938353300094604,0.00012138425214895203,0.0,0.0,0.0009960159659385681,0.0009960159659385681,0.9960158467292786,0.0009960159659385681,0.0009960159659385681
150,2.4395985422914648,4.8791970845829296,-0.0009764620136452328,0.0009960159659385681,4.3515625,-0.34375,0.34375,6.16381704097148,-603.4386901842628,0.03151305019855499,2.04793847600619,-0.00012955784283500785,0.0,0.0,0.0009960159659385681,0.0009960159659385681,0.9960158467292786,0.0009960159659385681,0.0009960159659385681
151,2.440011560052407,4.880023120104814,-0.0063605531894509945,0.0009960159659385681,4.1875,-0.6640625,0.6640625,5.924103750032373,-655.3893289441493,0.03151305019855499,2.1046254138151803,-0.00028842330296659685,0.0,0.0,0.0009960159659385681,0.0009960159659385681,0.9960158467292786,0.0009960159659385681,0.0009960159659385681
152,2.440355650153355,4.88071130030671,-0.0013905246789290742,0.0009960159659385681,4.3984375,-0.421875,0.421875,6.195738957962021,-555.2163526872123,0.03151305019855499,2.0990184247493744,-5.673643257371926e-05,0.0,0.0,0.0009960159659385681,0.0009960159659385681,0.9960158467292786,0.0009960159659385681,0.0009960159659385681
153,2.440853951101545,4.88170790220309,-0.0031576028864014013,0.0009960159659385681,4.21875,-0.2734375,0.2734375,5.97895795799559,-747.1361998840615,0.03151305019855499,2.112166076898575,-0.00022862111764728374,0.0,0.0,0.0009960159659385681,0.0009960159659385681,0.9960158467292786,0.0009960159659385681,0.0009960159659385681
154,2.4413115159283953,4.882623031856791,-0.007160002245549304,0.0009960159659385681,4.2421875,-0.3125,0.3125,6.073372042039409,-549.8909035694973,0.03151305019855499,2.126859108606974,-3.396535945891325e-05,0.0,0.0,0.0009960159659385681,0.0009960159659385681,0.9960158467292786,0.0009960159659385681,0.0009960159659385681
155,2.441741217873372,4.883482435746744,-0.004931831246079125,0.0009960159659385681,4.1953125,-0.5546875,0.5546875,5.958604375016876,-549.0801998001681,0.03151305019855499,2.2033947507540383,-0.00023075371670226255,0.0,0.0,0.0009960159659385681,0.0009960159659385681,0.9960158467292786,0.0009960159659385681,0.0009960159659385681
156,2.4420658894025276,4.884131778805055,-0.0038060565102806866,0.0009960159659385681,4.3359375,-0.3359375,0.3359375,6.1510153749841265,-582.7259763743426,0.03151305019855499,2.2020466128985086,-0.0001441807035007514,0.0,0.0,0.0009960159659385681,0.0009960159659385681,0.9960158467292786,0.0009960159659385681,0.0009960159659385681
157,2.4425752556325846,4.885150511265169,-0.005265823305682071,0.0009960159659385681,4.484375,-0.6875,0.6875,6.410921124974266,-610.0832243987492,0.03151305019855499,2.163128266731898,-5.478871874705268e-05,0.0,0.0,0.0009960159659385681,0.0009960159659385681,0.9960158467292786,0.0009960159659385681,0.0009960159659385681
158,2.4429349517065333,4.885869903413067,-0.004954875136117287,0.0009960159659385681,4.2421875,-0.5078125,0.5078125,6.04399450001074,-635.0346429633391,0.03151305019855499,2.128963073094686,0.00013832068483073576,0.0,0.0,0.0009960159659385681,0.0009960159659385681,0.9960158467292786,0.0009960159659385681,0.0009960159659385681
159,2.4436222951391664,4.887244590278333,-0.00585089296819652,0.0009960159659385681,4.3359375,-0.1171875,0.1171875,6.148245875025168,-606.161265838898,0.03151305019855499,2.09998353322347,-5.823503791665038e-05,0.0,0.0,0.0009960159659385681,0.0009960159659385681,0.9960158467292786,0.0009960159659385681,0.0009960159659385681
160,2.444120114479809,4.888240228959618,-0.007546835097848355,0.0009960159659385681,4.453125,-0.2265625,0.2265625,6.396502125018742,-684.2380037608899,0.03151305019855499,2.12190047899882,-0.00032649501554260496,0.0,0.0,0.0009960159659385681,0.0009960159659385681,0.9960158467292786,0.0009960159659385681,0.0009960159659385681
161,2.4446089419825117,4.889217883965023,-0.006315828436656802,0.0009960159659385681,4.1328125,-0.359375,0.359375,5.790326957998332,-658.3901234358154,0.03151305019855499,2.1893768111864724,-0.00019222292636792795,0.0,0.0,0.0009960159659385681,0.0009960159659385681,0.9960158467292786,0.0009960159659385681,0.0009960159659385681
162,2.4452411826369387,4.890482365273877,-0.005929263938919356,0.0009960159659385681,4.3984375,-0.046875,0.046875,6.256135625008028,-810.5363136879292,0.03151305019855499,2.178396294514338,-0.0001723044009243798,0.0,0.0,0.0009960159659385681,0.0009960159659385681,0.9960158467292786,0.0009960159659385681,0.0009960159659385681
163,2.445811614800964,4.891623229601928,-0.005079461314383239,0.0009960159659385681,4.453125,0.2421875,-0.2421875,6.357569125015289,-746.7987084413829,0.03151305019855499,2.2049262821674347,-0.00021603283918617913,0.0,0.0,0.0009960159659385681,0.0009960159659385681,0.9960158467292786,0.0009960159659385681,0.0009960159659385681
164,2.4462949304528423,4.892589860905685,-0.008578808948465872,0.0009960159659385681,4.3828125,0.09375,-0.09375,6.177555333008058,-822.7442295980538,0.03151305019855499,2.224341203769048,-0.0002788666209501874,0.0,0.0,0.0009960159659385681,0.0009960159659385681,0.9960158467292786,0.0009960159659385681,0.0009960159659385681
165,2.446839445608204,4.893678891216408,-0.0014072266700569979,0.0009960159659385681,4.3359375,0.171875,-0.171875,6.154167750035413,-716.997672036317,0.03151305019855499,2.249222368001938,-0.00029200775225035613,0.0,0.0,0.0009960159659385681,0.0009960159659385681,0.9960158467292786,0.0009960159659385681,0.0009960159659385681
166,2.44732084904747,4.89464169809494,-0.00037568195341507215,0.0009960159659385681,4.5859375,0.0078125,-0.0078125,6.474205250036903,-603.3737783553856,0.03151305019855499,2.279074023167292,-0.00043225819293487194,0.0,0.0,0.0009960159659385681,0.0009960159659385681,0.9960158467292786,0.0009960159659385681,0.0009960159659385681
167,2.447693226168844,4.895386452337688,-0.0068570081997894015,0.0009960159659385681,4.5234375,-1.40625,1.40625,6.43566658400232,-710.2189385648013,0.03151305019855499,2.273559182882309,-0.0004023809487989638,0.0,0.0,0.0009960159659385681,0.0009960159659385681,0.9960158467292786,0.0009960159659385681,0.0009960159659385681
168,2.4480499846723713,4.896099969344743,-0.004073039957221451,0.0009960159659385681,4.203125,0.4140625,-0.4140625,6.018137332983315,-694.0978059405288,0.03151305019855499,2.2569004893302917,-0.00023541949849459343,0.0,0.0,0.0009960159659385681,0.0009960159659385681,0.9960158467292786,0.0009960159659385681,0.0009960159659385681
169,2.448491630147098,4.896983260294196,-0.007652102914891478,0.0009960159659385681,4.2578125,-0.4453125,0.4453125,5.969782250002027,-636.5814498892618,0.03151305019855499,2.285235365231832,-0.0003683338327391539,0.0,0.0,0.0009960159659385681,0.0009960159659385681,0.9960158467292786,0.0009960159659385681,0.0009960159659385681
170,2.448927133786155,4.89785426757231,-0.005465590722896465,0.0009960159659385681,4.2265625,-0.015625,0.015625,6.03712070902111,-711.722106834877,0.03151305019855499,2.3200920124848685,-0.0004178569482367796,0.0,0.0,0.0009960159659385681,0.0009960159659385681,0.9960158467292786,0.0009960159659385681,0.0009960159659385681
171,2.4494059171188978,4.8988118342377955,-0.00020524834490968455,0.0009960159659385681,4.296875,0.15625,-0.15625,6.161226708034519,-779.1614642984217,0.03151305019855499,2.3671251138051352,-0.0005355703663857033,0.0,0.0,0.0009960159659385681,0.0009960159659385681,0.9960158467292786,0.0009960159659385681,0.0009960159659385681
172,2.449966226856146,4.899932453712292,-0.007165939142490908,0.0009960159659385681,4.4375,-0.4609375,0.4609375,6.276269791997038,-960.24918047727,0.03151305019855499,2.3593868712584176,-0.0005603585680849695,0.0,0.0,0.0009960159659385681,0.0009960159659385681,0.9960158467292786,0.0009960159659385681,0.0009960159659385681
173,2.450378519355581,4.900757038711162,-0.004856460213405249,0.0009960159659385681,4.4140625,0.625,-0.625,6.336673790996429,-915.8293368710881,0.03151305019855499,2.351494232813517,-0.00060853672863459,0.0,0.0,0.0009960159659385681,0.0009960159659385681,0.9960158467292786,0.0009960159659385681,0.0009960159659385681
174,2.450763998027739,4.901527996055478,-0.005546409527198705,0.0009960159659385681,4.2578125,-0.5546875,0.5546875,6.033320916001685,-1098.2495172421866,0.03151305019855499,2.4028346836566925,-0.0007664475463874018,0.0,0.0,0.0009960159659385681,0.0009960159659385681,0.9960158467292786,0.0009960159659385681,0.0009960159659385681
175,2.450966751226413,4.901933502452826,-0.002418539240379563,0.0009960159659385681,4.578125,0.375,-0.375,6.4736063340096734,-1123.8068783624994,0.03151305019855499,2.3281911313533783,-0.0005554716071287658,0.0,0.0,0.0009960159659385681,0.0009960159659385681,0.9960158467292786,0.0009960159659385681,0.0009960159659385681
176,2.451320474837326,4.902640949674652,-0.006052770795886729,0.0009960159659385681,4.3515625,0.109375,-0.109375,6.1275627919822,-1162.9872619493644,0.03151305019855499,2.335742841164271,-0.000645785769544697,0.0,0.0,0.0009960159659385681,0.0009960159659385681,0.9960158467292786,0.0009960159659385681,0.0009960159659385681
177,2.4516499611350504,4.903299922270101,-0.007096575477918456,0.0009960159659385681,4.40625,0.078125,-0.078125,6.235815583029762,-944.3013953435506,0.03151305019855499,2.3496812880039215,-0.0004820735189241532,0.0,0.0,0.0009960159659385681,0.0009960159659385681,0.9960158467292786,0.0009960159659385681,0.0009960159659385681
178,2.4520119815238592,4.9040239630477185,-0.009540184726066462,0.0009960159659385681,4.4609375,0.53125,-0.53125,6.3517354159848765,-912.1248797418357,0.03151305019855499,2.360038528839747,-0.0004053266493428964,0.0,0.0,0.0009960159659385681,0.0009960159659385681,0.9960158467292786,0.0009960159659385681,0.0009960159659385681
179,2.4524654159092614,4.904930831818523,-0.00872838065046707,0.0009960159659385681,4.4921875,-0.53125,0.53125,6.395309999992605,-698.3024054319962,0.03151305019855499,2.3602195382118225,-0.0005887216514868973,0.0,0.0,0.0009960159659385681,0.0009960159659385681,0.9960158467292786,0.0009960159659385681,0.0009960159659385681
180,2.4528627875649684,4.905725575129937,-0.002736663724323456,0.0009960159659385681,4.5,0.3359375,-0.3359375,6.348196875012945,-714.3062581022581,0.03151305019855499,2.374603976806005,-0.0006549329324722445,0.0,0.0,0.0009960159659385681,0.0009960159659385681,0.9960158467292786,0.0009960159659385681,0.0009960159659385681
181,2.4532971106568056,4.906594221313611,-0.008114850131111859,0.0009960159659385681,4.546875,0.0,0.0,6.494509042007849,-1116.390747596308,0.03151305019855499,2.4739510118961334,-0.0011184385245239052,0.0,0.0,0.0009960159659385681,0.0009960159659385681,0.9960158467292786,0.0009960159659385681,0.0009960159659385681
182,2.4536733452569397,4.907346690513879,-0.0024581854289658757,0.0009960159659385681,4.265625,0.0078125,-0.0078125,6.078377959027421,-1106.546455884591,0.03151305019855499,2.5120085179805756,-0.001109633603846305,0.0,0.0,0.0009960159659385681,0.0009960159659385681,0.9960158467292786,0.0009960159659385681,0.0009960159659385681
183,2.4540218708483956,4.908043741696791,-0.00015357704233654772,0.0009960159659385681,4.4140625,0.7421875,-0.7421875,6.355262458033394,-895.7759670274447,0.03151305019855499,2.4188023110230765,-0.0008981053574643738,0.0,0.0,0.0009960159659385681,0.0009960159659385681,0.9960158467292786,0.0009960159659385681,0.0009960159659385681
184,2.454427453354436,4.908854906708872,-0.0032898402617697825,0.0009960159659385681,4.4765625,0.046875,-0.046875,6.326798750029411,-813.4155117204676,0.03151305019855499,2.342835009098053,-0.0007548288546483187,0.0,0.0,0.0009960159659385681,0.0009960159659385681,0.9960158467292786,0.0009960159659385681,0.0009960159659385681
185,2.4546994997790765,4.909398999558153,-0.0038052789888050665,0.0009960159659385681,4.359375,-0.2734375,0.2734375,6.340125375019852,-944.6761544836038,0.03151305019855499,2.4075680871804557,-0.0008106059910157152,0.0,0.0,0.0009960159659385681,0.0009960159659385681,0.9960158467292786,0.0009960159659385681,0.0009960159659385681
186,2.454992083012498,4.909984166024996,0.0002037266676913225,0.0009960159659385681,4.3203125,-0.3671875,0.3671875,6.2018168329959735,-989.0072240915695,0.03151305019855499,2.4396864672501883,-0.0007760482803860214,0.0,0.0,0.0009960159659385681,0.0009960159659385681,0.9960158467292786,0.0009960159659385681,0.0009960159659385681
187,2.4551598495911398,4.9103196991822795,-0.005525240936450457,0.0009960159659385681,4.609375,0.0390625,-0.0390625,6.514909207995515,-1152.115652399548,0.03151305019855499,2.4624781807263694,-0.0010652459520012296,0.0,0.0,0.0009960159659385681,0.0009960159659385681,0.9960158467292786,0.0009960159659385681,0.0009960159659385681
188,2.4553096069536933,4.9106192139073865,-0.002922403920211276,0.0009960159659385681,4.40625,-0.3046875,0.3046875,6.226393708959222,-1065.5523612651418,0.03151305019855499,2.491180270910263,-0.0011384842534122679,0.0,0.0,0.0009960159659385681,0.0009960159659385681,0.9960158467292786,0.0009960159659385681,0.0009960159659385681
189,2.455445859288269,4.910891718576538,-0.0030185893931968877,0.0009960159659385681,4.40625,-0.4140625,0.4140625,6.297223083965946,-1100.7630088396952,0.03151305019855499,2.487205187479655,-0.0009853583226989333,0.0,0.0,0.0009960159659385681,0.0009960159659385681,0.9960158467292786,0.0009960159659385681,0.0009960159659385681
190,2.4554998159553185,4.910999631910637,-0.0024195661705825643,0.0009960159659385681,4.5546875,-0.2734375,0.2734375,6.411894457996823,-1172.125203680624,0.03151305019855499,2.4269044995307922,-0.0006067292075992251,0.0,0.0,0.0009960159659385681,0.0009960159659385681,0.9960158467292786,0.0009960159659385681,0.0009960159659385681
191,2.455583011808896,4.911166023617792,-0.0022689313561016057,0.0009960159659385681,4.3046875,-0.5625,0.5625,6.088802749989554,-1117.2745792108526,0.03151305019855499,2.490956405798594,-0.0009469125840647999,0.0,0.0,0.0009960159659385681,0.0009960159659385681,0.9960158467292786,0.0009960159659385681,0.0009960159659385681
192,2.4558270173063432,4.9116540346126865,-0.004934713681838625,0.0009960159659385681,4.3828125,0.09375,-0.09375,6.312497874954715,-1214.5557510168583,0.03151305019855499,2.563637355963389,-0.001205797579798921,0.0,0.0,0.0009960159659385681,0.0009960159659385681,0.9960158467292786,0.0009960159659385681,0.0009960159659385681
193,2.4561670479934117,4.912334095986823,-0.009950099733025469,0.0009960159659385681,4.4140625,0.34375,-0.34375,6.395001082972158,-1182.3029478562617,0.03151305019855499,2.543534219264984,-0.0007837307615166841,0.0,0.0,0.0009960159659385681,0.0009960159659385681,0.9960158467292786,0.0009960159659385681,0.0009960159659385681
194,2.456529842458747,4.913059684917494,-0.005996922036527419,0.0009960159659385681,4.6328125,-0.03125,0.03125,6.570435333997011,-1348.4051354554613,0.03151305019855499,2.524477551380793,-0.0007676288187212776,0.0,0.0,0.0009960159659385681,0.0009960159659385681,0.9960158467292786,0.0009960159659385681,0.0009960159659385681
195,2.4567022447248856,4.913404489449771,-0.0009609336852341334,0.0009960159659385681,4.5234375,-0.640625,0.640625,6.462963374971878,-1449.544814915237,0.03151305019855499,2.5239142080148063,-0.0011585723624799964,0.0,0.0,0.0009960159659385681,0.0009960159659385681,0.9960158467292786,0.0009960159659385681,0.0009960159659385681
196,2.456997554752,4.913995109504,-0.007384545867410149,0.0009960159659385681,4.34375,-0.40625,0.40625,6.268887833983172,-1282.630428598939,0.03151305019855499,2.5847466588020325,-0.0009619064063978536,0.0,0.0,0.0009960159659385681,0.0009960159659385681,0.9960158467292786,0.0009960159659385681,0.0009960159659385681
197,2.4573688109503298,4.9147376219006595,-0.0050278723807967406,0.0009960159659385681,4.7265625,-0.1953125,0.1953125,6.725268749985844,-1408.3333253166893,0.03151305019855499,2.5334953367710114,-0.001117941446864279,0.0,0.0,0.0009960159659385681,0.0009960159659385681,0.9960158467292786,0.0009960159659385681,0.0009960159659385681
198,2.457880880736828,4.915761761473656,-0.004308617875456847,0.0009960159659385681,4.40625,0.1796875,-0.1796875,6.257692040991969,-1372.1791111053305,0.03151305019855499,2.5487051904201508,-0.0008365837405411488,0.0,0.0,0.0009960159659385681,0.0009960159659385681,0.9960158467292786,0.0009960159659385681,0.0009960159659385681
199,2.45833954292583,4.91667908585166,-0.011530219108122733,0.0009960159659385681,4.40625,-0.484375,0.484375,6.2537875839625485,-1505.3427965641022,0.03151305019855499,2.6055297950903573,-0.0013209017566092978,0.0,0.0,0.0009960159659385681,0.0009960159659385681,0.9960158467292786,0.0009960159659385681,0.0009960159659385681
200,2.4588450783329865,4.917690156665973,-0.003356123475740811,0.0009960159659385681,4.53125,0.015625,-0.015625,6.476565374992788,-1493.0433279415656,0.03151305019855499,2.671597123146057,-0.0015044062080657266,0.0,0.0,0.0009960159659385681,0.0009960159659385681,0.9960158467292786,0.0009960159659385681,0.0009960159659385681
201,2.4593260563641364,4.918652112728273,-0.004652138159367131,0.0009960159659385681,4.3359375,-0.3046875,0.3046875,6.2769074169918895,-1574.7494888872714,0.03151305019855499,2.652617255846659,-0.0014760921064104575,0.0,0.0,0.0009960159659385681,0.0009960159659385681,0.9960158467292786,0.0009960159659385681,0.0009960159659385681
202,2.4598298327708648,4.9196596655417295,-0.0044131141841457795,0.0009960159659385681,4.3203125,-0.625,0.625,6.718882000015583,-909.6407560155361,0.03151305019855499,2.7934148212273917,-0.001649927184189437,0.0,0.0,0.0009960159659385681,0.0009960159659385681,0.9960158467292786,0.0009960159659385681,0.0009960159659385681
203,2.4600691487488833,4.9201382974977665,-0.004762293313277835,0.0009960159659385681,4.40625,-0.5859375,0.5859375,6.395845874969382,-1317.1195950136116,0.03151305019855499,2.747584452231725,-0.0016103527462594986,0.0,0.0,0.0009960159659385681,0.0009960159659385681,0.9960158467292786,0.0009960159659385681,0.0009960159659385681
204,2.4603694804808187,4.920738960961637,-0.0058658094352165985,0.0009960159659385681,4.6015625,0.0859375,-0.0859375,6.62133024999639,-1032.7208032527076,0.03151305019855499,2.7147079010804496,-0.0010310427008638119,0.0,0.0,0.0009960159659385681,0.0009960159659385681,0.9960158467292786,0.0009960159659385681,0.0009960159659385681
205,2.4606707966265877,4.921341593253175,-0.002143764627451739,0.0009960159659385681,4.5703125,0.2109375,-0.2109375,6.4584211250185035,-1346.852119700114,0.03151305019855499,2.674635946750641,-0.0011804163029106955,0.0,0.0,0.0009960159659385681,0.0009960159659385681,0.9960158467292786,0.0009960159659385681,0.0009960159659385681
206,2.460941934484314,4.921883868968628,-0.002494054820386863,0.0009960159659385681,4.375,-0.8515625,0.8515625,6.289293667010497,-1370.9684163962092,0.03151305019855499,2.64547664920489,-0.0011411616154267297,0.0,0.0,0.0009960159659385681,0.0009960159659385681,0.9960158467292786,0.0009960159659385681,0.0009960159659385681
207,2.4613221189139285,4.922644237827857,-0.009822476062034402,0.0009960159659385681,4.46875,-0.015625,0.015625,6.396999749995302,-2055.7164501910443,0.03151305019855499,2.676385054985682,-0.0015085635168361478,0.0,0.0,0.0009960159659385681,0.0009960159659385681,0.9960158467292786,0.0009960159659385681,0.0009960159659385681
208,2.4615152737907895,4.923030547581579,-0.005933571914217816,0.0009960159659385681,4.5390625,-0.5703125,0.5703125,6.456372709013522,-1604.2301703566322,0.03151305019855499,2.7291573186715445,-0.0014666608830680161,0.0,0.0,0.0009960159659385681,0.0009960159659385681,0.9960158467292786,0.0009960159659385681,0.0009960159659385681
209,2.4617686992520973,4.923537398504195,-0.0052002502571690265,0.0009960159659385681,4.5078125,0.3828125,-0.3828125,6.457850582955871,-1943.6770058273237,0.03151305019855499,2.7377148369948068,-0.00151830865267281,0.0,0.0,0.0009960159659385681,0.0009960159659385681,0.9960158467292786,0.0009960159659385681,0.0009960159659385681
210,2.4620597221300073,4.924119444260015,-0.007553172188708544,0.0009960159659385681,4.6328125,-0.2890625,0.2890625,6.580737375013996,-1616.1967917855634,0.03151305019855499,2.7216410040855408,-0.0014616568711668758,0.0,0.0,0.0009960159659385681,0.0009960159659385681,0.9960158467292786,0.0009960159659385681,0.0009960159659385681
211,2.462503642765623,4.925007285531246,-0.006167957566415016,0.0009960159659385681,4.4296875,-0.015625,0.015625,6.4356063330196775,-1633.5158962269938,0.03151305019855499,2.6956731577714286,-0.0015279518071717273,0.0,0.0,0.0009960159659385681,0.0009960159659385681,0.9960158467292786,0.0009960159659385681,0.0009960159659385681
212,2.4628464408015,4.925692881603,-0.0042833835644553305,0.0009960159659385681,4.609375,0.15625,-0.15625,6.597964541986585,-1500.4496417740645,0.03151305019855499,2.714581608772278,-0.0014363308752460096,0.0,0.0,0.0009960159659385681,0.0009960159659385681,0.9960158467292786,0.0009960159659385681,0.0009960159659385681
213,2.4630316817559925,4.926063363511985,-0.007927975577863094,0.0009960159659385681,4.6015625,0.046875,-0.046875,6.50514641701011,-1236.269127559176,0.03151305019855499,2.6694091260433197,-0.0015836848976202116,0.0,0.0,0.0009960159659385681,0.0009960159659385681,0.9960158467292786,0.0009960159659385681,0.0009960159659385681
214,2.463193137083207,4.926386274166414,-0.007338351685336119,0.0009960159659385681,4.4375,0.4375,-0.4375,6.41528204199858,-1351.4168372590777,0.03151305019855499,2.6516437232494354,-0.001446500760721392,0.0,0.0,0.0009960159659385681,0.0009960159659385681,0.9960158467292786,0.0009960159659385681,0.0009960159659385681
215,2.4632154095371472,4.9264308190742945,-0.004257026848529724,0.0009960159659385681,4.2890625,-0.765625,0.765625,6.121287999965716,-1522.6614210688135,0.03151305019855499,2.6955803533395133,-0.0013887971169121254,0.0,0.0,0.0009960159659385681,0.0009960159659385681,0.9960158467292786,0.0009960159659385681,0.0009960159659385681
216,2.463325575288064,4.926651150576128,-0.0058904710508614075,0.0009960159659385681,4.578125,0.2890625,-0.2890625,6.6023034999961965,-1708.2673962531237,0.03151305019855499,2.651761641105016,-0.001325133840282433,0.0,0.0,0.0009960159659385681,0.0009960159659385681,0.9960158467292786,0.0009960159659385681,0.0009960159659385681
217,2.463489060110154,4.926978120220308,-0.0037241790222239395,0.0009960159659385681,4.578125,0.046875,-0.046875,6.481772333965637,-1965.7276827450905,0.03151305019855499,2.691901961962382,-0.001543947547058148,0.0,0.0,0.0009960159659385681,0.0009960159659385681,0.9960158467292786,0.0009960159659385681,0.0009960159659385681
218,2.4637777371525313,4.927555474305063,-0.0029857651121456873,0.0009960159659385681,4.5078125,-0.0546875,0.0546875,6.3815537500195205,-1967.1089702487197,0.03151305019855499,2.755741387605667,-0.001736734339525962,0.0,0.0,0.0009960159659385681,0.0009960159659385681,0.9960158467292786,0.0009960159659385681,0.0009960159659385681
219,2.463712545471206,4.927425090942412,-0.009430017055951192,0.0009960159659385681,4.5859375,-0.2734375,0.2734375,6.466065999993589,-1621.0696289770851,0.03151305019855499,2.73208279410998,-0.0018241459723261262,0.0,0.0,0.0009960159659385681,0.0009960159659385681,0.9960158467292786,0.0009960159659385681,0.0009960159659385681
220,2.463692381757298,4.927384763514596,-0.007154237716413974,0.0009960159659385681,4.546875,-1.125,1.125,6.517534833983518,-2041.4933478430785,0.03151305019855499,2.8662172754605613,-0.002002491831262887,0.0,0.0,0.0009960159659385681,0.0009960159659385681,0.9960158467292786,0.0009960159659385681,0.0009960159659385681
221,2.463676270022501,4.927352540045002,-0.00778966119434722,0.0009960159659385681,4.421875,-0.265625,0.265625,6.25385170802474,-1542.3462622207803,0.03151305019855499,2.860357036193212,-0.0021933189845337133,0.0,0.0,0.0009960159659385681,0.0009960159659385681,0.9960158467292786,0.0009960159659385681,0.0009960159659385681
222,2.4636427191992767,4.927285438398553,-0.012022698120302544,0.0009960159659385681,4.484375,-0.2890625,0.2890625,6.36366812500637,-1742.0659152738724,0.03151305019855499,2.8555624783039093,-0.0018955007302186762,0.0,0.0,0.0009960159659385681,0.0009960159659385681,0.9960158467292786,0.0009960159659385681,0.0009960159659385681
223,2.463576450018639,4.927152900037278,-0.00937456570203327,0.0009960159659385681,4.5625,0.375,-0.375,6.527060916996561,-1359.0924254508868,0.03151305019855499,2.7548160453637442,-0.0017464505253883544,0.0,0.0,0.0009960159659385681,0.0009960159659385681,0.9960158467292786,0.0009960159659385681,0.0009960159659385681
224,2.463617617747369,4.927235235494738,-0.009198865767477662,0.0009960159659385681,4.484375,0.0234375,-0.0234375,6.316727833007462,-1673.4290605039962,0.03151305019855499,2.6779960095882416,-0.001362239578156732,0.0,0.0,0.0009960159659385681,0.0009960159659385681,0.9960158467292786,0.0009960159659385681,0.0009960159659385681
225,2.4636790869177965,4.927358173835593,-0.005798899775810088,0.0009960159659385681,4.6171875,0.390625,-0.390625,6.574586790986359,-1614.314041205469,0.03151305019855499,2.585372398296992,-0.0015644450904801488,0.0,0.0,0.0009960159659385681,0.0009960159659385681,0.9960158467292786,0.0009960159659385681,0.0009960159659385681
226,2.4638107751188536,4.927621550237707,-0.008951357855794807,0.0009960159659385681,4.578125,-0.1640625,0.1640625,6.446862083976157,-1794.5108721183021,0.03151305019855499,2.661654363075892,-0.0017889503281670234,0.0,0.0,0.0009960159659385681,0.0009960159659385681,0.9960158467292786,0.0009960159659385681,0.0009960159659385681
227,2.463881767009683,4.927763534019366,-0.009086593992668595,0.0009960159659385681,4.6015625,-0.2265625,0.2265625,6.580682334024459,-2307.025870765207,0.03151305019855499,2.7260980904102325,-0.0020535645914302827,0.0,0.0,0.0009960159659385681,0.0009960159659385681,0.9960158467292786,0.0009960159659385681,0.0009960159659385681
228,2.464031978281475,4.92806395656295,-0.004951264214166624,0.0009960159659385681,4.609375,0.484375,-0.484375,6.529184709012043,-2304.6937884799504,0.03151305019855499,2.7415969570477805,-0.0019239344959108469,0.0,0.0,0.0009960159659385681,0.0009960159659385681,0.9960158467292786,0.0009960159659385681,0.0009960159659385681
229,2.4639037085528877,4.927807417105775,-0.006070243577119989,0.0009960159659385681,4.484375,0.5,-0.5,6.407836375001352,-1902.4276417888416,0.03151305019855499,2.7181754410266876,-0.0014521242968233612,0.0,0.0,0.0009960159659385681,0.0009960159659385681,0.9960158467292786,0.0009960159659385681,0.0009960159659385681
230,2.4640310048919742,4.9280620097839485,-0.004857516044426498,0.0009960159659385681,4.3515625,0.546875,-0.546875,6.223255958990194,-2329.753203554684,0.03151305019855499,2.7164263923962912,-0.0018426560685232591,0.0,0.0,0.0009960159659385681,0.0009960159659385681,0.9960158467292786,0.0009960159659385681,0.0009960159659385681
231,2.464063115949526,4.928126231899052,-0.004566947717636654,0.0009960159659385681,4.4765625,0.1953125,-0.1953125,6.420390749990474,-2123.5687712857443,0.03151305019855499,2.7420501013596854,-0.0018211922142654657,0.0,0.0,0.0009960159659385681,0.0009960159659385681,0.9960158467292786,0.0009960159659385681,0.0009960159659385681
232,2.463993660540612,4.927987321081224,-0.005239116140058268,0.0009960159659385681,4.4609375,-0.6640625,0.6640625,6.289720833010506,-2053.3151009855255,0.03151305019855499,2.7809171279271445,-0.002071341573658477,0.0,0.0,0.0009960159659385681,0.0009960159659385681,0.9960158467292786,0.0009960159659385681,0.0009960159659385681
233,2.4639161443636817,4.927832288727363,-0.007802889590815921,0.0009960159659385681,4.578125,-0.0859375,0.0859375,6.482633458042983,-1737.227171364091,0.03151305019855499,2.9125630954901376,-0.002303001092514023,0.0,0.0,0.0009960159659385681,0.0009960159659385681,0.9960158467292786,0.0009960159659385681,0.0009960159659385681
234,2.4637577574329175,4.927515514865835,-0.010987130492455217,0.0009960159659385681,4.421875,-0.7421875,0.7421875,6.290514208027162,-2083.761164749469,0.03151305019855499,2.9509433607260385,-0.0024219544569253535,0.0,0.0,0.0009960159659385681,0.0009960159659385681,0.9960158467292786,0.0009960159659385681,0.0009960159659385681
235,2.46367658956943,4.92735317913886,0.0008324895360855415,0.0009960159659385681,4.5078125,-0.34375,0.34375,6.407082582998555,-2068.695430068044,0.03151305019855499,2.9153104623158774,-0.002189492176209266,0.0,0.0,0.0009960159659385681,0.0009960159659385681,0.9960158467292786,0.0009960159659385681,0.0009960159659385681
236,2.463571571540391,4.927143143080782,-0.0028986922081946694,0.0009960159659385681,4.4453125,-0.09375,0.09375,6.305779000045732,-2161.536773185529,0.03151305019855499,2.9552835623423257,-0.0025707694694574457,0.0,0.0,0.0009960159659385681,0.0009960159659385681,0.9960158467292786,0.0009960159659385681,0.0009960159659385681
237,2.4637055268929844,4.927411053785969,-0.0011153895249379601,0.0009960159659385681,4.53125,-0.078125,0.078125,6.447540374996606,-2191.9664246953766,0.03151305019855499,2.9206201136112213,-0.00245244124380406,0.0,0.0,0.0009960159659385681,0.0009960159659385681,0.9960158467292786,0.0009960159659385681,0.0009960159659385681
238,2.463736793334833,4.927473586669666,-0.008319722647460703,0.0009960159659385681,4.6875,-0.4453125,0.4453125,6.594045584031846,-2042.6449660714468,0.03151305019855499,2.97006031870842,-0.0024049483957545212,0.0,0.0,0.0009960159659385681,0.0009960159659385681,0.9960158467292786,0.0009960159659385681,0.0009960159659385681
239,2.4638290458009706,4.927658091601941,-0.0033206183815280505,0.0009960159659385681,4.671875,-0.296875,0.296875,6.78152554098051,-3092.567718741886,0.03151305019855499,2.870314449071884,-0.002377745769384395,0.0,0.0,0.0009960159659385681,0.0009960159659385681,0.9960158467292786,0.0009960159659385681,0.0009960159659385681
240,2.4638912475905075,4.927782495181015,-0.003980024555338224,0.0009960159659385681,4.4296875,0.1640625,-0.1640625,6.322698542033322,-2309.6776817496702,0.03151305019855499,2.9006464580694833,-0.0024600913232764774,0.0,0.0,0.0009960159659385681,0.0009960159659385681,0.9960158467292786,0.0009960159659385681,0.0009960159659385681
241,2.4640681333653536,4.928136266730707,-0.006156730949924436,0.0009960159659385681,4.5234375,-0.3359375,0.3359375,6.395670750003774,-2272.3350476411547,0.03151305019855499,2.9655018051465354,-0.002405279217782663,0.0,0.0,0.0009960159659385681,0.0009960159659385681,0.9960158467292786,0.0009960159659385681,0.0009960159659385681
242,2.4640932035714664,4.928186407142933,-0.009128475633570882,0.0009960159659385681,4.65625,-0.1953125,0.1953125,6.652472749992739,-2350.1174262706068,0.03151305019855499,2.922727813323339,-0.002343847504865456,0.0,0.0,0.0009960159659385681,0.0009960159659385681,0.9960158467292786,0.0009960159659385681,0.0009960159659385681
243,2.4642239892849167,4.928447978569833,-0.008447155823774977,0.0009960159659385681,4.546875,-0.4921875,0.4921875,6.488387582998257,-2809.6798712543605,0.03151305019855499,2.902100404103597,-0.0020000046060886234,0.0,0.0,0.0009960159659385681,0.0009960159659385681,0.9960158467292786,0.0009960159659385681,0.0009960159659385681
244,2.464482613497239,4.928965226994478,0.0007669316844481738,0.0009960159659385681,4.5390625,-0.5625,0.5625,6.464495041989721,-2180.3857754889536,0.03151305019855499,2.948692947626114,-0.0021387300572920744,0.0,0.0,0.0009960159659385681,0.0009960159659385681,0.9960158467292786,0.0009960159659385681,0.0009960159659385681
245,2.464586079434353,4.929172158868706,-0.007824157750914407,0.0009960159659385681,4.6328125,-0.265625,0.265625,6.598582416016143,-2396.4983407932427,0.03151305019855499,2.996225198109945,-0.002462260666410051,0.0,0.0,0.0009960159659385681,0.0009960159659385681,0.9960158467292786,0.0009960159659385681,0.0009960159659385681
246,2.46484115822543,4.92968231645086,-0.008904270776824368,0.0009960159659385681,4.4765625,0.359375,-0.359375,6.376338957983535,-2811.055906911587,0.03151305019855499,3.0920772751172385,-0.0030165992963399426,0.0,0.0,0.0009960159659385681,0.0009960159659385681,0.9960158467292786,0.0009960159659385681,0.0009960159659385681
247,2.465072449997198,4.930144899994396,-0.010094877918306202,0.0009960159659385681,4.53125,0.0546875,-0.0546875,6.492116999987047,-2058.5330910912876,0.03151305019855499,3.13713804880778,-0.0030675932533389036,0.0,0.0,0.0009960159659385681,0.0009960159659385681,0.9960158467292786,0.0009960159659385681,0.0009960159659385681
248,2.4652995202819263,4.930599040563853,-0.013791886587426595,0.0009960159659385681,4.4921875,0.0703125,-0.0703125,6.489326292008627,-2623.3854085109547,0.03151305019855499,3.105812211831411,-0.0027030042814052044,0.0,0.0,0.0009960159659385681,0.0009960159659385681,0.9960158467292786,0.0009960159659385681,0.0009960159659385681
249,2.4655758672103643,4.9311517344207285,-0.005090606662885372,0.0009960159659385681,4.5546875,-1.03125,1.03125,6.485582458029967,-2893.649049323787,0.03151305019855499,3.098699599504471,-0.002621843494125642,0.0,0.0,0.0009960159659385681,0.0009960159659385681,0.9960158467292786,0.0009960159659385681,0.0009960159659385681
250,2.4657852709361245,4.931570541872249,-0.012097036260561309,0.0009960159659385681,4.3828125,-0.1796875,0.1796875,6.322553332953248,-2562.947397283054,0.03151305019855499,3.0844937761624656,-0.002469911788163396,0.0,0.0,0.0009960159659385681,0.0009960159659385681,0.9960158467292786,0.0009960159659385681,0.0009960159659385681
251,2.466012413550782,4.932024827101564,-0.011609824425206826,0.0009960159659385681,4.46875,-0.46875,0.46875,6.351693541975692,-3306.955228578794,0.03151305019855499,3.205637902021408,-0.0031603430422061742,0.0,0.0,0.0009960159659385681,0.0009960159659385681,0.9960158467292786,0.0009960159659385681,0.0009960159659385681
252,2.4662683423164378,4.9325366846328755,-0.009411052944093796,0.0009960159659385681,4.640625,-0.6640625,0.6640625,6.564142124960199,-2597.8391753880665,0.03151305019855499,3.246262033780416,-0.0031835410118219443,0.0,0.0,0.0009960159659385681,0.0009960159659385681,0.9960158467292786,0.0009960159659385681,0.0009960159659385681
253,2.4664054010793106,4.932810802158621,-0.01058264215459137,0.0009960159659385681,4.6328125,0.078125,-0.078125,6.52126320899697,-3384.6645787771395,0.03151305019855499,3.176559845606486,-0.0028495500300778076,0.0,0.0,0.0009960159659385681,0.0009960159659385681,0.9960158467292786,0.0009960159659385681,0.0009960159659385681
254,2.466675393732216,4.933350787464432,-0.002542259599227867,0.0009960159659385681,4.6640625,0.15625,-0.15625,6.619268250011373,-3455.5662620902262,0.03151305019855499,3.065530021985372,-0.002170657314612375,0.0,0.0,0.0009960159659385681,0.0009960159659385681,0.9960158467292786,0.0009960159659385681,0.0009960159659385681
255,2.4667679486017966,4.933535897203593,-0.0019883708483282897,0.0009960159659385681,4.625,0.28125,-0.28125,6.5149177919956855,-3158.1740342668586,0.03151305019855499,3.032481700181961,-0.0026314656630953928,0.0,0.0,0.0009960159659385681,0.0009960159659385681,0.9960158467292786,0.0009960159659385681,0.0009960159659385681
256,2.4670224391856976,4.934044878371395,-0.006465307751544623,0.0009960159659385681,4.6796875,0.8203125,-0.8203125,6.661848624993581,-2692.45613173929,0.03151305019855499,3.0412304401397705,-0.0026971109570392096,0.0,0.0,0.0009960159659385681,0.0009960159659385681,0.9960158467292786,0.0009960159659385681,0.0009960159659385681
257,2.4671933745830117,4.934386749166023,-0.007233732300235939,0.0009960159659385681,4.46875,0.0859375,-0.0859375,6.41537929198239,-3109.132933369883,0.03151305019855499,3.052214592695236,-0.0027871814296910693,0.0,0.0,0.0009960159659385681,0.0009960159659385681,0.9960158467292786,0.0009960159659385681,0.0009960159659385681
258,2.4673713963029007,4.934742792605801,-0.002643226784008591,0.0009960159659385681,4.5859375,0.109375,-0.109375,6.468634249991737,-3204.277960600195,0.03151305019855499,3.0451899667580924,-0.002960294356550245,0.0,0.0,0.0009960159659385681,0.0009960159659385681,0.9960158467292786,0.0009960159659385681,0.0009960159659385681
259,2.467326992323671,4.934653984647342,-0.004467373477757003,0.0009960159659385681,4.6015625,-0.03125,0.03125,6.514494292030577,-3211.0179617255167,0.03151305019855499,3.205448160568873,-0.0035452089311244586,0.0,0.0,0.0009960159659385681,0.0009960159659385681,0.9960158467292786,0.0009960159659385681,0.0009960159659385681
260,2.4674895073902317,4.934979014780463,-0.011156597564312034,0.0009960159659385681,4.515625,0.203125,-0.203125,6.324382124992553,-3088.037631110749,0.03151305019855499,3.2114094297091165,-0.0031642505709896795,0.0,0.0,0.0009960159659385681,0.0009960159659385681,0.9960158467292786,0.0009960159659385681,0.0009960159659385681
261,2.4676839872333565,4.935367974466713,-3.952222809094418e-05,0.0009960159659385681,4.578125,-1.6171875,1.6171875,6.501424833026249,-3761.8934167009165,0.03151305019855499,3.2878263096014657,-0.003377326297292408,0.0,0.0,0.0009960159659385681,0.0009960159659385681,0.9960158467292786,0.0009960159659385681,0.0009960159659385681
262,2.4679627919143723,4.935925583828745,-0.0044760571294595805,0.0009960159659385681,4.65625,0.5546875,-0.5546875,6.571012584026903,-3348.5418369178005,0.03151305019855499,3.265940030415853,-0.0032004062789686336,0.0,0.0,0.0009960159659385681,0.0009960159659385681,0.9960158467292786,0.0009960159659385681,0.0009960159659385681
263,2.4681453572158167,4.9362907144316335,-0.007437009246366016,0.0009960159659385681,4.484375,-0.6015625,0.6015625,6.406352917023469,-3116.8942486035285,0.03151305019855499,3.33116747935613,-0.0035248298654551036,0.0,0.0,0.0009960159659385681,0.0009960159659385681,0.9960158467292786,0.0009960159659385681,0.0009960159659385681
264,2.468331614282307,4.936663228564614,-0.008411011954301167,0.0009960159659385681,4.734375,-0.1484375,0.1484375,6.71220066701062,-3553.541866164003,0.03151305019855499,3.2931505938371024,-0.0034007993594968866,0.0,0.0,0.0009960159659385681,0.0009960159659385681,0.9960158467292786,0.0009960159659385681,0.0009960159659385681
265,2.4684176954051686,4.936835390810337,-0.0072939689622372765,0.0009960159659385681,4.5390625,-0.1875,0.1875,6.435927250015084,-3455.1354638787434,0.03151305019855499,3.2653325299421945,-0.0031992804524634266,0.0,0.0,0.0009960159659385681,0.0009960159659385681,0.9960158467292786,0.0009960159659385681,0.0009960159659385681
266,2.468437456262661,4.936874912525322,-0.006774964278039534,0.0009960159659385681,4.75,-0.046875,0.046875,6.672579707985278,-3669.128990179614,0.03151305019855499,3.163825352986654,-0.002920685515467388,0.0,0.0,0.0009960159659385681,0.0009960159659385681,0.9960158467292786,0.0009960159659385681,0.0009960159659385681
267,2.4685732835444987,4.937146567088997,-0.011616870054004443,0.0009960159659385681,4.7578125,-0.1484375,0.1484375,6.802045666030608,-3454.159023479092,0.03151305019855499,3.186061362425486,-0.003145064622610031,0.0,0.0,0.0009960159659385681,0.0009960159659385681,0.9960158467292786,0.0009960159659385681,0.0009960159659385681
268,2.4686635169526046,4.937327033905209,-0.006677016917858051,0.0009960159659385681,4.5625,-1.296875,1.296875,6.486754416953772,-4091.300138898092,0.03151305019855499,3.2069780627886453,-0.003096765909882985,0.0,0.0,0.0009960159659385681,0.0009960159659385681,0.9960158467292786,0.0009960159659385681,0.0009960159659385681
269,2.4688673623401556,4.937734724680311,-0.012067699442421897,0.0009960159659385681,4.5390625,-0.1875,0.1875,6.413997458002996,-4219.032247520355,0.03151305019855499,3.214094340801239,-0.0031779071553804292,0.0,0.0,0.0009960159659385681,0.0009960159659385681,0.9960158467292786,0.0009960159659385681,0.0009960159659385681
270,2.46904141580612,4.93808283161224,-0.006833368240577629,0.0009960159659385681,4.5078125,-0.34375,0.34375,6.366869665973354,-3932.1364041068937,0.03151305019855499,3.313184837500254,-0.003534399142760473,0.0,0.0,0.0009960159659385681,0.0009960159659385681,0.9960158467292786,0.0009960159659385681,0.0009960159659385681
271,2.469003202448447,4.938006404896894,-0.009724372933478128,0.0009960159659385681,4.5390625,-0.5234375,0.5234375,6.477299207996111,-2445.7084418344416,0.03151305019855499,3.3156617681185403,-0.0033162577068045116,0.0,0.0,0.0009960159659385681,0.0009960159659385681,0.9960158467292786,0.0009960159659385681,0.0009960159659385681
272,2.4691308514201156,4.938261702840231,-0.0062806776638109725,0.0009960159659385681,4.734375,-0.5625,0.5625,6.605897250003181,-3959.831805887002,0.03151305019855499,3.276051421960195,-0.0033225933657377027,0.0,0.0,0.0009960159659385681,0.0009960159659385681,0.9960158467292786,0.0009960159659385681,0.0009960159659385681
273,2.469374356338413,4.938748712676826,-0.010707368419802375,0.0009960159659385681,4.5,0.171875,-0.171875,6.501490958966315,-3654.524395333396,0.03151305019855499,3.2640619476636252,-0.0033223545227277405,0.0,0.0,0.0009960159659385681,0.0009960159659385681,0.9960158467292786,0.0009960159659385681,0.0009960159659385681
274,2.469558793054781,4.939117586109562,-0.008599825583000384,0.0009960159659385681,4.4140625,0.4921875,-0.4921875,6.260596250009257,-4405.164445563122,0.03151305019855499,3.262421190738678,-0.0031905860329667726,0.0,0.0,0.0009960159659385681,0.0009960159659385681,0.9960158467292786,0.0009960159659385681,0.0009960159659385681
275,2.46977821611768,4.93955643223536,-0.007678615168347035,0.0009960159659385681,4.6171875,0.1171875,-0.1171875,6.475571499962825,-4574.1682869512615,0.03151305019855499,3.2939945658047995,-0.003500486081975396,0.0,0.0,0.0009960159659385681,0.0009960159659385681,0.9960158467292786,0.0009960159659385681,0.0009960159659385681
276,2.469857657608503,4.939715315217006,-0.0021294694633430863,0.0009960159659385681,4.8828125,1.03125,-1.03125,7.009710291982628,-4327.127826470947,0.03151305019855499,3.407051702340444,-0.0040818458910507616,0.0,0.0,0.0009960159659385681,0.0009960159659385681,0.9960158467292786,0.0009960159659385681,0.0009960159659385681
277,2.4698207512091916,4.939641502418383,-0.01016348159541621,0.0009960159659385681,4.65625,0.2109375,-0.2109375,6.5875814580358565,-5168.388652001451,0.03151305019855499,3.3722214500109353,-0.0036381344737795493,0.0,0.0,0.0009960159659385681,0.0009960159659385681,0.9960158467292786,0.0009960159659385681,0.0009960159659385681
278,2.4699436531753114,4.939887306350623,-0.009588916815146353,0.0009960159659385681,4.5625,-0.3828125,0.3828125,6.365915625006892,-5013.138956363887,0.03151305019855499,3.3102436463038125,-0.003303310615592636,0.0,0.0,0.0009960159659385681,0.0009960159659385681,0.9960158467292786,0.0009960159659385681,0.0009960159659385681
279,2.4699642070491246,4.939928414098249,0.0012579304728943777,0.0009960159659385681,4.5390625,0.0546875,-0.0546875,6.44599041697802,-3371.8490222070795,0.03151305019855499,3.2735612193743386,-0.0030801824565666416,0.0,0.0,0.0009960159659385681,0.0009960159659385681,0.9960158467292786,0.0009960159659385681,0.0009960159659385681
280,2.470082071071208,4.940164142142416,-0.003007037870025645,0.0009960159659385681,4.5078125,0.0078125,-0.0078125,6.381785917037632,-4061.5709508766954,0.03151305019855499,3.316211760044098,-0.0035116133900980153,0.0,0.0,0.0009960159659385681,0.0009960159659385681,0.9960158467292786,0.0009960159659385681,0.0009960159659385681
281,2.4700093833944363,4.940018766788873,-0.007210827836662817,0.0009960159659385681,4.71875,-0.1796875,0.1796875,6.612894999969285,-4102.855451558599,0.03151305019855499,3.4131471117337546,-0.0035819025457991907,0.0,0.0,0.0009960159659385681,0.0009960159659385681,0.9960158467292786,0.0009960159659385681,0.0009960159659385681
282,2.469884234321315,4.93976846864263,-0.005385310593460556,0.0009960159659385681,4.796875,-0.484375,0.484375,6.775746083003469,-3397.969865208728,0.03151305019855499,3.376804451147715,-0.0038893868477316573,0.0,0.0,0.0009960159659385681,0.0009960159659385681,0.9960158467292786,0.0009960159659385681,0.0009960159659385681
283,2.469661529909128,4.939323059818256,-0.00783017494462647,0.0009960159659385681,4.6953125,0.171875,-0.171875,6.628435250022449,-4470.164496283761,0.03151305019855499,3.4129431446393332,-0.0038970708216462904,0.0,0.0,0.0009960159659385681,0.0009960159659385681,0.9960158467292786,0.0009960159659385681,0.0009960159659385681
284,2.4694115255871303,4.938823051174261,-0.004584142945290739,0.0009960159659385681,4.71875,-0.609375,0.609375,6.679383542039432,-4248.952473084658,0.03151305019855499,3.2881914178530374,-0.003146525409344273,0.0,0.0,0.0009960159659385681,0.0009960159659385681,0.9960158467292786,0.0009960159659385681,0.0009960159659385681
285,2.4692073508008363,4.938414701601673,-0.007173060721419971,0.0009960159659385681,4.6484375,-0.2890625,0.2890625,6.694463000050746,-4438.564006478446,0.03151305019855499,3.264702300230662,-0.003533629899417671,0.0,0.0,0.0009960159659385681,0.0009960159659385681,0.9960158467292786,0.0009960159659385681,0.0009960159659385681
286,2.4688023598459603,4.937604719691921,-0.011371548570763482,0.0009960159659385681,4.6875,-0.140625,0.140625,6.622687500028405,-4890.067939135233,0.03151305019855499,3.4026875694592795,-0.004156767368840519,0.0,0.0,0.0009960159659385681,0.0009960159659385681,0.9960158467292786,0.0009960159659385681,0.0009960159659385681
287,2.4684451543096566,4.936890308619313,-0.008510618656603183,0.0009960159659385681,4.46875,-1.140625,1.140625,6.295521458028816,-4225.185994161592,0.03151305019855499,3.5412400364875793,-0.004323350188011925,0.0,0.0,0.0009960159659385681,0.0009960159659385681,0.9960158467292786,0.0009960159659385681,0.0009960159659385681
288,2.4682166179613665,4.936433235922733,-0.005461839582707395,0.0009960159659385681,4.6328125,-0.625,0.625,6.584525666956324,-3458.1237909146544,0.03151305019855499,3.5972503622372947,-0.004412933601997793,0.0,0.0,0.0009960159659385681,0.0009960159659385681,0.9960158467292786,0.0009960159659385681,0.0009960159659385681
289,2.46799984153417,4.93599968306834,-0.008374366498058429,0.0009960159659385681,4.5078125,-0.0703125,0.0703125,6.369846208021045,-4462.7534897009255,0.03151305019855499,3.5620243350664773,-0.00394955390705339,0.0,0.0,0.0009960159659385681,0.0009960159659385681,0.9960158467292786,0.0009960159659385681,0.0009960159659385681
290,2.467786238582086,4.935572477164172,-0.00036137362174064975,0.0009960159659385681,4.4609375,-0.609375,0.609375,6.345409292029217,-5246.6483259317965,0.03151305019855499,3.4254427552223206,-0.004017429940480118,0.0,0.0,0.0009960159659385681,0.0009960159659385681,0.9960158467292786,0.0009960159659385681,0.0009960159659385681
291,2.4672821479369986,4.934564295873997,-0.0033871554289533696,0.0009960159659385681,4.84375,-0.1015625,0.1015625,6.847672625037376,-5598.417608814855,0.03151305019855499,3.363448202610016,-0.0038143156367974975,0.0,0.0,0.0009960159659385681,0.0009960159659385681,0.9960158467292786,0.0009960159659385681,0.0009960159659385681
292,2.4668966122602316,4.933793224520463,-0.0032142450180491756,0.0009960159659385681,4.546875,1.1015625,-1.1015625,6.465426874987315,-5495.172690257174,0.03151305019855499,3.4336987733840942,-0.004089934169314802,0.0,0.0,0.0009960159659385681,0.0009960159659385681,0.9960158467292786,0.0009960159659385681,0.0009960159659385681
293,2.466545255119823,4.933090510239646,-0.008405705011368298,0.0009960159659385681,4.7578125,-0.03125,0.03125,6.640784040966537,-5219.093481029391,0.03151305019855499,3.622284710407257,-0.005004996882538156,0.0,0.0,0.0009960159659385681,0.0009960159659385681,0.9960158467292786,0.0009960159659385681,0.0009960159659385681
294,2.466174291405782,4.932348582811564,-0.01739933157462572,0.0009960159659385681,4.7890625,0.4765625,-0.4765625,6.849238249997143,-4829.186930794895,0.03151305019855499,3.526062627633413,-0.004173470496122415,0.0,0.0,0.0009960159659385681,0.0009960159659385681,0.9960158467292786,0.0009960159659385681,0.0009960159659385681
295,2.4657393725038688,4.9314787450077375,-0.01179617134632326,0.0009960159659385681,4.6484375,-0.6953125,0.6953125,6.548117208003532,-3144.0984198049337,0.03151305019855499,3.5566463073094687,-0.003942605071642902,0.0,0.0,0.0009960159659385681,0.0009960159659385681,0.9960158467292786,0.0009960159659385681,0.0009960159659385681
296,2.465359141771189,4.930718283542378,-0.003297114691195731,0.0009960159659385681,4.6328125,-0.21875,0.21875,6.610147790983319,-4029.6777904568394,0.03151305019855499,3.547792832056681,-0.004247247547027655,0.0,0.0,0.0009960159659385681,0.0009960159659385681,0.9960158467292786,0.0009960159659385681,0.0009960159659385681
297,2.4650188908173023,4.930037781634605,-0.00454589030038198,0.0009960159659385681,4.703125,0.2578125,-0.2578125,6.657587916008197,-5319.104595691263,0.03151305019855499,3.636370221773783,-0.004652099087252282,0.0,0.0,0.0009960159659385681,0.0009960159659385681,0.9960158467292786,0.0009960159659385681,0.0009960159659385681
298,2.464639259058629,4.929278518117258,-0.00854478491799049,0.0009960159659385681,4.8125,-0.3046875,0.3046875,6.802467000030447,-4743.987490616835,0.03151305019855499,3.5558005770047507,-0.004338792719257374,0.0,0.0,0.0009960159659385681,0.0009960159659385681,0.9960158467292786,0.0009960159659385681,0.0009960159659385681
299,2.4642399137359594,4.928479827471919,-0.00742565179793687,0.0009960159659385681,4.6640625,-0.5703125,0.5703125,6.592522624996491,-6329.134205177601,0.03151305019855499,3.455395778020223,-0.003859081082434083,0.0,0.0,0.0009960159659385681,0.0009960159659385681,0.9960158467292786,0.0009960159659385681,0.0009960159659385681
300,2.463790755663236,4.927581511326472,-0.015073590255741197,0.0009960159659385681,4.6171875,0.1484375,-0.1484375,6.533276500005741,-5858.340368151463,0.03151305019855499,3.5073833664258323,-0.004022234070968504,0.0,0.0,0.0009960159659385681,0.0009960159659385681,0.9960158467292786,0.0009960159659385681,0.0009960159659385681
301,2.4633208870606045,4.926641774121209,-0.0011914381521822698,0.0009960159659385681,4.578125,-0.71875,0.71875,6.515444666030817,-6141.151614986589,0.03151305019855499,3.562351663907369,-0.004610740516606408,0.0,0.0,0.0009960159659385681,0.0009960159659385681,0.9960158467292786,0.0009960159659385681,0.0009960159659385681
302,2.462825891786175,4.92565178357235,-0.010426705953697137,0.0009960159659385681,4.5859375,-0.6875,0.6875,6.482945291965734,-5449.480203839746,0.03151305019855499,3.556416471799215,-0.00460925510560628,0.0,0.0,0.0009960159659385681,0.0009960159659385681,0.9960158467292786,0.0009960159659385681,0.0009960159659385681
303,2.4623627526139567,4.924725505227913,-0.00916815623911202,0.0009960159659385681,4.578125,0.453125,-0.453125,6.5457921249908395,-5091.896493410494,0.03151305019855499,3.5832355618476868,-0.00458489502792266,0.0,0.0,0.0009960159659385681,0.0009960159659385681,0.9960158467292786,0.0009960159659385681,0.0009960159659385681
304,2.4616821604196613,4.9233643208393225,-0.01722199315948128,0.0009960159659385681,4.453125,-0.6015625,0.6015625,6.311011334008072,-5712.272490772448,0.03151305019855499,3.6169390877087912,-0.00465639556265766,0.0,0.0,0.0009960159659385681,0.0009960159659385681,0.9960158467292786,0.0009960159659385681,0.0009960159659385681
305,2.4611004396862333,4.9222008793724665,-0.011489814034833073,0.0009960159659385681,4.6875,0.578125,-0.578125,6.601711750030518,-5212.383290367126,0.03151305019855499,3.6127935449282327,-0.004736637677221249,0.0,0.0,0.0009960159659385681,0.0009960159659385681,0.9960158467292786,0.0009960159659385681,0.0009960159659385681
306,2.4605181403448166,4.921036280689633,-0.012889882930009264,0.0009960159659385681,4.6015625,0.0234375,-0.0234375,6.531964082969353,-3845.5451913389975,0.03151305019855499,3.6620277762413025,-0.004882703671076645,0.0,0.0,0.0009960159659385681,0.0009960159659385681,0.9960158467292786,0.0009960159659385681,0.0009960159659385681
307,2.4600630406310504,4.920126081262101,-0.006688460549809634,0.0009960159659385681,4.4765625,-0.3984375,0.3984375,6.4180197499808855,-6322.481172984391,0.03151305019855499,3.628780484199524,-0.0050413086913370835,0.0,0.0,0.0009960159659385681,0.0009960159659385681,0.9960158467292786,0.0009960159659385681,0.0009960159659385681
308,2.4595488731779076,4.919097746355815,-0.010728864186422073,0.0009960159659385681,4.609375,-0.2734375,0.2734375,6.561196458002087,-7311.004937175168,0.03151305019855499,3.5089011589686074,-0.004101979682066788,0.0,0.0,0.0009960159659385681,0.0009960159659385681,0.9960158467292786,0.0009960159659385681,0.0009960159659385681
309,2.458765127432095,4.91753025486419,-0.008881625398672141,0.0009960159659385681,4.6484375,-0.5234375,0.5234375,6.555703000049107,-5023.517086445784,0.03151305019855499,3.582036236921946,-0.004816781777966146,0.0,0.0,0.0009960159659385681,0.0009960159659385681,0.9960158467292786,0.0009960159659385681,0.0009960159659385681
310,2.457997941550747,4.915995883101494,-0.0052545387893670175,0.0009960159659385681,4.640625,-0.1171875,0.1171875,6.468878708023112,-5539.115270954992,0.03151305019855499,3.6178468267122903,-0.004897595836761563,0.0,0.0,0.0009960159659385681,0.0009960159659385681,0.9960158467292786,0.0009960159659385681,0.0009960159659385681
311,2.4574168777108163,4.914833755421633,-0.0074505494885603,0.0009960159659385681,4.5625,-0.296875,0.296875,6.475059541000519,-6206.465967073833,0.03151305019855499,3.528209944566091,-0.0045505658199545,0.0,0.0,0.0009960159659385681,0.0009960159659385681,0.9960158467292786,0.0009960159659385681,0.0009960159659385681
312,2.4568098748691325,4.913619749738265,-0.00603941661509299,0.0009960159659385681,4.7109375,0.6796875,-0.6796875,6.672009750036523,-6220.664705469439,0.03151305019855499,3.4874444206555686,-0.0046512360374132795,0.0,0.0,0.0009960159659385681,0.0009960159659385681,0.9960158467292786,0.0009960159659385681,0.0009960159659385681
313,2.4561846106749856,4.912369221349971,-0.0023685613116528064,0.0009960159659385681,4.6171875,0.390625,-0.390625,6.534642459009774,-7291.116086466058,0.03151305019855499,3.550353745619456,-0.00488647817413342,0.0,0.0,0.0009960159659385681,0.0009960159659385681,0.9960158467292786,0.0009960159659385681,0.0009960159659385681
314,2.455574766804256,4.911149533608512,-0.011138116852484035,0.0009960159659385681,4.6171875,0.265625,-0.265625,6.5084095419733785,-7265.412543385565,0.03151305019855499,3.537596503893534,-0.004701187436391289,0.0,0.0,0.0009960159659385681,0.0009960159659385681,0.9960158467292786,0.0009960159659385681,0.0009960159659385681
315,2.4550110754881,4.9100221509762,-0.00811673566543657,0.0009960159659385681,4.625,-0.546875,0.546875,6.528745541989338,-7559.7200004732285,0.03151305019855499,3.5044172604878745,-0.00471315163061566,0.0,0.0,0.0009960159659385681,0.0009960159659385681,0.9960158467292786,0.0009960159659385681,0.0009960159659385681
316,2.4545026261955822,4.9090052523911645,-0.008130708864684708,0.0009960159659385681,4.7421875,-0.6796875,0.6796875,6.599697500001639,-7116.266957605101,0.03151305019855499,3.59249875942866,-0.005304787991917692,0.0,0.0,0.0009960159659385681,0.0009960159659385681,0.9960158467292786,0.0009960159659385681,0.0009960159659385681
317,2.453904840820993,4.907809681641986,-0.008602470783840223,0.0009960159659385681,4.75,1.109375,-1.109375,6.736754542042036,-7216.041330964942,0.03151305019855499,3.6827844977378845,-0.00523755715888304,0.0,0.0,0.0009960159659385681,0.0009960159659385681,0.9960158467292786,0.0009960159659385681,0.0009960159659385681
318,2.4532040488835216,4.906408097767043,-0.0036691747723728648,0.0009960159659385681,4.75,0.859375,-0.859375,6.7564287079731,-5143.294568802181,0.03151305019855499,3.6908387541770935,-0.005131217471595543,0.0,0.0,0.0009960159659385681,0.0009960159659385681,0.9960158467292786,0.0009960159659385681,0.0009960159659385681
319,2.452303978834557,4.904607957669114,-0.013844920375300399,0.0009960159659385681,4.640625,-0.1015625,0.1015625,6.5210410410072654,-6283.630234663735,0.03151305019855499,3.589119076728821,-0.004867702703146885,0.0,0.0,0.0009960159659385681,0.0009960159659385681,0.9960158467292786,0.0009960159659385681,0.0009960159659385681
320,2.451539276764926,4.903078553529852,-0.006829557016588509,0.0009960159659385681,4.5234375,0.0859375,-0.0859375,6.427733750024345,-4736.410301577448,0.03151305019855499,3.6636929313341775,-0.005331574609347929,0.0,0.0,0.0009960159659385681,0.0009960159659385681,0.9960158467292786,0.0009960159659385681,0.0009960159659385681
321,2.450864725773811,4.901729451547622,-0.007737909623270021,0.0009960159659385681,4.6875,-0.234375,0.234375,6.609404374961741,-5113.449665972392,0.03151305019855499,3.681214392185211,-0.005460761058202479,0.0,0.0,0.0009960159659385681,0.0009960159659385681,0.9960158467292786,0.0009960159659385681,0.0009960159659385681
322,2.450375638555478,4.900751277110956,-0.010645051793280066,0.0009960159659385681,4.6953125,-0.46875,0.46875,6.681264040991664,-6842.006767945758,0.03151305019855499,3.713881333669027,-0.0052782251295866445,0.0,0.0,0.0009960159659385681,0.0009960159659385681,0.9960158467292786,0.0009960159659385681,0.0009960159659385681
323,2.449854654157296,4.899709308314592,-0.00803949316066955,0.0009960159659385681,4.84375,0.3203125,-0.3203125,6.817606416996568,-7217.678492613762,0.03151305019855499,3.908094565073649,-0.006101763819363744,0.0,0.0,0.0009960159659385681,0.0009960159659385681,0.9960158467292786,0.0009960159659385681,0.0009960159659385681
324,2.449092978707153,4.898185957414306,-0.004970498187824538,0.0009960159659385681,4.828125,0.078125,-0.078125,6.78908550000051,-7571.2863280780875,0.03151305019855499,3.791670799255371,-0.005733898321826321,0.0,0.0,0.0009960159659385681,0.0009960159659385681,0.9960158467292786,0.0009960159659385681,0.0009960159659385681
325,2.4483669488251296,4.896733897650259,-0.009378200979415057,0.0009960159659385681,4.4921875,0.3046875,-0.3046875,6.327157499967143,-10196.403697045367,0.03151305019855499,3.6496028900146484,-0.004728514245167996,0.0,0.0,0.0009960159659385681,0.0009960159659385681,0.9960158467292786,0.0009960159659385681,0.0009960159659385681
326,2.4477125998931237,4.8954251997862475,-0.011591235190625094,0.0009960159659385681,4.7421875,0.3671875,-0.3671875,6.706495708960574,-8478.243026381466,0.03151305019855499,3.5858805974324546,-0.004835326682950836,0.0,0.0,0.0009960159659385681,0.0009960159659385681,0.9960158467292786,0.0009960159659385681,0.0009960159659385681
327,2.447177354986385,4.89435470997277,-0.010625065967458809,0.0009960159659385681,4.671875,-1.078125,1.078125,6.532555792015046,-6596.923209901637,0.03151305019855499,3.5698710878690085,-0.00509012275627659,0.0,0.0,0.0009960159659385681,0.0009960159659385681,0.9960158467292786,0.0009960159659385681,0.0009960159659385681
328,2.4463886998975353,4.8927773997950705,-0.008996140333324649,0.0009960159659385681,4.7109375,0.2109375,-0.2109375,6.6423793329740874,-5701.895732632917,0.03151305019855499,3.669248024622599,-0.005919220488673697,0.0,0.0,0.0009960159659385681,0.0009960159659385681,0.9960158467292786,0.0009960159659385681,0.0009960159659385681
329,2.445698121266245,4.89139624253249,-0.005582737873450271,0.0009960159659385681,4.6953125,-0.3984375,0.3984375,6.725620875018649,-5183.027671128461,0.03151305019855499,3.6879082322120667,-0.0060065007661857335,0.0,0.0,0.0009960159659385681,0.0009960159659385681,0.9960158467292786,0.0009960159659385681,0.0009960159659385681
330,2.4449341617376894,4.889868323475379,-0.0064585920342645105,0.0009960159659385681,4.578125,-0.2890625,0.2890625,6.435822541010566,-7191.219252003744,0.03151305019855499,3.759795327981313,-0.006447781888709869,0.0,0.0,0.0009960159659385681,0.0009960159659385681,0.9960158467292786,0.0009960159659385681,0.0009960159659385681
331,2.4441801358269863,4.888360271653973,-0.009502165454568312,0.0009960159659385681,4.40625,-0.0390625,0.0390625,6.354230375029147,-7160.851109105644,0.03151305019855499,3.761243442694346,-0.006204563930320243,0.0,0.0,0.0009960159659385681,0.0009960159659385681,0.9960158467292786,0.0009960159659385681,0.0009960159659385681
332,2.443513207015831,4.887026414031662,-0.00280000232611205,0.0009960159659385681,4.78125,0.0625,-0.0625,6.779732625000179,-6494.578269409977,0.03151305019855499,3.715637664000193,-0.006041175152252738,0.0,0.0,0.0009960159659385681,0.0009960159659385681,0.9960158467292786,0.0009960159659385681,0.0009960159659385681
333,2.4430158745811905,4.886031749162381,-0.0058806414589413335,0.0009960159659385681,4.6640625,0.453125,-0.453125,6.582287582976278,-6377.988182323462,0.03151305019855499,3.624130070209503,-0.005455934134564207,0.0,0.0,0.0009960159659385681,0.0009960159659385681,0.9960158467292786,0.0009960159659385681,0.0009960159659385681
334,2.4422154652783665,4.884430930556733,-0.02181108367924876,0.0009960159659385681,4.84375,-0.640625,0.640625,6.773803624964785,-6076.151935478949,0.03151305019855499,3.6020220518112183,-0.005608111998299137,0.0,0.0,0.0009960159659385681,0.0009960159659385681,0.9960158467292786,0.0009960159659385681,0.0009960159659385681
335,2.4415736998398696,4.883147399679739,-0.004897761520234641,0.0009960159659385681,4.6484375,-0.234375,0.234375,6.613907541963272,-8054.0443570305315,0.03151305019855499,3.534826080004374,-0.0054124690213939175,0.0,0.0,0.0009960159659385681,0.0009960159659385681,0.9960158467292786,0.0009960159659385681,0.0009960159659385681
336,2.440859836871968,4.881719673743936,-0.007097451382220246,0.0009960159659385681,4.6796875,1.0390625,-1.0390625,6.611455834005028,-9559.243843256929,0.03151305019855499,3.5309802492459617,-0.0056083826736236615,0.0,0.0,0.0009960159659385681,0.0009960159659385681,0.9960158467292786,0.0009960159659385681,0.0009960159659385681
337,2.440259884074381,4.880519768148762,-0.006346971209545317,0.0009960159659385681,4.6171875,-0.171875,0.171875,6.4763942919671535,-10946.511174894227,0.03151305019855499,3.655325929323832,-0.006203118343061457,0.0,0.0,0.0009960159659385681,0.0009960159659385681,0.9960158467292786,0.0009960159659385681,0.0009960159659385681
338,2.4397297626025525,4.879459525205105,-0.012187733319236763,0.0009960159659385681,4.578125,0.828125,-0.828125,6.4995681250002235,-8576.68710898702,0.03151305019855499,3.7953852812449136,-0.007002982737806936,0.0,0.0,0.0009960159659385681,0.0009960159659385681,0.9960158467292786,0.0009960159659385681,0.0009960159659385681
339,2.4389445216040464,4.877889043208093,-0.009518748263105095,0.0009960159659385681,4.7421875,-0.0703125,0.0703125,6.697416334005538,-7859.09383789515,0.03151305019855499,3.745927075544993,-0.006297769267500068,0.0,0.0,0.0009960159659385681,0.0009960159659385681,0.9960158467292786,0.0009960159659385681,0.0009960159659385681
340,2.438325204625432,4.876650409250864,-0.009106039006531187,0.0009960159659385681,4.7109375,-0.4453125,0.4453125,6.852290125039872,-9747.900648518778,0.03151305019855499,3.586290498574575,-0.005691362835932523,0.0,0.0,0.0009960159659385681,0.0009960159659385681,0.9960158467292786,0.0009960159659385681,0.0009960159659385681
341,2.437682026598056,4.875364053196112,-0.009326184550314835,0.0009960159659385681,4.734375,-0.3359375,0.3359375,6.6411249579978175,-5168.796753055585,0.03151305019855499,3.649035473664602,-0.00606640816355745,0.0,0.0,0.0009960159659385681,0.0009960159659385681,0.9960158467292786,0.0009960159659385681,0.0009960159659385681
342,2.4371154766183465,4.874230953236693,-0.01517344172915112,0.0009960159659385681,4.6953125,-0.03125,0.03125,6.600871167029254,-6170.339769258674,0.03151305019855499,3.8007583220799765,-0.006928042760894944,0.0,0.0,0.0009960159659385681,0.0009960159659385681,0.9960158467292786,0.0009960159659385681,0.0009960159659385681
343,2.436467934306532,4.872935868613064,-0.0126617836018992,0.0009960159659385681,4.5703125,-0.78125,0.78125,6.427649040997494,-7166.010519304846,0.03151305019855499,3.8118212819099426,-0.006417474908327374,0.0,0.0,0.0009960159659385681,0.0009960159659385681,0.9960158467292786,0.0009960159659385681,0.0009960159659385681
344,2.4356858266001344,4.871371653200269,-0.004960661670056151,0.0009960159659385681,4.65625,0.984375,-0.984375,6.598534209013451,-7836.30543576951,0.03151305019855499,3.7821687857309976,-0.006752733483760191,0.0,0.0,0.0009960159659385681,0.0009960159659385681,0.9960158467292786,0.0009960159659385681,0.0009960159659385681
345,2.43518894584653,4.87037789169306,-0.0032390255930618414,0.0009960159659385681,4.5546875,-0.15625,0.15625,6.3839134580339305,-10006.126404724644,0.03151305019855499,3.8289750814437866,-0.006678859863313846,0.0,0.0,0.0009960159659385681,0.0009960159659385681,0.9960158467292786,0.0009960159659385681,0.0009960159659385681
346,2.43477725671338,4.86955451342676,-0.01202540994386557,0.0009960159659385681,4.7578125,0.1015625,-0.1015625,6.845687958004419,-11310.575288543952,0.03151305019855499,3.754649599393209,-0.00635864571086131,0.0,0.0,0.0009960159659385681,0.0009960159659385681,0.9960158467292786,0.0009960159659385681,0.0009960159659385681
347,2.434086101772167,4.868172203544334,-0.015197588026966982,0.0009960159659385681,4.8671875,1.0234375,-1.0234375,6.88485941698309,-10626.607914540396,0.03151305019855499,3.81425279378891,-0.006918376331062366,0.0,0.0,0.0009960159659385681,0.0009960159659385681,0.9960158467292786,0.0009960159659385681,0.0009960159659385681
348,2.4332637470586853,4.866527494117371,-0.004770667926375435,0.0009960159659385681,4.7578125,-0.9140625,0.9140625,6.6862741660443135,-7311.7374711811835,0.03151305019855499,3.659433742364248,-0.0060688457839811845,0.0,0.0,0.0009960159659385681,0.0009960159659385681,0.9960158467292786,0.0009960159659385681,0.0009960159659385681
349,2.4323292234726956,4.864658446945391,-0.0124612845658924,0.0009960159659385681,4.6171875,-0.0078125,0.0078125,6.50691229198128,-9958.622792794216,0.03151305019855499,3.698783814907074,-0.006580093962838873,0.0,0.0,0.0009960159659385681,0.0009960159659385681,0.9960158467292786,0.0009960159659385681,0.0009960159659385681
350,2.431406039074328,4.862812078148656,-0.010752505883117295,0.0009960159659385681,4.90625,-0.0625,0.0625,6.976740624988452,-7335.775663679572,0.03151305019855499,3.5911659598350525,-0.006051411551500981,0.0,0.0,0.0009960159659385681,0.0009960159659385681,0.9960158467292786,0.0009960159659385681,0.0009960159659385681
351,2.4308044298172558,4.8616088596345115,-0.006583883074435441,0.0009960159659385681,4.921875,-0.359375,0.359375,7.044116833945736,-7519.166912018307,0.03151305019855499,3.4957082668940225,-0.005805170115005846,0.0,0.0,0.0009960159659385681,0.0009960159659385681,0.9960158467292786,0.0009960159659385681,0.0009960159659385681
352,2.4298997623678034,4.859799524735607,-0.003222553994021023,0.0009960159659385681,4.7734375,0.03125,-0.03125,6.723391917010304,-9984.478661969524,0.03151305019855499,3.460593501726786,-0.005861586076207459,0.0,0.0,0.0009960159659385681,0.0009960159659385681,0.9960158467292786,0.0009960159659385681,0.0009960159659385681
353,2.4289141530885106,4.857828306177021,-0.011062548961533029,0.0009960159659385681,4.7265625,-0.1875,0.1875,6.741317541978788,-7776.073318204013,0.03151305019855499,3.4517334699630737,-0.006372359290253371,0.0,0.0,0.0009960159659385681,0.0009960159659385681,0.9960158467292786,0.0009960159659385681,0.0009960159659385681
354,2.428186100378294,4.856372200756588,-0.0142863522268236,0.0009960159659385681,4.6875,-0.34375,0.34375,6.592620665964205,-8257.6998828125,0.03151305019855499,3.492433766523997,-0.006533424583418916,0.0,0.0,0.0009960159659385681,0.0009960159659385681,0.9960158467292786,0.0009960159659385681,0.0009960159659385681
355,2.427562556393573,4.855125112787146,-0.014583958886350076,0.0009960159659385681,4.65625,0.1328125,-0.1328125,6.620597834000364,-9993.475047041105,0.03151305019855499,3.5803761879603067,-0.006445315627691646,0.0,0.0,0.0009960159659385681,0.0009960159659385681,0.9960158467292786,0.0009960159659385681,0.0009960159659385681
356,2.4268186044034588,4.8536372088069175,-0.006111133592042689,0.0009960159659385681,4.6328125,-0.4609375,0.4609375,6.60924179200083,-10628.893974188408,0.03151305019855499,3.6603199243545532,-0.007177539004866655,0.0,0.0,0.0009960159659385681,0.0009960159659385681,0.9960158467292786,0.0009960159659385681,0.0009960159659385681
357,2.4262222266725795,4.852444453345159,-0.002668127969573838,0.0009960159659385681,4.640625,0.0703125,-0.0703125,6.474004124989733,-10859.274087693957,0.03151305019855499,3.7952993512153625,-0.00731902064580936,0.0,0.0,0.0009960159659385681,0.0009960159659385681,0.9960158467292786,0.0009960159659385681,0.0009960159659385681
358,2.4254534105147147,4.8509068210294295,-0.013090936771879622,0.0009960159659385681,4.8359375,-0.09375,0.09375,6.849541124945972,-9541.511279696217,0.03151305019855499,3.85470849275589,-0.007268261261439572,0.0,0.0,0.0009960159659385681,0.0009960159659385681,0.9960158467292786,0.0009960159659385681,0.0009960159659385681
359,2.424904351868185,4.84980870373637,-0.00943948480387133,0.0009960159659385681,4.8671875,1.2109375,-1.2109375,6.903066334023606,-10851.250770066752,0.03151305019855499,3.731574018796285,-0.006739155971445143,0.0,0.0,0.0009960159659385681,0.0009960159659385681,0.9960158467292786,0.0009960159659385681,0.0009960159659385681
360,2.424418487747552,4.848836975495104,-0.006647085973744726,0.0009960159659385681,4.71875,-0.203125,0.203125,6.577609334024601,-11058.58205795288,0.03151305019855499,3.695861339569092,-0.006746546161593869,0.0,0.0,0.0009960159659385681,0.0009960159659385681,0.9960158467292786,0.0009960159659385681,0.0009960159659385681
361,2.423928753570206,4.847857507140412,-0.007845369330312013,0.0009960159659385681,4.7109375,-0.25,0.25,6.561510375002399,-12192.486876024337,0.03151305019855499,3.7092451453208923,-0.0069902949326206,0.0,0.0,0.0009960159659385681,0.0009960159659385681,0.9960158467292786,0.0009960159659385681,0.0009960159659385681
362,2.423358509070364,4.846717018140728,-0.008099156577716026,0.0009960159659385681,4.8203125,-0.4453125,0.4453125,6.820580624975264,-10359.319234566712,0.03151305019855499,3.813650588194529,-0.00748251016678599,0.0,0.0,0.0009960159659385681,0.0009960159659385681,0.9960158467292786,0.0009960159659385681,0.0009960159659385681
363,2.4226631341032943,4.8453262682065885,-0.01667224566667036,0.0009960159659385681,4.5234375,-0.3359375,0.3359375,6.3761195410043,-13137.404412409596,0.03151305019855499,3.8800344864527383,-0.00737259304150939,0.0,0.0,0.0009960159659385681,0.0009960159659385681,0.9960158467292786,0.0009960159659385681,0.0009960159659385681
364,2.4223113541206005,4.844622708241201,-0.014105442902223079,0.0009960159659385681,4.765625,-0.609375,0.609375,6.664599624986295,-9904.500511569664,0.03151305019855499,3.8487825989723206,-0.007249046815559268,0.0,0.0,0.0009960159659385681,0.0009960159659385681,0.9960158467292786,0.0009960159659385681,0.0009960159659385681
365,2.4219888443351585,4.843977688670317,-0.0063767314397597035,0.0009960159659385681,4.6484375,-0.46875,0.46875,6.5818826670292765,-10338.179562044545,0.03151305019855499,3.876474599043528,-0.007362253498286009,0.0,0.0,0.0009960159659385681,0.0009960159659385681,0.9960158467292786,0.0009960159659385681,0.0009960159659385681
366,2.421486929403512,4.842973858807024,-0.009640967379445966,0.0009960159659385681,4.6953125,0.1171875,-0.1171875,6.584525458049029,-10847.076757472287,0.03151305019855499,3.9502596259117126,-0.00823094419320114,0.0,0.0,0.0009960159659385681,0.0009960159659385681,0.9960158467292786,0.0009960159659385681,0.0009960159659385681
367,2.421146781646088,4.842293563292176,-0.01650257509638411,0.0009960159659385681,4.8359375,0.0859375,-0.0859375,6.864466458035167,-13682.337945941192,0.03151305019855499,3.7359931270281472,-0.006527642011254405,0.0,0.0,0.0009960159659385681,0.0009960159659385681,0.9960158467292786,0.0009960159659385681,0.0009960159659385681
368,2.4209015695955336,4.841803139191067,-0.008898296148673622,0.0009960159659385681,4.8515625,0.125,-0.125,6.821417500032112,-13784.372987731835,0.03151305019855499,3.756551365057627,-0.007143716890520106,0.0,0.0,0.0009960159659385681,0.0009960159659385681,0.9960158467292786,0.0009960159659385681,0.0009960159659385681
369,2.4208025491859466,4.841605098371893,-0.007394931136738352,0.0009960159659385681,4.3203125,0.0,0.0,6.11248104198603,-13674.263253375808,0.03151305019855499,3.729767839113871,-0.007342092421216269,0.0,0.0,0.0009960159659385681,0.0009960159659385681,0.9960158467292786,0.0009960159659385681,0.0009960159659385681
370,2.4206050930372025,4.841210186074405,-0.005509756837211388,0.0009960159659385681,4.796875,-1.2265625,1.2265625,6.65233445900958,-12307.900767497209,0.03151305019855499,3.9120216766993203,-0.008027478373454263,0.0,0.0,0.0009960159659385681,0.0009960159659385681,0.9960158467292786,0.0009960159659385681,0.0009960159659385681
371,2.4202078359539376,4.840415671907875,-0.010647442541741606,0.0009960159659385681,4.7578125,-0.1796875,0.1796875,6.720224041957408,-10158.278203077896,0.03151305019855499,3.7741817633310952,-0.006954356232502808,0.0,0.0,0.0009960159659385681,0.0009960159659385681,0.9960158467292786,0.0009960159659385681,0.0009960159659385681
372,2.4197276854245144,4.839455370849029,-0.005991013106525992,0.0009960159659385681,4.5390625,0.0234375,-0.0234375,6.39216204197146,-12598.552706089775,0.03151305019855499,3.879799544811249,-0.007824389166974774,0.0,0.0,0.0009960159659385681,0.0009960159659385681,0.9960158467292786,0.0009960159659385681,0.0009960159659385681
373,2.419380570711122,4.838761141422244,-0.010588124836432632,0.0009960159659385681,4.7734375,0.375,-0.375,6.791314416972455,-9438.641678056232,0.03151305019855499,3.8557831048965454,-0.007460379536496475,0.0,0.0,0.0009960159659385681,0.0009960159659385681,0.9960158467292786,0.0009960159659385681,0.0009960159659385681
374,2.418932124025642,4.837864248051284,-0.004885252420012638,0.0009960159659385681,4.609375,0.4296875,-0.4296875,6.450481792038772,-12118.700658403817,0.03151305019855499,3.94733726978302,-0.007903000834630802,0.0,0.0,0.0009960159659385681,0.0009960159659385681,0.9960158467292786,0.0009960159659385681,0.0009960159659385681
375,2.418459647444879,4.836919294889758,-0.008262272908355153,0.0009960159659385681,4.59375,0.265625,-0.265625,6.43237237498397,-14824.071066694194,0.03151305019855499,3.8345176577568054,-0.007159771310398355,0.0,0.0,0.0009960159659385681,0.0009960159659385681,0.9960158467292786,0.0009960159659385681,0.0009960159659385681
376,2.41792220348201,4.83584440696402,-0.013350711868457609,0.0009960159659385681,4.796875,-0.3359375,0.3359375,6.839898125035688,-13789.40670669506,0.03151305019855499,3.827686866124471,-0.007592658473489185,0.0,0.0,0.0009960159659385681,0.0009960159659385681,0.9960158467292786,0.0009960159659385681,0.0009960159659385681
377,2.41749930176275,4.8349986035255,-0.003733255286198158,0.0009960159659385681,4.828125,0.203125,-0.203125,6.8193922089994885,-12146.35430411922,0.03151305019855499,3.868846813837687,-0.007293669351687034,0.0,0.0,0.0009960159659385681,0.0009960159659385681,0.9960158467292786,0.0009960159659385681,0.0009960159659385681
378,2.4171749866012275,4.834349973202455,-0.01192262974312531,0.0009960159659385681,4.6640625,0.265625,-0.265625,6.626229459012393,-14659.945548001646,0.03151305019855499,3.747032026449839,-0.0069394374343877034,0.0,0.0,0.0009960159659385681,0.0009960159659385681,0.9960158467292786,0.0009960159659385681,0.0009960159659385681
379,2.4167675332308445,4.833535066461689,-0.00853323713094342,0.0009960159659385681,4.7734375,-0.15625,0.15625,6.797971250023693,-12424.561118043192,0.03151305019855499,3.7898170351982117,-0.007169157741979386,0.0,0.0,0.0009960159659385681,0.0009960159659385681,0.9960158467292786,0.0009960159659385681,0.0009960159659385681
380,2.416499828822575,4.83299965764515,-0.01193312019549262,0.0009960159659385681,4.859375,0.21875,-0.21875,6.851347958028782,-11346.726430616962,0.03151305019855499,3.798766791820526,-0.007618162713091199,0.0,0.0,0.0009960159659385681,0.0009960159659385681,0.9960158467292786,0.0009960159659385681,0.0009960159659385681
381,2.4161503763472516,4.832300752694503,-0.014843077421200654,0.0009960159659385681,4.7734375,-0.109375,0.109375,6.761335916002281,-11279.650056679784,0.03151305019855499,3.9746036529541016,-0.008554387876453498,0.0,0.0,0.0009960159659385681,0.0009960159659385681,0.9960158467292786,0.0009960159659385681,0.0009960159659385681
382,2.4158840158516934,4.831768031703387,-0.007690903561063255,0.0009960159659385681,4.8046875,0.1328125,-0.1328125,6.771487292018719,-9989.541570126914,0.03151305019855499,3.995719790458679,-0.008199730577568213,0.0,0.0,0.0009960159659385681,0.0009960159659385681,0.9960158467292786,0.0009960159659385681,0.0009960159659385681
383,2.4156314776091747,4.8312629552183495,-0.011307924456316249,0.0009960159659385681,4.890625,0.2109375,-0.2109375,6.920144000032451,-13075.59043189588,0.03151305019855499,4.060891469319661,-0.008195330233623585,0.0,0.0,0.0009960159659385681,0.0009960159659385681,0.9960158467292786,0.0009960159659385681,0.0009960159659385681
384,2.415377975613991,4.830755951227982,-0.010779550752076827,0.0009960159659385681,4.640625,-0.2421875,0.2421875,6.651238999969792,-13801.793459934017,0.03151305019855499,3.9373380144437156,-0.007789155953408529,0.0,0.0,0.0009960159659385681,0.0009960159659385681,0.9960158467292786,0.0009960159659385681,0.0009960159659385681
385,2.415208359948398,4.830416719896796,-0.009195856951291256,0.0009960159659385681,4.8515625,0.734375,-0.734375,6.908116957987659,-15030.51116695189,0.03151305019855499,3.958092669645945,-0.008060004853177816,0.0,0.0,0.0009960159659385681,0.0009960159659385681,0.9960158467292786,0.0009960159659385681,0.0009960159659385681
386,2.4149700418649287,4.829940083729857,-0.011013072600167421,0.0009960159659385681,4.71875,-0.40625,0.40625,6.6955620420048945,-15087.510416321407,0.03151305019855499,4.111931463082631,-0.008948265516664833,0.0,0.0,0.0009960159659385681,0.0009960159659385681,0.9960158467292786,0.0009960159659385681,0.0009960159659385681
387,2.4145534230377255,4.829106846075451,-0.009114693489779007,0.0009960159659385681,4.75,-0.1875,0.1875,6.664633082982618,-14846.70305277172,0.03151305019855499,4.18611216545105,-0.0090339690214023,0.0,0.0,0.0009960159659385681,0.0009960159659385681,0.9960158467292786,0.0009960159659385681,0.0009960159659385681
388,2.414231168570054,4.828462337140108,-0.009508021229878757,0.0009960159659385681,4.7890625,0.2109375,-0.2109375,6.70963950001169,-13083.941499171793,0.03151305019855499,4.1945720911026,-0.008726266086644804,0.0,0.0,0.0009960159659385681,0.0009960159659385681,0.9960158467292786,0.0009960159659385681,0.0009960159659385681
389,2.413996296663878,4.827992593327756,-0.0034000935487276417,0.0009960159659385681,4.640625,-0.109375,0.109375,6.5944519999902695,-13671.892734668872,0.03151305019855499,4.063864707946777,-0.0083655654937805,0.0,0.0,0.0009960159659385681,0.0009960159659385681,0.9960158467292786,0.0009960159659385681,0.0009960159659385681
390,2.4138481729797627,4.8276963459595255,-0.011491651270984815,0.0009960159659385681,4.8203125,0.359375,-0.359375,6.757123625022359,-16158.416151841224,0.03151305019855499,3.896526793638865,-0.0072241479938384145,0.0,0.0,0.0009960159659385681,0.0009960159659385681,0.9960158467292786,0.0009960159659385681,0.0009960159659385681
391,2.4136396813243115,4.827279362648623,-0.009205706495660413,0.0009960159659385681,4.6171875,1.2734375,-1.2734375,6.578830250015017,-16575.1193587663,0.03151305019855499,3.9032002886136374,-0.007994899206096306,0.0,0.0,0.0009960159659385681,0.0009960159659385681,0.9960158467292786,0.0009960159659385681,0.0009960159659385681
392,2.413309623275893,4.826619246551786,-0.009193612850855784,0.0009960159659385681,4.6796875,0.1875,-0.1875,6.606154999986757,-18011.70602363497,0.03151305019855499,3.975962142149607,-0.008764549003293117,0.0,0.0,0.0009960159659385681,0.0009960159659385681,0.9960158467292786,0.0009960159659385681,0.0009960159659385681
393,2.4131337467194345,4.826267493438869,-0.008664359390163013,0.0009960159659385681,4.8046875,-0.3203125,0.3203125,6.755912583030295,-14471.618701097443,0.03151305019855499,3.801500976085663,-0.006990638542144249,0.0,0.0,0.0009960159659385681,0.0009960159659385681,0.9960158467292786,0.0009960159659385681,0.0009960159659385681
394,2.413144220381134,4.826288440762268,-0.007243243523373176,0.0009960159659385681,4.796875,0.5859375,-0.5859375,6.828151207999326,-13088.951901911136,0.03151305019855499,3.7927770415941873,-0.007685812665537621,0.0,0.0,0.0009960159659385681,0.0009960159659385681,0.9960158467292786,0.0009960159659385681,0.0009960159659385681
395,2.4130871264635507,4.8261742529271014,-0.010961955557803427,0.0009960159659385681,4.7734375,0.046875,-0.046875,6.795296958007384,-13666.864591158354,0.03151305019855499,3.772517144680023,-0.0076898040327553945,0.0,0.0,0.0009960159659385681,0.0009960159659385681,0.9960158467292786,0.0009960159659385681,0.0009960159659385681
396,2.41296326148065,4.8259265229613,-0.006997808283989218,0.0009960159659385681,4.8203125,-0.1484375,0.1484375,6.7610965829808265,-12025.160563390104,0.03151305019855499,3.862535536289215,-0.008299662518159797,0.0,0.0,0.0009960159659385681,0.0009960159659385681,0.9960158467292786,0.0009960159659385681,0.0009960159659385681
397,2.4127753618005556,4.825550723601111,-0.02001477457563647,0.0009960159659385681,4.6171875,0.0234375,-0.0234375,6.510405208042357,-16252.404282442407,0.03151305019855499,4.222102423508962,-0.009891065371145183,0.0,0.0,0.0009960159659385681,0.0009960159659385681,0.9960158467292786,0.0009960159659385681,0.0009960159659385681
398,2.4126254926807076,4.825250985361415,-0.007989652869499458,0.0009960159659385681,4.8046875,0.0,0.0,6.776812999974936,-15530.708547527034,0.03151305019855499,3.9888572096824646,-0.007899097307623984,0.0,0.0,0.0009960159659385681,0.0009960159659385681,0.9960158467292786,0.0009960159659385681,0.0009960159659385681
399,2.41242985852357,4.82485971704714,-0.008215747489224438,0.0009960159659385681,4.8828125,0.40625,-0.40625,6.8572568749659695,-14057.415151904297,0.03151305019855499,4.093698620796204,-0.008802719433636716,0.0,0.0,0.0009960159659385681,0.0009960159659385681,0.9960158467292786,0.0009960159659385681,0.0009960159659385681
400,2.4121600893128097,4.824320178625619,-0.016454299874548974,0.0009960159659385681,4.8046875,-0.9375,0.9375,6.700824750005268,-16497.56435023362,0.03151305019855499,4.025450050830841,-0.008373382598316917,0.0,0.0,0.0009960159659385681,0.0009960159659385681,0.9960158467292786,0.0009960159659385681,0.0009960159659385681
401,2.411800983310579,4.823601966621158,-0.013630366616881983,0.0009960159659385681,4.8125,-0.3203125,0.3203125,6.811334708996583,-16277.143144558002,0.03151305019855499,4.211249033610026,-0.009503176688061407,0.0,0.0,0.0009960159659385681,0.0009960159659385681,0.9960158467292786,0.0009960159659385681,0.0009960159659385681
402,2.4114519884480634,4.822903976896127,-0.0017098071597413634,0.0009960159659385681,4.71875,0.859375,-0.859375,6.632462874986231,-13008.404197642345,0.03151305019855499,4.0970333615938825,-0.008496213316296538,0.0,0.0,0.0009960159659385681,0.0009960159659385681,0.9960158467292786,0.0009960159659385681,0.0009960159659385681
403,2.411263431553706,4.822526863107412,-0.009469554933309633,0.0009960159659385681,4.8203125,-0.4375,0.4375,6.8115670420229435,-11828.073929945886,0.03151305019855499,4.1139780680338545,-0.008774686711452281,0.0,0.0,0.0009960159659385681,0.0009960159659385681,0.9960158467292786,0.0009960159659385681,0.0009960159659385681
404,2.4110467311403188,4.8220934622806375,-0.008485591050685784,0.0009960159659385681,4.703125,-0.1484375,0.1484375,6.614477666968014,-11673.493048506321,0.03151305019855499,4.09762974580129,-0.009129271008229503,0.0,0.0,0.0009960159659385681,0.0009960159659385681,0.9960158467292786,0.0009960159659385681,0.0009960159659385681
405,2.410596439701411,4.821192879402822,-0.017786862829933248,0.0009960159659385681,4.8046875,-0.8046875,0.8046875,6.732264040969312,-15442.56121756701,0.03151305019855499,4.027537643909454,-0.008558589150197804,0.0,0.0,0.0009960159659385681,0.0009960159659385681,0.9960158467292786,0.0009960159659385681,0.0009960159659385681
406,2.4103408030894222,4.8206816061788444,-0.005950715019988854,0.0009960159659385681,4.7578125,0.0078125,-0.0078125,6.668161957990378,-15384.858740595175,0.03151305019855499,3.9885983069737754,-0.00817330438682499,0.0,0.0,0.0009960159659385681,0.0009960159659385681,0.9960158467292786,0.0009960159659385681,0.0009960159659385681
407,2.4101882149604776,4.820376429920955,-0.024323968873738454,0.0009960159659385681,4.765625,-0.40625,0.40625,6.807070208946243,-18280.885695760757,0.03151305019855499,4.031560301780701,-0.00886039468847836,0.0,0.0,0.0009960159659385681,0.0009960159659385681,0.9960158467292786,0.0009960159659385681,0.0009960159659385681
408,2.409878056795791,4.819756113591582,-0.013848577023126807,0.0009960159659385681,4.734375,0.171875,-0.171875,6.646293375000823,-18197.795972717086,0.03151305019855499,4.076520522435506,-0.009173543522289643,0.0,0.0,0.0009960159659385681,0.0009960159659385681,0.9960158467292786,0.0009960159659385681,0.0009960159659385681
409,2.409527370688987,4.819054741377974,-0.011742210921071233,0.0009960159659385681,4.8828125,-0.1171875,0.1171875,6.847432291018777,-15114.251792578125,0.03151305019855499,4.095194200674693,-0.009053701234127706,0.0,0.0,0.0009960159659385681,0.0009960159659385681,0.9960158467292786,0.0009960159659385681,0.0009960159659385681
410,2.409164053047687,4.818328106095374,-0.008475549122176615,0.0009960159659385681,4.7421875,-0.71875,0.71875,6.717082042014226,-13954.566734804157,0.03151305019855499,3.961245079835256,-0.008394659836388504,0.0,0.0,0.0009960159659385681,0.0009960159659385681,0.9960158467292786,0.0009960159659385681,0.0009960159659385681
411,2.408829293170597,4.817658586341194,-0.009416248136126557,0.0009960159659385681,4.828125,0.8046875,-0.8046875,6.871201542031486,-15716.380103793344,0.03151305019855499,4.038881103197734,-0.008516885834978893,0.0,0.0,0.0009960159659385681,0.0009960159659385681,0.9960158467292786,0.0009960159659385681,0.0009960159659385681
412,2.408628915622293,4.817257831244586,-0.013948429834042576,0.0009960159659385681,4.6875,-0.53125,0.53125,6.563303290982731,-17593.467286682127,0.03151305019855499,4.092824598153432,-0.008622723806183785,0.0,0.0,0.0009960159659385681,0.0009960159659385681,0.9960158467292786,0.0009960159659385681,0.0009960159659385681
413,2.408093028174486,4.816186056348972,-0.016678944590081443,0.0009960159659385681,4.75,-0.78125,0.78125,6.7109607080346905,-17806.651826206005,0.03151305019855499,4.048133631547292,-0.008421332750003785,0.0,0.0,0.0009960159659385681,0.0009960159659385681,0.9960158467292786,0.0009960159659385681,0.0009960159659385681
414,2.4073964199250177,4.8147928398500355,-0.006088681822320124,0.0009960159659385681,4.7578125,-0.0546875,0.0546875,6.69161883299239,-19474.711742432442,0.03151305019855499,4.107103864351909,-0.008989789969443033,0.0,0.0,0.0009960159659385681,0.0009960159659385681,0.9960158467292786,0.0009960159659385681,0.0009960159659385681
415,2.40688396040896,4.81376792081792,-0.01081595849967084,0.0009960159659385681,4.796875,0.4609375,-0.4609375,6.738646500045434,-23995.237254636682,0.03151305019855499,3.9995413223902383,-0.008534249073515335,0.0,0.0,0.0009960159659385681,0.0009960159659385681,0.9960158467292786,0.0009960159659385681,0.0009960159659385681
416,2.406567422018986,4.813134844037972,-0.0038140187524577343,0.0009960159659385681,4.796875,-0.453125,0.453125,6.800823707948439,-20845.234974218114,0.03151305019855499,3.9355006217956543,-0.00822947055955107,0.0,0.0,0.0009960159659385681,0.0009960159659385681,0.9960158467292786,0.0009960159659385681,0.0009960159659385681
417,2.406274108205816,4.812548216411632,-0.019410709818118793,0.0009960159659385681,4.8828125,-0.1171875,0.1171875,6.845503292046487,-19401.698025390626,0.03151305019855499,4.170790731906891,-0.009903179753261307,0.0,0.0,0.0009960159659385681,0.0009960159659385681,0.9960158467292786,0.0009960159659385681,0.0009960159659385681
418,2.405893070971368,4.811786141942736,-0.010514171251593351,0.0009960159659385681,4.90625,-0.0390625,0.0390625,6.907926790998317,-16037.907544664517,0.03151305019855499,4.3770511746406555,-0.010719575569964945,0.0,0.0,0.0009960159659385681,0.0009960159659385681,0.9960158467292786,0.0009960159659385681,0.0009960159659385681
419,2.4056197602121987,4.811239520424397,-0.013636128943965632,0.0009960159659385681,4.71875,-0.046875,0.046875,6.678981582983397,-14950.109623435317,0.03151305019855499,4.173769017060597,-0.00907717485097237,0.0,0.0,0.0009960159659385681,0.0009960159659385681,0.9960158467292786,0.0009960159659385681,0.0009960159659385681
420,2.4053564248406003,4.810712849681201,-0.013654675654532582,0.0009960159659385681,4.921875,1.0625,-1.0625,7.048075917002279,-15624.74389294821,0.03151305019855499,4.10616014401118,-0.008721325983060524,0.0,0.0,0.0009960159659385681,0.0009960159659385681,0.9960158467292786,0.0009960159659385681,0.0009960159659385681
421,2.405028389777944,4.810056779555888,-0.00815662149547097,0.0009960159659385681,4.8203125,0.0,0.0,6.814724333002232,-17155.83681177668,0.03151305019855499,4.080841620763143,-0.009181347112947455,0.0,0.0,0.0009960159659385681,0.0009960159659385681,0.9960158467292786,0.0009960159659385681,0.0009960159659385681
422,2.404736615937776,4.809473231875552,-0.0027625697631644117,0.0009960159659385681,4.75,0.6328125,-0.6328125,6.716118417039979,-19548.72280738228,0.03151305019855499,4.06442928314209,-0.009114431605363885,0.0,0.0,0.0009960159659385681,0.0009960159659385681,0.9960158467292786,0.0009960159659385681,0.0009960159659385681
423,2.404317230771013,4.808634461542026,-0.011397293703144271,0.0009960159659385681,4.7109375,0.421875,-0.421875,6.672837584046647,-19542.324261869366,0.03151305019855499,4.153522928555806,-0.00939358568090635,0.0,0.0,0.0009960159659385681,0.0009960159659385681,0.9960158467292786,0.0009960159659385681,0.0009960159659385681
424,2.404059849321778,4.808119698643556,-0.006008890789572959,0.0009960159659385681,4.7578125,-0.25,0.25,6.728519874974154,-17864.18851499761,0.03151305019855499,4.191178321838379,-0.009740875044371933,0.0,0.0,0.0009960159659385681,0.0009960159659385681,0.9960158467292786,0.0009960159659385681,0.0009960159659385681
425,2.403902541152779,4.807805082305558,-0.01204686330529511,0.0009960159659385681,4.6484375,0.0546875,-0.0546875,6.588399209023919,-17438.90837802406,0.03151305019855499,4.147626578807831,-0.009340971650090069,0.0,0.0,0.0009960159659385681,0.0009960159659385681,0.9960158467292786,0.0009960159659385681,0.0009960159659385681
426,2.403801446215739,4.807602892431478,-0.011098878776117578,0.0009960159659385681,4.65625,-1.1484375,1.1484375,6.574435290996917,-20935.103754491614,0.03151305019855499,4.0916076103846235,-0.009407489327713847,0.0,0.0,0.0009960159659385681,0.0009960159659385681,0.9960158467292786,0.0009960159659385681,0.0009960159659385681
427,2.403793381920163,4.807586763840326,-0.010164946515384115,0.0009960159659385681,4.7578125,0.234375,-0.234375,6.750774792046286,-17756.189763762875,0.03151305019855499,3.97788804769516,-0.009148862697960189,0.0,0.0,0.0009960159659385681,0.0009960159659385681,0.9960158467292786,0.0009960159659385681,0.0009960159659385681
428,2.4036790263013854,4.807358052602771,-0.009373154396558841,0.0009960159659385681,5.078125,-0.4140625,0.4140625,7.239956000004895,-20359.541912935696,0.03151305019855499,4.10558154185613,-0.009758638082227359,0.0,0.0,0.0009960159659385681,0.0009960159659385681,0.9960158467292786,0.0009960159659385681,0.0009960159659385681
429,2.4032319847983614,4.806463969596723,-0.009131343339394212,0.0009960159659385681,4.734375,-0.3203125,0.3203125,6.802469250047579,-20112.863070749212,0.03151305019855499,4.022439817587535,-0.008998545691914236,0.0,0.0,0.0009960159659385681,0.0009960159659385681,0.9960158467292786,0.0009960159659385681,0.0009960159659385681
430,2.4029422412718695,4.805884482543739,-0.012513770344992858,0.0009960159659385681,4.7265625,0.546875,-0.546875,6.61680299998261,-18780.46167441124,0.03151305019855499,4.091003795464833,-0.009671263687778264,0.0,0.0,0.0009960159659385681,0.0009960159659385681,0.9960158467292786,0.0009960159659385681,0.0009960159659385681
431,2.4023769569879154,4.804753913975831,-0.009561667300972356,0.0009960159659385681,4.8828125,-0.59375,0.59375,6.82718558300985,-20085.09964169922,0.03151305019855499,4.2393176555633545,-0.010764497603910664,0.0,0.0,0.0009960159659385681,0.0009960159659385681,0.9960158467292786,0.0009960159659385681,0.0009960159659385681
432,2.401850338400281,4.803700676800562,-0.010818911613228663,0.0009960159659385681,4.8046875,1.0078125,-1.0078125,6.757998457993381,-14033.042525029376,0.03151305019855499,4.23076609770457,-0.009845407252820829,0.0,0.0,0.0009960159659385681,0.0009960159659385681,0.9960158467292786,0.0009960159659385681,0.0009960159659385681
433,2.4013562649639018,4.8027125299278035,-0.010921257330141728,0.0009960159659385681,4.6796875,-0.9296875,0.9296875,6.617357084003743,-18462.097251777457,0.03151305019855499,4.315538326899211,-0.010419051279313862,0.0,0.0,0.0009960159659385681,0.0009960159659385681,0.9960158467292786,0.0009960159659385681,0.0009960159659385681
434,2.4008493872120167,4.801698774424033,-0.01061109039589504,0.0009960159659385681,4.7578125,0.6015625,-0.6015625,6.6521109999739565,-17375.69521959427,0.03151305019855499,4.193568646907806,-0.00987882202025503,0.0,0.0,0.0009960159659385681,0.0009960159659385681,0.9960158467292786,0.0009960159659385681,0.0009960159659385681
435,2.400438122990718,4.800876245981436,-0.007507758801720147,0.0009960159659385681,4.7578125,-0.4375,0.4375,6.736664374999236,-19662.30263059519,0.03151305019855499,4.087292571862538,-0.00912182976026088,0.0,0.0,0.0009960159659385681,0.0009960159659385681,0.9960158467292786,0.0009960159659385681,0.0009960159659385681
436,2.4001516258553783,4.800303251710757,-0.009063899198450815,0.0009960159659385681,4.7734375,0.8671875,-0.8671875,6.714002583001275,-20862.968061081905,0.03151305019855499,4.053093413511912,-0.009498054307186976,0.0,0.0,0.0009960159659385681,0.0009960159659385681,0.9960158467292786,0.0009960159659385681,0.0009960159659385681
437,2.3998416868883923,4.799683373776785,-0.008377527898337858,0.0009960159659385681,4.890625,0.390625,-0.390625,6.824876166996546,-19370.196200629773,0.03151305019855499,4.036729494730632,-0.009144202563523626,0.0,0.0,0.0009960159659385681,0.0009960159659385681,0.9960158467292786,0.0009960159659385681,0.0009960159659385681
438,2.399486373596186,4.798972747192372,-0.018838906152516974,0.0009960159659385681,4.7734375,-0.015625,0.015625,6.8200155409867875,-18741.520734821326,0.03151305019855499,4.269696553548177,-0.010724071665511778,0.0,0.0,0.0009960159659385681,0.0009960159659385681,0.9960158467292786,0.0009960159659385681,0.0009960159659385681
439,2.3991243587866746,4.798248717573349,-0.010833990684053049,0.0009960159659385681,4.9375,0.6015625,-0.6015625,6.953477542032488,-15438.082213534584,0.03151305019855499,4.300208528836568,-0.011028477650446197,0.0,0.0,0.0009960159659385681,0.0009960159659385681,0.9960158467292786,0.0009960159659385681,0.0009960159659385681
440,2.398776733630834,4.797553467261668,-0.01921681365730473,0.0009960159659385681,4.703125,0.4140625,-0.4140625,6.616136041993741,-21054.244754981362,0.03151305019855499,4.242218752702077,-0.010565876660014814,0.0,0.0,0.0009960159659385681,0.0009960159659385681,0.9960158467292786,0.0009960159659385681,0.0009960159659385681
441,2.398548517317078,4.797097034634156,-0.010515815293714238,0.0009960159659385681,4.78125,0.7109375,-0.7109375,6.770330125000328,-17507.344474642883,0.03151305019855499,4.044601400693257,-0.009134176342437664,0.0,0.0,0.0009960159659385681,0.0009960159659385681,0.9960158467292786,0.0009960159659385681,0.0009960159659385681
442,2.398552717104038,4.797105434208076,-0.004540451970352533,0.0009960159659385681,4.8515625,-0.140625,0.140625,6.81388174998574,-19278.24401634327,0.03151305019855499,4.123604655265808,-0.009899641261047995,0.0,0.0,0.0009960159659385681,0.0009960159659385681,0.9960158467292786,0.0009960159659385681,0.0009960159659385681
443,2.398481148878119,4.796962297756238,-0.009049743737524233,0.0009960159659385681,5.0390625,0.203125,-0.203125,7.033938665990718,-23758.870561608604,0.03151305019855499,4.195823450883229,-0.01081287352523456,0.0,0.0,0.0009960159659385681,0.0009960159659385681,0.9960158467292786,0.0009960159659385681,0.0009960159659385681
444,2.3983848591685843,4.796769718337169,-0.014790259888533327,0.0009960159659385681,4.7421875,-0.15625,0.15625,6.714179250004236,-22898.037536369713,0.03151305019855499,4.216867705186208,-0.010408953336688379,0.0,0.0,0.0009960159659385681,0.0009960159659385681,0.9960158467292786,0.0009960159659385681,0.0009960159659385681
445,2.398493332382852,4.796986664765704,-0.01560432392447525,0.0009960159659385681,4.8125,-0.0078125,0.0078125,6.708155125030316,-27860.237030574255,0.03151305019855499,4.168746590614319,-0.00952546209252129,0.0,0.0,0.0009960159659385681,0.0009960159659385681,0.9960158467292786,0.0009960159659385681,0.0009960159659385681
446,2.3985096042118688,4.7970192084237375,-0.009147196786974746,0.0009960159659385681,4.6171875,-0.1328125,0.1328125,6.487783958029468,-26951.362369388895,0.03151305019855499,4.120243748029073,-0.009579905347588161,0.0,0.0,0.0009960159659385681,0.0009960159659385681,0.9960158467292786,0.0009960159659385681,0.0009960159659385681
447,2.398546361992574,4.797092723985148,-0.007031521630253519,0.0009960159659385681,4.8828125,0.15625,-0.15625,6.960155749984551,-23711.12406430664,0.03151305019855499,4.0927625099817915,-0.009813136227118472,0.0,0.0,0.0009960159659385681,0.0009960159659385681,0.9960158467292786,0.0009960159659385681,0.0009960159659385681
448,2.3985397718340806,4.797079543668161,-0.023223292983295913,0.0009960159659385681,4.796875,-0.1953125,0.1953125,6.734410792007111,-21113.416153550537,0.03151305019855499,3.9996241132418313,-0.009669845613340536,0.0,0.0,0.0009960159659385681,0.0009960159659385681,0.9960158467292786,0.0009960159659385681,0.0009960159659385681
449,2.398558963158301,4.797117926316602,-0.009856591915919527,0.0009960159659385681,4.796875,0.5,-0.5,6.819095417042263,-12128.275033062366,0.03151305019855499,4.109502673149109,-0.010390329368722936,0.0,0.0,0.0009960159659385681,0.0009960159659385681,0.9960158467292786,0.0009960159659385681,0.0009960159659385681
450,2.398577583954977,4.797155167909954,-0.008876026853082575,0.0009960159659385681,4.765625,-0.6015625,0.6015625,6.762025250005536,-19257.13835994533,0.03151305019855499,4.216548323631287,-0.010658383776899427,0.0,0.0,0.0009960159659385681,0.0009960159659385681,0.9960158467292786,0.0009960159659385681,0.0009960159659385681
451,2.3986653678526872,4.7973307357053745,-0.015179946797438329,0.0009960159659385681,4.7109375,0.0546875,-0.0546875,6.6573117499938235,-22423.649677434765,0.03151305019855499,4.1615233818689985,-0.010414638265501708,0.0,0.0,0.0009960159659385681,0.0009960159659385681,0.9960158467292786,0.0009960159659385681,0.0009960159659385681
452,2.3987610899824947,4.797522179964989,-0.003498184214463338,0.0009960159659385681,4.8828125,0.203125,-0.203125,6.879512083018199,-21932.171791796874,0.03151305019855499,4.08983039855957,-0.00980341574177146,0.0,0.0,0.0009960159659385681,0.0009960159659385681,0.9960158467292786,0.0009960159659385681,0.0009960159659385681
453,2.398882521856014,4.797765043712028,-0.007248905793442665,0.0009960159659385681,4.7734375,-0.8828125,0.8828125,6.780797791958321,-21401.6356916412,0.03151305019855499,4.129466116428375,-0.010105983431761464,0.0,0.0,0.0009960159659385681,0.0009960159659385681,0.9960158467292786,0.0009960159659385681,0.0009960159659385681
454,2.3990257830492854,4.798051566098571,-0.011383753270945313,0.0009960159659385681,4.9609375,-0.8046875,0.8046875,6.97898370801704,-18882.54196955163,0.03151305019855499,4.162127375602722,-0.010522843260938922,0.0,0.0,0.0009960159659385681,0.0009960159659385681,0.9960158467292786,0.0009960159659385681,0.0009960159659385681
455,2.3989776892659878,4.7979553785319755,-0.008373840634229137,0.0009960159659385681,4.8828125,0.328125,-0.328125,6.856018542021047,-19802.018025244142,0.03151305019855499,4.164514720439911,-0.010358499304857105,0.0,0.0,0.0009960159659385681,0.0009960159659385681,0.9960158467292786,0.0009960159659385681,0.0009960159659385681
456,2.399190064960375,4.79838012992075,-0.009731990040144441,0.0009960159659385681,5.0859375,0.484375,-0.484375,7.289902957971208,-22080.434378206453,0.03151305019855499,4.318787058194478,-0.011361565887151906,0.0,0.0,0.0009960159659385681,0.0009960159659385681,0.9960158467292786,0.0009960159659385681,0.0009960159659385681
457,2.3993715939639575,4.798743187927915,-0.010959828139589223,0.0009960159659385681,5.0234375,-0.6953125,0.6953125,7.1220785829937086,-17365.194418662442,0.03151305019855499,4.238969544569652,-0.010209148545982316,0.0,0.0,0.0009960159659385681,0.0009960159659385681,0.9960158467292786,0.0009960159659385681,0.0009960159659385681
458,2.3996805838338595,4.799361167667719,-0.011740037326709652,0.0009960159659385681,4.921875,-0.7578125,0.7578125,6.930933833005838,-21880.96620289636,0.03151305019855499,4.342224419116974,-0.010723094552910576,0.0,0.0,0.0009960159659385681,0.0009960159659385681,0.9960158467292786,0.0009960159659385681,0.0009960159659385681
459,2.3999256779602742,4.7998513559205485,-0.010972634373059408,0.0009960159659385681,4.8203125,0.5859375,-0.5859375,6.860353290976491,-20211.425493682415,0.03151305019855499,4.361750543117523,-0.010982626292388886,0.0,0.0,0.0009960159659385681,0.0009960159659385681,0.9960158467292786,0.0009960159659385681,0.0009960159659385681
460,2.400063303945428,4.800126607890856,-0.008970269451138806,0.0009960159659385681,4.8203125,0.5546875,-0.5546875,6.872049459023401,-24730.051251329518,0.03151305019855499,4.302039364973704,-0.010846686782315373,0.0,0.0,0.0009960159659385681,0.0009960159659385681,0.9960158467292786,0.0009960159659385681,0.0009960159659385681
461,2.4001647166288764,4.800329433257753,-0.010443267134437278,0.0009960159659385681,4.765625,0.6640625,-0.6640625,6.702320958022028,-23416.10220266874,0.03151305019855499,4.218185981114705,-0.010388942124942938,0.0,0.0,0.0009960159659385681,0.0009960159659385681,0.9960158467292786,0.0009960159659385681,0.0009960159659385681
462,2.4003253070526283,4.8006506141052565,-0.011157313665083185,0.0009960159659385681,5.015625,0.6875,-0.6875,6.980164333013818,-19637.834404300676,0.03151305019855499,4.157409608364105,-0.010323718461828927,0.0,0.0,0.0009960159659385681,0.0009960159659385681,0.9960158467292786,0.0009960159659385681,0.0009960159659385681
463,2.400470239004811,4.800940478009622,-0.007820199195031142,0.0009960159659385681,4.640625,0.3125,-0.3125,6.552041583985556,-19803.143820354835,0.03151305019855499,4.108574906984965,-0.00962677743518725,0.0,0.0,0.0009960159659385681,0.0009960159659385681,0.9960158467292786,0.0009960159659385681,0.0009960159659385681
464,2.4007424807684514,4.801484961536903,-0.007933110325573556,0.0009960159659385681,4.7734375,-0.078125,0.078125,6.818049040972255,-20461.176311037154,0.03151305019855499,4.140001098314921,-0.010180436715018004,0.0,0.0,0.0009960159659385681,0.0009960159659385681,0.9960158467292786,0.0009960159659385681,0.0009960159659385681
465,2.4007094932540234,4.801418986508047,-0.01841570942927619,0.0009960159659385681,4.7890625,-0.515625,0.515625,6.732161417021416,-21508.211634525465,0.03151305019855499,4.286849856376648,-0.011274296188882241,0.0,0.0,0.0009960159659385681,0.0009960159659385681,0.9960158467292786,0.0009960159659385681,0.0009960159659385681
466,2.4006785377031337,4.801357075406267,-0.013887560819898193,0.0009960159659385681,4.890625,-0.09375,0.09375,6.879331124946475,-26570.776560335493,0.03151305019855499,4.3912672996521,-0.011336669830294946,0.0,0.0,0.0009960159659385681,0.0009960159659385681,0.9960158467292786,0.0009960159659385681,0.0009960159659385681
467,2.400794104235735,4.80158820847147,-0.010746717516176901,0.0009960159659385681,4.875,0.421875,-0.421875,6.862631500000134,-24571.687242997,0.03151305019855499,4.266188462575276,-0.010281864961143583,0.0,0.0,0.0009960159659385681,0.0009960159659385681,0.9960158467292786,0.0009960159659385681,0.0009960159659385681
468,2.400906568521309,4.801813137042618,-0.019445470131783556,0.0009960159659385681,4.9453125,-0.3515625,0.3515625,6.964850957971066,-25658.095080576048,0.03151305019855499,4.261133412520091,-0.010466916214985153,0.0,0.0,0.0009960159659385681,0.0009960159659385681,0.9960158467292786,0.0009960159659385681,0.0009960159659385681
469,2.4011463315672157,4.802292663134431,-0.006248550655386061,0.0009960159659385681,4.6875,0.40625,-0.40625,6.618880083959084,-18289.13613779704,0.03151305019855499,4.287571370601654,-0.010814481841710707,0.0,0.0,0.0009960159659385681,0.0009960159659385681,0.9960158467292786,0.0009960159659385681,0.0009960159659385681
470,2.4014038940242064,4.802807788048413,-0.014067878028581933,0.0009960159659385681,4.78125,0.4296875,-0.4296875,6.823773958021775,-15263.684550216774,0.03151305019855499,4.328149139881134,-0.011201663524843752,0.0,0.0,0.0009960159659385681,0.0009960159659385681,0.9960158467292786,0.0009960159659385681,0.0009960159659385681
471,2.4016854076729386,4.803370815345877,-0.008838741613169113,0.0009960159659385681,4.796875,0.203125,-0.203125,6.722953042015433,-16137.172162730065,0.03151305019855499,4.328447759151459,-0.011500388267450035,0.0,0.0,0.0009960159659385681,0.0009960159659385681,0.9960158467292786,0.0009960159659385681,0.0009960159659385681
472,2.401881805102266,4.803763610204532,-0.00771572118901794,0.0009960159659385681,4.8515625,0.453125,-0.453125,6.846365624980535,-20164.627831598795,0.03151305019855499,4.374911208947499,-0.011473452943998078,0.0,0.0,0.0009960159659385681,0.0009960159659385681,0.9960158467292786,0.0009960159659385681,0.0009960159659385681
473,2.4021379645783645,4.804275929156729,-0.014310081413440435,0.0009960159659385681,4.8671875,0.78125,-0.78125,7.008092166972347,-25305.797929350483,0.03151305019855499,4.193479458491008,-0.010150729523350796,0.0,0.0,0.0009960159659385681,0.0009960159659385681,0.9960158467292786,0.0009960159659385681,0.0009960159659385681
474,2.4025152430410337,4.805030486082067,-0.01305117807554438,0.0009960159659385681,4.8359375,0.3515625,-0.3515625,6.798427292029373,-25116.743927001953,0.03151305019855499,4.256398518880208,-0.01040488983077618,0.0,0.0,0.0009960159659385681,0.0009960159659385681,0.9960158467292786,0.0009960159659385681,0.0009960159659385681
475,2.4029523130509336,4.805904626101867,-0.011231416854638286,0.0009960159659385681,4.5546875,-0.125,0.125,6.435093500011135,-22393.024034869813,0.03151305019855499,4.302554170290629,-0.010494155246609202,0.0,0.0,0.0009960159659385681,0.0009960159659385681,0.9960158467292786,0.0009960159659385681,0.0009960159659385681
476,2.4032866629360745,4.806573325872149,-0.012680461573786711,0.0009960159659385681,4.9140625,-0.734375,0.734375,6.921115292003378,-23418.674544341993,0.03151305019855499,4.299915035565694,-0.011119799164589494,0.0,0.0,0.0009960159659385681,0.0009960159659385681,0.9960158467292786,0.0009960159659385681,0.0009960159659385681
477,2.4036195822805126,4.807239164561025,-0.016031528229277444,0.0009960159659385681,4.703125,0.171875,-0.171875,6.569133167038672,-28910.853819584132,0.03151305019855499,4.498682697614034,-0.01167163964904224,0.0,0.0,0.0009960159659385681,0.0009960159659385681,0.9960158467292786,0.0009960159659385681,0.0009960159659385681
478,2.40402705218406,4.80805410436812,-0.009376535870187,0.0009960159659385681,4.859375,0.1796875,-0.1796875,6.880780958977994,-25805.939971236938,0.03151305019855499,4.367203454176585,-0.010635282795798654,0.0,0.0,0.0009960159659385681,0.0009960159659385681,0.9960158467292786,0.0009960159659385681,0.0009960159659385681
479,2.404379628073428,4.808759256146856,-0.009763882080158664,0.0009960159659385681,4.828125,0.0,0.0,6.776716374966782,-27278.171675401212,0.03151305019855499,4.281582474708557,-0.010640130523825064,0.0,0.0,0.0009960159659385681,0.0009960159659385681,0.9960158467292786,0.0009960159659385681,0.0009960159659385681
480,2.40480647680545,4.8096129536109,-0.012618125816197407,0.0009960159659385681,4.6796875,0.34375,-0.34375,6.5842030000058,-26579.36834400922,0.03151305019855499,4.340741117795308,-0.011187014014770588,0.0,0.0,0.0009960159659385681,0.0009960159659385681,0.9960158467292786,0.0009960159659385681,0.0009960159659385681
481,2.4051812848436454,4.810362569687291,-0.005166693961431323,0.0009960159659385681,4.8828125,0.9765625,-0.9765625,6.935769082978368,-25169.046599658202,0.03151305019855499,4.480534156163533,-0.012646614845531682,0.0,0.0,0.0009960159659385681,0.0009960159659385681,0.9960158467292786,0.0009960159659385681,0.0009960159659385681
482,2.4054082444961047,4.810816488992209,-0.013165936898818205,0.0009960159659385681,5.0390625,0.046875,-0.046875,7.190594166982919,-20777.367415885037,0.03151305019855499,4.416314462820689,-0.011403416322233776,0.0,0.0,0.0009960159659385681,0.0009960159659385681,0.9960158467292786,0.0009960159659385681,0.0009960159659385681
483,2.4056937385431665,4.811387477086333,-0.013522100577139462,0.0009960159659385681,4.84375,0.140625,-0.140625,6.8032277500024065,-14678.74445328251,0.03151305019855499,4.574698030948639,-0.012147218396421522,0.0,0.0,0.0009960159659385681,0.0009960159659385681,0.9960158467292786,0.0009960159659385681,0.0009960159659385681
484,2.4059509429985613,4.8119018859971225,-0.012781353261184049,0.0009960159659385681,4.8828125,0.21875,-0.21875,6.833284459018614,-24084.790161035155,0.03151305019855499,4.606320818265279,-0.01218105317093432,0.0,0.0,0.0009960159659385681,0.0009960159659385681,0.9960158467292786,0.0009960159659385681,0.0009960159659385681
485,2.406225394573365,4.81245078914673,-0.015842341288562812,0.0009960159659385681,4.8203125,-0.5546875,0.5546875,6.7788624170352705,-27518.265664568982,0.03151305019855499,4.4607417186101275,-0.011722483381163329,0.0,0.0,0.0009960159659385681,0.0009960159659385681,0.9960158467292786,0.0009960159659385681,0.0009960159659385681
486,2.4065989362134586,4.813197872426917,-0.004554781770681142,0.0009960159659385681,4.7734375,0.1328125,-0.1328125,6.701956958975643,-27926.61502309946,0.03151305019855499,4.287449280420939,-0.010336674788656334,0.0,0.0,0.0009960159659385681,0.0009960159659385681,0.9960158467292786,0.0009960159659385681,0.0009960159659385681
487,2.4069991006874343,4.813998201374869,-0.014543766943719358,0.0009960159659385681,4.9921875,0.4453125,-0.4453125,7.015679000003729,-28299.29189676634,0.03151305019855499,4.294744670391083,-0.010899711439075569,0.0,0.0,0.0009960159659385681,0.0009960159659385681,0.9960158467292786,0.0009960159659385681,0.0009960159659385681
488,2.407326664176816,4.814653328353632,-0.0008914255257318814,0.0009960159659385681,4.8359375,-0.3359375,0.3359375,6.845704832987394,-25504.20401370737,0.03151305019855499,4.153024037679036,-0.010546714998781681,0.0,0.0,0.0009960159659385681,0.0009960159659385681,0.9960158467292786,0.0009960159659385681,0.0009960159659385681
489,2.4075452945284685,4.815090589056937,-0.008156522180682989,0.0009960159659385681,4.703125,0.3828125,-0.3828125,6.615653957996983,-30809.463685095903,0.03151305019855499,4.124957124392192,-0.011049359842824439,0.0,0.0,0.0009960159659385681,0.0009960159659385681,0.9960158467292786,0.0009960159659385681,0.0009960159659385681
490,2.4078323778377437,4.8156647556754875,-0.0037986604761919207,0.0009960159659385681,4.90625,-0.59375,0.59375,6.899741832981817,-29067.639333931504,0.03151305019855499,4.37767477830251,-0.01171850614870588,0.0,0.0,0.0009960159659385681,0.0009960159659385681,0.9960158467292786,0.0009960159659385681,0.0009960159659385681
491,2.4081284984357794,4.816256996871559,-0.014046717048487764,0.0009960159659385681,4.921875,0.0,0.0,7.191385209036525,-15515.555571831597,0.03151305019855499,4.380155682563782,-0.011634566491314521,0.0,0.0,0.0009960159659385681,0.0009960159659385681,0.9960158467292786,0.0009960159659385681,0.0009960159659385681
492,2.4084673818337503,4.816934763667501,-0.016267300465969428,0.0009960159659385681,4.8828125,1.0546875,-1.0546875,6.833535459008999,-27448.76001376953,0.03151305019855499,4.534512380758922,-0.012283828293827051,0.0,0.0,0.0009960159659385681,0.0009960159659385681,0.9960158467292786,0.0009960159659385681,0.0009960159659385681
493,2.408805186473321,4.817610372946642,-0.009634415024119273,0.0009960159659385681,4.8515625,0.2890625,-0.2890625,6.775538415997289,-24570.99774356664,0.03151305019855499,4.521811823050181,-0.012680334640511623,0.0,0.0,0.0009960159659385681,0.0009960159659385681,0.9960158467292786,0.0009960159659385681,0.0009960159659385681
494,2.4092368247502804,4.818473649500561,-0.01703747167399997,0.0009960159659385681,4.8828125,1.0546875,-1.0546875,6.880531290953513,-30731.936279785157,0.03151305019855499,4.566745777924855,-0.012511791506161293,0.0,0.0,0.0009960159659385681,0.0009960159659385681,0.9960158467292786,0.0009960159659385681,0.0009960159659385681
495,2.409600095243814,4.819200190487628,-0.017229947455853985,0.0009960159659385681,4.7421875,0.4140625,-0.4140625,6.683535667019896,-34765.18415101003,0.03151305019855499,4.606640458106995,-0.013213221953871349,0.0,0.0,0.0009960159659385681,0.0009960159659385681,0.9960158467292786,0.0009960159659385681,0.0009960159659385681
496,2.409971925369941,4.819943850739882,-0.008989123310625543,0.0009960159659385681,4.84375,0.6796875,-0.6796875,6.7953870829660445,-35179.95316034133,0.03151305019855499,4.39760700861613,-0.0115396857727319,0.0,0.0,0.0009960159659385681,0.0009960159659385681,0.9960158467292786,0.0009960159659385681,0.0009960159659385681
497,2.410421198866995,4.82084239773399,-0.012835977280645004,0.0009960159659385681,4.5546875,0.7734375,-0.7734375,6.525210290972609,-14160.517848229121,0.03151305019855499,4.32193644841512,-0.011623615069159618,0.0,0.0,0.0009960159659385681,0.0009960159659385681,0.9960158467292786,0.0009960159659385681,0.0009960159659385681
498,2.4108973567329874,4.821794713465975,-0.01630636674162915,0.0009960159659385681,4.9453125,0.1875,-0.1875,6.953903999994509,-27577.05507829856,0.03151305019855499,4.26191367705663,-0.011224641096002111,0.0,0.0,0.0009960159659385681,0.0009960159659385681,0.9960158467292786,0.0009960159659385681,0.0009960159659385681
499,2.411440716370992,4.822881432741984,-0.011212519400139846,0.0009960159659385681,4.875,1.2109375,-1.2109375,6.82491291599581,-25234.27364564553,0.03151305019855499,4.600648959477742,-0.013559163004780809,0.0,0.0,0.0009960159659385681,0.0009960159659385681,0.9960158467292786,0.0009960159659385681,0.0009960159659385681
500,2.4117183267083404,4.823436653416681,-0.0017298889424912684,0.0009960159659385681,4.734375,-0.0078125,0.0078125,6.8301736660068855,-25428.091690013116,0.03151305019855499,4.4169103900591535,-0.012051181925926358,0.0,0.0,0.0009960159659385681,0.0009960159659385681,0.9960158467292786,0.0009960159659385681,0.0009960159659385681
