iteration,exploitability,nash_conv,actor_loss,average_lambda,mean_episode_length,mean_return_player0,mean_return_player1,wall_time_sec,scheduler_loss,gate_entropy,gate_regret_norm,gate_avg_utility,handoff_frozen_clusters,handoff_missing_clusters,gate_prob_actor,gate_prob_regret,gate_prob_ra,gate_prob_explore,gate_prob_cfr
1,2.3736110412500024,4.747222082500005,0.0,0.1833580666670093,4.21875,0.0,0.0,6.026428250013851,0.0002469586217759772,1.6069846645549493,0.0,0.0,0.0,0.0,0.2104590773306511,0.1833580666670093,0.18485740188647198,0.21303267903901912,0.20829278528690337
2,2.3604056665635156,4.720811333127031,-4.80174095532147e-06,0.18898434370416198,4.109375,0.7109375,-0.7109375,5.8871197500266135,0.00014771229557603038,1.6079615794207207,3.979685593313846e-10,-1.8189889969700418e-12,0.0,0.0,0.20561755607223328,0.18898434370416198,0.18858823891261683,0.21248981693738314,0.2043200487363021
3,2.410968694329876,4.821937388659752,-2.7964644783226674e-05,0.19331336567420085,4.09375,-0.2109375,0.2109375,5.8419185830280185,-0.6549193357145912,1.6086203874522493,0.015542089785109662,2.664920388362191e-06,0.0,0.0,0.20195156739640782,0.19331336567420085,0.19303688028727778,0.20910482228029775,0.2025933683999167
4,2.4148683842429968,4.8297367684859935,-7.593506192752508e-05,0.19068672533401035,4.125,-0.109375,0.109375,5.894698999996763,-0.9427888352550905,1.608551592312076,0.032765854887353875,6.108459958890459e-06,0.0,0.0,0.20342755450330902,0.19068672533401035,0.19380753588947383,0.20819584943467018,0.20388234138601657
5,2.4160810875898404,4.832162175179681,-2.3596292457690022e-05,0.18780380180173548,4.28125,-0.7734375,0.7734375,6.148194000008516,-1.2071630480447717,1.6083464748667975,0.053039614499236144,1.0905395394426401e-05,0.0,0.0,0.20479168199057127,0.18780380180173548,0.19389610405821,0.20880375946634008,0.20470466326079229
6,2.387869408429257,4.775738816858514,9.397066718532848e-05,0.18455452563866717,4.1171875,-0.0390625,0.0390625,5.874909250007477,-1.2844334658574617,1.6080695336412434,0.07323507436861594,1.708240963201509e-05,0.0,0.0,0.20668777967652968,0.18455452563866717,0.19488999077898275,0.20955337055267825,0.20431433940408805
7,2.385464492750759,4.770928985501518,-0.0002297363438302203,0.1815582336789935,4.28125,-0.6953125,0.6953125,6.085874665994197,-1.4865506273068922,1.60766917119061,0.09269779780879617,2.339222070683415e-05,0.0,0.0,0.20850210500894673,0.1815582336789935,0.19547954568788953,0.211452700659959,0.20300742119115633
8,2.420818572878918,4.841637145757836,-0.0002566629869494004,0.17753551982713667,4.2421875,0.4609375,-0.4609375,5.992836042016279,-1.1482544793587857,1.607061595767462,0.11056982384373744,3.210164557761649e-05,0.0,0.0,0.21125470488769574,0.17753551982713667,0.19668845151779182,0.21242353454588966,0.202097795258789
9,2.440722474214773,4.881444948429546,-0.00017784720112160867,0.1732253852342047,4.1875,0.1796875,-0.1796875,6.002131749992259,-1.3974496479139233,1.6062572516167342,0.1347302750994762,4.582304033344068e-05,0.0,0.0,0.2129395663627048,0.1732253852342047,0.1980585396401028,0.21450358226116914,0.20127293534243285
10,2.454454804234212,4.908909608468424,-0.0002827160921025456,0.16856596311119115,4.1796875,-0.046875,0.046875,5.953355459030718,-1.453890012396134,1.6051958422794521,0.15754096520443758,6.060773178736175e-05,0.0,0.0,0.21534210387791428,0.16856596311119115,0.19952585101127623,0.21664967759747372,0.19991641423412573
11,2.461474946217243,4.922949892434486,6.950071405023811e-05,0.16497432576358648,4.2421875,-0.234375,0.234375,6.073214250034653,-1.4104799581194232,1.6041913772375764,0.17477932758629322,7.365338630431022e-05,0.0,0.0,0.2170595780810818,0.16497432576358648,0.200836187403505,0.21882354088031566,0.19830637648838878
12,2.4446575422311767,4.889315084462353,0.00014411101807875444,0.16086458127373612,4.171875,0.4921875,-0.4921875,5.963878916983958,-2.16310863420437,1.602794121713674,0.19134699739515781,8.917850300349528e-05,0.0,0.0,0.21907388812370515,0.16086458127373612,0.20287255850735675,0.22099070345864313,0.19619827823580874
13,2.413837951453658,4.827675902907316,0.0002585270295140196,0.1563894671941162,4.15625,-0.234375,0.234375,5.8974081670166925,-1.4367009690836687,1.600953253140127,0.20775152246157327,0.00010597670886151415,0.0,0.0,0.22159197615613616,0.1563894671941162,0.20368765913566253,0.2251908701557414,0.19314003601334148
14,2.386264833213179,4.772529666426358,-0.0003233495361340717,0.15215584644185123,4.1328125,0.25,-0.25,5.936604415997863,-1.215852377063019,1.5987934403698927,0.2179517491410176,0.00012081984156490459,0.0,0.0,0.22441271277028357,0.15215584644185123,0.2053231418076445,0.2288658110203049,0.1892424952274009
15,2.3790519415424782,4.7581038830849565,-0.00042938664107896153,0.14650457375428894,4.296875,-0.078125,0.078125,6.151659541006666,-1.2818965088203549,1.5957288453795693,0.23090203230579695,0.0001373086403570293,0.0,0.0,0.22754056600007144,0.14650457375428894,0.20690910840576346,0.23344625199382954,0.18559950790622018
16,2.37881892920569,4.75763785841138,-0.00023789871782115595,0.1409643339132195,4.1875,-0.2734375,0.2734375,6.004611041978933,-1.4132052149672283,1.5924425222980443,0.24323789030313492,0.0001624911049778651,0.0,0.0,0.23060952810876406,0.1409643339132195,0.20831400350625837,0.2377108298520099,0.18240131382177124
17,2.365049930110395,4.73009986022079,0.0004133334907396127,0.1343440805364894,4.359375,-0.171875,0.171875,6.186941749998368,-1.3706478061034315,1.5881766510266129,0.2662047706544399,0.00020095951428326467,0.0,0.0,0.23238815981427402,0.1343440805364894,0.211791385085352,0.24216539201770632,0.17931099334818487
18,2.36962972462682,4.73925944925364,-0.00026053110975283165,0.12912094793962628,4.171875,-0.7265625,0.7265625,5.9491329999873415,-1.5388334077270178,1.5839118448536047,0.27960386748115224,0.0002198221306268048,0.0,0.0,0.23522666227839858,0.12912094793962628,0.21340014760413867,0.24685675608977842,0.17539549557568876
19,2.3687873586551804,4.737574717310361,-3.2434537063290895e-05,0.12298425619397137,4.1328125,0.03125,-0.03125,5.901569542009383,-1.343136671796751,1.5783963361174038,0.2949051323036353,0.0002504195690562483,0.0,0.0,0.23690697995836657,0.12298425619397137,0.21665558016142458,0.2526547710758076,0.17079841975115648
20,2.375428619219605,4.75085723843921,7.753544770715254e-05,0.1158124378247439,3.9765625,-0.125,0.125,5.608596499951091,-1.179853973566227,1.5712492194297505,0.31491341566046077,0.0002925170374510344,0.0,0.0,0.23942990009700385,0.1158124378247439,0.22029191440004262,0.25869985873315093,0.1657658984010018
21,2.391417407186692,4.782834814373384,-0.000385869893735777,0.10799650243083334,4.109375,-0.859375,0.859375,5.867698458023369,-1.1650689697785466,1.5625276672069563,0.32657309869925183,0.00033644314074384357,0.0,0.0,0.24249720953036624,0.10799650243083334,0.223840719676743,0.26556285991981454,0.16010271882489607
22,2.3894091430480735,4.778818286096147,-0.0003408801555438251,0.10065253620420246,4.203125,-0.40625,0.40625,6.108031458046753,-1.5075251230637656,1.5522782501234884,0.33901311332980794,0.00037316873931558803,0.0,0.0,0.24512801216880628,0.10065253620420246,0.22810929290756418,0.2732237535892366,0.1528864169707972
23,2.389240719209945,4.77848143841989,-0.00023000271104516113,0.09362844602926161,4.2265625,0.390625,-0.390625,6.120983625005465,-1.4439902795468373,1.5410696536908528,0.3563285643855731,0.0004150607346673496,0.0,0.0,0.2477001949401087,0.09362844602926161,0.23126424444140437,0.2816158575513667,0.14579126634075548
24,2.3765178321022997,4.753035664204599,0.0007060464803429774,0.08554011600688823,4.0234375,-0.0625,0.0625,5.832799541996792,-1.779914396668522,1.5266126232239807,0.3764273226261139,0.00048750049851757166,0.0,0.0,0.2502872014508664,0.08554011600688823,0.23530019568008126,0.29108560258902394,0.1377868918828594
25,2.380985641948853,4.761971283897706,-0.00018032453671431095,0.07690070377287443,4.1484375,-0.6328125,0.6328125,5.909775250009261,-1.9691306449992059,1.5078840742901445,0.382685383160909,0.0005071129501933077,0.0,0.0,0.2535666701034862,0.07690070377287443,0.23981607002390307,0.30231684435109857,0.12739971903084363
26,2.3751143978778133,4.750228795755627,0.0003698918847844063,0.06966846920337401,4.109375,-0.3046875,0.3046875,5.92249254201306,-2.0518231020015114,1.4881448446571146,0.39548887809117633,0.000522102000710826,0.0,0.0,0.25429617049802844,0.06966846920337401,0.24479104300868829,0.3145659577823864,0.11667837154389334
27,2.366377635800632,4.732755271601264,-2.287462538314662e-05,0.06066599853350333,4.3046875,-0.3828125,0.3828125,6.113826250017155,-1.8692802017023906,1.4619804300543617,0.40181151280800503,0.0005554765674181302,0.0,0.0,0.25636899790400386,0.06066599853350333,0.24900871263766244,0.32896975477897106,0.10498654927564835
28,2.36360322870037,4.72720645740074,0.0001576500628735659,0.05500734933715968,4.09375,-0.3359375,0.3359375,5.801603916974273,-2.4247031963878234,1.441247611100437,0.42662081867456436,0.0006088301582470498,0.0,0.0,0.25672301155237753,0.05500734933715968,0.2512841617389945,0.34136496620778817,0.09562052161439911
29,2.3698240560468435,4.739648112093687,0.0009625018421308175,0.04766045706836801,4.15625,0.1328125,-0.1328125,5.9016955840052105,-2.183511933453619,1.410147515230609,0.4380256161093712,0.0006458204644559373,0.0,0.0,0.25665054414281274,0.04766045706836801,0.2549133559310795,0.3572495074424529,0.08352614581388862
30,2.372562095397627,4.745124190795254,0.00026479011093478186,0.039895332868691985,4.265625,-0.1953125,0.1953125,6.041182374989148,-1.8522368572829735,1.3755816845666795,0.446134477853775,0.0006916979885621307,0.0,0.0,0.2547630671780188,0.039895332868691985,0.25772130991513037,0.3757047619356777,0.07191553971160462
31,2.3696105763722963,4.739221152744593,0.0001993191345679818,0.034181125258776146,4.0625,-0.0390625,0.0390625,5.837587499991059,-2.164179361333999,1.3449405239178585,0.4648163914680481,0.0007604243777071437,0.0,0.0,0.25576501712203026,0.034181125258776146,0.2588722998419633,0.38915443494915963,0.06202713545196904
32,2.3695042425698176,4.739008485139635,8.809486781221492e-05,0.026696253206144265,4.1328125,0.25,-0.25,5.87074466701597,-2.5439011034307497,1.3004375572240645,0.48273226370414096,0.0008329583894616613,0.0,0.0,0.2517718792468704,0.026696253206144265,0.25946450658804526,0.4116690141942866,0.05039835970545987
33,2.368173784514607,4.736347569029214,0.00026533104467076285,0.0230541323219947,4.0078125,0.46875,-0.46875,5.69749975000741,-2.7061524501244665,1.2703005556474651,0.48608849694331485,0.0008716442971490324,0.0,0.0,0.24895807357094674,0.0230541323219947,0.2583705978377288,0.42725713002054316,0.042360078968238415
34,2.3657924671708974,4.731584934341795,0.00040434264671241607,0.017516864820577443,4.1640625,0.1015625,-0.1015625,5.972351583011914,-2.294640761038278,1.2252503349454498,0.5066528196136156,0.0009309717230886841,0.0,0.0,0.24258430704726064,0.017516864820577443,0.2565363288820349,0.450282220433398,0.03308028833657559
35,2.365824436721444,4.731648873442888,-0.00014957297708397536,0.01379365031944559,4.046875,0.6796875,-0.6796875,5.724165749968961,-2.6684362776235866,1.187537121956873,0.5230089301864306,0.0009588352525800777,0.0,0.0,0.23650330244689374,0.01379365031944559,0.25326312048554883,0.47024569720835296,0.026194241405806312
36,2.3674544957379373,4.734908991475875,0.0006949937890404602,0.01030947649728899,4.0078125,-0.375,0.375,5.759032292000484,-3.5790028708095556,1.1497816900063675,0.5419309064745903,0.001018771025693847,0.0,0.0,0.22993285585100423,0.01030947649728899,0.2500171533860194,0.48972989836631464,0.0200106302878981
37,2.3675095743368093,4.735019148673619,0.0008500700674865419,0.006501120807081321,4.15625,-0.0703125,0.0703125,5.946471334027592,-3.9449396105745764,1.0993654297706776,0.558973083893458,0.0010294192687373045,0.0,0.0,0.21783147026833735,0.006501120807081321,0.24483363097883704,0.517119471796025,0.01371431571240642
38,2.3690146623956583,4.7380293247913166,-0.0002844101236063925,0.005631851202841582,4.15625,0.0546875,-0.0546875,5.9039967090357095,-3.0389201215055204,1.071206656837822,0.582326260705789,0.0010322691620482753,0.0,0.0,0.2083472074254563,0.005631851202841582,0.24018142770107528,0.5353068410790056,0.010532680623840779
39,2.369227620199801,4.738455240399602,-0.00047394816693375504,0.003806338996081701,4.140625,0.015625,-0.015625,5.864213166991249,-4.383701202468419,1.029230190785426,0.6007567271590233,0.0010392374363921892,0.0,0.0,0.19544579499172715,0.003806338996081701,0.2321150407757399,0.5615284068404504,0.0071044264200916685
40,2.368890487490539,4.737780974981078,-9.956615323587443e-06,0.002776445908071527,4.0703125,0.4765625,-0.4765625,5.748417209018953,-4.7072528302839345,0.9899355649032886,0.6177486628293991,0.0010122869571205229,0.0,0.0,0.18178456694230924,0.002776445908071527,0.22309653609705063,0.5874805376076653,0.004861921448959484
41,2.3688627717172674,4.737725543434535,0.0004813211041609224,0.0017588067514984643,4.0234375,-0.4921875,0.4921875,5.738773374992888,-4.665347157452183,0.9533438975371203,0.6295709485809008,0.0010859528447326738,0.0,0.0,0.16968263646641982,0.0017588067514984643,0.2144641665289703,0.6109721622420746,0.0031222328220412714
42,2.368810231351986,4.737620462703972,7.05762667897775e-05,0.001518496890653809,4.015625,-0.1640625,0.1640625,5.687488999974448,-5.206944297554319,0.9166451676346449,0.6485074634353319,0.001245050897220305,0.0,0.0,0.1562495517330643,0.001518496890653809,0.20378901563033983,0.6362836603292695,0.0021592799430542736
43,2.368745793363817,4.737491586727634,0.0010520370826615718,0.0013354159378473765,4.0234375,-0.3359375,0.3359375,5.760730042005889,-4.6280642544398605,0.8756707256280103,0.6561994329094887,0.0013011044114440058,0.0,0.0,0.14209954711129363,0.0013354159378473765,0.19154644974516433,0.6634665162817945,0.0015520711045133547
44,2.3686553501847483,4.7373107003694965,0.0002078036066599818,0.0011486977530239528,4,-0.15625,0.15625,5.667619584011845,-4.789074213725144,0.8343598387436941,0.675249271094799,0.0013584764334761228,0.0,0.0,0.128199704355211,0.0011486977530239528,0.1795769941090839,0.689891961752437,0.0011826387531073124
45,2.368670860549976,4.737341721099952,0.00043285811822059634,0.0010528270109417532,4.1328125,-0.1796875,0.1796875,5.875648332992569,-4.604525607888233,0.7807869295429417,0.6945702930291494,0.001390895447305714,0.0,0.0,0.11177697824930423,0.0010528270109417532,0.16453148527440592,0.7215810465452126,0.0010576711532735532
46,2.368523951210386,4.737047902420772,0.0006621376262850231,0.0010085728913474515,4.09375,0.1640625,-0.1640625,5.80581908300519,-5.537601133315728,0.7316024920526352,0.7070514112710953,0.001431877797585912,0.0,0.0,0.09808057368882285,0.0010085728913474515,0.15043979904521967,0.7494672476562835,0.0010037968108050155
47,2.3684344271868634,4.736868854373727,0.00039815840472323585,0.000998156601616012,4.125,0.0859375,-0.0859375,5.889452500035986,-7.34498968963409,0.674649131399664,0.7008455966909727,0.0014085336782348652,0.0,0.0,0.08410898987979938,0.000998156601616012,0.13497198975616784,0.7789226983758536,0.000998156601616012
48,2.3684695201354886,4.736939040270977,-4.961935675212725e-05,0.0009980940785287071,4.1484375,-0.8984375,0.8984375,5.920903792022727,-8.197790737801869,0.6220590684934749,0.7088742430011431,0.0012759826374046195,0.0,0.0,0.07214620165709273,0.0009980940785287071,0.12157954992603671,0.8042780624495612,0.0009980940785287071
49,2.368329661004957,4.736659322009914,-0.0001760483034115414,0.0009980513435296433,4.140625,-0.296875,0.296875,5.846442790993024,-9.108911137922474,0.5653262796829331,0.7287492776910464,0.0012521149183157831,0.0,0.0,0.06056199844504865,0.0009980513435296433,0.10749800446320255,0.8299438926408875,0.0009980513435296433
50,2.3682232947003277,4.736446589400655,-0.00016331535354981297,0.0009980278678085597,4,-0.359375,0.359375,5.749039457994513,-12.615991761400664,0.5038046696863603,0.7605427478750547,0.001322150077612605,0.0,0.0,0.04971872207897832,0.0009980278678085597,0.09302206874417607,0.8552631447091699,0.0009980278678085597
51,2.3682611398074362,4.7365222796148725,-5.133670785997186e-05,0.0009980120749006206,4.4375,-0.0390625,0.0390625,6.2691075000329874,-10.347721942060776,0.4270906470138842,0.7790427953004837,0.0013642521468379225,0.0,0.0,0.037368324054831405,0.0009980120749006206,0.0757407308228209,0.8848949284620689,0.0009980120749006206
52,2.3683034305032873,4.736606861006575,-0.0005434530023914287,0.0009980084824303351,4.1171875,-0.125,0.125,5.839122166973539,-10.151286828373841,0.38203366522092297,0.7982869396607081,0.0014092974415689241,0.0,0.0,0.031173980968917738,0.0009980084824303351,0.06564486059987568,0.9011851439439821,0.0009980084824303351
53,2.367885542964955,4.73577108592991,-0.00013687802124749454,0.0009980056727583112,4.34375,-0.2265625,0.2265625,6.184532042010687,-12.430171734848555,0.31757214921359106,0.8017799208561579,0.0014002154706152699,0.0,0.0,0.023007672530491737,0.0009980056727583112,0.052315754919788605,0.9226805666367784,0.0009980056727583112
54,2.3679283593458686,4.735856718691737,9.591951950876608e-05,0.0009980049960631732,4,0.1171875,-0.1171875,5.688291750033386,-8.056686915124146,0.27746051413123496,0.7979912757873535,0.0015368959138868377,0.0,0.0,0.018581545064307647,0.0009980049960631732,0.04410177802492399,0.9353206701343879,0.0009980049960631732
55,2.36780072526912,4.73560145053824,-0.00042792506325741515,0.0009980038902282996,4.140625,-0.421875,0.421875,5.9440463749924675,-12.222904134068127,0.22560129822143968,0.8017724007368088,0.0015610764385201037,0.0,0.0,0.013340277372604622,0.0009980038902282996,0.03423499396896728,0.9504287158543209,0.0009980038902282996
56,2.3677870572455024,4.735574114491005,-0.00026837547193472915,0.0009979861597992782,4.25,-0.3359375,0.3359375,6.004533500003163,-12.14638400837296,0.1868036068729399,0.8287804623444875,0.0016838752781040967,0.0,0.0,0.009828512594300691,0.0009979861597992782,0.027057707200583536,0.9611178092001116,0.0009979861597992782
57,2.367787721612608,4.735575443225216,-0.001497572464271219,0.0009979619299477563,3.953125,0.015625,-0.015625,5.608052666008007,-12.338717988488353,0.1565592622259271,0.8499013185501099,0.0017197166016558185,0.0,0.0,0.007395781407072006,0.0009979619299477563,0.021535691787698583,0.9690726001272089,0.0009979619299477563
58,2.3677367014508865,4.735473402901773,-0.0005828412998058299,0.000997872745546584,4.0625,0.3984375,-0.3984375,5.7900738340104,-15.953282223253238,0.11929599920717569,0.8416344026724497,0.0016470204330592726,0.0,0.0,0.004797639432945288,0.000997872745546584,0.015193335437708391,0.9780132746467224,0.000997872745546584
59,2.3677914014079393,4.735582802815879,0.00034996880905479796,0.0009977940513944408,4.0546875,0.0546875,-0.0546875,5.784391832945403,-18.21301096697588,0.09638702383476645,0.8719430267810822,0.0015948580476106144,0.0,0.0,0.003421725300391903,0.0009977940513944408,0.011344792688963486,0.9832378916428038,0.0009977940513944408
60,2.3677662359741705,4.735532471948341,2.433411494839666e-05,0.0009976609286482662,4.3515625,-0.015625,0.015625,6.2188312920043245,-20.49837950644898,0.07368824777445844,0.8756842762231827,0.0015327407406099762,0.0,0.0,0.0022587683618225866,0.0009976609286482662,0.007670576478725824,0.9880753321108313,0.0009976609286482662
61,2.3677761157317647,4.735552231463529,-0.0008471622691337922,0.0009975095299238933,4.2421875,0.1640625,-0.1640625,5.9857989579904824,-25.183098470258624,0.058334533674007844,0.8947017043828964,0.0015456345293690295,0.0,0.0,0.0016061445778753766,0.0009975095299238933,0.0052492940900452836,0.9911495431791133,0.0009975095299238933
62,2.3678647802541253,4.735729560508251,-0.00048759178948985327,0.0009974124090252245,4.0078125,-0.078125,0.078125,5.7146165409940295,-18.171421315818783,0.0513095537138845,0.922269677122434,0.0016570650283635284,0.0,0.0,0.0013370058416673953,0.0009974124090252245,0.004147044953719493,0.9925211290402255,0.0009974124090252245
63,2.3678340790607617,4.735668158121523,0.0013210833957544078,0.0009971603828155314,3.8046875,0.2890625,-0.2890625,5.476284959004261,-21.14222234304257,0.043181751351765295,0.9374373455842336,0.0018206118159772207,0.0,0.0,0.001143265594211952,0.0009971603828155314,0.0028347619094463254,0.9940276607350892,0.0009971603828155314
64,2.3677313409257073,4.7354626818514145,-3.2012203050143734e-05,0.000996923624088281,4.078125,0.6015625,-0.6015625,5.767960250028409,-18.90230785590397,0.037209348596090104,0.9276995956897736,0.0018317034118808806,0.0,0.0,0.0010236218215726402,0.000996923624088281,0.0018989020236857036,0.9950836557766487,0.000996923624088281
65,2.3675761396875528,4.7351522793751055,-0.0005500381789093071,0.0009967907222758348,4.1171875,-0.46875,0.46875,5.891436957987025,-21.647581656308205,0.03497690231003843,0.9394782781600952,0.0018403686796470236,0.0,0.0,0.001005149967535496,0.0009967907222758348,0.001547738704724375,0.9954535404690302,0.0009967907222758348
66,2.367508757531461,4.735017515062922,-0.0007090641365417154,0.0009965216398069804,4.296875,0.140625,-0.140625,6.097857874992769,-31.42937966101799,0.032655480422756886,0.9181378285090128,0.0017430384177714586,0.0,0.0,0.0009965216398069804,0.0009965216398069804,0.001174692827149887,0.9958357697183435,0.0009965216398069804
67,2.3673231393154675,4.734646278630935,0.000727266674597802,0.0009963787492215089,4.28125,-0.046875,0.046875,6.076519958965946,-28.82246694478018,0.03205741112575914,0.9291803389787674,0.0016621412917932805,0.0,0.0,0.0009963787492215089,0.0009963787492215089,0.001078340213874994,0.9959325493469725,0.0009963787492215089
68,2.367244522328313,4.734489044656626,-0.00031743642091916323,0.0009962832753234922,4.1328125,-0.1328125,0.1328125,5.857489832967985,-37.9934175763804,0.03175409523407543,0.9788744399944941,0.001746342391318952,0.0,0.0,0.0009962832753234922,0.0009962832753234922,0.0010313495968526584,0.9959798232143453,0.0009962832753234922
69,2.367167281761561,4.734334563523122,-0.00043629378133996786,0.0009961731129271142,4.25,-0.9609375,0.9609375,5.989705082960427,-25.397535150369475,0.0315272376721944,1.0044557054837544,0.0018627641996620998,0.0,0.0,0.0009961731129271142,0.0009961731129271142,0.000997627859332544,0.9960138938006233,0.0009961731129271142
70,2.3671848414894967,4.734369682978993,-0.0003843318720763529,0.0009961006276782102,4.1875,0.1171875,-0.1171875,5.964844458037987,-34.54419796382267,0.03151525550786016,0.9904122402270635,0.001689960903604515,0.0,0.0,0.0009961006276782102,0.0009961006276782102,0.0009961006276782102,0.9960156408930892,0.0009961006276782102
71,2.367239103665481,4.734478207330962,-0.0018743508862465784,0.0009960688918770983,4.015625,-0.2421875,0.2421875,5.7115254160016775,-47.78254893115715,0.0315143811491097,0.9874185969432195,0.0018247355522665505,0.0,0.0,0.0009960688918770983,0.0009960688918770983,0.0009960688918770983,0.9960157654396755,0.0009960688918770983
72,2.3671912591932527,4.734382518386505,0.001408685904314707,0.0009960433688870262,4.03125,-0.15625,0.15625,5.756561415968463,-41.433562147431765,0.03151367730352768,0.9888963202635447,0.0019409549568081275,0.0,0.0,0.0009960433688870262,0.0009960433688870262,0.0009960433688870262,0.9960158656733905,0.0009960433688870262
73,2.3672492183321205,4.734498436664241,0.0004043154196127005,0.0009960305900965757,4.1796875,-0.59375,0.59375,5.9212719579809345,-41.752319997624035,0.03151332009061475,1.009529357155164,0.0019106446222091715,0.0,0.0,0.0009960305900965757,0.0009960305900965757,0.0009960305900965757,0.9960159211515266,0.0009960305900965757
74,2.3672799162542884,4.734559832508577,-0.0012322873434721545,0.0009960232127385555,4.2265625,0.21875,-0.21875,6.05471233400749,-41.49781009251871,0.031513119539910456,1.0191135903199513,0.001859692609286867,0.0,0.0,0.0009960232127385555,0.0009960232127385555,0.0009960232127385555,0.9960159472088276,0.0009960232127385555
75,2.3670911101019123,4.734182220203825,-0.0007478842670338774,0.0009960193700374474,4.1171875,0.3515625,-0.3515625,5.914596292015631,-55.52861559169406,0.0315130169324902,1.0175719757874806,0.0018820336457186688,0.0,0.0,0.0009960193700374474,0.0009960193700374474,0.0009960193700374474,0.9960159587000533,0.0009960193700374474
76,2.3670547969494242,4.7341095938988484,-0.002022822028818737,0.0009960181246303293,4.0859375,0.4609375,-0.4609375,5.803457291040104,-52.85934584487381,0.03151298314332962,1.0488792657852173,0.0018724506274641801,0.0,0.0,0.0009960181246303293,0.0009960181246303293,0.0009960181246303293,0.9960159630893977,0.0009960181246303293
77,2.366975937368319,4.733951874736638,-0.00043278102832735443,0.0009960169665919744,4.2109375,0.3828125,-0.3828125,5.995564417040441,-48.91974139373907,0.031512952953964085,1.0615697850783665,0.0018798501035538113,0.0,0.0,0.0009960169665919744,0.0009960169665919744,0.0009960169665919744,0.9960159659385681,0.0009960169665919744
78,2.3668901888983283,4.7337803777966565,-0.000943428311133273,0.0009960165063108378,4.078125,0.2578125,-0.2578125,5.783052166982088,-39.86919832355576,0.03151294187967348,1.073732540011406,0.0018425358321110252,0.0,0.0,0.0009960165063108378,0.0009960165063108378,0.0009960165063108378,0.9960159659385681,0.0009960165063108378
79,2.3668741355336564,4.733748271067313,0.0003872607238404091,0.000996016246128133,4.359375,0.234375,-0.234375,6.186502458003815,-54.186587699391886,0.03151293523529525,1.0844030926624935,0.001797484116347429,0.0,0.0,0.000996016246128133,0.000996016246128133,0.000996016246128133,0.9960159659385681,0.000996016246128133
80,2.3669641013348337,4.733928202669667,-0.0009345355538870771,0.0009960161617474275,4.25,0.3359375,-0.3359375,6.072427875013091,-54.55675947749713,0.03151293313267695,1.0849682241678238,0.001892137903875361,0.0,0.0,0.0009960161617474275,0.0009960161617474275,0.0009960161617474275,0.9960159659385681,0.0009960161617474275
81,2.3670339145048547,4.734067829009709,0.000988110188723287,0.0009960161269292735,4.203125,0.3203125,-0.3203125,6.012035040999763,-49.13198529603479,0.031512932221796436,1.1038203438123066,0.002055879963639503,0.0,0.0,0.0009960161269292735,0.0009960161269292735,0.0009960161269292735,0.9960159659385681,0.0009960161269292735
82,2.3670786309085985,4.734157261817197,-0.0005135132688661189,0.0009960161020141625,4.1171875,0.0078125,-0.0078125,5.901653749984689,-73.33296133804028,0.03151293161839416,1.0954763640960057,0.001928320576553233,0.0,0.0,0.0009960161020141625,0.0009960161020141625,0.0009960161020141625,0.9960159659385681,0.0009960161020141625
83,2.367118059218097,4.734236118436194,-0.00011486187115361024,0.0009960160872602827,4.078125,-0.21875,0.21875,5.783273332985118,-57.490254964957806,0.03151293114627001,1.1377087285121281,0.0021277862833812833,0.0,0.0,0.0009960160872602827,0.0009960160872602827,0.0009960160872602827,0.9960159659385681,0.0009960160872602827
84,2.367148039302417,4.734296078604834,0.0009097965927173247,0.0009960160847884308,4.109375,0.1640625,-0.1640625,5.914309958985541,-68.69782414224296,0.03151293106717075,1.132021427154541,0.0020860657047402733,0.0,0.0,0.0009960160847884308,0.0009960160847884308,0.0009960160847884308,0.9960159659385681,0.0009960160847884308
85,2.367268510722128,4.734537021444256,-4.959204127644741e-05,0.00099601608235389,4.15625,-0.140625,0.140625,6.002073624986224,-73.53878902234977,0.03151293098926544,1.1382643828789394,0.002057285722306309,0.0,0.0,0.00099601608235389,0.00099601608235389,0.00099601608235389,0.9960159659385681,0.00099601608235389
86,2.3672714363433474,4.734542872686695,-8.994832394327048e-05,0.00099601608235389,4.0859375,-0.03125,0.03125,5.816655375005212,-66.28563954571464,0.03151293098926544,1.1675541400909424,0.0020839598109887447,0.0,0.0,0.00099601608235389,0.00099601608235389,0.00099601608235389,0.9960159659385681,0.00099601608235389
87,2.3673462709620603,4.734692541924121,-0.0015432578894312569,0.00099601608235389,4.1171875,0.6640625,-0.6640625,5.875795666011982,-71.93356676526948,0.03151293098926544,1.182863250374794,0.0020057247050620695,0.0,0.0,0.00099601608235389,0.00099601608235389,0.00099601608235389,0.9960159659385681,0.00099601608235389
88,2.367322089430913,4.734644178861826,-0.001635534116661632,0.00099601608235389,3.96875,-0.0234375,0.0234375,5.625970458029769,-80.99738667166139,0.03151293098926544,1.2181750188271205,0.0020737994306424903,0.0,0.0,0.00099601608235389,0.00099601608235389,0.00099601608235389,0.9960159659385681,0.00099601608235389
89,2.3673683982086313,4.734736796417263,0.0012287525876763592,0.00099601608235389,4.2265625,0.2421875,-0.2421875,6.001792832976207,-82.4753879552738,0.03151293098926544,1.2492669274409611,0.002264970632192368,0.0,0.0,0.00099601608235389,0.00099601608235389,0.00099601608235389,0.9960159659385681,0.00099601608235389
90,2.367321328645721,4.734642657291442,-0.0012003023503541388,0.00099601608235389,4.2578125,-0.09375,0.09375,6.041388291982003,-70.91026856226658,0.03151293098926544,1.235796536008517,0.002218567543119813,0.0,0.0,0.00099601608235389,0.00099601608235389,0.00099601608235389,0.9960159659385681,0.00099601608235389
91,2.367197628480442,4.734395256960884,0.0014883679353692172,0.00099601608235389,4.1015625,-0.0859375,0.0859375,5.806618500035256,-93.71442978461583,0.03151293098926544,1.2678728053967159,0.0023397564800688997,0.0,0.0,0.00099601608235389,0.00099601608235389,0.00099601608235389,0.9960159659385681,0.00099601608235389
92,2.367107181163411,4.734214362326822,-0.0025860432350774593,0.00099601608235389,4.171875,-0.15625,0.15625,5.9475454579805955,-73.27595963806249,0.03151293098926544,1.2631810704867046,0.0023808994786425806,0.0,0.0,0.00099601608235389,0.00099601608235389,0.00099601608235389,0.9960159659385681,0.00099601608235389
93,2.3670508717645546,4.734101743529109,0.0016482766120505974,0.00099601608235389,4.1328125,0.03125,-0.03125,5.831901291036047,-69.84503104285616,0.03151293098926544,1.2843323002258937,0.002261766834029307,0.0,0.0,0.00099601608235389,0.00099601608235389,0.00099601608235389,0.9960159659385681,0.00099601608235389
94,2.3670395797448527,4.734079159489705,-0.0010696557954626097,0.00099601608235389,4.21875,-0.40625,0.40625,6.01329816703219,-102.33354659919385,0.03151293098926544,1.3148469428221385,0.0022972093485501923,0.0,0.0,0.00099601608235389,0.00099601608235389,0.00099601608235389,0.9960159659385681,0.00099601608235389
95,2.3670478586582027,4.734095717316405,-0.0006481828768997293,0.00099601608235389,4.140625,-0.28125,0.28125,5.9127437499701045,-102.89418281957788,0.03151293098926544,1.354616954922676,0.0024211116609270298,0.0,0.0,0.00099601608235389,0.00099601608235389,0.00099601608235389,0.9960159659385681,0.00099601608235389
96,2.3671175187040823,4.7342350374081645,-0.0011116987139267677,0.00099601608235389,4.15625,-0.0078125,0.0078125,5.947533666039817,-87.2098050759475,0.03151293098926544,1.3438094158967335,0.0024540198889250555,0.0,0.0,0.00099601608235389,0.00099601608235389,0.00099601608235389,0.9960159659385681,0.00099601608235389
97,2.3671095352270792,4.7342190704541585,-0.0013546787437066382,0.00099601608235389,4.1953125,0.265625,-0.265625,6.04889362497488,-92.12204313855375,0.03151293098926544,1.3468114485343297,0.0025721811204372593,0.0,0.0,0.00099601608235389,0.00099601608235389,0.00099601608235389,0.9960159659385681,0.00099601608235389
98,2.367167575729585,4.73433515145917,0.0008645134512962727,0.00099601608235389,4.140625,0.265625,-0.265625,5.922191167017445,-102.56462586465871,0.03151293098926544,1.3481956819693248,0.0026510511816013604,0.0,0.0,0.00099601608235389,0.00099601608235389,0.00099601608235389,0.9960159659385681,0.00099601608235389
99,2.366990195524914,4.733980391049828,-0.0003491047258801662,0.00099601608235389,4.2265625,0.5546875,-0.5546875,6.083579917030875,-115.8769642643479,0.03151293098926544,1.3668801685174305,0.002647068710454429,0.0,0.0,0.00099601608235389,0.00099601608235389,0.00099601608235389,0.9960159659385681,0.00099601608235389
100,2.3668856698712384,4.733771339742477,0.0011048154872551573,0.00099601608235389,4.1171875,-0.0546875,0.0546875,5.889612833969295,-120.52321914816717,0.03151293098926544,1.3681525786717732,0.0026616450243939957,0.0,0.0,0.00099601608235389,0.00099601608235389,0.00099601608235389,0.9960159659385681,0.00099601608235389
101,2.3668402246600944,4.733680449320189,-0.0031268834696295666,0.00099601608235389,4.09375,-0.34375,0.34375,5.853394916979596,-111.68897571898144,0.03151293098926544,1.3650294442971547,0.0024654529018638036,0.0,0.0,0.00099601608235389,0.00099601608235389,0.00099601608235389,0.9960159659385681,0.00099601608235389
102,2.366788472031569,4.733576944063138,-0.0014848095365923432,0.00099601608235389,4.1171875,-0.046875,0.046875,5.920229500043206,-154.6634140309844,0.03151293098926544,1.3886133184035618,0.002439736717254467,0.0,0.0,0.00099601608235389,0.00099601608235389,0.00099601608235389,0.9960159659385681,0.00099601608235389
103,2.366920423802837,4.733840847605674,-0.004137654841515867,0.00099601608235389,4.359375,0.125,-0.125,6.201802624971606,-117.24975233629186,0.03151293098926544,1.410313328107198,0.0023900338589252592,0.0,0.0,0.00099601608235389,0.00099601608235389,0.00099601608235389,0.9960159659385681,0.00099601608235389
104,2.366991333568337,4.733982667136674,0.0001968634461170836,0.00099601608235389,4.0859375,0.0,0.0,5.92321170901414,-145.07018142961408,0.03151293098926544,1.4320563673973083,0.0025720329067553394,0.0,0.0,0.00099601608235389,0.00099601608235389,0.00099601608235389,0.9960159659385681,0.00099601608235389
105,2.366988714248566,4.733977428497132,-0.0020892157872610265,0.00099601608235389,4.2578125,-0.3125,0.3125,6.083975500019733,-110.10250908934742,0.03151293098926544,1.4248313556114833,0.002662659496612226,0.0,0.0,0.00099601608235389,0.00099601608235389,0.00099601608235389,0.9960159659385681,0.00099601608235389
106,2.367019629840424,4.734039259680848,0.00024999438053161264,0.00099601608235389,4.2109375,0.390625,-0.390625,6.0158855830086395,-131.3662277128347,0.03151293098926544,1.4418439517418544,0.0028050614540309957,0.0,0.0,0.00099601608235389,0.00099601608235389,0.00099601608235389,0.9960159659385681,0.00099601608235389
107,2.367157216594535,4.73431443318907,-0.0009535224740861628,0.00099601608235389,4.09375,-0.3984375,0.3984375,5.898663583036978,-106.04420888048547,0.03151293098926544,1.4446122298638027,0.002757466989957417,0.0,0.0,0.00099601608235389,0.00099601608235389,0.00099601608235389,0.9960159659385681,0.00099601608235389
108,2.3671506750246643,4.7343013500493285,-0.001601022010219855,0.00099601608235389,4.2578125,-0.7421875,0.7421875,6.039767833019141,-153.4128841034863,0.03151293098926544,1.423804834485054,0.0026757378363981843,0.0,0.0,0.00099601608235389,0.00099601608235389,0.00099601608235389,0.9960159659385681,0.00099601608235389
109,2.367101726159639,4.734203452319278,-0.004086487381020547,0.00099601608235389,4.109375,-0.1640625,0.1640625,5.982445542002097,-117.61230276066088,0.03151293098926544,1.44052858153979,0.0025005126711524404,0.0,0.0,0.00099601608235389,0.00099601608235389,0.00099601608235389,0.9960159659385681,0.00099601608235389
110,2.3670599865017676,4.734119973003535,-0.0026386944483485857,0.00099601608235389,3.8984375,-0.0625,0.0625,5.595769791980274,-174.59098710313827,0.03151293098926544,1.5102210988601048,0.0025980976036710977,0.0,0.0,0.00099601608235389,0.00099601608235389,0.00099601608235389,0.9960159659385681,0.00099601608235389
111,2.367208410734492,4.734416821468984,-0.004212811019918323,0.00099601608235389,4.140625,-0.1328125,0.1328125,5.96089970896719,-192.25100342102772,0.03151293098926544,1.5411512305339177,0.00274329055112806,0.0,0.0,0.00099601608235389,0.00099601608235389,0.00099601608235389,0.9960159659385681,0.00099601608235389
112,2.367340147733868,4.734680295467736,-0.0014311534382420218,0.00099601608235389,4.140625,0.265625,-0.265625,5.948719666979741,-181.2365255475044,0.03151293098926544,1.5299884428580601,0.0027302597203136734,0.0,0.0,0.00099601608235389,0.00099601608235389,0.00099601608235389,0.9960159659385681,0.00099601608235389
113,2.367508138904241,4.735016277808482,-0.0013338933091948267,0.00099601608235389,4.078125,-0.234375,0.234375,5.921482791018207,-227.8790867812789,0.03151293098926544,1.5305869181950886,0.0027978006207073727,0.0,0.0,0.00099601608235389,0.00099601608235389,0.00099601608235389,0.9960159659385681,0.00099601608235389
114,2.367590609583379,4.735181219166758,-0.0022716025164179533,0.00099601608235389,4.2265625,-1.078125,1.078125,6.0871031249989755,-200.70362532226963,0.03151293098926544,1.5152667512496312,0.0028100350270203003,0.0,0.0,0.00099601608235389,0.00099601608235389,0.00099601608235389,0.9960159659385681,0.00099601608235389
115,2.3676251545913054,4.735250309182611,-0.00023978334127134422,0.00099601608235389,4.296875,-0.28125,0.28125,6.17264145903755,-225.4081487328356,0.03151293098926544,1.4853671540816624,0.0027413604936252036,0.0,0.0,0.00099601608235389,0.00099601608235389,0.00099601608235389,0.9960159659385681,0.00099601608235389
116,2.3676726686266214,4.735345337253243,-0.00072749611437399,0.00099601608235389,4.171875,0.1015625,-0.1015625,5.9838425000198185,-178.89554330115016,0.03151293098926544,1.5332727481921513,0.002757820358965546,0.0,0.0,0.00099601608235389,0.00099601608235389,0.00099601608235389,0.9960159659385681,0.00099601608235389
117,2.3677925296551905,4.735585059310381,0.0016825138631453487,0.00099601608235389,4.25,-0.1171875,0.1171875,6.084742667037062,-168.63804948154618,0.03151293098926544,1.531102587779363,0.0027000510065893954,0.0,0.0,0.00099601608235389,0.00099601608235389,0.00099601608235389,0.9960159659385681,0.00099601608235389
118,2.367933731912455,4.73586746382491,-0.001576827193016395,0.00099601608235389,4.484375,-0.1328125,0.1328125,6.375215917010792,-167.8119276654014,0.03151293098926544,1.5425668706496556,0.002647727402897241,0.0,0.0,0.00099601608235389,0.00099601608235389,0.00099601608235389,0.9960159659385681,0.00099601608235389
119,2.3680841482720933,4.736168296544187,-0.0005972964590848133,0.00099601608235389,4.1953125,-0.5625,0.5625,6.047769540979061,-234.83268910435547,0.03151293098926544,1.550600488980611,0.002577583414677065,0.0,0.0,0.00099601608235389,0.00099601608235389,0.00099601608235389,0.9960159659385681,0.00099601608235389
120,2.3682196648465474,4.736439329693095,-0.003750030843541382,0.00099601608235389,3.96875,0.59375,-0.59375,5.699124957958702,-224.55523982174753,0.03151293098926544,1.5912194550037384,0.0030368106769553074,0.0,0.0,0.00099601608235389,0.00099601608235389,0.00099601608235389,0.9960159659385681,0.00099601608235389
121,2.368257560558245,4.73651512111649,-0.002672968053446631,0.00099601608235389,3.9375,-0.328125,0.328125,5.6915874580154195,-288.1085428524585,0.03151293098926544,1.586390569806099,0.0029789694332672902,0.0,0.0,0.00099601608235389,0.00099601608235389,0.00099601608235389,0.9960159659385681,0.00099601608235389
122,2.368355455233698,4.736710910467396,-0.0013759219058029095,0.00099601608235389,4.3515625,0.3828125,-0.3828125,6.216097750002518,-225.3342179404555,0.03151293098926544,1.5789991319179535,0.002946626967362439,0.0,0.0,0.00099601608235389,0.00099601608235389,0.00099601608235389,0.9960159659385681,0.00099601608235389
123,2.3684658878658595,4.736931775731719,-0.0013022187356215315,0.00099601608235389,4.046875,-0.6328125,0.6328125,5.939223624998704,-273.3645599663948,0.03151293098926544,1.617130567630132,0.0029997236269991845,0.0,0.0,0.00099601608235389,0.00099601608235389,0.00099601608235389,0.9960159659385681,0.00099601608235389
124,2.3686787718372324,4.737357543674465,-0.0058573884247433965,0.00099601608235389,4.3203125,0.3046875,-0.3046875,6.305638499965426,-319.168765628963,0.03151293098926544,1.6448554694652557,0.0027855666169974334,0.0,0.0,0.00099601608235389,0.00099601608235389,0.00099601608235389,0.9960159659385681,0.00099601608235389
125,2.3687967120024047,4.737593424004809,-0.004058516464291006,0.00099601608235389,4.2890625,0.4453125,-0.4453125,6.158027875004336,-305.6509194015805,0.03151293098926544,1.654457449913025,0.0027559261446488867,0.0,0.0,0.00099601608235389,0.00099601608235389,0.00099601608235389,0.9960159659385681,0.00099601608235389
126,2.3689476619670073,4.737895323934015,-0.004770700070735241,0.00099601608235389,4.125,0.4375,-0.4375,5.928828832984436,-265.4974226953857,0.03151293098926544,1.7151617954174678,0.002991226260443606,0.0,0.0,0.00099601608235389,0.00099601608235389,0.00099601608235389,0.9960159659385681,0.00099601608235389
127,2.3691524035024054,4.738304807004811,-0.0026040917411060856,0.00099601608235389,4.296875,-0.9453125,0.9453125,6.1833235420053825,-304.5569919573177,0.03151293098926544,1.7230101575454075,0.002970326997456141,0.0,0.0,0.00099601608235389,0.00099601608235389,0.00099601608235389,0.9960159659385681,0.00099601608235389
128,2.3691639585531483,4.738327917106297,-0.00022389713974348187,0.00099601608235389,4.0703125,0.5,-0.5,5.867078166978899,-382.10912805646944,0.03151293098926544,1.6701997071504593,0.0029094837373122573,0.0,0.0,0.00099601608235389,0.00099601608235389,0.00099601608235389,0.9960159659385681,0.00099601608235389
129,2.369181356077261,4.738362712154522,-0.0036486441367169224,0.00099601608235389,4.2421875,-0.390625,0.390625,6.1351635419996455,-267.35109885094573,0.03151293098926544,1.6818647732337315,0.003051797665345172,0.0,0.0,0.00099601608235389,0.00099601608235389,0.00099601608235389,0.9960159659385681,0.00099601608235389
130,2.369216297809322,4.738432595618644,-0.000882126846658041,0.00099601608235389,4.125,0.203125,-0.203125,6.1584288330050185,-244.52002219652587,0.03151293098926544,1.6584925005833309,0.002911514117537687,0.0,0.0,0.00099601608235389,0.00099601608235389,0.00099601608235389,0.9960159659385681,0.00099601608235389
131,2.3693403095650867,4.738680619130173,-0.004778330519243007,0.00099601608235389,4.1328125,-0.3671875,0.3671875,6.139759540965315,-175.60955346058807,0.03151293098926544,1.7035487194856007,0.0029825640231138095,0.0,0.0,0.00099601608235389,0.00099601608235389,0.00099601608235389,0.9960159659385681,0.00099601608235389
132,2.3692625609602223,4.7385251219204445,-0.0007993637063210531,0.00099601608235389,4.1875,0.1640625,-0.1640625,6.222237124980893,-306.6440635497001,0.03151293098926544,1.725031892458598,0.003074741796202337,0.0,0.0,0.00099601608235389,0.00099601608235389,0.00099601608235389,0.9960159659385681,0.00099601608235389
133,2.3693066851094002,4.7386133702188005,-0.0016389394080406875,0.00099601608235389,4.1171875,0.0390625,-0.0390625,6.109102124988567,-306.2034277782494,0.03151293098926544,1.7725351949532826,0.0031954688214076063,0.0,0.0,0.00099601608235389,0.00099601608235389,0.00099601608235389,0.9960159659385681,0.00099601608235389
134,2.369367456973994,4.738734913947988,-0.004098395701746579,0.00099601608235389,4.28125,-0.0625,0.0625,6.351244082965422,-358.43654332021725,0.03151293098926544,1.799530267715454,0.0031923968902750253,0.0,0.0,0.00099601608235389,0.00099601608235389,0.00099601608235389,0.9960159659385681,0.00099601608235389
135,2.3693033980701035,4.738606796140207,-0.003724791298040418,0.00099601608235389,4.0625,-0.015625,0.015625,6.072210833022837,-345.76536732866214,0.03151293098926544,1.808015376329422,0.0031081579169646525,0.0,0.0,0.00099601608235389,0.00099601608235389,0.00099601608235389,0.9960159659385681,0.00099601608235389
136,2.3692566512430684,4.738513302486137,-0.0029719795627400386,0.00099601608235389,4.0859375,0.65625,-0.65625,6.134760083979927,-286.5727820638033,0.03151293098926544,1.8681096136569977,0.003294603006603817,0.0,0.0,0.00099601608235389,0.00099601608235389,0.00099601608235389,0.9960159659385681,0.00099601608235389
137,2.3692427850633653,4.7384855701267306,-0.000535521099708369,0.00099601608235389,4.25,0.0625,-0.0625,6.228860166040249,-330.38987183439383,0.03151293098926544,1.8375912606716156,0.0030272670774138533,0.0,0.0,0.00099601608235389,0.00099601608235389,0.00099601608235389,0.9960159659385681,0.00099601608235389
138,2.369160150300511,4.738320300601022,-0.004600863647759476,0.00099601608235389,4.125,0.7109375,-0.7109375,5.977733959036414,-320.6275202586795,0.03151293098926544,1.8272153039773305,0.0031325112407406173,0.0,0.0,0.00099601608235389,0.00099601608235389,0.00099601608235389,0.9960159659385681,0.00099601608235389
139,2.369151611542992,4.738303223085984,0.0006179679324090104,0.00099601608235389,4.2421875,-0.1953125,0.1953125,6.3240015000337735,-365.89317744959345,0.03151293098926544,1.83311531941096,0.00333886764322718,0.0,0.0,0.00099601608235389,0.00099601608235389,0.00099601608235389,0.9960159659385681,0.00099601608235389
140,2.369137041776581,4.738274083553162,-0.005422197405419569,0.00099601608235389,4.25,0.2890625,-0.2890625,6.1515360830235295,-349.54313694422734,0.03151293098926544,1.8161048591136932,0.0030801447816581153,0.0,0.0,0.00099601608235389,0.00099601608235389,0.00099601608235389,0.9960159659385681,0.00099601608235389
141,2.3690265897353533,4.738053179470707,0.001945141395239224,0.00099601608235389,4.2578125,-1.046875,1.046875,6.110335292003583,-404.966590335391,0.03151293098926544,1.832075168689092,0.0031154976944283894,0.0,0.0,0.00099601608235389,0.00099601608235389,0.00099601608235389,0.9960159659385681,0.00099601608235389
142,2.368924896802686,4.737849793605372,-0.0032103916071962797,0.00099601608235389,4.296875,-0.8046875,0.8046875,6.270259125041775,-389.08707263469694,0.03151293098926544,1.8472403983275096,0.0031692352204117924,0.0,0.0,0.00099601608235389,0.00099601608235389,0.00099601608235389,0.9960159659385681,0.00099601608235389
143,2.368827868004277,4.737655736008554,0.0034301056577815243,0.00099601608235389,4.2421875,0.234375,-0.234375,6.301547416020185,-327.83443369083864,0.03151293098926544,1.8712567587693532,0.003081028126568223,0.0,0.0,0.00099601608235389,0.00099601608235389,0.00099601608235389,0.9960159659385681,0.00099601608235389
144,2.3687918316479344,4.737583663295869,-0.0012584778851244204,0.00099601608235389,4.2265625,0.2578125,-0.2578125,6.2059610830037855,-338.5769995144687,0.03151293098926544,1.910991410414378,0.0031923649439704604,0.0,0.0,0.00099601608235389,0.00099601608235389,0.00099601608235389,0.9960159659385681,0.00099601608235389
145,2.368784034263263,4.737568068526526,-0.006937046415954183,0.00099601608235389,4.28125,-0.2421875,0.2421875,6.244800582993776,-430.1332646943357,0.03151293098926544,1.9329389830430348,0.0032489522661004835,0.0,0.0,0.00099601608235389,0.00099601608235389,0.00099601608235389,0.9960159659385681,0.00099601608235389
146,2.368825025464229,4.737650050928458,-0.006045744919714632,0.00099601608235389,4.1640625,-0.5546875,0.5546875,6.1222614999860525,-476.69329892001053,0.03151293098926544,1.9423525929450989,0.0031393541964159035,0.0,0.0,0.00099601608235389,0.00099601608235389,0.00099601608235389,0.9960159659385681,0.00099601608235389
147,2.3687430693759493,4.7374861387518985,-0.0014453568945982126,0.00099601608235389,4.28125,-0.0078125,0.0078125,6.242688708007336,-513.4991027503988,0.03151293098926544,1.8968765636285145,0.0031622831787293157,0.0,0.0,0.00099601608235389,0.00099601608235389,0.00099601608235389,0.9960159659385681,0.00099601608235389
148,2.36865417275871,4.73730834551742,-0.0016387169082114623,0.00099601608235389,4.2109375,-0.46875,0.46875,6.549777750042267,-470.98912978614635,0.03151293098926544,1.8974275986353557,0.003243223201328268,0.0,0.0,0.00099601608235389,0.00099601608235389,0.00099601608235389,0.9960159659385681,0.00099601608235389
149,2.3685568008278324,4.737113601655665,-0.005034828387992726,0.00099601608235389,4.25,0.2578125,-0.2578125,6.227634333015885,-345.2174425580922,0.03151293098926544,1.9198190172513325,0.0034068276678832867,0.0,0.0,0.00099601608235389,0.00099601608235389,0.00099601608235389,0.9960159659385681,0.00099601608235389
150,2.368539486561582,4.737078973123164,-0.004268024828329199,0.00099601608235389,4.28125,0.4375,-0.4375,6.267533040954731,-527.4236604471276,0.03151293098926544,1.941108614206314,0.0033851825864985585,0.0,0.0,0.00099601608235389,0.00099601608235389,0.00099601608235389,0.9960159659385681,0.00099601608235389
151,2.3684626535506164,4.736925307101233,-0.002734318532857784,0.00099601608235389,4.1875,1.2578125,-1.2578125,6.104662417026702,-530.3946631417346,0.03151293098926544,1.9017582933108013,0.0031705410413754485,0.0,0.0,0.00099601608235389,0.00099601608235389,0.00099601608235389,0.9960159659385681,0.00099601608235389
152,2.368427218708667,4.736854437417334,-0.00034388303317955157,0.00099601608235389,4.2109375,-0.2109375,0.2109375,6.105977416969836,-464.2619440029194,0.03151293098926544,2.008370021979014,0.0036404034957134477,0.0,0.0,0.00099601608235389,0.00099601608235389,0.00099601608235389,0.9960159659385681,0.00099601608235389
153,2.3683086383901357,4.7366172767802714,-0.0027051360286982472,0.00099601608235389,4.1328125,-0.359375,0.359375,6.101026874966919,-395.3782417066607,0.03151293098926544,2.0127210915088654,0.0037952729617245495,0.0,0.0,0.00099601608235389,0.00099601608235389,0.00099601608235389,0.9960159659385681,0.00099601608235389
154,2.3682734861456014,4.736546972291203,-0.005257790257317279,0.00099601608235389,3.9765625,-0.0703125,0.0703125,5.9214729579980485,-466.7407049308357,0.03151293098926544,1.9994559288024902,0.003429096623828324,0.0,0.0,0.00099601608235389,0.00099601608235389,0.00099601608235389,0.9960159659385681,0.00099601608235389
155,2.3682703615595244,4.736540723119049,-0.0022917015684276354,0.00099601608235389,4.203125,0.546875,-0.546875,6.20323595800437,-558.5866673573242,0.03151293098926544,1.999169687430064,0.003527642887396117,0.0,0.0,0.00099601608235389,0.00099601608235389,0.00099601608235389,0.9960159659385681,0.00099601608235389
156,2.368154682825021,4.736309365650042,-0.0028688207958267125,0.00099601608235389,4.125,0.09375,-0.09375,6.13833720900584,-558.3606639391545,0.03151293098926544,2.047449211279551,0.0037351663728865483,0.0,0.0,0.00099601608235389,0.00099601608235389,0.00099601608235389,0.9960159659385681,0.00099601608235389
157,2.368182459048349,4.736364918096698,-0.0027756442405396605,0.00099601608235389,4.2265625,0.0,0.0,6.182320250023622,-519.8850029299308,0.03151293098926544,2.040921320517858,0.003632323166433101,0.0,0.0,0.00099601608235389,0.00099601608235389,0.00099601608235389,0.9960159659385681,0.00099601608235389
158,2.3680327795897744,4.736065559179549,-0.005437675049763439,0.00099601608235389,4.1171875,-0.2578125,0.2578125,6.014732250012457,-560.8387582817837,0.03151293098926544,2.0100205540657043,0.0033813237096183,0.0,0.0,0.00099601608235389,0.00099601608235389,0.00099601608235389,0.9960159659385681,0.00099601608235389
159,2.3679125789218345,4.735825157843669,-0.0051810944072574975,0.00099601608235389,4.2109375,-0.578125,0.578125,6.0603189170360565,-414.13267163000654,0.03151293098926544,2.0615771810213723,0.0038112798938527703,0.0,0.0,0.00099601608235389,0.00099601608235389,0.00099601608235389,0.9960159659385681,0.00099601608235389
160,2.3677915853878897,4.735583170775779,-0.006264091359067619,0.00099601608235389,4.3203125,0.078125,-0.078125,6.274600624979939,-518.1217772171683,0.03151293098926544,2.0918753345807395,0.0038356318594499803,0.0,0.0,0.00099601608235389,0.00099601608235389,0.00099601608235389,0.9960159659385681,0.00099601608235389
161,2.3678475869531956,4.735695173906391,-0.00390686976810356,0.00099601608235389,4.2734375,-0.1875,0.1875,6.269129750027787,-412.74077431680513,0.03151293098926544,2.091203272342682,0.0034864840854424983,0.0,0.0,0.00099601608235389,0.00099601608235389,0.00099601608235389,0.9960159659385681,0.00099601608235389
162,2.3678384767861838,4.7356769535723675,-0.00706484143043644,0.00099601608235389,4.21875,-0.359375,0.359375,6.096983457973693,-374.38095966533376,0.03151293098926544,2.133918285369873,0.003680395719129592,0.0,0.0,0.00099601608235389,0.00099601608235389,0.00099601608235389,0.9960159659385681,0.00099601608235389
163,2.3678181346671874,4.735636269334375,-0.0011442460665720634,0.00099601608235389,4.25,0.0234375,-0.0234375,6.2336204999592155,-620.1515760158791,0.03151293098926544,2.097297857205073,0.0036090990324737504,0.0,0.0,0.00099601608235389,0.00099601608235389,0.00099601608235389,0.9960159659385681,0.00099601608235389
164,2.3678256353023475,4.735651270604695,-0.003011558097639727,0.00099601608235389,4.1328125,-0.1328125,0.1328125,6.236097916029394,-465.48693630780974,0.03151293098926544,2.1394830644130707,0.0036858536671691886,0.0,0.0,0.00099601608235389,0.00099601608235389,0.00099601608235389,0.9960159659385681,0.00099601608235389
165,2.3677918219271685,4.735583643854337,-0.00436200248465216,0.00099601608235389,4.2578125,0.390625,-0.390625,6.22087925003143,-617.8273659618623,0.03151293098926544,2.094913641611735,0.003704866326491659,0.0,0.0,0.00099601608235389,0.00099601608235389,0.00099601608235389,0.9960159659385681,0.00099601608235389
166,2.367658689981569,4.735317379963138,-0.0022413311230224,0.00099601608235389,4.1796875,-0.0703125,0.0703125,6.120901666989084,-731.7404458161826,0.03151293098926544,2.0966239869594574,0.003774931867762158,0.0,0.0,0.00099601608235389,0.00099601608235389,0.00099601608235389,0.9960159659385681,0.00099601608235389
167,2.36768647595055,4.7353729519011,-2.869499766422164e-06,0.00099601608235389,4.1640625,-0.15625,0.15625,6.0797393749817275,-516.9010615787184,0.03151293098926544,2.1017536719640098,0.003530426756090795,0.0,0.0,0.00099601608235389,0.00099601608235389,0.00099601608235389,0.9960159659385681,0.00099601608235389
168,2.367620358770134,4.735240717540268,-0.00030607221007015854,0.00099601608235389,4.2265625,-0.5,0.5,6.305512582999654,-422.58244750239714,0.03151293098926544,2.112924853960673,0.0038415236437382796,0.0,0.0,0.00099601608235389,0.00099601608235389,0.00099601608235389,0.9960159659385681,0.00099601608235389
169,2.3676767272903376,4.735353454580675,-0.002409606253754834,0.00099601608235389,4.203125,-0.5859375,0.5859375,6.312545209017117,-462.87392270875245,0.03151293098926544,2.126493493715922,0.00397446039520825,0.0,0.0,0.00099601608235389,0.00099601608235389,0.00099601608235389,0.9960159659385681,0.00099601608235389
170,2.3676558015031324,4.735311603006265,-0.004425513901442409,0.00099601608235389,4.2734375,-0.734375,0.734375,6.182723000005353,-508.93309468455897,0.03151293098926544,2.124686668316523,0.003895750288696339,0.0,0.0,0.00099601608235389,0.00099601608235389,0.00099601608235389,0.9960159659385681,0.00099601608235389
171,2.367509562449952,4.735019124899904,-0.003590781642181437,0.00099601608235389,4.140625,0.140625,-0.140625,6.243157750053797,-775.1677849517679,0.03151293098926544,2.1220572193463645,0.0038057210525342575,0.0,0.0,0.00099601608235389,0.00099601608235389,0.00099601608235389,0.9960159659385681,0.00099601608235389
172,2.3674617053766527,4.734923410753305,-0.00443552774781709,0.00099601608235389,4.4296875,-0.3671875,0.3671875,6.635207792045549,-710.5769014501487,0.03151293098926544,2.097538004318873,0.003556569436720262,0.0,0.0,0.00099601608235389,0.00099601608235389,0.00099601608235389,0.9960159659385681,0.00099601608235389
173,2.367393222950175,4.73478644590035,-0.004357482324552643,0.00099601608235389,4.328125,-0.328125,0.328125,6.37812720896909,-738.6175772816696,0.03151293098926544,2.124519854784012,0.0036052181967534125,0.0,0.0,0.00099601608235389,0.00099601608235389,0.00099601608235389,0.9960159659385681,0.00099601608235389
174,2.3673496960829055,4.734699392165811,-0.004981590318810117,0.00099601608235389,4.25,-0.171875,0.171875,6.7017649579793215,-649.9983764702783,0.03151293098926544,2.1467987100283303,0.003944410040276125,0.0,0.0,0.00099601608235389,0.00099601608235389,0.00099601608235389,0.9960159659385681,0.00099601608235389
175,2.3672745497658303,4.734549099531661,-0.007334472678135942,0.00099601608235389,4.2734375,-0.1796875,0.1796875,6.314265457971487,-816.8479675279021,0.03151293098926544,2.1773691177368164,0.003744908346561715,0.0,0.0,0.00099601608235389,0.00099601608235389,0.00099601608235389,0.9960159659385681,0.00099601608235389
176,2.367226984349404,4.734453968698808,-0.006173783330517242,0.00099601608235389,4.046875,0.546875,-0.546875,6.021442707977258,-604.5966870757144,0.03151293098926544,2.214227110147476,0.003852052259996223,0.0,0.0,0.00099601608235389,0.00099601608235389,0.00099601608235389,0.9960159659385681,0.00099601608235389
177,2.3671639659669728,4.7343279319339455,-0.0008765586531780055,0.00099601608235389,4.15625,0.5546875,-0.5546875,6.198379583016504,-853.3824928308788,0.03151293098926544,2.2439036468664804,0.004059850269792757,0.0,0.0,0.00099601608235389,0.00099601608235389,0.00099601608235389,0.9960159659385681,0.00099601608235389
178,2.3671633587844996,4.734326717568999,-0.0038003515840074795,0.00099601608235389,4.40625,-0.2578125,0.2578125,6.659857875027228,-901.1247896632404,0.03151293098926544,2.227531760931015,0.0040431528953680145,0.0,0.0,0.00099601608235389,0.00099601608235389,0.00099601608235389,0.9960159659385681,0.00099601608235389
179,2.3671281491807443,4.734256298361489,-0.0005562632479472292,0.00099601608235389,4.3046875,-0.203125,0.203125,6.536516541033052,-753.8003859338223,0.03151293098926544,2.2160041332244873,0.004061220892860244,0.0,0.0,0.00099601608235389,0.00099601608235389,0.00099601608235389,0.9960159659385681,0.00099601608235389
180,2.367198334462823,4.734396668925646,-0.007266230082535069,0.00099601608235389,4.34375,-0.359375,0.359375,6.425221125013195,-676.4207798817175,0.03151293098926544,2.2324277758598328,0.004251822965064396,0.0,0.0,0.00099601608235389,0.00099601608235389,0.00099601608235389,0.9960159659385681,0.00099601608235389
181,2.3671756228527734,4.734351245705547,-0.006523109275788909,0.00099601608235389,4.3125,-0.21875,0.21875,6.1798217500327155,-789.9588109116623,0.03151293098926544,2.20598957935969,0.004070239840075374,0.0,0.0,0.00099601608235389,0.00099601608235389,0.00099601608235389,0.9960159659385681,0.00099601608235389
182,2.3671161330520936,4.734232266104187,-0.005873247394960066,0.00099601608235389,4.296875,-0.1015625,0.1015625,6.375317249970976,-990.8194501330636,0.03151293098926544,2.187471022208532,0.0038527897753131888,0.0,0.0,0.00099601608235389,0.00099601608235389,0.00099601608235389,0.9960159659385681,0.00099601608235389
183,2.36726977554023,4.73453955108046,-0.006387018512310918,0.00099601608235389,4.3125,-0.34375,0.34375,6.6061759580043145,-775.5379773784375,0.03151293098926544,2.2054529984792075,0.003833707043668255,0.0,0.0,0.00099601608235389,0.00099601608235389,0.00099601608235389,0.9960159659385681,0.00099601608235389
184,2.3673565998622585,4.734713199724517,-0.0005891486762866592,0.00099601608235389,4.5625,-0.328125,0.328125,7.340419707994442,-1070.4139767125862,0.03151293098926544,2.2146798272927604,0.0037312297887789705,0.0,0.0,0.00099601608235389,0.00099601608235389,0.00099601608235389,0.9960159659385681,0.00099601608235389
185,2.367406374285674,4.734812748571348,-0.001867455820433203,0.00099601608235389,4.1953125,0.265625,-0.265625,6.71839029196417,-1186.4551158128947,0.03151293098926544,2.254213531812032,0.004061201247774686,0.0,0.0,0.00099601608235389,0.00099601608235389,0.00099601608235389,0.9960159659385681,0.00099601608235389
186,2.3675022287110443,4.735004457422089,-0.0046104928807532515,0.00099601608235389,4.0546875,0.5,-0.5,6.757403291005176,-939.9240776220039,0.03151293098926544,2.2700443665186563,0.004175646841758862,0.0,0.0,0.00099601608235389,0.00099601608235389,0.00099601608235389,0.9960159659385681,0.00099601608235389
187,2.3675399275763667,4.735079855152733,-0.0007056067131227088,0.00099601608235389,4.25,-0.21875,0.21875,7.321394667029381,-1275.2506166757905,0.03151293098926544,2.27483061949412,0.0039318681810982525,0.0,0.0,0.00099601608235389,0.00099601608235389,0.00099601608235389,0.9960159659385681,0.00099601608235389
188,2.367584496735545,4.73516899347109,-0.0027781090075059875,0.00099601608235389,4.046875,-0.0703125,0.0703125,6.6787597090005875,-1165.0007317360764,0.03151293098926544,2.3220875958601632,0.004135017836233601,0.0,0.0,0.00099601608235389,0.00099601608235389,0.00099601608235389,0.9960159659385681,0.00099601608235389
189,2.3676571051224755,4.735314210244951,-0.0018962554712118893,0.00099601608235389,4.15625,-0.1484375,0.1484375,7.01680858398322,-981.5197556700025,0.03151293098926544,2.353147437175115,0.004181109902371342,0.0,0.0,0.00099601608235389,0.00099601608235389,0.00099601608235389,0.9960159659385681,0.00099601608235389
190,2.367721925687533,4.735443851375066,0.0009058529736635767,0.00099601608235389,4.0859375,-0.15625,0.15625,6.462670208013151,-946.2861429254593,0.03151293098926544,2.3844721813996634,0.004365578449020783,0.0,0.0,0.00099601608235389,0.00099601608235389,0.00099601608235389,0.9960159659385681,0.00099601608235389
191,2.367887197464446,4.735774394928892,-0.00910420344700929,0.00099601608235389,4.1875,0.5234375,-0.5234375,6.151849750021938,-1271.0687434584347,0.03151293098926544,2.4074647426605225,0.004285199587078144,0.0,0.0,0.00099601608235389,0.00099601608235389,0.00099601608235389,0.9960159659385681,0.00099601608235389
192,2.367983799222957,4.735967598445914,-0.00023076862523693607,0.00099601608235389,4.3125,-0.171875,0.171875,6.323744041030295,-1076.9261271953583,0.03151293098926544,2.345202495654424,0.003895527246640995,0.0,0.0,0.00099601608235389,0.00099601608235389,0.00099601608235389,0.9960159659385681,0.00099601608235389
193,2.3680128527148625,4.736025705429725,0.0016307294962042023,0.00099601608235389,4.2421875,-0.5,0.5,6.1915102080092765,-1332.825277144079,0.03151293098926544,2.3394153316815696,0.004062216049836327,0.0,0.0,0.00099601608235389,0.00099601608235389,0.00099601608235389,0.9960159659385681,0.00099601608235389
194,2.3680297093685545,4.736059418737109,-0.00515845014324785,0.00099601608235389,4.2734375,0.6328125,-0.6328125,6.510275292035658,-1332.6303306733014,0.03151293098926544,2.3199818432331085,0.00374530799066027,0.0,0.0,0.00099601608235389,0.00099601608235389,0.00099601608235389,0.9960159659385681,0.00099601608235389
195,2.368044508631266,4.736089017262532,-0.006156116103966558,0.00099601608235389,4.3828125,0.2421875,-0.2421875,6.342989167023916,-1170.0352367802311,0.03151293098926544,2.3288436432679496,0.003526889847610922,0.0,0.0,0.00099601608235389,0.00099601608235389,0.00099601608235389,0.9960159659385681,0.00099601608235389
196,2.368091220860067,4.736182441720134,-0.006423437423656367,0.00099601608235389,4.21875,0.1640625,-0.1640625,6.4854346250067465,-1091.4169130784494,0.03151293098926544,2.3406291206677756,0.004133292561164126,0.0,0.0,0.00099601608235389,0.00099601608235389,0.00099601608235389,0.9960159659385681,0.00099601608235389
197,2.3681326385216095,4.736265277043219,-0.0015673525855343456,0.00099601608235389,4.28125,-0.5234375,0.5234375,6.462254582962487,-1167.779664288472,0.03151293098926544,2.3627063433329263,0.0043082337360829115,0.0,0.0,0.00099601608235389,0.00099601608235389,0.00099601608235389,0.9960159659385681,0.00099601608235389
198,2.368157073926378,4.736314147852756,-0.008840850661641959,0.00099601608235389,4.4453125,0.203125,-0.203125,6.662426416995004,-1127.5602041288084,0.03151293098926544,2.353016436100006,0.0038513182662427425,0.0,0.0,0.00099601608235389,0.00099601608235389,0.00099601608235389,0.9960159659385681,0.00099601608235389
199,2.3682224631071156,4.736444926214231,-0.004933076978656458,0.00099601608235389,4.21875,-0.0859375,0.0859375,6.976704415981658,-1372.6692755681497,0.03151293098926544,2.3815447191397348,0.0042260835180059075,0.0,0.0,0.00099601608235389,0.00099601608235389,0.00099601608235389,0.9960159659385681,0.00099601608235389
200,2.3682839673320557,4.736567934664111,-0.0029611927906438235,0.00099601608235389,4.0625,-0.421875,0.421875,5.984909249993507,-1307.269763977711,0.03151293098926544,2.444585611422857,0.004214571148622781,0.0,0.0,0.00099601608235389,0.00099601608235389,0.00099601608235389,0.9960159659385681,0.00099601608235389
201,2.3682536006144486,4.736507201228897,-0.0075804546144965365,0.00099601608235389,4.3125,-0.1640625,0.1640625,6.366497791022994,-1421.3313271083694,0.03151293098926544,2.3867620726426444,0.0039144492911873385,0.0,0.0,0.00099601608235389,0.00099601608235389,0.00099601608235389,0.9960159659385681,0.00099601608235389
202,2.3682906481086006,4.736581296217201,-0.002842626920936293,0.00099601608235389,4.3046875,0.0703125,-0.0703125,6.290638749953359,-1174.2292107549206,0.03151293098926544,2.4307766457398734,0.004027132022505005,0.0,0.0,0.00099601608235389,0.00099601608235389,0.00099601608235389,0.9960159659385681,0.00099601608235389
203,2.368306606489093,4.736613212978186,-0.006600502371285114,0.00099601608235389,4.3203125,0.046875,-0.046875,6.901726750016678,-1691.07300487608,0.03151293098926544,2.4231389462947845,0.004286506853532046,0.0,0.0,0.00099601608235389,0.00099601608235389,0.00099601608235389,0.9960159659385681,0.00099601608235389
204,2.368399231261729,4.736798462523458,-0.00901585276526692,0.00099601608235389,4.390625,0.46875,-0.46875,6.604550916992594,-1537.579676312484,0.03151293098926544,2.4514561792214713,0.004184384015388787,0.0,0.0,0.00099601608235389,0.00099601608235389,0.00099601608235389,0.9960159659385681,0.00099601608235389
205,2.3684048190411593,4.736809638082319,-0.004707352948780276,0.00099601608235389,4.1796875,-0.859375,0.859375,6.676001082989387,-1216.9376497732144,0.03151293098926544,2.456564942995707,0.004401828065359344,0.0,0.0,0.00099601608235389,0.00099601608235389,0.00099601608235389,0.9960159659385681,0.00099601608235389
206,2.3683743888419055,4.736748777683811,-0.0012262986421698865,0.00099601608235389,4.25,-0.421875,0.421875,6.159515457984526,-1290.9112063208047,0.03151293098926544,2.4959294398625693,0.004134095594054088,0.0,0.0,0.00099601608235389,0.00099601608235389,0.00099601608235389,0.9960159659385681,0.00099601608235389
207,2.368439677704664,4.736879355409328,-0.005719591196405754,0.00099601608235389,4.390625,0.1171875,-0.1171875,6.30810379202012,-1216.72962558821,0.03151293098926544,2.4548268914222717,0.003863798832753673,0.0,0.0,0.00099601608235389,0.00099601608235389,0.00099601608235389,0.9960159659385681,0.00099601608235389
208,2.3685709387038747,4.737141877407749,-0.003714255900897696,0.00099601608235389,4.5703125,-0.0546875,0.0546875,6.609320999996271,-1404.3964698025304,0.03151293098926544,2.4652326007684073,0.0036723359856599322,0.0,0.0,0.00099601608235389,0.00099601608235389,0.00099601608235389,0.9960159659385681,0.00099601608235389
209,2.3686496710149787,4.737299342029957,-0.00995709309157309,0.00099601608235389,4.2421875,0.203125,-0.203125,6.182241834001616,-1539.2638863762,0.03151293098926544,2.475866844256719,0.0039924772281665355,0.0,0.0,0.00099601608235389,0.00099601608235389,0.00099601608235389,0.9960159659385681,0.00099601608235389
210,2.368768067188349,4.737536134376698,-0.005833679534568993,0.00099601608235389,4.2265625,0.0625,-0.0625,6.07595000002766,-1677.5065227268803,0.03151293098926544,2.4369804362456002,0.003997966162084292,0.0,0.0,0.00099601608235389,0.00099601608235389,0.00099601608235389,0.9960159659385681,0.00099601608235389
211,2.3688954557912307,4.7377909115824615,-0.012044754577578013,0.00099601608235389,4.109375,-0.7890625,0.7890625,6.004013665951788,-1439.4984312891506,0.03151293098926544,2.5056702196598053,0.004163259557875183,0.0,0.0,0.00099601608235389,0.00099601608235389,0.00099601608235389,0.9960159659385681,0.00099601608235389
212,2.3690645179638343,4.738129035927669,-0.008979118433636052,0.00099601608235389,4.0859375,0.296875,-0.296875,5.963288291997742,-1730.492967423244,0.03151293098926544,2.5397117038567862,0.004257705062627792,0.0,0.0,0.00099601608235389,0.00099601608235389,0.00099601608235389,0.9960159659385681,0.00099601608235389
213,2.3691661258702115,4.738332251740423,-0.007492897497439196,0.00099601608235389,4.3203125,-0.828125,0.828125,6.273208333004732,-1622.8660531311311,0.03151293098926544,2.5582023759682975,0.004229770042002201,0.0,0.0,0.00099601608235389,0.00099601608235389,0.00099601608235389,0.9960159659385681,0.00099601608235389
214,2.369319208088612,4.738638416177224,-0.010613222651488239,0.00099601608235389,4.140625,0.5,-0.5,5.967633959022351,-1613.8634786102007,0.03151293098926544,2.582893302043279,0.0042824937554541975,0.0,0.0,0.00099601608235389,0.00099601608235389,0.00099601608235389,0.9960159659385681,0.00099601608235389
215,2.369482014954304,4.738964029908608,-0.006078145358263925,0.00099601608235389,4.1484375,-0.28125,0.28125,6.052352708007675,-1957.1834653847186,0.03151293098926544,2.5619754791259766,0.004073458471490691,0.0,0.0,0.00099601608235389,0.00099601608235389,0.00099601608235389,0.9960159659385681,0.00099601608235389
216,2.3695956606460613,4.739191321292123,-0.007886363747648553,0.00099601608235389,4.2890625,0.2109375,-0.2109375,6.169303749979008,-1540.415966039147,0.03151293098926544,2.64291188120842,0.004530283564236015,0.0,0.0,0.00099601608235389,0.00099601608235389,0.00099601608235389,0.9960159659385681,0.00099601608235389
217,2.3696861690892277,4.739372338178455,-0.00812767499900224,0.00099601608235389,4.3984375,0.2890625,-0.2890625,6.312529042013921,-1660.0221464231636,0.03151293098926544,2.577787756919861,0.00407573005456167,0.0,0.0,0.00099601608235389,0.00099601608235389,0.00099601608235389,0.9960159659385681,0.00099601608235389
218,2.3698047037919725,4.739609407583945,-0.005117492180373818,0.00099601608235389,4.296875,-0.484375,0.484375,6.195563334040344,-1224.5332384542985,0.03151293098926544,2.572576731443405,0.003980313401067785,0.0,0.0,0.00099601608235389,0.00099601608235389,0.00099601608235389,0.9960159659385681,0.00099601608235389
219,2.3699126459270787,4.7398252918541575,-0.010384495405736997,0.00099601608235389,4.2109375,-1.0625,1.0625,6.092461000022013,-1676.7370094359474,0.03151293098926544,2.682116528352102,0.0046069211869811015,0.0,0.0,0.00099601608235389,0.00099601608235389,0.00099601608235389,0.9960159659385681,0.00099601608235389
220,2.369961340120307,4.739922680240614,-0.008118086537883755,0.00099601608235389,4.1171875,-0.2734375,0.2734375,5.934923083987087,-1922.390183188205,0.03151293098926544,2.6785682141780853,0.0046948062954470515,0.0,0.0,0.00099601608235389,0.00099601608235389,0.00099601608235389,0.9960159659385681,0.00099601608235389
221,2.3700343687255625,4.740068737451125,-0.008680034301921455,0.00099601608235389,4.2109375,-0.3671875,0.3671875,6.180812875041738,-1676.9708493131875,0.03151293098926544,2.7108827332655587,0.004715649818535894,0.0,0.0,0.00099601608235389,0.00099601608235389,0.00099601608235389,0.9960159659385681,0.00099601608235389
222,2.3700678281718277,4.740135656343655,-0.002102707837289641,0.00099601608235389,4.125,-0.7109375,0.7109375,6.057960584003013,-1609.739163563107,0.03151293098926544,2.772397975126902,0.004889353799323241,0.0,0.0,0.00099601608235389,0.00099601608235389,0.00099601608235389,0.9960159659385681,0.00099601608235389
223,2.37012847726186,4.74025695452372,-0.006617557299433022,0.00099601608235389,4.34375,-0.40625,0.40625,6.233950417023152,-1887.2431160923388,0.03151293098926544,2.7659921447436013,0.0045421571024538325,0.0,0.0,0.00099601608235389,0.00099601608235389,0.00099601608235389,0.9960159659385681,0.00099601608235389
224,2.3702243753086285,4.740448750617257,-0.0040779744483394895,0.00099601608235389,4.3671875,0.609375,-0.609375,6.694376125000417,-1867.6566117684188,0.03151293098926544,2.7109463810920715,0.0041380900171740604,0.0,0.0,0.00099601608235389,0.00099601608235389,0.00099601608235389,0.9960159659385681,0.00099601608235389
225,2.370287131829301,4.740574263658602,-0.007910812567316435,0.00099601608235389,4.2265625,0.25,-0.25,6.049507415969856,-1785.5240063817134,0.03151293098926544,2.6892502307891846,0.0043894684058614075,0.0,0.0,0.00099601608235389,0.00099601608235389,0.00099601608235389,0.9960159659385681,0.00099601608235389
226,2.370411888635167,4.740823777270334,-0.005124969795769164,0.00099601608235389,4.2734375,0.09375,-0.09375,6.187579832971096,-1851.4043939771775,0.03151293098926544,2.7207418779532113,0.004242319245046626,0.0,0.0,0.00099601608235389,0.00099601608235389,0.00099601608235389,0.9960159659385681,0.00099601608235389
227,2.3705197227263763,4.741039445452753,-0.006454781826078666,0.00099601608235389,4.390625,-0.265625,0.265625,6.28846304101171,-2054.006950984222,0.03151293098926544,2.704548805952072,0.0043608551495708525,0.0,0.0,0.00099601608235389,0.00099601608235389,0.00099601608235389,0.9960159659385681,0.00099601608235389
228,2.3706193247923055,4.741238649584611,-0.002091212895574165,0.00099601608235389,4.234375,0.5,-0.5,6.111775333003607,-1662.1161544384552,0.03151293098926544,2.7624614040056863,0.004443675992661156,0.0,0.0,0.00099601608235389,0.00099601608235389,0.00099601608235389,0.9960159659385681,0.00099601608235389
229,2.370706718830724,4.741413437661448,-0.006939334611281864,0.00099601608235389,4.1484375,-0.6015625,0.6015625,6.041202374966815,-1771.4691512939396,0.03151293098926544,2.777319540580114,0.004686770325254959,0.0,0.0,0.00099601608235389,0.00099601608235389,0.00099601608235389,0.9960159659385681,0.00099601608235389
230,2.3708073776936094,4.741614755387219,-0.00471850921837877,0.00099601608235389,4.3671875,-0.640625,0.640625,6.272741208027583,-2295.6109937333463,0.03151293098926544,2.7489904165267944,0.004199304482123504,0.0,0.0,0.00099601608235389,0.00099601608235389,0.00099601608235389,0.9960159659385681,0.00099601608235389
231,2.370913518395775,4.74182703679155,-0.004680503261158245,0.00099601608235389,4.203125,-0.890625,0.890625,6.074966707965359,-2051.3957943650425,0.03151293098926544,2.7593232095241547,0.00455765569737802,0.0,0.0,0.00099601608235389,0.00099601608235389,0.00099601608235389,0.9960159659385681,0.00099601608235389
232,2.3709876328332014,4.741975265666403,-0.007259412910822378,0.00099601608235389,4.40625,-0.25,0.25,6.330807833990548,-1830.8120607585772,0.03151293098926544,2.8044112424055734,0.004730922276697432,0.0,0.0,0.00099601608235389,0.00099601608235389,0.00099601608235389,0.9960159659385681,0.00099601608235389
233,2.371053247854637,4.742106495709274,-0.005751309828360509,0.00099601608235389,4.3203125,-0.453125,0.453125,6.206181959016249,-2524.2344294749805,0.03151293098926544,2.8256417711575827,0.00458804097919104,0.0,0.0,0.00099601608235389,0.00099601608235389,0.00099601608235389,0.9960159659385681,0.00099601608235389
234,2.371141060624095,4.74228212124819,-0.0026135713968030074,0.00099601608235389,4.1796875,0.0390625,-0.0390625,6.07264116697479,-2342.0526407223997,0.03151293098926544,2.888690938552221,0.004794694851928701,0.0,0.0,0.00099601608235389,0.00099601608235389,0.00099601608235389,0.9960159659385681,0.00099601608235389
235,2.371300354263015,4.74260070852603,-0.006876093055737957,0.00099601608235389,4.2578125,0.3984375,-0.3984375,6.097063084016554,-2215.0740302444597,0.03151293098926544,2.8721985518932343,0.004378520970931277,0.0,0.0,0.00099601608235389,0.00099601608235389,0.00099601608235389,0.9960159659385681,0.00099601608235389
236,2.3713783056233613,4.7427566112467225,-0.009361549618129272,0.00099601608235389,4.203125,-0.5390625,0.5390625,6.007349583960604,-2045.9059569135475,0.03151293098926544,2.861780365308126,0.004657401412259787,0.0,0.0,0.00099601608235389,0.00099601608235389,0.00099601608235389,0.9960159659385681,0.00099601608235389
237,2.3714147341041567,4.742829468208313,-0.006427679515538992,0.00099601608235389,4.3359375,0.078125,-0.078125,6.221963207994122,-2330.4262275145934,0.03151293098926544,2.858114163080851,0.004611015028785914,0.0,0.0,0.00099601608235389,0.00099601608235389,0.00099601608235389,0.9960159659385681,0.00099601608235389
238,2.371479809589691,4.742959619179382,-0.014142833837271416,0.00099601608235389,4.140625,-0.09375,0.09375,6.045167916978244,-2362.5777777437893,0.03151293098926544,2.87218376994133,0.004363034752410992,0.0,0.0,0.00099601608235389,0.00099601608235389,0.00099601608235389,0.9960159659385681,0.00099601608235389
239,2.3715336331870693,4.743067266374139,-0.007532482055941426,0.00099601608235389,4.21875,-0.3671875,0.3671875,6.132495582976844,-1862.4980452678822,0.03151293098926544,2.9226613342761993,0.004643447953033804,0.0,0.0,0.00099601608235389,0.00099601608235389,0.00099601608235389,0.9960159659385681,0.00099601608235389
240,2.371613309765677,4.743226619531354,-0.010113375437252981,0.00099601608235389,4.2890625,-0.1796875,0.1796875,6.192579582973849,-2053.241810564135,0.03151293098926544,2.8804782231648765,0.004535715134503941,0.0,0.0,0.00099601608235389,0.00099601608235389,0.00099601608235389,0.9960159659385681,0.00099601608235389
241,2.3716709364789272,4.7433418729578545,-0.006435592312979266,0.00099601608235389,4.171875,-0.0234375,0.0234375,6.028233667020686,-2152.6333477220287,0.03151293098926544,2.9696424901485443,0.0046956783820254104,0.0,0.0,0.00099601608235389,0.00099601608235389,0.00099601608235389,0.9960159659385681,0.00099601608235389
242,2.3717349013823243,4.743469802764649,-0.01046113121608206,0.00099601608235389,4.1796875,0.03125,-0.03125,6.058600957971066,-2166.7994402413055,0.03151293098926544,2.920896073182424,0.004535415782205139,0.0,0.0,0.00099601608235389,0.00099601608235389,0.00099601608235389,0.9960159659385681,0.00099601608235389
243,2.3717921929151156,4.743584385830231,-0.007416029608680479,0.00099601608235389,4.390625,0.078125,-0.078125,6.269452749984339,-2460.348328729541,0.03151293098926544,2.913117607434591,0.004487363999942318,0.0,0.0,0.00099601608235389,0.00099601608235389,0.00099601608235389,0.9960159659385681,0.00099601608235389
244,2.3719002924842663,4.7438005849685325,-0.007834425532034549,0.00099601608235389,4.296875,-0.71875,0.71875,6.1533265840262175,-2692.901636349071,0.03151293098926544,2.92541911204656,0.00470976631428736,0.0,0.0,0.00099601608235389,0.00099601608235389,0.00099601608235389,0.9960159659385681,0.00099601608235389
245,2.371952183155684,4.743904366311368,-0.0062250595503232425,0.00099601608235389,4.3359375,0.8203125,-0.8203125,6.2457016670377925,-3208.4209682498968,0.03151293098926544,2.8948169151941934,0.004526230050638939,0.0,0.0,0.00099601608235389,0.00099601608235389,0.00099601608235389,0.9960159659385681,0.00099601608235389
246,2.371997496016076,4.743994992032152,-0.015902593722301968,0.00099601608235389,4.3828125,-0.1796875,0.1796875,6.34390691597946,-2097.2102117453455,0.03151293098926544,2.885296106338501,0.004361289851658512,0.0,0.0,0.00099601608235389,0.00099601608235389,0.00099601608235389,0.9960159659385681,0.00099601608235389
247,2.3720822366643812,4.7441644733287625,-0.008891391350598346,0.00099601608235389,4.390625,-0.203125,0.203125,6.326996207993943,-2315.7084108128665,0.03151293098926544,2.942118684450785,0.0046612939234667765,0.0,0.0,0.00099601608235389,0.00099601608235389,0.00099601608235389,0.9960159659385681,0.00099601608235389
248,2.3721634606726667,4.744326921345333,-0.007683555010320035,0.00099601608235389,4.265625,-0.390625,0.390625,6.105557832983322,-2489.662418351505,0.03151293098926544,2.9982120792071023,0.004579103229237565,0.0,0.0,0.00099601608235389,0.00099601608235389,0.00099601608235389,0.9960159659385681,0.00099601608235389
249,2.372258748431102,4.744517496862204,-0.004779129620825505,0.00099601608235389,4.5390625,-0.125,0.125,6.462282166001387,-2781.993374471615,0.03151293098926544,2.9767485360304513,0.004602857860542524,0.0,0.0,0.00099601608235389,0.00099601608235389,0.00099601608235389,0.9960159659385681,0.00099601608235389
250,2.372343634007775,4.74468726801555,-0.008135814302674484,0.00099601608235389,4.3984375,-0.5078125,0.5078125,6.349022708949633,-2305.191691925428,0.03151293098926544,2.9301140209039054,0.004531918442808092,0.0,0.0,0.00099601608235389,0.00099601608235389,0.00099601608235389,0.9960159659385681,0.00099601608235389
251,2.372402611093737,4.744805222187474,0.0006636691355526668,0.00099601608235389,4.234375,0.2109375,-0.2109375,6.0888668749830686,-2661.891094858796,0.03151293098926544,3.006831328074137,0.0047278311879684525,0.0,0.0,0.00099601608235389,0.00099601608235389,0.00099601608235389,0.9960159659385681,0.00099601608235389
252,2.3725159150001325,4.745031830000265,-0.008610771540214772,0.00099601608235389,4.203125,0.140625,-0.140625,6.090425125032198,-2449.2608887200904,0.03151293098926544,3.026714861392975,0.004563040231005289,0.0,0.0,0.00099601608235389,0.00099601608235389,0.00099601608235389,0.9960159659385681,0.00099601608235389
253,2.372697082845091,4.745394165690182,-0.007483231153505417,0.00099601608235389,4.421875,0.4609375,-0.4609375,6.375687540974468,-2753.027990833188,0.03151293098926544,2.9939264357089996,0.004391906656868135,0.0,0.0,0.00099601608235389,0.00099601608235389,0.00099601608235389,0.9960159659385681,0.00099601608235389
254,2.372913424956158,4.745826849912316,-0.009626869033600976,0.00099601608235389,4.09375,-0.1484375,0.1484375,5.9183056249748915,-2790.9014426260505,0.03151293098926544,3.097881466150284,0.004894987665466033,0.0,0.0,0.00099601608235389,0.00099601608235389,0.00099601608235389,0.9960159659385681,0.00099601608235389
255,2.3730564934107874,4.746112986821575,-0.010554494534751995,0.00099601608235389,4.2109375,-0.7265625,0.7265625,6.084982166998088,-3073.661783660719,0.03151293098926544,3.0971624751885733,0.0048783079837448895,0.0,0.0,0.00099601608235389,0.00099601608235389,0.00099601608235389,0.9960159659385681,0.00099601608235389
256,2.373184746071514,4.746369492143028,-0.007014485994295535,0.00099601608235389,4.3828125,-0.5390625,0.5390625,6.291691666992847,-2989.7790443400013,0.03151293098926544,3.0892705023288727,0.004595360534343247,0.0,0.0,0.00099601608235389,0.00099601608235389,0.00099601608235389,0.9960159659385681,0.00099601608235389
257,2.3733061925236068,4.7466123850472135,-0.004309572220919421,0.00099601608235389,4.3125,-0.2578125,0.2578125,6.174617499986198,-2859.864303892937,0.03151293098926544,3.090654730796814,0.004705885784157242,0.0,0.0,0.00099601608235389,0.00099601608235389,0.00099601608235389,0.9960159659385681,0.00099601608235389
258,2.3734186192673183,4.746837238534637,-0.009984130362547753,0.00099601608235389,4.3359375,-1.03125,1.03125,6.326219792012125,-2787.2671646289996,0.03151293098926544,3.0937184393405914,0.004858273023273796,0.0,0.0,0.00099601608235389,0.00099601608235389,0.00099601608235389,0.9960159659385681,0.00099601608235389
259,2.3734741954604512,4.7469483909209025,-0.0011283900063977005,0.00099601608235389,4.3828125,-1.0234375,1.0234375,6.313905582996085,-3142.7952858929966,0.03151293098926544,3.104917804400126,0.0047359080975487204,0.0,0.0,0.00099601608235389,0.00099601608235389,0.00099601608235389,0.9960159659385681,0.00099601608235389
260,2.3735924901086256,4.747184980217251,-0.012075556378258669,0.00099601608235389,4.3984375,0.4765625,-0.4765625,6.286113583017141,-3400.8293077458707,0.03151293098926544,3.1182962556680045,0.004727806701945762,0.0,0.0,0.00099601608235389,0.00099601608235389,0.00099601608235389,0.9960159659385681,0.00099601608235389
261,2.373782065191337,4.747564130382674,-0.008796240925308198,0.00099601608235389,4.203125,-0.2734375,0.2734375,6.036176458001137,-2730.9344917176822,0.03151293098926544,3.142930716276169,0.00466000917852701,0.0,0.0,0.00099601608235389,0.00099601608235389,0.00099601608235389,0.9960159659385681,0.00099601608235389
262,2.373972030164058,4.747944060328116,-0.012248755297260888,0.00099601608235389,4.5390625,0.6796875,-0.6796875,6.445363915991038,-2903.216771143849,0.03151293098926544,3.172543207804362,0.005191304459003732,0.0,0.0,0.00099601608235389,0.00099601608235389,0.00099601608235389,0.9960159659385681,0.00099601608235389
263,2.374065206845195,4.74813041369039,-0.007955723559022727,0.00099601608235389,4.296875,0.7265625,-0.7265625,6.170060207950883,-3284.549455438094,0.03151293098926544,3.2578372855981192,0.005109908934173291,0.0,0.0,0.00099601608235389,0.00099601608235389,0.00099601608235389,0.9960159659385681,0.00099601608235389
264,2.374158179876269,4.748316359752538,-0.010213788798133132,0.00099601608235389,4.1015625,-0.734375,0.734375,5.894768790982198,-3434.221731843494,0.03151293098926544,3.230800986289978,0.00523891862637053,0.0,0.0,0.00099601608235389,0.00099601608235389,0.00099601608235389,0.9960159659385681,0.00099601608235389
265,2.374223295271211,4.748446590542422,-0.008922622728187123,0.00099601608235389,4.2578125,0.265625,-0.265625,6.125291500007734,-2932.7145777326114,0.03151293098926544,3.2456879913806915,0.0052810154399291305,0.0,0.0,0.00099601608235389,0.00099601608235389,0.00099601608235389,0.9960159659385681,0.00099601608235389
266,2.3742931278132318,4.7485862556264635,-0.012241660271394627,0.00099601608235389,4.1328125,0.7109375,-0.7109375,6.019984457991086,-3141.4839245700655,0.03151293098926544,3.259752074877421,0.004935175287149225,0.0,0.0,0.00099601608235389,0.00099601608235389,0.00099601608235389,0.9960159659385681,0.00099601608235389
267,2.3743820522755716,4.748764104551143,-0.01461910615863398,0.00099601608235389,4.03125,0.21875,-0.21875,5.7808197090053,-3737.982225680536,0.03151293098926544,3.292665511369705,0.005194701884950821,0.0,0.0,0.00099601608235389,0.00099601608235389,0.00099601608235389,0.9960159659385681,0.00099601608235389
268,2.374363428938771,4.748726857877542,-0.013424271947985313,0.00099601608235389,4.390625,0.53125,-0.53125,6.331458207976539,-3063.034692917006,0.03151293098926544,3.2752813398838043,0.005139924537312861,0.0,0.0,0.00099601608235389,0.00099601608235389,0.00099601608235389,0.9960159659385681,0.00099601608235389
269,2.374443415286044,4.748886830572088,-0.00977775161663455,0.00099601608235389,4.171875,-0.109375,0.109375,6.060604667000007,-3641.157415407874,0.03151293098926544,3.265936185916265,0.004928489855956286,0.0,0.0,0.00099601608235389,0.00099601608235389,0.00099601608235389,0.9960159659385681,0.00099601608235389
270,2.374591636077173,4.749183272154346,-0.008552701832988304,0.00099601608235389,4.4609375,-0.421875,0.421875,6.3689269160386175,-2781.513425997385,0.03151293098926544,3.2231271068255105,0.004779964227054734,0.0,0.0,0.00099601608235389,0.00099601608235389,0.00099601608235389,0.9960159659385681,0.00099601608235389
271,2.3747157220655755,4.749431444131151,-0.01210788491866758,0.00099601608235389,4.390625,-0.2265625,0.2265625,6.362877290986944,-3932.6515040448553,0.03151293098926544,3.2833431561787925,0.005080050109730412,0.0,0.0,0.00099601608235389,0.00099601608235389,0.00099601608235389,0.9960159659385681,0.00099601608235389
272,2.3748193089519942,4.7496386179039884,-0.013982124435201583,0.00099601608235389,4.46875,-0.15625,0.15625,6.350312999973539,-3836.3444196260893,0.03151293098926544,3.2660516798496246,0.004963203226604189,0.0,0.0,0.00099601608235389,0.00099601608235389,0.00099601608235389,0.9960159659385681,0.00099601608235389
273,2.3749064459100255,4.749812891820051,-0.006811484153638559,0.00099601608235389,4.3203125,0.0625,-0.0625,6.2240947500104085,-2618.6855910992754,0.03151293098926544,3.2712904711564383,0.004956869340579336,0.0,0.0,0.00099601608235389,0.00099601608235389,0.00099601608235389,0.9960159659385681,0.00099601608235389
274,2.375009907703283,4.750019815406566,-0.015187315468819637,0.00099601608235389,4.4140625,0.453125,-0.453125,6.308275750023313,-3726.7171939275963,0.03151293098926544,3.282997419436773,0.005191491771256551,0.0,0.0,0.00099601608235389,0.00099601608235389,0.00099601608235389,0.9960159659385681,0.00099601608235389
275,2.3750902282442903,4.750180456488581,-0.01136620159395022,0.00099601608235389,4.453125,-0.703125,0.703125,6.326285834016744,-3410.552763882018,0.03151293098926544,3.2418373227119446,0.004536468190053711,0.0,0.0,0.00099601608235389,0.00099601608235389,0.00099601608235389,0.9960159659385681,0.00099601608235389
276,2.3751144345842476,4.750228869168495,-0.006634704360728812,0.00099601608235389,4.3359375,0.0625,-0.0625,6.287960208021104,-4544.264975470465,0.03151293098926544,3.238475372393926,0.004761465218810675,0.0,0.0,0.00099601608235389,0.00099601608235389,0.00099601608235389,0.9960159659385681,0.00099601608235389
277,2.375109485296705,4.75021897059341,-0.007571896587803673,0.00099601608235389,4.2265625,-0.421875,0.421875,6.052538791962434,-4970.985845068686,0.03151293098926544,3.2751842737197876,0.0048488188767805696,0.0,0.0,0.00099601608235389,0.00099601608235389,0.00099601608235389,0.9960159659385681,0.00099601608235389
278,2.3751638917931963,4.750327783586393,-0.012526272997272391,0.00099601608235389,4.3359375,0.8203125,-0.8203125,6.210127457976341,-3966.0313537528923,0.03151293098926544,3.347255975008011,0.005049892143385175,0.0,0.0,0.00099601608235389,0.00099601608235389,0.00099601608235389,0.9960159659385681,0.00099601608235389
279,2.3752509831331348,4.7505019662662695,-0.011664014389264427,0.00099601608235389,4.484375,-0.1796875,0.1796875,6.425740082981065,-4228.554904954359,0.03151293098926544,3.3909850815931954,0.005253057141089812,0.0,0.0,0.00099601608235389,0.00099601608235389,0.00099601608235389,0.9960159659385681,0.00099601608235389
280,2.375229783887562,4.750459567775124,-0.012356585316972526,0.00099601608235389,4.4453125,-0.28125,0.28125,6.371934416005388,-3604.094412614256,0.03151293098926544,3.3735151986281076,0.005158880754606798,0.0,0.0,0.00099601608235389,0.00099601608235389,0.00099601608235389,0.9960159659385681,0.00099601608235389
281,2.375193471674181,4.750386943348362,-0.01166637606142546,0.00099601608235389,4.421875,0.0,0.0,6.337527624971699,-5036.289934077448,0.03151293098926544,3.3825656374295554,0.004746674695828308,0.0,0.0,0.00099601608235389,0.00099601608235389,0.00099601608235389,0.9960159659385681,0.00099601608235389
282,2.3751728032715205,4.750345606543041,-0.010437133095379478,0.00099601608235389,4.3828125,-0.5,0.5,6.258456874988042,-5160.030285187583,0.03151293098926544,3.3694687287012735,0.004438877054781187,0.0,0.0,0.00099601608235389,0.00099601608235389,0.00099601608235389,0.9960159659385681,0.00099601608235389
283,2.375111637396662,4.750223274793324,-0.00585420117855335,0.00099601608235389,4.171875,0.21875,-0.21875,6.048575250024442,-5392.88387111421,0.03151293098926544,3.3996942043304443,0.005112983693834394,0.0,0.0,0.00099601608235389,0.00099601608235389,0.00099601608235389,0.9960159659385681,0.00099601608235389
284,2.375059866657325,4.75011973331465,-0.005282432577441527,0.00099601608235389,4.546875,0.5546875,-0.5546875,6.547380333009642,-4570.425682900288,0.03151293098926544,3.390880356232325,0.004595642948212723,0.0,0.0,0.00099601608235389,0.00099601608235389,0.00099601608235389,0.9960159659385681,0.00099601608235389
285,2.374950092313921,4.749900184627842,-0.014157128962423932,0.00099601608235389,4.09375,0.4140625,-0.4140625,5.862379750004038,-5585.173950249912,0.03151293098926544,3.4481258591016135,0.004791099159016691,0.0,0.0,0.00099601608235389,0.00099601608235389,0.00099601608235389,0.9960159659385681,0.00099601608235389
286,2.37489616822427,4.74979233644854,-0.005876962348008228,0.00099601608235389,4.421875,-0.6640625,0.6640625,6.323884208977688,-4820.398856368587,0.03151293098926544,3.399634142716726,0.004948895249981433,0.0,0.0,0.00099601608235389,0.00099601608235389,0.00099601608235389,0.9960159659385681,0.00099601608235389
287,2.374902944197812,4.749805888395624,-0.008355268648940357,0.00099601608235389,4.4921875,-0.6484375,0.6484375,6.490583374979906,-5167.688546689904,0.03151293098926544,3.342508832613627,0.00482565353740938,0.0,0.0,0.00099601608235389,0.00099601608235389,0.00099601608235389,0.9960159659385681,0.00099601608235389
288,2.37487425096906,4.74974850193812,-0.01747092567552132,0.00099601608235389,4.390625,-0.8203125,0.8203125,6.437274208001327,-4709.623602985912,0.03151293098926544,3.4188343385855355,0.004956958796052883,0.0,0.0,0.00099601608235389,0.00099601608235389,0.00099601608235389,0.9960159659385681,0.00099601608235389
289,2.3748007887111893,4.7496015774223785,-0.0071767400738490745,0.00099601608235389,4.5078125,-0.203125,0.203125,6.424588458961807,-4546.098037818895,0.03151293098926544,3.5108618338902793,0.005191891056407864,0.0,0.0,0.00099601608235389,0.00099601608235389,0.00099601608235389,0.9960159659385681,0.00099601608235389
290,2.3747404312303253,4.749480862460651,-0.007756021432991773,0.00099601608235389,4.4296875,-0.1328125,0.1328125,6.321377250016667,-4950.470554163427,0.03151293098926544,3.4901739756266275,0.00477548457395945,0.0,0.0,0.00099601608235389,0.00099601608235389,0.00099601608235389,0.9960159659385681,0.00099601608235389
291,2.374691011739414,4.749382023478828,-0.00719680418964296,0.00099601608235389,4.1796875,-0.5390625,0.5390625,5.987907207978424,-5362.684746829595,0.03151293098926544,3.535328964392344,0.00515498317933331,0.0,0.0,0.00099601608235389,0.00099601608235389,0.00099601608235389,0.9960159659385681,0.00099601608235389
292,2.374694510642488,4.749389021284976,-0.010279572032723486,0.00099601608235389,4.3671875,-0.3984375,0.3984375,6.296932082972489,-5022.432192691537,0.03151293098926544,3.5212192138036094,0.00505864224396646,0.0,0.0,0.00099601608235389,0.00099601608235389,0.00099601608235389,0.9960159659385681,0.00099601608235389
293,2.374678763449252,4.749357526898504,-0.012529310397943626,0.00099601608235389,4.40625,0.15625,-0.15625,6.283766082953662,-4590.076786156242,0.03151293098926544,3.523928850889206,0.00498955531414443,0.0,0.0,0.00099601608235389,0.00099601608235389,0.00099601608235389,0.9960159659385681,0.00099601608235389
294,2.3745824109113305,4.749164821822661,-0.008789332712703248,0.00099601608235389,4.3828125,-0.15625,0.15625,6.2451799170230515,-5331.789103332901,0.03151293098926544,3.5502266685167947,0.005273623246466741,0.0,0.0,0.00099601608235389,0.00099601608235389,0.00099601608235389,0.9960159659385681,0.00099601608235389
295,2.37451395217487,4.74902790434974,-0.008347629068546676,0.00099601608235389,4.3515625,0.625,-0.625,6.2912615410168655,-4321.369894140713,0.03151293098926544,3.509167581796646,0.004954648107135047,0.0,0.0,0.00099601608235389,0.00099601608235389,0.00099601608235389,0.9960159659385681,0.00099601608235389
296,2.3744676745271587,4.748935349054317,-0.007060825365298488,0.00099601608235389,4.2578125,-0.1953125,0.1953125,6.113424249982927,-3936.0309993288934,0.03151293098926544,3.5003423988819122,0.005228256253758445,0.0,0.0,0.00099601608235389,0.00099601608235389,0.00099601608235389,0.9960159659385681,0.00099601608235389
297,2.3744637907428783,4.7489275814857566,-0.0163977799753867,0.00099601608235389,4.390625,-0.6484375,0.6484375,6.2791305420105346,-4383.519744296091,0.03151293098926544,3.564652512470881,0.0053015352799169095,0.0,0.0,0.00099601608235389,0.00099601608235389,0.00099601608235389,0.9960159659385681,0.00099601608235389
298,2.3744095835901344,4.748819167180269,-0.013085177806853992,0.00099601608235389,4.2578125,0.328125,-0.328125,6.16570466698613,-5743.409566238824,0.03151293098926544,3.661831567684809,0.005358831056734441,0.0,0.0,0.00099601608235389,0.00099601608235389,0.00099601608235389,0.9960159659385681,0.00099601608235389
299,2.3745103762704916,4.749020752540983,-0.020676677261128158,0.00099601608235389,4.40625,-0.0078125,0.0078125,6.290320667030755,-4885.0451744160755,0.03151293098926544,3.624112437168757,0.005335696138596783,0.0,0.0,0.00099601608235389,0.00099601608235389,0.00099601608235389,0.9960159659385681,0.00099601608235389
300,2.374596186170896,4.749192372341792,-0.008794632277141803,0.00099601608235389,4.390625,0.765625,-0.765625,6.3233274999656714,-5329.118456321255,0.03151293098926544,3.612322062253952,0.005159796728851991,0.0,0.0,0.00099601608235389,0.00099601608235389,0.00099601608235389,0.9960159659385681,0.00099601608235389
301,2.3746409200010232,4.7492818400020465,-0.009415376412935515,0.00099601608235389,4.296875,-0.7734375,0.7734375,6.166201209009159,-4514.837061053189,0.03151293098926544,3.6009696622689567,0.005068903051627179,0.0,0.0,0.00099601608235389,0.00099601608235389,0.00099601608235389,0.9960159659385681,0.00099601608235389
302,2.3747374422699217,4.749474884539843,-0.007496039766273467,0.00099601608235389,4.40625,-0.1484375,0.1484375,6.290828750003129,-5305.137456204029,0.03151293098926544,3.56035182873408,0.004897417122265324,0.0,0.0,0.00099601608235389,0.00099601608235389,0.00099601608235389,0.9960159659385681,0.00099601608235389
303,2.3748006620420914,4.749601324084183,-0.0067216193544478685,0.00099601608235389,4.4453125,-1.0546875,1.0546875,6.417480167001486,-6843.378214267938,0.03151293098926544,3.539803167184194,0.0050613893060168875,0.0,0.0,0.00099601608235389,0.00099601608235389,0.00099601608235389,0.9960159659385681,0.00099601608235389
304,2.374850676149726,4.749701352299452,-0.00764974206314148,0.00099601608235389,4.4921875,-1.21875,1.21875,6.419145500054583,-5606.153049515434,0.03151293098926544,3.5575877328713736,0.004814673350968708,0.0,0.0,0.00099601608235389,0.00099601608235389,0.00099601608235389,0.9960159659385681,0.00099601608235389
305,2.374876881748864,4.749753763497728,-0.013939411750575278,0.00099601608235389,4.234375,-0.1875,0.1875,6.0481868329807185,-7198.569046583562,0.03151293098926544,3.6222631533940635,0.005145163304405287,0.0,0.0,0.00099601608235389,0.00099601608235389,0.00099601608235389,0.9960159659385681,0.00099601608235389
306,2.374990540056789,4.749981080113578,-0.017422342570072597,0.00099601608235389,4.4453125,0.1796875,-0.1796875,6.40404341701651,-4523.897446422879,0.03151293098926544,3.6173774898052216,0.00493011666124706,0.0,0.0,0.00099601608235389,0.00099601608235389,0.00099601608235389,0.9960159659385681,0.00099601608235389
307,2.375089817271241,4.750179634542482,-0.012295907397017039,0.00099601608235389,4.2265625,-0.453125,0.453125,6.053673832968343,-6344.423419832522,0.03151293098926544,3.6745255986849465,0.004973923965735594,0.0,0.0,0.00099601608235389,0.00099601608235389,0.00099601608235389,0.9960159659385681,0.00099601608235389
308,2.3751473720930525,4.750294744186105,-0.005280766170368994,0.00099601608235389,4.4453125,-0.359375,0.359375,6.465951500053052,-5556.566691527677,0.03151293098926544,3.716498017311096,0.005476749482719849,0.0,0.0,0.00099601608235389,0.00099601608235389,0.00099601608235389,0.9960159659385681,0.00099601608235389
309,2.375192717885469,4.750385435770938,-0.01101699558412602,0.00099601608235389,4.5390625,0.5390625,-0.5390625,6.504374375042971,-5068.074902644461,0.03151293098926544,3.681250830491384,0.005300848376161109,0.0,0.0,0.00099601608235389,0.00099601608235389,0.00099601608235389,0.9960159659385681,0.00099601608235389
310,2.375191270935929,4.750382541871858,-0.01469856512949578,0.00099601608235389,4.5,0.8125,-0.8125,6.409146125020925,-7039.119269814756,0.03151293098926544,3.665822366873423,0.005025433124198268,0.0,0.0,0.00099601608235389,0.00099601608235389,0.00099601608235389,0.9960159659385681,0.00099601608235389
311,2.375194903858292,4.750389807716584,-0.007479092499745439,0.00099601608235389,4.3125,0.2265625,-0.2265625,6.212483916024212,-6564.670379085817,0.03151293098926544,3.6991498172283173,0.005296907290661086,0.0,0.0,0.00099601608235389,0.00099601608235389,0.00099601608235389,0.9960159659385681,0.00099601608235389
312,2.3752019038131644,4.750403807626329,-0.01970607733827181,0.00099601608235389,4.625,-1.125,1.125,6.572604332992341,-6284.715902470253,0.03151293098926544,3.717266579469045,0.004961542606603568,0.0,0.0,0.00099601608235389,0.00099601608235389,0.00099601608235389,0.9960159659385681,0.00099601608235389
313,2.375239807023198,4.750479614046396,-0.005705922717541156,0.00099601608235389,4.359375,-0.15625,0.15625,6.233054500014987,-5164.3549840715195,0.03151293098926544,3.7223722636699677,0.004885642769901703,0.0,0.0,0.00099601608235389,0.00099601608235389,0.00099601608235389,0.9960159659385681,0.00099601608235389
314,2.3752937543289745,4.750587508657949,-0.011799666714231813,0.00099601608235389,4.4375,-0.5234375,0.5234375,6.4200311669847,-6193.096976112312,0.03151293098926544,3.6678887406984964,0.00488869193213759,0.0,0.0,0.00099601608235389,0.00099601608235389,0.00099601608235389,0.9960159659385681,0.00099601608235389
315,2.37532507314051,4.75065014628102,-0.009512550644894853,0.00099601608235389,4.203125,0.3359375,-0.3359375,6.045447624986991,-6685.764143521901,0.03151293098926544,3.6998333632946014,0.005059333196186344,0.0,0.0,0.00099601608235389,0.00099601608235389,0.00099601608235389,0.9960159659385681,0.00099601608235389
316,2.3753927388332676,4.750785477666535,-0.009309778576165339,0.00099601608235389,4.4609375,-0.65625,0.65625,6.432120707991999,-6682.921044859077,0.03151293098926544,3.657985975344976,0.004984282803585908,0.0,0.0,0.00099601608235389,0.00099601608235389,0.00099601608235389,0.9960159659385681,0.00099601608235389
317,2.375465668935072,4.750931337870144,-0.010741732662501268,0.00099601608235389,4.4921875,0.96875,-0.96875,6.45754254097119,-5790.607354610277,0.03151293098926544,3.6733972231547036,0.005219728596178659,0.0,0.0,0.00099601608235389,0.00099601608235389,0.00099601608235389,0.9960159659385681,0.00099601608235389
318,2.375579096698072,4.751158193396144,-0.005476974521567542,0.00099601608235389,4.5546875,-0.5234375,0.5234375,6.46819887496531,-6038.4830690125455,0.03151293098926544,3.729789366324743,0.005373656109441072,0.0,0.0,0.00099601608235389,0.00099601608235389,0.00099601608235389,0.9960159659385681,0.00099601608235389
319,2.3757418926603107,4.751483785320621,-0.013552707911336,0.00099601608235389,4.4453125,-0.15625,0.15625,6.490891500026919,-6709.159546756577,0.03151293098926544,3.66839000582695,0.004941153417651852,0.0,0.0,0.00099601608235389,0.00099601608235389,0.00099601608235389,0.9960159659385681,0.00099601608235389
320,2.375868543300583,4.751737086601166,-0.01395220486874135,0.00099601608235389,4.4609375,0.59375,-0.59375,6.401338750030845,-8178.50227501597,0.03151293098926544,3.6686979134877524,0.004976243469476079,0.0,0.0,0.00099601608235389,0.00099601608235389,0.00099601608235389,0.9960159659385681,0.00099601608235389
321,2.3759209228386626,4.751841845677325,-0.01800950152827907,0.00099601608235389,4.328125,-0.734375,0.734375,6.199095166986808,-7052.540432857692,0.03151293098926544,3.7015706300735474,0.005168338548780109,0.0,0.0,0.00099601608235389,0.00099601608235389,0.00099601608235389,0.9960159659385681,0.00099601608235389
322,2.3761227443047206,4.752245488609441,-0.01452154917452735,0.00099601608235389,4.296875,-0.484375,0.484375,6.27894812496379,-7882.513420084173,0.03151293098926544,3.6914308865865073,0.004936125221623418,0.0,0.0,0.00099601608235389,0.00099601608235389,0.00099601608235389,0.9960159659385681,0.00099601608235389
323,2.376317773878803,4.752635547757606,-0.014737937142177686,0.00099601608235389,4.359375,0.28125,-0.28125,6.251241791003849,-6859.048223222028,0.03151293098926544,3.736532042423884,0.005015787144657224,0.0,0.0,0.00099601608235389,0.00099601608235389,0.00099601608235389,0.9960159659385681,0.00099601608235389
324,2.3765375235284982,4.7530750470569965,-0.0125246566880942,0.00099601608235389,4.5078125,-0.4140625,0.4140625,6.424497917003464,-7348.508529477971,0.03151293098926544,3.706997126340866,0.005143563728779554,0.0,0.0,0.00099601608235389,0.00099601608235389,0.00099601608235389,0.9960159659385681,0.00099601608235389
325,2.3767279203048597,4.753455840609719,-0.015620192003067048,0.00099601608235389,4.4921875,0.6328125,-0.6328125,6.500776249973569,-7259.875939370861,0.03151293098926544,3.711026579141617,0.005014532261213844,0.0,0.0,0.00099601608235389,0.00099601608235389,0.00099601608235389,0.9960159659385681,0.00099601608235389
326,2.3769128508277904,4.753825701655581,-0.00841280664911883,0.00099601608235389,4.4765625,-0.0078125,0.0078125,6.410703166038729,-6816.355115188146,0.03151293098926544,3.775028496980667,0.0051643801004199,0.0,0.0,0.00099601608235389,0.00099601608235389,0.00099601608235389,0.9960159659385681,0.00099601608235389
327,2.377080581732134,4.754161163464268,-0.018298024780754974,0.00099601608235389,4.3671875,-0.375,0.375,6.223262583022006,-7399.19043635469,0.03151293098926544,3.815055876970291,0.005357254170424615,0.0,0.0,0.00099601608235389,0.00099601608235389,0.00099601608235389,0.9960159659385681,0.00099601608235389
328,2.37726069367622,4.75452138735244,-0.011908151346480702,0.00099601608235389,4.2265625,-0.0625,0.0625,6.136140750022605,-5949.779864947589,0.03151293098926544,3.910405476888021,0.005208275227535826,0.0,0.0,0.00099601608235389,0.00099601608235389,0.00099601608235389,0.9960159659385681,0.00099601608235389
329,2.3773796023324216,4.754759204664843,-0.015740083035733207,0.00099601608235389,4.5546875,-0.359375,0.359375,6.548168874986004,-6410.479119544577,0.03151293098926544,3.876011868317922,0.005032681543525541,0.0,0.0,0.00099601608235389,0.00099601608235389,0.00099601608235389,0.9960159659385681,0.00099601608235389
330,2.3774961111829938,4.7549922223659875,-0.009630595451542674,0.00099601608235389,4.3828125,0.015625,-0.015625,7.726307959004771,-6406.489569686101,0.03151293098926544,3.9421497881412506,0.005626744047428171,0.0,0.0,0.00099601608235389,0.00099601608235389,0.00099601608235389,0.9960159659385681,0.00099601608235389
331,2.3776251046678345,4.755250209335669,-0.02225412261236328,0.00099601608235389,4.28125,-0.140625,0.140625,6.356289167015348,-8397.29971247346,0.03151293098926544,3.9659988482793174,0.005413654835138004,0.0,0.0,0.00099601608235389,0.00099601608235389,0.00099601608235389,0.9960159659385681,0.00099601608235389
332,2.377819018597922,4.755638037195844,-0.02023693020106364,0.00099601608235389,4.359375,-0.1015625,0.1015625,6.695565917005297,-8960.228452060384,0.03151293098926544,3.898318996032079,0.005307367071509361,0.0,0.0,0.00099601608235389,0.00099601608235389,0.00099601608235389,0.9960159659385681,0.00099601608235389
333,2.378069896807261,4.756139793614522,-0.00784207786044384,0.00099601608235389,4.2421875,-0.2734375,0.2734375,6.309135416988283,-8898.0694701193,0.03151293098926544,3.9345642427603402,0.005179900005411279,0.0,0.0,0.00099601608235389,0.00099601608235389,0.00099601608235389,0.9960159659385681,0.00099601608235389
334,2.378264846895531,4.756529693791062,-0.017683126506786443,0.00099601608235389,4.359375,0.1484375,-0.1484375,6.386687791964505,-8606.662082583247,0.03151293098926544,3.8804109593232474,0.00538913844502531,0.0,0.0,0.00099601608235389,0.00099601608235389,0.00099601608235389,0.9960159659385681,0.00099601608235389
335,2.378443122871463,4.756886245742926,-0.009499940542383897,0.00099601608235389,4.2734375,0.859375,-0.859375,6.20909570803633,-7787.080555282955,0.03151293098926544,3.921821931997935,0.005582900523828964,0.0,0.0,0.00099601608235389,0.00099601608235389,0.00099601608235389,0.9960159659385681,0.00099601608235389
336,2.3786405454368893,4.757281090873779,-0.016087351745140865,0.00099601608235389,4.421875,0.3046875,-0.3046875,6.42174504196737,-7320.827549708606,0.03151293098926544,3.8653791348139444,0.004983846334653208,0.0,0.0,0.00099601608235389,0.00099601608235389,0.00099601608235389,0.9960159659385681,0.00099601608235389
337,2.3788193620081897,4.757638724016379,-0.016562326500181256,0.00099601608235389,4.4453125,0.296875,-0.296875,6.397498708975036,-7485.403689191714,0.03151293098926544,3.8921107848485312,0.00518429038152135,0.0,0.0,0.00099601608235389,0.00099601608235389,0.00099601608235389,0.9960159659385681,0.00099601608235389
338,2.379044803394943,4.758089606789886,-0.027734673503313313,0.00099601608235389,4.4296875,0.921875,-0.921875,6.3964665830135345,-9015.85660542214,0.03151293098926544,3.8960896829764047,0.005509244908656304,0.0,0.0,0.00099601608235389,0.00099601608235389,0.00099601608235389,0.9960159659385681,0.00099601608235389
339,2.379189277357675,4.75837855471535,-0.01785677829715199,0.00099601608235389,4.3828125,0.1640625,-0.1640625,6.626607000012882,-7118.042719183121,0.03151293098926544,3.904897312323252,0.005660793782832722,0.0,0.0,0.00099601608235389,0.00099601608235389,0.00099601608235389,0.9960159659385681,0.00099601608235389
340,2.3794067411801816,4.758813482360363,-0.01587726618010305,0.00099601608235389,4.5234375,-0.125,0.125,7.181388874945696,-8847.662323656888,0.03151293098926544,3.9373159209887185,0.005238220396374042,0.0,0.0,0.00099601608235389,0.00099601608235389,0.00099601608235389,0.9960159659385681,0.00099601608235389
341,2.3796344627396806,4.759268925479361,-0.020494757230730302,0.00099601608235389,4.28125,0.359375,-0.359375,7.170240167004522,-9497.739852355344,0.03151293098926544,3.953525940577189,0.00568870099959895,0.0,0.0,0.00099601608235389,0.00099601608235389,0.00099601608235389,0.9960159659385681,0.00099601608235389
342,2.3798801324013663,4.759760264802733,-0.0019279757510251465,0.00099601608235389,4.3359375,-0.0546875,0.0546875,6.361790209019091,-8156.460387042621,0.03151293098926544,3.995423893133799,0.00538383500437097,0.0,0.0,0.00099601608235389,0.00099601608235389,0.00099601608235389,0.9960159659385681,0.00099601608235389
343,2.3801847825281484,4.760369565056297,-0.013730029990910435,0.00099601608235389,4.609375,-0.265625,0.265625,6.683564874983858,-6234.393325424195,0.03151293098926544,4.03957058986028,0.005463612018502317,0.0,0.0,0.00099601608235389,0.00099601608235389,0.00099601608235389,0.9960159659385681,0.00099601608235389
344,2.380458394701673,4.760916789403346,-0.012043316139482231,0.00099601608235389,4.2265625,0.546875,-0.546875,6.570737582980655,-8467.467489753766,0.03151293098926544,4.060257573922475,0.005564305543278654,0.0,0.0,0.00099601608235389,0.00099601608235389,0.00099601608235389,0.9960159659385681,0.00099601608235389
345,2.38072968258617,4.76145936517234,-0.019093238700600992,0.00099601608235389,4.4296875,0.03125,-0.03125,6.435051208012737,-9423.884921724833,0.03151293098926544,4.046141644318898,0.0052756321926305345,0.0,0.0,0.00099601608235389,0.00099601608235389,0.00099601608235389,0.9960159659385681,0.00099601608235389
346,2.3810201353435527,4.7620402706871054,-0.011136955348418477,0.00099601608235389,4.3125,-0.5234375,0.5234375,6.308653166051954,-10532.625653923422,0.03151293098926544,4.021140694618225,0.0053375679757058,0.0,0.0,0.00099601608235389,0.00099601608235389,0.00099601608235389,0.9960159659385681,0.00099601608235389
347,2.3812327007746465,4.762465401549293,-0.013315847355167425,0.00099601608235389,4.296875,-0.046875,0.046875,6.271635416953359,-9876.473248422795,0.03151293098926544,4.0360057552655535,0.005445258313557133,0.0,0.0,0.00099601608235389,0.00099601608235389,0.00099601608235389,0.9960159659385681,0.00099601608235389
348,2.381325850344555,4.76265170068911,-0.011400596772709283,0.00099601608235389,4.421875,-0.25,0.25,6.405371250002645,-9653.527360457834,0.03151293098926544,3.991817226012548,0.005043643502479729,0.0,0.0,0.00099601608235389,0.00099601608235389,0.00099601608235389,0.9960159659385681,0.00099601608235389
349,2.381506718742017,4.763013437484034,-0.015472935971464045,0.00099601608235389,4.453125,0.1640625,-0.1640625,6.622162791027222,-10174.558089855262,0.03151293098926544,3.9935683806737265,0.005022604170032234,0.0,0.0,0.00099601608235389,0.00099601608235389,0.00099601608235389,0.9960159659385681,0.00099601608235389
350,2.38158030395146,4.76316060790292,-0.014288581626718071,0.00099601608235389,4.484375,-0.5703125,0.5703125,7.180113875016104,-7708.383632985557,0.03151293098926544,3.959986080725988,0.005411040872180213,0.0,0.0,0.00099601608235389,0.00099601608235389,0.00099601608235389,0.9960159659385681,0.00099601608235389
351,2.3817074986856634,4.763414997371327,-0.01069709216489752,0.00099601608235389,4.421875,0.28125,-0.28125,6.450492084026337,-10785.308189041623,0.03151293098926544,3.988589882850647,0.005313749754956613,0.0,0.0,0.00099601608235389,0.00099601608235389,0.00099601608235389,0.9960159659385681,0.00099601608235389
352,2.3818556214768574,4.763711242953715,-0.008982375319246012,0.00099601608235389,4.6328125,-0.046875,0.046875,6.593943166022655,-9794.613918619654,0.03151293098926544,4.000431517759959,0.0051793891507259104,0.0,0.0,0.00099601608235389,0.00099601608235389,0.00099601608235389,0.9960159659385681,0.00099601608235389
353,2.3820516738190998,4.7641033476381995,-0.01617543334029986,0.00099601608235389,4.3984375,0.6953125,-0.6953125,6.318060042045545,-9966.932309694443,0.03151293098926544,4.029806196689606,0.005379795019204418,0.0,0.0,0.00099601608235389,0.00099601608235389,0.00099601608235389,0.9960159659385681,0.00099601608235389
354,2.382218389116826,4.764436778233652,-0.011603941168046108,0.00099601608235389,4.6171875,-0.078125,0.078125,6.963091583980713,-10515.47888516008,0.03151293098926544,4.025622169176738,0.005250754407218968,0.0,0.0,0.00099601608235389,0.00099601608235389,0.00099601608235389,0.9960159659385681,0.00099601608235389
355,2.382374246988454,4.764748493976908,-0.013557563423558149,0.00099601608235389,4.3515625,0.359375,-0.359375,6.90627879195381,-9022.077947462483,0.03151293098926544,4.033219337463379,0.00541059206201074,0.0,0.0,0.00099601608235389,0.00099601608235389,0.00099601608235389,0.9960159659385681,0.00099601608235389
356,2.3825700921853628,4.7651401843707255,-0.010002573205146203,0.00099601608235389,4.5,0.546875,-0.546875,6.519550000026356,-9956.898156166077,0.03151293098926544,4.084996064503987,0.00529958022525534,0.0,0.0,0.00099601608235389,0.00099601608235389,0.00099601608235389,0.9960159659385681,0.00099601608235389
357,2.3826917339528046,4.765383467905609,-0.019310261096384607,0.00099601608235389,4.4375,0.4609375,-0.4609375,6.479138166992925,-9104.442868850601,0.03151293098926544,4.051264266173045,0.0054586793994531035,0.0,0.0,0.00099601608235389,0.00099601608235389,0.00099601608235389,0.9960159659385681,0.00099601608235389
358,2.3828102195182854,4.765620439036571,-0.034471887414611824,0.00099601608235389,4.546875,-0.421875,0.421875,6.696924542018678,-7880.4530539496245,0.03151293098926544,4.149858772754669,0.005297414764451484,0.0,0.0,0.00099601608235389,0.00099601608235389,0.00099601608235389,0.9960159659385681,0.00099601608235389
359,2.382949782143796,4.765899564287592,-0.0061914718474552445,0.00099601608235389,4.328125,-0.3671875,0.3671875,6.4933582919766195,-10950.393431088554,0.03151293098926544,4.1234080990155535,0.005062109897456442,0.0,0.0,0.00099601608235389,0.00099601608235389,0.00099601608235389,0.9960159659385681,0.00099601608235389
360,2.383141539919584,4.766283079839168,-0.010816870970008162,0.00099601608235389,4.5234375,0.2109375,-0.2109375,6.598770125012379,-10870.330292960316,0.03151293098926544,4.118918200333913,0.0049496559125448885,0.0,0.0,0.00099601608235389,0.00099601608235389,0.00099601608235389,0.9960159659385681,0.00099601608235389
361,2.3833576883423633,4.766715376684727,-0.02552973510607416,0.00099601608235389,4.25,0.2890625,-0.2890625,6.135646209004335,-10970.746549774618,0.03151293098926544,4.130472669998805,0.005478796350265232,0.0,0.0,0.00099601608235389,0.00099601608235389,0.00099601608235389,0.9960159659385681,0.00099601608235389
362,2.3834897950370104,4.766979590074021,-0.01301617168452664,0.00099601608235389,4.2734375,0.3671875,-0.3671875,6.149047667044215,-9823.741178746197,0.03151293098926544,4.128393014272054,0.005327570807518593,0.0,0.0,0.00099601608235389,0.00099601608235389,0.00099601608235389,0.9960159659385681,0.00099601608235389
363,2.3836952181796423,4.7673904363592845,-0.014475761372877347,0.00099601608235389,4.5546875,-0.1015625,0.1015625,6.487454624962993,-9612.860600990047,0.03151293098926544,4.19302233060201,0.0056484165058160824,0.0,0.0,0.00099601608235389,0.00099601608235389,0.00099601608235389,0.9960159659385681,0.00099601608235389
364,2.383856846800285,4.76771369360057,-0.013251320938526575,0.00099601608235389,4.3515625,-0.078125,0.078125,6.231824792048428,-8503.327572464728,0.03151293098926544,4.224542121092479,0.005835640021056558,0.0,0.0,0.00099601608235389,0.00099601608235389,0.00099601608235389,0.9960159659385681,0.00099601608235389
365,2.3839433498463336,4.767886699692667,-0.016422082069475284,0.00099601608235389,4.5,-0.21875,0.21875,6.493501083983574,-11606.811305443445,0.03151293098926544,4.242137908935547,0.005503408324633104,0.0,0.0,0.00099601608235389,0.00099601608235389,0.00099601608235389,0.9960159659385681,0.00099601608235389
366,2.384082503457278,4.768165006914556,-0.013319208106734804,0.00099601608235389,4.4375,0.6953125,-0.6953125,6.3287664580275305,-11897.693407515404,0.03151293098926544,4.2015789945920305,0.005509127642047436,0.0,0.0,0.00099601608235389,0.00099601608235389,0.00099601608235389,0.9960159659385681,0.00099601608235389
367,2.3842224801029053,4.7684449602058105,-0.019212806673529263,0.00099601608235389,4.5,-0.1015625,0.1015625,6.525146665982902,-11784.552653047773,0.03151293098926544,4.159426768620809,0.005651144213819255,0.0,0.0,0.00099601608235389,0.00099601608235389,0.00099601608235389,0.9960159659385681,0.00099601608235389
368,2.384382524597126,4.768765049194252,-0.015879471989813754,0.00099601608235389,4.34375,-0.15625,0.15625,6.35004516702611,-13274.806449945025,0.03151293098926544,4.19844530026118,0.005405892356066033,0.0,0.0,0.00099601608235389,0.00099601608235389,0.00099601608235389,0.9960159659385681,0.00099601608235389
369,2.3845730255237623,4.7691460510475245,-0.013934762841886694,0.00099601608235389,4.5859375,-0.546875,0.546875,6.559606125054415,-11232.300515520918,0.03151293098926544,4.165087521076202,0.005301960945265212,0.0,0.0,0.00099601608235389,0.00099601608235389,0.00099601608235389,0.9960159659385681,0.00099601608235389
370,2.384721067896768,4.769442135793536,-0.019646787725686007,0.00099601608235389,4.3828125,-0.0078125,0.0078125,6.237448041036259,-10810.780173724985,0.03151293098926544,4.1055804789066315,0.00524524062590596,0.0,0.0,0.00099601608235389,0.00099601608235389,0.00099601608235389,0.9960159659385681,0.00099601608235389
371,2.3848849312533806,4.769769862506761,-0.01083924186547836,0.00099601608235389,4.421875,-0.84375,0.84375,6.370381292013917,-13130.007499182604,0.03151293098926544,4.146561046441396,0.005795030699421962,0.0,0.0,0.00099601608235389,0.00099601608235389,0.00099601608235389,0.9960159659385681,0.00099601608235389
372,2.385003097972516,4.770006195945032,-0.007732464975850059,0.00099601608235389,4.46875,-0.0078125,0.0078125,6.357808000000659,-11997.81401151377,0.03151293098926544,4.240641276041667,0.005717710126191378,0.0,0.0,0.00099601608235389,0.00099601608235389,0.00099601608235389,0.9960159659385681,0.00099601608235389
373,2.3852453749394966,4.770490749878993,-0.01561810161654027,0.00099601608235389,4.40625,-0.703125,0.703125,6.358627083012834,-13071.904993841834,0.03151293098926544,4.26419398188591,0.005782099052642782,0.0,0.0,0.00099601608235389,0.00099601608235389,0.00099601608235389,0.9960159659385681,0.00099601608235389
374,2.385356877469289,4.770713754938578,-0.013668916449095106,0.00099601608235389,4.390625,0.2578125,-0.2578125,6.303424125013407,-14135.31376482329,0.03151293098926544,4.2066236436367035,0.005125384093844332,0.0,0.0,0.00099601608235389,0.00099601608235389,0.00099601608235389,0.9960159659385681,0.00099601608235389
375,2.385517745482331,4.771035490964662,-0.006460083951584346,0.00099601608235389,4.2890625,-0.03125,0.03125,6.160992667020764,-14128.897415313999,0.03151293098926544,4.187592536211014,0.005669492869249855,0.0,0.0,0.00099601608235389,0.00099601608235389,0.00099601608235389,0.9960159659385681,0.00099601608235389
376,2.385646957426236,4.771293914852472,-0.016833436675862717,0.00099601608235389,4.546875,-0.1640625,0.1640625,6.506556624954101,-11100.987586162344,0.03151293098926544,4.159907360871633,0.005821067519718781,0.0,0.0,0.00099601608235389,0.00099601608235389,0.00099601608235389,0.9960159659385681,0.00099601608235389
377,2.3857948441209538,4.7715896882419075,-0.018571682148687565,0.00099601608235389,4.5546875,-0.109375,0.109375,6.489909207972232,-11827.49700116375,0.03151293098926544,4.134732176860173,0.005980384671905388,0.0,0.0,0.00099601608235389,0.00099601608235389,0.00099601608235389,0.9960159659385681,0.00099601608235389
378,2.385977199058088,4.771954398116176,-0.019428469902271137,0.00099601608235389,4.5234375,-0.7421875,0.7421875,6.541036666953005,-13011.689851408384,0.03151293098926544,4.180058856805165,0.005779505775232489,0.0,0.0,0.00099601608235389,0.00099601608235389,0.00099601608235389,0.9960159659385681,0.00099601608235389
379,2.386015961155072,4.772031922310144,-0.014612309422570663,0.00099601608235389,4.4765625,-0.8359375,0.8359375,6.434754291025456,-15309.27714554552,0.03151293098926544,4.173168023427327,0.005427658509385462,0.0,0.0,0.00099601608235389,0.00099601608235389,0.00099601608235389,0.9960159659385681,0.00099601608235389
380,2.386236719212602,4.772473438425204,-0.019437041299481848,0.00099601608235389,4.5234375,0.84375,-0.84375,6.452908334031235,-14732.827869131981,0.03151293098926544,4.168244918187459,0.0050012964905666495,0.0,0.0,0.00099601608235389,0.00099601608235389,0.00099601608235389,0.9960159659385681,0.00099601608235389
381,2.386469074987977,4.772938149975954,-0.010660484185330716,0.00099601608235389,4.484375,0.0234375,-0.0234375,6.882624375051819,-14783.134680850995,0.03151293098926544,4.118406295776367,0.0050377198931528255,0.0,0.0,0.00099601608235389,0.00099601608235389,0.00099601608235389,0.9960159659385681,0.00099601608235389
382,2.386576736111885,4.77315347222377,-0.012976600386190636,0.00099601608235389,4.5625,-0.8984375,0.8984375,6.851518790994305,-14322.844664887207,0.03151293098926544,4.2127179602781935,0.005785568772504727,0.0,0.0,0.00099601608235389,0.00099601608235389,0.00099601608235389,0.9960159659385681,0.00099601608235389
383,2.386690649940219,4.773381299880438,-0.016986489026816605,0.00099601608235389,4.375,-0.609375,0.609375,6.337029542017262,-13745.194597639356,0.03151293098926544,4.245055953661601,0.005777035723440349,0.0,0.0,0.00099601608235389,0.00099601608235389,0.00099601608235389,0.9960159659385681,0.00099601608235389
384,2.3867942664115365,4.773588532823073,-0.008930402912910283,0.00099601608235389,4.515625,-0.2265625,0.2265625,6.451052249991335,-16935.248290527237,0.03151293098926544,4.273149013519287,0.0052502046746667475,0.0,0.0,0.00099601608235389,0.00099601608235389,0.00099601608235389,0.9960159659385681,0.00099601608235389
385,2.3868922996659387,4.7737845993318775,-0.007937838258438966,0.00099601608235389,4.4453125,0.0078125,-0.0078125,6.409413333982229,-17081.34939911747,0.03151293098926544,4.288230935732524,0.0053347169571983,0.0,0.0,0.00099601608235389,0.00099601608235389,0.00099601608235389,0.9960159659385681,0.00099601608235389
386,2.387018370324263,4.774036740648526,-0.00483464431583115,0.00099601608235389,4.453125,-0.171875,0.171875,6.395783249987289,-14302.538430906598,0.03151293098926544,4.216795742511749,0.005299667187500745,0.0,0.0,0.00099601608235389,0.00099601608235389,0.00099601608235389,0.9960159659385681,0.00099601608235389
387,2.3870146061890405,4.774029212378081,-0.023518956416234093,0.00099601608235389,4.2890625,-0.8828125,0.8828125,6.13837479200447,-15916.530888958707,0.03151293098926544,4.2502334912618,0.005184867084608413,0.0,0.0,0.00099601608235389,0.00099601608235389,0.00099601608235389,0.9960159659385681,0.00099601608235389
388,2.387001584264512,4.774003168529024,-0.013842190521750496,0.00099601608235389,4.453125,-0.46875,0.46875,6.382429791963659,-12627.359391222502,0.03151293098926544,4.361801465352376,0.005730040041574587,0.0,0.0,0.00099601608235389,0.00099601608235389,0.00099601608235389,0.9960159659385681,0.00099601608235389
389,2.3871026969977827,4.774205393995565,-0.018046970466980825,0.00099601608235389,4.3984375,0.5703125,-0.5703125,6.31803183403099,-13398.374470590486,0.03151293098926544,4.358183165391286,0.005513186983686562,0.0,0.0,0.00099601608235389,0.00099601608235389,0.00099601608235389,0.9960159659385681,0.00099601608235389
390,2.38711645230076,4.77423290460152,-0.02638194823552346,0.00099601608235389,4.6015625,-0.2109375,0.2109375,6.626402958994731,-12116.243629908926,0.03151293098926544,4.322264055411021,0.005171307057025842,0.0,0.0,0.00099601608235389,0.00099601608235389,0.00099601608235389,0.9960159659385681,0.00099601608235389
391,2.3871595582311844,4.774319116462369,-0.011990954690870371,0.00099601608235389,4.4453125,-0.59375,0.59375,6.485982208047062,-16340.181148482123,0.03151293098926544,4.296365578969319,0.0056635678279993345,0.0,0.0,0.00099601608235389,0.00099601608235389,0.00099601608235389,0.9960159659385681,0.00099601608235389
392,2.3872026963732993,4.774405392746599,-0.028405816882976224,0.00099601608235389,4.390625,-0.1875,0.1875,6.282286124944221,-17189.696859217198,0.03151293098926544,4.279946645100911,0.005604501997974391,0.0,0.0,0.00099601608235389,0.00099601608235389,0.00099601608235389,0.9960159659385681,0.00099601608235389
393,2.387264793376657,4.774529586753314,-0.007879498419822733,0.00099601608235389,4.4609375,0.2109375,-0.2109375,6.452345917001367,-16710.127787401296,0.03151293098926544,4.277498443921407,0.005199635808821768,0.0,0.0,0.00099601608235389,0.00099601608235389,0.00099601608235389,0.9960159659385681,0.00099601608235389
394,2.38733912527985,4.7746782505597,-0.027712901901249178,0.00099601608235389,4.625,0.390625,-0.390625,6.613125750038307,-17232.891406690753,0.03151293098926544,4.203878223896027,0.0051356724531312166,0.0,0.0,0.00099601608235389,0.00099601608235389,0.00099601608235389,0.9960159659385681,0.00099601608235389
395,2.387428030202541,4.774856060405082,-0.008459900660192666,0.00099601608235389,4.3046875,-0.078125,0.078125,6.228376209037378,-17335.32191398053,0.03151293098926544,4.272888213396072,0.005716021337624018,0.0,0.0,0.00099601608235389,0.00099601608235389,0.00099601608235389,0.9960159659385681,0.00099601608235389
396,2.3836430578939822,4.7672861157879645,-0.014672237126139458,0.0009960160831637356,4.4921875,-0.0078125,0.0078125,6.457773583999369,-9970.965143392812,0.031512931015180504,4.245186318953832,0.005655379849486053,0.0,0.0,0.0009960160831637356,0.0009960160831637356,0.0009960160831637356,0.9960159659385681,0.0009960160831637356
397,2.569711261895937,5.139422523791874,-0.03321092064159651,0.0009962043357701477,4.34375,-0.6484375,0.6484375,6.188934749981854,-15888.150134908823,0.053752993086098336,4.311700463294983,0.006213429830192278,0.0,0.0,0.0009962043357701477,0.0009962043357701477,0.007124428623297299,0.9898869959141711,0.0009962043357701477
398,2.5820620436577704,5.164124087315541,-0.02812535922406982,0.000996860991607065,4.7734375,-0.2734375,0.2734375,6.765539957967121,-8447.985843328885,0.25080652857495017,3.5342499117056527,-0.000828824630540718,0.0,0.0,0.000996860991607065,0.000996860991607065,0.9059977600695459,0.09101163868223806,0.000996860991607065
399,2.5829900810275355,5.165980162055071,-0.029081614581053062,0.0009960159659385681,4.9453125,-0.0859375,0.0859375,7.035718416038435,-9376.778457533126,0.03151305019855499,2.9679747919241586,-0.0024001000080412873,0.0,0.0,0.0009960159659385681,0.0009960159659385681,0.9960158467292786,0.0009960159659385681,0.0009960159659385681
400,2.5838142753527156,5.167628550705431,-0.03802508162986758,0.0009960159659385681,4.8984375,-0.2578125,0.2578125,7.037808791967109,-9283.757061229748,0.03151305019855499,2.6923836867014566,-0.0014213344159846504,0.0,0.0,0.0009960159659385681,0.0009960159659385681,0.9960158467292786,0.0009960159659385681,0.0009960159659385681
401,2.5847408522232045,5.169481704446409,-0.03612140932609732,0.0009960159659385681,4.828125,0.5234375,-0.5234375,6.832904707989655,-6458.493727304403,0.03151305019855499,2.49246213833491,-0.0007054199656219377,0.0,0.0,0.0009960159659385681,0.0009960159659385681,0.9960158467292786,0.0009960159659385681,0.0009960159659385681
402,2.5854249182053604,5.170849836410721,-0.024314862317872832,0.0009960159659385681,4.8046875,0.2265625,-0.2265625,6.928005750000011,-10159.68569691976,0.03151305019855499,2.379985809326172,-0.0005376753936919462,0.0,0.0,0.0009960159659385681,0.0009960159659385681,0.9960158467292786,0.0009960159659385681,0.0009960159659385681
403,2.5860478553959814,5.172095710791963,-0.03229940182374378,0.0009960159659385681,4.8203125,0.125,-0.125,6.8686305829905905,-6479.672479156544,0.03151305019855499,2.3739113012949624,-0.00013262669684384795,0.0,0.0,0.0009960159659385681,0.0009960159659385681,0.9960158467292786,0.0009960159659385681,0.0009960159659385681
404,2.586662586296278,5.173325172592556,-0.01820866488868715,0.0009960159659385681,4.8671875,0.1875,-0.1875,6.897629250015598,-7565.698551526996,0.03151305019855499,2.3644597828388214,-0.00016462337953271344,0.0,0.0,0.0009960159659385681,0.0009960159659385681,0.9960158467292786,0.0009960159659385681,0.0009960159659385681
405,2.587201453530973,5.174402907061946,-0.0320918093093683,0.0009960159659385681,4.71875,0.3359375,-0.3359375,6.809583041991573,-6884.040271860084,0.03151305019855499,2.363798677921295,-0.00036770649997682386,0.0,0.0,0.0009960159659385681,0.0009960159659385681,0.9960158467292786,0.0009960159659385681,0.0009960159659385681
406,2.5877412771709762,5.1754825543419525,-0.02848587199364288,0.0009960159659385681,4.8046875,0.046875,-0.046875,7.139623292023316,-12270.094432774986,0.03151305019855499,2.394819885492325,-0.0004116379689852086,0.0,0.0,0.0009960159659385681,0.0009960159659385681,0.9960158467292786,0.0009960159659385681,0.0009960159659385681
407,2.5881593970605916,5.176318794121183,-0.04138839037759029,0.0009960159659385681,4.8515625,-0.0859375,0.0859375,7.163041791995056,-11656.867279409018,0.03151305019855499,2.379338284333547,-0.00042132297312491573,0.0,0.0,0.0009960159659385681,0.0009960159659385681,0.9960158467292786,0.0009960159659385681,0.0009960159659385681
408,2.5886461729922363,5.177292345984473,-0.02618875023950757,0.0009960159659385681,4.6875,-0.3203125,0.3203125,7.124813750036992,-13639.311599489847,0.03151305019855499,2.4149344762166343,-0.0004911772666673642,0.0,0.0,0.0009960159659385681,0.0009960159659385681,0.9960158467292786,0.0009960159659385681,0.0009960159659385681
409,2.589076224140828,5.178152448281656,-0.04040189245041341,0.0009960159659385681,4.890625,-0.53125,0.53125,7.11673587502446,-9691.991108525675,0.03151305019855499,2.433073401451111,-0.0005329827326931991,0.0,0.0,0.0009960159659385681,0.0009960159659385681,0.9960158467292786,0.0009960159659385681,0.0009960159659385681
410,2.589699849517163,5.179399699034326,-0.03151757306810082,0.0009960159659385681,4.84375,0.1328125,-0.1328125,6.9575412920094095,-11858.400997260309,0.03151305019855499,2.4085902273654938,-0.0010209998460292506,0.0,0.0,0.0009960159659385681,0.0009960159659385681,0.9960158467292786,0.0009960159659385681,0.0009960159659385681
411,2.5903070243729713,5.180614048745943,-0.047625772182681096,0.0009960159659385681,4.875,-1.015625,1.015625,7.1262873749947175,-10474.539668718973,0.03151305019855499,2.4646220405896506,-0.0009440086044681569,0.0,0.0,0.0009960159659385681,0.0009960159659385681,0.9960158467292786,0.0009960159659385681,0.0009960159659385681
412,2.591045812831557,5.182091625663114,-0.021616147672416448,0.0009960159659385681,4.7109375,0.28125,-0.28125,6.9542567920289,-13889.428451841743,0.03151305019855499,2.509085307518641,-0.0010498303490749095,0.0,0.0,0.0009960159659385681,0.0009960159659385681,0.9960158467292786,0.0009960159659385681,0.0009960159659385681
413,2.5917778676202814,5.183555735240563,-0.025526694046161834,0.0009960159659385681,4.859375,0.2265625,-0.2265625,7.958994165994227,-14424.793991358718,0.03151305019855499,2.5133918821811676,-0.0014768320223386884,0.0,0.0,0.0009960159659385681,0.0009960159659385681,0.9960158467292786,0.0009960159659385681,0.0009960159659385681
414,2.5925929733014477,5.185185946602895,-0.028643636715883217,0.0009960159659385681,4.828125,-0.1015625,0.1015625,7.337280375009868,-15566.995703638564,0.03151305019855499,2.541042963663737,-0.0019324654737526241,0.0,0.0,0.0009960159659385681,0.0009960159659385681,0.9960158467292786,0.0009960159659385681,0.0009960159659385681
415,2.593364847598855,5.18672969519771,-0.0334332632640977,0.0009960159659385681,4.765625,0.3515625,-0.3515625,6.915722124977037,-13653.54452749784,0.03151305019855499,2.5708265602588654,-0.0019495451500309475,0.0,0.0,0.0009960159659385681,0.0009960159659385681,0.9960158467292786,0.0009960159659385681,0.0009960159659385681
416,2.5942119335060116,5.188423867012023,-0.015017154999814025,0.0009960159659385681,4.796875,0.46875,-0.46875,7.057768166996539,-17352.916835747634,0.03151305019855499,2.590095808108648,-0.0018493390319539078,0.0,0.0,0.0009960159659385681,0.0009960159659385681,0.9960158467292786,0.0009960159659385681,0.0009960159659385681
417,2.5950092853898887,5.1900185707797775,-0.025680069170058138,0.0009960159659385681,4.78125,-0.1875,0.1875,7.216348290967289,-16612.95402644039,0.03151305019855499,2.6580627461274466,-0.0018808245901406433,0.0,0.0,0.0009960159659385681,0.0009960159659385681,0.9960158467292786,0.0009960159659385681,0.0009960159659385681
418,2.5958244558259356,5.191648911651871,-0.022771662370366708,0.0009960159659385681,4.90625,0.2578125,-0.2578125,7.023463374993298,-18363.40548266271,0.03151305019855499,2.70562544465065,-0.0018694667485306127,0.0,0.0,0.0009960159659385681,0.0009960159659385681,0.9960158467292786,0.0009960159659385681,0.0009960159659385681
419,2.596703324353829,5.193406648707658,-0.028365418386828243,0.0009960159659385681,4.859375,0.3359375,-0.3359375,7.066036083037034,-13481.820903005324,0.03151305019855499,2.7331603268782296,-0.0019163906787677358,0.0,0.0,0.0009960159659385681,0.0009960159659385681,0.9960158467292786,0.0009960159659385681,0.0009960159659385681
420,2.5975869150435016,5.195173830087003,-0.0180886537252714,0.0009960159659385681,4.8515625,-0.046875,0.046875,7.059343832952436,-9454.049068014787,0.03151305019855499,2.7258417507012687,-0.0017778973803312208,0.0,0.0,0.0009960159659385681,0.0009960159659385681,0.9960158467292786,0.0009960159659385681,0.0009960159659385681
421,2.5985838221960273,5.197167644392055,-0.020167378009612394,0.0009960159659385681,4.71875,0.8671875,-0.8671875,7.350812249991577,-13213.051577991208,0.03151305019855499,2.6649996439615884,-0.0011996512087838103,0.0,0.0,0.0009960159659385681,0.0009960159659385681,0.9960158467292786,0.0009960159659385681,0.0009960159659385681
422,2.5995408721118993,5.199081744223799,-0.020651094984664144,0.0009960159659385681,4.9609375,0.46875,-0.46875,7.237803584022913,-16586.012165892593,0.03151305019855499,2.600334723790487,-0.0012995919326688938,0.0,0.0,0.0009960159659385681,0.0009960159659385681,0.9960158467292786,0.0009960159659385681,0.0009960159659385681
423,2.6004416671541453,5.2008833343082905,-0.022459101030086987,0.0009960159659385681,4.859375,0.625,-0.625,7.278160291025415,-15965.982556849047,0.03151305019855499,2.5955421328544617,-0.0008274080052312153,0.0,0.0,0.0009960159659385681,0.0009960159659385681,0.9960158467292786,0.0009960159659385681,0.0009960159659385681
424,2.601389412721929,5.202778825443858,-0.01660021801954651,0.0009960159659385681,4.8515625,0.140625,-0.140625,7.1941494579659775,-16672.425748324433,0.03151305019855499,2.5687201420466104,-0.0008588249365857337,0.0,0.0,0.0009960159659385681,0.0009960159659385681,0.9960158467292786,0.0009960159659385681,0.0009960159659385681
425,2.6023809074127624,5.204761814825525,-0.02588735572402409,0.0009960159659385681,4.890625,-0.0546875,0.0546875,7.120269750012085,-19050.585109844757,0.03151305019855499,2.6275190711021423,-0.0008453217960777692,0.0,0.0,0.0009960159659385681,0.0009960159659385681,0.9960158467292786,0.0009960159659385681,0.0009960159659385681
426,2.6032171871191494,5.206434374238299,-0.025138968580476224,0.0009960159659385681,4.6953125,-0.2265625,0.2265625,7.3577864590333775,-17756.759717055844,0.03151305019855499,2.585479885339737,-0.0012098599690943956,0.0,0.0,0.0009960159659385681,0.0009960159659385681,0.9960158467292786,0.0009960159659385681,0.0009960159659385681
427,2.60413641283647,5.20827282567294,-0.027299265635025344,0.0009960159659385681,4.796875,1.3671875,-1.3671875,7.151270292000845,-13676.703447273578,0.03151305019855499,2.576621264219284,-0.001201891809614608,0.0,0.0,0.0009960159659385681,0.0009960159659385681,0.9960158467292786,0.0009960159659385681,0.0009960159659385681
428,2.605060446345759,5.210120892691518,-0.023789238101973934,0.0009960159659385681,4.8046875,0.4453125,-0.4453125,7.031207958003506,-12273.771158035403,0.03151305019855499,2.5730684796969094,-0.0011483654816402122,0.0,0.0,0.0009960159659385681,0.0009960159659385681,0.9960158467292786,0.0009960159659385681,0.0009960159659385681
429,2.6059256291854904,5.211851258370981,-0.023453895351534762,0.0009960159659385681,4.859375,0.0703125,-0.0703125,6.908995958045125,-14835.292511305242,0.03151305019855499,2.5757609705130258,-0.0012739972880808637,0.0,0.0,0.0009960159659385681,0.0009960159659385681,0.9960158467292786,0.0009960159659385681,0.0009960159659385681
430,2.60669358891212,5.21338717782424,-0.031150913958105098,0.0009960159659385681,4.765625,0.546875,-0.546875,6.916202540975064,-16725.649396452358,0.03151305019855499,2.5449262261390686,-0.0008592420981585747,0.0,0.0,0.0009960159659385681,0.0009960159659385681,0.9960158467292786,0.0009960159659385681,0.0009960159659385681
431,2.6076211371061633,5.215242274212327,-0.018495099759315015,0.0009960159659385681,5.0390625,0.96875,-0.96875,7.375318083039019,-11533.623034052885,0.03151305019855499,2.5098305543263755,-0.0012250144767070499,0.0,0.0,0.0009960159659385681,0.0009960159659385681,0.9960158467292786,0.0009960159659385681,0.0009960159659385681
432,2.608444127662819,5.216888255325638,-0.030450824152156858,0.0009960159659385681,4.9375,1.4609375,-1.4609375,7.443982542026788,-11662.561045707027,0.03151305019855499,2.497236410776774,-0.0011048928142069296,0.0,0.0,0.0009960159659385681,0.0009960159659385681,0.9960158467292786,0.0009960159659385681,0.0009960159659385681
433,2.609158380229985,5.21831676045997,-0.026264600516880173,0.0009960159659385681,4.90625,-0.0078125,0.0078125,7.976983917003963,-18222.891553793743,0.03151305019855499,2.5712722837924957,-0.0015489346721248391,0.0,0.0,0.0009960159659385681,0.0009960159659385681,0.9960158467292786,0.0009960159659385681,0.0009960159659385681
434,2.6099137630884237,5.219827526176847,-0.03045180363214442,0.0009960159659385681,4.8828125,-0.953125,0.953125,7.339504916977603,-15368.701419042969,0.03151305019855499,2.6301743388175964,-0.0014708621711179148,0.0,0.0,0.0009960159659385681,0.0009960159659385681,0.9960158467292786,0.0009960159659385681,0.0009960159659385681
435,2.610654811485496,5.221309622970992,-0.033889464835847476,0.0009960159659385681,4.765625,-0.6484375,0.6484375,7.080105000000913,-14615.966890028656,0.03151305019855499,2.6993419329325357,-0.001331160815122227,0.0,0.0,0.0009960159659385681,0.0009960159659385681,0.9960158467292786,0.0009960159659385681,0.0009960159659385681
436,2.611371957356579,5.222743914713158,-0.02246781775181577,0.0009960159659385681,4.8125,0.1796875,-0.1796875,6.908874957996886,-21009.815086934475,0.03151305019855499,2.7032721241315207,-0.0012439581914804876,0.0,0.0,0.0009960159659385681,0.0009960159659385681,0.9960158467292786,0.0009960159659385681,0.0009960159659385681
437,2.61206695572044,5.22413391144088,-0.020580939571231513,0.0009960159659385681,4.765625,0.1953125,-0.1953125,7.115014957962558,-17693.20248187956,0.03151305019855499,2.6562667886416116,-0.0015963759481868085,0.0,0.0,0.0009960159659385681,0.0009960159659385681,0.9960158467292786,0.0009960159659385681,0.0009960159659385681
438,2.612704405624811,5.225408811249622,-0.010508997109777015,0.0009960159659385681,4.84375,-0.796875,0.796875,6.870124874985777,-20441.76869895689,0.03151305019855499,2.657674938440323,-0.0017189908309471018,0.0,0.0,0.0009960159659385681,0.0009960159659385681,0.9960158467292786,0.0009960159659385681,0.0009960159659385681
439,2.613564461649421,5.227128923298842,-0.01857295884668404,0.0009960159659385681,4.7265625,0.0859375,-0.0859375,6.769403833022807,-15137.368154024487,0.03151305019855499,2.662362734476725,-0.0016201377839024644,0.0,0.0,0.0009960159659385681,0.0009960159659385681,0.9960158467292786,0.0009960159659385681,0.0009960159659385681
440,2.614441735533491,5.228883471066982,-0.0312661846601268,0.0009960159659385681,4.96875,0.40625,-0.40625,7.10681804199703,-20684.877221929204,0.03151305019855499,2.6630564530690513,-0.001811694370796128,0.0,0.0,0.0009960159659385681,0.0009960159659385681,0.9960158467292786,0.0009960159659385681,0.0009960159659385681
441,2.6151708336627615,5.230341667325523,-0.01696282335846279,0.0009960159659385681,4.734375,-0.0078125,0.0078125,6.813566291995812,-18074.46329604045,0.03151305019855499,2.6744667689005532,-0.001705441201920621,0.0,0.0,0.0009960159659385681,0.0009960159659385681,0.9960158467292786,0.0009960159659385681,0.0009960159659385681
442,2.615803838834606,5.231607677669212,-0.013006175051528757,0.0009960159659385681,4.71875,0.4609375,-0.4609375,6.760291374986991,-18567.806014964124,0.03151305019855499,2.6576229433218637,-0.0017437768207552533,0.0,0.0,0.0009960159659385681,0.0009960159659385681,0.9960158467292786,0.0009960159659385681,0.0009960159659385681
443,2.616438580815106,5.232877161630212,-0.015310734162024187,0.0009960159659385681,4.890625,0.2265625,-0.2265625,7.00329108297592,-18859.700333226603,0.03151305019855499,2.611997276544571,-0.001390864313483083,0.0,0.0,0.0009960159659385681,0.0009960159659385681,0.9960158467292786,0.0009960159659385681,0.0009960159659385681
444,2.6171449265765885,5.234289853153177,-0.0255124195109334,0.0009960159659385681,5.0390625,0.4765625,-0.4765625,7.310843333019875,-13798.120947691452,0.03151305019855499,2.6046366492907205,-0.0013275414530653507,0.0,0.0,0.0009960159659385681,0.0009960159659385681,0.9960158467292786,0.0009960159659385681,0.0009960159659385681
445,2.617839515700051,5.235679031400102,-0.03369384203441916,0.0009960159659385681,4.8359375,0.53125,-0.53125,6.874351542035583,-15841.026596808857,0.03151305019855499,2.603095610936483,-0.0013487089793973912,0.0,0.0,0.0009960159659385681,0.0009960159659385681,0.9960158467292786,0.0009960159659385681,0.0009960159659385681
446,2.618559961047934,5.237119922095868,-0.014454844664691477,0.0009960159659385681,4.9140625,0.046875,-0.046875,6.953488832979929,-16712.314360407843,0.03151305019855499,2.616450399160385,-0.0015301954287375945,0.0,0.0,0.0009960159659385681,0.0009960159659385681,0.9960158467292786,0.0009960159659385681,0.0009960159659385681
447,2.619301147884509,5.238602295769018,-0.03145496310397165,0.0009960159659385681,4.9609375,0.671875,-0.671875,7.042749167012516,-16456.876175046906,0.03151305019855499,2.620469480752945,-0.0014354358766771231,0.0,0.0,0.0009960159659385681,0.0009960159659385681,0.9960158467292786,0.0009960159659385681,0.0009960159659385681
448,2.6200075359743087,5.240015071948617,-0.029864136833469994,0.0009960159659385681,4.7734375,-0.3984375,0.3984375,6.749001250020228,-12316.1389050273,0.03151305019855499,2.60594375928243,-0.0014151197271227527,0.0,0.0,0.0009960159659385681,0.0009960159659385681,0.9960158467292786,0.0009960159659385681,0.0009960159659385681
449,2.6205436613785773,5.241087322757155,-0.02878806082677635,0.0009960159659385681,5.0078125,0.421875,-0.421875,7.064872417016886,-17313.61436022016,0.03151305019855499,2.613177180290222,-0.0013007258615592339,0.0,0.0,0.0009960159659385681,0.0009960159659385681,0.9960158467292786,0.0009960159659385681,0.0009960159659385681
450,2.6211166841070455,5.242233368214091,-0.020431489575089515,0.0009960159659385681,5.0078125,0.7421875,-0.7421875,7.1794558329856955,-18367.386509649838,0.03151305019855499,2.658693720897039,-0.0010348361853781778,0.0,0.0,0.0009960159659385681,0.0009960159659385681,0.9960158467292786,0.0009960159659385681,0.0009960159659385681
451,2.6217390906197515,5.243478181239503,-0.012635462147784009,0.0009960159659385681,4.984375,1.3984375,-1.3984375,7.078445874969475,-17118.941053528022,0.03151305019855499,2.6703512370586395,-0.001108298890661293,0.0,0.0,0.0009960159659385681,0.0009960159659385681,0.9960158467292786,0.0009960159659385681,0.0009960159659385681
452,2.6223273141217107,5.244654628243421,-0.01442678988562804,0.0009960159659385681,5.0078125,0.3828125,-0.3828125,7.062881708960049,-15685.060090920482,0.03151305019855499,2.6508653859297433,-0.001437289937409029,0.0,0.0,0.0009960159659385681,0.0009960159659385681,0.9960158467292786,0.0009960159659385681,0.0009960159659385681
453,2.622891096386671,5.245782192773342,-0.010280254375610818,0.0009960159659385681,4.9765625,-0.015625,0.015625,7.125842083012685,-18244.30149058008,0.03151305019855499,2.6505183378855386,-0.001126344475778751,0.0,0.0,0.0009960159659385681,0.0009960159659385681,0.9960158467292786,0.0009960159659385681,0.0009960159659385681
454,2.623517644066924,5.247035288133848,-0.017452979030517863,0.0009960159659385681,4.9609375,0.3359375,-0.3359375,7.140272542019375,-15539.41927105761,0.03151305019855499,2.688265045483907,-0.001207580710494464,0.0,0.0,0.0009960159659385681,0.0009960159659385681,0.9960158467292786,0.0009960159659385681,0.0009960159659385681
455,2.624001196726166,5.248002393452332,-0.01957159147178359,0.0009960159659385681,4.9375,-0.421875,0.421875,6.99539154098602,-17707.096194351776,0.03151305019855499,2.6693058212598166,-0.0013507907830595893,0.0,0.0,0.0009960159659385681,0.0009960159659385681,0.9960158467292786,0.0009960159659385681,0.0009960159659385681
456,2.624467579398206,5.248935158796412,-0.01606750093713451,0.0009960159659385681,4.921875,-0.15625,0.15625,6.975695957953576,-20336.302057030087,0.03151305019855499,2.700331817070643,-0.001310658816692012,0.0,0.0,0.0009960159659385681,0.0009960159659385681,0.9960158467292786,0.0009960159659385681,0.0009960159659385681
457,2.6249816891413995,5.249963378282799,-0.01256994826843706,0.0009960159659385681,4.9609375,0.484375,-0.484375,7.087053207971621,-24674.300402063083,0.03151305019855499,2.7032362818717957,-0.0012903112680457223,0.0,0.0,0.0009960159659385681,0.0009960159659385681,0.9960158467292786,0.0009960159659385681,0.0009960159659385681
458,2.625584561411805,5.25116912282361,-0.024838955405774035,0.0009960159659385681,4.6796875,-0.0625,0.0625,6.70160195796052,-18709.899123916242,0.03151305019855499,2.647901693979899,-0.0013865526270819828,0.0,0.0,0.0009960159659385681,0.0009960159659385681,0.9960158467292786,0.0009960159659385681,0.0009960159659385681
459,2.6261073188564232,5.2522146377128465,-0.012682833305995673,0.0009960159659385681,4.828125,0.3515625,-0.3515625,6.831802250002511,-18493.59048540924,0.03151305019855499,2.7015228867530823,-0.0013363292600843124,0.0,0.0,0.0009960159659385681,0.0009960159659385681,0.9960158467292786,0.0009960159659385681,0.0009960159659385681
460,2.6266550993621074,5.253310198724215,-0.014363465179984776,0.0009960159659385681,5.03125,0.5859375,-0.5859375,7.185468041978311,-24380.053045474226,0.03151305019855499,2.78071728348732,-0.0010717105275640886,0.0,0.0,0.0009960159659385681,0.0009960159659385681,0.9960158467292786,0.0009960159659385681,0.0009960159659385681
461,2.627210742436976,5.254421484873952,-0.012999126516633654,0.0009960159659385681,4.96875,0.1875,-0.1875,7.0519874159945175,-19896.750625562367,0.03151305019855499,2.7974199255307517,-0.00156093981710607,0.0,0.0,0.0009960159659385681,0.0009960159659385681,0.9960158467292786,0.0009960159659385681,0.0009960159659385681
462,2.627788959248076,5.255577918496152,-0.015981175056820514,0.0009960159659385681,4.8203125,0.265625,-0.265625,6.905863417021465,-22700.46176998194,0.03151305019855499,2.8001046975453696,-0.001559607919868237,0.0,0.0,0.0009960159659385681,0.0009960159659385681,0.9960158467292786,0.0009960159659385681,0.0009960159659385681
463,2.6283157391325656,5.256631478265131,-0.01665783360101521,0.0009960159659385681,4.859375,-0.328125,0.328125,6.948922083014622,-22971.59243342654,0.03151305019855499,2.827829658985138,-0.0015165418978237237,0.0,0.0,0.0009960159659385681,0.0009960159659385681,0.9960158467292786,0.0009960159659385681,0.0009960159659385681
464,2.628790393325257,5.257580786650514,-0.026957668652218447,0.0009960159659385681,4.8046875,-0.4296875,0.4296875,6.91246866597794,-18777.692054860185,0.03151305019855499,2.8092116316159568,-0.0014220075875831146,0.0,0.0,0.0009960159659385681,0.0009960159659385681,0.9960158467292786,0.0009960159659385681,0.0009960159659385681
465,2.6292751973921256,5.258550394784251,-0.015454542767744583,0.0009960159659385681,4.796875,-0.3671875,0.3671875,6.8009959170012735,-21965.831512152956,0.03151305019855499,2.82876322666804,-0.0013167394572519697,0.0,0.0,0.0009960159659385681,0.0009960159659385681,0.9960158467292786,0.0009960159659385681,0.0009960159659385681
466,2.62984643539103,5.25969287078206,-0.02086917794923603,0.0009960159659385681,4.9453125,-0.28125,0.28125,7.017175416985992,-15802.707423784157,0.03151305019855499,2.8429993391036987,-0.001673210645094514,0.0,0.0,0.0009960159659385681,0.0009960159659385681,0.9960158467292786,0.0009960159659385681,0.0009960159659385681
467,2.630342988664667,5.260685977329334,-0.011309234810806437,0.0009960159659385681,4.875,-0.625,0.625,7.018855292000808,-20726.805108094828,0.03151305019855499,2.8684197664260864,-0.0014683728040836286,0.0,0.0,0.0009960159659385681,0.0009960159659385681,0.9960158467292786,0.0009960159659385681,0.0009960159659385681
468,2.6309252025670187,5.261850405134037,-0.012390338434906226,0.0009960159659385681,4.6484375,-0.0390625,0.0390625,6.772099958034232,-21857.386030078535,0.03151305019855499,2.827112058798472,-0.0013194341778823098,0.0,0.0,0.0009960159659385681,0.0009960159659385681,0.9960158467292786,0.0009960159659385681,0.0009960159659385681
469,2.6314170373637915,5.262834074727583,-0.022854649618015376,0.0009960159659385681,4.9921875,-0.2578125,0.2578125,7.095391625014599,-20027.231889512805,0.03151305019855499,2.798155923684438,-0.0014441102515168798,0.0,0.0,0.0009960159659385681,0.0009960159659385681,0.9960158467292786,0.0009960159659385681,0.0009960159659385681
470,2.6318738608440038,5.2637477216880075,-0.013735523060295915,0.0009960159659385681,5,-0.1171875,0.1171875,7.215464584005531,-25896.771679639816,0.03151305019855499,2.846975882848104,-0.0020000485431713364,0.0,0.0,0.0009960159659385681,0.0009960159659385681,0.9960158467292786,0.0009960159659385681,0.0009960159659385681
471,2.632354524252203,5.264709048504406,-0.016176641802121246,0.0009960159659385681,4.84375,0.9140625,-0.9140625,6.914047291968018,-27374.29155987155,0.03151305019855499,2.903450687726339,-0.0016777999292874786,0.0,0.0,0.0009960159659385681,0.0009960159659385681,0.9960158467292786,0.0009960159659385681,0.0009960159659385681
472,2.6328284245851625,5.265656849170325,-0.008850933535699889,0.0009960159659385681,4.9140625,-0.359375,0.359375,6.950885707978159,-24059.896087064273,0.03151305019855499,2.962944487730662,-0.0017988134871605628,0.0,0.0,0.0009960159659385681,0.0009960159659385681,0.9960158467292786,0.0009960159659385681,0.0009960159659385681
473,2.6332405060184465,5.266481012036893,-0.02191719885549913,0.0009960159659385681,4.875,-0.6953125,0.6953125,6.993536999973003,-17746.582612795708,0.03151305019855499,2.9694194396336875,-0.0019939219225004003,0.0,0.0,0.0009960159659385681,0.0009960159659385681,0.9960158467292786,0.0009960159659385681,0.0009960159659385681
474,2.6336442090834264,5.267288418166853,-0.027048928843939238,0.0009960159659385681,4.7421875,-0.5546875,0.5546875,6.794993499992415,-26707.423605251155,0.03151305019855499,3.002876957257589,-0.0021590556777179395,0.0,0.0,0.0009960159659385681,0.0009960159659385681,0.9960158467292786,0.0009960159659385681,0.0009960159659385681
475,2.634000969687851,5.268001939375702,-0.008948963744092726,0.0009960159659385681,4.8984375,-0.3984375,0.3984375,7.04427645902615,-20581.768160051895,0.03151305019855499,3.031935920317968,-0.0016697672253940254,0.0,0.0,0.0009960159659385681,0.0009960159659385681,0.9960158467292786,0.0009960159659385681,0.0009960159659385681
476,2.6343690799832835,5.268738159966567,-0.009966050408798112,0.0009960159659385681,4.9921875,-0.7109375,0.7109375,7.061568834003992,-23026.173006681584,0.03151305019855499,2.9882629116376243,-0.001827171101467684,0.0,0.0,0.0009960159659385681,0.0009960159659385681,0.9960158467292786,0.0009960159659385681,0.0009960159659385681
477,2.6347541561010743,5.269508312202149,-0.01595770636940434,0.0009960159659385681,4.9921875,-0.3046875,0.3046875,7.110168291023001,-23986.89550002789,0.03151305019855499,2.9805930157502494,-0.0017013357700079723,0.0,0.0,0.0009960159659385681,0.0009960159659385681,0.9960158467292786,0.0009960159659385681,0.0009960159659385681
478,2.635219497270569,5.270438994541138,-0.01638117430745248,0.0009960159659385681,4.9453125,0.2265625,-0.2265625,7.003498833975755,-26066.345762087083,0.03151305019855499,3.0295507510503135,-0.001893457914169024,0.0,0.0,0.0009960159659385681,0.0009960159659385681,0.9960158467292786,0.0009960159659385681,0.0009960159659385681
479,2.6356475544730698,5.2712951089461395,-0.007174893896568543,0.0009960159659385681,4.9296875,-0.0390625,0.0390625,6.928004541958217,-20926.504209055955,0.03151305019855499,3.0296024878819785,-0.0021244103093825593,0.0,0.0,0.0009960159659385681,0.0009960159659385681,0.9960158467292786,0.0009960159659385681,0.0009960159659385681
480,2.6361573255911916,5.272314651182383,-0.012223621905371091,0.0009960159659385681,4.7890625,0.203125,-0.203125,6.855527375009842,-24811.03308394216,0.03151305019855499,3.0080191691716514,-0.0019181210397315833,0.0,0.0,0.0009960159659385681,0.0009960159659385681,0.9960158467292786,0.0009960159659385681,0.0009960159659385681
481,2.636654838902272,5.273309677804544,-0.010391363759085932,0.0009960159659385681,4.9375,-0.03125,0.03125,7.0058109169476666,-22089.701960503302,0.03151305019855499,3.0280150771141052,-0.0017616815069535126,0.0,0.0,0.0009960159659385681,0.0009960159659385681,0.9960158467292786,0.0009960159659385681,0.0009960159659385681
482,2.637215979627746,5.274431959255492,-0.006353282719363746,0.0009960159659385681,4.734375,-0.15625,0.15625,6.760945542016998,-24575.949035342375,0.03151305019855499,3.0502950151761374,-0.0019892065514189503,0.0,0.0,0.0009960159659385681,0.0009960159659385681,0.9960158467292786,0.0009960159659385681,0.0009960159659385681
483,2.637842066056206,5.275684132112412,-0.011958351557211122,0.0009960159659385681,4.828125,-0.765625,0.765625,6.920782541972585,-28489.259203074434,0.03151305019855499,3.127436558405558,-0.0019906086369398204,0.0,0.0,0.0009960159659385681,0.0009960159659385681,0.9960158467292786,0.0009960159659385681,0.0009960159659385681
484,2.6384353146423836,5.276870629284767,-0.009260901603473549,0.0009960159659385681,4.90625,-0.5859375,0.5859375,6.980411084019579,-28643.99557062623,0.03151305019855499,3.0807688236236572,-0.0016215032859084506,0.0,0.0,0.0009960159659385681,0.0009960159659385681,0.9960158467292786,0.0009960159659385681,0.0009960159659385681
485,2.6389781092494298,5.2779562184988595,-0.009062082613986184,0.0009960159659385681,4.7890625,-0.703125,0.703125,6.882315082999412,-23482.35080797404,0.03151305019855499,3.0384817918141684,-0.0020574317362237102,0.0,0.0,0.0009960159659385681,0.0009960159659385681,0.9960158467292786,0.0009960159659385681,0.0009960159659385681
486,2.6395207065556203,5.279041413111241,-0.012425508108681784,0.0009960159659385681,4.7578125,-0.1953125,0.1953125,6.810881500015967,-24376.953160979672,0.03151305019855499,3.0449834068616233,-0.002019861431714768,0.0,0.0,0.0009960159659385681,0.0009960159659385681,0.9960158467292786,0.0009960159659385681,0.0009960159659385681
487,2.640010706293772,5.280021412587544,-0.009764322862067337,0.0009960159659385681,5.1328125,0.59375,-0.59375,7.330243166012224,-21884.00536705261,0.03151305019855499,3.038683076699575,-0.0019280989090475487,0.0,0.0,0.0009960159659385681,0.0009960159659385681,0.9960158467292786,0.0009960159659385681,0.0009960159659385681
488,2.6404269429790155,5.280853885958031,-0.011574774215848349,0.0009960159659385681,4.8515625,-0.0703125,0.0703125,6.959634041995741,-30607.903647749896,0.03151305019855499,3.1066013177235923,-0.0021857047986486577,0.0,0.0,0.0009960159659385681,0.0009960159659385681,0.9960158467292786,0.0009960159659385681,0.0009960159659385681
489,2.6408634306981984,5.281726861396397,-0.006679491294718103,0.0009960159659385681,4.890625,0.15625,-0.15625,6.893966750008985,-25126.882886502688,0.03151305019855499,3.1359094182650247,-0.002319338910941345,0.0,0.0,0.0009960159659385681,0.0009960159659385681,0.9960158467292786,0.0009960159659385681,0.0009960159659385681
490,2.641299784622113,5.282599569244226,-0.01668903272666985,0.0009960159659385681,4.859375,0.1484375,-0.1484375,6.922287583001889,-26830.66798508819,0.03151305019855499,3.160009821256002,-0.0022011338005540892,0.0,0.0,0.0009960159659385681,0.0009960159659385681,0.9960158467292786,0.0009960159659385681,0.0009960159659385681
491,2.641840847292097,5.283681694584194,-0.011771769682307602,0.0009960159659385681,4.8671875,0.8515625,-0.8515625,6.9092466669972055,-35861.13245985787,0.03151305019855499,3.197759668032328,-0.00236014685894285,0.0,0.0,0.0009960159659385681,0.0009960159659385681,0.9960158467292786,0.0009960159659385681,0.0009960159659385681
492,2.6424745425997624,5.284949085199525,-0.010334365317526965,0.0009960159659385681,4.8984375,-0.7421875,0.7421875,6.9156803749501705,-35467.12764587889,0.03151305019855499,3.1882619063059487,-0.002340600606354807,0.0,0.0,0.0009960159659385681,0.0009960159659385681,0.9960158467292786,0.0009960159659385681,0.0009960159659385681
493,2.642979294584876,5.285958589169752,-0.00016477204055325532,0.0009960159659385681,5.015625,0.1171875,-0.1171875,7.200798165984452,-32353.582643930786,0.03151305019855499,3.190030515193939,-0.0021586730629981807,0.0,0.0,0.0009960159659385681,0.0009960159659385681,0.9960158467292786,0.0009960159659385681,0.0009960159659385681
494,2.643485565271998,5.286971130543996,-0.01168352031715849,0.0009960159659385681,4.8671875,-0.1171875,0.1171875,6.894568292016629,-24058.72264047687,0.03151305019855499,3.2433923880259194,-0.0020596086057291054,0.0,0.0,0.0009960159659385681,0.0009960159659385681,0.9960158467292786,0.0009960159659385681,0.0009960159659385681
495,2.6439436414322213,5.2878872828644425,-0.006311817772850884,0.0009960159659385681,4.890625,-0.2578125,0.2578125,6.89413633296499,-27343.967826233886,0.03151305019855499,3.242338478565216,-0.0024805043097633948,0.0,0.0,0.0009960159659385681,0.0009960159659385681,0.9960158467292786,0.0009960159659385681,0.0009960159659385681
496,2.6443419049725794,5.288683809945159,-0.011156007853834223,0.0009960159659385681,4.859375,0.0078125,-0.0078125,6.973048583022319,-28419.67087047123,0.03151305019855499,3.2381353974342346,-0.0022111540019977838,0.0,0.0,0.0009960159659385681,0.0009960159659385681,0.9960158467292786,0.0009960159659385681,0.0009960159659385681
497,2.6447973133767357,5.2895946267534715,-0.015089538937073849,0.0009960159659385681,4.8515625,-0.015625,0.015625,6.85716270795092,-31270.645497787402,0.03151305019855499,3.2300565441449485,-0.0021419114212524923,0.0,0.0,0.0009960159659385681,0.0009960159659385681,0.9960158467292786,0.0009960159659385681,0.0009960159659385681
498,2.6452509698171927,5.290501939634385,-0.0036468788625959813,0.0009960159659385681,4.9140625,0.203125,-0.203125,6.906471292022616,-30811.441545349993,0.03151305019855499,3.2217384775479636,-0.0020283384947106242,0.0,0.0,0.0009960159659385681,0.0009960159659385681,0.9960158467292786,0.0009960159659385681,0.0009960159659385681
499,2.645829381323953,5.291658762647906,-0.008693064664879433,0.0009960159659385681,4.7890625,0.6171875,-0.6171875,6.840713083045557,-31034.72367338644,0.03151305019855499,3.226344565550486,-0.0024894350596393147,0.0,0.0,0.0009960159659385681,0.0009960159659385681,0.9960158467292786,0.0009960159659385681,0.0009960159659385681
500,2.6463703725270333,5.292740745054067,-0.01506394388595469,0.0009960159659385681,4.9765625,-0.15625,0.15625,7.293415708001703,-34685.82990603844,0.03151305019855499,3.233315626780192,-0.0027730007083543264,0.0,0.0,0.0009960159659385681,0.0009960159659385681,0.9960158467292786,0.0009960159659385681,0.0009960159659385681
