iteration,exploitability,nash_conv,actor_loss,average_lambda,mean_episode_length,mean_return_player0,mean_return_player1,wall_time_sec,scheduler_loss,gate_entropy,gate_regret_norm,gate_avg_utility,handoff_frozen_clusters,handoff_missing_clusters,gate_prob_actor,gate_prob_regret,gate_prob_ra,gate_prob_explore,gate_prob_cfr
1,2.3736110412500016,4.747222082500003,0.0,0.1775271440109679,4.09375,-0.6796875,0.6796875,5.838573458022438,0.00033478011126496265,1.6061136965988247,0.0,0.0,0.0,0.0,0.18700231773821452,0.1775271440109679,0.22004741845467618,0.20340808472446814,0.21201504462661633
2,2.3681612190181003,4.736322438036201,-2.4318212079554236e-05,0.1815981797484872,4.0390625,0.234375,-0.234375,5.7852702920208685,0.00022161805146482793,1.6072380681102465,8.508638585369432e-10,1.9394741527488843e-12,0.0,0.0,0.18950302178324768,0.1815981797484872,0.21374281488603963,0.20491854993471556,0.21023744154483714
3,2.415330965822941,4.830661931645882,-1.8997644283456018e-05,0.18552568124162444,4.3515625,-0.4375,0.4375,6.106407749990467,-0.4836914385944819,1.6081010375031448,0.011726248955407451,4.079151729285968e-06,0.0,0.0,0.19262933648146247,0.18552568124162444,0.20904658587659497,0.205100728001586,0.2076976802501045
4,2.4804133172729546,4.960826634545909,1.503943037056117e-05,0.18381621550429952,4.296875,0.359375,-0.359375,6.099013291997835,-0.9476828072524883,1.6079727313735268,0.02676583155213545,9.532122817290656e-06,0.0,0.0,0.19417575657367706,0.18381621550429952,0.20947643331506036,0.20483104201880367,0.207700558738275
5,2.439024596431011,4.878049192862022,5.076545256732252e-05,0.18071274843908125,4.359375,-0.625,0.625,6.120622083952185,-1.1478122437946952,1.6075583484865004,0.04199737341453632,1.3273825004489481e-05,0.0,0.0,0.19571056110136825,0.18071274843908125,0.2131113026785167,0.20272202087452762,0.2077433713661727
6,2.43192529735666,4.86385059471332,-0.00014420885606319594,0.17790823317182086,4.2890625,-0.0546875,0.0546875,6.037270165979862,-1.375193244450215,1.607135795938947,0.06014438974671066,2.0759518179147562e-05,0.0,0.0,0.19800511797812032,0.17790823317182086,0.2161671847159311,0.2014791189755681,0.20644034841564401
7,2.409407585961966,4.818815171923932,-0.00017567395830844342,0.17480898953296922,4.125,-0.0703125,0.0703125,5.804306915961206,-1.922589665109461,1.606512037190524,0.08295062727605303,3.140625957106143e-05,0.0,0.0,0.20073193675753745,0.17480898953296922,0.21961486475034195,0.2011134552233147,0.20373076000109766
8,2.3903100208926014,4.780620041785203,2.3482774657602323e-05,0.17182610900356218,4.0625,-0.5390625,0.5390625,5.735064500011504,-1.083409082868065,1.6058236775489954,0.10418859807153542,4.277025421591437e-05,0.0,0.0,0.20418871328807794,0.17182610900356218,0.22234629269402761,0.20104345493018627,0.20059543429658963
9,2.42153660010818,4.84307320021636,-0.00023993207032052725,0.16832708465016408,4.4921875,-0.25,0.25,6.475810666976031,-1.461036445155092,1.604668813581052,0.12133278697729111,5.184429104095519e-05,0.0,0.0,0.20792688351610433,0.16832708465016408,0.22620847074881845,0.20035532458968786,0.19718224649843963
10,2.454857423171288,4.909714846342576,-0.00025328094495555975,0.1650046696138643,4.28125,-0.3828125,0.3828125,6.046600083005615,-0.9138790849310747,1.6033943608729508,0.13632804714143276,6.148622196633369e-05,0.0,0.0,0.21114833117292744,0.1650046696138643,0.22961554107983617,0.2001352263682515,0.19409624014022578
11,2.4446183065982434,4.889236613196487,-9.597765705410562e-05,0.16059525242764436,4.265625,-0.640625,0.640625,6.013451458013151,-1.4484952090226195,1.601436165007916,0.1569384578615427,7.614368496433599e-05,0.0,0.0,0.21427653587999798,0.16059525242764436,0.23448589201266076,0.19961918693977398,0.19102314038154405
12,2.423853827968229,4.847707655936458,-0.0001249693319120452,0.15681989756775083,4.1171875,-0.4375,0.4375,5.820264749985654,-1.2764285437062919,1.5994057200665266,0.17666483608384928,9.056068059483853e-05,0.0,0.0,0.21770702067769682,0.15681989756775083,0.2384537114024841,0.19961336648102276,0.1874060111661111
13,2.401233524948762,4.802467049897524,-0.000230395946740325,0.1524519912871836,4.359375,-0.1875,0.1875,6.125639666977804,-1.240727263699723,1.5965223406378086,0.19987257507940134,0.00011260335183275554,0.0,0.0,0.2212618502077236,0.1524519912871836,0.24370163769918532,0.19979252289700253,0.18279200562653147
14,2.401185660318075,4.80237132063615,-0.00012972608688637587,0.14737357523015868,4.421875,-0.4296875,0.4296875,6.2228384999907576,-0.9834390314815848,1.5930626183853553,0.22384436738987765,0.0001360955593554536,0.0,0.0,0.22618988814497162,0.14737357523015868,0.24841809709796636,0.19974662121319517,0.17827182826536705
15,2.4041960812979566,4.808392162595913,0.00014817144591540256,0.1428702861449247,4.3046875,0.546875,-0.546875,6.064331165980548,-1.021365584856315,1.5891720725057779,0.2375843164821466,0.00015065560061581587,0.0,0.0,0.23027191488258203,0.1428702861449247,0.2533656400636839,0.20021649481164133,0.17327567172353367
16,2.3947299292479487,4.789459858495897,-0.0004498167767358733,0.13834989520521182,4.0390625,0.09375,-0.09375,5.734562583966181,-1.460680720578281,1.585298446437607,0.26063255717357,0.00017921985151284994,0.0,0.0,0.23369931422418966,0.13834989520521182,0.2580240652743345,0.200548181364338,0.16937855485560124
17,2.3941487089951137,4.788297417990227,-0.000282080177676526,0.13237503655466104,4.1328125,-0.5546875,0.5546875,5.841433625028003,-0.9351763116980996,1.5790645668321837,0.28496449316541356,0.00021924819642057022,0.0,0.0,0.23874488641949818,0.13237503655466104,0.26513340567821364,0.19971247180761145,0.16403421373696317
18,2.3837820708659345,4.767564141731869,-0.00040310373349506924,0.12638350625364286,4.140625,-0.359375,0.359375,5.9894567909650505,-0.6617407482117414,1.5723223926886072,0.30075012147426605,0.0002585530298044129,0.0,0.0,0.24388354825523664,0.12638350625364286,0.27156279171412845,0.19954148362267693,0.15862868096468583
19,2.392459744328094,4.784919488656188,-0.00032138863593876837,0.11973784527292958,4.21875,0.2265625,-0.2265625,5.973187208990566,-0.9116510786633525,1.563311642629129,0.31353213513890904,0.00027574576718810323,0.0,0.0,0.2495862063434389,0.11973784527292958,0.27993870079517363,0.1986058168941074,0.15213144269806367
20,2.3773384825668717,4.7546769651337435,-0.0005363521308151195,0.11365240545022444,4.203125,-0.4921875,0.4921875,5.945459041045979,-0.8336777569393742,1.5539790591342741,0.33441729967792827,0.00029132236522855237,0.0,0.0,0.254567336692686,0.11365240545022444,0.28785973687597366,0.1981051041568079,0.14581542716925916
21,2.3916671596335703,4.783334319267141,-1.475656363490579e-06,0.10657040656959943,4.1484375,-0.4921875,0.4921875,5.945548458024859,-0.7318786171610465,1.541875846866385,0.3550434187054634,0.00031445726805638213,0.0,0.0,0.2612656693898576,0.10657040656959943,0.2965419212752592,0.19738868378425498,0.1382333329561291
22,2.408470634140677,4.816941268281354,-0.0004159640651193306,0.09980847935775201,4.34375,-0.796875,0.796875,6.154389542003628,-0.9422069232569164,1.5282312863164669,0.3714447778960069,0.00034483763799168327,0.0,0.0,0.26721981843169645,0.09980847935775201,0.3064897585151007,0.19601587726057862,0.13046607858896683
23,2.411382300466429,4.822764600932858,9.867405221795706e-06,0.09227006861101125,4.09375,-0.0234375,0.0234375,5.754623958026059,-1.4659127741518878,1.5116988779934308,0.3955242869754632,0.00038159518953762017,0.0,0.0,0.2747306702018694,0.09227006861101125,0.31602677623279224,0.1952258721278369,0.12174662484126236
24,2.3972700201986337,4.794540040397267,0.0003288713743579216,0.08557624195589486,4.125,-0.1953125,0.1953125,5.877317417005543,-2.208031161088553,1.4943957895492062,0.40719716995954514,0.0004338133633912851,0.0,0.0,0.28075687113133346,0.08557624195589486,0.3262932300003189,0.1942479315242081,0.11312573760127027
25,2.3986040120386622,4.7972080240773245,-0.00013535666995491476,0.07810348892303863,4.3046875,0.328125,-0.328125,6.020098083012272,-1.7647965573308526,1.473304775579006,0.41455646728475887,0.0005141751632133188,0.0,0.0,0.2869544295888198,0.07810348892303863,0.3386340904473826,0.19257172879960704,0.10373627702737677
26,2.383371701307361,4.766743402614722,-6.473595573066371e-05,0.07036690789287149,4.1484375,0.296875,-0.296875,5.915412208996713,-1.3979901484513686,1.448660406689186,0.432369627058506,0.0005782995067420416,0.0,0.0,0.29491881114165885,0.07036690789287149,0.3504782105794285,0.19010955704246313,0.09412652291287361
27,2.37579904327162,4.75159808654324,-7.622625215736432e-05,0.06153333664105387,4.234375,-0.4375,0.4375,5.975138167035766,-1.959370635011718,1.417539750298011,0.43953490008910495,0.0006152971958120664,0.0,0.0,0.30331549416828857,0.06153333664105387,0.3647276616184474,0.18729354218473293,0.08312997547050464
28,2.374928589087821,4.749857178175642,0.00039004844892204823,0.05405184075793373,4.1796875,0.5703125,-0.5703125,5.901814624958206,-2.4201680863693915,1.3869705833007242,0.4562341074148814,0.0006347145075172497,0.0,0.0,0.3100123060083835,0.05405184075793373,0.3782746606341032,0.18434212132592068,0.07331908212922444
29,2.3728230301304523,4.7456460602609045,-0.00013763638476631387,0.04770965727638136,4.03125,0.1796875,-0.1796875,5.828871125006117,-1.6047547348475357,1.3577629256156063,0.48985903958479565,0.0006851480308493288,0.0,0.0,0.315295200766057,0.04770965727638136,0.39149389225383135,0.18081852600209472,0.06468273597487877
30,2.3724466973502825,4.744893394700565,0.00021075159741021254,0.03923519766011817,4.0703125,0.15625,-0.15625,5.724376625032164,-2.401027202280864,1.3142218161910602,0.5084760934114456,0.0007286873527239853,0.0,0.0,0.32452010685102495,0.03923519766011817,0.4076129103690786,0.17479005827784766,0.05384173637502711
31,2.3696325837438126,4.739265167487625,0.001010290103233018,0.03351522564264758,4.109375,0.1640625,-0.1640625,5.852624458959326,-1.6342247436566724,1.2806505354638336,0.5347977379957835,0.0007381962350336835,0.0,0.0,0.3288817096345778,0.03351522564264758,0.4212315240060422,0.1706346004011513,0.045736948226511254
32,2.37018848157588,4.74037696315176,0.00041964857197997814,0.026796855933837495,4.1328125,0.3515625,-0.3515625,5.812198875006288,-1.393148314908485,1.2377168805477525,0.5390712755421797,0.0007544331383542158,0.0,0.0,0.33582626370491286,0.026796855933837495,0.4359308484033285,0.16458106532495728,0.03686497767327357
33,2.371529897295298,4.743059794590596,-8.935567216923022e-05,0.021048875819606176,4.28125,-0.109375,0.109375,6.014370749995578,-1.833079819028762,1.1928007876786002,0.5466398783028126,0.0007661212512175553,0.0,0.0,0.34156303009847655,0.021048875819606176,0.4522833130220427,0.15614052893199626,0.02896426060155415
34,2.368955051173722,4.737910102347444,-0.0001836531918025003,0.016713593961642667,4.109375,0.1640625,-0.1640625,5.808617207978386,-1.7882483362383121,1.1546377228013462,0.5527916513383389,0.0008746382421425855,0.0,0.0,0.3455548171988005,0.016713593961642667,0.4659049618040201,0.14896943092969434,0.02285720267821769
35,2.3695267239119744,4.739053447823949,-0.0001341826165311811,0.013013409922211694,4.0078125,-0.1484375,0.1484375,5.669779499992728,-1.7287186450192424,1.1186881610292208,0.5615648292005062,0.0009592765612372508,0.0,0.0,0.3490463883904686,0.013013409922211694,0.47796458267329034,0.14237373409389753,0.017601893039249597
36,2.3685078407097926,4.737015681419585,-0.0016235608379191076,0.009734114380562337,4.0546875,-0.28125,0.28125,5.792383874999359,-2.233653891121032,1.079637874413088,0.5762612285713354,0.0009903330937959254,0.0,0.0,0.3527541568858086,0.009734114380562337,0.49150702908549004,0.13298271292092023,0.013021997626743465
37,2.3687429865062044,4.737485973012409,-0.0002646612924483944,0.007261989568449016,4.09375,-0.109375,0.109375,5.805404250044376,-2.368737368958199,1.0461469569051538,0.5979116782546043,0.0010758253774838522,0.0,0.0,0.35390307196906506,0.007261989568449016,0.5046513902435776,0.12459768050613294,0.009585877697166581
38,2.3679293046459584,4.735858609291917,-0.0012758317942399616,0.005109795221613867,4.0546875,-0.71875,0.71875,5.771992125024553,-2.8939087928644236,1.012304197501585,0.6195841779311498,0.00109144888362304,0.0,0.0,0.3548772890328902,0.005109795221613867,0.5179028028123411,0.11533867395509874,0.006771452493673129
39,2.3679340321079785,4.735868064215957,0.00022559023757788576,0.0034390135785061456,4.25,-0.453125,0.453125,5.995253874978516,-2.947475984755917,0.975635506431846,0.6431121379137039,0.000978228742800032,0.0,0.0,0.35449124308412566,0.0034390135785061456,0.5337528861949549,0.10381342384361607,0.004503446262413704
40,2.3671083414825573,4.734216682965115,0.0015092371297700635,0.002450457195846659,4.046875,0.0078125,-0.0078125,5.733529084012844,-4.106004715848599,0.9512948625106149,0.6610180214047432,0.0010078078291068475,0.0,0.0,0.3545688453443262,0.002450457195846659,0.5438986396467363,0.09590670185228342,0.0031753735990770536
41,2.366424706537985,4.73284941307597,0.0012289799983182068,0.0017715455898072874,4.015625,-0.4765625,0.4765625,5.685728541982826,-3.188219329238967,0.9264430072057108,0.6942717035611471,0.0009714859770610929,0.0,0.0,0.3505115642389899,0.0017715455898072874,0.5577238416625367,0.08777133144931107,0.002221745906573456
42,2.366012853346861,4.732025706693722,0.001113194477767216,0.0012970099761800105,3.921875,-0.359375,0.359375,5.545559165999293,-3.072225383113684,0.8986347236956258,0.6979732140898705,0.0011254314740654081,0.0,0.0,0.3470090244158331,0.0012970099761800105,0.5724405098958795,0.07771306273813149,0.0015404147610339183
43,2.365702978867295,4.73140595773459,-0.0015217010188126752,0.001086912866927279,4.03125,-0.4765625,0.4765625,5.773778082977515,-4.237340415369488,0.8738593315893366,0.7082551096876463,0.0012277364585315809,0.0,0.0,0.3409134596008663,0.001086912866927279,0.587616085544113,0.06920349662545924,0.0011800640745922317
44,2.365722813668766,4.731445627337532,0.001040420033595178,0.0010184047354090185,3.9453125,-0.59375,0.59375,5.54542316700099,-3.5356315086789354,0.8531111140062313,0.7255255207419395,0.001256127439167661,0.0,0.0,0.33467676090722037,0.0010184047354090185,0.6013848233931135,0.06188032326131764,0.0010397127476788246
45,2.365932138699333,4.731864277398666,6.257427752135056e-05,0.0009984123900550295,4.140625,-0.75,0.75,5.886992250045296,-5.863009599102485,0.8229691315372035,0.730384627978007,0.0011816040908646148,0.0,0.0,0.3256945461597083,0.0009984123900550295,0.620301124622237,0.0520075314432242,0.0009984123900550295
46,2.3659223739392665,4.731844747878533,0.000806380146970316,0.0009982073448463612,4.2109375,-0.15625,0.15625,5.989522707997821,-5.77491580506144,0.7960355452128819,0.7451097021500269,0.0010816405556397513,0.0,0.0,0.3163638148657245,0.0009982073448463612,0.6377001495440948,0.04393964208980438,0.0009982073448463612
47,2.3660012292166845,4.732002458433369,0.000399667718775054,0.0009981217766828808,4.265625,0.2265625,-0.2265625,6.016042542003561,-4.960890954843085,0.771546870470047,0.7582046960790952,0.0011052653280785307,0.0,0.0,0.30553647837577724,0.0009981217766828808,0.6544219151739672,0.03804538541579203,0.0009981217766828808
48,2.3660068867182993,4.732013773436599,0.0010938302877786681,0.000998063314874766,4.0546875,-0.4140625,0.4140625,5.817802709003445,-3.922754359435154,0.7432196833954151,0.7879593744874,0.0011556899407878518,0.0,0.0,0.2931235003390983,0.000998063314874766,0.6730143657539162,0.03186602692921899,0.000998063314874766
49,2.3662762306716916,4.732552461343383,0.0003922692475421474,0.0009980316201933204,4.2734375,-0.3984375,0.3984375,5.994315082964022,-6.125659216415832,0.7091292494829655,0.7952253793676695,0.001025735167786479,0.0,0.0,0.27804325744373487,0.0009980316201933204,0.6945119354145183,0.02544876857757759,0.0009980316201933204
50,2.3664921129724394,4.732984225944879,0.0007771633130300379,0.0009980154997508105,4.15625,0.15625,-0.15625,5.989749667001888,-10.101582985907037,0.6774637019051645,0.8122181172172228,0.0009918696062716965,0.0,0.0,0.2640274359207404,0.0009980154997508105,0.7139139398372263,0.020062613545626374,0.0009980154997508105
51,2.3668276868459177,4.733655373691835,-0.001762735952331031,0.0009980091048881468,4.2109375,-0.1796875,0.1796875,5.974676500016358,-9.316964763718621,0.6462255836307228,0.7966813743114471,0.001116951495835868,0.0,0.0,0.2484898274705671,0.0009980091048881468,0.7335321600229266,0.015981995545980798,0.0009980091048881468
52,2.367201912702363,4.734403825404726,-0.00048457465354119305,0.000998006026025548,4.1796875,0.5390625,-0.5390625,5.908401749969926,-9.919042316514338,0.6111950048219378,0.7968519652883211,0.0012219255925932278,0.0,0.0,0.23092054955870192,0.000998006026025548,0.754825767624044,0.012257684965043494,0.000998006026025548
53,2.3676211900784936,4.735242380156987,-0.00026971816968229324,0.0009980044041601435,4.03125,-0.2578125,0.2578125,5.732557000010274,-10.194769009896337,0.5807433431578237,0.801153672238191,0.0012213779603674386,0.0,0.0,0.21505645064767018,0.0009980044041601435,0.7733043812273085,0.009643160772569435,0.0009980044041601435
54,2.367934091774554,4.735868183549108,0.001402643583207158,0.0009979908096627377,4.0546875,0.0390625,-0.0390625,5.7148004999617115,-9.34640586191406,0.5447183648745219,0.8450683007637659,0.001114722494094167,0.0,0.0,0.1963966891083414,0.0009979908096627377,0.7943371488409465,0.007270170496830534,0.0009979908096627377
55,2.3683914685912653,4.7367829371825305,-0.0005154951214014127,0.0009979664562251855,4,0.4375,-0.4375,5.683826999971643,-11.17295318078095,0.5143419555970468,0.8735144709547361,0.0010367466202296782,0.0,0.0,0.1805019779567374,0.0009979664562251855,0.8117516010534018,0.0057504778631027875,0.0009979664562251855
56,2.368852776950005,4.73770555390001,-0.001498613066472962,0.000997896736005841,4.03125,-0.375,0.375,5.684431041998323,-12.898647619432557,0.4709831965986148,0.9081922620534897,0.0010147241822172266,0.0,0.0,0.15896755839560844,0.000997896736005841,0.8351422430470933,0.0038943909753435257,0.000997896736005841
57,2.3693739412426464,4.738747882485293,0.0003122975847506991,0.0009978100119787754,4.1171875,0.5234375,-0.5234375,5.7893832919653505,-10.682558535895994,0.4279401872936191,0.9165189315875372,0.001087206372176297,0.0,0.0,0.1380014815129184,0.0009978100119787754,0.8572654490000383,0.0027374363015273294,0.0009978100119787754
58,2.3696381191339495,4.739276238267899,-0.0007863402704203492,0.000997726447065585,4.0546875,-0.390625,0.390625,5.726119457976893,-11.351200761461472,0.3878017251087292,0.9202157234152158,0.0013227706973945412,0.0,0.0,0.11923627386691484,0.000997726447065585,0.8767348150067706,0.0020334350711420208,0.000997726447065585
59,2.370004972941268,4.740009945882536,-0.0026674017674699264,0.0009976319179120154,4.09375,-0.15625,0.15625,5.8651773749734275,-9.395123911211943,0.3435437305055502,0.919716919461886,0.0013970377864704158,0.0,0.0,0.09979543630175917,0.0009976319179120154,0.8967295565450465,0.0014797243481157135,0.0009976319179120154
60,2.3704325303887677,4.740865060777535,-0.0015091937545153751,0.0009975171660824406,3.9609375,0.3984375,-0.3984375,5.794107333000284,-12.053825309858528,0.29900292073481183,0.9212209855516752,0.0012717564604827203,0.0,0.0,0.08136690779785669,0.0009975171660824406,0.915494136909056,0.0011438827353660054,0.0009975171660824406
61,2.3707010762066036,4.741402152413207,-0.0005562218254563441,0.0009973715417328532,4.21875,-0.71875,0.71875,5.902216459042393,-16.65474305237747,0.2616268718822135,0.9389575123786926,0.0012592251538687076,0.0,0.0,0.06657713396405732,0.0009973715417328532,0.9303690623354028,0.0010590196932079615,0.0009973715417328532
62,2.371304002294991,4.742608004589982,-0.0007560816902507797,0.0009972449016838686,4.0234375,-0.484375,0.484375,5.737420499965083,-18.032927460164156,0.2236328552648859,0.9731033369898796,0.001156666216653927,0.0,0.0,0.05275948774250387,0.0009972449016838686,0.9442278055311407,0.0010181654807523762,0.0009972449016838686
63,2.3719003781998103,4.7438007563996205,-0.002206139331254236,0.000997144955787843,4.1328125,-0.0390625,0.0390625,5.798695500008762,-21.584290203976177,0.18584880073658686,0.9864482631285986,0.0010232743952656165,0.0,0.0,0.040048904980168394,0.000997144955787843,0.9569576004051756,0.0009991550808842865,0.000997144955787843
64,2.372526668290474,4.745053336580948,-0.00047121420925463653,0.0009970968325013437,4.0625,-0.3046875,0.3046875,5.71255137497792,-22.97441495991264,0.15661638070327732,1.0313202440738678,0.0010866119894975175,0.0,0.0,0.03109763737123173,0.0009970968325013437,0.9659110251527566,0.0009970968325013437,0.0009970968325013437
65,2.373270088446279,4.746540176892558,-0.0007434132867203543,0.000997056688388004,3.9921875,0.21875,-0.21875,5.644423249992542,-18.331883398601782,0.12805527038216125,1.046620378891627,0.0011459683270610792,0.0,0.0,0.022869969464368287,0.000997056688388004,0.9741388186083381,0.000997056688388004,0.000997056688388004
66,2.3739356682215904,4.747871336443181,-0.0004671069039461994,0.0009970296467063642,4.1875,-0.0546875,0.0546875,5.9177562079858035,-16.069940837024795,0.09973433510914667,1.0429012129704158,0.0010421872878699408,0.0,0.0,0.015461517159076435,0.0009970296467063642,0.981547345198802,0.0009970296467063642,0.0009970296467063642
67,2.37444507383923,4.74889014767846,-8.40596416706778e-05,0.0009970168222942128,4.0859375,0.390625,-0.390625,5.837463999981992,-26.21616792952953,0.07991689697164422,1.0241784577568371,0.0011579894768753245,0.0,0.0,0.010683578552133324,0.0009970168222942128,0.9863253244934301,0.0009970168222942128,0.0009970168222942128
68,2.3748726606317843,4.7497453212635685,-0.0016443313278823618,0.0009969896396044,4.078125,-0.40625,0.40625,5.719472250028048,-29.817769574115857,0.06408532989350543,1.0494606172045071,0.0012324141959349315,0.0,0.0,0.007181128756842537,0.0009969896396044,0.9898278603608581,0.0009969896396044,0.0009969896396044
69,2.375349066059743,4.750698132119486,-0.0013477717256693653,0.0009969224177807598,3.9921875,-0.4375,0.4375,5.657692249980755,-30.488366621711744,0.05275863969658452,1.0988229811191559,0.0010745544689901483,0.0,0.0,0.004833938565775898,0.0009969224177807598,0.9921752573692635,0.0009969224177807598,0.0009969224177807598
70,2.3757801333016655,4.751560266603331,-0.0021059831117031177,0.0009968170862273808,4.078125,0.7109375,-0.7109375,5.876180542050861,-34.265985447603086,0.04400444286250977,1.10005005945762,0.0009002807249392694,0.0,0.0,0.0031484558995923746,0.0009968170862273808,0.9938610609463805,0.0009968170862273808,0.0009968170862273808
71,2.3761964322221507,4.752392864444301,-9.992610933298572e-05,0.0009967357603329566,4.1328125,-0.5,0.5,5.8426536659826525,-23.505026915799647,0.03798207207556483,1.119127444922924,0.0009880572518644233,0.0,0.0,0.0020632246321697486,0.0009967357603329566,0.9949465196840254,0.0009967357603329566,0.0009967357603329566
72,2.376674997610718,4.753349995221436,-0.001721374464416808,0.0009966138954475912,4.1875,-0.2890625,0.2890625,5.944332042010501,-35.94410125107624,0.034405649201805465,1.099801428616047,0.001000731048407033,0.0,0.0,0.00146265075161511,0.0009966138954475912,0.9955474680929042,0.0009966138954475912,0.0009966138954475912
73,2.377210024980938,4.754420049961876,-0.002299171666365488,0.0009964642854163879,4.2421875,0.234375,-0.234375,6.018045582983177,-36.64745934660478,0.03234693841600506,1.092313786347707,0.0009651529787030692,0.0,0.0,0.0011247006441341305,0.0009964642854163879,0.9958858561340177,0.0009964642854163879,0.0009964642854163879
74,2.3778724189595084,4.755744837919017,4.4682481036840125e-05,0.0009963111149082925,4.3046875,-0.5390625,0.5390625,6.099356374994386,-24.327803901968636,0.031804948889679135,1.084491290152073,0.0011520172192831524,0.0,0.0,0.0010395211595686966,0.0009963111149082925,0.9959714986018823,0.0009963111149082925,0.0009963111149082925
75,2.3783768366491955,4.756753673298391,0.000502787155131671,0.0009961845905140595,4.21875,0.2890625,-0.2890625,5.971122125047259,-29.442106800376276,0.03158377277906294,1.088385132451852,0.001250865093121926,0.0,0.0,0.0010059961432556587,0.0009961845905140595,0.9960053960482279,0.0009961845905140595,0.0009961845905140595
76,2.378894369519865,4.75778873903973,-0.0031122701765443524,0.0009961116174149064,4.1875,0.109375,-0.109375,5.909435167035554,-31.009559031242283,0.03151566385110812,1.0941811377803485,0.001249573261399443,0.0,0.0,0.0009961116174149064,0.0009961116174149064,0.9960154912142611,0.0009961116174149064,0.0009961116174149064
77,2.3795760402765236,4.759152080553047,-0.0013161351682972487,0.0009960637643450388,4.21875,-0.4140625,0.4140625,5.925503083039075,-48.2580602421753,0.031514352111628764,1.1225828354557355,0.0009402665552139903,0.0,0.0,0.0009960637643450388,0.0009960637643450388,0.9960156717786083,0.0009960637643450388,0.0009960637643450388
78,2.3801809952686552,4.7603619905373105,-0.0004168315482805879,0.0009960394056224083,4.1171875,-0.125,0.125,5.756707666034345,-54.96765918129838,0.03151367722075624,1.1851156875491142,0.0009559838169176752,0.0,0.0,0.0009960394056224083,0.0009960394056224083,0.9960157712903828,0.0009960394056224083,0.0009960394056224083
79,2.3807951351999015,4.761590270399803,-0.0007759425101703602,0.0009960290909973237,4.140625,-0.4921875,0.4921875,5.877539208042435,-56.56303531479734,0.031513397402639656,1.194598155717055,0.0010177813989381927,0.0,0.0,0.0009960290909973237,0.0009960290909973237,0.9960158074801823,0.0009960290909973237,0.0009960290909973237
80,2.3813894615143316,4.762778923028663,-0.0022728933578342143,0.0009960213383064806,4.109375,-0.3515625,0.3515625,5.833602500031702,-58.72474565107673,0.031513187857238514,1.1919202208518982,0.001038200527545996,0.0,0.0,0.0009960213383064806,0.0009960213383064806,0.9960158340377953,0.0009960213383064806,0.0009960213383064806
81,2.3819474656784685,4.763894931356937,-0.00011479506742518679,0.0009960184540656568,4.0859375,-0.3125,0.3125,5.811352792021353,-71.14355254410474,0.03151311174775857,1.2141401395201683,0.0009666421683505177,0.0,0.0,0.0009960184540656568,0.0009960184540656568,0.9960158416007718,0.0009960184540656568,0.0009960184540656568
82,2.3825718448126416,4.765143689625283,-0.001096467877275509,0.0009960170477387254,4.21875,0.1953125,-0.1953125,6.052457790996414,-46.850583062158805,0.031513075716793536,1.2113063087066014,0.0011817476988653652,0.0,0.0,0.0009960170477387254,0.0009960170477387254,0.996015845183973,0.0009960170477387254,0.0009960170477387254
83,2.3832215212725467,4.766443042545093,-0.003617811775929267,0.0009960163891500695,4.2421875,-0.3984375,0.3984375,5.947494666965213,-41.545423537626526,0.03151305887717788,1.19027741253376,0.0012790823166142218,0.0,0.0,0.0009960163891500695,0.0009960163891500695,0.9960158467292786,0.0009960163891500695,0.0009960163891500695
84,2.383895301030581,4.767790602061162,-0.002128328680186295,0.000996016155708526,4.203125,-0.453125,0.453125,5.974423083011061,-44.573961331651006,0.03151305357762872,1.221510926882426,0.0011132074529693152,0.0,0.0,0.000996016155708526,0.000996016155708526,0.9960158467292786,0.000996016155708526,0.000996016155708526
85,2.3844242348280815,4.768848469656163,-0.0023667504458918017,0.0009960160280541638,4.421875,0.296875,-0.296875,6.200774124998134,-53.816819400253436,0.03151305114633203,1.2452281986673672,0.0009594311413820833,0.0,0.0,0.0009960160280541638,0.0009960160280541638,0.9960158467292786,0.0009960160280541638,0.0009960160280541638
86,2.38486528964119,4.76973057928238,-0.002751762930067314,0.000996015990299552,4.21875,-0.1015625,0.1015625,6.01806754199788,-51.12865514741452,0.03151305057798271,1.2763004849354427,0.0009507848008070141,0.0,0.0,0.000996015990299552,0.000996015990299552,0.9960158467292786,0.000996015990299552,0.000996015990299552
87,2.3852680166065268,4.7705360332130535,-0.0024948602907773005,0.0009960159740460637,4.375,-0.15625,0.15625,6.175092082994524,-60.44656052731776,0.03151305026507804,1.3098469078540802,0.0008781300130067393,0.0,0.0,0.0009960159740460637,0.0009960159740460637,0.9960158467292786,0.0009960159740460637,0.0009960159740460637
88,2.3857006919501096,4.771401383900219,-0.00275339342302246,0.000996015969500031,4.0859375,-0.0078125,0.0078125,5.773869999975432,-57.77608309295847,0.03151305019855499,1.3679987142483394,0.0006935791874032778,0.0,0.0,0.000996015969500031,0.000996015969500031,0.9960158467292786,0.000996015969500031,0.000996015969500031
89,2.3860045083652768,4.7720090167305536,-0.0011648681060793234,0.0009960159659385681,4.125,0.28125,-0.28125,5.873284665984102,-56.57808974244152,0.03151305019855499,1.317041128873825,0.0009150166321584644,0.0,0.0,0.0009960159659385681,0.0009960159659385681,0.9960158467292786,0.0009960159659385681,0.0009960159659385681
90,2.386270417403604,4.772540834807208,-0.0007429165021993374,0.0009960159659385681,4.25,-1.078125,1.078125,6.0176872499869205,-70.81548699002494,0.03151305019855499,1.3787528276443481,0.0009242880532838171,0.0,0.0,0.0009960159659385681,0.0009960159659385681,0.9960158467292786,0.0009960159659385681,0.0009960159659385681
91,2.386399032158013,4.772798064316026,-0.0011955488998584229,0.0009960159659385681,4.078125,0.515625,-0.515625,5.8591548330150545,-102.76279705597295,0.03151305019855499,1.3893997371196747,0.0008719955888712624,0.0,0.0,0.0009960159659385681,0.0009960159659385681,0.9960158467292786,0.0009960159659385681,0.0009960159659385681
92,2.3864811398098844,4.772962279619769,-0.002177341604733671,0.0009960159659385681,4.4140625,-0.4375,0.4375,6.218737791001331,-97.39311066628558,0.03151305019855499,1.3723784287770588,0.0009097441458531345,0.0,0.0,0.0009960159659385681,0.0009960159659385681,0.9960158467292786,0.0009960159659385681,0.0009960159659385681
93,2.3865232158711818,4.7730464317423635,-0.0012219058585071203,0.0009960159659385681,4.109375,-0.4140625,0.4140625,5.833951540989801,-97.1962163311787,0.03151305019855499,1.3941253572702408,0.0009277819238680726,0.0,0.0,0.0009960159659385681,0.0009960159659385681,0.9960158467292786,0.0009960159659385681,0.0009960159659385681
94,2.38638209780896,4.77276419561792,-0.00015452230710980743,0.0009960159659385681,4.15625,-0.7265625,0.7265625,5.913135499984492,-75.86343814410213,0.03151305019855499,1.4458002249399822,0.00083335433252311,0.0,0.0,0.0009960159659385681,0.0009960159659385681,0.9960158467292786,0.0009960159659385681,0.0009960159659385681
95,2.3864682329697224,4.772936465939445,-0.0023291286853942294,0.0009960159659385681,4.09375,-0.1875,0.1875,5.837481916998513,-76.34653393253116,0.03151305019855499,1.4733054985602696,0.0007768901438491108,0.0,0.0,0.0009960159659385681,0.0009960159659385681,0.9960158467292786,0.0009960159659385681,0.0009960159659385681
96,2.386575509265974,4.773151018531948,-0.004775160190329549,0.0009960159659385681,4.3203125,0.6484375,-0.6484375,6.19834245799575,-71.56496873115329,0.03151305019855499,1.4522909422715504,0.0007662769930902869,0.0,0.0,0.0009960159659385681,0.0009960159659385681,0.9960158467292786,0.0009960159659385681,0.0009960159659385681
97,2.38654586997262,4.77309173994524,-0.002546857671645337,0.0009960159659385681,4.1484375,-0.0859375,0.0859375,5.8558306250488386,-95.63717686130951,0.03151305019855499,1.4927793939908345,0.0005756076971010771,0.0,0.0,0.0009960159659385681,0.0009960159659385681,0.9960158467292786,0.0009960159659385681,0.0009960159659385681
98,2.3864775596905883,4.772955119381177,-0.0009459198361617875,0.0009960159659385681,4.4453125,-0.0703125,0.0703125,6.264778334007133,-119.59710258413074,0.03151305019855499,1.5006198088328044,0.0006544191892317031,0.0,0.0,0.0009960159659385681,0.0009960159659385681,0.9960158467292786,0.0009960159659385681,0.0009960159659385681
99,2.3864806730504853,4.772961346100971,0.0006695024491443789,0.0009960159659385681,4.15625,-0.265625,0.265625,5.925227165978868,-95.74654486506505,0.03151305019855499,1.5306010246276855,0.0008927386516006663,0.0,0.0,0.0009960159659385681,0.0009960159659385681,0.9960158467292786,0.0009960159659385681,0.0009960159659385681
100,2.3865418552870308,4.7730837105740616,-0.0010704345647855322,0.0009960159659385681,4.203125,-0.6484375,0.6484375,5.966007458977401,-125.60202085307097,0.03151305019855499,1.524152621626854,0.000689308566506952,0.0,0.0,0.0009960159659385681,0.0009960159659385681,0.9960158467292786,0.0009960159659385681,0.0009960159659385681
101,2.386611368180878,4.773222736361756,-0.004092001800137356,0.0009960159659385681,4.296875,-0.21875,0.21875,6.244169291981962,-108.53330196218057,0.03151305019855499,1.4959686646858852,0.0008032850734404443,0.0,0.0,0.0009960159659385681,0.0009960159659385681,0.9960158467292786,0.0009960159659385681,0.0009960159659385681
102,2.38655373418424,4.77310746836848,-0.0050357816523313274,0.0009960159659385681,4.21875,-0.3046875,0.3046875,6.016045166004915,-126.12046199970776,0.03151305019855499,1.5216324975093205,0.0005794998578494415,0.0,0.0,0.0009960159659385681,0.0009960159659385681,0.9960158467292786,0.0009960159659385681,0.0009960159659385681
103,2.3866281057497005,4.773256211499401,-0.005156851978290955,0.0009960159659385681,4.2578125,0.3203125,-0.3203125,6.032054708048236,-131.21206028767682,0.03151305019855499,1.5527507811784744,0.0005959496823682761,0.0,0.0,0.0009960159659385681,0.0009960159659385681,0.9960158467292786,0.0009960159659385681,0.0009960159659385681
104,2.386647301864925,4.77329460372985,-0.002809296444671069,0.0009960159659385681,4.3046875,-1.15625,1.15625,6.150351332966238,-116.2945812459217,0.03151305019855499,1.6066825340191524,0.0005971780398491925,0.0,0.0,0.0009960159659385681,0.0009960159659385681,0.9960158467292786,0.0009960159659385681,0.0009960159659385681
105,2.386578763651306,4.773157527302612,-0.002506641986872565,0.0009960159659385681,4.3671875,-0.0859375,0.0859375,6.165400209021755,-177.2647788843443,0.03151305019855499,1.624661808212598,0.0006442340012047983,0.0,0.0,0.0009960159659385681,0.0009960159659385681,0.9960158467292786,0.0009960159659385681,0.0009960159659385681
106,2.386514272920997,4.773028545841994,-0.002097304660290871,0.0009960159659385681,4.1484375,0.203125,-0.203125,5.941800458997022,-114.59429861585524,0.03151305019855499,1.5517006168762844,0.0009398352758580586,0.0,0.0,0.0009960159659385681,0.0009960159659385681,0.9960158467292786,0.0009960159659385681,0.0009960159659385681
107,2.3864027702547768,4.7728055405095535,-0.0006434647539953038,0.0009960159659385681,4.2578125,0.4765625,-0.4765625,6.09441625000909,-136.67071923258106,0.03151305019855499,1.607540562748909,0.0007845632668856221,0.0,0.0,0.0009960159659385681,0.0009960159659385681,0.9960158467292786,0.0009960159659385681,0.0009960159659385681
108,2.3861626310836233,4.7723252621672465,-0.0005519750626229885,0.0009960159659385681,4.2265625,-0.3125,0.3125,6.031842374999542,-119.20660756255694,0.03151305019855499,1.6351498415072758,0.0005251501424936578,0.0,0.0,0.0009960159659385681,0.0009960159659385681,0.9960158467292786,0.0009960159659385681,0.0009960159659385681
109,2.385891818813212,4.771783637626424,-0.002584627370866352,0.0009960159659385681,4.234375,0.25,-0.25,6.055202207993716,-107.99806691403758,0.03151305019855499,1.6522034207979839,0.000713832615777695,0.0,0.0,0.0009960159659385681,0.0009960159659385681,0.9960158467292786,0.0009960159659385681,0.0009960159659385681
110,2.385729159872148,4.771458319744296,7.105598219606159e-05,0.0009960159659385681,4.2265625,-0.6484375,0.6484375,6.1096524999593385,-148.56720511772275,0.03151305019855499,1.6541975736618042,0.0007252501745824702,0.0,0.0,0.0009960159659385681,0.0009960159659385681,0.9960158467292786,0.0009960159659385681,0.0009960159659385681
111,2.385612883663109,4.771225767326218,-0.004168353621655488,0.0009960159659385681,4.328125,0.3828125,-0.3828125,6.176697332994081,-119.31223897415379,0.03151305019855499,1.6480031857887905,0.0006070830932003446,0.0,0.0,0.0009960159659385681,0.0009960159659385681,0.9960158467292786,0.0009960159659385681,0.0009960159659385681
112,2.3854739694962586,4.770947938992517,-0.004152830275888507,0.0009960159659385681,4.2421875,-0.3515625,0.3515625,6.048835291992873,-191.9522621245235,0.03151305019855499,1.6871246645847957,0.0005493048932597352,0.0,0.0,0.0009960159659385681,0.0009960159659385681,0.9960158467292786,0.0009960159659385681,0.0009960159659385681
113,2.3854251562162325,4.770850312432465,-0.005272405437059625,0.0009960159659385681,4.34375,0.2890625,-0.2890625,6.136092540982645,-165.95140925875242,0.03151305019855499,1.6992814391851425,0.000551238367431021,0.0,0.0,0.0009960159659385681,0.0009960159659385681,0.9960158467292786,0.0009960159659385681,0.0009960159659385681
114,2.3853336962872875,4.770667392574575,-0.006250278325352676,0.0009960159659385681,4.265625,-0.421875,0.421875,6.09165691700764,-183.4558276220774,0.03151305019855499,1.7280905147393544,0.0005298680965400612,0.0,0.0,0.0009960159659385681,0.0009960159659385681,0.9960158467292786,0.0009960159659385681,0.0009960159659385681
115,2.3852495607686954,4.770499121537391,-0.005414765943101471,0.0009960159659385681,4.2109375,0.1015625,-0.1015625,5.9922550420160405,-229.5906135818069,0.03151305019855499,1.7490810702244441,0.00040745073298846063,0.0,0.0,0.0009960159659385681,0.0009960159659385681,0.9960158467292786,0.0009960159659385681,0.0009960159659385681
116,2.385254429570942,4.770508859141884,-0.002906930284806515,0.0009960159659385681,4.3125,-0.1875,0.1875,6.1696584999444894,-172.81473182530507,0.03151305019855499,1.7236520946025848,0.000436220539995702,0.0,0.0,0.0009960159659385681,0.0009960159659385681,0.9960158467292786,0.0009960159659385681,0.0009960159659385681
117,2.3854308320068,4.7708616640136,-0.00509092282472722,0.0009960159659385681,4.3671875,-1.046875,1.046875,6.28286591602955,-163.39472333817662,0.03151305019855499,1.7447989135980606,0.0004059718339703977,0.0,0.0,0.0009960159659385681,0.0009960159659385681,0.9960158467292786,0.0009960159659385681,0.0009960159659385681
118,2.385721707630047,4.771443415260094,-0.002898697330967521,0.0009960159659385681,4.4140625,0.4921875,-0.4921875,6.32530875003431,-200.89453954949843,0.03151305019855499,1.7551174561182659,0.0002662753371017364,0.0,0.0,0.0009960159659385681,0.0009960159659385681,0.9960158467292786,0.0009960159659385681,0.0009960159659385681
119,2.3859197896372892,4.7718395792745785,-0.003487416114116448,0.0009960159659385681,4.4296875,-0.5234375,0.5234375,6.3527576249907725,-220.21761238596005,0.03151305019855499,1.795829877257347,0.000262194273697484,0.0,0.0,0.0009960159659385681,0.0009960159659385681,0.9960158467292786,0.0009960159659385681,0.0009960159659385681
120,2.386070068351656,4.772140136703312,-0.004363159920222691,0.0009960159659385681,4.1953125,-0.40625,0.40625,5.995162624982186,-174.86328170663595,0.03151305019855499,1.8332365453243256,0.00020027673114479208,0.0,0.0,0.0009960159659385681,0.0009960159659385681,0.9960158467292786,0.0009960159659385681,0.0009960159659385681
121,2.3862706399001916,4.772541279800383,-0.0025153080576823983,0.0009960159659385681,4.1015625,-0.53125,0.53125,5.8780193330021575,-185.79031291938963,0.03151305019855499,1.9203152855237324,0.00013278906408231705,0.0,0.0,0.0009960159659385681,0.0009960159659385681,0.9960158467292786,0.0009960159659385681,0.0009960159659385681
122,2.3864688028270207,4.772937605654041,-0.006442750654848781,0.0009960159659385681,4.2265625,-0.4765625,0.4765625,6.04368883301504,-188.54813852922754,0.03151305019855499,1.9306404838959377,0.00026726598783473793,0.0,0.0,0.0009960159659385681,0.0009960159659385681,0.9960158467292786,0.0009960159659385681,0.0009960159659385681
123,2.386654641339568,4.773309282679136,-0.001450890573105769,0.0009960159659385681,4.2265625,0.078125,-0.078125,6.079262209008448,-226.30555394176193,0.03151305019855499,1.9086826692024867,0.00026133531719096936,0.0,0.0,0.0009960159659385681,0.0009960159659385681,0.9960158467292786,0.0009960159659385681,0.0009960159659385681
124,2.386781617901759,4.773563235803518,-0.003924722775018593,0.0009960159659385681,4.4453125,0.453125,-0.453125,6.3492513339733705,-303.8845430910064,0.03151305019855499,1.9036172827084858,0.00027461426725494675,0.0,0.0,0.0009960159659385681,0.0009960159659385681,0.9960158467292786,0.0009960159659385681,0.0009960159659385681
125,2.3869548401240848,4.7739096802481695,-0.0038658272145756767,0.0009960159659385681,4.2421875,0.0859375,-0.0859375,5.9933794169919565,-276.24941504374834,0.03151305019855499,1.8570313801368077,0.0005702635899069719,0.0,0.0,0.0009960159659385681,0.0009960159659385681,0.9960158467292786,0.0009960159659385681,0.0009960159659385681
126,2.387048638440282,4.774097276880564,-0.00511171542765909,0.0009960159659385681,4.375,-0.7109375,0.7109375,6.22333254100522,-280.0780630616205,0.03151305019855499,1.8713281551996868,0.00029233241608987254,0.0,0.0,0.0009960159659385681,0.0009960159659385681,0.9960158467292786,0.0009960159659385681,0.0009960159659385681
127,2.387074569280597,4.774149138561194,-0.004686556262667197,0.0009960159659385681,4.40625,-0.2421875,0.2421875,6.281362417037599,-308.2810230350241,0.03151305019855499,1.8566337426503499,0.00015064646504470147,0.0,0.0,0.0009960159659385681,0.0009960159659385681,0.9960158467292786,0.0009960159659385681,0.0009960159659385681
128,2.3871933146616353,4.774386629323271,-0.005537520031107452,0.0009960159659385681,4.390625,0.234375,-0.234375,6.21662862499943,-295.9464660836284,0.03151305019855499,1.8833435128132503,0.00023816256301264124,0.0,0.0,0.0009960159659385681,0.0009960159659385681,0.9960158467292786,0.0009960159659385681,0.0009960159659385681
129,2.3870875856079077,4.774175171215815,-0.002594306103760101,0.0009960159659385681,4.296875,0.6015625,-0.6015625,6.116638832958415,-276.5518907035481,0.03151305019855499,1.925016353527705,3.018652644944571e-05,0.0,0.0,0.0009960159659385681,0.0009960159659385681,0.9960158467292786,0.0009960159659385681,0.0009960159659385681
130,2.38705857592043,4.77411715184086,-0.003736811000120192,0.0009960159659385681,4.234375,0.5078125,-0.5078125,6.103006542020012,-210.5213337212911,0.03151305019855499,1.9503178695837657,9.392350815081348e-05,0.0,0.0,0.0009960159659385681,0.0009960159659385681,0.9960158467292786,0.0009960159659385681,0.0009960159659385681
131,2.3869417935654735,4.773883587130947,-0.0024073862057023125,0.0009960159659385681,4.3828125,-0.5625,0.5625,6.205308334028814,-273.96525107475526,0.03151305019855499,1.910694733262062,0.00022613103677334342,0.0,0.0,0.0009960159659385681,0.0009960159659385681,0.9960158467292786,0.0009960159659385681,0.0009960159659385681
132,2.3870818170559747,4.774163634111949,-0.0029629900416633104,0.0009960159659385681,4.25,-0.546875,0.546875,6.022802457970101,-228.37367554228095,0.03151305019855499,1.917671412229538,0.00019864534806401934,0.0,0.0,0.0009960159659385681,0.0009960159659385681,0.9960158467292786,0.0009960159659385681,0.0009960159659385681
133,2.3873297473455395,4.774659494691079,-0.008099055573292838,0.0009960159659385681,4.140625,-0.1171875,0.1171875,5.943212749960367,-289.9011096594469,0.03151305019855499,1.9689027965068817,0.00013720730233520348,0.0,0.0,0.0009960159659385681,0.0009960159659385681,0.9960158467292786,0.0009960159659385681,0.0009960159659385681
134,2.3875892134422396,4.775178426884479,-0.004928917809702819,0.0009960159659385681,4.46875,-0.09375,0.09375,6.269414333975874,-274.7700378332105,0.03151305019855499,1.951266994078954,0.00022334665360782915,0.0,0.0,0.0009960159659385681,0.0009960159659385681,0.9960158467292786,0.0009960159659385681,0.0009960159659385681
135,2.387809597757394,4.775619195514788,-0.00354706630701581,0.0009960159659385681,4.3359375,-0.7578125,0.7578125,6.203293875034433,-348.1721445242564,0.03151305019855499,1.9639451553424199,0.0002961486222072078,0.0,0.0,0.0009960159659385681,0.0009960159659385681,0.9960158467292786,0.0009960159659385681,0.0009960159659385681
136,2.388106775969868,4.776213551939736,-0.006082933645588788,0.0009960159659385681,4.328125,-0.8125,0.8125,6.152992249990348,-276.5074442031151,0.03151305019855499,1.9672722816467285,0.000176749879453079,0.0,0.0,0.0009960159659385681,0.0009960159659385681,0.9960158467292786,0.0009960159659385681,0.0009960159659385681
137,2.38840769908641,4.77681539817282,-0.00448150631088611,0.0009960159659385681,4.5,-0.1171875,0.1171875,6.424545333022252,-391.4221574341257,0.03151305019855499,1.929558739066124,0.00013965285906654876,0.0,0.0,0.0009960159659385681,0.0009960159659385681,0.9960158467292786,0.0009960159659385681,0.0009960159659385681
138,2.3886271805072887,4.7772543610145775,-0.0015444508652301485,0.0009960159659385681,4.3359375,-0.015625,0.015625,6.199474667024333,-394.50304284310556,0.03151305019855499,1.9459102253119152,0.0003230021817823096,0.0,0.0,0.0009960159659385681,0.0009960159659385681,0.9960158467292786,0.0009960159659385681,0.0009960159659385681
139,2.388901696646964,4.777803393293928,-0.00813213973414614,0.0009960159659385681,4.4609375,-1.015625,1.015625,6.274963542004116,-380.029504081205,0.03151305019855499,1.9942340950171153,2.3814959907516215e-05,0.0,0.0,0.0009960159659385681,0.0009960159659385681,0.9960158467292786,0.0009960159659385681,0.0009960159659385681
140,2.3892090604480836,4.778418120896167,-0.0047952513037150145,0.0009960159659385681,4.1875,-0.28125,0.28125,6.178349583002273,-394.1656240763059,0.03151305019855499,2.064354588588079,-0.00014317271052277647,0.0,0.0,0.0009960159659385681,0.0009960159659385681,0.9960158467292786,0.0009960159659385681,0.0009960159659385681
141,2.3893961447872916,4.778792289574583,-0.0011127809177148363,0.0009960159659385681,4.3515625,-0.6953125,0.6953125,6.233332250034437,-302.8839262914401,0.03151305019855499,2.087356170018514,-0.00015942417000284573,0.0,0.0,0.0009960159659385681,0.0009960159659385681,0.9960158467292786,0.0009960159659385681,0.0009960159659385681
142,2.3897747702822985,4.779549540564597,-0.003915456595717679,0.0009960159659385681,4.3984375,-0.6484375,0.6484375,6.272761249972973,-265.29073198904575,0.03151305019855499,2.0987787544727325,-0.0002997595377867886,0.0,0.0,0.0009960159659385681,0.0009960159659385681,0.9960158467292786,0.0009960159659385681,0.0009960159659385681
143,2.3901766315291013,4.780353263058203,-0.007678261173457149,0.0009960159659385681,4.265625,-0.3125,0.3125,6.136286249966361,-319.7814436740491,0.03151305019855499,2.0842632750670114,-0.0001672517622258359,0.0,0.0,0.0009960159659385681,0.0009960159659385681,0.9960158467292786,0.0009960159659385681,0.0009960159659385681
144,2.390555487631091,4.781110975262182,-0.0017099752911158095,0.0009960159659385681,4.3828125,0.046875,-0.046875,6.203965583990794,-383.3885504026464,0.03151305019855499,2.0943243900934854,3.360612390679307e-05,0.0,0.0,0.0009960159659385681,0.0009960159659385681,0.9960158467292786,0.0009960159659385681,0.0009960159659385681
145,2.390932747145629,4.781865494291258,-0.0021675435199785095,0.0009960159659385681,4.328125,0.0703125,-0.0703125,6.206662040960509,-353.7937878335856,0.03151305019855499,2.1281208992004395,6.022026714920988e-06,0.0,0.0,0.0009960159659385681,0.0009960159659385681,0.9960158467292786,0.0009960159659385681,0.0009960159659385681
146,2.3913676243068362,4.7827352486136725,-0.0063043111360227295,0.0009960159659385681,4.40625,0.0625,-0.0625,6.238167584000621,-512.9446904511317,0.03151305019855499,2.1225955287615457,-0.00016374447356308033,0.0,0.0,0.0009960159659385681,0.0009960159659385681,0.9960158467292786,0.0009960159659385681,0.0009960159659385681
147,2.391676389358059,4.783352778716118,-0.006523942027542579,0.0009960159659385681,4.3984375,-0.359375,0.359375,6.283745916036423,-322.6268937329416,0.03151305019855499,2.1283462047576904,-0.00016393052919738693,0.0,0.0,0.0009960159659385681,0.0009960159659385681,0.9960158467292786,0.0009960159659385681,0.0009960159659385681
148,2.392030073503153,4.784060147006306,-0.00889878139806722,0.0009960159659385681,4.3046875,-1.25,1.25,6.094343583972659,-425.2615170444205,0.03151305019855499,2.1154979169368744,-0.0001042942791779448,0.0,0.0,0.0009960159659385681,0.0009960159659385681,0.9960158467292786,0.0009960159659385681,0.0009960159659385681
149,2.3924514210689973,4.784902842137995,-0.0011448330484968483,0.0009960159659385681,4.3984375,0.0,0.0,6.30154874996515,-448.78358394383963,0.03151305019855499,2.1317000488440194,-7.491418000427075e-05,0.0,0.0,0.0009960159659385681,0.0009960159659385681,0.9960158467292786,0.0009960159659385681,0.0009960159659385681
150,2.392872510220861,4.785745020441722,-0.0020945946351946187,0.0009960159659385681,4.234375,-1.1171875,1.1171875,6.027206709026359,-527.5550350834963,0.03151305019855499,2.174252837896347,-0.000388761671880881,0.0,0.0,0.0009960159659385681,0.0009960159659385681,0.9960158467292786,0.0009960159659385681,0.0009960159659385681
151,2.3933992124940984,4.786798424988197,-0.004163313255572664,0.0009960159659385681,4.3828125,0.0,0.0,6.223417250032071,-534.5976224111363,0.03151305019855499,2.1820461650689444,-0.00016622771363472566,0.0,0.0,0.0009960159659385681,0.0009960159659385681,0.9960158467292786,0.0009960159659385681,0.0009960159659385681
152,2.3939143352241263,4.787828670448253,-0.004738847543456344,0.0009960159659385681,4.4765625,0.21875,-0.21875,6.345404791994952,-498.59489161473084,0.03151305019855499,2.1498453617095947,-5.177614002604969e-05,0.0,0.0,0.0009960159659385681,0.0009960159659385681,0.9960158467292786,0.0009960159659385681,0.0009960159659385681
153,2.394320458754883,4.788640917509766,-0.006936312459395659,0.0009960159659385681,4.4140625,0.7421875,-0.7421875,6.261635624978226,-476.84188677104174,0.03151305019855499,2.1584645410378775,-0.00024954256711377337,0.0,0.0,0.0009960159659385681,0.0009960159659385681,0.9960158467292786,0.0009960159659385681,0.0009960159659385681
154,2.39475453172496,4.78950906344992,-0.010791360104396805,0.0009960159659385681,4.3984375,-0.5,0.5,6.258775082998909,-449.0369791705062,0.03151305019855499,2.1824417213598886,-0.00020116862515351386,0.0,0.0,0.0009960159659385681,0.0009960159659385681,0.9960158467292786,0.0009960159659385681,0.0009960159659385681
155,2.395197578879852,4.790395157759704,-0.010436828416863244,0.0009960159659385681,4.3125,0.1953125,-0.1953125,6.109787082998082,-377.68831932458323,0.03151305019855499,2.205324729283651,-0.00030333067479659803,0.0,0.0,0.0009960159659385681,0.0009960159659385681,0.9960158467292786,0.0009960159659385681,0.0009960159659385681
156,2.3956243243788222,4.7912486487576444,-0.003277600405806571,0.0009960159659385681,4.359375,0.1953125,-0.1953125,6.180347500019707,-440.00312820044894,0.03151305019855499,2.1260634859402976,0.00013154194167933989,0.0,0.0,0.0009960159659385681,0.0009960159659385681,0.9960158467292786,0.0009960159659385681,0.0009960159659385681
157,2.3960858727943375,4.792171745588675,-0.0047728660310252125,0.0009960159659385681,4.5703125,-0.2890625,0.2890625,6.459083500027191,-496.34334294327306,0.03151305019855499,2.1317900319894156,-0.00018059371329097,0.0,0.0,0.0009960159659385681,0.0009960159659385681,0.9960158467292786,0.0009960159659385681,0.0009960159659385681
158,2.3965847838320364,4.793169567664073,-0.004293693084601866,0.0009960159659385681,4.3125,0.578125,-0.578125,6.131941041036043,-715.0739504548087,0.03151305019855499,2.1570149660110474,-0.0004610838162382909,0.0,0.0,0.0009960159659385681,0.0009960159659385681,0.9960158467292786,0.0009960159659385681,0.0009960159659385681
159,2.3968490233280786,4.793698046656157,-0.005061992842284185,0.0009960159659385681,4.4609375,-0.5390625,0.5390625,6.434661458013579,-674.3481749878664,0.03151305019855499,2.138422578573227,-0.00022503463818187205,0.0,0.0,0.0009960159659385681,0.0009960159659385681,0.9960158467292786,0.0009960159659385681,0.0009960159659385681
160,2.3971295841323106,4.794259168264621,-0.0058917649164049925,0.0009960159659385681,4.4765625,-0.03125,0.03125,6.320999249990564,-621.2284775029926,0.03151305019855499,2.129625141620636,-0.00020476025050205257,0.0,0.0,0.0009960159659385681,0.0009960159659385681,0.9960158467292786,0.0009960159659385681,0.0009960159659385681
161,2.397265985992295,4.79453197198459,-0.003985081433223101,0.0009960159659385681,4.625,-0.453125,0.453125,6.614275708037894,-517.613739757119,0.03151305019855499,2.1404986480871835,-0.00032315665763841633,0.0,0.0,0.0009960159659385681,0.0009960159659385681,0.9960158467292786,0.0009960159659385681,0.0009960159659385681
162,2.3974657560456336,4.794931512091267,-0.006116645646427733,0.0009960159659385681,4.4375,-0.53125,0.53125,6.347187334031332,-428.87774542855544,0.03151305019855499,2.1497635742028556,-0.00032451573012319085,0.0,0.0,0.0009960159659385681,0.0009960159659385681,0.9960158467292786,0.0009960159659385681,0.0009960159659385681
163,2.3976548048192354,4.795309609638471,-0.006158995749320267,0.0009960159659385681,4.421875,-0.921875,0.921875,6.208088917017449,-592.1686363430832,0.03151305019855499,2.185761660337448,-0.0003260271751059918,0.0,0.0,0.0009960159659385681,0.0009960159659385681,0.9960158467292786,0.0009960159659385681,0.0009960159659385681
164,2.3979412193353933,4.795882438670787,-0.008115621787559703,0.0009960159659385681,4.3671875,-0.1875,0.1875,6.246016583987512,-666.8460910239245,0.03151305019855499,2.2307057082653046,-0.0004572629498701038,0.0,0.0,0.0009960159659385681,0.0009960159659385681,0.9960158467292786,0.0009960159659385681,0.0009960159659385681
165,2.3982847207996465,4.796569441599293,-0.003814493337388167,0.0009960159659385681,4.421875,-0.5859375,0.5859375,6.228567334008403,-584.3603050085344,0.03151305019855499,2.3470267752806344,-0.0007941144645731887,0.0,0.0,0.0009960159659385681,0.0009960159659385681,0.9960158467292786,0.0009960159659385681,0.0009960159659385681
166,2.398483591823159,4.796967183646318,-0.0012852108990483847,0.0009960159659385681,4.3359375,-0.0625,0.0625,6.231822083005682,-720.0212836669372,0.03151305019855499,2.3602995773156485,-0.0010228979554085527,0.0,0.0,0.0009960159659385681,0.0009960159659385681,0.9960158467292786,0.0009960159659385681,0.0009960159659385681
167,2.3986982948524513,4.797396589704903,-0.005132135710341551,0.0009960159659385681,4.3671875,-0.6875,0.6875,6.235090124944691,-783.4850473915742,0.03151305019855499,2.26333224773407,-0.0003997446559272551,0.0,0.0,0.0009960159659385681,0.0009960159659385681,0.9960158467292786,0.0009960159659385681,0.0009960159659385681
168,2.3988631928582156,4.797726385716431,-0.003745070194345833,0.0009960159659385681,4.484375,-0.0859375,0.0859375,6.483161333017051,-687.2558795068322,0.03151305019855499,2.180649906396866,-4.0374147223095257e-05,0.0,0.0,0.0009960159659385681,0.0009960159659385681,0.9960158467292786,0.0009960159659385681,0.0009960159659385681
169,2.3990251100002205,4.798050220000441,-0.0038913052786677905,0.0009960159659385681,4.5625,0.1875,-0.1875,6.473391333012842,-633.6113756617455,0.03151305019855499,2.19926189382871,-0.0004030868414398962,0.0,0.0,0.0009960159659385681,0.0009960159659385681,0.9960158467292786,0.0009960159659385681,0.0009960159659385681
170,2.399241331212824,4.798482662425648,-0.004514072655766507,0.0009960159659385681,4.453125,0.3125,-0.3125,6.31476112495875,-747.4770055386058,0.03151305019855499,2.211902290582657,-0.0005369606466653446,0.0,0.0,0.0009960159659385681,0.0009960159659385681,0.9960158467292786,0.0009960159659385681,0.0009960159659385681
171,2.399348213342618,4.798696426685236,-0.006683845389500961,0.0009960159659385681,4.4609375,-0.5390625,0.5390625,6.385934167017695,-614.1759386914415,0.03151305019855499,2.185011009375254,-0.0004908142451919654,0.0,0.0,0.0009960159659385681,0.0009960159659385681,0.9960158467292786,0.0009960159659385681,0.0009960159659385681
172,2.3994438837882344,4.798887767576469,-0.0038555970128672495,0.0009960159659385681,4.3046875,-0.7421875,0.7421875,6.174788624979556,-775.8951930393973,0.03151305019855499,2.277591119209925,-0.0006912713676380614,0.0,0.0,0.0009960159659385681,0.0009960159659385681,0.9960158467292786,0.0009960159659385681,0.0009960159659385681
173,2.3995616638063315,4.799123327612663,-0.004600230631496376,0.0009960159659385681,4.359375,1.09375,-1.09375,6.2300480409758165,-660.9390611041831,0.03151305019855499,2.3573287626107535,-0.0012177989180296815,0.0,0.0,0.0009960159659385681,0.0009960159659385681,0.9960158467292786,0.0009960159659385681,0.0009960159659385681
174,2.399695801910432,4.799391603820864,-0.005253536142540349,0.0009960159659385681,4.4921875,-0.2421875,0.2421875,6.337658582953736,-827.7058914076764,0.03151305019855499,2.366174131631851,-0.0009568525432162763,0.0,0.0,0.0009960159659385681,0.0009960159659385681,0.9960158467292786,0.0009960159659385681,0.0009960159659385681
175,2.3999423617302087,4.799884723460417,-0.008620783537589506,0.0009960159659385681,4.5390625,-0.5859375,0.5859375,6.525395417003892,-678.0354832207685,0.03151305019855499,2.3251812855402627,-0.0007326065361515551,0.0,0.0,0.0009960159659385681,0.0009960159659385681,0.9960158467292786,0.0009960159659385681,0.0009960159659385681
176,2.400162340493605,4.80032468098721,-0.004233545080396493,0.0009960159659385681,4.234375,0.140625,-0.140625,6.052480459038634,-721.073083343541,0.03151305019855499,2.377921203772227,-0.0009138955016775677,0.0,0.0,0.0009960159659385681,0.0009960159659385681,0.9960158467292786,0.0009960159659385681,0.0009960159659385681
177,2.4004078461131715,4.800815692226343,-0.00566112370038225,0.0009960159659385681,4.265625,0.34375,-0.34375,6.059911333955824,-1033.2259627436545,0.03151305019855499,2.4686706562836966,-0.0013722122715383496,0.0,0.0,0.0009960159659385681,0.0009960159659385681,0.9960158467292786,0.0009960159659385681,0.0009960159659385681
178,2.4006465303926863,4.8012930607853725,-0.010228659844411833,0.0009960159659385681,4.578125,-0.7421875,0.7421875,6.56676337501267,-731.6067273803945,0.03151305019855499,2.3741669754187265,-0.0010138582753522012,0.0,0.0,0.0009960159659385681,0.0009960159659385681,0.9960158467292786,0.0009960159659385681,0.0009960159659385681
179,2.4008631684021573,4.801726336804315,-0.0018077409830766658,0.0009960159659385681,4.4296875,-0.5703125,0.5703125,6.402411332994234,-899.1846104618523,0.03151305019855499,2.3050115605195365,-0.0007277512492388875,0.0,0.0,0.0009960159659385681,0.0009960159659385681,0.9960158467292786,0.0009960159659385681,0.0009960159659385681
180,2.4010774949677085,4.802154989935417,-0.006540528948000312,0.0009960159659385681,4.34375,-0.1640625,0.1640625,6.237314083031379,-899.3804334204832,0.03151305019855499,2.3489554723103843,-0.0010054223463763872,0.0,0.0,0.0009960159659385681,0.0009960159659385681,0.9960158467292786,0.0009960159659385681,0.0009960159659385681
181,2.4013361756812044,4.802672351362409,-0.006525153024541609,0.0009960159659385681,4.3984375,-0.0546875,0.0546875,6.215956207946874,-866.8796128854024,0.03151305019855499,2.341848353544871,-0.0011602755142424332,0.0,0.0,0.0009960159659385681,0.0009960159659385681,0.9960158467292786,0.0009960159659385681,0.0009960159659385681
182,2.4016369928139687,4.803273985627937,-0.003581718513137983,0.0009960159659385681,4.5234375,-0.7578125,0.7578125,6.373810999968555,-963.7790130242988,0.03151305019855499,2.395333836476008,-0.0013797121864627115,0.0,0.0,0.0009960159659385681,0.0009960159659385681,0.9960158467292786,0.0009960159659385681,0.0009960159659385681
183,2.401840672804681,4.803681345609362,-0.0031551135289635177,0.0009960159659385681,4.390625,0.3046875,-0.3046875,6.288312166987453,-900.5748899246025,0.03151305019855499,2.427047779162725,-0.0015307238275757602,0.0,0.0,0.0009960159659385681,0.0009960159659385681,0.9960158467292786,0.0009960159659385681,0.0009960159659385681
184,2.401969696689393,4.803939393378786,-0.004901888550200829,0.0009960159659385681,4.5546875,-0.359375,0.359375,6.458004332962446,-858.1619493801843,0.03151305019855499,2.4249216814835868,-0.0013790871953460737,0.0,0.0,0.0009960159659385681,0.0009960159659385681,0.9960158467292786,0.0009960159659385681,0.0009960159659385681
185,2.401966114009377,4.803932228018754,-0.003111616348948213,0.0009960159659385681,4.625,0.0859375,-0.0859375,6.58467158296844,-602.3861454757484,0.03151305019855499,2.3942696948846183,-0.001274682211108787,0.0,0.0,0.0009960159659385681,0.0009960159659385681,0.9960158467292786,0.0009960159659385681,0.0009960159659385681
186,2.40196771870822,4.80393543741644,-0.005699122648580406,0.0009960159659385681,4.296875,-0.25,0.25,6.144327291985974,-699.9653832713041,0.03151305019855499,2.4770637452602386,-0.0015472236182176857,0.0,0.0,0.0009960159659385681,0.0009960159659385681,0.9960158467292786,0.0009960159659385681,0.0009960159659385681
187,2.4019586774749824,4.803917354949965,-0.010827792185855452,0.0009960159659385681,4.3203125,-0.2734375,0.2734375,6.212072582973633,-991.8902631780338,0.03151305019855499,2.4881405333677926,-0.0013958915245287546,0.0,0.0,0.0009960159659385681,0.0009960159659385681,0.9960158467292786,0.0009960159659385681,0.0009960159659385681
188,2.4019774452102918,4.8039548904205835,-0.0006840744335457016,0.0009960159659385681,4.53125,-0.3203125,0.3203125,6.428458334004972,-1047.5129112884915,0.03151305019855499,2.505158563454946,-0.0014204051819130352,0.0,0.0,0.0009960159659385681,0.0009960159659385681,0.9960158467292786,0.0009960159659385681,0.0009960159659385681
189,2.402013584447115,4.80402716889423,-0.0060666169433867875,0.0009960159659385681,4.484375,0.625,-0.625,6.336257666989695,-1107.4140787058175,0.03151305019855499,2.5520632763703666,-0.001519571236409926,0.0,0.0,0.0009960159659385681,0.0009960159659385681,0.9960158467292786,0.0009960159659385681,0.0009960159659385681
190,2.4020338669222294,4.804067733844459,-0.0055693027377227205,0.0009960159659385681,4.4765625,0.0625,-0.0625,6.368245374993421,-1059.7807868138657,0.03151305019855499,2.52041694521904,-0.0014042241952362626,0.0,0.0,0.0009960159659385681,0.0009960159659385681,0.9960158467292786,0.0009960159659385681,0.0009960159659385681
191,2.4021092069058305,4.804218413811661,-0.008151970314454688,0.0009960159659385681,4.5625,0.1015625,-0.1015625,6.498451708001085,-979.7377594954347,0.03151305019855499,2.4213189284006753,-0.0010170114235089993,0.0,0.0,0.0009960159659385681,0.0009960159659385681,0.9960158467292786,0.0009960159659385681,0.0009960159659385681
192,2.402292709816689,4.804585419633378,-0.005185802007161358,0.0009960159659385681,4.5546875,0.2734375,-0.2734375,6.47650008299388,-1053.4327859256935,0.03151305019855499,2.438467025756836,-0.0012937434361977769,0.0,0.0,0.0009960159659385681,0.0009960159659385681,0.9960158467292786,0.0009960159659385681,0.0009960159659385681
193,2.4024244216632615,4.804848843326523,-0.005933955729017755,0.0009960159659385681,4.4375,0.1484375,-0.1484375,6.266173416981474,-850.5005246837375,0.03151305019855499,2.453678081432978,-0.0015363645155351453,0.0,0.0,0.0009960159659385681,0.0009960159659385681,0.9960158467292786,0.0009960159659385681,0.0009960159659385681
194,2.4025352841317122,4.8050705682634245,-0.007662753152258161,0.0009960159659385681,4.546875,0.0703125,-0.0703125,6.505962707975414,-1107.4209448004915,0.03151305019855499,2.4084873100121817,-0.0013508351708348225,0.0,0.0,0.0009960159659385681,0.0009960159659385681,0.9960158467292786,0.0009960159659385681,0.0009960159659385681
195,2.4024612514458568,4.8049225028917135,-0.0072814577038786766,0.0009960159659385681,4.359375,-0.578125,0.578125,6.152953707962297,-1022.1085585727486,0.03151305019855499,2.471667061249415,-0.001389715594162529,0.0,0.0,0.0009960159659385681,0.0009960159659385681,0.9960158467292786,0.0009960159659385681,0.0009960159659385681
196,2.4024095620497943,4.804819124099589,-0.008718300640449813,0.0009960159659385681,4.5625,-0.171875,0.171875,6.470881584042218,-1025.1355789344605,0.03151305019855499,2.4747745792071023,-0.0014178422734403284,0.0,0.0,0.0009960159659385681,0.0009960159659385681,0.9960158467292786,0.0009960159659385681,0.0009960159659385681
197,2.4023698134729514,4.804739626945903,-0.00548602099686383,0.0009960159659385681,4.3515625,-0.171875,0.171875,6.335639541037381,-868.9122924445134,0.03151305019855499,2.574097772439321,-0.001739077969432401,0.0,0.0,0.0009960159659385681,0.0009960159659385681,0.9960158467292786,0.0009960159659385681,0.0009960159659385681
198,2.402318881666262,4.804637763332524,-0.007809689738070129,0.0009960159659385681,4.40625,0.0859375,-0.0859375,6.270467999973334,-1062.1817722371284,0.03151305019855499,2.617210159699122,-0.0017234919675199005,0.0,0.0,0.0009960159659385681,0.0009960159659385681,0.9960158467292786,0.0009960159659385681,0.0009960159659385681
199,2.402181479573424,4.804362959146848,-0.005779507544205982,0.0009960159659385681,4.34375,-0.6484375,0.6484375,6.260981542000081,-1253.684825835468,0.03151305019855499,2.6306504209836326,-0.0019033628620187908,0.0,0.0,0.0009960159659385681,0.0009960159659385681,0.9960158467292786,0.0009960159659385681,0.0009960159659385681
200,2.4020945515225747,4.804189103045149,-0.010724622257079977,0.0009960159659385681,4.5390625,-0.15625,0.15625,6.423325958021451,-1462.878750374313,0.03151305019855499,2.6501967310905457,-0.0017780261938848223,0.0,0.0,0.0009960159659385681,0.0009960159659385681,0.9960158467292786,0.0009960159659385681,0.0009960159659385681
201,2.4021149514092084,4.804229902818417,-0.006660902071944041,0.0009960159659385681,4.5234375,0.265625,-0.265625,6.537393625010736,-1254.1982580606596,0.03151305019855499,2.620128105084101,-0.00164303022029344,0.0,0.0,0.0009960159659385681,0.0009960159659385681,0.9960158467292786,0.0009960159659385681,0.0009960159659385681
202,2.402223174784481,4.804446349568962,-0.008512158144762782,0.0009960159659385681,4.5625,-0.8125,0.8125,6.501103333022911,-1385.952607081361,0.03151305019855499,2.635549932718277,-0.001954618996630112,0.0,0.0,0.0009960159659385681,0.0009960159659385681,0.9960158467292786,0.0009960159659385681,0.0009960159659385681
203,2.4022103863140885,4.804420772628177,-0.008623951005712735,0.0009960159659385681,4.7109375,-0.671875,0.671875,6.6593677080236375,-1360.1932449862732,0.03151305019855499,2.5823973218599954,-0.0015321118359376367,0.0,0.0,0.0009960159659385681,0.0009960159659385681,0.9960158467292786,0.0009960159659385681,0.0009960159659385681
204,2.4022262169979998,4.8044524339959995,-0.002568460974174813,0.0009960159659385681,4.5234375,-0.2890625,0.2890625,6.373564624984283,-1164.3637111248747,0.03151305019855499,2.5938470661640167,-0.0017602157701427739,0.0,0.0,0.0009960159659385681,0.0009960159659385681,0.9960158467292786,0.0009960159659385681,0.0009960159659385681
205,2.4022712932887416,4.804542586577483,-0.007258040604755616,0.0009960159659385681,4.4453125,0.0625,-0.0625,6.322353958035819,-1339.6683915461722,0.03151305019855499,2.6198282142480216,-0.0016787828387047437,0.0,0.0,0.0009960159659385681,0.0009960159659385681,0.9960158467292786,0.0009960159659385681,0.0009960159659385681
206,2.4022898949112257,4.804579789822451,-0.012490282979747283,0.0009960159659385681,4.3515625,0.0078125,-0.0078125,6.289442916982807,-1657.9115374820237,0.03151305019855499,2.5722420612970986,-0.0017575383487079914,0.0,0.0,0.0009960159659385681,0.0009960159659385681,0.9960158467292786,0.0009960159659385681,0.0009960159659385681
207,2.4023191854195574,4.804638370839115,-0.0060147657850068426,0.0009960159659385681,4.65625,-0.640625,0.640625,6.565138667006977,-1694.598359543205,0.03151305019855499,2.619124631086985,-0.002008978723703573,0.0,0.0,0.0009960159659385681,0.0009960159659385681,0.9960158467292786,0.0009960159659385681,0.0009960159659385681
208,2.402384146021189,4.804768292042378,-0.013090423189938813,0.0009960159659385681,4.5546875,-0.4375,0.4375,6.5512660830281675,-1251.7353903637947,0.03151305019855499,2.681494136651357,-0.002540804802265484,0.0,0.0,0.0009960159659385681,0.0009960159659385681,0.9960158467292786,0.0009960159659385681,0.0009960159659385681
209,2.4024164330186197,4.8048328660372395,-0.006846363047507849,0.0009960159659385681,4.484375,0.828125,-0.828125,6.333300875034183,-1395.684261096064,0.03151305019855499,2.6718450486660004,-0.001989038915174509,0.0,0.0,0.0009960159659385681,0.0009960159659385681,0.9960158467292786,0.0009960159659385681,0.0009960159659385681
210,2.4025348597605443,4.8050697195210885,-0.008250555733798607,0.0009960159659385681,4.5859375,0.0234375,-0.0234375,6.5208682919619605,-1280.273958076204,0.03151305019855499,2.6835423608620963,-0.0020750860130647197,0.0,0.0,0.0009960159659385681,0.0009960159659385681,0.9960158467292786,0.0009960159659385681,0.0009960159659385681
211,2.4026580541454634,4.805316108290927,-0.010026556652852854,0.0009960159659385681,4.4375,0.28125,-0.28125,6.289173333963845,-1449.3691796165117,0.03151305019855499,2.700194170077642,-0.002178993478689032,0.0,0.0,0.0009960159659385681,0.0009960159659385681,0.9960158467292786,0.0009960159659385681,0.0009960159659385681
212,2.4026891492331792,4.8053782984663584,-0.002995439120691959,0.0009960159659385681,4.4609375,-0.625,0.625,6.338192958966829,-1578.4651416137215,0.03151305019855499,2.6989627281824746,-0.0020692448160843924,0.0,0.0,0.0009960159659385681,0.0009960159659385681,0.9960158467292786,0.0009960159659385681,0.0009960159659385681
213,2.402844441888103,4.805688883776206,-0.0056429424162676035,0.0009960159659385681,4.6875,0.203125,-0.203125,6.659681792021729,-1414.2309900601706,0.03151305019855499,2.651877293984095,-0.0017387730592114774,0.0,0.0,0.0009960159659385681,0.0009960159659385681,0.9960158467292786,0.0009960159659385681,0.0009960159659385681
214,2.403070029870011,4.806140059740022,-0.012233767125561467,0.0009960159659385681,4.53125,0.5546875,-0.5546875,6.4244974160101265,-1374.1447532440054,0.03151305019855499,2.5913153688112893,-0.0017738124806783162,0.0,0.0,0.0009960159659385681,0.0009960159659385681,0.9960158467292786,0.0009960159659385681,0.0009960159659385681
215,2.403303419515005,4.80660683903001,-0.012994971933309429,0.0009960159659385681,4.484375,-0.1015625,0.1015625,6.442845500016119,-1337.5291879866597,0.03151305019855499,2.6233403384685516,-0.002071102586342022,0.0,0.0,0.0009960159659385681,0.0009960159659385681,0.9960158467292786,0.0009960159659385681,0.0009960159659385681
216,2.403515609097695,4.80703121819539,-0.004594074534345633,0.0009960159659385681,4.59375,0.046875,-0.046875,6.53547374997288,-1297.0944758012993,0.03151305019855499,2.5584092934926352,-0.0017803854813488822,0.0,0.0,0.0009960159659385681,0.0009960159659385681,0.9960158467292786,0.0009960159659385681,0.0009960159659385681
217,2.4037857592481346,4.807571518496269,-0.002391876577630515,0.0009960159659385681,4.5,0.078125,-0.078125,6.433165249996819,-1611.1739487879806,0.03151305019855499,2.6022864480813346,-0.0021635085528638833,0.0,0.0,0.0009960159659385681,0.0009960159659385681,0.9960158467292786,0.0009960159659385681,0.0009960159659385681
218,2.403986450595658,4.807972901191316,-0.004632651436185159,0.0009960159659385681,4.515625,0.671875,-0.671875,6.383616750012152,-1703.9386961121872,0.03151305019855499,2.611844797929128,-0.0021526910325822732,0.0,0.0,0.0009960159659385681,0.0009960159659385681,0.9960158467292786,0.0009960159659385681,0.0009960159659385681
219,2.4040331576684877,4.808066315336975,-0.004879341936088499,0.0009960159659385681,4.421875,-0.3828125,0.3828125,6.294816249981523,-1377.7937030994428,0.03151305019855499,2.7233528097470603,-0.0026333360001444817,0.0,0.0,0.0009960159659385681,0.0009960159659385681,0.9960158467292786,0.0009960159659385681,0.0009960159659385681
220,2.404236102931427,4.808472205862854,-0.0103603879546859,0.0009960159659385681,4.484375,-0.125,0.125,6.360775334003847,-1701.286260937149,0.03151305019855499,2.7369653383890786,-0.002466140994026015,0.0,0.0,0.0009960159659385681,0.0009960159659385681,0.9960158467292786,0.0009960159659385681,0.0009960159659385681
221,2.4044562064286135,4.808912412857227,-0.005647179391311392,0.0009960159659385681,4.421875,0.265625,-0.265625,6.221871165966149,-1356.6598315761282,0.03151305019855499,2.7974217434724173,-0.0023109078756533563,0.0,0.0,0.0009960159659385681,0.0009960159659385681,0.9960158467292786,0.0009960159659385681,0.0009960159659385681
222,2.404609192027931,4.809218384055862,-0.0016123271007679261,0.0009960159659385681,4.6171875,-0.203125,0.203125,6.589253499987535,-1652.1805557664075,0.03151305019855499,2.80534557501475,-0.0025425827528427667,0.0,0.0,0.0009960159659385681,0.0009960159659385681,0.9960158467292786,0.0009960159659385681,0.0009960159659385681
223,2.40487837413341,4.80975674826682,-0.00862217297175131,0.0009960159659385681,4.6015625,-0.203125,0.203125,6.466547790972982,-1281.9894085448545,0.03151305019855499,2.7585116227467856,-0.0024814644542251094,0.0,0.0,0.0009960159659385681,0.0009960159659385681,0.9960158467292786,0.0009960159659385681,0.0009960159659385681
224,2.4051329323411617,4.810265864682323,-0.01000909864239818,0.0009960159659385681,4.4296875,0.265625,-0.265625,6.276283458981197,-1642.6963653497176,0.03151305019855499,2.725170224905014,-0.0022741887126661218,0.0,0.0,0.0009960159659385681,0.0009960159659385681,0.9960158467292786,0.0009960159659385681,0.0009960159659385681
225,2.4054089299848975,4.810817859969795,-0.003243215773402232,0.0009960159659385681,4.75,-1.09375,1.09375,6.859523334016558,-1463.5241796280209,0.03151305019855499,2.78527303536733,-0.0025824643671512604,0.0,0.0,0.0009960159659385681,0.0009960159659385681,0.9960158467292786,0.0009960159659385681,0.0009960159659385681
226,2.4057382414542903,4.8114764829085805,-0.004357947348083725,0.0009960159659385681,4.3046875,0.1328125,-0.1328125,6.109830333036371,-1809.7155600234514,0.03151305019855499,2.857250769933065,-0.0028940555445539453,0.0,0.0,0.0009960159659385681,0.0009960159659385681,0.9960158467292786,0.0009960159659385681,0.0009960159659385681
227,2.4059917385203673,4.811983477040735,-0.0053983391023356584,0.0009960159659385681,4.4453125,-0.53125,0.53125,6.320063124992885,-2278.998264024463,0.03151305019855499,2.803450753291448,-0.002624512077697242,0.0,0.0,0.0009960159659385681,0.0009960159659385681,0.9960158467292786,0.0009960159659385681,0.0009960159659385681
228,2.40618038799402,4.81236077598804,-0.009964430445050906,0.0009960159659385681,4.546875,-0.328125,0.328125,6.455177083029412,-1870.2117138859332,0.03151305019855499,2.7843562960624695,-0.0025529696916540465,0.0,0.0,0.0009960159659385681,0.0009960159659385681,0.9960158467292786,0.0009960159659385681,0.0009960159659385681
229,2.4063284359642925,4.812656871928585,-0.007300562121721981,0.0009960159659385681,4.390625,-0.53125,0.53125,6.216728500032332,-2160.186390316783,0.03151305019855499,2.746795892715454,-0.002386094153431865,0.0,0.0,0.0009960159659385681,0.0009960159659385681,0.9960158467292786,0.0009960159659385681,0.0009960159659385681
230,2.4065348974260523,4.813069794852105,-0.003904066860511057,0.0009960159659385681,4.5703125,0.5546875,-0.5546875,6.499924584000837,-2086.4829206091727,0.03151305019855499,2.76283265153567,-0.0026479435327928513,0.0,0.0,0.0009960159659385681,0.0009960159659385681,0.9960158467292786,0.0009960159659385681,0.0009960159659385681
231,2.4066717949572594,4.813343589914519,-0.004140592653190108,0.0009960159659385681,4.3828125,0.28125,-0.28125,6.229322917002719,-1504.2067405034302,0.03151305019855499,2.765077233314514,-0.002687752809530745,0.0,0.0,0.0009960159659385681,0.0009960159659385681,0.9960158467292786,0.0009960159659385681,0.0009960159659385681
232,2.4067087929498756,4.813417585899751,-0.006988438716095845,0.0009960159659385681,4.5859375,-0.09375,0.09375,6.460975916997995,-1645.4210928083482,0.03151305019855499,2.7462803522745767,-0.0027618118814037493,0.0,0.0,0.0009960159659385681,0.0009960159659385681,0.9960158467292786,0.0009960159659385681,0.0009960159659385681
233,2.406676872102973,4.813353744205946,-0.007563360195670393,0.0009960159659385681,4.5390625,-0.0390625,0.0390625,6.4654484169441275,-1830.1099584943865,0.03151305019855499,2.851471404234568,-0.00293438060907647,0.0,0.0,0.0009960159659385681,0.0009960159659385681,0.9960158467292786,0.0009960159659385681,0.0009960159659385681
234,2.40678563162182,4.81357126324364,-0.005313669952012968,0.0009960159659385681,4.7578125,-0.3046875,0.3046875,6.784089916967787,-1837.2625948588054,0.03151305019855499,2.7871247132619223,-0.0025252334938462204,0.0,0.0,0.0009960159659385681,0.0009960159659385681,0.9960158467292786,0.0009960159659385681,0.0009960159659385681
235,2.4068874604697146,4.813774920939429,-0.008517819073838383,0.0009960159659385681,4.578125,-0.5234375,0.5234375,6.458025042025838,-1665.9781731159615,0.03151305019855499,2.8181627889474234,-0.0024802923726383597,0.0,0.0,0.0009960159659385681,0.0009960159659385681,0.9960158467292786,0.0009960159659385681,0.0009960159659385681
236,2.4070024576525224,4.814004915305045,-0.012564944248271953,0.0009960159659385681,4.375,0.515625,-0.515625,6.26660058303969,-1996.50739802633,0.03151305019855499,2.790160576502482,-0.0029164695200355104,0.0,0.0,0.0009960159659385681,0.0009960159659385681,0.9960158467292786,0.0009960159659385681,0.0009960159659385681
237,2.4072478000375446,4.814495600075089,-0.010533997944758173,0.0009960159659385681,4.46875,-0.390625,0.390625,6.321494250034448,-2004.5096969237695,0.03151305019855499,2.759956489006678,-0.0026277074037655743,0.0,0.0,0.0009960159659385681,0.0009960159659385681,0.9960158467292786,0.0009960159659385681,0.0009960159659385681
238,2.4075533049262132,4.8151066098524264,-0.014207073846514186,0.0009960159659385681,4.5078125,0.4296875,-0.4296875,6.379930625029374,-1683.6783818157335,0.03151305019855499,2.826301415761312,-0.002892950430881077,0.0,0.0,0.0009960159659385681,0.0009960159659385681,0.9960158467292786,0.0009960159659385681,0.0009960159659385681
239,2.4079654096367937,4.8159308192735875,-0.006775608608875616,0.0009960159659385681,4.6796875,0.7421875,-0.7421875,6.662612792046275,-1971.3257178464198,0.03151305019855499,2.8047505219777427,-0.0030612137052230537,0.0,0.0,0.0009960159659385681,0.0009960159659385681,0.9960158467292786,0.0009960159659385681,0.0009960159659385681
240,2.408432677153705,4.81686535430741,-0.017659043063802594,0.0009960159659385681,4.4765625,-0.53125,0.53125,6.400969708978664,-1983.05995010123,0.03151305019855499,2.738124152024587,-0.0026143023424083367,0.0,0.0,0.0009960159659385681,0.0009960159659385681,0.9960158467292786,0.0009960159659385681,0.0009960159659385681
241,2.408917824137191,4.817835648274382,-0.010716353929499862,0.0009960159659385681,4.6953125,-0.109375,0.109375,6.703343792003579,-2235.55833846043,0.03151305019855499,2.6691625316937766,-0.0025922791198051223,0.0,0.0,0.0009960159659385681,0.0009960159659385681,0.9960158467292786,0.0009960159659385681,0.0009960159659385681
242,2.409293089789104,4.818586179578208,-0.008434285820536626,0.0009960159659385681,4.65625,0.453125,-0.453125,6.6010893330094405,-1850.5081666940011,0.03151305019855499,2.747201939423879,-0.0028628363264336563,0.0,0.0,0.0009960159659385681,0.0009960159659385681,0.9960158467292786,0.0009960159659385681,0.0009960159659385681
243,2.4096372824502246,4.819274564900449,-0.010969132944070066,0.0009960159659385681,4.6015625,-1.0234375,1.0234375,6.545709915983025,-1685.8175006471386,0.03151305019855499,2.7755738695462546,-0.0028678349238665155,0.0,0.0,0.0009960159659385681,0.0009960159659385681,0.9960158467292786,0.0009960159659385681,0.0009960159659385681
244,2.4099774618205974,4.819954923641195,-0.007867884560747801,0.0009960159659385681,4.65625,0.4765625,-0.4765625,6.635783582984004,-1675.3482531093111,0.03151305019855499,2.713149458169937,-0.0026904689245081195,0.0,0.0,0.0009960159659385681,0.0009960159659385681,0.9960158467292786,0.0009960159659385681,0.0009960159659385681
245,2.4103012306057923,4.8206024612115845,-0.00748364821334671,0.0009960159659385681,4.6953125,-0.2890625,0.2890625,6.609586042002775,-2098.231516303318,0.03151305019855499,2.7230592370033264,-0.0026622079409814128,0.0,0.0,0.0009960159659385681,0.0009960159659385681,0.9960158467292786,0.0009960159659385681,0.0009960159659385681
246,2.410667968396864,4.821335936793728,-0.004472036320594953,0.0009960159659385681,4.6171875,-0.015625,0.015625,6.546709541988093,-2517.2732518643093,0.03151305019855499,2.7496903936068215,-0.003086308487885011,0.0,0.0,0.0009960159659385681,0.0009960159659385681,0.9960158467292786,0.0009960159659385681,0.0009960159659385681
247,2.4109356641423965,4.821871328284793,-0.0024393503431242693,0.0009960159659385681,4.7578125,-0.1796875,0.1796875,6.842428874981124,-2366.987133755864,0.03151305019855499,2.794104109207789,-0.003250774626697724,0.0,0.0,0.0009960159659385681,0.0009960159659385681,0.9960158467292786,0.0009960159659385681,0.0009960159659385681
248,2.4112890179710824,4.822578035942165,-0.007587362151520381,0.0009960159659385681,4.4140625,-0.5,0.5,6.26640199997928,-2322.3020805561437,0.03151305019855499,2.868232309818268,-0.003607879839061449,0.0,0.0,0.0009960159659385681,0.0009960159659385681,0.9960158467292786,0.0009960159659385681,0.0009960159659385681
249,2.4116101247151667,4.823220249430333,-0.00501933853872601,0.0009960159659385681,4.671875,-0.984375,0.984375,6.598557209013961,-1680.933015727678,0.03151305019855499,2.830078492561976,-0.0032108994006800153,0.0,0.0,0.0009960159659385681,0.0009960159659385681,0.9960158467292786,0.0009960159659385681,0.0009960159659385681
250,2.411971037453414,4.823942074906828,-0.006468525029330028,0.0009960159659385681,4.5078125,-0.40625,0.40625,6.429404916998465,-2193.381085142932,0.03151305019855499,2.8295782804489136,-0.002993452365141517,0.0,0.0,0.0009960159659385681,0.0009960159659385681,0.9960158467292786,0.0009960159659385681,0.0009960159659385681
251,2.4120793243410796,4.824158648682159,-0.005090055762988762,0.0009960159659385681,4.65625,-0.2109375,0.2109375,6.616551084036473,-2593.603268959378,0.03151305019855499,2.84620867172877,-0.0031757153725872436,0.0,0.0,0.0009960159659385681,0.0009960159659385681,0.9960158467292786,0.0009960159659385681,0.0009960159659385681
252,2.4121824964203302,4.8243649928406604,-0.00876450214641798,0.0009960159659385681,4.53125,0.2890625,-0.2890625,6.405541709042154,-2113.259291977718,0.03151305019855499,2.7546338041623435,-0.0028739993892183215,0.0,0.0,0.0009960159659385681,0.0009960159659385681,0.9960158467292786,0.0009960159659385681,0.0009960159659385681
253,2.4123430682965132,4.8246861365930265,-0.012368295028584829,0.0009960159659385681,4.6796875,-0.515625,0.515625,6.758431583002675,-2369.36473476429,0.03151305019855499,2.7518479923407235,-0.00290523495641537,0.0,0.0,0.0009960159659385681,0.0009960159659385681,0.9960158467292786,0.0009960159659385681,0.0009960159659385681
254,2.412611088555154,4.825222177110308,-0.004812514099793474,0.0009960159659385681,4.515625,0.6875,-0.6875,6.355768874986097,-2368.867360091952,0.03151305019855499,2.8228967487812042,-0.0031474217685172334,0.0,0.0,0.0009960159659385681,0.0009960159659385681,0.9960158467292786,0.0009960159659385681,0.0009960159659385681
255,2.4127857586291768,4.8255715172583535,-0.008964299095882455,0.0009960159659385681,4.6328125,-0.109375,0.109375,6.530065625032876,-2491.160481985263,0.03151305019855499,2.876243809858958,-0.003355250790870438,0.0,0.0,0.0009960159659385681,0.0009960159659385681,0.9960158467292786,0.0009960159659385681,0.0009960159659385681
256,2.4129210348432775,4.825842069686555,-0.004436574332118964,0.0009960159659385681,4.6796875,0.59375,-0.59375,6.6177067090175115,-2116.3718632425807,0.03151305019855499,2.850605328877767,-0.0031167269917204976,0.0,0.0,0.0009960159659385681,0.0009960159659385681,0.9960158467292786,0.0009960159659385681,0.0009960159659385681
257,2.4130495396401406,4.826099079280281,-0.01014087804316113,0.0009960159659385681,4.578125,-0.4375,0.4375,6.4472772909794,-2784.939380854063,0.03151305019855499,2.853773911794027,-0.0032892968883970752,0.0,0.0,0.0009960159659385681,0.0009960159659385681,0.9960158467292786,0.0009960159659385681,0.0009960159659385681
258,2.4132175669105633,4.826435133821127,-0.006723475576746789,0.0009960159659385681,4.6796875,-0.3046875,0.3046875,6.615581457968801,-2382.0386275926694,0.03151305019855499,2.7605122228463492,-0.0026925397057008618,0.0,0.0,0.0009960159659385681,0.0009960159659385681,0.9960158467292786,0.0009960159659385681,0.0009960159659385681
259,2.4134046313238287,4.826809262647657,-0.01119278395971866,0.0009960159659385681,4.5703125,-0.3203125,0.3203125,6.527266749995761,-2412.4746052668643,0.03151305019855499,2.6852932075659433,-0.0026421210107704005,0.0,0.0,0.0009960159659385681,0.0009960159659385681,0.9960158467292786,0.0009960159659385681,0.0009960159659385681
260,2.4136503551182775,4.827300710236555,-0.009665310424282026,0.0009960159659385681,4.578125,0.03125,-0.03125,6.4819470410002396,-2513.3930736776097,0.03151305019855499,2.681553820768992,-0.0028214427632822967,0.0,0.0,0.0009960159659385681,0.0009960159659385681,0.9960158467292786,0.0009960159659385681,0.0009960159659385681
261,2.413793343115485,4.82758668623097,-0.003191383337314978,0.0009960159659385681,4.7578125,-0.0390625,0.0390625,6.759981292008888,-2713.842442429516,0.03151305019855499,2.7899321814378104,-0.0034917607360209026,0.0,0.0,0.0009960159659385681,0.0009960159659385681,0.9960158467292786,0.0009960159659385681,0.0009960159659385681
262,2.41382819560965,4.8276563912193,-0.001838838677700242,0.0009960159659385681,4.7734375,0.4765625,-0.4765625,6.886127042002045,-2225.9564118517987,0.03151305019855499,2.865655690431595,-0.0035242387966718525,0.0,0.0,0.0009960159659385681,0.0009960159659385681,0.9960158467292786,0.0009960159659385681,0.0009960159659385681
263,2.413891098798384,4.827782197596768,-0.0053875797896308425,0.0009960159659385681,4.6484375,0.1171875,-0.1171875,6.55677037499845,-2284.5440722746007,0.03151305019855499,2.8969727059205375,-0.003518228438527634,0.0,0.0,0.0009960159659385681,0.0009960159659385681,0.9960158467292786,0.0009960159659385681,0.0009960159659385681
264,2.414085145425676,4.828170290851352,-0.011193573199821926,0.0009960159659385681,4.6171875,0.0,0.0,6.477602166996803,-3067.8979447973156,0.03151305019855499,2.839031398296356,-0.003191854698040212,0.0,0.0,0.0009960159659385681,0.0009960159659385681,0.9960158467292786,0.0009960159659385681,0.0009960159659385681
265,2.41431778769663,4.82863557539326,-0.011510546102609698,0.0009960159659385681,4.5703125,0.0625,-0.0625,6.5006753749912605,-2710.0611818036464,0.03151305019855499,2.903464049100876,-0.00350335029118772,0.0,0.0,0.0009960159659385681,0.0009960159659385681,0.9960158467292786,0.0009960159659385681,0.0009960159659385681
266,2.414577262172399,4.829154524344798,-0.003140270199031961,0.0009960159659385681,4.78125,0.0,0.0,6.675754665979184,-3548.130938261942,0.03151305019855499,2.8688206473986306,-0.003387929199864933,0.0,0.0,0.0009960159659385681,0.0009960159659385681,0.9960158467292786,0.0009960159659385681,0.0009960159659385681
267,2.414793942641589,4.829587885283178,0.0001174920094057919,0.0009960159659385681,4.5859375,0.7265625,-0.7265625,6.475709874997847,-2757.065748432426,0.03151305019855499,2.9820887049039206,-0.003849703799157093,0.0,0.0,0.0009960159659385681,0.0009960159659385681,0.9960158467292786,0.0009960159659385681,0.0009960159659385681
268,2.4148664156449122,4.8297328312898244,-0.008812281108149776,0.0009960159659385681,4.59375,-0.5078125,0.5078125,6.5054952499922365,-3112.2346002228405,0.03151305019855499,2.984904299179713,-0.0036491988381991782,0.0,0.0,0.0009960159659385681,0.0009960159659385681,0.9960158467292786,0.0009960159659385681,0.0009960159659385681
269,2.41499524143451,4.82999048286902,-0.006319868018843639,0.0009960159659385681,4.546875,0.109375,-0.109375,6.421807250007987,-2550.4409897728883,0.03151305019855499,2.925927460193634,-0.0035225254202183955,0.0,0.0,0.0009960159659385681,0.0009960159659385681,0.9960158467292786,0.0009960159659385681,0.0009960159659385681
270,2.4150032624574242,4.8300065249148485,-0.008165604188327076,0.0009960159659385681,4.5703125,-0.2734375,0.2734375,6.441137875022832,-2370.2291320996405,0.03151305019855499,2.897798091173172,-0.0032233015032640346,0.0,0.0,0.0009960159659385681,0.0009960159659385681,0.9960158467292786,0.0009960159659385681,0.0009960159659385681
271,2.415216812686168,4.830433625372336,-0.014533468982710507,0.0009960159659385681,4.4140625,0.40625,-0.40625,6.40211695805192,-2285.761020606387,0.03151305019855499,2.88705638051033,-0.0032804518026144556,0.0,0.0,0.0009960159659385681,0.0009960159659385681,0.9960158467292786,0.0009960159659385681,0.0009960159659385681
272,2.415216065935876,4.830432131871752,-0.006304515800897637,0.0009960159659385681,4.7421875,0.3359375,-0.3359375,6.657816999999341,-2519.8420760391964,0.03151305019855499,2.9763369460900626,-0.003908869955921546,0.0,0.0,0.0009960159659385681,0.0009960159659385681,0.9960158467292786,0.0009960159659385681,0.0009960159659385681
273,2.4152802906028317,4.830560581205663,-0.0021301714533155133,0.0009960159659385681,4.609375,0.015625,-0.015625,6.512587792007253,-3721.7680225566282,0.03151305019855499,3.006197601556778,-0.003838969646797826,0.0,0.0,0.0009960159659385681,0.0009960159659385681,0.9960158467292786,0.0009960159659385681,0.0009960159659385681
274,2.415329072753618,4.830658145507236,-0.008668463349646195,0.0009960159659385681,4.5234375,-0.296875,0.296875,6.379819041991141,-3444.05900086846,0.03151305019855499,3.061674694220225,-0.0040475848654750735,0.0,0.0,0.0009960159659385681,0.0009960159659385681,0.9960158467292786,0.0009960159659385681,0.0009960159659385681
275,2.4154101577621376,4.830820315524275,-0.005381819935939439,0.0009960159659385681,4.6875,0.09375,-0.09375,6.572731791995466,-3398.120537853241,0.03151305019855499,3.1001398265361786,-0.003998379674158059,0.0,0.0,0.0009960159659385681,0.0009960159659385681,0.9960158467292786,0.0009960159659385681,0.0009960159659385681
276,2.4154526410167296,4.830905282033459,-0.00948044843359823,0.0009960159659385681,4.6796875,0.3203125,-0.3203125,6.6381484170560725,-4071.796715082032,0.03151305019855499,3.10750804344813,-0.0041157828430489945,0.0,0.0,0.0009960159659385681,0.0009960159659385681,0.9960158467292786,0.0009960159659385681,0.0009960159659385681
277,2.415569461786208,4.831138923572416,-0.0027506672228133737,0.0009960159659385681,4.8125,0.2734375,-0.2734375,6.8106850409531035,-3346.2501078333175,0.03151305019855499,2.983601212501526,-0.003313378207773591,0.0,0.0,0.0009960159659385681,0.0009960159659385681,0.9960158467292786,0.0009960159659385681,0.0009960159659385681
278,2.4156743569536276,4.831348713907255,-0.007034003823686046,0.0009960159659385681,4.640625,-0.359375,0.359375,6.507112667022739,-3338.718936952276,0.03151305019855499,2.8957074781258902,-0.0030992264995196215,0.0,0.0,0.0009960159659385681,0.0009960159659385681,0.9960158467292786,0.0009960159659385681,0.0009960159659385681
279,2.415836938628903,4.831673877257806,-0.010586727586511375,0.0009960159659385681,4.8046875,0.6640625,-0.6640625,6.7795889169792645,-3512.694557438052,0.03151305019855499,2.842230131228765,-0.003200802350572,0.0,0.0,0.0009960159659385681,0.0009960159659385681,0.9960158467292786,0.0009960159659385681,0.0009960159659385681
280,2.415996146937915,4.83199229387583,-0.004097875924402775,0.0009960159659385681,4.78125,-0.0234375,0.0234375,6.758659416984301,-3318.0216146606244,0.03151305019855499,2.959657738606135,-0.003989062533946708,0.0,0.0,0.0009960159659385681,0.0009960159659385681,0.9960158467292786,0.0009960159659385681,0.0009960159659385681
281,2.4161362939618884,4.832272587923777,-0.010894844119204355,0.0009960159659385681,4.6953125,-0.1328125,0.1328125,6.590829958964605,-3472.0873845333663,0.03151305019855499,2.9720428586006165,-0.004044400935526937,0.0,0.0,0.0009960159659385681,0.0009960159659385681,0.9960158467292786,0.0009960159659385681,0.0009960159659385681
282,2.4164699111151084,4.832939822230217,-0.007043008567589455,0.0009960159659385681,4.8046875,0.71875,-0.71875,6.912116500025149,-3139.063473616189,0.03151305019855499,2.9369148512681327,-0.003441640287443685,0.0,0.0,0.0009960159659385681,0.0009960159659385681,0.9960158467292786,0.0009960159659385681,0.0009960159659385681
283,2.416828708335838,4.833657416671676,-0.011453913985154609,0.0009960159659385681,4.7265625,0.6953125,-0.6953125,6.64752125000814,-2815.2101158709565,0.03151305019855499,2.944797605276108,-0.003445607319008559,0.0,0.0,0.0009960159659385681,0.0009960159659385681,0.9960158467292786,0.0009960159659385681,0.0009960159659385681
284,2.417129790641698,4.834259581283396,-0.008891858019003303,0.0009960159659385681,4.625,-0.25,0.25,6.529375916987192,-3684.1873045612024,0.03151305019855499,3.019324322541555,-0.003707086065939317,0.0,0.0,0.0009960159659385681,0.0009960159659385681,0.9960158467292786,0.0009960159659385681,0.0009960159659385681
285,2.4175107949534937,4.8350215899069875,-0.005129115000458959,0.0009960159659385681,4.5390625,0.890625,-0.890625,6.445474624983035,-3323.3126500797766,0.03151305019855499,3.058638979991277,-0.004337937401335997,0.0,0.0,0.0009960159659385681,0.0009960159659385681,0.9960158467292786,0.0009960159659385681,0.0009960159659385681
286,2.4178175489505525,4.835635097901105,-0.007206150598958137,0.0009960159659385681,4.7421875,-0.1484375,0.1484375,6.645523375016637,-4141.52990552346,0.03151305019855499,3.037289947271347,-0.00409937550042135,0.0,0.0,0.0009960159659385681,0.0009960159659385681,0.9960158467292786,0.0009960159659385681,0.0009960159659385681
287,2.418131068261711,4.836262136523422,-0.0017001039053090394,0.0009960159659385681,4.375,-0.625,0.625,6.1713900419999845,-2926.7286789417267,0.03151305019855499,3.085924963156382,-0.004030329311111321,0.0,0.0,0.0009960159659385681,0.0009960159659385681,0.9960158467292786,0.0009960159659385681,0.0009960159659385681
288,2.4184298670832742,4.8368597341665485,-0.004576385583249563,0.0009960159659385681,4.8359375,-0.515625,0.515625,6.82095812499756,-3660.441926922282,0.03151305019855499,3.0201697250207267,-0.003531638804512719,0.0,0.0,0.0009960159659385681,0.0009960159659385681,0.9960158467292786,0.0009960159659385681,0.0009960159659385681
289,2.418860565810683,4.837721131621366,-0.009670093526282935,0.0009960159659385681,4.765625,0.0703125,-0.0703125,6.8079852079972625,-4123.2369285896175,0.03151305019855499,2.9593594471613565,-0.003354551581044992,0.0,0.0,0.0009960159659385681,0.0009960159659385681,0.9960158467292786,0.0009960159659385681,0.0009960159659385681
290,2.419179173087257,4.838358346174514,-0.004043259751537265,0.0009960159659385681,4.53125,-0.1640625,0.1640625,6.408366792020388,-3944.140005677322,0.03151305019855499,3.145910302797953,-0.004205080132427004,0.0,0.0,0.0009960159659385681,0.0009960159659385681,0.9960158467292786,0.0009960159659385681,0.0009960159659385681
291,2.419477497301148,4.838954994602296,-0.0033182328949725873,0.0009960159659385681,4.5390625,0.3359375,-0.3359375,6.470928249997087,-4535.714702442057,0.03151305019855499,3.172132929166158,-0.004552633554946321,0.0,0.0,0.0009960159659385681,0.0009960159659385681,0.9960158467292786,0.0009960159659385681,0.0009960159659385681
292,2.419840491474989,4.839680982949978,-0.01109812982425082,0.0009960159659385681,4.65625,0.765625,-0.765625,6.5891057919943705,-4270.7159577184075,0.03151305019855499,3.1475232938925424,-0.004265502046716089,0.0,0.0,0.0009960159659385681,0.0009960159659385681,0.9960158467292786,0.0009960159659385681,0.0009960159659385681
293,2.420143965188336,4.840287930376672,-0.011219261960802166,0.0009960159659385681,4.7578125,-0.3125,0.3125,6.706245791981928,-3977.597169321746,0.03151305019855499,3.1898389061292014,-0.004264103549454982,0.0,0.0,0.0009960159659385681,0.0009960159659385681,0.9960158467292786,0.0009960159659385681,0.0009960159659385681
294,2.4204085975270635,4.840817195054127,-0.0030360944844670685,0.0009960159659385681,4.7421875,-0.1015625,0.1015625,6.6825341249932535,-4045.8353461779325,0.03151305019855499,3.184851735830307,-0.004284058425885935,0.0,0.0,0.0009960159659385681,0.0009960159659385681,0.9960158467292786,0.0009960159659385681,0.0009960159659385681
295,2.420840934194637,4.841681868389274,-0.002952067714591547,0.0009960159659385681,4.7421875,-0.25,0.25,6.601694708981086,-4205.991747345523,0.03151305019855499,3.094197243452072,-0.003668530029244721,0.0,0.0,0.0009960159659385681,0.0009960159659385681,0.9960158467292786,0.0009960159659385681,0.0009960159659385681
296,2.421339356781213,4.842678713562426,-0.015983386231999658,0.0009960159659385681,4.8046875,0.171875,-0.171875,6.7414744579582475,-4476.756016801043,0.03151305019855499,3.2161213060220084,-0.004402422986458987,0.0,0.0,0.0009960159659385681,0.0009960159659385681,0.9960158467292786,0.0009960159659385681,0.0009960159659385681
297,2.421862437872928,4.843724875745856,-0.00747194752871545,0.0009960159659385681,4.7578125,0.6796875,-0.6796875,6.717470542003866,-6573.50014096841,0.03151305019855499,3.224129229784012,-0.004617005067605835,0.0,0.0,0.0009960159659385681,0.0009960159659385681,0.9960158467292786,0.0009960159659385681,0.0009960159659385681
298,2.4223924469361404,4.844784893872281,-0.009639517786404346,0.0009960159659385681,4.71875,-0.15625,0.15625,6.711360917019192,-3953.3170085048046,0.03151305019855499,3.311342845360438,-0.004548082060258214,0.0,0.0,0.0009960159659385681,0.0009960159659385681,0.9960158467292786,0.0009960159659385681,0.0009960159659385681
299,2.4229374957938976,4.845874991587795,-0.007710988113876708,0.0009960159659385681,4.546875,0.4765625,-0.4765625,6.381443333986681,-5119.1233389221925,0.03151305019855499,3.2383879125118256,-0.004179937464262669,0.0,0.0,0.0009960159659385681,0.0009960159659385681,0.9960158467292786,0.0009960159659385681,0.0009960159659385681
300,2.4235247376543283,4.847049475308657,-0.008726328191173015,0.0009960159659385681,4.6796875,0.0703125,-0.0703125,6.611867083993275,-5355.8442256717335,0.03151305019855499,3.175662328799566,-0.0038812041263251254,0.0,0.0,0.0009960159659385681,0.0009960159659385681,0.9960158467292786,0.0009960159659385681,0.0009960159659385681
301,2.4240815503545683,4.848163100709137,-0.011350080150306197,0.0009960159659385681,4.734375,0.6171875,-0.6171875,6.695731916988734,-3734.0088598861944,0.03151305019855499,3.0601948499679565,-0.0037339526849488416,0.0,0.0,0.0009960159659385681,0.0009960159659385681,0.9960158467292786,0.0009960159659385681,0.0009960159659385681
302,2.424636124722904,4.849272249445808,-0.01429643439637961,0.0009960159659385681,4.703125,0.0234375,-0.0234375,6.60806933301501,-4303.631023977286,0.03151305019855499,3.237937112649282,-0.004593565924248348,0.0,0.0,0.0009960159659385681,0.0009960159659385681,0.9960158467292786,0.0009960159659385681,0.0009960159659385681
303,2.42521303944818,4.85042607889636,-0.019001206613491563,0.0009960159659385681,4.6015625,-0.453125,0.453125,6.5104012079536915,-4601.638026239107,0.03151305019855499,3.3685668110847473,-0.005146489294323449,0.0,0.0,0.0009960159659385681,0.0009960159659385681,0.9960158467292786,0.0009960159659385681,0.0009960159659385681
304,2.4257973580985253,4.8515947161970505,-0.00999348763749769,0.0009960159659385681,4.609375,-0.84375,0.84375,6.577984582982026,-4815.32554144132,0.03151305019855499,3.4566189547379813,-0.005187793237079556,0.0,0.0,0.0009960159659385681,0.0009960159659385681,0.9960158467292786,0.0009960159659385681,0.0009960159659385681
305,2.4263739477085386,4.852747895417077,-0.007099434772372994,0.0009960159659385681,4.78125,-0.0546875,0.0546875,6.709935541963205,-4297.321077446532,0.03151305019855499,3.3322884837786355,-0.004446845394947256,0.0,0.0,0.0009960159659385681,0.0009960159659385681,0.9960158467292786,0.0009960159659385681,0.0009960159659385681
306,2.427028586090317,4.854057172180634,-0.006210126918512653,0.0009960159659385681,4.6796875,0.359375,-0.359375,6.635760667035356,-5746.768776678681,0.03151305019855499,3.270446131626765,-0.004068068980510968,0.0,0.0,0.0009960159659385681,0.0009960159659385681,0.9960158467292786,0.0009960159659385681,0.0009960159659385681
307,2.427715130868584,4.855430261737168,-0.009407267331715144,0.0009960159659385681,4.796875,0.453125,-0.453125,6.864198791969102,-5119.045781374754,0.03151305019855499,3.243265300989151,-0.004134052418521605,0.0,0.0,0.0009960159659385681,0.0009960159659385681,0.9960158467292786,0.0009960159659385681,0.0009960159659385681
308,2.4283036318504596,4.856607263700919,-0.005774827207380895,0.0009960159659385681,4.5546875,0.3671875,-0.3671875,6.410474625008646,-4944.224451683398,0.03151305019855499,3.3810269435246787,-0.004960807942552492,0.0,0.0,0.0009960159659385681,0.0009960159659385681,0.9960158467292786,0.0009960159659385681,0.0009960159659385681
309,2.428956502469921,4.857913004939842,-0.0069704134320940185,0.0009960159659385681,4.484375,0.5546875,-0.5546875,6.360799334011972,-5418.018825079091,0.03151305019855499,3.4677743713061013,-0.004983985495831196,0.0,0.0,0.0009960159659385681,0.0009960159659385681,0.9960158467292786,0.0009960159659385681,0.0009960159659385681
310,2.429526442868651,4.859052885737302,-0.009916519050186291,0.0009960159659385681,4.7578125,0.2421875,-0.2421875,6.6949676660005935,-5084.285530178026,0.03151305019855499,3.391058107217153,-0.005219677264297691,0.0,0.0,0.0009960159659385681,0.0009960159659385681,0.9960158467292786,0.0009960159659385681,0.0009960159659385681
311,2.430166235361701,4.860332470723402,-0.008764413457736127,0.0009960159659385681,4.7578125,0.59375,-0.59375,6.698451792006381,-3951.760115274263,0.03151305019855499,3.2831440965334573,-0.004313542876237382,0.0,0.0,0.0009960159659385681,0.0009960159659385681,0.9960158467292786,0.0009960159659385681,0.0009960159659385681
312,2.4306655738368925,4.861331147673785,-0.005830839707121028,0.0009960159659385681,4.8046875,-1.09375,1.09375,6.775648624985479,-4549.087888503656,0.03151305019855499,3.233694404363632,-0.004079504093776147,0.0,0.0,0.0009960159659385681,0.0009960159659385681,0.9960158467292786,0.0009960159659385681,0.0009960159659385681
313,2.4311419120696693,4.862283824139339,-0.008563988654589929,0.0009960159659385681,4.8046875,0.140625,-0.140625,6.718052040960174,-4923.784486724109,0.03151305019855499,3.1567004720369973,-0.003953151773506154,0.0,0.0,0.0009960159659385681,0.0009960159659385681,0.9960158467292786,0.0009960159659385681,0.0009960159659385681
314,2.431526133587106,4.863052267174212,-0.010607380444328504,0.0009960159659385681,4.6875,0.234375,-0.234375,6.574869458039757,-5767.991923421224,0.03151305019855499,3.190815498431524,-0.004551278204113866,0.0,0.0,0.0009960159659385681,0.0009960159659385681,0.9960158467292786,0.0009960159659385681,0.0009960159659385681
315,2.4319390464148274,4.863878092829655,-0.007169072722153174,0.0009960159659385681,4.609375,0.6328125,-0.6328125,6.552832624991424,-6001.337601768364,0.03151305019855499,3.2213112513224282,-0.004549540695734322,0.0,0.0,0.0009960159659385681,0.0009960159659385681,0.9960158467292786,0.0009960159659385681,0.0009960159659385681
316,2.4323676606402205,4.864735321280441,-0.014607827752483683,0.0009960159659385681,4.828125,0.4765625,-0.4765625,6.853464249987155,-6655.202169362781,0.03151305019855499,3.2941275437672934,-0.004804336892751356,0.0,0.0,0.0009960159659385681,0.0009960159659385681,0.9960158467292786,0.0009960159659385681,0.0009960159659385681
317,2.432846055461593,4.865692110923186,-0.005379571407994212,0.0009960159659385681,4.625,-0.390625,0.390625,6.509300583042204,-6368.154698822949,0.03151305019855499,3.2638143599033356,-0.004428489502364148,0.0,0.0,0.0009960159659385681,0.0009960159659385681,0.9960158467292786,0.0009960159659385681,0.0009960159659385681
318,2.4333609121684567,4.8667218243369135,-0.013691252508978298,0.0009960159659385681,4.6640625,0.6484375,-0.6484375,6.58723549998831,-5190.8529192287115,0.03151305019855499,3.2647109627723694,-0.004335003570304252,0.0,0.0,0.0009960159659385681,0.0009960159659385681,0.9960158467292786,0.0009960159659385681,0.0009960159659385681
319,2.4339248461824265,4.867849692364853,-0.017724095542769797,0.0009960159659385681,4.703125,-0.3984375,0.3984375,6.581734083010815,-4963.28538637383,0.03151305019855499,3.240000238021215,-0.004298157097461323,0.0,0.0,0.0009960159659385681,0.0009960159659385681,0.9960158467292786,0.0009960159659385681,0.0009960159659385681
320,2.4343979329564966,4.868795865912993,-0.01637508454348597,0.0009960159659385681,4.625,0.375,-0.375,6.475303667015396,-5020.542657040261,0.03151305019855499,3.2639009753863015,-0.004772372068449234,0.0,0.0,0.0009960159659385681,0.0009960159659385681,0.9960158467292786,0.0009960159659385681,0.0009960159659385681
321,2.4348338913776724,4.869667782755345,-0.010114039440374093,0.0009960159659385681,4.7109375,-0.0234375,0.0234375,6.59147591603687,-3816.1123387730536,0.03151305019855499,3.38392706712087,-0.005379723171548297,0.0,0.0,0.0009960159659385681,0.0009960159659385681,0.9960158467292786,0.0009960159659385681,0.0009960159659385681
322,2.435247917264959,4.870495834529918,-0.009169214767198654,0.0009960159659385681,4.7890625,-0.421875,0.421875,6.700648166995961,-4174.174322455004,0.03151305019855499,3.434353917837143,-0.005513140320545062,0.0,0.0,0.0009960159659385681,0.0009960159659385681,0.9960158467292786,0.0009960159659385681,0.0009960159659385681
323,2.435695154922844,4.871390309845688,-0.008548764104376959,0.0009960159659385681,4.6171875,-0.359375,0.359375,6.4887969169649296,-6017.73820926776,0.03151305019855499,3.4209185739358268,-0.005062047460038836,0.0,0.0,0.0009960159659385681,0.0009960159659385681,0.9960158467292786,0.0009960159659385681,0.0009960159659385681
324,2.4361741346400865,4.872348269280173,-0.010316720238170997,0.0009960159659385681,4.78125,0.0078125,-0.0078125,6.708145249984227,-5362.31423071319,0.03151305019855499,3.455734074115753,-0.00490079772619841,0.0,0.0,0.0009960159659385681,0.0009960159659385681,0.9960158467292786,0.0009960159659385681,0.0009960159659385681
325,2.436498788501986,4.872997577003972,-0.010551716355703912,0.0009960159659385681,4.515625,0.578125,-0.578125,6.412146249960642,-6073.677451071029,0.03151305019855499,3.4605356057484946,-0.004996129573555663,0.0,0.0,0.0009960159659385681,0.0009960159659385681,0.9960158467292786,0.0009960159659385681,0.0009960159659385681
326,2.436910294369654,4.873820588739308,-0.008414412787716156,0.0009960159659385681,4.71875,-0.296875,0.296875,6.790684083011001,-6887.55561346092,0.03151305019855499,3.441002835830053,-0.004835633386392146,0.0,0.0,0.0009960159659385681,0.0009960159659385681,0.9960158467292786,0.0009960159659385681,0.0009960159659385681
327,2.4373795287495597,4.874759057499119,-0.013334073163993376,0.0009960159659385681,4.7265625,0.609375,-0.609375,6.68305325001711,-6592.283888068081,0.03151305019855499,3.543059209982554,-0.005564754227331529,0.0,0.0,0.0009960159659385681,0.0009960159659385681,0.9960158467292786,0.0009960159659385681,0.0009960159659385681
328,2.4377347497468786,4.875469499493757,-0.0010884611252275347,0.0009960159659385681,4.59375,0.03125,-0.03125,6.440787875035312,-5316.393993779916,0.03151305019855499,3.59832626581192,-0.005627452376453827,0.0,0.0,0.0009960159659385681,0.0009960159659385681,0.9960158467292786,0.0009960159659385681,0.0009960159659385681
329,2.437878405299466,4.875756810598932,-0.00757126513574878,0.0009960159659385681,4.5625,0.4140625,-0.4140625,6.496077374962624,-5828.133066308009,0.03151305019855499,3.5939645071824393,-0.0055827671409739805,0.0,0.0,0.0009960159659385681,0.0009960159659385681,0.9960158467292786,0.0009960159659385681,0.0009960159659385681
330,2.438038984979759,4.876077969959518,-0.009091633758062106,0.0009960159659385681,4.7421875,-0.28125,0.28125,6.655292125011329,-5994.711873565121,0.03151305019855499,3.585873087247213,-0.005390698708652053,0.0,0.0,0.0009960159659385681,0.0009960159659385681,0.9960158467292786,0.0009960159659385681,0.0009960159659385681
331,2.438303189306902,4.876606378613804,-0.008227631158589632,0.0009960159659385681,4.5625,0.328125,-0.328125,6.41850924998289,-5602.3887442628,0.03151305019855499,3.5438531239827475,-0.005509209809436773,0.0,0.0,0.0009960159659385681,0.0009960159659385681,0.9960158467292786,0.0009960159659385681,0.0009960159659385681
332,2.4385802878157854,4.877160575631571,-0.012060757121033286,0.0009960159659385681,4.6640625,0.109375,-0.109375,6.624346416967455,-6838.676729467446,0.03151305019855499,3.4924206733703613,-0.004968173122809579,0.0,0.0,0.0009960159659385681,0.0009960159659385681,0.9960158467292786,0.0009960159659385681,0.0009960159659385681
333,2.438950730050223,4.877901460100446,-0.0035281348430524187,0.0009960159659385681,4.5703125,0.3203125,-0.3203125,6.423806209000759,-5819.127554347372,0.03151305019855499,3.51233634352684,-0.005351760851529737,0.0,0.0,0.0009960159659385681,0.0009960159659385681,0.9960158467292786,0.0009960159659385681,0.0009960159659385681
334,2.4392791884661067,4.878558376932213,-0.008845628277097312,0.0009960159659385681,4.7578125,0.3828125,-0.3828125,6.691972333006561,-7018.8262338998475,0.03151305019855499,3.5238178769747415,-0.005494331145503868,0.0,0.0,0.0009960159659385681,0.0009960159659385681,0.9960158467292786,0.0009960159659385681,0.0009960159659385681
335,2.439468022111174,4.878936044222348,-0.016733506615620366,0.0009960159659385681,4.703125,0.40625,-0.40625,6.6741790840169415,-8319.850265186094,0.03151305019855499,3.573763847351074,-0.005669722217135131,0.0,0.0,0.0009960159659385681,0.0009960159659385681,0.9960158467292786,0.0009960159659385681,0.0009960159659385681
336,2.439765786671446,4.879531573342892,-0.007123579846710476,0.0009960159659385681,4.796875,-0.6796875,0.6796875,6.712791417026892,-6826.997715518219,0.03151305019855499,3.5516960620880127,-0.0053514583754198,0.0,0.0,0.0009960159659385681,0.0009960159659385681,0.9960158467292786,0.0009960159659385681,0.0009960159659385681
337,2.440086087568098,4.880172175136196,-0.014210026647025255,0.0009960159659385681,4.703125,0.34375,-0.34375,6.5913853329839185,-7014.517251581845,0.03151305019855499,3.4568457305431366,-0.005026756989536807,0.0,0.0,0.0009960159659385681,0.0009960159659385681,0.9960158467292786,0.0009960159659385681,0.0009960159659385681
338,2.4404917351282256,4.880983470256451,-0.01154181351816962,0.0009960159659385681,4.78125,0.46875,-0.46875,6.782861500047147,-7294.323595483319,0.03151305019855499,3.451956937710444,-0.004898515806416981,0.0,0.0,0.0009960159659385681,0.0009960159659385681,0.9960158467292786,0.0009960159659385681,0.0009960159659385681
339,2.4409080415397444,4.881816083079489,-0.0064658878529834365,0.0009960159659385681,4.734375,0.296875,-0.296875,6.652472833986394,-6892.776525453372,0.03151305019855499,3.5216248432795205,-0.005407558530957128,0.0,0.0,0.0009960159659385681,0.0009960159659385681,0.9960158467292786,0.0009960159659385681,0.0009960159659385681
340,2.4413198303488026,4.882639660697605,-0.009654834316026737,0.0009960159659385681,4.8125,0.5625,-0.5625,6.715282958990429,-4824.3703799928935,0.03151305019855499,3.6532150705655417,-0.006033562822267413,0.0,0.0,0.0009960159659385681,0.0009960159659385681,0.9960158467292786,0.0009960159659385681,0.0009960159659385681
341,2.4417639311912236,4.883527862382447,-0.009007049980386282,0.0009960159659385681,4.75,0.1953125,-0.1953125,6.7127969159628265,-6109.007739782333,0.03151305019855499,3.6505609850088754,-0.0059141264743326856,0.0,0.0,0.0009960159659385681,0.0009960159659385681,0.9960158467292786,0.0009960159659385681,0.0009960159659385681
342,2.442290225268238,4.884580450536476,-0.007689297734622462,0.0009960159659385681,4.625,-0.3203125,0.3203125,6.563897582993377,-7868.745149367564,0.03151305019855499,3.6541028718153634,-0.006054332247003913,0.0,0.0,0.0009960159659385681,0.0009960159659385681,0.9960158467292786,0.0009960159659385681,0.0009960159659385681
343,2.4427727503960934,4.885545500792187,-0.012017864142304956,0.0009960159659385681,4.6328125,-0.125,0.125,6.546177957963664,-8027.105015875316,0.03151305019855499,3.7263964116573334,-0.0059946575202047825,0.0,0.0,0.0009960159659385681,0.0009960159659385681,0.9960158467292786,0.0009960159659385681,0.0009960159659385681
344,2.443031246382671,4.886062492765342,-0.012562539048382608,0.0009960159659385681,4.6171875,0.375,-0.375,6.610338416998275,-7926.534351781338,0.03151305019855499,3.6281984051068625,-0.005409511883044615,0.0,0.0,0.0009960159659385681,0.0009960159659385681,0.9960158467292786,0.0009960159659385681,0.0009960159659385681
345,2.443277151412953,4.886554302825906,-0.007894292044944013,0.0009960159659385681,4.7265625,-0.7421875,0.7421875,6.615044292004313,-9399.692599260314,0.03151305019855499,3.5815290908018746,-0.0054391903201273335,0.0,0.0,0.0009960159659385681,0.0009960159659385681,0.9960158467292786,0.0009960159659385681,0.0009960159659385681
346,2.44360650257899,4.88721300515798,-0.0049648801692201185,0.0009960159659385681,4.5625,-1.1484375,1.1484375,6.4030710000079125,-5999.654329626527,0.03151305019855499,3.5466169516245523,-0.005247681993447865,0.0,0.0,0.0009960159659385681,0.0009960159659385681,0.9960158467292786,0.0009960159659385681,0.0009960159659385681
347,2.4439644395289672,4.8879288790579345,-0.011115812929254473,0.0009960159659385681,4.6640625,-0.8515625,0.8515625,6.6690402499516495,-5088.686436153137,0.03151305019855499,3.510370353857676,-0.0052033819374628365,0.0,0.0,0.0009960159659385681,0.0009960159659385681,0.9960158467292786,0.0009960159659385681,0.0009960159659385681
348,2.4442459653004076,4.888491930600815,-0.013736859919420712,0.0009960159659385681,4.5546875,-0.515625,0.515625,6.450574707996566,-7514.985577395196,0.03151305019855499,3.6306968331336975,-0.005953502647268276,0.0,0.0,0.0009960159659385681,0.0009960159659385681,0.9960158467292786,0.0009960159659385681,0.0009960159659385681
349,2.444530939426528,4.889061878853056,-0.006798007873881633,0.0009960159659385681,4.9140625,0.4609375,-0.4609375,7.157782499969471,-7581.007759094238,0.03151305019855499,3.7057816286881766,-0.0064379766990896314,0.0,0.0,0.0009960159659385681,0.0009960159659385681,0.9960158467292786,0.0009960159659385681,0.0009960159659385681
350,2.4449170330474903,4.889834066094981,-0.012733026643048635,0.0009960159659385681,4.640625,0.046875,-0.046875,6.498322375002317,-7527.465088288792,0.03151305019855499,3.7496876219908395,-0.006434566157016282,0.0,0.0,0.0009960159659385681,0.0009960159659385681,0.9960158467292786,0.0009960159659385681,0.0009960159659385681
351,2.445290261165284,4.890580522330568,-0.010706612755301855,0.0009960159659385681,4.859375,0.0,0.0,6.859061916999053,-7793.143477841589,0.03151305019855499,3.8604011634985604,-0.0066357714143426465,0.0,0.0,0.0009960159659385681,0.0009960159659385681,0.9960158467292786,0.0009960159659385681,0.0009960159659385681
352,2.445687577456565,4.89137515491313,-0.007979037765403528,0.0009960159659385681,4.5546875,-0.4375,0.4375,6.468883124995045,-7557.148866080911,0.03151305019855499,3.743333329757055,-0.005756206500033538,0.0,0.0,0.0009960159659385681,0.0009960159659385681,0.9960158467292786,0.0009960159659385681,0.0009960159659385681
353,2.4461883143037477,4.8923766286074954,-0.006319095039250823,0.0009960159659385681,4.71875,-0.3359375,0.3359375,6.717806665983517,-5106.825483840033,0.03151305019855499,3.667253871758779,-0.0058810324990190566,0.0,0.0,0.0009960159659385681,0.0009960159659385681,0.9960158467292786,0.0009960159659385681,0.0009960159659385681
354,2.4466003888690615,4.893200777738123,-0.007008844990778327,0.0009960159659385681,4.4609375,0.2265625,-0.2265625,6.300932499987539,-7122.387959094473,0.03151305019855499,3.677486151456833,-0.005738947181574379,0.0,0.0,0.0009960159659385681,0.0009960159659385681,0.9960158467292786,0.0009960159659385681,0.0009960159659385681
355,2.4470058130117733,4.894011626023547,-0.016076700762654477,0.0009960159659385681,4.59375,0.734375,-0.734375,6.448134167003445,-8056.019502847373,0.03151305019855499,3.813587019840876,-0.006391489960757705,0.0,0.0,0.0009960159659385681,0.0009960159659385681,0.9960158467292786,0.0009960159659385681,0.0009960159659385681
356,2.4474124130654173,4.894824826130835,-0.012255208799452418,0.0009960159659385681,4.59375,0.875,-0.875,6.500716249982361,-5615.52450927423,0.03151305019855499,3.8371942937374115,-0.006639965824433602,0.0,0.0,0.0009960159659385681,0.0009960159659385681,0.9960158467292786,0.0009960159659385681,0.0009960159659385681
357,2.4477875211560893,4.895575042312179,-0.009607998532557272,0.0009960159659385681,4.5625,0.8984375,-0.8984375,6.415403291990515,-7250.436389139254,0.03151305019855499,3.858847459157308,-0.006808461039327085,0.0,0.0,0.0009960159659385681,0.0009960159659385681,0.9960158467292786,0.0009960159659385681,0.0009960159659385681
358,2.448217928420071,4.896435856840142,-0.01639560941118181,0.0009960159659385681,4.8125,0.03125,-0.03125,6.7596557920333,-5704.388610319657,0.03151305019855499,3.6982630491256714,-0.005895505183919643,0.0,0.0,0.0009960159659385681,0.0009960159659385681,0.9960158467292786,0.0009960159659385681,0.0009960159659385681
359,2.448726672406776,4.897453344813552,-0.016568161069286387,0.0009960159659385681,4.7578125,0.15625,-0.15625,6.704191291995812,-8104.436676050446,0.03151305019855499,3.6414531071980796,-0.005814046860905364,0.0,0.0,0.0009960159659385681,0.0009960159659385681,0.9960158467292786,0.0009960159659385681,0.0009960159659385681
360,2.449133445353884,4.898266890707768,-0.01429800107370231,0.0009960159659385681,4.6640625,0.21875,-0.21875,6.593169458967168,-9296.227277107175,0.03151305019855499,3.6042208770910897,-0.0054131280242775874,0.0,0.0,0.0009960159659385681,0.0009960159659385681,0.9960158467292786,0.0009960159659385681,0.0009960159659385681
361,2.4495020268339616,4.899004053667923,-0.00986776632486608,0.0009960159659385681,4.7109375,-0.203125,0.203125,6.603584500029683,-7613.390143120862,0.03151305019855499,3.61261847615242,-0.0055738273949828,0.0,0.0,0.0009960159659385681,0.0009960159659385681,0.9960158467292786,0.0009960159659385681,0.0009960159659385681
362,2.449825700267935,4.89965140053587,-0.012802663082981867,0.0009960159659385681,4.6171875,0.7109375,-0.7109375,6.578294291975908,-8087.3110556303955,0.03151305019855499,3.8242093523343406,-0.006944854113195713,0.0,0.0,0.0009960159659385681,0.0009960159659385681,0.9960158467292786,0.0009960159659385681,0.0009960159659385681
363,2.4502769781069436,4.900553956213887,-0.009589174123146214,0.0009960159659385681,4.734375,0.25,-0.25,6.657712874992285,-6804.686500549316,0.03151305019855499,3.896980901559194,-0.006986951387564962,0.0,0.0,0.0009960159659385681,0.0009960159659385681,0.9960158467292786,0.0009960159659385681,0.0009960159659385681
364,2.450776419578647,4.901552839157294,-0.005113377860918303,0.0009960159659385681,4.78125,-0.1484375,0.1484375,6.663714791007806,-7470.291353686962,0.03151305019855499,3.893905093272527,-0.006498161858568589,0.0,0.0,0.0009960159659385681,0.0009960159659385681,0.9960158467292786,0.0009960159659385681,0.0009960159659385681
365,2.4513164471793645,4.902632894358729,-0.008914889182075454,0.0009960159659385681,4.9140625,-0.4921875,0.4921875,6.993926582974382,-5416.268695218764,0.03151305019855499,3.992559383312861,-0.007004358611690502,0.0,0.0,0.0009960159659385681,0.0009960159659385681,0.9960158467292786,0.0009960159659385681,0.0009960159659385681
366,2.451775644156344,4.903551288312688,-0.005353817747675542,0.0009960159659385681,4.7109375,-1.296875,1.296875,6.594609624997247,-7260.552655651794,0.03151305019855499,3.846804221471151,-0.00606358252116479,0.0,0.0,0.0009960159659385681,0.0009960159659385681,0.9960158467292786,0.0009960159659385681,0.0009960159659385681
367,2.452210803378401,4.904421606756802,-0.010829368193122744,0.0009960159659385681,4.7109375,0.0234375,-0.0234375,6.612829541962128,-6566.293485828102,0.03151305019855499,3.823015421628952,-0.006398931407602504,0.0,0.0,0.0009960159659385681,0.0009960159659385681,0.9960158467292786,0.0009960159659385681,0.0009960159659385681
368,2.452653749634844,4.905307499269688,-0.017120195966432154,0.0009960159659385681,4.6328125,-0.4375,0.4375,6.569993165961932,-9908.466497077106,0.03151305019855499,3.933086266120275,-0.0071587004349567,0.0,0.0,0.0009960159659385681,0.0009960159659385681,0.9960158467292786,0.0009960159659385681,0.0009960159659385681
369,2.4531117427641327,4.906223485528265,-0.0035525292472914135,0.0009960159659385681,4.5234375,0.40625,-0.40625,6.4048832500120625,-11078.680636364767,0.03151305019855499,4.091708759466807,-0.007739199373948698,0.0,0.0,0.0009960159659385681,0.0009960159659385681,0.9960158467292786,0.0009960159659385681,0.0009960159659385681
370,2.4536555605171344,4.907311121034269,-0.009139835823041304,0.0009960159659385681,4.7265625,0.46875,-0.46875,6.644635917036794,-9422.954817439308,0.03151305019855499,3.9838826855023703,-0.006859216174537626,0.0,0.0,0.0009960159659385681,0.0009960159659385681,0.9960158467292786,0.0009960159659385681,0.0009960159659385681
371,2.4542118562550725,4.908423712510145,-0.009864632716954235,0.0009960159659385681,4.5625,-0.125,0.125,6.488672707986552,-9558.610585539309,0.03151305019855499,3.962477058172226,-0.006910364002881882,0.0,0.0,0.0009960159659385681,0.0009960159659385681,0.9960158467292786,0.0009960159659385681,0.0009960159659385681
372,2.4547652424165967,4.909530484833193,-0.005087207430272926,0.0009960159659385681,4.8125,-0.0859375,0.0859375,6.7829520420054905,-8790.075652283507,0.03151305019855499,3.836179902156194,-0.006331172412804638,0.0,0.0,0.0009960159659385681,0.0009960159659385681,0.9960158467292786,0.0009960159659385681,0.0009960159659385681
373,2.455480090646282,4.910960181292564,-0.011037719635605117,0.0009960159659385681,4.671875,0.6796875,-0.6796875,6.559746874962002,-8591.591768653896,0.03151305019855499,3.799733062585195,-0.006008320099984606,0.0,0.0,0.0009960159659385681,0.0009960159659385681,0.9960158467292786,0.0009960159659385681,0.0009960159659385681
374,2.4560965665705705,4.912193133141141,-0.009469705701199947,0.0009960159659385681,4.6796875,0.609375,-0.609375,6.5848364169942215,-7883.664140220477,0.03151305019855499,3.8395989735921225,-0.006525262782815844,0.0,0.0,0.0009960159659385681,0.0009960159659385681,0.9960158467292786,0.0009960159659385681,0.0009960159659385681
375,2.456711115644437,4.913422231288874,-0.0027269947614697947,0.0009960159659385681,4.765625,0.140625,-0.140625,6.6839837079751305,-8552.712848200563,0.03151305019855499,3.923203726609548,-0.0070033800244952244,0.0,0.0,0.0009960159659385681,0.0009960159659385681,0.9960158467292786,0.0009960159659385681,0.0009960159659385681
376,2.4573406495798986,4.914681299159797,-0.017864142219520884,0.0009960159659385681,4.8984375,-0.2734375,0.2734375,6.906850665982347,-10339.024738634222,0.03151305019855499,3.939079920450846,-0.00731642644192713,0.0,0.0,0.0009960159659385681,0.0009960159659385681,0.9960158467292786,0.0009960159659385681,0.0009960159659385681
377,2.458086266318523,4.916172532637046,-0.010721766250308242,0.0009960159659385681,4.796875,0.703125,-0.703125,6.784453000000212,-14046.049875265613,0.03151305019855499,3.9891103208065033,-0.007377894401239852,0.0,0.0,0.0009960159659385681,0.0009960159659385681,0.9960158467292786,0.0009960159659385681,0.0009960159659385681
378,2.458841211760814,4.917682423521628,-0.015927395038606604,0.0009960159659385681,4.640625,-0.8203125,0.8203125,6.506436166993808,-11723.909785209682,0.03151305019855499,4.060960670312245,-0.007894092918528864,0.0,0.0,0.0009960159659385681,0.0009960159659385681,0.9960158467292786,0.0009960159659385681,0.0009960159659385681
379,2.459477298092346,4.918954596184692,-0.009769328179568751,0.0009960159659385681,4.78125,0.734375,-0.734375,6.671715624979697,-10392.85932892444,0.03151305019855499,3.9952712059020996,-0.007172764007312556,0.0,0.0,0.0009960159659385681,0.0009960159659385681,0.9960158467292786,0.0009960159659385681,0.0009960159659385681
380,2.4601307148699108,4.9202614297398215,-0.010594439039648572,0.0009960159659385681,4.734375,-0.46875,0.46875,6.759344500023872,-10062.102790706622,0.03151305019855499,3.9304185012976327,-0.00672575063072145,0.0,0.0,0.0009960159659385681,0.0009960159659385681,0.9960158467292786,0.0009960159659385681,0.0009960159659385681
381,2.4607369152617213,4.921473830523443,-0.01053573663834077,0.0009960159659385681,4.8359375,0.359375,-0.359375,6.821910624974407,-10235.064859146833,0.03151305019855499,3.931077718734741,-0.007098636686957131,0.0,0.0,0.0009960159659385681,0.0009960159659385681,0.9960158467292786,0.0009960159659385681,0.0009960159659385681
382,2.4612671438804803,4.922534287760961,-0.014110191855166135,0.0009960159659385681,4.8046875,-0.1328125,0.1328125,6.710042375023477,-7339.6458512717145,0.03151305019855499,3.8979205191135406,-0.0066184878717952715,0.0,0.0,0.0009960159659385681,0.0009960159659385681,0.9960158467292786,0.0009960159659385681,0.0009960159659385681
383,2.461467480338017,4.922934960676034,-0.011700537448954735,0.0009960159659385681,4.609375,0.984375,-0.984375,6.528180958004668,-9298.301876106909,0.03151305019855499,3.9734316170215607,-0.007154118793550879,0.0,0.0,0.0009960159659385681,0.0009960159659385681,0.9960158467292786,0.0009960159659385681,0.0009960159659385681
384,2.4616899267321326,4.923379853464265,-0.006313848305267176,0.0009960159659385681,4.796875,0.0859375,-0.0859375,6.701540375011973,-12302.121724604007,0.03151305019855499,4.015965431928635,-0.007530805955563362,0.0,0.0,0.0009960159659385681,0.0009960159659385681,0.9960158467292786,0.0009960159659385681,0.0009960159659385681
385,2.461933152028535,4.92386630405707,-0.009492614722697437,0.0009960159659385681,4.453125,0.5859375,-0.5859375,6.313492250046693,-11506.042325873124,0.03151305019855499,4.045127580563228,-0.007607631404728939,0.0,0.0,0.0009960159659385681,0.0009960159659385681,0.9960158467292786,0.0009960159659385681,0.0009960159659385681
386,2.4621799653982928,4.9243599307965855,-0.005330472168361843,0.0009960159659385681,4.6328125,0.109375,-0.109375,6.5450798330130056,-11848.260821466301,0.03151305019855499,4.1208150287469225,-0.007845845073461533,0.0,0.0,0.0009960159659385681,0.0009960159659385681,0.9960158467292786,0.0009960159659385681,0.0009960159659385681
387,2.462390095250576,4.924780190501152,-0.008533054464500542,0.0009960159659385681,4.7734375,0.1015625,-0.1015625,6.703301000001375,-11543.267896886347,0.03151305019855499,4.13341083129247,-0.007822055311407894,0.0,0.0,0.0009960159659385681,0.0009960159659385681,0.9960158467292786,0.0009960159659385681,0.0009960159659385681
388,2.462832141527809,4.925664283055618,-0.005139436654711748,0.0009960159659385681,4.640625,0.3984375,-0.3984375,6.557707207975909,-8486.928129742042,0.03151305019855499,4.048238436381022,-0.00722595210148332,0.0,0.0,0.0009960159659385681,0.0009960159659385681,0.9960158467292786,0.0009960159659385681,0.0009960159659385681
389,2.4632977082188683,4.926595416437737,-0.01323308396768959,0.0009960159659385681,4.6640625,0.375,-0.375,6.7027501669945195,-10215.618583896452,0.03151305019855499,3.9671634236971536,-0.007583117869216949,0.0,0.0,0.0009960159659385681,0.0009960159659385681,0.9960158467292786,0.0009960159659385681,0.0009960159659385681
390,2.463639329546125,4.92727865909225,-0.0029866947706729953,0.0009960159659385681,4.84375,-0.8515625,0.8515625,6.722702333005145,-10233.678351814517,0.03151305019855499,3.940631538629532,-0.007148881549558912,0.0,0.0,0.0009960159659385681,0.0009960159659385681,0.9960158467292786,0.0009960159659385681,0.0009960159659385681
391,2.464121935331211,4.928243870662422,-0.007783044424769089,0.0009960159659385681,4.734375,0.4375,-0.4375,6.662153416022193,-9183.189966208078,0.03151305019855499,4.029004683097203,-0.007544552131245534,0.0,0.0,0.0009960159659385681,0.0009960159659385681,0.9960158467292786,0.0009960159659385681,0.0009960159659385681
392,2.464610131493873,4.929220262987746,-0.015875476859853986,0.0009960159659385681,4.78125,-0.5,0.5,6.77628112497041,-10784.01817992466,0.03151305019855499,4.041446526845296,-0.007567023858428001,0.0,0.0,0.0009960159659385681,0.0009960159659385681,0.9960158467292786,0.0009960159659385681,0.0009960159659385681
393,2.4651376914203023,4.9302753828406045,-0.011385418570863986,0.0009960159659385681,4.796875,0.4765625,-0.4765625,6.729790290992241,-10514.003476021733,0.03151305019855499,4.091942300399144,-0.008200758030094827,0.0,0.0,0.0009960159659385681,0.0009960159659385681,0.9960158467292786,0.0009960159659385681,0.0009960159659385681
394,2.4656321086803454,4.931264217360691,-0.012457988640226004,0.0009960159659385681,4.7265625,0.5390625,-0.5390625,6.680588709015865,-11327.483964727733,0.03151305019855499,4.116975714763005,-0.007767511686931054,0.0,0.0,0.0009960159659385681,0.0009960159659385681,0.9960158467292786,0.0009960159659385681,0.0009960159659385681
395,2.466171894634271,4.932343789268542,-0.01431511422433939,0.0009960159659385681,4.8828125,0.265625,-0.265625,6.883335874998011,-12835.785933691406,0.03151305019855499,4.0339222351710005,-0.007266510433206956,0.0,0.0,0.0009960159659385681,0.0009960159659385681,0.9960158467292786,0.0009960159659385681,0.0009960159659385681
396,2.4667446021547326,4.933489204309465,-0.009752049135959463,0.0009960159659385681,4.8515625,0.3359375,-0.3359375,6.763345875020605,-12664.593502198248,0.03151305019855499,4.051840325196584,-0.007656084839254618,0.0,0.0,0.0009960159659385681,0.0009960159659385681,0.9960158467292786,0.0009960159659385681,0.0009960159659385681
397,2.467315104181649,4.934630208363298,-0.003791945319103289,0.0009960159659385681,4.921875,0.4453125,-0.4453125,6.918952959007584,-10464.802132936507,0.03151305019855499,3.9435916344324746,-0.007145501653819035,0.0,0.0,0.0009960159659385681,0.0009960159659385681,0.9960158467292786,0.0009960159659385681,0.0009960159659385681
398,2.4678468152376,4.9356936304752,-0.012141965197593405,0.0009960159659385681,4.984375,-0.078125,0.078125,7.030784624977969,-10055.277856737095,0.03151305019855499,4.046895792086919,-0.008102057928529879,0.0,0.0,0.0009960159659385681,0.0009960159659385681,0.9960158467292786,0.0009960159659385681,0.0009960159659385681
399,2.4684017151386346,4.936803430277269,-0.011996019292943631,0.0009960159659385681,4.6796875,-0.5234375,0.5234375,6.627630750008393,-9800.070291203927,0.03151305019855499,4.191357652346293,-0.008904840962107604,0.0,0.0,0.0009960159659385681,0.0009960159659385681,0.9960158467292786,0.0009960159659385681,0.0009960159659385681
400,2.4689698011333348,4.9379396022666695,-0.016708572906238693,0.0009960159659385681,4.6484375,-0.0703125,0.0703125,6.537152207980398,-10003.274124350668,0.03151305019855499,4.207313338915507,-0.008856435112344721,0.0,0.0,0.0009960159659385681,0.0009960159659385681,0.9960158467292786,0.0009960159659385681,0.0009960159659385681
401,2.4695633912533883,4.939126782506777,-0.009312543413558399,0.0009960159659385681,4.765625,0.4765625,-0.4765625,6.803275124984793,-8213.802708234944,0.03151305019855499,4.160280237595241,-0.008259526492717365,0.0,0.0,0.0009960159659385681,0.0009960159659385681,0.9960158467292786,0.0009960159659385681,0.0009960159659385681
402,2.4699474134640287,4.939894826928057,-0.008471360941553792,0.0009960159659385681,4.875,0.09375,-0.09375,6.917297333013266,-11823.222528384282,0.03151305019855499,4.064858078956604,-0.007483733759727329,0.0,0.0,0.0009960159659385681,0.0009960159659385681,0.9960158467292786,0.0009960159659385681,0.0009960159659385681
403,2.4702996960907866,4.940599392181573,-0.018968835995388518,0.0009960159659385681,4.734375,-0.34375,0.34375,6.669041457993444,-13750.712304370238,0.03151305019855499,3.97860649228096,-0.007048052289367964,0.0,0.0,0.0009960159659385681,0.0009960159659385681,0.9960158467292786,0.0009960159659385681,0.0009960159659385681
404,2.4707524317911957,4.9415048635823915,-0.01073593323902197,0.0009960159659385681,4.7109375,0.2109375,-0.2109375,6.665609541989397,-13003.02641863214,0.03151305019855499,4.00978022813797,-0.007893179475407427,0.0,0.0,0.0009960159659385681,0.0009960159659385681,0.9960158467292786,0.0009960159659385681,0.0009960159659385681
405,2.471179600876078,4.942359201752156,-0.008803342491124326,0.0009960159659385681,4.6015625,-0.3515625,0.3515625,6.464041957980953,-15309.673085159277,0.03151305019855499,4.024965703487396,-0.008668650892407944,0.0,0.0,0.0009960159659385681,0.0009960159659385681,0.9960158467292786,0.0009960159659385681,0.0009960159659385681
406,2.471588091415209,4.943176182830418,-0.013033352189652566,0.0009960159659385681,4.78125,0.3046875,-0.3046875,6.685488874965813,-11793.510008494059,0.03151305019855499,4.029132217168808,-0.008119419042486697,0.0,0.0,0.0009960159659385681,0.0009960159659385681,0.9960158467292786,0.0009960159659385681,0.0009960159659385681
407,2.472133122805971,4.944266245611942,-0.012819708265640117,0.0009960159659385681,4.734375,0.15625,-0.15625,6.708016957971267,-13451.696238804177,0.03151305019855499,4.116186072429021,-0.008567964580530921,0.0,0.0,0.0009960159659385681,0.0009960159659385681,0.9960158467292786,0.0009960159659385681,0.0009960159659385681
408,2.4726285947712636,4.945257189542527,-0.01216221867355819,0.0009960159659385681,4.921875,0.78125,-0.78125,6.930453667009715,-9864.90981968471,0.03151305019855499,4.0565418402353925,-0.008215663847901547,0.0,0.0,0.0009960159659385681,0.0009960159659385681,0.9960158467292786,0.0009960159659385681,0.0009960159659385681
409,2.4731508828059345,4.946301765611869,-0.010614466685566067,0.0009960159659385681,4.84375,-0.2421875,0.2421875,6.779009667050559,-13000.267069022886,0.03151305019855499,3.994460384051005,-0.007735385462486495,0.0,0.0,0.0009960159659385681,0.0009960159659385681,0.9960158467292786,0.0009960159659385681,0.0009960159659385681
410,2.47374112601554,4.94748225203108,-0.0132934061319817,0.0009960159659385681,4.9375,0.6796875,-0.6796875,7.041514416981954,-13668.326199640202,0.03151305019855499,3.9626661241054535,-0.007858959181855122,0.0,0.0,0.0009960159659385681,0.0009960159659385681,0.9960158467292786,0.0009960159659385681,0.0009960159659385681
411,2.474250763175173,4.948501526350346,-0.0029977180792416782,0.0009960159659385681,4.5859375,-0.0625,0.0625,6.572799083020072,-15762.637366143768,0.03151305019855499,4.092337022225062,-0.008875196324273324,0.0,0.0,0.0009960159659385681,0.0009960159659385681,0.9960158467292786,0.0009960159659385681,0.0009960159659385681
412,2.4747348030594516,4.949469606118903,-0.014966493670363963,0.0009960159659385681,4.7890625,-0.2734375,0.2734375,6.730382249981631,-14596.983478664379,0.03151305019855499,4.122076779603958,-0.008671228851502141,0.0,0.0,0.0009960159659385681,0.0009960159659385681,0.9960158467292786,0.0009960159659385681,0.0009960159659385681
413,2.475211773039689,4.950423546079378,-0.010244712263122605,0.0009960159659385681,4.8515625,-0.203125,0.203125,6.904712709016167,-14836.857542127034,0.03151305019855499,4.09225978453954,-0.008462176832836121,0.0,0.0,0.0009960159659385681,0.0009960159659385681,0.9960158467292786,0.0009960159659385681,0.0009960159659385681
414,2.475535176031322,4.951070352062644,-0.010373270042560272,0.0009960159659385681,4.7890625,-0.1484375,0.1484375,6.764694041979965,-16172.813053324016,0.03151305019855499,4.178226848443349,-0.008686218139094612,0.0,0.0,0.0009960159659385681,0.0009960159659385681,0.9960158467292786,0.0009960159659385681,0.0009960159659385681
415,2.4760295151113807,4.952059030222761,-0.012945912162953186,0.0009960159659385681,4.6796875,0.9140625,-0.9140625,6.651332665991504,-13066.31738686283,0.03151305019855499,4.117408970991771,-0.00846755990642123,0.0,0.0,0.0009960159659385681,0.0009960159659385681,0.9960158467292786,0.0009960159659385681,0.0009960159659385681
416,2.476451481626751,4.952902963253502,-0.01540779056059327,0.0009960159659385681,4.75,-0.046875,0.046875,6.737177832983434,-8813.94388939205,0.03151305019855499,4.072330057621002,-0.008248084554603944,0.0,0.0,0.0009960159659385681,0.0009960159659385681,0.9960158467292786,0.0009960159659385681,0.0009960159659385681
417,2.4770095693563716,4.954019138712743,-0.017151138374759928,0.0009960159659385681,4.6875,0.3359375,-0.3359375,6.63512604200514,-12210.890150934854,0.03151305019855499,4.00979212919871,-0.008276693891578665,0.0,0.0,0.0009960159659385681,0.0009960159659385681,0.9960158467292786,0.0009960159659385681,0.0009960159659385681
418,2.4774252028995516,4.954850405799103,-0.006519483404910559,0.0009960159659385681,4.671875,-0.9921875,0.9921875,6.542019332991913,-12871.836181206847,0.03151305019855499,4.108598162730535,-0.008870795728095496,0.0,0.0,0.0009960159659385681,0.0009960159659385681,0.9960158467292786,0.0009960159659385681,0.0009960159659385681
419,2.4777594835945864,4.955518967189173,-0.011740858716282783,0.0009960159659385681,4.9296875,0.6640625,-0.6640625,6.978973833029158,-11296.089753841636,0.03151305019855499,4.191479782263438,-0.009088786241287986,0.0,0.0,0.0009960159659385681,0.0009960159659385681,0.9960158467292786,0.0009960159659385681,0.0009960159659385681
420,2.478060235182334,4.956120470364668,-0.009586637645169205,0.0009960159659385681,4.953125,-0.0625,0.0625,6.980717625003308,-15083.83085211143,0.03151305019855499,4.180463383595149,-0.008943025352588544,0.0,0.0,0.0009960159659385681,0.0009960159659385681,0.9960158467292786,0.0009960159659385681,0.0009960159659385681
421,2.478479755256025,4.95695951051205,-0.012275279629368276,0.0009960159659385681,4.578125,0.6484375,-0.6484375,6.501013916975353,-18028.254663304666,0.03151305019855499,4.31510861714681,-0.009801532617226863,0.0,0.0,0.0009960159659385681,0.0009960159659385681,0.9960158467292786,0.0009960159659385681,0.0009960159659385681
422,2.4788753817317843,4.957750763463569,-0.01871585850105621,0.0009960159659385681,5.046875,0.5390625,-0.5390625,7.125170208048075,-14776.441727369562,0.03151305019855499,4.354253351688385,-0.010032110779623812,0.0,0.0,0.0009960159659385681,0.0009960159659385681,0.9960158467292786,0.0009960159659385681,0.0009960159659385681
423,2.4793055098232903,4.958611019646581,-0.011071284316589417,0.0009960159659385681,4.7109375,-0.234375,0.234375,6.732779333018698,-9758.591846927877,0.03151305019855499,4.20049387216568,-0.008767788473051041,0.0,0.0,0.0009960159659385681,0.0009960159659385681,0.9960158467292786,0.0009960159659385681,0.0009960159659385681
424,2.4798371504157726,4.959674300831545,-0.008216541759528661,0.0009960159659385681,4.9140625,0.4765625,-0.4765625,7.148123916995246,-14299.845741453913,0.03151305019855499,4.022026628255844,-0.007753576666194324,0.0,0.0,0.0009960159659385681,0.0009960159659385681,0.9960158467292786,0.0009960159659385681,0.0009960159659385681
425,2.480396564473068,4.960793128946136,-0.010574206352698706,0.0009960159659385681,4.96875,-0.390625,0.390625,7.0636580000282265,-13752.775475172128,0.03151305019855499,4.099935432275136,-0.00897459922513614,0.0,0.0,0.0009960159659385681,0.0009960159659385681,0.9960158467292786,0.0009960159659385681,0.0009960159659385681
426,2.481020662398472,4.962041324796944,-0.01209184894366368,0.0009960159659385681,4.71875,-0.09375,0.09375,6.719579500029795,-14766.000891628644,0.03151305019855499,4.278821299473445,-0.010138713754713535,0.0,0.0,0.0009960159659385681,0.0009960159659385681,0.9960158467292786,0.0009960159659385681,0.0009960159659385681
427,2.4816131886429016,4.963226377285803,-0.011634608881296932,0.0009960159659385681,4.5625,0.8828125,-0.8828125,6.49287054099841,-16894.373960521123,0.03151305019855499,4.254287242889404,-0.009955715475371107,0.0,0.0,0.0009960159659385681,0.0009960159659385681,0.9960158467292786,0.0009960159659385681,0.0009960159659385681
428,2.482220160415019,4.964440320830038,-0.012981063962515178,0.0009960159659385681,4.8125,0.7890625,-0.7890625,6.8049223750131205,-17233.23865142426,0.03151305019855499,4.176658829053243,-0.008820705304970033,0.0,0.0,0.0009960159659385681,0.0009960159659385681,0.9960158467292786,0.0009960159659385681,0.0009960159659385681
429,2.4827904206035294,4.965580841207059,-0.008851657137657737,0.0009960159659385681,4.7421875,-0.484375,0.484375,6.731416833004914,-20111.156230844816,0.03151305019855499,4.130453139543533,-0.009002250037156045,0.0,0.0,0.0009960159659385681,0.0009960159659385681,0.9960158467292786,0.0009960159659385681,0.0009960159659385681
430,2.4832833282539246,4.966566656507849,-0.006074836149936555,0.0009960159659385681,4.796875,-0.3046875,0.3046875,6.751816334028263,-15568.713362156373,0.03151305019855499,4.117780884106954,-0.00893403600396899,0.0,0.0,0.0009960159659385681,0.0009960159659385681,0.9960158467292786,0.0009960159659385681,0.0009960159659385681
431,2.483876356217007,4.967752712434014,-0.014898887792497522,0.0009960159659385681,4.5703125,0.3125,-0.3125,6.445871124975383,-17232.917990138387,0.03151305019855499,4.067941457033157,-0.008550956447531158,0.0,0.0,0.0009960159659385681,0.0009960159659385681,0.9960158467292786,0.0009960159659385681,0.0009960159659385681
432,2.484417101067593,4.968834202135186,-0.014128923131093037,0.0009960159659385681,4.71875,-0.5625,0.5625,6.734188292000908,-15402.899361414626,0.03151305019855499,4.275868157545726,-0.010174639814067632,0.0,0.0,0.0009960159659385681,0.0009960159659385681,0.9960158467292786,0.0009960159659385681,0.0009960159659385681
433,2.48491283903086,4.96982567806172,-0.01608102230821784,0.0009960159659385681,4.65625,0.0390625,-0.0390625,6.693227417010348,-14317.464810621019,0.03151305019855499,4.2558183173338575,-0.009631681935085604,0.0,0.0,0.0009960159659385681,0.0009960159659385681,0.9960158467292786,0.0009960159659385681,0.0009960159659385681
434,2.4853516553559922,4.9707033107119845,-0.014303866860800273,0.0009960159659385681,4.75,0.234375,-0.234375,6.8026569170178846,-9738.683711654261,0.03151305019855499,4.199909498294194,-0.00919963811368992,0.0,0.0,0.0009960159659385681,0.0009960159659385681,0.9960158467292786,0.0009960159659385681,0.0009960159659385681
435,2.4858164967372183,4.9716329934744365,-0.018023871442055542,0.0009960159659385681,4.7734375,-0.0859375,0.0859375,6.813101791020017,-19935.491228319035,0.03151305019855499,4.180852035681407,-0.00935952173313126,0.0,0.0,0.0009960159659385681,0.0009960159659385681,0.9960158467292786,0.0009960159659385681,0.0009960159659385681
436,2.4864229860051084,4.972845972010217,-0.015099231680025808,0.0009960159659385681,4.8125,0.828125,-0.828125,6.685307500010822,-17204.487499831557,0.03151305019855499,4.179345707098643,-0.009315553431709608,0.0,0.0,0.0009960159659385681,0.0009960159659385681,0.9960158467292786,0.0009960159659385681,0.0009960159659385681
437,2.4870442197728106,4.974088439545621,-0.012839344518149182,0.0009960159659385681,4.9140625,0.375,-0.375,6.897812792041805,-15645.397949170232,0.03151305019855499,4.2078479925791425,-0.009329630867190039,0.0,0.0,0.0009960159659385681,0.0009960159659385681,0.9960158467292786,0.0009960159659385681,0.0009960159659385681
438,2.487638358684374,4.975276717368748,-0.008111616844086738,0.0009960159659385681,4.765625,-0.2578125,0.2578125,6.672886667016428,-15733.510343207688,0.03151305019855499,4.2211904128392534,-0.009207578880401949,0.0,0.0,0.0009960159659385681,0.0009960159659385681,0.9960158467292786,0.0009960159659385681,0.0009960159659385681
439,2.4881315031883267,4.976263006376653,-0.008031824570870845,0.0009960159659385681,4.8515625,0.40625,-0.40625,6.781275958986953,-13530.228725513207,0.03151305019855499,4.236291189988454,-0.009374296913544336,0.0,0.0,0.0009960159659385681,0.0009960159659385681,0.9960158467292786,0.0009960159659385681,0.0009960159659385681
440,2.488481065249889,4.976962130499778,-0.01625116520917878,0.0009960159659385681,4.7734375,0.9375,-0.9375,6.7662685829564,-17294.999540837813,0.03151305019855499,4.278215090433757,-0.009772581096816188,0.0,0.0,0.0009960159659385681,0.0009960159659385681,0.9960158467292786,0.0009960159659385681,0.0009960159659385681
441,2.489070658331755,4.97814131666351,-0.01897727958567819,0.0009960159659385681,4.7265625,0.8046875,-0.8046875,6.7135704579995945,-17783.68475215691,0.03151305019855499,4.3914220333099365,-0.010153698531212285,0.0,0.0,0.0009960159659385681,0.0009960159659385681,0.9960158467292786,0.0009960159659385681,0.0009960159659385681
442,2.489712770362894,4.979425540725788,-0.002713599254062762,0.0009960159659385681,5.0390625,0.1796875,-0.1796875,7.138441957999021,-19651.515365151103,0.03151305019855499,4.3429790536562605,-0.009484939839846144,0.0,0.0,0.0009960159659385681,0.0009960159659385681,0.9960158467292786,0.0009960159659385681,0.0009960159659385681
443,2.4902818077192177,4.980563615438435,-0.009567770386109958,0.0009960159659385681,4.734375,0.3203125,-0.3203125,6.720891457982361,-17288.00749956893,0.03151305019855499,4.2817341685295105,-0.009388344779533023,0.0,0.0,0.0009960159659385681,0.0009960159659385681,0.9960158467292786,0.0009960159659385681,0.0009960159659385681
444,2.4907191311536407,4.9814382623072815,-0.0077230127732401226,0.0009960159659385681,4.7265625,0.3828125,-0.3828125,6.682624084001873,-15708.42924507078,0.03151305019855499,4.210102776686351,-0.009507125243544579,0.0,0.0,0.0009960159659385681,0.0009960159659385681,0.9960158467292786,0.0009960159659385681,0.0009960159659385681
445,2.4911037772166775,4.982207554433355,-0.008349478750996772,0.0009960159659385681,4.640625,-0.1171875,0.1171875,6.514793791982811,-16006.444377860638,0.03151305019855499,4.2090205152829485,-0.009373986589101454,0.0,0.0,0.0009960159659385681,0.0009960159659385681,0.9960158467292786,0.0009960159659385681,0.0009960159659385681
446,2.4915620745811786,4.983124149162357,-0.011653162213325892,0.0009960159659385681,4.84375,-0.5390625,0.5390625,6.75997566600563,-14733.460586449408,0.03151305019855499,4.240578214327495,-0.009623942314647138,0.0,0.0,0.0009960159659385681,0.0009960159659385681,0.9960158467292786,0.0009960159659385681,0.0009960159659385681
447,2.492122863094486,4.984245726188972,-0.018956009140658325,0.0009960159659385681,4.953125,0.7734375,-0.7734375,6.978496666008141,-8496.177719790101,0.03151305019855499,4.258092661698659,-0.009763029355478162,0.0,0.0,0.0009960159659385681,0.0009960159659385681,0.9960158467292786,0.0009960159659385681,0.0009960159659385681
448,2.4925772651842966,4.985154530368593,-0.015617187766838118,0.0009960159659385681,4.8671875,1.0390625,-1.0390625,6.832480250042863,-14747.061252600117,0.03151305019855499,4.297181765238444,-0.01004688113850231,0.0,0.0,0.0009960159659385681,0.0009960159659385681,0.9960158467292786,0.0009960159659385681,0.0009960159659385681
449,2.493154739605639,4.986309479211278,-0.018415268326827317,0.0009960159659385681,4.7265625,0.078125,-0.078125,6.666394040978048,-14456.35116809183,0.03151305019855499,4.24545556306839,-0.009664414295305809,0.0,0.0,0.0009960159659385681,0.0009960159659385681,0.9960158467292786,0.0009960159659385681,0.0009960159659385681
450,2.4938620337173805,4.987724067434761,-0.007401830449294822,0.0009960159659385681,4.8515625,0.8984375,-0.8984375,6.81299637502525,-14822.837664912864,0.03151305019855499,4.2748769124348955,-0.009580437346206358,0.0,0.0,0.0009960159659385681,0.0009960159659385681,0.9960158467292786,0.0009960159659385681,0.0009960159659385681
451,2.494550792940027,4.989101585880054,-0.014270176957260199,0.0009960159659385681,4.921875,-0.8359375,0.8359375,7.082006832992192,-15245.740990096803,0.03151305019855499,4.322094221909841,-0.009843258914770558,0.0,0.0,0.0009960159659385681,0.0009960159659385681,0.9960158467292786,0.0009960159659385681,0.0009960159659385681
452,2.495228323199977,4.990456646399954,-0.010411442681487608,0.0009960159659385681,4.7421875,-0.03125,0.03125,6.675591958046425,-20272.315520385542,0.03151305019855499,4.360836247603099,-0.010281044630877053,0.0,0.0,0.0009960159659385681,0.0009960159659385681,0.9960158467292786,0.0009960159659385681,0.0009960159659385681
453,2.495916843063804,4.991833686127608,-0.015977366862672933,0.0009960159659385681,4.8671875,-0.1796875,0.1796875,6.855582916003186,-22557.286538260323,0.03151305019855499,4.407930254936218,-0.010442361943811799,0.0,0.0,0.0009960159659385681,0.0009960159659385681,0.9960158467292786,0.0009960159659385681,0.0009960159659385681
454,2.4965406217374424,4.993081243474885,-0.007566179517474961,0.0009960159659385681,4.7265625,0.3203125,-0.3203125,6.6795344579732046,-24626.0642179631,0.03151305019855499,4.446189006169637,-0.010502132936380804,0.0,0.0,0.0009960159659385681,0.0009960159659385681,0.9960158467292786,0.0009960159659385681,0.0009960159659385681
455,2.4972740886498834,4.994548177299767,-0.01164321601217302,0.0009960159659385681,4.8125,-0.53125,0.53125,6.73220929200761,-20437.32726748578,0.03151305019855499,4.465776701768239,-0.010384600512528172,0.0,0.0,0.0009960159659385681,0.0009960159659385681,0.9960158467292786,0.0009960159659385681,0.0009960159659385681
456,2.4980028722650993,4.996005744530199,-0.018640410848324934,0.0009960159659385681,4.84375,-0.03125,0.03125,6.918819124985021,-17381.618545187674,0.03151305019855499,4.491981595754623,-0.010813424732380858,0.0,0.0,0.0009960159659385681,0.0009960159659385681,0.9960158467292786,0.0009960159659385681,0.0009960159659385681
457,2.4988859886468355,4.997771977293671,-0.0038658889705168783,0.0009960159659385681,4.953125,-0.25,0.25,7.030866208020598,-14024.287603865663,0.03151305019855499,4.3586432337760925,-0.009693764974751199,0.0,0.0,0.0009960159659385681,0.0009960159659385681,0.9960158467292786,0.0009960159659385681,0.0009960159659385681
458,2.4997853571988715,4.999570714397743,-0.009301883836936432,0.0009960159659385681,4.609375,-0.09375,0.09375,6.545157374988776,-19465.037238531597,0.03151305019855499,4.300633549690247,-0.009113969552951554,0.0,0.0,0.0009960159659385681,0.0009960159659385681,0.9960158467292786,0.0009960159659385681,0.0009960159659385681
459,2.5007118391738037,5.001423678347607,-0.02015448511611782,0.0009960159659385681,4.8203125,0.875,-0.875,6.749476749973837,-22915.027296761833,0.03151305019855499,4.316419780254364,-0.01001872589889293,0.0,0.0,0.0009960159659385681,0.0009960159659385681,0.9960158467292786,0.0009960159659385681,0.0009960159659385681
460,2.501662811686309,5.003325623372618,-0.010450755220288524,0.0009960159659385681,4.6484375,0.421875,-0.421875,6.6664753329823725,-26083.749474943786,0.03151305019855499,4.334380706151326,-0.010563247749814764,0.0,0.0,0.0009960159659385681,0.0009960159659385681,0.9960158467292786,0.0009960159659385681,0.0009960159659385681
461,2.502578632668106,5.005157265336212,-0.019079008023555454,0.0009960159659385681,4.796875,-0.03125,0.03125,6.675998791994061,-22210.576964536784,0.03151305019855499,4.31467588742574,-0.010357972564330945,0.0,0.0,0.0009960159659385681,0.0009960159659385681,0.9960158467292786,0.0009960159659385681,0.0009960159659385681
462,2.5035630602086387,5.0071261204172774,-0.008569350188427718,0.0009960159659385681,4.9765625,0.34375,-0.34375,7.055339540995192,-17858.543096329766,0.03151305019855499,4.354264676570892,-0.010246785871762162,0.0,0.0,0.0009960159659385681,0.0009960159659385681,0.9960158467292786,0.0009960159659385681,0.0009960159659385681
463,2.504493507116268,5.008987014232536,-0.011995347258413225,0.0009960159659385681,5.0625,0.5546875,-0.5546875,7.167905916983727,-18845.80811342781,0.03151305019855499,4.272769172986348,-0.00984401151072234,0.0,0.0,0.0009960159659385681,0.0009960159659385681,0.9960158467292786,0.0009960159659385681,0.0009960159659385681
464,2.5053437360988755,5.010687472197751,-0.011680480962079274,0.0009960159659385681,4.8203125,0.78125,-0.78125,6.764629749988671,-12230.7217384969,0.03151305019855499,4.254776279131572,-0.009806567958245674,0.0,0.0,0.0009960159659385681,0.0009960159659385681,0.9960158467292786,0.0009960159659385681,0.0009960159659385681
465,2.5061288979136256,5.012257795827251,-0.01800775202186754,0.0009960159659385681,4.734375,-0.359375,0.359375,6.627372792048845,-22048.530968190815,0.03151305019855499,4.401141206423442,-0.010738133763273558,0.0,0.0,0.0009960159659385681,0.0009960159659385681,0.9960158467292786,0.0009960159659385681,0.0009960159659385681
466,2.5069174831514367,5.013834966302873,-0.00935025782555675,0.0009960159659385681,4.828125,0.484375,-0.484375,6.802339709014632,-19783.41400176113,0.03151305019855499,4.444226185480754,-0.010665934901529303,0.0,0.0,0.0009960159659385681,0.0009960159659385681,0.9960158467292786,0.0009960159659385681,0.0009960159659385681
467,2.5075737127927153,5.015147425585431,-0.013720635015568751,0.0009960159659385681,4.75,-0.0078125,0.0078125,6.76007933303481,-24423.83427845804,0.03151305019855499,4.497864882151286,-0.011122207855805755,0.0,0.0,0.0009960159659385681,0.0009960159659385681,0.9960158467292786,0.0009960159659385681,0.0009960159659385681
468,2.508192006757611,5.016384013515222,-0.005230709342961652,0.0009960159659385681,4.9296875,0.140625,-0.140625,7.041588207997847,-19826.219885002414,0.03151305019855499,4.484308381875356,-0.011027443339116871,0.0,0.0,0.0009960159659385681,0.0009960159659385681,0.9960158467292786,0.0009960159659385681,0.0009960159659385681
469,2.508800539113575,5.01760107822715,-0.012808136047806801,0.0009960159659385681,4.796875,-0.28125,0.28125,6.783748583984561,-16775.814198397657,0.03151305019855499,4.517497638861339,-0.01073762723050701,0.0,0.0,0.0009960159659385681,0.0009960159659385681,0.9960158467292786,0.0009960159659385681,0.0009960159659385681
470,2.509448330040988,5.018896660081976,-0.00547163983760174,0.0009960159659385681,4.859375,0.5859375,-0.5859375,6.8174618749762885,-20891.893692065667,0.03151305019855499,4.511712372303009,-0.0105794309056364,0.0,0.0,0.0009960159659385681,0.0009960159659385681,0.9960158467292786,0.0009960159659385681,0.0009960159659385681
471,2.5102727940181047,5.020545588036209,-0.016100595593569206,0.0009960159659385681,4.828125,0.1328125,-0.1328125,6.756751207984053,-21121.366677392263,0.03151305019855499,4.516196846961975,-0.010743737938658645,0.0,0.0,0.0009960159659385681,0.0009960159659385681,0.9960158467292786,0.0009960159659385681,0.0009960159659385681
472,2.5109006708877923,5.021801341775585,-0.008477912459548305,0.0009960159659385681,4.7109375,0.7265625,-0.7265625,6.647547417029273,-18155.446438360766,0.03151305019855499,4.555284341176351,-0.010892352632557353,0.0,0.0,0.0009960159659385681,0.0009960159659385681,0.9960158467292786,0.0009960159659385681,0.0009960159659385681
473,2.511575830639037,5.023151661278074,-0.009448726843057642,0.0009960159659385681,4.8515625,0.40625,-0.40625,6.784752167004626,-21627.49640752574,0.03151305019855499,4.62121828397115,-0.011767160089220852,0.0,0.0,0.0009960159659385681,0.0009960159659385681,0.9960158467292786,0.0009960159659385681,0.0009960159659385681
474,2.512107758525878,5.024215517051756,-0.01336336057451771,0.0009960159659385681,5.125,0.0,0.0,7.169733249989804,-25277.76038974669,0.03151305019855499,4.623437662919362,-0.01129375520395115,0.0,0.0,0.0009960159659385681,0.0009960159659385681,0.9960158467292786,0.0009960159659385681,0.0009960159659385681
475,2.512706509183464,5.025413018366928,-0.014992575440538081,0.0009960159659385681,4.46875,0.0,0.0,6.409492792037781,-22438.926483741172,0.03151305019855499,4.500761965910594,-0.010638404191316416,0.0,0.0,0.0009960159659385681,0.0009960159659385681,0.9960158467292786,0.0009960159659385681,0.0009960159659385681
476,2.513310013752762,5.026620027505524,-0.01263148018660656,0.0009960159659385681,4.6796875,-0.5234375,0.5234375,6.669266458018683,-22046.588923688327,0.03151305019855499,4.481048444906871,-0.010423555640348544,0.0,0.0,0.0009960159659385681,0.0009960159659385681,0.9960158467292786,0.0009960159659385681,0.0009960159659385681
477,2.5139006161769943,5.027801232353989,-0.010812097561261808,0.0009960159659385681,4.828125,0.3984375,-0.3984375,6.885431292001158,-22671.487119804307,0.03151305019855499,4.579081793626149,-0.011280759586952627,0.0,0.0,0.0009960159659385681,0.0009960159659385681,0.9960158467292786,0.0009960159659385681,0.0009960159659385681
478,2.514503498444009,5.029006996888018,-0.015595954896877835,0.0009960159659385681,4.7734375,0.8203125,-0.8203125,6.811699291982222,-25432.683416788004,0.03151305019855499,4.613995393117269,-0.012018653370129565,0.0,0.0,0.0009960159659385681,0.0009960159659385681,0.9960158467292786,0.0009960159659385681,0.0009960159659385681
479,2.515147826685214,5.030295653370428,-0.019149133550230665,0.0009960159659385681,4.75,0.65625,-0.65625,6.697314416989684,-25602.687996211804,0.03151305019855499,4.588306784629822,-0.011388174704431245,0.0,0.0,0.0009960159659385681,0.0009960159659385681,0.9960158467292786,0.0009960159659385681,0.0009960159659385681
480,2.515760086585775,5.03152017317155,-0.014218081451625243,0.0009960159659385681,4.8515625,0.1640625,-0.1640625,6.832897458982188,-30702.156054068302,0.03151305019855499,4.487938543160756,-0.010735799539058158,0.0,0.0,0.0009960159659385681,0.0009960159659385681,0.9960158467292786,0.0009960159659385681,0.0009960159659385681
481,2.5164092081963556,5.032818416392711,-0.011144247846059687,0.0009960159659385681,4.9140625,0.625,-0.625,6.98114554095082,-22218.96162087057,0.03151305019855499,4.482268929481506,-0.011027608745886633,0.0,0.0,0.0009960159659385681,0.0009960159659385681,0.9960158467292786,0.0009960159659385681,0.0009960159659385681
482,2.5170719987309598,5.0341439974619195,-0.015848362535138022,0.0009960159659385681,4.890625,-0.046875,0.046875,6.9082035410101525,-21658.71873079245,0.03151305019855499,4.446262200673421,-0.010539391330288103,0.0,0.0,0.0009960159659385681,0.0009960159659385681,0.9960158467292786,0.0009960159659385681,0.0009960159659385681
483,2.517652231226444,5.035304462452888,-0.015325882434987698,0.0009960159659385681,4.7109375,0.671875,-0.671875,6.6115310420282185,-14613.55696644949,0.03151305019855499,4.433818409840266,-0.010599609745743995,0.0,0.0,0.0009960159659385681,0.0009960159659385681,0.9960158467292786,0.0009960159659385681,0.0009960159659385681
484,2.518444347102403,5.036888694204806,-0.011823128058570076,0.0009960159659385681,4.8046875,0.7578125,-0.7578125,6.797427124984097,-17423.503017865933,0.03151305019855499,4.4616443912188215,-0.010710637356775502,0.0,0.0,0.0009960159659385681,0.0009960159659385681,0.9960158467292786,0.0009960159659385681,0.0009960159659385681
485,2.5191774536674156,5.038354907334831,-0.00818118474108182,0.0009960159659385681,4.9609375,0.390625,-0.390625,7.069169999973383,-25002.292479171152,0.03151305019855499,4.425135175387065,-0.010994923582378155,0.0,0.0,0.0009960159659385681,0.0009960159659385681,0.9960158467292786,0.0009960159659385681,0.0009960159659385681
486,2.5199128516824985,5.039825703364997,-0.006328875730172864,0.0009960159659385681,4.8203125,0.5703125,-0.5703125,6.859542625024915,-20643.75763864378,0.03151305019855499,4.419674853483836,-0.01105241219435508,0.0,0.0,0.0009960159659385681,0.0009960159659385681,0.9960158467292786,0.0009960159659385681,0.0009960159659385681
487,2.5207543292590935,5.041508658518187,-0.012013572097629396,0.0009960159659385681,4.8671875,0.203125,-0.203125,6.827977833978366,-25733.31571644497,0.03151305019855499,4.39116899172465,-0.010627574908236662,0.0,0.0,0.0009960159659385681,0.0009960159659385681,0.9960158467292786,0.0009960159659385681,0.0009960159659385681
488,2.5215604991942246,5.043120998388449,-0.010347139435488595,0.0009960159659385681,4.84375,-0.546875,0.546875,6.872299749986269,-26176.56157758159,0.03151305019855499,4.359661300977071,-0.010530687441738943,0.0,0.0,0.0009960159659385681,0.0009960159659385681,0.9960158467292786,0.0009960159659385681,0.0009960159659385681
489,2.5223467071124928,5.0446934142249855,-0.010562502413692493,0.0009960159659385681,4.9453125,0.515625,-0.515625,6.966132416971959,-25233.82340745489,0.03151305019855499,4.424331724643707,-0.010735149718432998,0.0,0.0,0.0009960159659385681,0.0009960159659385681,0.9960158467292786,0.0009960159659385681,0.0009960159659385681
490,2.5231990221087206,5.046398044217441,-0.018017368769514517,0.0009960159659385681,4.78125,0.8203125,-0.8203125,6.738402999995742,-22405.371009776794,0.03151305019855499,4.460701485474904,-0.011379867927947393,0.0,0.0,0.0009960159659385681,0.0009960159659385681,0.9960158467292786,0.0009960159659385681,0.0009960159659385681
491,2.524100189287209,5.048200378574418,-0.0059322786456926496,0.0009960159659385681,4.921875,-0.6875,0.6875,6.976674916979391,-24939.8699927436,0.03151305019855499,4.648405124743779,-0.012522745809595412,0.0,0.0,0.0009960159659385681,0.0009960159659385681,0.9960158467292786,0.0009960159659385681,0.0009960159659385681
492,2.524938765678108,5.049877531356216,-0.014991597021423336,0.0009960159659385681,4.96875,-0.1015625,0.1015625,6.992535416968167,-23485.906782858026,0.03151305019855499,4.6739497284094496,-0.0121191600143599,0.0,0.0,0.0009960159659385681,0.0009960159659385681,0.9960158467292786,0.0009960159659385681,0.0009960159659385681
493,2.525737558551606,5.051475117103212,-0.010612301185838408,0.0009960159659385681,4.8359375,0.3515625,-0.3515625,6.742039625009056,-26646.64856750784,0.03151305019855499,4.734910051027934,-0.012156275935315838,0.0,0.0,0.0009960159659385681,0.0009960159659385681,0.9960158467292786,0.0009960159659385681,0.0009960159659385681
494,2.526597872116686,5.053195744233372,-0.01821763053155627,0.0009960159659385681,4.84375,0.5390625,-0.5390625,6.832455041992944,-21481.914598378826,0.03151305019855499,4.672344962755839,-0.011766183228852848,0.0,0.0,0.0009960159659385681,0.0009960159659385681,0.9960158467292786,0.0009960159659385681,0.0009960159659385681
495,2.5275868564340076,5.055173712868015,-0.01727481093546142,0.0009960159659385681,4.9609375,-0.8203125,0.8203125,7.062135166022927,-21397.323829470657,0.03151305019855499,4.709215998649597,-0.011644148093182594,0.0,0.0,0.0009960159659385681,0.0009960159659385681,0.9960158467292786,0.0009960159659385681,0.0009960159659385681
496,2.5284280394737846,5.056856078947569,-0.006354985295069711,0.0009960159659385681,4.796875,-0.1484375,0.1484375,6.752596541016828,-28001.793199172625,0.03151305019855499,4.645114620526631,-0.011449477712934216,0.0,0.0,0.0009960159659385681,0.0009960159659385681,0.9960158467292786,0.0009960159659385681,0.0009960159659385681
497,2.529233771688071,5.058467543376142,-0.01274165427425603,0.0009960159659385681,4.9296875,0.7734375,-0.7734375,7.033636334002949,-24643.756564809857,0.03151305019855499,4.642622848351796,-0.012013992304370428,0.0,0.0,0.0009960159659385681,0.0009960159659385681,0.9960158467292786,0.0009960159659385681,0.0009960159659385681
498,2.530059656206615,5.06011931241323,-0.019430984775908433,0.0009960159659385681,4.90625,-0.5078125,0.5078125,6.882065000012517,-25338.16482349566,0.03151305019855499,4.57817941904068,-0.011705763055942953,0.0,0.0,0.0009960159659385681,0.0009960159659385681,0.9960158467292786,0.0009960159659385681,0.0009960159659385681
499,2.5307409505895277,5.0614819011790555,-0.013745204217780778,0.0009960159659385681,4.828125,-0.6796875,0.6796875,6.800968041992746,-28424.452552079383,0.03151305019855499,4.656965136528015,-0.012354907987173647,0.0,0.0,0.0009960159659385681,0.0009960159659385681,0.9960158467292786,0.0009960159659385681,0.0009960159659385681
500,2.5313518963479416,5.062703792695883,-0.02209672679354674,0.0009960159659385681,4.9140625,-0.6328125,0.6328125,6.980750124959741,-31900.838909591894,0.03151305019855499,4.65230127175649,-0.012066394129457573,0.0,0.0,0.0009960159659385681,0.0009960159659385681,0.9960158467292786,0.0009960159659385681,0.0009960159659385681
