iteration,exploitability,nash_conv,actor_loss,average_lambda,mean_episode_length,mean_return_player0,mean_return_player1,wall_time_sec,scheduler_loss,gate_entropy,gate_regret_norm,gate_avg_utility,handoff_frozen_clusters,handoff_missing_clusters,gate_prob_actor,gate_prob_regret,gate_prob_ra,gate_prob_explore,gate_prob_cfr
1,0.4583333274999998,0.9166666549999996,0.0,0.19909845241007096,2.2578125,0.0078125,-0.0078125,1.9338417499675415,0.00026660598169973566,1.6067811621926646,0.0,0.0,0.0,0.0,0.18056293280479405,0.19909845241007096,0.21234216579722698,0.18916397972296678,0.2188324741632468
2,0.3650070497914484,0.7300140995828968,8.122809032575074e-06,0.20102017354674456,2.2421875,0.171875,-0.171875,1.904077832994517,0.00013807334144456143,1.6080650780674473,5.126972471015022e-10,3.878028150502191e-12,0.0,0.0,0.18561076609099783,0.20102017354674456,0.20851631280852528,0.19244600157496822,0.21240675205345352
3,0.36971723953906677,0.7394344790781335,-9.948643165931566e-05,0.20172146212841782,2.1875,0.1875,-0.1875,1.8858388749649748,-0.08431073468137973,1.6088652346815382,0.01194546909417434,-1.6644892637315603e-07,4.0,0.0,0.19082022628613882,0.20172146212841782,0.20485212510185583,0.195880413800478,0.20672578236886432
4,0.45744353815910005,0.9148870763182001,0.00010529474664975965,0.12130645890625155,2.296875,0.1328125,-0.1328125,1.9654329589684494,0.2648405011325162,0.9466257553098749,0.026567890221485868,-1.6792248853647607e-06,4.0,0.0,0.11199529002718374,0.12130645890625155,0.1203920869093363,0.11432100852735999,0.5319851593298166
5,0.46771813532693385,0.9354362706538677,-0.0001273138798854503,0.12971029276294369,2.1875,0.2265625,-0.2265625,1.903201540990267,-0.505176732968539,0.9765076441019955,0.05362428802023218,-1.5333785690720767e-05,4.0,1.0,0.11437713019549847,0.12971029276294369,0.12282274243022714,0.11755320946020739,0.5155366322823933
6,0.4657368450367524,0.9314736900735048,-0.00011458886158141021,0.12046330827370025,2.2265625,0.25,-0.25,1.9408025000011548,-0.8111549226416525,0.8799685718064502,0.07843141987144588,-4.4208442376584983e-05,4.0,1.0,0.10197313553408573,0.12046330827370025,0.11012181749469356,0.10470206141471863,0.562739691974824
7,0.3728977962315789,0.7457955924631579,-0.0001743945977916985,0.12952596424045143,2.1328125,0.453125,-0.453125,1.828535875014495,-0.6752768957409828,0.9180304590038882,0.10165082901419903,-7.725874139003446e-05,4.0,1.0,0.1044835939512148,0.12952596424045143,0.11401566830310193,0.10838464775801579,0.5435901261838801
8,0.35804122012964623,0.7160824402592925,-0.00024326281565356482,0.14870281476398994,2.265625,0.03125,-0.03125,1.9584474999574013,-0.11879956671307747,1.0297114346846683,0.11255181297504653,-7.428279665570396e-05,4.0,0.0,0.11518090783522048,0.14870281476398994,0.1268223475279479,0.12150134773089968,0.4877925878968732
9,0.363622265210522,0.727244530421044,1.1851308849194914e-05,0.1498114738889802,2.2109375,0.1953125,-0.1953125,1.883938874991145,0.09986588438158746,1.0088684967466748,0.13102506066206843,-7.007924801882837e-05,4.0,0.0,0.11093124899973718,0.1498114738889802,0.12319387174326624,0.11852179025382119,0.4975416148509238
10,0.32764972524714875,0.6552994504942975,-0.00019548778507092585,0.15015760268035688,2.2265625,0.25,-0.25,1.8907822080072947,0.006084264041815084,0.9837863235745692,0.15238093512016349,-7.058250504599073e-05,4.0,0.0,0.10630509110919216,0.15015760268035688,0.11923402082501797,0.1147095836568297,0.5095937097804588
11,0.44209834326645225,0.8841966865329045,7.683413848031892e-05,0.1544944084308618,2.3359375,0.25,-0.25,1.9829651670297608,0.3595849689352015,0.9847066090696301,0.17925817205104977,-9.866469705836305e-05,4.0,0.0,0.10469930945431509,0.1544944084308618,0.11843056328918623,0.11412422792568654,0.5082514954350864
12,0.46672919746995856,0.9334583949399171,0.00017630842121533588,0.12933682024046994,2.15625,0.484375,-0.484375,1.852303292020224,-0.07476977831464719,0.7987892204314819,0.22148542080751873,-0.00015301428001376652,4.0,1.0,0.08334138050027516,0.12933682024046994,0.09535558392172275,0.09249303435933763,0.5994731832997523
13,0.4628939878843724,0.9257879757687448,-0.0004743372615931228,0.15817736241926994,2.2109375,0.203125,-0.203125,1.872167374996934,-0.5136955386363364,0.9406964420812173,0.2539681660180742,-0.00020440654527026874,4.0,1.0,0.09642226019933452,0.15817736241926994,0.11098994520022254,0.10883471959471282,0.5255757065838723
14,0.4588631937226707,0.9177263874453414,8.451204090996962e-05,0.16399908420841616,2.1640625,0.5703125,-0.5703125,1.8492426250013523,-0.7187860776684566,0.9415295134588731,0.2826253590597348,-0.0002400315138195517,4.0,1.0,0.09474451436462815,0.16399908420841616,0.10972376888624598,0.10867990074605288,0.5228527373893166
15,0.40646744383485933,0.8129348876697187,-7.836890400584168e-05,0.1684990938632719,2.1796875,0.4296875,-0.4296875,1.9112816670094617,-0.930053379980006,0.9320721279377653,0.312338256679306,-0.0002868269440858223,4.0,1.0,0.09207079973485735,0.1684990938632719,0.10723765611007649,0.10710548521370016,0.5250869729826527
16,0.32119037415218665,0.6423807483043733,-6.321672074466405e-05,0.16852053480216192,2.1953125,0.265625,-0.265625,1.9031773339956999,-0.7321405707530385,0.8938980145286842,0.31149858329445124,-0.0003007699519154509,4.0,0.0,0.08667256616824887,0.16852053480216192,0.10119134638445233,0.1021469746089915,0.5414685853541533
17,0.3302736192057394,0.6605472384114788,-0.0005108651864497368,0.20559856492300632,2.3671875,0.1015625,-0.1015625,2.005386000033468,-0.2448257666147274,1.0374485020741213,0.3344317263690755,-0.00037995252394769824,4.0,0.0,0.09852103751287995,0.20559856492300632,0.11502174580648,0.11773891033905962,0.4631197417628254
18,0.2962051442932293,0.5924102885864586,-0.001246494145275713,0.18402305990457535,2.28125,0.1015625,-0.1015625,1.94406741700368,-0.3493331471969986,0.8890305842440102,0.35338503343518823,-0.00044551947098625533,4.0,0.0,0.08274507701192817,0.18402305990457535,0.09710464687788323,0.1001857358911266,0.5359414839377142
19,0.2912342620406512,0.5824685240813025,-0.0012498815858493178,0.2017193420247717,2.1328125,0.1640625,-0.1640625,1.82267874997342,0.03576834329946355,0.9409345469383673,0.3751697778158511,-0.0005578935467838164,4.0,0.0,0.0858875171932982,0.2017193420247717,0.10169916389844356,0.10570186311072045,0.5049921222331323
20,0.27987122060067093,0.5597424412013419,-0.001317387289407835,0.2260156884325417,2.2578125,0.0625,-0.0625,1.9081367080216296,-0.10546002602752517,0.9809208271001317,0.4062866493477486,-0.000700936570410704,4.0,0.0,0.08701293252949896,0.2260156884325417,0.10335486493102407,0.10956285208154302,0.4740536648096923
21,0.4026217425057158,0.8052434850114316,-0.0011496039270454538,0.22411848553994887,2.296875,0.078125,-0.078125,1.9746985829551704,-0.03400485589149959,0.9122943547115367,0.4354559607988146,-0.0008291844845492354,4.0,0.0,0.078868212748547,0.22411848553994887,0.09405872134529815,0.10099024133009164,0.5019643447634314
22,0.3694868613331693,0.7389737226663387,-0.0005049424182018404,0.270208297778439,2.359375,-0.2421875,0.2421875,2.0167548750177957,0.25163293140015214,1.0133084006394706,0.466888595961791,-0.0010037686496294402,4.0,0.0,0.08476569086609297,0.270208297778439,0.10130708723865597,0.11156878467427184,0.4321501402566765
23,0.39073366587688985,0.7814673317537797,-0.001150774805291552,0.26876274534459815,2.2890625,-0.0703125,0.0703125,1.9589434170047753,0.3007925414868055,0.9433564322723964,0.495968175304976,-0.0011351796767561002,4.0,0.0,0.07673266888580224,0.26876274534459815,0.09229765888367089,0.10282697912572594,0.4593799613645052
24,0.40968657800801855,0.8193731560160371,-0.0009153614700902298,0.27598796149308535,2.1796875,0.1328125,-0.1328125,1.8684232500381768,-0.6480737656628627,0.8993584149119772,0.5272934630629607,-0.0012679056459698284,4.0,0.0,0.07079845260975609,0.27598796149308535,0.085859423336376,0.09706050793116237,0.4702936567659874
25,0.40237793066760114,0.8047558613352023,-0.001006020698174575,0.24015083769168233,2.1640625,0.203125,-0.203125,1.8578768330044113,-1.0433731294213542,0.7283410111183363,0.6170042789731682,-0.0015547483700505506,4.0,1.0,0.05545539433129858,0.24015083769168233,0.06811133164253476,0.07740888822595135,0.5588735415186693
26,0.38200301815811655,0.7640060363162331,-0.0010801419635960076,0.26765568907614107,2.109375,0.4921875,-0.4921875,1.8077151660108939,-1.492677447003209,0.7494181197830534,0.6697686998364092,-0.001779995244057566,4.0,1.0,0.055008977817164524,0.26765568907614107,0.0680474994359193,0.07863615409091666,0.530651676075326
27,0.3379498778676395,0.675899755735279,-0.001639388212970271,0.25768422591152473,2.09375,0.265625,-0.265625,1.8267497079796158,-1.268740912405913,0.6465720262864547,0.7191109295818023,-0.0020614965707698666,5.0,1.0,0.045213992776933,0.25768422591152473,0.05640566907823086,0.06665824248052354,0.5740378831805133
28,0.2563080804858244,0.5126161609716487,-0.0010026136274645266,0.3236868134161242,2.296875,0.0078125,-0.0078125,1.983981458004564,-1.2562916542650486,0.7145567573504511,0.717215237285321,-0.0023240616164912353,6.0,0.0,0.04711300147329869,0.3236868134161242,0.05945014474647386,0.07169494119022979,0.49805510403955877
29,0.2909006303800759,0.5818012607601518,-0.0026824622779572705,0.30261443345273126,2.3828125,-0.25,0.25,2.0727257920079865,-1.1560186524157885,0.5936856171604296,0.7496415102699151,-0.0025818895164775313,7.0,0.0,0.03716021966738779,0.30261443345273126,0.04730343518198513,0.05814734885438544,0.5547745506538719
30,0.33047735999843164,0.6609547199968633,-0.0021984161046166278,0.3555815421141587,2.40625,-0.125,0.125,2.064907875028439,-1.0598004348893566,0.6192935167786114,0.7968192122255763,-0.0028587740201449683,7.0,0.0,0.03659672048184779,0.3555815421141587,0.04711799858162155,0.05929901221065552,0.5014047376666363
31,0.36170316713642525,0.7234063342728505,-0.0032330078669833796,0.3741419710070882,2.359375,-0.2109375,0.2109375,2.053043790976517,-0.9013498838164455,0.5579394057305189,0.8488761327850322,-0.003067858756063894,7.0,0.0,0.030789299824873342,0.3741419710070882,0.04014084554764609,0.05200799423831188,0.5029198871493734
32,0.37021581869498177,0.7404316373899635,-0.002819851379433418,0.40013215371540617,2.3515625,0.140625,-0.140625,2.050142167019658,-1.0515999135552005,0.5111204133440989,0.9050358942865083,-0.0033595036475162487,9.0,0.0,0.026375474513468156,0.40013215371540617,0.03493280222398102,0.046149642661560415,0.4924099387669088
33,0.1752556891811265,0.350511378362253,-0.0034542737516990185,0.25599461693891745,2.328125,-0.1171875,0.1171875,2.008697084034793,-1.3764281336783788,0.28137790277101515,1.0059280255809426,-0.0038424156020482768,9.0,2.0,0.013691403659298116,0.25599461693891745,0.018473009922660436,0.024419299358089498,0.6874216702585453
34,0.23180055989773746,0.4636011197954749,-0.0034313683157256992,0.2799757564582698,2.3515625,-0.0234375,0.0234375,2.041500499995891,0.7545908165722776,0.24537186758426208,0.9707230453125455,-0.0038840359603372317,9.0,1.0,0.01088295136253501,0.2799757564582698,0.014962827198925208,0.020529191804882697,0.6736492649017775
35,0.32145314110813183,0.6429062822162637,-0.0037158317373487326,0.24760392532553724,2.1796875,-0.125,0.125,1.847731499990914,-0.6707374767085711,0.2008296283202218,1.0372288614003495,-0.004180039188213414,9.0,1.0,0.008591075364406817,0.24760392532553724,0.011962695781635554,0.016378672800183725,0.7154636348941527
36,0.3685447710567342,0.7370895421134684,-0.003577499208557874,0.1504165505921399,2.109375,0.0625,-0.0625,1.7904816669761203,-0.20073218254600997,0.12537726119316958,1.3698622734389372,-0.005645671060645125,9.0,3.0,0.005303657903439469,0.1504165505921399,0.00746156664358245,0.010012481996306666,0.8268057452307807
37,0.3636625736593365,0.727325147318673,-0.0048230998164006285,0.10025834990846508,2.0078125,-0.265625,0.265625,1.7331481670262292,-0.8864695962381655,0.06989162862382967,1.5209377059945837,-0.006072958011600349,9.0,4.0,0.0027376543802973825,0.10025834990846508,0.0039138756547456586,0.0053698202805296455,0.8877203071685617
38,0.3573428157023011,0.7146856314046022,-0.0030690480536011843,0.1546371780162634,2.015625,-0.2578125,0.2578125,1.7517646659980528,-1.1913840097915327,0.08847880342367119,1.618230315623805,-0.006997159464845026,9.0,4.0,0.0031892982376522795,0.1546371780162634,0.004640351872631284,0.006522256447825321,0.831010922248107
39,0.34970189228786286,0.6994037845757257,-0.0027672190682229937,0.1801705076250919,2.015625,0.046875,-0.046875,1.7317457919707522,-0.9806558764528378,0.0827825131608863,1.6302518723532557,-0.007198895484988397,10.0,3.0,0.002727931430346744,0.1801705076250919,0.004047541337650876,0.00583861241940149,0.8072154060829171
40,0.2211915106012601,0.4423830212025202,-0.0031814199424781823,0.0,2.125,-0.1015625,0.1015625,1.8222524580196477,-1.041976734958178,7.368272463281755e-07,1.7491568613590465,-0.007613142969098085,10.0,3.0,0.0,0.0,0.0,0.0,1.0
41,0.21079333937732458,0.42158667875464917,-0.0024269598550488557,0.13265703856945038,2.34375,0.109375,-0.109375,2.002095083997119,1.0658337136040792,0.023347969995867288,1.4731076486747374,-0.006219167852329768,11.0,1.0,0.0005588065988073747,0.13265703856945038,0.0008742300824572643,0.00147040410588185,0.8644395283485452
42,0.21236392837500903,0.42472785675001806,-0.0017404718623835445,0.0819473593586291,2.4921875,0.0546875,-0.0546875,2.142215208034031,1.4626775472584586,0.015519615050707673,1.4552449049272884,-0.005901499161457953,11.0,0.0,0.0003750817981609917,0.0819473593586291,0.0005914800987231508,0.0009635764153726796,0.9161225032750342
43,0.24544563700071476,0.4908912740014295,-0.0011946540159939525,0.04920796063300725,2.3125,0.328125,-0.328125,1.977371208020486,2.148910023548647,0.008597865035540437,1.4698352444296081,-0.00575267495605658,11.0,0.0,0.0001994771426669448,0.04920796063300725,0.00031928292702178697,0.0005184522376874009,0.9497548234491685
44,0.2497765218131882,0.4995530436263764,-0.00029902771905651154,0.024361745858277897,2.1796875,0.2109375,-0.2109375,1.8381679159938358,1.824991725622453,0.004262465823825466,1.475592162227258,-0.005629405833284788,11.0,0.0,9.762524046324273e-05,0.024361745858277897,0.00015788721120966377,0.00025309979461640865,0.9751296433850482
45,0.16813537829413225,0.3362707565882645,-0.0006742400618077393,0.04436063136852963,2.21875,0.2734375,-0.2734375,1.8677110000280663,1.740871698416477,0.008190502599421895,1.5522553312669818,-0.005640667340533885,11.0,0.0,0.00018901829312647313,0.04436063136852963,0.0003075516605618554,0.0004846026110921947,0.9546581949369694
46,0.159987759737162,0.319975519474324,-0.00030481335844594304,0.07625543286925868,2.375,0.1171875,-0.1171875,2.0077384170144796,1.3581073510848383,0.0153261162997003,1.6628368123589705,-0.006026214659641482,11.0,0.0,0.00036191370485252455,0.07625543286925868,0.0005902999056209074,0.0009125422098134694,0.9218798102075724
47,0.25826111070467866,0.5165222214093573,-2.9363881381274763e-06,0.08563096747540011,2.3671875,0.015625,-0.015625,1.998946916020941,1.5653866050058358,0.01933039948828604,1.6993966004811227,-0.005940006054515834,11.0,0.0,0.0004728519551382206,0.08563096747540011,0.0007701989742788938,0.0011648658644592407,0.9119611189673
48,0.5208333275000001,1.0416666550000002,0.0012196381766285051,0.045737659686232265,2.28125,0.0390625,-0.0390625,1.975372666027397,-0.5257391241460413,0.011903790703159252,1.7194594716032345,-0.005728617377220265,11.0,0.0,0.0003052706645214803,0.045737659686232265,0.0004945995400927655,0.0007301238556839015,0.9527323474367596
49,0.49999999458333344,0.9999999891666669,0.002744964151260886,0.0,2.25,0.3828125,-0.3828125,1.9143933330196887,-0.5198524820991426,7.368272463281755e-07,1.6504044024781748,-0.003919724044945641,11.0,1.0,0.0,0.0,0.0,0.0,1.0
50,0.49999999458333344,0.9999999891666669,0.000810529752300214,0.0,2.140625,0.6953125,-0.6953125,1.8564087920240127,-1.2960176339176914,7.368272463281755e-07,0.9894178344143761,0.001493128437788174,11.0,3.0,0.0,0.0,0.0,0.0,1.0
51,0.49999999458333344,0.9999999891666669,0.0012951889241717984,0.0,2.1171875,0.5390625,-0.5390625,1.8021366249886341,-1.2122675469516764,7.368272463281755e-07,0.8996037319302559,0.002677412929996434,11.0,3.0,0.0,0.0,0.0,0.0,1.0
52,0.4987384444218509,0.9974768888437018,0.0033657127054116834,0.0,2.1328125,0.375,-0.375,1.8792999589932151,-1.0842717381232825,7.368272463281755e-07,0.9368250887427065,0.002979683319507684,11.0,3.0,0.0,0.0,0.0,0.0,1.0
53,0.4126781628289262,0.8253563256578524,0.000996058286426191,0.0,2.1640625,0.5859375,-0.5859375,1.8572251250152476,-1.3106826947857406,7.368272463281755e-07,1.0420228102140956,0.003038250171812251,11.0,3.0,0.0,0.0,0.0,0.0,1.0
54,0.45614588253820587,0.9122917650764117,0.0018143932965536032,0.0,2.140625,0.234375,-0.234375,1.85348916699877,-0.10618160010135332,7.368272463281755e-07,1.1385071737070878,0.00301016748683954,11.0,3.0,0.0,0.0,0.0,0.0,1.0
55,0.457349712690053,0.914699425380106,-0.00043611241026841093,0.0,2.078125,0.28125,-0.28125,1.8101340410066769,0.4009258334102158,7.368272463281755e-07,1.2075101896706555,0.003114189770915093,11.0,3.0,0.0,0.0,0.0,0.0,1.0
56,0.4165088824640145,0.833017764928029,0.00034285185756827727,0.003527567067554006,2.1015625,0.28125,-0.28125,1.82429629098624,0.19457015941862094,0.0010040329273403306,1.1534461567009038,0.002921352636225162,11.0,1.0,2.4977365169383337e-05,0.003527567067554006,4.46002798840459e-05,5.775752397718039e-05,0.9963450979122885
57,0.4165707757974703,0.8331415515949406,0.0012139147833281714,0.0034567806937477806,2.1484375,0.2890625,-0.2890625,1.8622430000104941,-0.022041228084708563,0.000955412748359198,1.237513806298375,0.003055168838909594,12.0,2.0,2.325052564794367e-05,0.0034567806937477806,4.240557890046727e-05,5.4031129587780344e-05,0.996423532217741
58,0.4166666620833334,0.8333333241666668,0.0016615004284817028,0.0,2.125,0.4296875,-0.4296875,1.8322904580272734,-0.05740867728250391,7.368272463281755e-07,1.4436060388882954,0.0035225933954481864,12.0,3.0,0.0,0.0,0.0,0.0,1.0
59,0.47916666125000007,0.9583333225000001,0.001120195859486076,0.0,2.1484375,0.2421875,-0.2421875,1.8393450420117006,-0.02827887238479558,7.368272463281755e-07,1.5110167749226093,0.0036365141212526294,12.0,3.0,0.0,0.0,0.0,0.0,1.0
60,0.35416666250000006,0.7083333250000001,0.0015268558097493562,0.0,2.140625,0.2578125,-0.2578125,1.8428834999795072,0.824307234013533,7.368272463281755e-07,1.9423129152167926,0.0005494195555167443,12.0,1.0,0.0,0.0,0.0,0.0,1.0
61,0.35416666250000006,0.7083333250000001,-0.00019423737320087636,0.0,2.015625,0.2109375,-0.2109375,1.7132010409841314,1.2735719204873077,7.368272463281755e-07,1.8006244607269764,-0.000491283532755915,12.0,2.0,0.0,0.0,0.0,0.0,1.0
62,0.2708333295833334,0.5416666591666668,0.002216922987644937,0.0,2.0234375,0.28125,-0.28125,1.7270822079735808,1.6166446744362082,7.368272463281755e-07,1.813135851919651,-0.0005610274674836546,12.0,2.0,0.0,0.0,0.0,0.0,1.0
63,0.22916666291666676,0.4583333258333335,0.0017691324480274243,0.0,2.09375,0.25,-0.25,1.7755705839954317,2.3150649129287313,7.368272463281755e-07,1.6723130330104718,-0.00025873300844316623,12.0,1.0,0.0,0.0,0.0,0.0,1.0
64,0.22916666291666676,0.4583333258333335,0.0013955204113054128,0.0,2.1328125,0.03125,-0.03125,1.8058873339905404,3.5334753627357314,7.368272463281755e-07,1.6938816231082787,0.00013527076490308073,12.0,1.0,0.0,0.0,0.0,0.0,1.0
65,0.35416666125000007,0.7083333225000001,0.0034106675380088814,0.0,2.171875,0.125,-0.125,1.8051875829696655,3.4337655508225127,7.368272463281755e-07,1.7293673428622158,0.00034791299152526665,12.0,1.0,0.0,0.0,0.0,0.0,1.0
66,0.43749999375000004,0.8749999875000001,0.002206926546950075,0.0,2.109375,0.171875,-0.171875,1.7801134170149453,2.6058004221202014,7.368272463281755e-07,1.7818656289442019,0.0004074277557347986,12.0,1.0,0.0,0.0,0.0,0.0,1.0
67,0.5208333250000001,1.0416666500000002,0.0027826286420319195,0.0,2.328125,0.09375,-0.09375,1.972579166002106,1.0459829238909468,7.368272463281755e-07,1.9543668587381642,0.0011566498627265294,12.0,0.0,0.0,0.0,0.0,0.0,1.0
68,0.5208333250000001,1.0416666500000002,0.0013601992044920488,0.0,2.3671875,0.3828125,-0.3828125,2.0208712500170805,0.6269207951007065,7.368272463281755e-07,1.9991086193670828,0.0010370575200795429,12.0,0.0,0.0,0.0,0.0,0.0,1.0
69,0.519642080717671,1.039284161435342,0.0041574627470720585,0.0,2.4140625,-0.109375,0.109375,2.05435170896817,0.4175161405268327,7.368272463281755e-07,2.042203003230194,0.001056622383960833,12.0,0.0,0.0,0.0,0.0,0.0,1.0
70,0.4786868549607318,0.9573737099214636,0.0013389326872492485,0.0,2.625,0.046875,-0.046875,2.21366566704819,-0.01681212346790874,7.368272463281755e-07,2.0993117410689592,0.0012877446473188077,12.0,0.0,0.0,0.0,0.0,0.0,1.0
71,0.43727262140492046,0.8745452428098409,0.0009880542438698483,0.0,2.46875,0.1015625,-0.1015625,2.087454541993793,-0.41498392678744195,7.368272463281755e-07,2.128931970025102,0.0012711265590041876,12.0,0.0,0.0,0.0,0.0,0.0,1.0
72,0.4583333266666668,0.9166666533333336,0.00014889506066043372,0.0,2.4140625,-0.1171875,0.1171875,2.041757749975659,-0.2523164093727246,7.368272463281755e-07,2.1573692162831626,0.0014049146508720394,12.0,0.0,0.0,0.0,0.0,0.0,1.0
73,0.4166666608333335,0.833333321666667,0.002824834589934677,0.0,2.234375,0.09375,-0.09375,1.9139992920099758,-0.3717836194648896,7.368272463281755e-07,1.6287837753241712,0.0045242853176949375,12.0,1.0,0.0,0.0,0.0,0.0,1.0
74,0.4583333258333335,0.916666651666667,0.002207870472310219,0.0,2.265625,0.1015625,-0.1015625,1.9389499169774354,-0.26483694265981944,7.368272463281755e-07,1.6620995598760517,0.004592834551162509,12.0,1.0,0.0,0.0,0.0,0.0,1.0
75,0.29166666250000006,0.5833333250000001,0.00036069896840600584,0.0,2.375,0.125,-0.125,2.0230835410184227,0.23115846678296006,7.368272463281755e-07,1.7077723490920933,0.004924390982275575,12.0,1.0,0.0,0.0,0.0,0.0,1.0
76,0.29166666250000006,0.5833333250000001,0.0017485534475882207,0.0,2.3671875,0.140625,-0.140625,1.9812267499510199,1.1117891097067096,7.368272463281755e-07,1.7468497472053224,0.005191835517920977,12.0,1.0,0.0,0.0,0.0,0.0,1.0
77,0.37499999333333345,0.7499999866666669,0.0007741379415109594,0.0,2.1484375,-0.1484375,0.1484375,1.7845786249963567,2.0934507083304394,7.368272463281755e-07,1.764266588894481,0.005438689939513675,12.0,1.0,0.0,0.0,0.0,0.0,1.0
78,0.37499999333333345,0.7499999866666669,0.0007378102666269933,0.0,2.140625,-0.1015625,0.1015625,1.8102818750194274,2.0092140167469776,7.368272463281755e-07,1.7918108412149278,0.005562456271780486,12.0,1.0,0.0,0.0,0.0,0.0,1.0
79,0.45833332500000024,0.9166666500000005,0.0022132345327601425,0.0,2.0859375,-0.1640625,0.1640625,1.7683782919775695,1.7682126020499913,7.368272463281755e-07,1.8218756573782726,0.005577075112589889,12.0,1.0,0.0,0.0,0.0,0.0,1.0
80,0.5416666575000002,1.0833333150000004,0.0016972986028219905,0.0,2.0859375,0.171875,-0.171875,1.7671982920146547,1.5897038354754642,7.368272463281755e-07,1.8505504502152854,0.0056521008955314755,12.0,1.0,0.0,0.0,0.0,0.0,1.0
81,0.45780576248180693,0.9156115249636139,-0.00014178858530004796,0.0,2.1875,-0.1640625,0.1640625,1.858049749978818,1.3714857281501671,7.368272463281755e-07,1.8809138678691604,0.005764170240251009,12.0,1.0,0.0,0.0,0.0,0.0,1.0
82,0.45811219132822845,0.9162243826564569,0.0018970851103566587,0.0,2.1328125,0.03125,-0.03125,1.883137708005961,0.8794054943017471,7.368272463281755e-07,1.876404781402512,0.005645735758166252,12.0,1.0,0.0,0.0,0.0,0.0,1.0
83,0.5616055979096248,1.1232111958192497,0.0020381260387243062,0.0,2.09375,0.0859375,-0.0859375,1.7834819160052575,0.9366301770040543,7.368272463281755e-07,1.8805558397011324,0.005653464937826026,12.0,1.0,0.0,0.0,0.0,0.0,1.0
84,0.5779200567096585,1.155840113419317,0.0010362350340383701,0.0,2.171875,-0.015625,0.015625,1.8490522500360385,1.0397721578244776,7.368272463281755e-07,1.9097450140186332,0.005968540506728459,12.0,1.0,0.0,0.0,0.0,0.0,1.0
85,0.5201622123859443,1.0403244247718886,0.001177886012921736,0.0,2.1640625,0.0859375,-0.0859375,1.8368190409964882,0.8636495318172991,7.368272463281755e-07,1.9249800447035919,0.005994277754904364,12.0,1.0,0.0,0.0,0.0,0.0,1.0
86,0.5204153884292503,1.0408307768585006,0.001209274996711379,0.0,2.203125,0.3828125,-0.3828125,1.8669031250174157,1.054373032700746,7.368272463281755e-07,2.474121112842113,0.0026104836967230463,12.0,0.0,0.0,0.0,0.0,0.0,1.0
87,0.5177827179739255,1.035565435947851,0.0017662519846258038,0.0,2.3828125,0.453125,-0.453125,2.028351791028399,0.6610513902681528,7.368272463281755e-07,2.5178098996790745,0.002229393650244068,12.0,0.0,0.0,0.0,0.0,0.0,1.0
88,0.39583332791666676,0.7916666558333335,0.002253061680278927,0.0,2.3203125,0.453125,-0.453125,1.9576792079606093,0.8527787601753994,7.368272463281755e-07,2.564951565582305,0.0016777619142279339,12.0,0.0,0.0,0.0,0.0,0.0,1.0
89,0.39583332791666676,0.7916666558333335,0.0009569994881957698,0.0,2.21875,0.234375,-0.234375,1.8647507500136271,1.296614020472576,7.368272463281755e-07,2.583479824863995,0.0014334099966314777,12.0,0.0,0.0,0.0,0.0,0.0,1.0
90,0.43749999375000004,0.8749999875000001,0.0009550071361301029,0.0,2.3203125,0.2109375,-0.2109375,1.9940381670021452,1.145020179891087,7.368272463281755e-07,2.5936724053851017,0.0013560427406294668,12.0,0.0,0.0,0.0,0.0,0.0,1.0
91,0.43749999375000004,0.8749999875000001,-9.544350709849758e-05,0.0,2.3828125,0.0078125,-0.0078125,2.0132375410175882,0.7950474606414677,7.368272463281755e-07,2.6116598390508443,0.0011956692478634068,12.0,0.0,0.0,0.0,0.0,0.0,1.0
92,0.43749999375000004,0.8749999875000001,-0.0006301788970215676,0.0,2.359375,0.1171875,-0.1171875,1.9870247920043766,0.8349125115524682,7.368272463281755e-07,2.615993452219603,0.0013055442163173818,12.0,0.0,0.0,0.0,0.0,0.0,1.0
93,0.39583332791666676,0.7916666558333335,0.0013147423269382842,0.0,2.3046875,0.3203125,-0.3203125,1.9810144999646582,0.7183613529444625,7.368272463281755e-07,2.6331950436385037,0.0013960591871485424,12.0,0.0,0.0,0.0,0.0,0.0,1.0
94,0.39583332791666676,0.7916666558333335,-0.0009089883713474859,0.0,2.375,0.25,-0.25,2.006383250001818,1.2245653172844628,7.368272463281755e-07,2.6484296732426933,0.0015576438127027359,12.0,0.0,0.0,0.0,0.0,0.0,1.0
95,0.27156918948771713,0.5431383789754343,0.0036878237464485985,0.0,2.3984375,0.328125,-0.328125,2.030901584017556,1.012018228890162,7.368272463281755e-07,2.661499578350534,0.0017577076626669925,12.0,0.0,0.0,0.0,0.0,0.0,1.0
96,0.35501295096193886,0.7100259019238777,0.0012041358734165147,0.0,2.421875,-0.125,0.125,2.050771208014339,1.1452981376164262,7.368272463281755e-07,2.657187046483159,0.0021103799426782643,12.0,0.0,0.0,0.0,0.0,0.0,1.0
97,0.35499666161797105,0.7099933232359421,-0.0006627624019850725,0.0,2.3515625,-0.2109375,0.2109375,2.006149417022243,1.022351382567897,7.368272463281755e-07,2.6601371418995163,0.00243131426926387,12.0,0.0,0.0,0.0,0.0,0.0,1.0
98,0.3548981950362868,0.7097963900725736,0.003610254400124609,0.0,2.3828125,-0.1953125,0.1953125,1.9960351250483654,1.0614827134722813,7.368272463281755e-07,2.6549238114772984,0.0028009437731573903,12.0,0.0,0.0,0.0,0.0,0.0,1.0
99,0.3535849628250833,0.7071699256501666,0.0021294173014334066,0.0,2.34375,-0.0078125,0.0078125,1.9697123329970054,1.1628327941273648,7.368272463281755e-07,2.6689935903220126,0.0030572107346718744,12.0,0.0,0.0,0.0,0.0,0.0,1.0
100,0.4169543777030944,0.8339087554061888,0.0014432616085135776,0.0,2.4453125,-0.3984375,0.3984375,2.0967857079813257,0.9427661261069008,7.368272463281755e-07,2.692162875086069,0.0032661503725345633,12.0,0.0,0.0,0.0,0.0,0.0,1.0
101,0.41668090595918517,0.8333618119183703,-0.001213803322080692,0.0,2.359375,-0.1875,0.1875,1.9820892499992624,0.6659406922396816,7.368272463281755e-07,2.1379558171399613,0.007789108402159234,12.0,1.0,0.0,0.0,0.0,0.0,1.0
102,0.4166666587500002,0.8333333175000004,0.000873965488899307,0.0,2.21875,0.0703125,-0.0703125,1.8884851670009084,0.7774292978607314,7.368272463281755e-07,2.177088875154203,0.007873972174076533,12.0,1.0,0.0,0.0,0.0,0.0,1.0
103,0.4166666587500002,0.8333333175000004,0.001753545045355697,0.0,2.0546875,0.265625,-0.265625,1.7522265419829637,1.4878026680868586,7.368272463281755e-07,1.9026612604036928,0.006770875577785773,12.0,2.0,0.0,0.0,0.0,0.0,1.0
104,0.4166666587500002,0.8333333175000004,0.00021424423157668775,0.0,2.0625,0.0703125,-0.0703125,1.7277510419953614,1.5528463438386098,7.368272463281755e-07,1.9315041715279222,0.006897715821469319,12.0,2.0,0.0,0.0,0.0,0.0,1.0
105,0.45833332500000024,0.9166666500000005,0.0019045966481573843,0.0,2.09375,0.1015625,-0.1015625,1.768948332988657,1.393255792547768,7.368272463281755e-07,1.958779277279973,0.007030908742672181,12.0,2.0,0.0,0.0,0.0,0.0,1.0
106,0.4166666595833335,0.833333319166667,0.004562953583916484,0.0,2.125,-0.078125,0.078125,1.816339707991574,1.5806169723372852,7.368272463281755e-07,2.284789837346497,0.008328876309943471,12.0,1.0,0.0,0.0,0.0,0.0,1.0
107,0.4166666595833335,0.833333319166667,0.0017979029301077247,0.0,2.1640625,0.1328125,-0.1328125,1.8396795419976115,1.2909409404170804,7.368272463281755e-07,2.292314373083751,0.008270363160342888,12.0,1.0,0.0,0.0,0.0,0.0,1.0
108,0.4166666595833335,0.833333319166667,-0.002609404688192788,0.0,2.09375,0.2109375,-0.2109375,1.7874943749629892,1.202726751452993,7.368272463281755e-07,2.305057681927627,0.008237352488239676,12.0,1.0,0.0,0.0,0.0,0.0,1.0
109,0.4166666595833335,0.833333319166667,0.00018829978526216484,0.0,2.09375,0.109375,-0.109375,1.7752767500351183,1.3145806201049057,7.368272463281755e-07,2.3188455208966676,0.008322594249462285,12.0,1.0,0.0,0.0,0.0,0.0,1.0
110,0.49999999208333346,0.9999999841666669,-0.0002078905486452899,0.0,2.0859375,0.1640625,-0.1640625,1.744905708997976,1.372400228078006,7.368272463281755e-07,2.33407674966888,0.008420182141972791,12.0,1.0,0.0,0.0,0.0,0.0,1.0
111,0.49999999208333346,0.9999999841666669,0.000805375362301391,0.0,2.109375,0.34375,-0.34375,1.7834127920214087,1.0469339430383924,7.368272463281755e-07,2.3386822390285404,0.008376153945309025,12.0,1.0,0.0,0.0,0.0,0.0,1.0
112,0.5832785917772122,1.1665571835544244,-8.36032368335625e-06,0.0,2.125,0.25,-0.25,1.8072365410043858,1.0766065331549992,7.368272463281755e-07,2.3584417649968104,0.008345491214475425,12.0,1.0,0.0,0.0,0.0,0.0,1.0
113,0.5827818766002704,1.1655637532005407,-0.0037026893268539162,0.0,2.2890625,0.234375,-0.234375,1.940089125011582,0.2635350144923579,7.368272463281755e-07,2.387136720290238,0.008505601852282945,12.0,1.0,0.0,0.0,0.0,0.0,1.0
114,0.5824565853993436,1.1649131707986873,0.0013685012760374813,0.0,2.3671875,0.0703125,-0.0703125,2.0223309590364806,0.2294101481919143,7.368272463281755e-07,2.417705293321474,0.008716623899152348,12.0,1.0,0.0,0.0,0.0,0.0,1.0
115,0.5197155958130938,1.0394311916261876,0.0010396134214995863,0.0,2.3046875,0.4140625,-0.4140625,1.9892561249434948,0.11256185808471578,7.368272463281755e-07,2.444217900406908,0.008839061979167374,12.0,1.0,0.0,0.0,0.0,0.0,1.0
116,0.5080028141112235,1.016005628222447,-0.0007688509760780025,0.0,2.4375,-0.09375,0.09375,2.060047124978155,0.5336748501718737,7.368272463281755e-07,3.0264121414317438,0.004369282061967776,12.0,0.0,0.0,0.0,0.0,0.0,1.0
117,0.4592975187850512,0.9185950375701024,0.0003978098897319905,0.0,2.421875,-0.078125,0.078125,2.0631583329522982,0.7174708122766817,7.368272463281755e-07,3.047815224931886,0.0045497518813135684,12.0,0.0,0.0,0.0,0.0,0.0,1.0
118,0.4326516679791166,0.8653033359582332,-0.003177720908142714,0.0,2.375,0.0078125,-0.0078125,2.0181812079972588,0.8556216115608358,7.368272463281755e-07,3.074592850442665,0.004661919703873234,12.0,0.0,0.0,0.0,0.0,0.0,1.0
119,0.43219511179805603,0.8643902235961121,0.0016990600044294673,0.0,2.4296875,0.109375,-0.109375,2.06359070900362,0.7305759556933644,7.368272463281755e-07,3.1025598098058254,0.004688591033603491,12.0,0.0,0.0,0.0,0.0,0.0,1.0
120,0.5197197514586885,1.039439502917377,4.332727665448922e-05,0.0,2.4375,0.03125,-0.03125,2.074050666997209,0.746438610888734,7.368272463281755e-07,3.142141222022474,0.00465727584863392,12.0,0.0,0.0,0.0,0.0,0.0,1.0
121,0.5198421637890294,1.0396843275780587,-0.0017109856377945654,0.0,2.34375,-0.0078125,0.0078125,1.9845915420446545,0.7259644984535407,7.368272463281755e-07,3.191181814763695,0.0046555119682428385,12.0,0.0,0.0,0.0,0.0,0.0,1.0
122,0.4367803228526851,0.8735606457053702,-0.0014809565168849637,0.0,2.3828125,-0.0703125,0.0703125,2.0154547920101322,0.6484747671010737,7.368272463281755e-07,3.239702892334511,0.004707601572590647,12.0,0.0,0.0,0.0,0.0,0.0,1.0
123,0.43696836371570047,0.8739367274314009,0.002821981721997925,0.0,2.34375,0.2734375,-0.2734375,1.9833876669872552,0.7532306571475541,7.368272463281755e-07,3.2763442915553846,0.004516807827409745,12.0,0.0,0.0,0.0,0.0,0.0,1.0
124,0.43719904477992555,0.8743980895598511,-0.0016670184159080863,0.0,2.359375,0.0703125,-0.0703125,2.0253596670227125,0.8999353102867073,7.368272463281755e-07,3.302494875000169,0.004355385454497688,12.0,0.0,0.0,0.0,0.0,0.0,1.0
125,0.39568247214427615,0.7913649442885523,-0.0014660656093121406,0.0,2.390625,0.09375,-0.09375,2.0138517080340534,0.8173768594872444,7.368272463281755e-07,3.3296485802469156,0.004258639746694826,12.0,0.0,0.0,0.0,0.0,0.0,1.0
126,0.3957678613861023,0.7915357227722046,0.001828584876845601,0.0,2.4609375,0.03125,-0.03125,2.0786415840266272,1.3102176197194717,7.368272463281755e-07,3.350315530629208,0.004235229440382682,12.0,0.0,0.0,0.0,0.0,0.0,1.0
127,0.3972325443569801,0.7944650887139602,0.0006097113947943852,0.0,2.2578125,0.109375,-0.109375,1.8995503750047646,1.193129547235393,7.368272463281755e-07,3.3691097870469093,0.004224612338778873,12.0,0.0,0.0,0.0,0.0,0.0,1.0
128,0.3977519013342045,0.795503802668409,-0.001269494094118282,0.0,2.125,0.3203125,-0.3203125,1.7843712500180118,1.5285670717603352,7.368272463281755e-07,3.174277115105228,0.0023726927655926293,12.0,1.0,0.0,0.0,0.0,0.0,1.0
129,0.3973919632944003,0.7947839265888006,-0.001147190563698554,0.0,2.125,0.375,-0.375,1.7986454580095597,1.4522344036252917,7.368272463281755e-07,3.1920979669825598,0.002629255410283804,12.0,1.0,0.0,0.0,0.0,0.0,1.0
130,0.39544470071041443,0.7908894014208289,-0.004311650739141828,0.0,2.2890625,0.28125,-0.28125,1.9224856249638833,1.4427604684592288,7.368272463281755e-07,3.4156281223210194,0.004872814131279786,12.0,0.0,0.0,0.0,0.0,0.0,1.0
131,0.2349870201204199,0.4699740402408398,0.0033714397562005886,0.0,2.3359375,0.21875,-0.21875,1.9857754160184413,1.3751912618386497,7.368272463281755e-07,3.4400156433694065,0.005075795374220131,12.0,0.0,0.0,0.0,0.0,0.0,1.0
132,0.2626297970846212,0.5252595941692424,-0.00324741633958208,0.0,2.1875,0.0625,-0.0625,1.8345594170386903,1.6836643673043,7.368272463281755e-07,3.4375869408249855,0.005480740158266902,12.0,0.0,0.0,0.0,0.0,0.0,1.0
133,0.26754192863989235,0.5350838572797847,0.001626877996565556,0.0,2.109375,0.125,-0.125,1.7667988329776563,1.7948576888724885,7.368272463281755e-07,2.6212288493290545,0.010043862424936378,12.0,2.0,0.0,0.0,0.0,0.0,1.0
134,0.28004428703322115,0.5600885740664423,-0.0008386174503629976,0.0,2.078125,0.1953125,-0.1953125,1.7615888330037706,1.7727035550182664,7.368272463281755e-07,2.6294904556125402,0.010360956224030816,12.0,2.0,0.0,0.0,0.0,0.0,1.0
135,0.4166666587500002,0.8333333175000004,6.838076756754608e-05,0.0,2.0703125,0.03125,-0.03125,1.7260220830212347,1.8696110761390543,7.368272463281755e-07,2.673388350382447,0.010600603930652142,12.0,2.0,0.0,0.0,0.0,0.0,1.0
136,0.4166666587500002,0.8333333175000004,-0.0021556053781776586,0.0,2.1015625,0.1328125,-0.1328125,1.7782964579528198,1.6650428983848542,7.368272463281755e-07,2.70711040571332,0.010868295753607527,12.0,2.0,0.0,0.0,0.0,0.0,1.0
137,0.3333333270833335,0.666666654166667,0.0013290883687656102,0.0,2.2578125,0.0078125,-0.0078125,1.9368445829604752,1.23213129683525,7.368272463281755e-07,2.9964506246826867,0.012659895323767241,12.0,1.0,0.0,0.0,0.0,0.0,1.0
138,0.3333333270833335,0.666666654166667,-0.0023071175219113236,0.0,2.2890625,0.0859375,-0.0859375,1.9317188750137575,1.0137996322510339,7.368272463281755e-07,3.0324767392806034,0.01291174710178728,12.0,1.0,0.0,0.0,0.0,0.0,1.0
139,0.4166666587500002,0.8333333175000004,-0.0034690478148399237,0.0,2.3125,-0.0859375,0.0859375,1.9768455000012182,1.209219291860889,7.368272463281755e-07,3.071881417185068,0.01298769811745098,12.0,1.0,0.0,0.0,0.0,0.0,1.0
140,0.4166666587500002,0.8333333175000004,-0.0032022052773809954,0.0,2.3359375,-0.2890625,0.2890625,1.9833090419997461,0.8462228497807995,7.368272463281755e-07,3.121632769195871,0.013272667777280069,12.0,1.0,0.0,0.0,0.0,0.0,1.0
141,0.4166666587500002,0.8333333175000004,-0.0024043310410406544,0.0,2.2421875,0.015625,-0.015625,1.8830022090114653,1.1230523025366326,7.368272463281755e-07,3.1677953970025885,0.013587977247714827,12.0,1.0,0.0,0.0,0.0,0.0,1.0
142,0.4166666587500002,0.8333333175000004,-0.0016753520813386025,0.0,2.3046875,-0.1484375,0.1484375,1.9834727499983273,0.9530526813261716,7.368272463281755e-07,3.2104324112561615,0.013823874248456295,12.0,1.0,0.0,0.0,0.0,0.0,1.0
143,0.4166666587500002,0.8333333175000004,0.001974855362008495,0.0,2.296875,-0.1171875,0.1171875,1.9526767919887789,1.0241343489516255,7.368272463281755e-07,3.2494038150391797,0.013986697933763604,12.0,1.0,0.0,0.0,0.0,0.0,1.0
144,0.4166666587500002,0.8333333175000004,-0.00220418980080252,0.0,2.3359375,-0.109375,0.109375,1.9689978749956936,0.8314134718435209,7.368272463281755e-07,3.2888322960246694,0.01415752205172215,12.0,1.0,0.0,0.0,0.0,0.0,1.0
145,0.4166666587500002,0.8333333175000004,-0.0009826363544145308,0.0,2.3828125,-0.28125,0.28125,2.0428268329706043,0.8725717600438836,7.368272463281755e-07,3.3260243995623155,0.014315273464572701,12.0,1.0,0.0,0.0,0.0,0.0,1.0
146,0.4166666587500002,0.8333333175000004,-0.0017484845733675082,0.0,2.3984375,-0.2734375,0.2734375,2.1005548340035602,0.8859149650484779,7.368272463281755e-07,3.3631478141654623,0.014477675473740832,12.0,1.0,0.0,0.0,0.0,0.0,1.0
147,0.4166666587500002,0.8333333175000004,0.0019530091879311762,0.0,2.3671875,-0.3671875,0.3671875,2.0351607499760576,0.8858450433391487,7.368272463281755e-07,3.3946481834758413,0.014656370336359198,12.0,1.0,0.0,0.0,0.0,0.0,1.0
148,0.3541666600000002,0.7083333200000004,0.001346895058715091,0.0,2.296875,-0.15625,0.15625,1.9734818330034614,1.1543567251211324,7.368272463281755e-07,3.4233452799645336,0.014815956925634633,12.0,1.0,0.0,0.0,0.0,0.0,1.0
149,0.3541666600000002,0.7083333200000004,0.0018052419015078239,0.0,2.3828125,-0.4140625,0.4140625,2.039178290986456,1.145578077553054,7.368272463281755e-07,3.9331197924911976,0.009014665716676973,12.0,0.0,0.0,0.0,0.0,0.0,1.0
150,0.3541666600000002,0.7083333200000004,0.0021247810473462954,0.0,2.375,-0.1875,0.1875,2.0327985000330955,1.267301592529341,7.368272463281755e-07,3.968497066448132,0.009169559501363741,12.0,0.0,0.0,0.0,0.0,0.0,1.0
151,0.3541666600000002,0.7083333200000004,-0.004846758084508875,0.0,2.390625,-0.2890625,0.2890625,2.023199916991871,1.1838385405964704,7.368272463281755e-07,4.00099350946645,0.00924015028673845,12.0,0.0,0.0,0.0,0.0,0.0,1.0
152,0.3541666600000002,0.7083333200000004,0.00014736482207088888,0.0,2.4453125,-0.421875,0.421875,2.0733833750127815,0.926205706298753,7.368272463281755e-07,4.036152538377792,0.009363785769285945,12.0,0.0,0.0,0.0,0.0,0.0,1.0
153,0.3541666600000002,0.7083333200000004,-0.0017333086386503791,0.0,2.140625,0.015625,-0.015625,1.8211420840234496,1.934691507429187,7.368272463281755e-07,3.868925442072478,0.0073542938377861656,12.0,1.0,0.0,0.0,0.0,0.0,1.0
154,0.3541666600000002,0.7083333200000004,0.0019358637791003978,0.0,2.1171875,0.1484375,-0.1484375,1.7746546249836683,1.961233848334304,7.368272463281755e-07,3.914560090750456,0.007454104218843647,12.0,1.0,0.0,0.0,0.0,0.0,1.0
155,0.3541666600000002,0.7083333200000004,0.000633885628868826,0.0,2.1640625,-0.0859375,0.0859375,1.8085909999790601,1.8798522317112971,7.368272463281755e-07,3.9498988715085117,0.007493872475937347,12.0,1.0,0.0,0.0,0.0,0.0,1.0
156,0.3541666600000002,0.7083333200000004,0.002193025687798906,0.0,2.109375,0.078125,-0.078125,1.7808202920132317,1.8887804366676224,7.368272463281755e-07,3.9819617948748847,0.007353718657131222,12.0,1.0,0.0,0.0,0.0,0.0,1.0
157,0.3541666600000002,0.7083333200000004,0.0007822958174878145,0.0,2.2109375,-0.0703125,0.0703125,1.8730930829769932,1.4604274902828844,7.368272463281755e-07,4.1999698256452875,0.009485167121359458,12.0,0.0,0.0,0.0,0.0,0.0,1.0
158,0.3541666600000002,0.7083333200000004,-0.00020196426163839422,0.0,2.296875,0.0078125,-0.0078125,1.9773546250071377,1.3788122338906872,7.368272463281755e-07,4.2299015546838445,0.009275830583646894,12.0,0.0,0.0,0.0,0.0,0.0,1.0
159,0.3541666600000002,0.7083333200000004,-0.0011860187849739247,0.0,2.0859375,0.015625,-0.015625,1.7695649159722961,2.11280330355246,7.368272463281755e-07,4.074590086936951,0.00720483328173445,12.0,1.0,0.0,0.0,0.0,0.0,1.0
160,0.3541666600000002,0.7083333200000004,0.0012900546195602507,0.0,2.1171875,0.25,-0.25,1.7702598749892786,1.9457727984909305,7.368272463281755e-07,4.107843682169914,0.007221220881381834,12.0,1.0,0.0,0.0,0.0,0.0,1.0
161,0.3541666600000002,0.7083333200000004,-0.0009679705764904802,0.0,2.1015625,-0.0546875,0.0546875,1.7586871250532568,2.1665883945425812,7.368272463281755e-07,4.125981095162305,0.007352534110065211,12.0,1.0,0.0,0.0,0.0,0.0,1.0
162,0.3541666600000002,0.7083333200000004,-0.002111019339096445,0.0,2.109375,0.1015625,-0.1015625,1.7674526250339113,2.043517078900779,7.368272463281755e-07,4.141237877986648,0.0076491592600095,12.0,1.0,0.0,0.0,0.0,0.0,1.0
163,0.3541666600000002,0.7083333200000004,-0.0024530237316881948,0.0,2.125,-0.1015625,0.1015625,1.793116083019413,2.0935651791767347,7.368272463281755e-07,4.168839890848506,0.00788397032407705,12.0,1.0,0.0,0.0,0.0,0.0,1.0
164,0.4166666587500002,0.8333333175000004,-0.0033982768765346977,0.0,2.1875,-0.0859375,0.0859375,1.8392442500335164,1.5308910154962048,7.368272463281755e-07,4.369420278817415,0.010192527920783808,12.0,0.0,0.0,0.0,0.0,0.0,1.0
165,0.4166666587500002,0.8333333175000004,-0.0001991536531682549,0.0,2.1328125,0.2734375,-0.2734375,1.8183804999571294,1.27802225075118,7.368272463281755e-07,3.9094854213974695,0.017941141564568334,12.0,1.0,0.0,0.0,0.0,0.0,1.0
166,0.4166666587500002,0.8333333175000004,-0.002206630285426624,0.0,2.09375,-0.046875,0.046875,1.7576419160468504,1.7216245413487672,7.368272463281755e-07,3.6994570165872576,0.01654950741212815,12.0,2.0,0.0,0.0,0.0,0.0,1.0
167,0.4166666587500002,0.8333333175000004,-0.004890355677944673,0.0,2.0546875,0.0859375,-0.0859375,1.7225624159909785,1.8480684008717558,7.368272463281755e-07,3.7353708893060684,0.016827744903275745,12.0,2.0,0.0,0.0,0.0,0.0,1.0
168,0.4166666587500002,0.8333333175000004,-0.005106835533755684,0.0,2.0703125,0.2421875,-0.2421875,1.8116744160070084,1.7385167633236016,7.368272463281755e-07,3.770332673192024,0.017030861432431266,12.0,2.0,0.0,0.0,0.0,0.0,1.0
169,0.4166666587500002,0.8333333175000004,-0.0019317922136678435,0.0,2.078125,0.1328125,-0.1328125,1.7782585839740932,1.5962735300010973,7.368272463281755e-07,3.801504448056221,0.0172180745867081,12.0,2.0,0.0,0.0,0.0,0.0,1.0
170,0.4166666587500002,0.8333333175000004,-0.004764906166931315,0.0,2.1953125,-0.0546875,0.0546875,1.874794750008732,1.2766596769248681,7.368272463281755e-07,4.059745115312663,0.0188877719390968,12.0,1.0,0.0,0.0,0.0,0.0,1.0
171,0.4166666587500002,0.8333333175000004,-0.004151988622508537,0.0,2.1953125,-0.0234375,0.0234375,1.8900776659720577,1.300275441714864,7.368272463281755e-07,4.087677812034434,0.019009264440021732,12.0,1.0,0.0,0.0,0.0,0.0,1.0
172,0.4166666587500002,0.8333333175000004,0.0005291021705456782,0.0,2.21875,-0.03125,0.03125,1.8595041669905186,1.281861406850586,7.368272463281755e-07,4.1208440674976865,0.019228250116363844,12.0,1.0,0.0,0.0,0.0,0.0,1.0
173,0.4166666587500002,0.8333333175000004,-0.003169113757789317,0.0,2.046875,0.140625,-0.140625,1.729757332999725,2.0231729759430364,7.368272463281755e-07,3.9285504519939423,0.017940756864845753,12.0,2.0,0.0,0.0,0.0,0.0,1.0
174,0.4166666587500002,0.8333333175000004,-0.0024153840950309484,0.0,2.0703125,0.0625,-0.0625,1.737535833963193,1.7993884689269042,7.368272463281755e-07,3.963806915283203,0.018240580370184035,12.0,2.0,0.0,0.0,0.0,0.0,1.0
175,0.4166666587500002,0.8333333175000004,0.002499191012026604,0.0,2.09375,-0.15625,0.15625,1.7756164579768665,1.9272081297290173,7.368272463281755e-07,4.000463926792145,0.018463232088834047,12.0,2.0,0.0,0.0,0.0,0.0,1.0
176,0.4166666587500002,0.8333333175000004,-0.001235580930594234,0.0,2.0390625,-0.125,0.125,1.7026436250307597,2.2171481877270556,7.368272463281755e-07,4.0265029817819595,0.018616077001206578,12.0,2.0,0.0,0.0,0.0,0.0,1.0
177,0.4166666587500002,0.8333333175000004,-0.003704048262985624,0.0,2.1953125,0.0546875,-0.0546875,1.871470500016585,1.300825268517371,7.368272463281755e-07,4.271921022371813,0.020278523771346292,12.0,1.0,0.0,0.0,0.0,0.0,1.0
178,0.4166666587500002,0.8333333175000004,-0.0006330867465390564,0.0,2.203125,-0.125,0.125,1.8889775419957004,1.3215947003935213,7.368272463281755e-07,4.296489290215752,0.020424563871611925,12.0,1.0,0.0,0.0,0.0,0.0,1.0
179,0.4166666587500002,0.8333333175000004,-0.005657417188834953,0.0,2.0859375,0.1640625,-0.1640625,1.7603539580013603,1.6783934308205948,7.368272463281755e-07,4.094549703598022,0.019047280377708375,12.0,2.0,0.0,0.0,0.0,0.0,1.0
180,0.4166666587500002,0.8333333175000004,0.0011146185877755393,0.0,2.0625,0.0234375,-0.0234375,1.7328528329962865,2.0072570058343415,7.368272463281755e-07,4.13221597969532,0.019386213715188207,12.0,2.0,0.0,0.0,0.0,0.0,1.0
181,0.3541666600000002,0.7083333200000004,-0.003725858587098884,0.0,2.0859375,0.0546875,-0.0546875,1.760683375003282,1.9366654279133417,7.368272463281755e-07,4.167105966806412,0.01960378932999447,12.0,2.0,0.0,0.0,0.0,0.0,1.0
182,0.3541666600000002,0.7083333200000004,0.0002856589914661976,0.0,2.1015625,0.109375,-0.109375,1.814736875006929,2.1597990504332705,7.368272463281755e-07,4.698821464722807,0.011288556122136388,12.0,1.0,0.0,0.0,0.0,0.0,1.0
183,0.3541666600000002,0.7083333200000004,-0.004544977435234204,0.0,2.09375,0.0703125,-0.0703125,1.7653121670009568,2.3480287355500264,7.368272463281755e-07,4.731902675195173,0.011457779444754124,12.0,1.0,0.0,0.0,0.0,0.0,1.0
184,0.3541666600000002,0.7083333200000004,0.001051228915717498,0.0,2.2421875,-0.109375,0.109375,1.9054709160118364,1.5546162168897741,7.368272463281755e-07,4.916106612732013,0.013706082352049028,12.0,0.0,0.0,0.0,0.0,0.0,1.0
185,0.3541666600000002,0.7083333200000004,-0.003999213798764147,0.0,2.109375,0.1015625,-0.1015625,1.7840415830141865,2.016033710693268,7.368272463281755e-07,4.794118622487241,0.011684628267010505,12.0,1.0,0.0,0.0,0.0,0.0,1.0
186,0.3541666600000002,0.7083333200000004,-0.0024449663194229783,0.0,2.140625,-0.1484375,0.1484375,1.7907704170211218,2.1207564623531865,7.368272463281755e-07,4.826548742977056,0.011938312006267634,12.0,1.0,0.0,0.0,0.0,0.0,1.0
187,0.3541666600000002,0.7083333200000004,-0.0024170597729141975,0.0,2.078125,0.3359375,-0.3359375,1.7413477909867652,1.9297869585362994,7.368272463281755e-07,4.859321638941765,0.012089591737921264,12.0,1.0,0.0,0.0,0.0,0.0,1.0
188,0.3541666600000002,0.7083333200000004,0.0005040731717711171,0.0,2.0703125,0.28125,-0.28125,1.732926500029862,2.0502873828291963,7.368272463281755e-07,4.888059570030733,0.012214336729481478,12.0,1.0,0.0,0.0,0.0,0.0,1.0
189,0.3541666600000002,0.7083333200000004,9.486246196438791e-05,0.0,2.140625,0.0234375,-0.0234375,1.7975317920208909,1.9877032626927558,7.368272463281755e-07,4.9103979210961946,0.012295064124786719,12.0,1.0,0.0,0.0,0.0,0.0,1.0
190,0.3541666600000002,0.7083333200000004,0.0002425695057697042,0.0,2.0859375,0.09375,-0.09375,1.7590398750035092,2.1667358272823187,7.368272463281755e-07,4.933670524846423,0.012425337828145448,12.0,1.0,0.0,0.0,0.0,0.0,1.0
191,0.3541666600000002,0.7083333200000004,-0.003922950809171414,0.0,2.3046875,-0.171875,0.171875,1.981958540971391,1.5373493898259396,7.368272463281755e-07,5.107930624236663,0.014662350018625148,12.0,0.0,0.0,0.0,0.0,0.0,1.0
192,0.3541666600000002,0.7083333200000004,-0.006758714801999334,0.0,2.171875,0.15625,-0.15625,1.8196228749584407,1.8434092086263918,7.368272463281755e-07,4.978822307153181,0.012525225275153802,12.0,1.0,0.0,0.0,0.0,0.0,1.0
193,0.3541666600000002,0.7083333200000004,0.0008271475562727151,0.0,2.1328125,-0.03125,0.03125,1.7980454160133377,2.104825714859031,7.368272463281755e-07,4.997866401618177,0.01282394269417802,12.0,1.0,0.0,0.0,0.0,0.0,1.0
194,0.3541666600000002,0.7083333200000004,-0.0012458174362474802,0.0,2.109375,-0.109375,0.109375,1.7636910419678316,2.1956901205622774,7.368272463281755e-07,5.010085742581975,0.013004969329234551,12.0,1.0,0.0,0.0,0.0,0.0,1.0
195,0.3541666600000002,0.7083333200000004,-0.0041325267692657415,0.0,2.15625,-0.078125,0.078125,1.8185313749709167,2.0630935366862104,7.368272463281755e-07,5.021427342837507,0.013154729586941276,12.0,1.0,0.0,0.0,0.0,0.0,1.0
196,0.3541666600000002,0.7083333200000004,-0.003929201393101228,0.0,2.0859375,0.0546875,-0.0546875,1.7569682080065832,2.281659118949317,7.368272463281755e-07,5.0440912544727325,0.013333159530620005,12.0,1.0,0.0,0.0,0.0,0.0,1.0
197,0.3541666600000002,0.7083333200000004,-0.002883890638184591,0.0,2.1640625,-0.1796875,0.1796875,1.846960625029169,1.960739437647253,7.368272463281755e-07,5.062340632081032,0.013628751801496202,12.0,1.0,0.0,0.0,0.0,0.0,1.0
198,0.4166666587500002,0.8333333175000004,-0.002717739359950904,0.0,2.109375,0.0234375,-0.0234375,1.7815069580101408,2.0957527686416006,7.368272463281755e-07,5.070703907446428,0.013924568134825677,12.0,1.0,0.0,0.0,0.0,0.0,1.0
199,0.4166666587500002,0.8333333175000004,-0.0041323941272549325,0.0,2.140625,-0.171875,0.171875,1.7906800839700736,1.8852687155637537,7.368272463281755e-07,4.6627495914697645,0.023394974433176684,12.0,2.0,0.0,0.0,0.0,0.0,1.0
200,0.4166666587500002,0.8333333175000004,-0.004649849135141826,0.0,2.0546875,0.0703125,-0.0703125,1.719568333006464,2.0686915107607,7.368272463281755e-07,4.679883146286011,0.02347181868972257,12.0,2.0,0.0,0.0,0.0,0.0,1.0
201,0.4166666587500002,0.8333333175000004,-0.005784530990920784,0.0,2.09375,-0.046875,0.046875,1.760867208999116,1.864136426845555,7.368272463281755e-07,4.700568477809429,0.023659929621499032,12.0,2.0,0.0,0.0,0.0,0.0,1.0
202,0.4166666587500002,0.8333333175000004,-0.004816447811953029,0.0,2.1015625,0.1796875,-0.1796875,1.7886826249887235,1.7613201276942323,7.368272463281755e-07,4.724622389674186,0.023870021966286004,12.0,2.0,0.0,0.0,0.0,0.0,1.0
203,0.4166666587500002,0.8333333175000004,-0.0024016669776946572,0.0,2.125,-0.1484375,0.1484375,1.8044374579912983,1.8699333835876828,7.368272463281755e-07,4.746489378809929,0.024077076429966836,12.0,2.0,0.0,0.0,0.0,0.0,1.0
204,0.4166666587500002,0.8333333175000004,-0.0026319319133487067,0.0,2.109375,-0.078125,0.078125,1.7905844160122797,1.8845089305394882,7.368272463281755e-07,4.7641835719347,0.0242672125576064,12.0,2.0,0.0,0.0,0.0,0.0,1.0
205,0.4166666587500002,0.8333333175000004,-0.005811549180757243,0.0,2.0703125,-0.078125,0.078125,1.7332900409819558,2.0547489426829104,7.368272463281755e-07,4.785852783918381,0.02449866266688332,12.0,2.0,0.0,0.0,0.0,0.0,1.0
206,0.4166666587500002,0.8333333175000004,-0.0021146295126512854,0.0,2.0859375,0.1171875,-0.1171875,1.7706908750114962,1.863434248375737,7.368272463281755e-07,4.814267674088478,0.024748064030427487,12.0,2.0,0.0,0.0,0.0,0.0,1.0
207,0.4166666587500002,0.8333333175000004,-0.0035247143303500593,0.0,2.109375,0.0,0.0,1.786373375041876,1.9443261637414926,7.368272463281755e-07,4.837472513318062,0.024977948551531882,12.0,2.0,0.0,0.0,0.0,0.0,1.0
208,0.4166666587500002,0.8333333175000004,-0.0023692635194557674,0.0,2.0625,-0.046875,0.046875,1.7226125409943052,2.136657559813929,7.368272463281755e-07,4.856405180692673,0.025168512971140443,12.0,2.0,0.0,0.0,0.0,0.0,1.0
209,0.4166666587500002,0.8333333175000004,-0.006462337880764939,0.0,2.0859375,-0.015625,0.015625,1.8706622919999063,2.064138634169055,7.368272463281755e-07,4.87688225209713,0.025370773673057557,12.0,2.0,0.0,0.0,0.0,0.0,1.0
210,0.4166666587500002,0.8333333175000004,-0.00295146943283283,0.0,2.34375,-0.1796875,0.1796875,1.983257665997371,1.0053629517149723,7.368272463281755e-07,5.077974048527804,0.026805482735984366,12.0,1.0,0.0,0.0,0.0,0.0,1.0
211,0.4166666587500002,0.8333333175000004,-0.0058805719050339525,0.0,2.3203125,-0.140625,0.140625,1.9822775420034304,1.0382901795027364,7.368272463281755e-07,5.115530484101989,0.027100707166193224,12.0,1.0,0.0,0.0,0.0,0.0,1.0
212,0.4166666587500002,0.8333333175000004,-0.0046259617082707325,0.0,2.3125,-0.1328125,0.1328125,1.9615383339696564,1.155824212632315,7.368272463281755e-07,5.151456981897354,0.027453724882269107,12.0,1.0,0.0,0.0,0.0,0.0,1.0
213,0.4166666587500002,0.8333333175000004,-0.00797835079928866,0.0,2.390625,-0.4765625,0.4765625,2.0259208329953253,1.0760738954027533,7.368272463281755e-07,5.190379606051878,0.027810737824025142,12.0,1.0,0.0,0.0,0.0,0.0,1.0
214,0.3541666600000002,0.7083333200000004,-0.010314185494491642,0.0,2.3515625,-0.34375,0.34375,1.9860263339942321,1.0576202000272414,7.368272463281755e-07,5.221750125288963,0.028074534850681877,12.0,1.0,0.0,0.0,0.0,0.0,1.0
215,0.3541666600000002,0.7083333200000004,-0.003209868160848759,0.0,2.3984375,-0.4453125,0.4453125,2.0501769589609466,1.225713926377321,7.368272463281755e-07,5.595752780946593,0.019434664379029225,12.0,0.0,0.0,0.0,0.0,0.0,1.0
216,0.3541666600000002,0.7083333200000004,-0.005267329878835469,0.0,2.453125,-0.2578125,0.2578125,2.0888139169546776,1.095212230391472,7.368272463281755e-07,5.640126125266154,0.019706297369945485,12.0,0.0,0.0,0.0,0.0,0.0,1.0
217,0.3541666600000002,0.7083333200000004,-0.0069211596207544735,0.0,2.359375,-0.15625,0.15625,1.9832414999837056,1.3457383687898212,7.368272463281755e-07,5.675848481866221,0.01996563413073697,12.0,0.0,0.0,0.0,0.0,0.0,1.0
218,0.3541666600000002,0.7083333200000004,-0.006028189838837829,0.0,2.453125,-0.53125,0.53125,2.080942624947056,1.1675678485986676,7.368272463281755e-07,5.713506494338314,0.0202364194628899,12.0,0.0,0.0,0.0,0.0,0.0,1.0
219,0.3541666600000002,0.7083333200000004,-0.011183128956417963,0.0,2.3828125,-0.25,0.25,2.0304199579986744,1.3108783972526892,7.368272463281755e-07,5.751618483103812,0.02044099361107025,12.0,0.0,0.0,0.0,0.0,0.0,1.0
220,0.3541666600000002,0.7083333200000004,-0.009185151154793025,0.0,2.390625,-0.2265625,0.2265625,2.0242352920467965,1.209937049020036,7.368272463281755e-07,5.7956344448029995,0.020639653492253274,12.0,0.0,0.0,0.0,0.0,0.0,1.0
221,0.3541666600000002,0.7083333200000004,-0.0025471838294903936,0.0,2.1171875,-0.0546875,0.0546875,1.7761861669714563,2.096647536428903,7.368272463281755e-07,5.640958282419226,0.018452272606571733,12.0,1.0,0.0,0.0,0.0,0.0,1.0
222,0.3541666600000002,0.7083333200000004,-0.004843909214465197,0.0,2.1484375,0.078125,-0.078125,1.7936545420088805,2.142145533639599,7.368272463281755e-07,5.677462261508811,0.018619687321585265,12.0,1.0,0.0,0.0,0.0,0.0,1.0
223,0.3541666600000002,0.7083333200000004,-0.00403985785162886,0.0,2.171875,-0.0234375,0.0234375,1.8300610830192454,1.8479306099483268,7.368272463281755e-07,5.709969323805788,0.018812164598123425,12.0,1.0,0.0,0.0,0.0,0.0,1.0
224,0.3541666600000002,0.7083333200000004,-0.0032724574814473432,0.0,2.140625,0.125,-0.125,1.7940596669795923,1.9654383687587136,7.368272463281755e-07,5.737069081176411,0.018773607332894408,12.0,1.0,0.0,0.0,0.0,0.0,1.0
225,0.3541666600000002,0.7083333200000004,-0.005869700252781784,0.0,2.140625,-0.03125,0.03125,1.8199594580219127,2.239137073687106,7.368272463281755e-07,5.768039294941858,0.018716795248275794,12.0,1.0,0.0,0.0,0.0,0.0,1.0
226,0.3541666600000002,0.7083333200000004,-0.010470463888569013,0.0,2.15625,0.0390625,-0.0390625,1.886546665977221,2.0184733172846143,7.368272463281755e-07,5.798141403631731,0.018627049385527658,12.0,1.0,0.0,0.0,0.0,0.0,1.0
227,0.3541666600000002,0.7083333200000004,-0.00891726397806647,0.0,2.078125,0.34375,-0.34375,1.7677471250062808,2.2540504078125174,7.368272463281755e-07,5.832302726127884,0.018723747280256994,12.0,1.0,0.0,0.0,0.0,0.0,1.0
228,0.3541666600000002,0.7083333200000004,-0.00740827422850624,0.0,2.1171875,0.1953125,-0.1953125,1.7851706250221469,2.1367488522593763,7.368272463281755e-07,5.8591285293752495,0.018956640798767858,12.0,1.0,0.0,0.0,0.0,0.0,1.0
229,0.3541666600000002,0.7083333200000004,-0.0045204203493573875,0.0,2.125,0.0,0.0,1.8034187920275144,2.1712758013352014,7.368272463281755e-07,5.885972814126448,0.019178883236070924,12.0,1.0,0.0,0.0,0.0,0.0,1.0
230,0.3541666600000002,0.7083333200000004,-0.00850149801643383,0.0,2.375,-0.21875,0.21875,2.037607000034768,1.2494899640307842,7.368272463281755e-07,6.083928008874257,0.02183048089015453,12.0,0.0,0.0,0.0,0.0,0.0,1.0
231,0.3541666600000002,0.7083333200000004,-0.00351963169354849,0.0,2.2890625,-0.2265625,0.2265625,1.9540051250369288,1.2895600333539277,7.368272463281755e-07,6.110057330069442,0.02217527721465255,12.0,0.0,0.0,0.0,0.0,0.0,1.0
232,0.3541666600000002,0.7083333200000004,-0.009229863011147215,0.0,2.3984375,-0.2578125,0.2578125,2.0711832499946468,1.1335556618454077,7.368272463281755e-07,6.126979364082217,0.02263500584134211,12.0,0.0,0.0,0.0,0.0,0.0,1.0
233,0.3541666600000002,0.7083333200000004,-0.01247249122719841,0.0,2.4140625,-0.2734375,0.2734375,2.0499472500523552,1.0442737947401974,7.368272463281755e-07,6.1426869456966715,0.023122939455788583,12.0,0.0,0.0,0.0,0.0,0.0,1.0
234,0.3541666600000002,0.7083333200000004,-0.006439132896884452,0.0,2.3828125,-0.078125,0.078125,2.0037827910273336,1.1776038638071813,7.368272463281755e-07,6.161620784550905,0.023554962797788903,12.0,0.0,0.0,0.0,0.0,0.0,1.0
235,0.3541666600000002,0.7083333200000004,-0.007903888690378044,0.0,2.2265625,0.0,0.0,1.9067942919791676,1.6313546975517008,7.368272463281755e-07,6.17346319804589,0.02395144048690175,12.0,0.0,0.0,0.0,0.0,0.0,1.0
236,0.3541666600000002,0.7083333200000004,-0.008505788265341185,0.0,2.2421875,-0.078125,0.078125,1.9058427920099348,1.5382829704291499,7.368272463281755e-07,6.178820879509051,0.024290252207113856,12.0,0.0,0.0,0.0,0.0,0.0,1.0
237,0.3541666600000002,0.7083333200000004,-0.009501376504328172,0.0,2.1875,-0.03125,0.03125,1.8550353749888018,1.7231852976177053,7.368272463281755e-07,6.184974080572526,0.024597324612841476,12.0,0.0,0.0,0.0,0.0,0.0,1.0
238,0.3541666600000002,0.7083333200000004,-0.008407164378666999,0.0,2.2421875,-0.2109375,0.2109375,1.9049439589725807,1.6475631544374185,7.368272463281755e-07,6.19279645383358,0.024920505876555882,12.0,0.0,0.0,0.0,0.0,0.0,1.0
239,0.3541666600000002,0.7083333200000004,-0.006106607332254518,0.0,2.2578125,0.0,0.0,1.9204706670134328,1.555366894164788,7.368272463281755e-07,6.193195074175795,0.025531702774363414,12.0,0.0,0.0,0.0,0.0,0.0,1.0
240,0.3541666600000002,0.7083333200000004,-0.011985218229441392,0.0,2.359375,0.03125,-0.03125,2.031998249993194,1.3209418764789682,7.368272463281755e-07,6.207712738464276,0.02607536260863223,12.0,0.0,0.0,0.0,0.0,0.0,1.0
241,0.3541666600000002,0.7083333200000004,-0.0039877785527713165,0.0,2.40625,-0.203125,0.203125,2.027130791975651,1.0062376173559346,7.368272463281755e-07,6.230728708207607,0.02656797201295073,12.0,0.0,0.0,0.0,0.0,0.0,1.0
242,0.3541666600000002,0.7083333200000004,-0.01060938988372319,0.0,2.2109375,-0.25,0.25,1.8792738749762066,1.6455665893861762,7.368272463281755e-07,6.2466085739433765,0.026794141109955188,12.0,0.0,0.0,0.0,0.0,0.0,1.0
243,0.3541666600000002,0.7083333200000004,-0.011868736593874253,0.0,2.234375,0.0,0.0,1.873775125015527,1.5281369003346776,7.368272463281755e-07,6.257183723151684,0.027167418020932626,12.0,0.0,0.0,0.0,0.0,0.0,1.0
244,0.3541666600000002,0.7083333200000004,-0.005477091022987615,0.0,2.1953125,-0.0625,0.0625,1.8631525419768877,1.5915977013478837,7.368272463281755e-07,6.271590602894624,0.027476988383568823,12.0,0.0,0.0,0.0,0.0,0.0,1.0
245,0.3541666600000002,0.7083333200000004,-0.006814800760631912,0.0,2.296875,-0.328125,0.328125,1.9652814580476843,1.3795054309774146,7.368272463281755e-07,6.283889090021451,0.027946425378710654,12.0,0.0,0.0,0.0,0.0,0.0,1.0
246,0.3541666600000002,0.7083333200000004,-0.004617301831258141,0.0,2.1875,-0.015625,0.015625,1.866103042033501,1.5310523455629923,7.368272463281755e-07,6.297721882661183,0.028132664714879258,12.0,0.0,0.0,0.0,0.0,0.0,1.0
247,0.3541666600000002,0.7083333200000004,-0.0076949494718211225,0.0,2.140625,0.0234375,-0.0234375,1.822947042004671,2.0419517362160593,7.368272463281755e-07,6.31237763663133,0.028314486912374075,12.0,0.0,0.0,0.0,0.0,0.0,1.0
248,0.3541666600000002,0.7083333200000004,-0.00834056268036196,0.0,2.171875,0.1015625,-0.1015625,1.8498738749767654,1.9935145407568382,7.368272463281755e-07,6.3305097843209905,0.02849302934676719,12.0,0.0,0.0,0.0,0.0,0.0,1.0
249,0.3541666600000002,0.7083333200000004,-0.014924138792922549,0.0,2.109375,0.1015625,-0.1015625,1.8100102079915814,2.010608337226936,7.368272463281755e-07,6.173059154640544,0.026817989662628283,12.0,1.0,0.0,0.0,0.0,0.0,1.0
250,0.3541666600000002,0.7083333200000004,-0.006140432791443444,0.0,2.15625,-0.015625,0.015625,1.8275132499984466,2.1919124209122947,7.368272463281755e-07,6.192871890284798,0.027023455128073692,12.0,1.0,0.0,0.0,0.0,0.0,1.0
251,0.3541666600000002,0.7083333200000004,-0.012495721454899404,0.0,2.171875,-0.15625,0.15625,1.8135322500020266,2.040151217696927,7.368272463281755e-07,6.380997508764267,0.029169433313654736,12.0,0.0,0.0,0.0,0.0,0.0,1.0
252,0.3541666600000002,0.7083333200000004,-0.005329671809754523,0.0,2.1796875,-0.0546875,0.0546875,1.8456417920533568,1.9733444876741664,7.368272463281755e-07,6.2322588400407275,0.027572038551707836,12.0,1.0,0.0,0.0,0.0,0.0,1.0
253,0.3541666600000002,0.7083333200000004,-0.008651232925852953,0.0,2.2734375,-0.015625,0.015625,1.9244199160020798,1.5588867925001466,7.368272463281755e-07,6.416236398120721,0.029777082362367462,12.0,0.0,0.0,0.0,0.0,0.0,1.0
254,0.3541666600000002,0.7083333200000004,-0.007187639304953207,0.0,2.3359375,-0.0546875,0.0546875,1.9818902909755707,1.280280142157988,7.368272463281755e-07,6.408465947955847,0.029977074344060384,12.0,0.0,0.0,0.0,0.0,0.0,1.0
255,0.3541666600000002,0.7083333200000004,-0.0013898005109252893,0.0,2.34375,-0.15625,0.15625,1.9728184170089662,1.190768352096784,7.368272463281755e-07,6.415389555195968,0.03017395512627748,12.0,0.0,0.0,0.0,0.0,0.0,1.0
256,0.3541666600000002,0.7083333200000004,-0.012118226383500762,0.0,2.375,-0.0546875,0.0546875,2.018504749983549,1.1403752747661968,7.368272463281755e-07,6.437733989208937,0.030159349136132125,12.0,0.0,0.0,0.0,0.0,0.0,1.0
257,0.3541666600000002,0.7083333200000004,-0.007468583866068421,0.0,2.3984375,-0.28125,0.28125,2.042013209022116,1.05837186783143,7.368272463281755e-07,6.4651012395819025,0.030241775142106537,12.0,0.0,0.0,0.0,0.0,0.0,1.0
258,0.3541666600000002,0.7083333200000004,-0.010225953416096247,0.0,2.3515625,-0.1875,0.1875,1.9999178749858402,1.1114068704901303,7.368272463281755e-07,6.489133298397064,0.03030997478830007,12.0,0.0,0.0,0.0,0.0,0.0,1.0
259,0.3541666600000002,0.7083333200000004,-0.010002918808670883,0.0,2.328125,0.03125,-0.03125,1.9580763750127517,1.2839346432190344,7.368272463281755e-07,6.51227767765522,0.030250897514633834,12.0,0.0,0.0,0.0,0.0,0.0,1.0
260,0.3541666600000002,0.7083333200000004,-0.009564146345324504,0.0,2.34375,-0.1640625,0.1640625,1.9959866250283085,1.2366095128591406,7.368272463281755e-07,6.536698279281457,0.03038469538053808,12.0,0.0,0.0,0.0,0.0,0.0,1.0
261,0.3541666600000002,0.7083333200000004,-0.014742399481202083,0.0,2.375,-0.1953125,0.1953125,2.0193936249706894,1.0468976579324685,7.368272463281755e-07,6.565763930479686,0.030370494117960334,12.0,0.0,0.0,0.0,0.0,0.0,1.0
262,0.3541666600000002,0.7083333200000004,-0.00687828569116304,0.0,2.4296875,-0.25,0.25,2.0890903340186924,0.9809316852604641,7.368272463281755e-07,6.598684462408225,0.03032723504778308,12.0,0.0,0.0,0.0,0.0,0.0,1.0
263,0.3541666600000002,0.7083333200000004,-0.008303443015301682,0.0,2.3984375,-0.1640625,0.1640625,2.0686942080501467,0.986928530173537,7.368272463281755e-07,6.6255757212638855,0.03036295746763547,12.0,0.0,0.0,0.0,0.0,0.0,1.0
264,0.3541666600000002,0.7083333200000004,-0.01351547557957569,0.0,2.4765625,-0.3984375,0.3984375,2.225061332981568,0.8489721062573331,7.368272463281755e-07,6.647761436800162,0.03053383870671193,12.0,0.0,0.0,0.0,0.0,0.0,1.0
265,0.3541666600000002,0.7083333200000004,-0.006151192967930882,0.0,2.3125,0.0078125,-0.0078125,1.9971336249727756,1.1947249184860895,7.368272463281755e-07,6.667993252476056,0.030783505314805854,12.0,0.0,0.0,0.0,0.0,0.0,1.0
266,0.3541666600000002,0.7083333200000004,-0.013587806178654403,0.0,2.265625,0.015625,-0.015625,1.9373180409893394,1.3498010421914435,7.368272463281755e-07,6.682277145485084,0.03091553208651021,12.0,0.0,0.0,0.0,0.0,0.0,1.0
267,0.3541666600000002,0.7083333200000004,-0.011394224230072709,0.0,2.125,-0.0390625,0.0390625,1.8043154579936527,2.056466269541381,7.368272463281755e-07,6.689359190563361,0.031035561330403045,12.0,0.0,0.0,0.0,0.0,0.0,1.0
268,0.3541666600000002,0.7083333200000004,-0.009934497806983505,0.0,2.1328125,0.046875,-0.046875,1.821625332988333,1.9383737732952242,7.368272463281755e-07,6.698469236493111,0.03118123153884274,12.0,0.0,0.0,0.0,0.0,0.0,1.0
269,0.3541666600000002,0.7083333200000004,-0.01205051585244753,0.0,2.15625,0.0703125,-0.0703125,1.9027558339876123,1.9125870301099697,7.368272463281755e-07,6.717225191493829,0.031395014200825244,12.0,0.0,0.0,0.0,0.0,0.0,1.0
270,0.3541666600000002,0.7083333200000004,-0.010065520011070136,0.0,2.1328125,-0.09375,0.09375,1.8556410829769447,1.981484680343803,7.368272463281755e-07,6.57929170944474,0.029774472075091166,12.0,1.0,0.0,0.0,0.0,0.0,1.0
271,0.3541666600000002,0.7083333200000004,-0.010441830935715822,0.0,2.171875,0.0078125,-0.0078125,1.8566154169966467,1.8139780426436445,7.368272463281755e-07,6.758793500562509,0.031875203538220376,12.0,0.0,0.0,0.0,0.0,0.0,1.0
272,0.3541666600000002,0.7083333200000004,-0.010931486284922834,0.0,2.21875,0.046875,-0.046875,1.8738604160025716,1.7815148056969277,7.368272463281755e-07,6.618932997638529,0.03035279749680988,12.0,1.0,0.0,0.0,0.0,0.0,1.0
273,0.3541666600000002,0.7083333200000004,-0.007444648497394215,0.0,2.125,-0.0546875,0.0546875,1.8285395830171183,2.1705936732118705,7.368272463281755e-07,6.78839818884929,0.03240987258808067,12.0,0.0,0.0,0.0,0.0,0.0,1.0
274,0.3541666600000002,0.7083333200000004,-0.008367968649200641,0.0,2.1328125,0.28125,-0.28125,1.8082107090158388,2.016703156212915,7.368272463281755e-07,6.610001989386299,0.03120651790364222,12.0,1.0,0.0,0.0,0.0,0.0,1.0
275,0.3541666600000002,0.7083333200000004,-0.006218185909802747,0.0,2.125,0.109375,-0.109375,1.816812500008382,2.08248660266669,7.368272463281755e-07,6.755959788958232,0.0333784044002338,12.0,0.0,0.0,0.0,0.0,0.0,1.0
276,0.3541666600000002,0.7083333200000004,-0.010131176393638076,0.0,2.171875,0.171875,-0.171875,1.8350379589828663,1.9272099207896611,7.368272463281755e-07,6.740995367368062,0.03396283100785998,12.0,0.0,0.0,0.0,0.0,0.0,1.0
277,0.3541666600000002,0.7083333200000004,-0.007053321720832899,0.0,2.125,0.21875,-0.21875,1.784017042024061,2.0551240519551572,7.368272463281755e-07,6.734368403752645,0.03442246678362911,12.0,0.0,0.0,0.0,0.0,0.0,1.0
278,0.3541666600000002,0.7083333200000004,-0.01272185065689387,0.0,2.1484375,0.1875,-0.1875,1.8209234169917181,1.909670241925315,7.368272463281755e-07,6.566728933291002,0.03339100711640309,12.0,1.0,0.0,0.0,0.0,0.0,1.0
279,0.3541666600000002,0.7083333200000004,-0.007019776003448919,0.0,2.390625,-0.3046875,0.3046875,2.029517708986532,1.1167923634524877,7.368272463281755e-07,6.709187655399243,0.035555898185217906,12.0,0.0,0.0,0.0,0.0,0.0,1.0
280,0.3541666600000002,0.7083333200000004,-0.013161574332257968,0.0,2.2890625,-0.0546875,0.0546875,1.9818950000335462,1.3463206099423362,7.368272463281755e-07,6.701324317604303,0.036027215246576816,12.0,0.0,0.0,0.0,0.0,0.0,1.0
281,0.3541666600000002,0.7083333200000004,-0.012220705774439075,0.0,2.3984375,-0.1953125,0.1953125,2.0207512920023873,0.9952678040315773,7.368272463281755e-07,6.703531588738163,0.03652614829479717,12.0,0.0,0.0,0.0,0.0,0.0,1.0
282,0.3541666600000002,0.7083333200000004,-0.01445334132671849,0.0,2.265625,0.0390625,-0.0390625,1.950321541982703,1.267366301865068,7.368272463281755e-07,6.710630532354116,0.03683844744712891,12.0,0.0,0.0,0.0,0.0,0.0,1.0
283,0.3541666600000002,0.7083333200000004,-0.009607582380669754,0.0,2.375,-0.1328125,0.1328125,2.039245083986316,0.8015898322396664,7.368272463281755e-07,6.716037879387538,0.03737465978580682,12.0,0.0,0.0,0.0,0.0,0.0,1.0
284,0.3541666600000002,0.7083333200000004,-0.01351155393248694,0.0,2.3515625,-0.1328125,0.1328125,1.979962167039048,0.8370086154293275,7.368272463281755e-07,6.7210719635089236,0.03774847766423287,12.0,0.0,0.0,0.0,0.0,0.0,1.0
285,0.3541666600000002,0.7083333200000004,-0.015217677047885517,0.0,2.3125,-0.046875,0.046875,1.9824943749699742,1.018152752999929,7.368272463281755e-07,6.728142656385899,0.03815295727205618,12.0,0.0,0.0,0.0,0.0,0.0,1.0
286,0.3541666600000002,0.7083333200000004,-0.009300830305610467,0.0,2.34375,-0.109375,0.109375,1.970619458006695,0.9399483208721116,7.368272463281755e-07,6.735287879904111,0.03856261038163211,12.0,0.0,0.0,0.0,0.0,0.0,1.0
287,0.3541666600000002,0.7083333200000004,-0.011016065035237365,0.0,2.3671875,-0.359375,0.359375,1.989856583008077,0.7141314841766162,7.368272463281755e-07,6.742314368486404,0.0390023868191444,12.0,0.0,0.0,0.0,0.0,0.0,1.0
288,0.3541666600000002,0.7083333200000004,-0.011979626886632741,0.0,2.4296875,-0.546875,0.546875,2.0806452080141753,0.5200108897771576,7.368272463281755e-07,6.745205120493968,0.03929910217023765,12.0,0.0,0.0,0.0,0.0,0.0,1.0
289,0.3541666600000002,0.7083333200000004,-0.004478556190566142,0.0,2.453125,-0.25,0.25,2.1175186250475235,0.6659686015536979,7.368272463281755e-07,6.744957726448774,0.03929268846210713,12.0,0.0,0.0,0.0,0.0,0.0,1.0
290,0.3541666600000002,0.7083333200000004,-0.014249971233895604,0.0,2.4296875,-0.34375,0.34375,2.065513832960278,0.48841713191087915,7.368272463281755e-07,6.746534661700328,0.03947803435342697,12.0,0.0,0.0,0.0,0.0,0.0,1.0
291,0.3541666600000002,0.7083333200000004,-0.011451645489674428,0.0,2.3671875,-0.2421875,0.2421875,2.027721708989702,0.5188249890283734,7.368272463281755e-07,6.746310193091631,0.03967589219488824,12.0,0.0,0.0,0.0,0.0,0.0,1.0
292,0.3541666600000002,0.7083333200000004,-0.007781635490692696,0.0,2.390625,-0.109375,0.109375,2.0244502909481525,0.6643619693812284,7.368272463281755e-07,6.747652134547631,0.03963943694543559,12.0,0.0,0.0,0.0,0.0,0.0,1.0
293,0.4166666587500002,0.8333333175000004,-0.014092944318767897,0.0,2.2578125,-0.015625,0.015625,1.898026624985505,0.9698827340026711,7.368272463281755e-07,6.74173317104578,0.03971129044657573,12.0,0.0,0.0,0.0,0.0,0.0,1.0
294,0.4166666587500002,0.8333333175000004,-0.010162000292650297,0.0,2.09375,0.03125,-0.03125,1.7416946669691242,1.5367622901818023,7.368272463281755e-07,6.538847762752663,0.05096360521301077,12.0,1.0,0.0,0.0,0.0,0.0,1.0
295,0.4166666587500002,0.8333333175000004,-0.010170633104872031,0.0,2.0859375,0.1796875,-0.1796875,1.7389645829680376,1.5292065303845939,7.368272463281755e-07,6.526169384745034,0.05110749957649122,12.0,1.0,0.0,0.0,0.0,0.0,1.0
296,0.4166666587500002,0.8333333175000004,-0.009259987169311581,0.0,2.1484375,-0.015625,0.015625,1.8109119170112535,1.252530316227031,7.368272463281755e-07,6.519940423017198,0.051367221521848645,12.0,1.0,0.0,0.0,0.0,0.0,1.0
297,0.4166666587500002,0.8333333175000004,-0.008038338792110892,0.0,2.1015625,-0.0078125,0.0078125,1.7661018750513904,1.5735661850438962,7.368272463281755e-07,6.310292677581311,0.051561507949372754,12.0,2.0,0.0,0.0,0.0,0.0,1.0
298,0.4166666587500002,0.8333333175000004,-0.01449241797818249,0.0,2.1328125,0.125,-0.125,1.8137870420468971,1.4261147400145522,7.368272463281755e-07,6.308113609999419,0.05189891508489382,12.0,2.0,0.0,0.0,0.0,0.0,1.0
299,0.4166666587500002,0.8333333175000004,-0.010423377246148231,0.0,2.109375,0.1875,-0.1875,1.7785396670224145,1.3651864315273188,7.368272463281755e-07,6.306196168810129,0.05224381006410113,12.0,2.0,0.0,0.0,0.0,0.0,1.0
300,0.4166666587500002,0.8333333175000004,-0.016686926548630656,0.0,2.140625,-0.0859375,0.0859375,1.8092754170065746,1.6233540836188018,7.368272463281755e-07,6.511542327363383,0.05253326356548562,12.0,1.0,0.0,0.0,0.0,0.0,1.0
301,0.4166666587500002,0.8333333175000004,-0.012857593510716782,0.0,2.0390625,0.1796875,-0.1796875,1.7077124999486841,2.259769919608948,7.368272463281755e-07,6.302573754265905,0.05284962236473802,12.0,2.0,0.0,0.0,0.0,0.0,1.0
302,0.4166666587500002,0.8333333175000004,-0.014072511079859492,0.0,2.109375,0.0,0.0,1.7862884999485686,2.0335935144292847,7.368272463281755e-07,6.508590320971879,0.05313638709908859,12.0,1.0,0.0,0.0,0.0,0.0,1.0
303,0.4166666587500002,0.8333333175000004,-0.01191780484931086,0.0,2.09375,-0.1015625,0.1015625,1.748677207971923,1.8389338867190648,7.368272463281755e-07,6.5059931430627,0.053420809514632725,12.0,1.0,0.0,0.0,0.0,0.0,1.0
304,0.39001418381809966,0.7800283676361993,-0.010133528362388946,0.0,2.1171875,0.078125,-0.078125,1.7822213339968584,1.5297282139516806,7.368272463281755e-07,6.504463602365418,0.05371652739731045,12.0,1.0,0.0,0.0,0.0,0.0,1.0
305,0.38601799415635385,0.7720359883127077,-0.012860635293249422,0.0,2.078125,0.0234375,-0.0234375,1.7350116249872372,1.9269509566195058,7.368272463281755e-07,6.6908860964079695,0.042462244777804393,12.0,0.0,0.0,0.0,0.0,0.0,1.0
306,0.4166666587500002,0.8333333175000004,-0.01655827571436013,0.0,2.1171875,0.2734375,-0.2734375,1.792880041000899,1.6386724306954366,7.368272463281755e-07,6.696477354814609,0.04252377779387947,12.0,0.0,0.0,0.0,0.0,0.0,1.0
307,0.4166666587500002,0.8333333175000004,-0.008413740799188585,0.0,2.1484375,0.0,0.0,1.837502249982208,1.332966779980978,7.368272463281755e-07,6.5056763115254315,0.054689470284343275,12.0,1.0,0.0,0.0,0.0,0.0,1.0
308,0.3541666600000002,0.7083333200000004,-0.014434465223266042,0.0,2.2890625,-0.234375,0.234375,1.998566291993484,0.23964299408976408,7.368272463281755e-07,6.500397689640522,0.055082862584227274,12.0,1.0,0.0,0.0,0.0,0.0,1.0
309,0.31249999458333344,0.6249999891666669,-0.01748001904704163,0.0,2.46875,-0.4453125,0.4453125,2.09803637501318,-0.33756190077865883,7.368272463281755e-07,6.69180553437521,0.04330228160809687,12.0,0.0,0.0,0.0,0.0,0.0,1.0
310,0.31249999458333344,0.6249999891666669,-0.009570969665829899,0.0,2.4609375,-0.2890625,0.2890625,2.0970752499997616,0.7883190422991497,7.368272463281755e-07,7.236237685958093,0.046774797130968764,12.0,1.0,0.0,0.0,0.0,0.0,1.0
311,0.31249999458333344,0.6249999891666669,-0.014229291371387013,0.0,2.4453125,0.0078125,-0.0078125,2.089305208006408,0.9213459742606614,7.368272463281755e-07,7.265777657993815,0.04633299484108151,12.0,1.0,0.0,0.0,0.0,0.0,1.0
312,0.31249999458333344,0.6249999891666669,-0.015468071571467016,0.0,2.3984375,-0.1953125,0.1953125,2.0265718330047093,0.9341867312675961,7.368272463281755e-07,7.293039278211919,0.04613332736665721,12.0,1.0,0.0,0.0,0.0,0.0,1.0
313,0.3541666600000002,0.7083333200000004,-0.010320567354721961,0.0,2.421875,-0.375,0.375,2.027601459005382,0.49074730692513946,7.368272463281755e-07,7.311961963434111,0.04624584010823376,12.0,1.0,0.0,0.0,0.0,0.0,1.0
314,0.3541666600000002,0.7083333200000004,-0.014190408890345308,0.0,2.296875,-0.0546875,0.0546875,1.9478232080000453,0.4923473912476147,7.368272463281755e-07,6.776028473551075,0.04294332019344438,12.0,0.0,0.0,0.0,0.0,0.0,1.0
315,0.3541666600000002,0.7083333200000004,-0.02054068959973132,0.0,2.3671875,0.0,0.0,1.983672792033758,0.0005322354031179604,7.368272463281755e-07,6.780377100842695,0.04323957536568438,12.0,0.0,0.0,0.0,0.0,0.0,1.0
316,0.3541666600000002,0.7083333200000004,-0.020242739984833787,0.0,2.328125,0.03125,-0.03125,1.9634241670137271,0.268034696201997,7.368272463281755e-07,6.780765802289049,0.043491277672728756,12.0,0.0,0.0,0.0,0.0,0.0,1.0
317,0.4166666587500002,0.8333333175000004,-0.010425006931539495,0.0,2.3984375,-0.2578125,0.2578125,2.039929457998369,-0.40923096574194495,7.368272463281755e-07,6.7788400479281945,0.04375895865571996,12.0,0.0,0.0,0.0,0.0,0.0,1.0
318,0.4166666587500002,0.8333333175000004,-0.009925954163735972,0.0,2.359375,-0.265625,0.265625,1.9850989999831654,-0.5347012644799408,7.368272463281755e-07,6.4806121110238815,0.05822897365512538,12.0,1.0,0.0,0.0,0.0,0.0,1.0
319,0.4166666587500002,0.8333333175000004,-0.018419590679182373,0.0,2.265625,-0.0234375,0.0234375,1.9404889169964008,-0.49346787659090074,7.368272463281755e-07,6.485606223344803,0.05860240307877327,12.0,1.0,0.0,0.0,0.0,0.0,1.0
320,0.4166666587500002,0.8333333175000004,-0.0116458070916404,0.0,2.1484375,-0.0078125,0.0078125,1.826042874949053,0.5227305685959502,7.368272463281755e-07,6.491733260622079,0.0588929399382323,12.0,1.0,0.0,0.0,0.0,0.0,1.0
321,0.4166666587500002,0.8333333175000004,-0.005551413907348882,0.0,2.0703125,0.2734375,-0.2734375,1.7401725829695351,0.7402267789579368,7.368272463281755e-07,6.313224750198424,0.05997418649494648,12.0,2.0,0.0,0.0,0.0,0.0,1.0
322,0.3640943597640927,0.7281887195281854,-0.00661946498258903,0.0,2.15625,-0.140625,0.140625,1.8424855000339448,0.7764791997822454,7.368272463281755e-07,6.501171846789393,0.05950504756666222,12.0,1.0,0.0,0.0,0.0,0.0,1.0
323,0.34105964201517514,0.6821192840303503,-0.012845602943625726,0.0,2.1015625,0.296875,-0.296875,1.7874110420234501,1.2718887855483285,7.368272463281755e-07,6.78559975225168,0.04543010256596366,12.0,0.0,0.0,0.0,0.0,0.0,1.0
324,0.33472543813058186,0.6694508762611637,-0.01302464310380854,0.0,2.1328125,-0.046875,0.046875,1.8122891659731977,1.7057436012772806,7.368272463281755e-07,6.7816614979722845,0.045679418969787854,12.0,0.0,0.0,0.0,0.0,0.0,1.0
325,0.3330060153661316,0.6660120307322632,-0.02041394647223653,0.0,2.203125,-0.0234375,0.0234375,1.8644210000056773,1.0344853909104235,7.368272463281755e-07,6.642236355522817,0.04542471920550187,12.0,1.0,0.0,0.0,0.0,0.0,1.0
326,0.3350362694965212,0.6700725389930424,-0.009399310887642169,0.0,2.203125,-0.140625,0.140625,1.8880171250202693,0.8090459614239157,7.368272463281755e-07,6.647637005302716,0.045718473943204364,12.0,1.0,0.0,0.0,0.0,0.0,1.0
327,0.3475411464858989,0.6950822929717978,-0.014485700583649142,0.0,2.171875,0.140625,-0.140625,1.8279400839819573,1.973610557431738,7.368272463281755e-07,6.788705370621756,0.04630472514327266,12.0,0.0,0.0,0.0,0.0,0.0,1.0
328,0.4166666587500002,0.8333333175000004,-0.014877983949527308,0.0,2.1015625,0.015625,-0.015625,1.77108545799274,1.8025701049221166,7.368272463281755e-07,6.648652672428977,0.04622852512958078,12.0,1.0,0.0,0.0,0.0,0.0,1.0
329,0.4166666587500002,0.8333333175000004,-0.01933525504424854,0.0,2.0703125,0.0625,-0.0625,1.7547886249958538,1.4600627722886923,7.368272463281755e-07,6.480716292323037,0.06168775095747234,12.0,1.0,0.0,0.0,0.0,0.0,1.0
330,0.4166666587500002,0.8333333175000004,-0.009844095850305564,0.0,2.1328125,0.015625,-0.015625,1.8215950000449084,0.5356589919313296,7.368272463281755e-07,6.4967701585794035,0.06212053131259216,12.0,1.0,0.0,0.0,0.0,0.0,1.0
331,0.4166666587500002,0.8333333175000004,-0.009367066929768202,0.0,2.140625,-0.0625,0.0625,1.824619332968723,0.6880206049911306,7.368272463281755e-07,6.510763078927994,0.06244533726897895,12.0,1.0,0.0,0.0,0.0,0.0,1.0
332,0.4166666587500002,0.8333333175000004,-0.02100936334472334,0.0,2.0546875,0.1953125,-0.1953125,1.7404949580086395,1.4606142426317423,7.368272463281755e-07,6.523641004819762,0.06274159492088736,12.0,1.0,0.0,0.0,0.0,0.0,1.0
333,0.4166666587500002,0.8333333175000004,-0.012388121077220399,0.0,2.109375,0.0,0.0,1.7843421249999665,0.7270950357302859,7.368272463281755e-07,6.532275739718568,0.0630523723507808,12.0,1.0,0.0,0.0,0.0,0.0,1.0
334,0.4166666587500002,0.8333333175000004,-0.014070750094493406,0.0,2.1796875,-0.1171875,0.1171875,1.8745811660191976,0.425956907690184,7.368272463281755e-07,6.539272426881573,0.06338808991395953,12.0,1.0,0.0,0.0,0.0,0.0,1.0
335,0.4166666587500002,0.8333333175000004,-0.011998918868591094,0.0,2.171875,0.0078125,-0.0078125,1.8470705000218004,0.09058414193675993,7.368272463281755e-07,6.545382700521838,0.06375147405461493,12.0,1.0,0.0,0.0,0.0,0.0,1.0
336,0.4166666587500002,0.8333333175000004,-0.021054756652828424,0.0,2.2890625,-0.1640625,0.1640625,1.9589238329790533,-0.4508407461032124,7.368272463281755e-07,6.545610324394974,0.06411301707901823,12.0,1.0,0.0,0.0,0.0,0.0,1.0
337,0.4166666587500002,0.8333333175000004,-0.012522795886577892,0.0,2.2421875,-0.046875,0.046875,1.8934949170215987,-0.6563474373486827,7.368272463281755e-07,6.548327508890494,0.06448057276958769,12.0,1.0,0.0,0.0,0.0,0.0,1.0
338,0.4166666587500002,0.8333333175000004,-0.015700368089846355,0.0,2.3046875,-0.2421875,0.2421875,1.9584132089512423,-1.7090892067861452,7.368272463281755e-07,6.555626701902259,0.0648366642285096,12.0,1.0,0.0,0.0,0.0,0.0,1.0
339,0.4166666587500002,0.8333333175000004,-0.012700010324873617,0.0,2.3125,-0.1953125,0.1953125,1.9859057500143535,-2.0562282178967006,7.368272463281755e-07,6.562967105345293,0.06516942647762004,12.0,1.0,0.0,0.0,0.0,0.0,1.0
340,0.4166666587500002,0.8333333175000004,-0.007381047462399962,0.0,2.25,0.0390625,-0.0390625,1.9226856249733828,-1.2502672201039944,7.368272463281755e-07,6.568538089367476,0.06546661247822075,12.0,1.0,0.0,0.0,0.0,0.0,1.0
341,0.4166666587500002,0.8333333175000004,-0.012239580226453491,0.0,2.3125,-0.140625,0.140625,1.9977192500373349,-2.1438450088153913,7.368272463281755e-07,6.5755754614418205,0.06578048917212569,12.0,1.0,0.0,0.0,0.0,0.0,1.0
342,0.5416666575000002,1.0833333150000004,-0.017353121085811763,0.0,2.390625,-0.3828125,0.3828125,2.1002314999932423,-3.2289995803856857,7.368272463281755e-07,6.582955522293394,0.0661195078451287,12.0,1.0,0.0,0.0,0.0,0.0,1.0
343,0.5416666575000002,1.0833333150000004,-0.012972010954356353,0.0,2.3515625,-0.34375,0.34375,1.9976112919976003,-1.819002717863526,7.368272463281755e-07,6.587801736864177,0.06639933575801975,12.0,1.0,0.0,0.0,0.0,0.0,1.0
344,0.5416666575000002,1.0833333150000004,-0.01460985746219241,0.0,2.3125,-0.140625,0.140625,1.982243834005203,-2.854331875765196,7.368272463281755e-07,6.5934428105300125,0.06673327747954648,12.0,1.0,0.0,0.0,0.0,0.0,1.0
345,0.4166666587500002,0.8333333175000004,-0.011890483035624056,0.0,2.34375,-0.234375,0.234375,1.986147166986484,-3.1495700271940206,7.368272463281755e-07,6.603272650729526,0.06699983929072252,12.0,1.0,0.0,0.0,0.0,0.0,1.0
346,0.4166666587500002,0.8333333175000004,-0.007270958953538571,0.0,2.2890625,-0.046875,0.046875,1.9482933340477757,-2.7427575594621247,7.368272463281755e-07,6.610216350717978,0.06733608856500889,12.0,1.0,0.0,0.0,0.0,0.0,1.0
347,0.4166666587500002,0.8333333175000004,-0.013982430688145626,0.0,2.3203125,-0.140625,0.140625,1.9770162500208244,-3.9555211253027887,7.368272463281755e-07,6.61703337458047,0.06773478946839036,12.0,1.0,0.0,0.0,0.0,0.0,1.0
348,0.4166666587500002,0.8333333175000004,-0.010786954356998574,0.0,2.3359375,-0.1328125,0.1328125,2.0237194579676725,-3.3059881249944825,7.368272463281755e-07,6.62318634445017,0.06808152128360234,12.0,1.0,0.0,0.0,0.0,0.0,1.0
349,0.5416666575000002,1.0833333150000004,-0.014957922847328662,0.0,2.25,0.0234375,-0.0234375,1.934657417004928,-2.1991801274475766,7.368272463281755e-07,6.629035070538521,0.06839925380204064,12.0,1.0,0.0,0.0,0.0,0.0,1.0
350,0.5416666575000002,1.0833333150000004,-0.016909043758161588,0.0,2.2578125,-0.203125,0.203125,1.9225144590018317,-2.165148314108742,7.368272463281755e-07,6.6338005634871395,0.06863480182205835,12.0,1.0,0.0,0.0,0.0,0.0,1.0
351,0.5416666575000002,1.0833333150000004,-0.017168381500899305,0.0,2.1640625,0.03125,-0.03125,1.830270708014723,-1.481338675501846,7.368272463281755e-07,6.643938218328086,0.06880412958377168,12.0,1.0,0.0,0.0,0.0,0.0,1.0
352,0.5416666575000002,1.0833333150000004,-0.01242626741644953,0.0,2.140625,-0.2578125,0.2578125,1.8158509579952806,0.14029954147706192,7.368272463281755e-07,6.649661183357239,0.0690023614112182,12.0,1.0,0.0,0.0,0.0,0.0,1.0
353,0.5416666575000002,1.0833333150000004,-0.015384264252199732,0.0,2.109375,-0.078125,0.078125,1.7978746669832617,-0.12576772985157283,7.368272463281755e-07,6.659887120127678,0.0692339602550915,12.0,1.0,0.0,0.0,0.0,0.0,1.0
354,0.5416666575000002,1.0833333150000004,-0.02330736898640062,0.0,2.09375,-0.078125,0.078125,1.7953969159862027,0.03576749956835706,7.368272463281755e-07,6.5397663682699205,0.07152617043757345,12.0,2.0,0.0,0.0,0.0,0.0,1.0
355,0.5416666575000002,1.0833333150000004,-0.009286253791753263,0.0,2.0703125,0.1015625,-0.1015625,1.7636890420108102,0.2953384813422095,7.368272463281755e-07,6.55136189609766,0.07186331530101597,12.0,2.0,0.0,0.0,0.0,0.0,1.0
356,0.4166666587500002,0.8333333175000004,-0.01678525915342995,0.0,2.078125,0.0,0.0,1.7547364589991048,0.39443733872665454,7.368272463281755e-07,6.563577704131603,0.07219500970677473,12.0,2.0,0.0,0.0,0.0,0.0,1.0
357,0.4166666587500002,0.8333333175000004,-0.015239390869170328,0.0,2.1171875,0.1796875,-0.1796875,1.80021591699915,-0.9986921876251811,7.368272463281755e-07,6.687160819768906,0.0705451534172012,12.0,1.0,0.0,0.0,0.0,0.0,1.0
358,0.4166666587500002,0.8333333175000004,-0.01656862417468277,0.0,2.109375,0.015625,-0.015625,1.7901773339835927,-0.5727108770649971,7.368272463281755e-07,6.558250596746802,0.07313091815885855,12.0,2.0,0.0,0.0,0.0,0.0,1.0
359,0.4166666587500002,0.8333333175000004,-0.010786232394465333,0.0,2.1171875,0.15625,-0.15625,1.8212847919785418,-1.0549277334930023,7.368272463281755e-07,6.559018685668707,0.07357153405610006,12.0,2.0,0.0,0.0,0.0,0.0,1.0
360,0.4166666587500002,0.8333333175000004,-0.01899929607445021,0.0,2.1171875,-0.0859375,0.0859375,1.8028930830187164,-0.3880240578698729,7.368272463281755e-07,6.690581934018568,0.07171451718617887,12.0,1.0,0.0,0.0,0.0,0.0,1.0
361,0.4166666587500002,0.8333333175000004,-0.01563493696202221,0.0,2.1171875,0.03125,-0.03125,1.7810678749810904,-0.014513959458318617,7.368272463281755e-07,6.69438932243396,0.07208130860023877,12.0,1.0,0.0,0.0,0.0,0.0,1.0
362,0.4166666587500002,0.8333333175000004,-0.014744322998065362,0.0,2.1171875,-0.0390625,0.0390625,1.779763875005301,0.24995580829084574,7.368272463281755e-07,6.699107701212845,0.07241391641185725,12.0,1.0,0.0,0.0,0.0,0.0,1.0
363,0.5416666575000002,1.0833333150000004,-0.017706414021050176,0.0,2.09375,0.125,-0.125,1.788794791966211,-0.3746555387248796,7.368272463281755e-07,6.581833370029926,0.07512885721371276,12.0,2.0,0.0,0.0,0.0,0.0,1.0
364,0.5416666575000002,1.0833333150000004,-0.015145957989990648,0.0,2.09375,0.0625,-0.0625,1.7804654579958878,0.5190410077664828,7.368272463281755e-07,6.725270909680561,0.07296659574124285,12.0,1.0,0.0,0.0,0.0,0.0,1.0
365,0.5416666575000002,1.0833333150000004,-0.012015199545427404,0.0,2.1015625,-0.0390625,0.0390625,1.8492290410213172,0.42143354718019443,7.368272463281755e-07,6.621944793313742,0.07555870922515169,12.0,2.0,0.0,0.0,0.0,0.0,1.0
366,0.5416666575000002,1.0833333150000004,-0.027730944207012848,0.0,2.0546875,-0.0390625,0.0390625,1.761196417035535,1.4022486925929296,7.368272463281755e-07,6.6381386034190655,0.07579169086529873,12.0,2.0,0.0,0.0,0.0,0.0,1.0
367,0.5416666575000002,1.0833333150000004,-0.011935683484267469,0.0,2.125,-0.1328125,0.1328125,1.7800912500242703,-0.8819315479934042,7.368272463281755e-07,6.652450992166996,0.07616555427084677,12.0,2.0,0.0,0.0,0.0,0.0,1.0
368,0.5416666575000002,1.0833333150000004,-0.022047679530151826,0.0,2.0625,0.0234375,-0.0234375,1.7505175829865038,0.5076406963089126,7.368272463281755e-07,6.668951717019081,0.07643647816148587,12.0,2.0,0.0,0.0,0.0,0.0,1.0
369,0.5416666575000002,1.0833333150000004,-0.00825941129661346,0.0,2.0625,0.1171875,-0.1171875,1.7526038329815492,0.4088439409907468,7.368272463281755e-07,6.685339766740799,0.0767135122907348,12.0,2.0,0.0,0.0,0.0,0.0,1.0
370,0.5416666575000002,1.0833333150000004,-0.017299652222913953,0.0,2.109375,-0.09375,0.09375,1.7900082090054639,-0.27848283682294467,7.368272463281755e-07,6.699179993569851,0.07710750784026459,12.0,2.0,0.0,0.0,0.0,0.0,1.0
371,0.5416666575000002,1.0833333150000004,-0.014318915588797308,0.0,2.1875,-0.1484375,0.1484375,1.8661581249907613,-2.793979509368962,7.368272463281755e-07,6.818973533131859,0.07492000550370324,12.0,1.0,0.0,0.0,0.0,0.0,1.0
372,0.5416666575000002,1.0833333150000004,-0.016410640124950995,0.0,2.109375,-0.1640625,0.1640625,1.7914940829505213,-0.3052883694017375,7.368272463281755e-07,6.718991209566593,0.07785279540112242,12.0,2.0,0.0,0.0,0.0,0.0,1.0
373,0.4166666587500002,0.8333333175000004,-0.012477279578991167,0.0,2.1171875,-0.1953125,0.1953125,1.7692108339979313,-1.1246371541418305,7.368272463281755e-07,6.729640811681747,0.07825274227652698,12.0,2.0,0.0,0.0,0.0,0.0,1.0
374,0.4166666587500002,0.8333333175000004,-0.013722770534383566,0.0,2.0625,0.03125,-0.03125,1.7409587080474012,-0.17653585798578922,7.368272463281755e-07,6.719110757112503,0.07868061695480719,12.0,2.0,0.0,0.0,0.0,0.0,1.0
375,0.4166666587500002,0.8333333175000004,-0.014861736422163357,0.0,2.078125,0.0859375,-0.0859375,1.7693450000369921,-0.6788733002850724,7.368272463281755e-07,6.714540562033653,0.07909166848985479,12.0,2.0,0.0,0.0,0.0,0.0,1.0
376,0.4166666587500002,0.8333333175000004,-0.022594142850406194,0.0,2.0859375,-0.0546875,0.0546875,1.7677116669947281,-1.0464103135822274,7.368272463281755e-07,6.708831480145454,0.07959743291139602,12.0,2.0,0.0,0.0,0.0,0.0,1.0
377,0.4166666587500002,0.8333333175000004,-0.013508967423845305,0.0,2.046875,0.171875,-0.171875,1.7658665420021862,-0.42500869543471165,7.368272463281755e-07,6.702935230731964,0.07998559902189299,12.0,2.0,0.0,0.0,0.0,0.0,1.0
378,0.4166666587500002,0.8333333175000004,-0.014868749577700633,0.0,2.140625,-0.0078125,0.0078125,1.81510641600471,-3.321651814940528,7.368272463281755e-07,6.703248652815819,0.08045997692534002,12.0,2.0,0.0,0.0,0.0,0.0,1.0
379,0.4166666587500002,0.8333333175000004,-0.0204946952959041,0.0,2.0859375,0.0546875,-0.0546875,1.77708570798859,-1.3360439092864003,7.368272463281755e-07,6.707739177346229,0.0808187826856738,12.0,2.0,0.0,0.0,0.0,0.0,1.0
380,0.4166666587500002,0.8333333175000004,-0.009934431766810112,0.0,2.046875,0.09375,-0.09375,1.7177074170322157,0.023656174836001354,7.368272463281755e-07,6.713826417922974,0.08116396773111774,12.0,2.0,0.0,0.0,0.0,0.0,1.0
381,0.4166666587500002,0.8333333175000004,-0.015660471365512203,0.0,2.078125,0.109375,-0.109375,1.7841397909796797,-1.5653480510065862,7.368272463281755e-07,6.720369791984558,0.08151371867425042,12.0,2.0,0.0,0.0,0.0,0.0,1.0
382,0.4166666587500002,0.8333333175000004,-0.01851051987423422,0.0,2.0703125,0.078125,-0.078125,1.8237430829904042,-1.5700142713341332,7.368272463281755e-07,6.728392910957337,0.08184221604897175,12.0,2.0,0.0,0.0,0.0,0.0,1.0
383,0.4166666587500002,0.8333333175000004,-0.020615877628078344,0.0,2.078125,-0.078125,0.078125,1.7754434579983354,-1.3032935081933363,7.368272463281755e-07,6.736741155385971,0.08220717345393495,12.0,2.0,0.0,0.0,0.0,0.0,1.0
384,0.4166666587500002,0.8333333175000004,-0.02150099338740481,0.0,2.1484375,-0.0703125,0.0703125,1.8187209170428105,-3.52111237545421,7.368272463281755e-07,6.743917173147201,0.08257950733386679,12.0,2.0,0.0,0.0,0.0,0.0,1.0
385,0.5416666575000002,1.0833333150000004,-0.01772146454583772,0.0,2.0859375,-0.015625,0.015625,1.779859124973882,-1.6688212310833301,7.368272463281755e-07,6.75229127407074,0.08289650875667576,12.0,2.0,0.0,0.0,0.0,0.0,1.0
386,0.5416666575000002,1.0833333150000004,-0.015064476919738438,0.0,2.0625,0.046875,-0.046875,1.7494968750397675,-0.9985789610286289,7.368272463281755e-07,6.768850684165955,0.08305438288953156,12.0,2.0,0.0,0.0,0.0,0.0,1.0
387,0.5416666575000002,1.0833333150000004,-0.023051499715282378,0.0,2.0859375,-0.0234375,0.0234375,1.7699843340087682,-1.7825890450798403,7.368272463281755e-07,6.7861996531486515,0.08323112749494613,12.0,2.0,0.0,0.0,0.0,0.0,1.0
388,0.5416666575000002,1.0833333150000004,-0.012366511257543391,0.0,2.1171875,0.015625,-0.015625,1.7919129169895314,-2.806110122569199,7.368272463281755e-07,6.803326332569123,0.08344012713059783,12.0,2.0,0.0,0.0,0.0,0.0,1.0
389,0.5416666575000002,1.0833333150000004,-0.014665324514497802,0.0,2.0703125,-0.015625,0.015625,1.77703004097566,-0.9629960614977018,7.368272463281755e-07,6.818361741304398,0.08378438844811172,12.0,2.0,0.0,0.0,0.0,0.0,1.0
390,0.5416666575000002,1.0833333150000004,-0.024613350714343143,0.0,2.0546875,0.046875,-0.046875,1.761765583010856,-0.5363974652682875,7.368272463281755e-07,6.829055660963059,0.08411584256682544,12.0,2.0,0.0,0.0,0.0,0.0,1.0
391,0.5416666575000002,1.0833333150000004,-0.01950166810865727,0.0,2.0859375,-0.03125,0.03125,1.7738179169828072,-1.2263460206482937,7.368272463281755e-07,6.84406840801239,0.08436847305856646,12.0,2.0,0.0,0.0,0.0,0.0,1.0
392,0.5416666575000002,1.0833333150000004,-0.012114518789620806,0.0,2.109375,-0.1328125,0.1328125,1.8276872920105234,-2.5070733226401325,7.368272463281755e-07,6.862036085128784,0.0846299815690145,12.0,2.0,0.0,0.0,0.0,0.0,1.0
393,0.5416666575000002,1.0833333150000004,-0.01557590015780446,0.0,2.0703125,0.046875,-0.046875,1.821864583005663,-1.5327991084691743,7.368272463281755e-07,6.881893873214722,0.08486380404792726,12.0,2.0,0.0,0.0,0.0,0.0,1.0
394,0.5416666575000002,1.0833333150000004,-0.020735753307488416,0.0,2.0859375,0.0625,-0.0625,1.7582672919961624,-1.696789293506926,7.368272463281755e-07,6.8917016685009,0.0852687841746956,12.0,2.0,0.0,0.0,0.0,0.0,1.0
395,0.5416666575000002,1.0833333150000004,-0.014347265615229504,0.0,2.09375,-0.1484375,0.1484375,1.773182250035461,-1.7014053466617072,7.368272463281755e-07,6.9011902749538425,0.08563221450895071,12.0,2.0,0.0,0.0,0.0,0.0,1.0
396,0.5416666575000002,1.0833333150000004,-0.012606798893094677,0.0,2.0703125,-0.0078125,0.0078125,1.7671765419654548,-0.7337799036585796,7.368272463281755e-07,6.909429931640625,0.08600355270318687,12.0,2.0,0.0,0.0,0.0,0.0,1.0
397,0.5416666575000002,1.0833333150000004,-0.020443080477992134,0.0,2.078125,-0.1875,0.1875,1.7523489999584854,-1.1388853394438174,7.368272463281755e-07,6.917968845367431,0.08633859558030962,12.0,2.0,0.0,0.0,0.0,0.0,1.0
398,0.5416666575000002,1.0833333150000004,-0.01923143210099321,0.0,2.0390625,0.0703125,-0.0703125,1.7092136249993928,-0.5267958304962749,7.368272463281755e-07,6.925839853286743,0.08661753665655851,12.0,2.0,0.0,0.0,0.0,0.0,1.0
399,0.4166666587500002,0.8333333175000004,-0.017912920961628165,0.0,2.09375,-0.09375,0.09375,1.7925665419897996,-2.345984104346466,7.368272463281755e-07,6.933598649501801,0.08695407486520708,12.0,2.0,0.0,0.0,0.0,0.0,1.0
400,0.4166666587500002,0.8333333175000004,-0.02205074617761277,0.0,2.0546875,0.1875,-0.1875,1.7309574160026386,-1.5533057842346867,7.368272463281755e-07,6.915865850448609,0.08744639321230352,12.0,2.0,0.0,0.0,0.0,0.0,1.0
401,0.4166666587500002,0.8333333175000004,-0.016943922224068233,0.0,2.1171875,0.046875,-0.046875,1.8034999999799766,-3.764851606346716,7.368272463281755e-07,6.907272934913635,0.08794744675979019,12.0,2.0,0.0,0.0,0.0,0.0,1.0
402,0.4166666587500002,0.8333333175000004,-0.015730776355580817,0.0,2.09375,-0.03125,0.03125,1.7691969170118682,-3.2482330930770646,7.368272463281755e-07,6.889346563816071,0.08849216676317155,12.0,2.0,0.0,0.0,0.0,0.0,1.0
403,0.4166666587500002,0.8333333175000004,-0.01581617110552507,0.0,2.046875,0.046875,-0.046875,1.7576355840428732,-1.1320878617880397,7.368272463281755e-07,6.878877913951873,0.08887482067802921,12.0,2.0,0.0,0.0,0.0,0.0,1.0
404,0.4166666587500002,0.8333333175000004,-0.012231548394103396,0.0,2.0546875,0.21875,-0.21875,1.7364537499961443,-2.401677469530557,7.368272463281755e-07,6.864940899610519,0.08927419722022023,12.0,2.0,0.0,0.0,0.0,0.0,1.0
405,0.4166666587500002,0.8333333175000004,-0.02204623710894348,0.0,2.09375,0.1875,-0.1875,1.7648755830014125,-2.9935884774920174,7.368272463281755e-07,6.8660932064056395,0.08967668726982084,12.0,2.0,0.0,0.0,0.0,0.0,1.0
406,0.4166666587500002,0.8333333175000004,-0.017790844995776208,0.0,2.09375,-0.015625,0.015625,1.803101749974303,-3.828216630576172,7.368272463281755e-07,6.869836491346359,0.09003240345919039,12.0,2.0,0.0,0.0,0.0,0.0,1.0
407,0.4166666587500002,0.8333333175000004,-0.026436333370666767,0.0,2.078125,0.0546875,-0.0546875,1.774068458005786,-2.676013350019689,7.368272463281755e-07,6.87565501332283,0.09038618546910585,12.0,2.0,0.0,0.0,0.0,0.0,1.0
408,0.4166666587500002,0.8333333175000004,-0.01263019236069977,0.0,2.109375,-0.1875,0.1875,1.7951827090000734,-3.480269144277831,7.368272463281755e-07,6.8823879837989805,0.09073070638842182,12.0,2.0,0.0,0.0,0.0,0.0,1.0
409,0.4166666587500002,0.8333333175000004,-0.009670417693152475,0.0,2.09375,-0.140625,0.140625,1.7564642080105841,-2.8595891246679055,7.368272463281755e-07,6.889866495132447,0.09107379185006721,12.0,2.0,0.0,0.0,0.0,0.0,1.0
410,0.4166666587500002,0.8333333175000004,-0.019352088093424213,0.0,2.0703125,-0.078125,0.078125,1.7812914589885622,-1.989171341113448,7.368272463281755e-07,6.895342874526977,0.09138010975875659,12.0,2.0,0.0,0.0,0.0,0.0,1.0
411,0.4166666587500002,0.8333333175000004,-0.022286184811195944,0.0,2.1171875,0.1015625,-0.1015625,1.795444875024259,-5.462495470225178,7.368272463281755e-07,6.901563543081283,0.0917004003567854,12.0,2.0,0.0,0.0,0.0,0.0,1.0
412,0.4166666587500002,0.8333333175000004,-0.019813404705677874,0.0,2.09375,-0.1640625,0.1640625,1.7762627499760129,-3.1655402296197725,7.368272463281755e-07,6.905622971057892,0.09207113990560174,12.0,2.0,0.0,0.0,0.0,0.0,1.0
413,0.4166666587500002,0.8333333175000004,-0.016331315251153514,0.0,2.0703125,0.1328125,-0.1328125,1.7789140830282122,-3.2346662623170825,7.368272463281755e-07,6.908727461099625,0.09235648147732718,12.0,2.0,0.0,0.0,0.0,0.0,1.0
414,0.4166666587500002,0.8333333175000004,-0.023874029127430613,0.0,2.0859375,-0.109375,0.109375,1.783742582949344,-2.853820213623771,7.368272463281755e-07,6.911054807901382,0.0926833239471307,12.0,2.0,0.0,0.0,0.0,0.0,1.0
415,0.4166666587500002,0.8333333175000004,-0.01890209864539896,0.0,2.046875,0.125,-0.125,1.7432666250388138,-1.5360358247302734,7.368272463281755e-07,6.9114125847816466,0.09295915774127934,12.0,2.0,0.0,0.0,0.0,0.0,1.0
416,0.4166666587500002,0.8333333175000004,-0.027864179597780876,0.0,2.1015625,-0.1796875,0.1796875,1.7724215000052936,-3.8855075532094605,7.368272463281755e-07,6.9137209236621855,0.09327702162845526,12.0,2.0,0.0,0.0,0.0,0.0,1.0
417,0.5416666575000002,1.0833333150000004,-0.023985711932651487,0.0,2.1171875,0.03125,-0.03125,1.778340000018943,-5.380471293863814,7.368272463281755e-07,6.9156729757785795,0.09360951230919454,12.0,2.0,0.0,0.0,0.0,0.0,1.0
418,0.5416666575000002,1.0833333150000004,-0.02517024768030858,0.0,2.046875,-0.0234375,0.0234375,1.7351242500008084,-1.817425944230152,7.368272463281755e-07,6.924237632751465,0.09364279247820377,12.0,2.0,0.0,0.0,0.0,0.0,1.0
419,0.5416666575000002,1.0833333150000004,-0.02455517334014107,0.0,2.1171875,-0.1796875,0.1796875,1.7916298750205897,-3.657458550657942,7.368272463281755e-07,6.937862050533295,0.09377795134205372,12.0,2.0,0.0,0.0,0.0,0.0,1.0
420,0.5416666575000002,1.0833333150000004,-0.016597271911125613,0.0,2.046875,-0.09375,0.09375,1.736832124995999,-1.0363878226318592,7.368272463281755e-07,6.947282767295837,0.09388522815424949,12.0,2.0,0.0,0.0,0.0,0.0,1.0
421,0.5416666575000002,1.0833333150000004,-0.027353838834133094,0.0,2.09375,-0.0390625,0.0390625,1.7571065420052037,-4.680993903776296,7.368272463281755e-07,6.959690010547638,0.09417473147623241,12.0,2.0,0.0,0.0,0.0,0.0,1.0
422,0.5416666575000002,1.0833333150000004,-0.022616859303846347,0.0,2.0703125,0.1171875,-0.1171875,1.753118499997072,-4.3108147391015645,7.368272463281755e-07,6.970991671085358,0.09442122606560588,12.0,2.0,0.0,0.0,0.0,0.0,1.0
423,0.5416666575000002,1.0833333150000004,-0.018154963215499455,0.0,2.0625,0.1015625,-0.1015625,1.7446873750304803,-3.2771883523252034,7.368272463281755e-07,6.977719038724899,0.09470135818701238,12.0,2.0,0.0,0.0,0.0,0.0,1.0
424,0.5416666575000002,1.0833333150000004,-0.016409590806662478,0.0,2.140625,-0.171875,0.171875,1.839776457985863,-6.829979636717524,7.368272463281755e-07,6.979673689603805,0.09504092638380826,12.0,2.0,0.0,0.0,0.0,0.0,1.0
425,0.5416666575000002,1.0833333150000004,-0.02194546506585491,0.0,2.078125,0.0078125,-0.0078125,1.885359916021116,-3.3525715298662173,7.368272463281755e-07,6.985679161548615,0.0951878133462742,12.0,2.0,0.0,0.0,0.0,0.0,1.0
426,0.5416666575000002,1.0833333150000004,-0.021003394137929593,0.0,2.0546875,0.1875,-0.1875,1.7369827079819515,-3.529077936397636,7.368272463281755e-07,6.99334015250206,0.09533125939778983,12.0,2.0,0.0,0.0,0.0,0.0,1.0
427,0.5416666575000002,1.0833333150000004,-0.024007460252114095,0.0,2.1015625,-0.203125,0.203125,1.8491720000165515,-4.073922769832049,7.368272463281755e-07,6.997117966413498,0.09556232462637126,12.0,2.0,0.0,0.0,0.0,0.0,1.0
428,0.5416666575000002,1.0833333150000004,-0.020953058160526096,0.0,2.125,-0.0703125,0.0703125,1.795616917021107,-5.957272063712289,7.368272463281755e-07,7.001177024841309,0.0958541642408818,12.0,2.0,0.0,0.0,0.0,0.0,1.0
429,0.5416666575000002,1.0833333150000004,-0.022216593543720967,0.0,2.078125,0.0546875,-0.0546875,1.7746879999758676,-4.638595114358261,7.368272463281755e-07,7.008082455396652,0.09612760310992599,12.0,2.0,0.0,0.0,0.0,0.0,1.0
430,0.5416666575000002,1.0833333150000004,-0.01875332043933725,0.0,2.1015625,-0.046875,0.046875,1.7946174169774167,-5.233889254126466,7.368272463281755e-07,7.008791142702103,0.09640735487919301,12.0,2.0,0.0,0.0,0.0,0.0,1.0
431,0.5416666575000002,1.0833333150000004,-0.02326916667210945,0.0,2.1328125,0.0234375,-0.0234375,1.8228565829922445,-7.059441938244366,7.368272463281755e-07,7.083060763098977,0.09242519691840491,12.0,1.0,0.0,0.0,0.0,0.0,1.0
432,0.5416666575000002,1.0833333150000004,-0.02411280158590901,0.0,2.1796875,-0.078125,0.078125,1.864486542006489,-6.687367694262088,7.368272463281755e-07,7.068904015150937,0.09268411579118534,12.0,1.0,0.0,0.0,0.0,0.0,1.0
433,0.5416666575000002,1.0833333150000004,-0.029993492764764255,0.0,2.2421875,-0.1328125,0.1328125,1.887037832988426,-9.956139510433394,7.368272463281755e-07,7.057646453380585,0.09299917657203464,12.0,1.0,0.0,0.0,0.0,0.0,1.0
434,0.4166666587500002,0.8333333175000004,-0.01734465601424561,0.0,2.2578125,-0.21875,0.21875,1.9503189160022885,-8.174804889669849,7.368272463281755e-07,7.042267476970499,0.09319722262973135,12.0,1.0,0.0,0.0,0.0,0.0,1.0
435,0.4166666587500002,0.8333333175000004,-0.022415312024634974,0.0,2.25,0.046875,-0.046875,1.9352909580338746,-10.347520808566731,7.368272463281755e-07,6.993983347307552,0.09367924491776979,12.0,1.0,0.0,0.0,0.0,0.0,1.0
436,0.4166666587500002,0.8333333175000004,-0.023505424249187785,0.0,2.25,-0.0078125,0.0078125,1.9004815840162337,-9.483746092277999,7.368272463281755e-07,6.958384054628286,0.09412969038397602,12.0,1.0,0.0,0.0,0.0,0.0,1.0
437,0.4166666587500002,0.8333333175000004,-0.015566784180332848,0.0,2.1875,0.0234375,-0.0234375,1.8780105829937384,-9.717827655576732,7.368272463281755e-07,6.932515279813246,0.09450762702412745,12.0,1.0,0.0,0.0,0.0,0.0,1.0
438,0.4166666587500002,0.8333333175000004,-0.016446354709686466,0.0,2.2421875,-0.03125,0.03125,1.9363194159814157,-10.944814180293148,7.368272463281755e-07,6.911172751675952,0.09478830236482529,12.0,1.0,0.0,0.0,0.0,0.0,1.0
439,0.4166666587500002,0.8333333175000004,-0.016132155856793437,0.0,2.140625,-0.109375,0.109375,1.8430177090340294,-5.764398433762686,7.368272463281755e-07,6.895975261926651,0.09501963886842449,12.0,1.0,0.0,0.0,0.0,0.0,1.0
440,0.4166666587500002,0.8333333175000004,-0.023226371799538292,0.0,2.078125,0.0,0.0,1.784328292007558,-5.087590443627791,7.368272463281755e-07,6.812091575562954,0.10004838780441787,12.0,2.0,0.0,0.0,0.0,0.0,1.0
441,0.4166666587500002,0.8333333175000004,-0.0322912582761721,0.0,2.0625,0.1171875,-0.1171875,1.757492542034015,-3.643707783151511,7.368272463281755e-07,6.805220538377762,0.10027437890912552,12.0,2.0,0.0,0.0,0.0,0.0,1.0
442,0.4166666587500002,0.8333333175000004,-0.023650692678250762,0.0,2.0703125,0.0625,-0.0625,1.7686634579440579,-3.874903282506659,7.368272463281755e-07,6.79947863034904,0.10050571304745973,12.0,2.0,0.0,0.0,0.0,0.0,1.0
443,0.4166666587500002,0.8333333175000004,-0.01956677235956729,0.0,2.0703125,0.09375,-0.09375,1.773336207959801,-4.496130519573615,7.368272463281755e-07,6.7974232159554955,0.10072385021339869,12.0,2.0,0.0,0.0,0.0,0.0,1.0
444,0.4166666587500002,0.8333333175000004,-0.020891031533095763,0.0,2.140625,0.0234375,-0.0234375,1.7956570420064963,-8.602383443739496,7.368272463281755e-07,6.796828669309616,0.10099058795603924,12.0,2.0,0.0,0.0,0.0,0.0,1.0
445,0.4166666587500002,0.8333333175000004,-0.02770099192150783,0.0,2.0859375,0.0859375,-0.0859375,1.7827472090139054,-5.653761036898996,7.368272463281755e-07,6.797493258863687,0.10123143588134553,12.0,2.0,0.0,0.0,0.0,0.0,1.0
446,0.4166666587500002,0.8333333175000004,-0.024574516027749127,0.0,2.078125,-0.125,0.125,1.7759293340495788,-5.175034775259033,7.368272463281755e-07,6.799930365383625,0.10145908961712849,12.0,2.0,0.0,0.0,0.0,0.0,1.0
447,0.4166666587500002,0.8333333175000004,-0.024468744467192032,0.0,2.1328125,-0.0234375,0.0234375,1.8156248329905793,-7.429787975726489,7.368272463281755e-07,6.878123674880374,0.09675538817166605,12.0,1.0,0.0,0.0,0.0,0.0,1.0
448,0.4166666587500002,0.8333333175000004,-0.02133821965311858,0.0,2.140625,0.171875,-0.171875,1.8082297919900157,-8.231188172057047,7.368272463281755e-07,6.874702713706276,0.09702768254845234,12.0,1.0,0.0,0.0,0.0,0.0,1.0
449,0.4166666587500002,0.8333333175000004,-0.026924947048782552,0.0,2.1875,-0.0625,0.0625,1.880709041026421,-9.430458323913006,7.368272463281755e-07,6.867022775790908,0.0972942831669405,12.0,1.0,0.0,0.0,0.0,0.0,1.0
450,0.4166666587500002,0.8333333175000004,-0.018114954028779755,0.0,2.375,-0.3359375,0.3359375,2.005764833011199,-12.876485826351487,7.368272463281755e-07,6.847703386944803,0.09760251221252308,12.0,1.0,0.0,0.0,0.0,0.0,1.0
451,0.5416666575000002,1.0833333150000004,-0.01730917856260696,0.0,2.3046875,-0.0390625,0.0390625,2.0093849590048194,-11.409763542726845,7.368272463281755e-07,6.847371368245645,0.09790241584150036,12.0,1.0,0.0,0.0,0.0,0.0,1.0
452,0.5416666575000002,1.0833333150000004,-0.022848570570594966,0.0,2.34375,-0.1953125,0.1953125,2.00018337497022,-14.55215987303065,7.368272463281755e-07,6.853743675080213,0.09797890376384286,12.0,1.0,0.0,0.0,0.0,0.0,1.0
453,0.5416666575000002,1.0833333150000004,-0.019916255297046343,0.0,2.34375,-0.3515625,0.3515625,1.986108708952088,-12.061469202085231,7.368272463281755e-07,6.8628623241728,0.09802211958660999,12.0,1.0,0.0,0.0,0.0,0.0,1.0
454,0.5416666575000002,1.0833333150000004,-0.02734252907352961,0.0,2.3203125,-0.2734375,0.2734375,1.9797298749908805,-14.051656251504879,7.368272463281755e-07,6.874490084973249,0.09809672390110791,12.0,1.0,0.0,0.0,0.0,0.0,1.0
455,0.5416666575000002,1.0833333150000004,-0.029064658259834633,0.0,2.296875,-0.140625,0.140625,1.9551093750051223,-10.352871555532898,7.368272463281755e-07,6.882143884897232,0.09833433891815896,12.0,1.0,0.0,0.0,0.0,0.0,1.0
456,0.5416666575000002,1.0833333150000004,-0.01860552073612685,0.0,2.328125,-0.2265625,0.2265625,1.9993992079980671,-16.332520408763543,7.368272463281755e-07,6.890617002140392,0.09856523150070147,12.0,1.0,0.0,0.0,0.0,0.0,1.0
457,0.5416666575000002,1.0833333150000004,-0.03006452662040612,0.0,2.40625,-0.4296875,0.4296875,2.0654760830220766,-15.936573668879463,7.368272463281755e-07,6.895698048851707,0.09881876059807837,12.0,1.0,0.0,0.0,0.0,0.0,1.0
458,0.5416666575000002,1.0833333150000004,-0.022200282568562234,0.0,2.2109375,-0.1953125,0.1953125,1.9048047499964014,-12.238002355087223,7.368272463281755e-07,6.882603726603768,0.09890949599106204,12.0,1.0,0.0,0.0,0.0,0.0,1.0
459,0.5416666575000002,1.0833333150000004,-0.02270413456546266,0.0,2.203125,-0.0625,0.0625,1.9094745829934254,-10.76723247028367,7.368272463281755e-07,6.873540404168042,0.09888967942044308,12.0,1.0,0.0,0.0,0.0,0.0,1.0
460,0.5416666575000002,1.0833333150000004,-0.022752745056955476,0.0,2.1796875,-0.1328125,0.1328125,1.857295542024076,-8.182886530690569,7.368272463281755e-07,6.871310076930306,0.09905811492353678,12.0,1.0,0.0,0.0,0.0,0.0,1.0
461,0.5416666575000002,1.0833333150000004,-0.033619230443688496,0.0,2.1875,-0.171875,0.171875,1.8554789160261862,-7.249737904303639,7.368272463281755e-07,6.8675657700408586,0.09924703372102654,12.0,1.0,0.0,0.0,0.0,0.0,1.0
462,0.48612681788889267,0.9722536357777853,-0.02759466327139179,0.0,2.265625,-0.2109375,0.2109375,1.9465535419876687,-17.06079082284334,7.368272463281755e-07,6.866110985929316,0.0995084053164729,12.0,1.0,0.0,0.0,0.0,0.0,1.0
463,0.44893533270187247,0.8978706654037449,-0.020262442095299732,0.0,2.3046875,-0.109375,0.109375,1.9809197499998845,-10.662913558847738,7.368272463281755e-07,7.120942085981369,0.08181306672243711,12.0,0.0,0.0,0.0,0.0,0.0,1.0
464,0.4450444383062664,0.8900888766125328,-0.025585801797940597,0.0,2.375,-0.125,0.125,2.0704846250009723,-10.077661678067509,7.368272463281755e-07,7.116281760235627,0.0817526841929066,12.0,0.0,0.0,0.0,0.0,0.0,1.0
465,0.4437671542316388,0.8875343084632776,-0.020483710551273644,0.0,2.421875,-0.125,0.125,2.0918445420102216,-4.6378235562662065,7.368272463281755e-07,7.117651292433341,0.08158070055651478,12.0,0.0,0.0,0.0,0.0,0.0,1.0
466,0.44344560523079146,0.8868912104615829,-0.025719799082263326,0.0,2.3671875,-0.15625,0.15625,2.012840375013184,-8.217437703913493,7.368272463281755e-07,7.124106649309397,0.08162606784511202,12.0,0.0,0.0,0.0,0.0,0.0,1.0
467,0.4438124088807985,0.887624817761597,-0.02863242310793462,0.0,2.484375,-0.34375,0.34375,2.0907753339852206,-7.795352544577273,7.368272463281755e-07,7.1312970121701555,0.08156366530844632,12.0,0.0,0.0,0.0,0.0,0.0,1.0
468,0.4448305584357201,0.8896611168714402,-0.03325714243654509,0.0,2.3984375,-0.3359375,0.3359375,2.0321063750307076,-4.42669703418622,7.368272463281755e-07,7.136222532639901,0.08157629500298451,12.0,0.0,0.0,0.0,0.0,0.0,1.0
469,0.4466062492813838,0.8932124985627676,-0.031899516315260286,0.0,2.4375,-0.171875,0.171875,2.065586708020419,-8.97323149431082,7.368272463281755e-07,7.141107549890876,0.0814373737036173,12.0,0.0,0.0,0.0,0.0,0.0,1.0
470,0.44988029309302424,0.8997605861860485,-0.02603952815124315,0.0,2.375,-0.0703125,0.0703125,2.002495166962035,-7.062471355520446,7.368272463281755e-07,7.144041294852893,0.08170092643680012,12.0,0.0,0.0,0.0,0.0,0.0,1.0
471,0.4582592023628648,0.9165184047257297,-0.0311673543533556,0.0,2.4140625,-0.3125,0.3125,2.061369624978397,-8.180064648085226,7.368272463281755e-07,7.146844955471654,0.08195381610039476,12.0,0.0,0.0,0.0,0.0,0.0,1.0
472,0.4166666587500002,0.8333333175000004,-0.030649106788209483,0.0,2.40625,-0.1640625,0.1640625,2.051990832958836,-9.289726830830997,7.368272463281755e-07,7.149777863329898,0.08224328639941329,12.0,0.0,0.0,0.0,0.0,0.0,1.0
473,0.4166666587500002,0.8333333175000004,-0.027670425095492737,0.0,2.3359375,-0.15625,0.15625,1.9906122920219786,-13.928837197886786,7.368272463281755e-07,6.875817531211809,0.10270168586496518,12.0,1.0,0.0,0.0,0.0,0.0,1.0
474,0.4166666587500002,0.8333333175000004,-0.02066930131242883,0.0,2.296875,0.109375,-0.109375,1.9790060830418952,-14.26860877112197,7.368272463281755e-07,6.861552498557351,0.10314711453446018,12.0,1.0,0.0,0.0,0.0,0.0,1.0
475,0.4166666587500002,0.8333333175000004,-0.022136433854969773,0.0,2.2421875,0.125,-0.125,1.9168469160213135,-12.13849845855458,7.368272463281755e-07,6.849565304815769,0.10354607269718227,12.0,1.0,0.0,0.0,0.0,0.0,1.0
476,0.4166666587500002,0.8333333175000004,-0.021248645696378115,0.0,2.296875,-0.140625,0.140625,1.9785887919715606,-12.052424805067783,7.368272463281755e-07,6.8416309722445225,0.10385688988026232,12.0,1.0,0.0,0.0,0.0,0.0,1.0
477,0.4166666587500002,0.8333333175000004,-0.020478964438091957,0.0,2.265625,0.0546875,-0.0546875,1.939430792001076,-16.85523103896312,7.368272463281755e-07,6.839920646765015,0.10409547587914858,12.0,1.0,0.0,0.0,0.0,0.0,1.0
478,0.4166666587500002,0.8333333175000004,-0.028820604506867083,0.0,2.359375,-0.2109375,0.2109375,2.0041362500051036,-18.795348388408094,7.368272463281755e-07,6.8453736549074,0.1043362713948723,12.0,1.0,0.0,0.0,0.0,0.0,1.0
479,0.4166666587500002,0.8333333175000004,-0.022393406615661443,0.0,2.3515625,-0.0703125,0.0703125,2.0333090840140358,-22.54820841594106,7.368272463281755e-07,6.851328540932048,0.10452741666879527,12.0,1.0,0.0,0.0,0.0,0.0,1.0
480,0.4166666587500002,0.8333333175000004,-0.03025173030838548,0.0,2.3359375,-0.1796875,0.1796875,2.004497915972024,-19.83527317486725,7.368272463281755e-07,6.859463605013761,0.10474893542182558,12.0,1.0,0.0,0.0,0.0,0.0,1.0
481,0.4166666587500002,0.8333333175000004,-0.0213595300519045,0.0,2.359375,-0.359375,0.359375,2.0078461669618264,-23.66299887540263,7.368272463281755e-07,6.8683030876246365,0.1049854376185315,12.0,1.0,0.0,0.0,0.0,0.0,1.0
482,0.31249999458333344,0.6249999891666669,-0.013718750295781611,0.0,2.3046875,-0.0703125,0.0703125,1.9715490830130875,-15.898619476072806,7.368272463281755e-07,6.87664792212573,0.1051958861125141,12.0,1.0,0.0,0.0,0.0,0.0,1.0
483,0.31249999458333344,0.6249999891666669,-0.025481317818072176,0.0,2.4765625,-0.265625,0.265625,2.0841870000003837,-13.407459185667312,7.368272463281755e-07,7.721606528217142,0.09325132645211522,12.0,1.0,0.0,0.0,0.0,0.0,1.0
484,0.31249999458333344,0.6249999891666669,-0.02483537317124657,0.0,2.3671875,-0.1484375,0.1484375,2.0221427920041606,-9.996547815033384,7.368272463281755e-07,7.718005873940208,0.09375353987244042,12.0,1.0,0.0,0.0,0.0,0.0,1.0
485,0.31249999458333344,0.6249999891666669,-0.021638401411459337,0.0,2.3828125,-0.390625,0.390625,2.017275999998674,-8.87239266157257,7.368272463281755e-07,7.736222754825246,0.09406491855836728,12.0,1.0,0.0,0.0,0.0,0.0,1.0
486,0.31249999458333344,0.6249999891666669,-0.024147369244893288,0.0,2.4140625,-0.171875,0.171875,2.053056375007145,-7.5175104740107415,7.368272463281755e-07,7.760613230141726,0.09435583858496764,12.0,1.0,0.0,0.0,0.0,0.0,1.0
487,0.43749999333333345,0.8749999866666669,-0.016939902005131627,0.0,2.453125,-0.2421875,0.2421875,2.0657675419934094,-16.547077049231333,7.368272463281755e-07,7.780160400000486,0.09464476287195628,12.0,1.0,0.0,0.0,0.0,0.0,1.0
488,0.43749999333333345,0.8749999866666669,-0.02338701606295726,0.0,2.453125,-0.203125,0.203125,2.0655917919939384,-11.736499979695347,7.368272463281755e-07,7.796055327762257,0.09492481952871788,12.0,1.0,0.0,0.0,0.0,0.0,1.0
489,0.43749999333333345,0.8749999866666669,-0.020153116331266326,0.0,2.453125,-0.1953125,0.1953125,2.0925150000257418,-12.336015403561388,7.368272463281755e-07,7.810394016179171,0.09520581216466698,12.0,1.0,0.0,0.0,0.0,0.0,1.0
490,0.43749999333333345,0.8749999866666669,-0.027876755446341737,0.0,2.375,-0.15625,0.15625,2.0722388330032118,-2.9235831143022026,7.368272463281755e-07,7.8238032189282505,0.09546443938531658,12.0,1.0,0.0,0.0,0.0,0.0,1.0
491,0.43749999333333345,0.8749999866666669,-0.021460107248404237,0.0,2.390625,0.1015625,-0.1015625,2.031028542027343,-3.1196807221166356,7.368272463281755e-07,7.834696379574862,0.09570844894783063,12.0,1.0,0.0,0.0,0.0,0.0,1.0
492,0.43749999333333345,0.8749999866666669,-0.017558283395353397,0.0,2.4453125,-0.296875,0.296875,2.0536877910490148,-13.306554256789624,7.368272463281755e-07,7.843330426649614,0.09598187107423489,12.0,1.0,0.0,0.0,0.0,0.0,1.0
493,0.4791666587500002,0.9583333175000004,-0.01859828692677047,0.0,2.4140625,-0.0390625,0.0390625,2.0480643330374733,-7.500482122205849,7.368272463281755e-07,7.8522709608078,0.09622596132315019,12.0,1.0,0.0,0.0,0.0,0.0,1.0
494,0.4791666587500002,0.9583333175000004,-0.029500290521157498,0.0,2.4375,-0.2578125,0.2578125,2.06615258398233,-17.686232748354833,7.368272463281755e-07,7.207267460723718,0.08821021739762121,12.0,0.0,0.0,0.0,0.0,0.0,1.0
495,0.4791666587500002,0.9583333175000004,-0.026110150030075628,0.0,2.3515625,-0.1953125,0.1953125,2.0520251669804566,-14.970057773459517,7.368272463281755e-07,7.190952750543754,0.08830716861120891,12.0,0.0,0.0,0.0,0.0,0.0,1.0
496,0.4791666587500002,0.9583333175000004,-0.01979325107760221,0.0,2.3046875,-0.046875,0.046875,1.9618620839901268,-11.668037225206588,7.368272463281755e-07,7.178777314722538,0.08851154131116346,12.0,0.0,0.0,0.0,0.0,0.0,1.0
497,0.4791666587500002,0.9583333175000004,-0.020860312394320485,0.0,2.375,-0.171875,0.171875,2.025027333002072,-14.698670067570722,7.368272463281755e-07,7.173297747969627,0.08872286299204764,12.0,0.0,0.0,0.0,0.0,0.0,1.0
498,0.5416666575000002,1.0833333150000004,-0.02915694647301953,0.0,2.3671875,-0.1875,0.1875,2.0076833329512738,-14.283647652241715,7.368272463281755e-07,7.169960990548134,0.08894968070671894,12.0,0.0,0.0,0.0,0.0,0.0,1.0
499,0.5416666575000002,1.0833333150000004,-0.028074300263531162,0.0,2.3203125,-0.2265625,0.2265625,1.9659889580216259,-20.017189255379368,7.368272463281755e-07,6.887220927260139,0.10960344538431276,12.0,1.0,0.0,0.0,0.0,0.0,1.0
500,0.5416666575000002,1.0833333150000004,-0.03264656834894647,0.0,2.296875,-0.234375,0.234375,1.9326722919940948,-21.80586252756457,7.368272463281755e-07,6.896257909861478,0.1097035422836515,12.0,1.0,0.0,0.0,0.0,0.0,1.0
