iteration,exploitability,nash_conv,actor_loss,average_lambda,mean_episode_length,mean_return_player0,mean_return_player1,wall_time_sec,scheduler_loss,gate_entropy,gate_regret_norm,gate_avg_utility,handoff_frozen_clusters,handoff_missing_clusters,gate_prob_actor,gate_prob_regret,gate_prob_ra,gate_prob_explore,gate_prob_cfr
1,0.4583333274999999,0.9166666549999998,0.0,0.19448590952239625,2.28125,0.28125,-0.28125,1.9789407500065863,0.00036003051414585047,1.605840748303557,0.0,0.0,0.0,0.0,0.2068871859307975,0.19448590952239625,0.19692253535740997,0.17574790997864448,0.2259564690087756
2,0.3436698139347679,0.6873396278695358,-3.790647751175096e-05,0.1957600405567313,2.28125,-0.0625,0.0625,1.9588466249988414,0.00021931624429919182,1.6072475122262353,6.714637394847266e-10,-6.8067831013454226e-12,0.0,0.0,0.20580570639608659,0.1957600405567313,0.19770591292683393,0.18112259893997074,0.21960574761033058
3,0.34940450178698795,0.6988090035739759,-0.00013233827546625605,0.1966067949402417,2.203125,0.2421875,-0.2421875,1.9855207080254331,-0.008546103338959894,1.6081464480846486,0.01297539339775173,9.403126345837136e-07,1.0,0.0,0.204530324601958,0.1966067949402417,0.19885930899821275,0.1856017786983057,0.2144018141090447
4,0.3811429938848816,0.7622859877697632,-0.0001773193599128102,0.19345345361099842,2.2421875,-0.1171875,0.1171875,1.9302989160059951,-0.05082958281195953,1.5465840038898118,0.03081085777300056,9.62875030078673e-08,1.0,0.0,0.19579440895273295,0.19345345361099842,0.19034663185425335,0.1775382203195984,0.24286728920836897
5,0.40557257031731203,0.8111451406346241,-0.00010765426608435473,0.19788136704420958,2.1796875,0.2265625,-0.2265625,1.8709215829730965,-0.1602057006583953,1.5446693017023456,0.04987835527208517,-3.960974648868169e-06,1.0,0.0,0.19370782738518116,0.19788136704420958,0.1890452304941779,0.17613767755074314,0.2432278978995525
6,0.39270283603563216,0.7854056720712643,-7.723895202259977e-05,0.19827819628061658,2.3359375,0.2265625,-0.2265625,2.0631661670049652,-0.23142828197369544,1.500267687298023,0.0742080456984695,-1.425603531698035e-05,1.0,0.0,0.18698653673447893,0.19827819628061658,0.18175813032432545,0.17043560294801974,0.2625415354568424
7,0.37032384619375813,0.7406476923875163,-0.00024197850950052202,0.2064942016082556,2.296875,-0.0234375,0.0234375,1.9615015420131385,-0.2579801967834775,1.5142359393292681,0.09959049753767128,-2.9940612816285277e-05,1.0,0.0,0.18632972727016528,0.2064942016082556,0.1815394839259232,0.17107655868238333,0.25456003723095877
8,0.3498447027029986,0.6996894054059972,-8.259733522434135e-05,0.21299826437702765,2.2890625,0.25,-0.25,1.9769159170100465,-0.1819525963498467,1.5129978185124096,0.12393692357970092,-4.893601502686806e-05,1.0,0.0,0.1836095241251252,0.21299826437702765,0.17936896830288623,0.1699683356000295,0.2540549139520821
9,0.3510601344819544,0.7021202689639088,-3.564720182208173e-05,0.21664581856944345,2.1484375,0.3359375,-0.3359375,1.837341499980539,-0.15664874829351902,1.4939451596685513,0.14587584868907774,-6.76820868245424e-05,1.0,0.0,0.17816666234623302,0.21664581856944345,0.1754908673329787,0.16615550848570737,0.2635411489551718
10,0.38004978029071534,0.7600995605814307,-9.837627138296105e-05,0.2274495706906621,2.21875,0.1484375,-0.1484375,1.919928167015314,-0.23325362040753095,1.5125435661662123,0.1723617873552333,-9.5490122723992e-05,1.0,0.0,0.1776213856859946,0.2274495706906621,0.17469985457793089,0.16699625210652888,0.25323294512402844
11,0.3637064244600139,0.7274128489200278,-0.00017684663436678293,0.2377341539709718,2.234375,0.0859375,-0.0859375,1.9377144169993699,-0.37344189092412694,1.5218690335889666,0.20014927721058484,-0.00013275368355062747,2.0,0.0,0.1757129313541459,0.2377341539709718,0.17275282287305885,0.1665110803775854,0.2472890106427086
12,0.40124504823975904,0.8024900964795181,7.516420901208914e-05,0.21592830801674714,2.2421875,0.1484375,-0.1484375,1.950717166007962,-0.19861323871886688,1.3240669873810778,0.22708909767485844,-0.00017949409986310153,2.0,0.0,0.15015047721123445,0.21592830801674714,0.14734690623416302,0.14362271400071186,0.34295160279249065
13,0.3846638253331295,0.769327650666259,0.0004576872754051253,0.23610234147124637,2.2578125,-0.0546875,0.0546875,1.9277289580204524,-0.3150006494513845,1.388520700995622,0.2540952705797584,-0.00023604160321610834,2.0,0.0,0.1545832795461569,0.23610234147124637,0.15137906485981595,0.14886667886201074,0.3090686610928869
14,0.36041604715849906,0.7208320943169981,-6.463140785643589e-05,0.24780880678247647,2.2109375,-0.0546875,0.0546875,2.0040397089906037,-0.31730049793392934,1.3966327590371475,0.27927125425776467,-0.0002965644559248896,2.0,0.0,0.15257169032475973,0.24780880678247647,0.14907991938793197,0.148078975797542,0.30246061134043517
15,0.3528908277809838,0.7057816555619676,-0.00029584608233879393,0.24806791648164495,2.234375,0.140625,-0.140625,1.9283286249847151,-0.3250152643483419,1.3319766947201799,0.30658668457181193,-0.00036931661529730303,2.0,0.0,0.14251024161393827,0.24806791648164495,0.13904043307879588,0.1394399932318634,0.3309414222107067
16,0.214288608639504,0.428577217279008,-0.0007826128584046153,0.2688458057082429,2.296875,0.1171875,-0.1171875,1.994213290978223,-0.40414140530035125,1.3689792528753733,0.336474083965489,-0.00045986362235147144,2.0,0.0,0.14330148813473123,0.2688458057082429,0.1391468325338396,0.14121652389464734,0.30748936432559476
17,0.3216395423131102,0.6432790846262204,1.332915365000545e-05,0.2666835352041875,2.0546875,-0.0234375,0.0234375,1.770359041984193,-0.06123948883364409,1.3031672320719532,0.36185996046212193,-0.000543089813859865,2.0,0.0,0.13384796718680814,0.2666835352041875,0.13021399080753326,0.13290390020994178,0.336350620869448
18,0.3109476169060183,0.6218952338120366,-6.7681569804293e-05,0.28241609010025054,2.1640625,0.09375,-0.09375,1.8872508330387063,-0.11059086458145603,1.2876075986081004,0.3889181343450521,-0.0006436881102522088,2.0,0.0,0.12891788162048973,0.28241609010025054,0.12416542130471997,0.1290819286116624,0.33541869294126975
19,0.30689965278362097,0.6137993055672419,-0.0003183953938770383,0.3077070682364352,2.125,0.0390625,-0.0390625,1.8128897080314346,-0.5787253050640335,1.322201228262873,0.42127949357867084,-0.0007793936628578043,2.0,0.0,0.12904872646664872,0.3077070682364352,0.12442718761260896,0.1302454104537473,0.3085716107093236
20,0.2989053758440684,0.5978107516881368,-0.0005385283765211852,0.32549550655946835,2.1640625,0.046875,-0.046875,1.910534208000172,-0.6887006912757021,1.2978375212974915,0.4560050781971465,-0.0009464553534902128,2.0,0.0,0.12316876224877601,0.32549550655946835,0.11769247582242807,0.1254105203741294,0.3082327458617489
21,0.39847772414759264,0.7969554482951853,-0.0007287980014106268,0.3370931935310364,2.1484375,0.1171875,-0.1171875,1.8630945410113782,-0.8290779075568373,1.2572539398722289,0.48661741994631785,-0.0011024087341790316,2.0,0.0,0.11573777388442646,0.3370931935310364,0.11112713754177093,0.11879333024675195,0.31724856902252546
22,0.383223844395744,0.766447688791488,-0.0013017241749862876,0.3741080274044628,2.21875,0.015625,-0.015625,1.9210352090303786,-1.007006589749592,1.2679805159049502,0.5293096955671596,-0.001363388719331245,2.0,0.0,0.11269536989570504,0.3741080274044628,0.1069037272581752,0.11682255516274714,0.28947033507513326
23,0.3767975212122804,0.7535950424245608,-0.001041817267952153,0.38135263155883464,2.21875,0.078125,-0.078125,1.9193332500290126,-0.7884312817190682,1.1824787707676316,0.5773617304706326,-0.0016552267973869068,2.0,0.0,0.1011281437961988,0.38135263155883464,0.09560854887773454,0.10591077203796782,0.31599990929096516
24,0.3735061555507019,0.7470123111014038,-0.0009864783031829686,0.41227160429312326,2.3203125,0.390625,-0.390625,2.0463112499564886,-0.6596254712027131,1.1493343592684464,0.6277676407868663,-0.001991197298896926,3.0,0.0,0.09377214315062019,0.41227160429312326,0.08799946799824133,0.099065462045798,0.3068913290596972
25,0.3721351070836088,0.7442702141672176,-0.0014213054933814337,0.4185443481628838,2.2734375,0.1484375,-0.1484375,2.0016773749957792,-0.9097918131615954,1.0677539813462569,0.6773340272484347,-0.002317906942001476,3.0,0.0,0.08355934137024011,0.4185443481628838,0.07826558413476878,0.08903252371807688,0.330598208810046
26,0.39253131459365487,0.7850626291873097,-0.0016519894520017969,0.4360328397967599,2.234375,0.2578125,-0.2578125,2.1083292499533854,-1.051568425626826,1.0021017637286822,0.7323034692478055,-0.0026335471811762545,3.0,0.0,0.0747706392532462,0.4360328397967599,0.06982382561464409,0.08052265748277411,0.3388500453292073
27,0.28498894044493667,0.5699778808898733,-0.0030387793177535545,0.48499489362750736,2.1875,-0.03125,0.03125,1.8705035829916596,-1.2004652837540821,0.9955199430711169,0.7876821407893052,-0.002947403168946039,3.0,0.0,0.07072192523628473,0.48499489362750736,0.06575570267492108,0.07675200732690947,0.30177548809775284
28,0.27319284116085873,0.5463856823217175,-0.003258582306650845,0.4936782421889129,2.109375,0.171875,-0.171875,1.8064759169938043,-0.843147504803966,0.8940633283091015,0.8268573232150326,-0.003138499067063094,4.0,0.0,0.060343687912380255,0.4936782421889129,0.05554902706709173,0.06642396995038898,0.3240050867475845
29,0.3241087021663219,0.6482174043326439,-0.003216557735698499,0.5406462780254728,2.125,-0.1640625,0.1640625,1.841988666972611,-1.4831794783154584,0.8473507704772149,0.8787738725077361,-0.0033083491725847125,4.0,0.0,0.05376159379203968,0.5406462780254728,0.04937050935319241,0.05983552184668096,0.2963861122946529
30,0.40819693666519996,0.8163938733303999,-0.0025323024024321967,0.6042245168810927,2.0859375,-0.4140625,0.4140625,1.8920582499704324,-1.4101219645174645,0.8015592486501263,0.9557106849582245,-0.0035673408080280447,4.0,0.0,0.04745528770240952,0.6042245168810927,0.04329189845127113,0.05350458954045835,0.25152372683255414
31,0.40710922311218245,0.8142184462243649,-0.00365002576635097,0.6149872450047669,2.2421875,0.03125,-0.03125,2.0855001250165515,-0.8511682550174603,0.6715958861920004,1.0963707478632303,-0.00411875369106631,7.0,1.0,0.03660583684305281,0.6149872450047669,0.03322882451869885,0.041749414004619116,0.2734286797846236
32,0.3437635024474155,0.687527004894831,-0.0036292924364473805,0.2991234671352501,2.078125,-0.578125,0.578125,1.8547713329899125,-0.39149945463085395,0.3339860384691475,1.2042564559219913,-0.0048272575923792,9.0,1.0,0.017816619366351375,0.2991234671352501,0.016733818813542228,0.02060320313767831,0.6457229003982436
33,0.4069115352623417,0.8138230705246834,-0.004001110924460931,0.12679012397396247,2.0546875,0.015625,-0.015625,1.7805571249919012,-0.9031512567033361,0.12469745452460237,1.5763347758394148,-0.00643858078102413,9.0,3.0,0.006168140728777353,0.12679012397396247,0.005869540283208565,0.007338953887895033,0.8538332435058097
34,0.42162407062852314,0.8432481412570463,-0.005797297570287737,0.1330935001373291,2.03125,-0.203125,0.203125,1.7982737079728395,-2.407490547902685,0.11236365733154711,1.6798807743471116,-0.007024119281090356,9.0,3.0,0.005153507166183912,0.1330935001373291,0.004877661311855683,0.006209210535654655,0.8506661226543096
35,0.3781556640481979,0.7563113280963958,-0.00558767999491296,0.12913542916608411,2.015625,-0.0078125,0.0078125,1.7327529169851914,-3.0023403928106176,0.09117505884407581,1.772307639889833,-0.007352175756952622,9.0,3.0,0.0038424647781391476,0.12913542916608411,0.0036130644337728965,0.004680528933572215,0.858728519445935
36,0.3758965379356808,0.7517930758713616,-0.004282141686247427,0.10186036045734699,2.03125,-0.5859375,0.5859375,1.763368125015404,-2.6148803327832586,0.0588546929999657,1.869605055441045,-0.008012817282481896,9.0,3.0,0.0022629990887183407,0.10186036045734699,0.0021130244892377118,0.0027793982567695472,0.8909842138393567
37,0.4105583764784983,0.8211167529569966,-0.004157973591081674,0.17189558937742905,2.0234375,-0.1953125,0.1953125,1.8575671659782529,-0.9336700378984579,0.07934841087910934,1.9618142840659454,-0.008940317001057943,10.0,3.0,0.002754777141318128,0.17189558937742905,0.0025515262339566207,0.0034122635182496663,0.8193858523626585
38,0.29429239001752866,0.5885847800350573,-0.004513633221937927,0.0,2,-0.0859375,0.0859375,1.7061444589635357,-0.8996727648009255,7.368272463281755e-07,2.4945793544563153,-0.011384927826838975,10.0,6.0,0.0,0.0,0.0,0.0,1.0
39,0.33540519639113864,0.6708103927822773,-0.005537906288909465,0.09288593009114265,2.125,-0.296875,0.296875,1.8076517920126207,-0.952262177984962,0.014996832873196093,1.7607619609787233,-0.0077936069512816175,10.0,3.0,0.0003578812949640183,0.09288593009114265,0.00028695435792221413,0.00045770279607762964,0.9060115303967476
40,0.16855260093893654,0.3371052018778731,-0.004395932586567592,0.08945053489538875,2.140625,-0.171875,0.171875,1.9200300829834305,-1.0253988592834449,0.010515057228246031,1.8349514635693696,-0.007936361434581663,11.0,3.0,0.00021457649430899073,0.08945053489538875,0.00017340273008321542,0.0002739666085894199,0.9098875181151241
41,0.29166666291666676,0.5833333258333335,-0.0030775872182138325,0.03480653464794159,2.1875,-0.28125,0.28125,1.8769493750296533,-1.6034617391501211,0.005192260702947189,1.9039382371637557,-0.008157089063994741,12.0,3.0,0.00010662205750122666,0.03480653464794159,8.727562713569828e-05,0.00014304366361882006,0.9648565242200026
42,0.33321419874675257,0.6664283974935051,-0.002965458643257225,0.0,2.2265625,0.296875,-0.296875,1.938872166967485,-1.7681084484017655,7.368272463281755e-07,1.8432884796691889,-0.007929755801342253,12.0,1.0,0.0,0.0,0.0,0.0,1.0
43,0.3275065763294895,0.655013152658979,-0.0036303066368765643,0.0,2.3125,0.1640625,-0.1640625,1.9879356250166893,0.07167734293663572,7.368272463281755e-07,1.873443972150033,-0.008066197253025497,12.0,1.0,0.0,0.0,0.0,0.0,1.0
44,0.3749999962500001,0.7499999925000002,-0.0045186336240171715,0.0,2.3828125,-0.234375,0.234375,2.070292500022333,-1.1992312466660104,7.368272463281755e-07,1.926376804624769,-0.00809370157168649,12.0,1.0,0.0,0.0,0.0,0.0,1.0
45,0.26202679433678855,0.5240535886735771,-0.00044728251286513785,0.0,2.1640625,0.0078125,-0.0078125,1.893694875005167,-1.0445358406643919,7.368272463281755e-07,2.3577314792200923,-0.009188689712674305,12.0,3.0,0.0,0.0,0.0,0.0,1.0
46,0.2403499657241437,0.4806999314482874,-0.0003909298015708033,0.0,2.15625,0.0390625,-0.0390625,1.957124084001407,-0.9288142637734065,7.368272463281755e-07,1.8151204590262338,-0.00612822834674179,12.0,1.0,0.0,0.0,0.0,0.0,1.0
47,0.37499999583333343,0.7499999916666669,-0.0003583699748751922,0.0,2.1328125,-0.140625,0.140625,1.8807644170010462,-1.9465589226321067,7.368272463281755e-07,1.4473545708072681,-0.002342876063873215,12.0,3.0,0.0,0.0,0.0,0.0,1.0
48,0.37499999583333343,0.7499999916666669,0.00085603777980956,0.0,2.09375,0.0625,-0.0625,1.8002795000211336,-2.4351025069528847,7.368272463281755e-07,1.4693041676655412,-0.0020161856025677277,12.0,3.0,0.0,0.0,0.0,0.0,1.0
49,0.37499999583333343,0.7499999916666669,0.0010692095620274513,0.0,2.0859375,0.390625,-0.390625,1.8394259170163423,-2.811810929347156,7.368272463281755e-07,1.5815865563021765,-0.0018174245746599303,12.0,3.0,0.0,0.0,0.0,0.0,1.0
50,0.43749999500000003,0.8749999900000001,0.0003273980330135037,0.0,2.140625,0.1875,-0.1875,1.8436452499590814,-3.4756370732961237,7.368272463281755e-07,1.6252558454871178,-0.0010168887998184396,12.0,3.0,0.0,0.0,0.0,0.0,1.0
51,0.43749999500000003,0.8749999900000001,0.0018822111484218156,0.0,2.4765625,0.3359375,-0.3359375,2.1569830829976127,-1.379965470611045,7.368272463281755e-07,1.9328926164148883,-0.002843537827175169,12.0,1.0,0.0,0.0,0.0,0.0,1.0
52,0.43749999500000003,0.8749999900000001,0.0023462072223324327,0.0,2.328125,0.140625,-0.140625,1.9763935839873739,0.4933912765342691,7.368272463281755e-07,1.995685923294249,-0.002762747461764031,12.0,1.0,0.0,0.0,0.0,0.0,1.0
53,0.43749999500000003,0.8749999900000001,0.00011957960838364137,0.0,2.3984375,0.0625,-0.0625,2.0690949999843724,0.03558358372110599,7.368272463281755e-07,2.0631211886013094,-0.002808530159448062,12.0,1.0,0.0,0.0,0.0,0.0,1.0
54,0.2708333283333334,0.5416666566666668,0.0007794982085609691,0.0,2.328125,0.171875,-0.171875,1.9765340829617344,0.42032862827284534,7.368272463281755e-07,2.119198912415992,-0.0028592526854150824,12.0,1.0,0.0,0.0,0.0,0.0,1.0
55,0.22916666125000015,0.4583333225000003,0.00035856998625786356,0.0,2.3203125,-0.046875,0.046875,2.018476124969311,7.74788267496925,7.368272463281755e-07,1.84904633580961,-0.0041166802786227145,12.0,1.0,0.0,0.0,0.0,0.0,1.0
56,0.2929332279109219,0.5858664558218438,-0.0005969602240954707,0.0,2.140625,-0.0234375,0.0234375,1.8676335419877432,7.734781076343445,7.368272463281755e-07,2.0322063944556494,-0.003867857925673558,12.0,1.0,0.0,0.0,0.0,0.0,1.0
57,0.29383960777141105,0.5876792155428221,-0.0007732007741779942,0.0,2.0625,0.0390625,-0.0390625,1.7836403329856694,7.383299714694374,7.368272463281755e-07,1.547092419769615,-0.0016684781709045637,12.0,2.0,0.0,0.0,0.0,0.0,1.0
58,0.2944364690273715,0.588872938054743,-0.0010912346482676823,0.0,2.1015625,-0.2265625,0.2265625,1.796966583991889,8.03510316754661,7.368272463281755e-07,1.5736231817863882,-0.0017216896085301414,12.0,2.0,0.0,0.0,0.0,0.0,1.0
59,0.24866317622407472,0.49732635244814943,-0.00031596810830152337,0.0,2.0859375,-0.1796875,0.1796875,1.8344433339661919,7.5234387183604925,7.368272463281755e-07,1.6095953633077442,-0.001799733600273612,12.0,2.0,0.0,0.0,0.0,0.0,1.0
60,0.243770085506857,0.487540171013714,0.00134656968320968,0.0,2.140625,-0.25,0.25,1.8707598749897443,7.7435851247191945,7.368272463281755e-07,2.145654236643829,-0.0041798558678775325,12.0,1.0,0.0,0.0,0.0,0.0,1.0
61,0.2300991460036254,0.4601982920072508,0.001300458973538498,0.0,2.234375,0.015625,-0.015625,1.8952135420404375,7.951922765869427,7.368272463281755e-07,2.183605944737792,-0.004419125689061978,12.0,1.0,0.0,0.0,0.0,0.0,1.0
62,0.2521937823355326,0.5043875646710652,0.00020463062194756297,0.0,2.265625,0.109375,-0.109375,1.8976017909590155,7.743088395229817,7.368272463281755e-07,2.1487458193053803,-0.0040406045116772775,12.0,0.0,0.0,0.0,0.0,0.0,1.0
63,0.3061584719381163,0.6123169438762326,-0.0034688085967794473,0.0,2.2421875,0.078125,-0.078125,1.932628292008303,7.44888578365972,7.368272463281755e-07,2.2842682144519957,-0.005441900022560731,12.0,1.0,0.0,0.0,0.0,0.0,1.0
64,0.39583332875000005,0.7916666575000001,0.00029830013011143225,0.0,2.3515625,0.0859375,-0.0859375,1.992373334011063,2.180964975922203,7.368272463281755e-07,2.2427832836595676,-0.0048563254907397395,12.0,0.0,0.0,0.0,0.0,0.0,1.0
65,0.37499999583333343,0.7499999916666669,0.0006595893851040959,0.0,2.2421875,0.0625,-0.0625,1.9447320409817621,-2.958965723086945,7.368272463281755e-07,2.474920289760286,-0.005630856477761303,12.0,1.0,0.0,0.0,0.0,0.0,1.0
66,0.3333333295833334,0.6666666591666668,-0.00013363763439374628,0.0,2.078125,0.0703125,-0.0703125,1.8045115420245565,-2.838245599477965,7.368272463281755e-07,2.1216970932566457,-0.001991468261419666,12.0,3.0,0.0,0.0,0.0,0.0,1.0
67,0.2916666633333334,0.5833333266666668,8.880521067373214e-05,0.0,2.2265625,0.2265625,-0.2265625,1.9701395419542678,-3.630377297058682,7.368272463281755e-07,2.213260975148943,-0.001753072361579042,12.0,3.0,0.0,0.0,0.0,0.0,1.0
68,0.2916666633333334,0.5833333266666668,0.0005718149717044818,0.0,2.1328125,0.4140625,-0.4140625,1.8436771249980666,-3.5419787666715794,7.368272463281755e-07,2.2865074585295386,-0.0016274527090192554,12.0,3.0,0.0,0.0,0.0,0.0,1.0
69,0.2916666633333334,0.5833333266666668,0.0011764616466924734,0.0,2.078125,0.0234375,-0.0234375,1.8141013749991544,-3.126815434620813,7.368272463281755e-07,2.334663184152709,-0.0016537899785665406,12.0,3.0,0.0,0.0,0.0,0.0,1.0
70,0.31249999625,0.6249999925,-0.0019541240366931826,0.0,2.0703125,0.2265625,-0.2265625,1.8114345410140231,-3.9415347629077107,7.368272463281755e-07,2.367834949348536,-0.001670185269580947,12.0,3.0,0.0,0.0,0.0,0.0,1.0
71,0.35416666250000006,0.7083333250000001,-0.001631953521070045,0.0,2.171875,0.0546875,-0.0546875,1.8628131249570288,-0.8748944632092219,7.368272463281755e-07,2.762046054005623,-0.005036399116017326,12.0,1.0,0.0,0.0,0.0,0.0,1.0
72,0.2708333295833334,0.5416666591666668,0.0004220400775502705,0.0,2.1875,-0.1328125,0.1328125,1.9095914170029573,2.068939840572232,7.368272463281755e-07,2.780564019625837,-0.005012215036417315,12.0,1.0,0.0,0.0,0.0,0.0,1.0
73,0.2708333295833334,0.5416666591666668,-0.001523197797939597,0.0,2.2578125,-0.0234375,0.0234375,2.0043847499764524,4.525666197139079,7.368272463281755e-07,2.5521244279419384,-0.004736395271417375,12.0,0.0,0.0,0.0,0.0,0.0,1.0
74,0.3538288955908855,0.707657791181771,0.000906844884373548,0.0,2.1015625,-0.2109375,0.2109375,1.8163127080188133,7.925237943468483,7.368272463281755e-07,1.9833127383820035,-0.0019474985562159088,12.0,1.0,0.0,0.0,0.0,0.0,1.0
75,0.26370075879182403,0.5274015175836481,-0.00044160783648944244,0.0,2.0546875,-0.203125,0.203125,1.7560945419827476,4.909786816656897,7.368272463281755e-07,2.223465682938695,-0.0019850673212204128,12.0,2.0,0.0,0.0,0.0,0.0,1.0
76,0.20878413035477547,0.41756826070955094,1.1206437316709085e-05,0.0,2.109375,-0.2734375,0.2734375,1.790507042023819,5.059972298061238,7.368272463281755e-07,2.2599780686199664,-0.0018731366901192815,12.0,2.0,0.0,0.0,0.0,0.0,1.0
77,0.2085110646608241,0.4170221293216482,0.0002813938621357925,0.0,2.078125,-0.078125,0.078125,1.7928918750258163,0.35155800159581596,7.368272463281755e-07,2.4086927341090307,-0.0011084353366944317,12.0,3.0,0.0,0.0,0.0,0.0,1.0
78,0.2499999970833334,0.4999999941666668,-0.0015466051577469238,0.0,2.015625,0.21875,-0.21875,1.747877541987691,0.23964416486243384,7.368272463281755e-07,2.391728292322821,-0.0005822454242863589,12.0,3.0,0.0,0.0,0.0,0.0,1.0
79,0.27083333000000004,0.5416666600000001,0.00020786634271450856,0.0,2.0546875,-0.328125,0.328125,1.7704374589957297,-0.008528594887771595,7.368272463281755e-07,2.3935652813977666,-0.00021442648075107072,12.0,3.0,0.0,0.0,0.0,0.0,1.0
80,0.27083333000000004,0.5416666600000001,-0.00020313537011193037,0.0,2.15625,0.1953125,-0.1953125,1.8268626249628142,1.4823187752534899,7.368272463281755e-07,2.7830651300874623,-0.003596688715995035,12.0,1.0,0.0,0.0,0.0,0.0,1.0
81,0.27083333000000004,0.5416666600000001,-0.0026767194387797826,0.0,2.109375,-0.2421875,0.2421875,1.81032479100395,0.36367850679795355,7.368272463281755e-07,2.7849136062643747,-0.0035275699390860445,12.0,1.0,0.0,0.0,0.0,0.0,1.0
82,0.27083333000000004,0.5416666600000001,-0.00017889880941545036,0.0,2.0625,-0.25,0.25,1.7875549579621293,0.4905062987202269,7.368272463281755e-07,2.804889580065554,-0.00366840298441027,12.0,1.0,0.0,0.0,0.0,0.0,1.0
83,0.2916666633333334,0.5833333266666668,0.0004093145919164151,0.0,2.1640625,-0.0703125,0.0703125,1.868497124989517,0.17907135222121198,7.368272463281755e-07,2.837113072926348,-0.004011302694297311,12.0,1.0,0.0,0.0,0.0,0.0,1.0
84,0.24999999708333337,0.49999999416666674,-0.002137040135839989,0.0,2.09375,0.078125,-0.078125,1.8120404159999453,1.1911893860301936,7.368272463281755e-07,2.479262716240353,-0.00034786978115638095,12.0,3.0,0.0,0.0,0.0,0.0,1.0
85,0.2916666633333334,0.5833333266666668,0.00045198945460208495,0.0,2.1328125,-0.4140625,0.4140625,1.9207429160014726,-1.3984673991937944,7.368272463281755e-07,2.526576452785068,-0.00013860053796735074,12.0,3.0,0.0,0.0,0.0,0.0,1.0
86,0.37499999583333343,0.7499999916666669,0.00018775230340486285,0.0,2.0859375,-0.203125,0.203125,1.8273506250116043,-0.47232982511004834,7.368272463281755e-07,2.549683584107293,-0.0001020821445207629,12.0,3.0,0.0,0.0,0.0,0.0,1.0
87,0.37499999583333343,0.7499999916666669,-0.0011127256410115812,0.0,2.0703125,-0.0546875,0.0546875,1.762313416984398,-0.366006681834716,7.368272463281755e-07,2.5771006130509906,-0.00013367521266142526,12.0,3.0,0.0,0.0,0.0,0.0,1.0
88,0.37499999583333343,0.7499999916666669,0.0002126953258915329,0.0,2.1015625,-0.0859375,0.0859375,1.854006625013426,-0.933177764301404,7.368272463281755e-07,2.599268356959025,-0.000122915141724257,12.0,3.0,0.0,0.0,0.0,0.0,1.0
89,0.39583332875000005,0.7916666575000001,-0.0009765539092779767,0.0,2.1171875,0.265625,-0.265625,1.8862469170126133,-3.6162844116582757,7.368272463281755e-07,2.565601703193453,-0.0007638748397261628,12.0,3.0,0.0,0.0,0.0,0.0,1.0
90,0.39583332875000005,0.7916666575000001,-0.0006129759458898107,0.0,2.359375,0.234375,-0.234375,2.046172874979675,-2.5810559915556928,7.368272463281755e-07,2.9900736575099556,-0.005567563105035912,12.0,1.0,0.0,0.0,0.0,0.0,1.0
91,0.4104913172296287,0.8209826344592575,-0.0011393426379610297,0.0,2.2734375,-0.1015625,0.1015625,1.9524667920195498,-3.2802412213584713,7.368272463281755e-07,3.068090668456121,-0.006080980261851271,12.0,1.0,0.0,0.0,0.0,0.0,1.0
92,0.35358644010120527,0.7071728802024105,-0.0022681658382891308,0.0,2.3359375,-0.015625,0.015625,2.021009124990087,-1.588943981227994,7.368272463281755e-07,3.071050916205753,-0.005518984404096211,12.0,1.0,0.0,0.0,0.0,0.0,1.0
93,0.3531605998978285,0.706321199795657,-0.0014053754135660431,0.0,2.203125,0.0546875,-0.0546875,1.9119058329961263,2.077049000288069,7.368272463281755e-07,3.087124873968688,-0.004943161682149366,12.0,1.0,0.0,0.0,0.0,0.0,1.0
94,0.3530955229035814,0.7061910458071629,-0.0004575803780644893,0.0,2.171875,-0.0078125,0.0078125,1.8475107080303133,2.5382057703058925,7.368272463281755e-07,3.1022128930146042,-0.004576764566908506,12.0,1.0,0.0,0.0,0.0,0.0,1.0
95,0.35326468416874945,0.7065293683374989,0.00095613145734369,0.0,2.2421875,0.03125,-0.03125,1.9319294589804485,1.3617431702473732,7.368272463281755e-07,3.137046694755554,-0.004487544827332551,12.0,1.0,0.0,0.0,0.0,0.0,1.0
96,0.35347144715819684,0.7069428943163937,-0.002255406829540457,0.0,2.203125,0.15625,-0.15625,1.999356499989517,1.7048577852447835,7.368272463281755e-07,3.167445732788606,-0.004453127441758459,12.0,1.0,0.0,0.0,0.0,0.0,1.0
97,0.3539551546413045,0.707910309282609,-0.0023748171313039998,0.0,2.203125,-0.1484375,0.1484375,1.8954767500399612,1.2005252412180598,7.368272463281755e-07,3.196247333830053,-0.004425056585618718,12.0,1.0,0.0,0.0,0.0,0.0,1.0
98,0.35416666250000006,0.7083333250000001,-0.002433647206236445,0.0,2.234375,-0.0078125,0.0078125,1.9444122079876252,1.0483066246804784,7.368272463281755e-07,3.22565313631838,-0.004393307058225301,12.0,1.0,0.0,0.0,0.0,0.0,1.0
99,0.35416666250000006,0.7083333250000001,-0.002203663226510803,0.0,2.234375,0.2109375,-0.2109375,1.9149150419980288,1.923481406417516,7.368272463281755e-07,3.257776230573654,-0.004413195187225938,12.0,1.0,0.0,0.0,0.0,0.0,1.0
100,0.2916666633333334,0.5833333266666668,0.0003853008611737394,0.0,2.2265625,0.09375,-0.09375,1.922720999980811,2.2322646506545554,7.368272463281755e-07,3.291811490600759,-0.0044434950475326996,12.0,1.0,0.0,0.0,0.0,0.0,1.0
101,0.2916666633333334,0.5833333266666668,-0.0004270351311841386,0.0,2.03125,0.1171875,-0.1171875,1.7840275840135291,-2.3556374314723283,7.368272463281755e-07,2.851417816347546,6.534331219477786e-05,12.0,3.0,0.0,0.0,0.0,0.0,1.0
102,0.2916666633333334,0.5833333266666668,-0.0011134135266742905,0.0,2.0546875,-0.1484375,0.1484375,1.781604541989509,-3.0283047313689733,7.368272463281755e-07,2.828749911652671,0.0013592190678334897,12.0,3.0,0.0,0.0,0.0,0.0,1.0
103,0.2916666633333334,0.5833333266666668,-0.0009122801714936662,0.0,2.0546875,0.171875,-0.171875,1.7922192920232192,-3.675374903554803,7.368272463281755e-07,2.853154010242886,0.0015725904506527716,12.0,3.0,0.0,0.0,0.0,0.0,1.0
104,0.2916666633333334,0.5833333266666668,-0.0016260580830888755,0.0,2.046875,0.2265625,-0.2265625,1.8053821669891477,-4.34170483288005,7.368272463281755e-07,2.91107604569859,0.0016948357224464417,12.0,3.0,0.0,0.0,0.0,0.0,1.0
105,0.37499999583333343,0.7499999916666669,-0.002602025414497997,0.0,2.0703125,-0.0703125,0.0703125,1.7834504580241628,-3.5513138486748397,7.368272463281755e-07,2.966219981511434,0.0018060022395932013,12.0,3.0,0.0,0.0,0.0,0.0,1.0
106,0.37499999583333343,0.7499999916666669,-0.005211763296816328,0.0,2.125,0.078125,-0.078125,1.8629631249932572,-3.8844273918693943,7.368272463281755e-07,3.0126842260360718,0.0018505454063415527,12.0,3.0,0.0,0.0,0.0,0.0,1.0
107,0.37499999583333343,0.7499999916666669,-0.0014913241928717822,0.0,2.109375,-0.0625,0.0625,1.914990958000999,-4.445896833089366,7.368272463281755e-07,3.0501793258719974,0.0018752147443592548,12.0,3.0,0.0,0.0,0.0,0.0,1.0
108,0.3741367351181919,0.7482734702363838,5.9174872823580284e-05,0.0,2.0625,0.140625,-0.140625,1.780891333008185,-5.0117848402100424,7.368272463281755e-07,3.084110382530424,0.0019131634099822906,12.0,3.0,0.0,0.0,0.0,0.0,1.0
109,0.37258818898609525,0.7451763779721905,0.000877941468398242,0.0,2.109375,0.15625,-0.15625,1.847991540969815,-5.206036273168003,7.368272463281755e-07,3.1148428089088864,0.0019269999320385978,12.0,3.0,0.0,0.0,0.0,0.0,1.0
110,0.3708122394532294,0.7416244789064588,-0.0014791501569236813,0.0,2.125,0.1640625,-0.1640625,1.8320824169786647,-5.299044688854231,7.368272463281755e-07,3.140648224287563,0.0019155861551149024,12.0,3.0,0.0,0.0,0.0,0.0,1.0
111,0.36791594467084243,0.7358318893416849,-0.00019608866882204784,0.0,2.1953125,0.015625,-0.015625,1.8947111670277081,-4.645682436366368,7.368272463281755e-07,3.1669523815313974,0.0018449980351659986,12.0,3.0,0.0,0.0,0.0,0.0,1.0
112,0.3660976277207421,0.7321952554414842,-0.0017077433603656222,0.0,2.0859375,0.015625,-0.015625,1.829997207969427,-5.855939730317205,7.368272463281755e-07,3.1989763925472894,0.0018653095855067174,12.0,3.0,0.0,0.0,0.0,0.0,1.0
113,0.35941276035056535,0.7188255207011307,-0.001987577551251113,0.0,2.1015625,0.234375,-0.234375,1.831460666959174,-5.822236799752058,7.368272463281755e-07,3.167920904027091,0.0009216118810905351,12.0,3.0,0.0,0.0,0.0,0.0,1.0
114,0.3526222406362953,0.7052444812725907,-0.002332267920412056,0.0,2.0859375,0.265625,-0.265625,1.8234677919535898,-6.331393704646609,7.368272463281755e-07,3.2044586539268494,-0.00014783253168894185,12.0,3.0,0.0,0.0,0.0,0.0,1.0
115,0.3433374832705435,0.686674966541087,-0.0008145170584549189,0.0,2.1015625,0.109375,-0.109375,1.8569243329693563,-5.5207250535738295,7.368272463281755e-07,3.272477868530485,-0.0002029040673126777,12.0,3.0,0.0,0.0,0.0,0.0,1.0
116,0.2916666633333334,0.5833333266666668,-0.0021687166752713707,0.0,2.1015625,-0.0625,0.0625,1.8421374169993214,-7.545816523664153,7.368272463281755e-07,3.353128605418735,-0.0001220250657449166,12.0,3.0,0.0,0.0,0.0,0.0,1.0
117,0.2916666633333334,0.5833333266666668,-0.0012784766320472116,0.0,2.0234375,0.1015625,-0.1015625,1.8145806660177186,-5.315054842764903,7.368272463281755e-07,3.390101843410068,0.00018570083193480968,12.0,3.0,0.0,0.0,0.0,0.0,1.0
118,0.2916666633333334,0.5833333266666668,-0.0018426911811221171,0.0,2.0390625,-0.1328125,0.1328125,1.7657602499821223,-7.403736630935061,7.368272463281755e-07,3.432358827855852,0.0003615491182750298,12.0,3.0,0.0,0.0,0.0,0.0,1.0
119,0.2916666633333334,0.5833333266666668,0.00043104207555266506,0.0,2.0546875,0.15625,-0.15625,1.7940339999622665,-7.8608412795265705,7.368272463281755e-07,3.4581774613923497,0.0006031468963353998,12.0,3.0,0.0,0.0,0.0,0.0,1.0
120,0.2916666633333334,0.5833333266666668,0.0020329437787473155,0.0,2.0625,0.0859375,-0.0859375,1.8331684159929864,-5.49114079819895,7.368272463281755e-07,3.5048881073792777,0.0009118353223635091,12.0,3.0,0.0,0.0,0.0,0.0,1.0
121,0.2916666633333334,0.5833333266666668,0.0003896051709631496,0.0,2.03125,-0.015625,0.015625,1.8113989579724148,-7.137901833189881,7.368272463281755e-07,3.5458441144890256,0.0011737125201357736,12.0,3.0,0.0,0.0,0.0,0.0,1.0
122,0.2916666633333334,0.5833333266666668,-0.001270866677561769,0.0,2.0390625,0.078125,-0.078125,1.7787780410144478,-5.606115607749221,7.368272463281755e-07,3.5893856618139477,0.001469634421583679,12.0,3.0,0.0,0.0,0.0,0.0,1.0
123,0.2916666633333334,0.5833333266666668,-0.0007384144697398156,0.0,2.03125,0.1015625,-0.1015625,1.7956442920258269,-8.33249209370509,7.368272463281755e-07,3.630634513166216,0.0016169354785233736,12.0,3.0,0.0,0.0,0.0,0.0,1.0
124,0.2916666633333334,0.5833333266666668,-0.0018670933463372738,0.0,2.03125,0.0234375,-0.0234375,1.7651131669990718,-8.34933005242877,7.368272463281755e-07,3.548053867287106,0.003167357218141357,12.0,3.0,0.0,0.0,0.0,0.0,1.0
125,0.2916666633333334,0.5833333266666668,0.0017263583520988088,0.0,2.046875,0.0546875,-0.0546875,1.7762471250025555,-9.25131035976576,7.368272463281755e-07,3.5691951910654702,0.00426124781370163,12.0,3.0,0.0,0.0,0.0,0.0,1.0
126,0.2916666633333334,0.5833333266666668,-0.004473466579817454,0.0,2.046875,0.1953125,-0.1953125,1.782532750046812,-9.61918001438104,7.368272463281755e-07,3.62628349992964,0.004385033570643928,12.0,3.0,0.0,0.0,0.0,0.0,1.0
127,0.2916666633333334,0.5833333266666668,-0.0019862331489474893,0.0,2.0390625,0.234375,-0.234375,1.7546675420016982,-11.08339065643769,7.368272463281755e-07,3.6838941309187145,0.004517143333537711,12.0,3.0,0.0,0.0,0.0,0.0,1.0
128,0.2916666633333334,0.5833333266666668,-0.0018300133777530189,0.0,2.0390625,0.265625,-0.265625,1.7524650000268593,-11.118656527670192,7.368272463281755e-07,3.7375211583243475,0.0046300312711132895,12.0,3.0,0.0,0.0,0.0,0.0,1.0
129,0.2916666633333334,0.5833333266666668,-0.0024942611298283033,0.0,2.0234375,-0.0234375,0.0234375,1.8442120419931598,-12.395193042298331,7.368272463281755e-07,3.7961765792634754,0.004723494510269827,12.0,3.0,0.0,0.0,0.0,0.0,1.0
130,0.2916666633333334,0.5833333266666668,0.0005079495485575351,0.0,2.0703125,0.1484375,-0.1484375,1.7848503749701194,-9.61531365294277,7.368272463281755e-07,3.8540431128607855,0.00485093720878164,12.0,3.0,0.0,0.0,0.0,0.0,1.0
131,0.2916666633333334,0.5833333266666668,-0.0005940689095324778,0.0,2.0546875,0.296875,-0.296875,1.788769915990997,-12.393624766290527,7.368272463281755e-07,3.905451840824551,0.004980674660247233,12.0,3.0,0.0,0.0,0.0,0.0,1.0
132,0.2916666633333334,0.5833333266666668,0.00031273190645899224,0.0,2.0390625,0.1953125,-0.1953125,1.816996667010244,-14.0613264259863,7.368272463281755e-07,3.950371013747321,0.005103155297951566,12.0,3.0,0.0,0.0,0.0,0.0,1.0
133,0.2916666633333334,0.5833333266666668,-0.0012725125610522517,0.0,2.0546875,0.140625,-0.140625,1.7821933749946766,-15.858621285550415,7.368272463281755e-07,3.989321231842041,0.00523410517618888,12.0,3.0,0.0,0.0,0.0,0.0,1.0
134,0.2916666633333334,0.5833333266666668,0.0014624135482363488,0.0,2.0546875,0.296875,-0.296875,1.7826564579736441,-14.5408860266231,7.368272463281755e-07,4.027095092667474,0.005353481069000231,12.0,3.0,0.0,0.0,0.0,0.0,1.0
135,0.2916666633333334,0.5833333266666668,-0.0041515822392151095,0.0,2.078125,0.3125,-0.3125,1.8047058749943972,-14.306854546587509,7.368272463281755e-07,3.946767727533976,0.004406767069465584,12.0,3.0,0.0,0.0,0.0,0.0,1.0
136,0.2916666633333334,0.5833333266666668,-0.0030049675776915234,0.0,2.0859375,0.234375,-0.234375,1.8549033330054954,-19.212891263496935,7.368272463281755e-07,3.9490749571058483,0.0032907486893236637,12.0,3.0,0.0,0.0,0.0,0.0,1.0
137,0.2916666633333334,0.5833333266666668,-0.0008238876669075365,0.0,2.0546875,-0.1171875,0.1171875,1.7943694170098752,-17.063246463655723,7.368272463281755e-07,4.00920471880171,0.0031660120779027543,12.0,3.0,0.0,0.0,0.0,0.0,1.0
138,0.2916666633333334,0.5833333266666668,-0.0019111753113167736,0.0,2.0546875,-0.046875,0.046875,1.7937502909917384,-19.176854077308775,7.368272463281755e-07,4.08655125564999,0.0032708583037472433,12.0,3.0,0.0,0.0,0.0,0.0,1.0
139,0.2916666633333334,0.5833333266666668,-0.0011832138681673668,0.0,2.03125,0.34375,-0.34375,1.7681308329920284,-19.31544148850327,7.368272463281755e-07,4.15492226017846,0.0033846890243391194,12.0,3.0,0.0,0.0,0.0,0.0,1.0
140,0.2916666633333334,0.5833333266666668,-0.004499131339763206,0.0,2.015625,0.4296875,-0.4296875,1.75015966698993,-24.104968436885365,7.368272463281755e-07,4.210865007506476,0.003500079218712118,12.0,3.0,0.0,0.0,0.0,0.0,1.0
141,0.2916666633333334,0.5833333266666668,0.0009147110432477093,0.0,2.03125,0.1015625,-0.1015625,1.8321252500172704,-22.01328084633614,7.368272463281755e-07,4.262123266855876,0.0036017645616084337,12.0,3.0,0.0,0.0,0.0,0.0,1.0
142,0.2916666633333334,0.5833333266666668,-0.0017871861819385613,0.0,2.015625,0.25,-0.25,1.8540036249905825,-24.714906393095504,7.368272463281755e-07,4.291412168078953,0.003699996844968862,12.0,3.0,0.0,0.0,0.0,0.0,1.0
143,0.2916666633333334,0.5833333266666668,0.002319638647784799,0.0,2.0078125,0.3515625,-0.3515625,1.7502372919698246,-20.904422005326833,7.368272463281755e-07,4.327147695753309,0.0038368341306017507,12.0,3.0,0.0,0.0,0.0,0.0,1.0
144,0.2916666633333334,0.5833333266666668,-0.004156214831357364,0.0,2.046875,-0.03125,0.03125,1.7933328339713626,-21.83495427975218,7.368272463281755e-07,4.358803696102566,0.003947999121414291,12.0,3.0,0.0,0.0,0.0,0.0,1.0
145,0.2916666633333334,0.5833333266666668,0.0011750033567652055,0.0,2.0234375,0.140625,-0.140625,1.764843957964331,-34.72843007507471,7.368272463281755e-07,4.388899472024706,0.004055062308907509,12.0,3.0,0.0,0.0,0.0,0.0,1.0
146,0.2916666633333334,0.5833333266666668,-0.0034074942480268383,0.0,2.0703125,0.21875,-0.21875,1.7696026670164429,-22.137382129003417,7.368272463281755e-07,4.4180176390541925,0.0041847090599023634,12.0,3.0,0.0,0.0,0.0,0.0,1.0
147,0.2916666633333334,0.5833333266666668,-0.002445784997814062,0.0,2.015625,0.25,-0.25,1.726785667007789,-29.254427989323933,7.368272463281755e-07,4.304765780766805,0.005956240619222323,12.0,3.0,0.0,0.0,0.0,0.0,1.0
148,0.2916666633333334,0.5833333266666668,-0.003867249597963386,0.0,2.0234375,0.3203125,-0.3203125,1.7773760000127368,-33.59918123164641,7.368272463281755e-07,4.328842467731899,0.007161167579599553,12.0,3.0,0.0,0.0,0.0,0.0,1.0
149,0.2916666633333334,0.5833333266666668,-0.004915389578390079,0.0,2.0546875,0.5546875,-0.5546875,1.7862716669915244,-28.580298265566643,7.368272463281755e-07,4.378576199213664,0.007298073938323392,12.0,3.0,0.0,0.0,0.0,0.0,1.0
150,0.2916666633333334,0.5833333266666668,-0.0007374755676257618,0.0,2.0234375,0.1796875,-0.1796875,1.7606429160223342,-27.88543025459399,7.368272463281755e-07,4.443375998073154,0.007447737967595458,12.0,3.0,0.0,0.0,0.0,0.0,1.0
151,0.2916666633333334,0.5833333266666668,0.0006968731131468433,0.0,2.03125,0.3828125,-0.3828125,1.7811971249757335,-37.99176864258602,7.368272463281755e-07,4.511022521389855,0.00756299231822292,12.0,3.0,0.0,0.0,0.0,0.0,1.0
152,0.2916666633333334,0.5833333266666668,-0.003539707503279558,0.0,2.0390625,0.359375,-0.359375,1.7610764999990351,-36.17950494609497,7.368272463281755e-07,4.574080818229252,0.007697485878856646,12.0,3.0,0.0,0.0,0.0,0.0,1.0
153,0.2916666633333334,0.5833333266666668,-0.005165616364938091,0.0,2.03125,0.2109375,-0.2109375,1.7683825840358622,-24.489577305788153,7.368272463281755e-07,4.618514915307363,0.007873313165166311,12.0,3.0,0.0,0.0,0.0,0.0,1.0
154,0.2916666633333334,0.5833333266666668,-0.0013875374233961997,0.0,2.015625,0.2109375,-0.2109375,1.9310830419999547,-40.03657609173437,7.368272463281755e-07,4.6518075002564325,0.008002963770801822,12.0,3.0,0.0,0.0,0.0,0.0,1.0
155,0.2916666633333334,0.5833333266666668,0.0021473346052656235,0.0,2.0390625,0.3125,-0.3125,1.7973491249722429,-36.296799869010194,7.368272463281755e-07,4.682943205038707,0.00814796094265249,12.0,3.0,0.0,0.0,0.0,0.0,1.0
156,0.2916666633333334,0.5833333266666668,-0.0026128513202302935,0.0,2.046875,0.0546875,-0.0546875,1.8108863749657758,-40.652339209500646,7.368272463281755e-07,4.710964805550045,0.008271881896588538,12.0,3.0,0.0,0.0,0.0,0.0,1.0
157,0.2916666633333334,0.5833333266666668,-0.0027206177827288655,0.0,2.046875,0.0859375,-0.0859375,1.7854057080112398,-49.16621358990556,7.368272463281755e-07,4.740675270557404,0.008413004844139019,12.0,3.0,0.0,0.0,0.0,0.0,1.0
158,0.35264774957476214,0.7052954991495243,-0.002824300038345848,0.0,2.0546875,-0.0078125,0.0078125,1.7918450830038637,-35.68189779421886,7.368272463281755e-07,4.635595801803801,0.006975355583967434,12.0,3.0,0.0,0.0,0.0,0.0,1.0
159,0.353565812816538,0.707131625633076,-0.0028420098723157803,0.0,2.1953125,0.0234375,-0.0234375,1.89249783300329,33.08773989142897,7.368272463281755e-07,4.71553020585667,0.0009297196245990398,12.0,1.0,0.0,0.0,0.0,0.0,1.0
160,0.3537519000880558,0.7075038001761116,-0.0004454773655106786,0.0,2.15625,-0.34375,0.34375,1.8373213750310242,11.800139227207156,7.368272463281755e-07,4.80713227526708,0.0008180301202545789,12.0,1.0,0.0,0.0,0.0,0.0,1.0
161,0.35380327485298224,0.7076065497059645,-0.007208792926017825,0.0,2.25,-0.078125,0.078125,1.940564542019274,10.102456514206198,7.368272463281755e-07,4.911187012087215,0.0006010713907678357,12.0,1.0,0.0,0.0,0.0,0.0,1.0
162,0.3538127273451264,0.7076254546902528,-0.002395476015217731,0.0,2.2109375,0.125,-0.125,1.8952099589514546,15.845973507291262,7.368272463281755e-07,4.96588768471371,0.0006849784906741909,12.0,1.0,0.0,0.0,0.0,0.0,1.0
163,0.35380166349392633,0.7076033269878527,-0.007494440447236844,0.0,2.1640625,0.1796875,-0.1796875,1.8875719170318916,27.710735304678327,7.368272463281755e-07,5.006551189517433,0.0008390276528767903,12.0,1.0,0.0,0.0,0.0,0.0,1.0
164,0.3537830835776375,0.707566167155275,-0.002900077496981195,0.0,2.265625,0.2265625,-0.2265625,1.9159687079954892,22.08309584309985,7.368272463281755e-07,5.048845623873851,0.0009337992576712912,12.0,1.0,0.0,0.0,0.0,0.0,1.0
165,0.35416666250000006,0.7083333250000001,-0.005781749312270167,0.0,2.21875,0.046875,-0.046875,2.0171929580392316,10.828881620941027,7.368272463281755e-07,5.124786651439288,0.00023843751048182392,12.0,1.0,0.0,0.0,0.0,0.0,1.0
166,0.35416666250000006,0.7083333250000001,-0.005960595682506775,0.0,2.2265625,0.1328125,-0.1328125,1.931917583977338,26.831316164501928,7.368272463281755e-07,5.234535130926154,-0.00046310541537505657,12.0,1.0,0.0,0.0,0.0,0.0,1.0
167,0.35416666250000006,0.7083333250000001,-0.00398217819892305,0.0,2.1640625,-0.1796875,0.1796875,1.863787499954924,3.902444793859544,7.368272463281755e-07,5.284181397069585,-0.000882461725268513,12.0,1.0,0.0,0.0,0.0,0.0,1.0
168,0.35416666250000006,0.7083333250000001,-0.00404796895168626,0.0,2.2578125,0.0234375,-0.0234375,1.9188843329902738,16.12400876527014,7.368272463281755e-07,5.210396265441721,0.0004946416646072811,12.0,1.0,0.0,0.0,0.0,0.0,1.0
169,0.31249999625,0.6249999925,-0.008625097346875084,0.0,2.296875,0.09375,-0.09375,1.945465041033458,22.526576221843026,7.368272463281755e-07,5.241371916099028,0.0017225532051683826,12.0,1.0,0.0,0.0,0.0,0.0,1.0
170,0.2916666633333334,0.5833333266666668,-0.0014200578198659381,0.0,2.109375,-0.03125,0.03125,1.8426542080123909,-32.53602103672603,7.368272463281755e-07,5.323653814467517,0.001994823563357138,12.0,1.0,0.0,0.0,0.0,0.0,1.0
171,0.2916666633333334,0.5833333266666668,-0.0018984720513596112,0.0,2.0625,0.046875,-0.046875,1.7760695420438424,-47.829617831364004,7.368272463281755e-07,5.177525273627705,0.01054686806552733,12.0,3.0,0.0,0.0,0.0,0.0,1.0
172,0.2916666633333334,0.5833333266666668,-0.0117525995060983,0.0,2.0390625,0.15625,-0.15625,1.7628836249932647,-58.6147553255441,7.368272463281755e-07,5.237414043810633,0.010661789940463172,12.0,3.0,0.0,0.0,0.0,0.0,1.0
173,0.2916666633333334,0.5833333266666668,0.0009137581813126447,0.0,2.03125,0.5390625,-0.5390625,1.7738688749959692,-47.428550803771046,7.368272463281755e-07,5.2834342867136,0.010776118672866788,12.0,3.0,0.0,0.0,0.0,0.0,1.0
174,0.2916666633333334,0.5833333266666668,-0.005454670662769385,0.0,2.0390625,-0.03125,0.03125,1.8275514999986626,-62.11362911850081,7.368272463281755e-07,5.325018134382036,0.010906869558513992,12.0,3.0,0.0,0.0,0.0,0.0,1.0
175,0.31249999625,0.6249999925,-0.007540053988834554,0.0,2.0546875,0.1875,-0.1875,1.7969065830111504,-45.56164107475451,7.368272463281755e-07,5.370233525832494,0.011036074888478551,12.0,3.0,0.0,0.0,0.0,0.0,1.0
176,0.31249999625,0.6249999925,-0.0007762895728467369,0.0,2.078125,0.375,-0.375,1.800344249990303,-20.024383085081343,7.368272463281755e-07,5.568599966439334,0.0029763744784180412,12.0,1.0,0.0,0.0,0.0,0.0,1.0
177,0.31249999625,0.6249999925,-0.004198012681042907,0.0,2.1328125,0.21875,-0.21875,1.8589444170356728,-11.243474533806806,7.368272463281755e-07,5.45509367368438,0.002541701314674521,12.0,1.0,0.0,0.0,0.0,0.0,1.0
178,0.31249999625,0.6249999925,-0.004322194657086954,0.0,2.1640625,0.09375,-0.09375,1.8725739590008743,-22.70788296723624,7.368272463281755e-07,5.440878005190329,0.0017514543393520978,12.0,1.0,0.0,0.0,0.0,0.0,1.0
179,0.31249999625,0.6249999925,-0.002517421986129503,0.0,2.09375,-0.15625,0.15625,1.8115771660231985,-12.317634864529566,7.368272463281755e-07,5.525064185939052,0.0018849668897267045,12.0,1.0,0.0,0.0,0.0,0.0,1.0
180,0.31249999625,0.6249999925,0.0024669742328067797,0.0,2.140625,-0.078125,0.078125,1.9093847500043921,-25.85754179219951,7.368272463281755e-07,5.592623199251565,0.002449923207512422,12.0,1.0,0.0,0.0,0.0,0.0,1.0
181,0.31249999625,0.6249999925,-0.002107627653469623,0.0,2.09375,0.171875,-0.171875,1.7990949579980224,-20.431301317636905,7.368272463281755e-07,5.618549230423841,0.0028555238618123853,12.0,1.0,0.0,0.0,0.0,0.0,1.0
182,0.35416666250000006,0.7083333250000001,-0.009241709962409347,0.0,2.1328125,0.1328125,-0.1328125,1.853785541956313,-32.053079036130946,7.368272463281755e-07,5.647259106690234,0.003226701780063608,12.0,1.0,0.0,0.0,0.0,0.0,1.0
183,0.35416666250000006,0.7083333250000001,-0.0014892635812342005,0.0,2.2109375,0.21875,-0.21875,1.8964538750005886,22.031819548961,7.368272463281755e-07,5.694510500539433,0.003501058132811026,12.0,1.0,0.0,0.0,0.0,0.0,1.0
184,0.35416666250000006,0.7083333250000001,0.0009224486921561705,0.0,2.2265625,0.296875,-0.296875,1.9178808750002645,37.59948165589676,7.368272463281755e-07,5.752378133210269,0.003703307318077846,12.0,1.0,0.0,0.0,0.0,0.0,1.0
185,0.35416666250000006,0.7083333250000001,-0.008712572184983995,0.0,2.2421875,-0.0546875,0.0546875,1.9245527500170283,31.71620433012846,7.368272463281755e-07,5.802572001110423,0.0038246842397546225,12.0,1.0,0.0,0.0,0.0,0.0,1.0
186,0.35416666250000006,0.7083333250000001,-0.005864377124930665,0.0,2.1171875,-0.4375,0.4375,1.8876800839789212,9.480957946706312,7.368272463281755e-07,5.841387082229961,0.003963721090589057,12.0,1.0,0.0,0.0,0.0,0.0,1.0
187,0.35416666250000006,0.7083333250000001,-0.003089656764646391,0.0,2.21875,0.1015625,-0.1015625,1.9419637919636443,29.43658482692611,7.368272463281755e-07,5.752509008754384,0.0045792527962476015,12.0,1.0,0.0,0.0,0.0,0.0,1.0
188,0.35416666250000006,0.7083333250000001,-0.0058981567040686704,0.0,2.1953125,0.2265625,-0.2265625,1.9014915829757228,36.950485503727826,7.368272463281755e-07,5.828235024755651,0.00518259478055618,12.0,1.0,0.0,0.0,0.0,0.0,1.0
189,0.35416666250000006,0.7083333250000001,-0.006895904442775679,0.0,2.2421875,0.2890625,-0.2890625,1.9268784999730997,28.705312324043923,7.368272463281755e-07,5.961470555175435,0.004860382865775715,12.0,1.0,0.0,0.0,0.0,0.0,1.0
190,0.35416666250000006,0.7083333250000001,-0.003873298478495137,0.0,2.21875,-0.0703125,0.0703125,1.897357749985531,38.3883640081321,7.368272463281755e-07,6.09987657178532,0.005030627785758538,12.0,1.0,0.0,0.0,0.0,0.0,1.0
191,0.35416666250000006,0.7083333250000001,-0.0034135183256043013,0.0,2.1640625,0.0,0.0,1.9667892910074443,41.649915535755746,7.368272463281755e-07,6.15463230826638,0.005198249339380048,12.0,1.0,0.0,0.0,0.0,0.0,1.0
192,0.31249999625,0.6249999925,-0.0053087654152118744,0.0,2.1875,0.015625,-0.015625,1.8899110830388963,34.67125229258227,7.368272463281755e-07,6.192563571713188,0.005356817760250785,12.0,1.0,0.0,0.0,0.0,0.0,1.0
193,0.2916666633333334,0.5833333266666668,-0.006447219960757949,0.0,2.1171875,0.5078125,-0.5078125,1.8328405829961412,-10.854796858278991,7.368272463281755e-07,6.206047935919329,0.00527355657488277,12.0,1.0,0.0,0.0,0.0,0.0,1.0
194,0.2916666633333334,0.5833333266666668,-0.004227452646104536,0.0,2.046875,0.125,-0.125,1.801367708016187,-60.39605416176511,7.368272463281755e-07,5.9893655478954315,0.014314170305927595,12.0,3.0,0.0,0.0,0.0,0.0,1.0
195,0.2916666633333334,0.5833333266666668,-0.004091519212456873,0.0,2.03125,0.0859375,-0.0859375,1.7738228329690173,-48.27310324513176,7.368272463281755e-07,6.028924289676878,0.014311100226930447,12.0,3.0,0.0,0.0,0.0,0.0,1.0
196,0.2916666633333334,0.5833333266666668,-0.0063523312518807785,0.0,2.0234375,0.1328125,-0.1328125,1.7594611659878865,-56.90266315271357,7.368272463281755e-07,5.933646082878113,0.01249596823213829,12.0,3.0,0.0,0.0,0.0,0.0,1.0
197,0.2916666633333334,0.5833333266666668,-0.009230446708210096,0.0,2.03125,-0.015625,0.015625,1.7671603750204667,-44.82958107947684,7.368272463281755e-07,6.0263986521297035,0.01111344457603991,12.0,3.0,0.0,0.0,0.0,0.0,1.0
198,0.2916666633333334,0.5833333266666668,-0.007157557606899083,0.0,2.0390625,0.359375,-0.359375,1.7738381669623777,-60.017855374940126,7.368272463281755e-07,6.148326800929175,0.011266395553118654,12.0,3.0,0.0,0.0,0.0,0.0,1.0
199,0.2916666633333334,0.5833333266666668,-0.004052843877510809,0.0,2.03125,0.0703125,-0.0703125,1.7820245409966446,-88.9567168529217,7.368272463281755e-07,6.2122657961315575,0.0112637498209046,12.0,3.0,0.0,0.0,0.0,0.0,1.0
200,0.2916666633333334,0.5833333266666668,-0.0027832027410165396,0.0,2.0078125,0.3203125,-0.3203125,1.745031459024176,-56.288744595264184,7.368272463281755e-07,6.25856430000729,0.011338670013679398,12.0,3.0,0.0,0.0,0.0,0.0,1.0
201,0.2916666633333334,0.5833333266666668,-0.0021567403992072093,0.0,2.015625,0.1640625,-0.1640625,1.7458406249643303,-68.58085888577986,7.368272463281755e-07,6.299919909901089,0.011468834450675381,12.0,3.0,0.0,0.0,0.0,0.0,1.0
202,0.2916666633333334,0.5833333266666668,-0.0016948345179506412,0.0,2.0078125,0.046875,-0.046875,1.7300884160213172,-64.75600620651987,7.368272463281755e-07,6.335661609967549,0.011590119554764695,12.0,3.0,0.0,0.0,0.0,0.0,1.0
203,0.2916666633333334,0.5833333266666668,-0.00498184244044143,0.0,2.0625,0.0234375,-0.0234375,1.8109907080070116,-57.056539342258915,7.368272463281755e-07,6.377890268961589,0.011787186118049754,12.0,3.0,0.0,0.0,0.0,0.0,1.0
204,0.2916666633333334,0.5833333266666668,-0.003391093587501718,0.0,2.0546875,-0.0546875,0.0546875,1.8548703749547713,-71.95668945385023,7.368272463281755e-07,6.415326171451145,0.01195517818753918,12.0,3.0,0.0,0.0,0.0,0.0,1.0
205,0.35416666250000006,0.7083333250000001,-0.0024096307264064865,0.0,2.03125,0.375,-0.375,1.7807486670208164,-53.65087562340956,7.368272463281755e-07,6.322993053330316,0.013504075714283519,12.0,3.0,0.0,0.0,0.0,0.0,1.0
206,0.35416666250000006,0.7083333250000001,-0.0033365384459312438,0.0,2.1796875,-0.0546875,0.0546875,1.8806127079878934,64.25113308621495,7.368272463281755e-07,6.449144569310275,0.007717290038602765,12.0,1.0,0.0,0.0,0.0,0.0,1.0
207,0.35416666250000006,0.7083333250000001,-0.009348427169147532,0.0,2.234375,0.1484375,-0.1484375,1.9321164580178447,42.854813518999045,7.368272463281755e-07,6.604575731537559,0.008370873899283733,12.0,1.0,0.0,0.0,0.0,0.0,1.0
208,0.35416666250000006,0.7083333250000001,-0.009126668566297446,0.0,2.265625,0.1953125,-0.1953125,1.927730875031557,22.00869175328276,7.368272463281755e-07,6.715941150080074,0.008776250549338081,12.0,1.0,0.0,0.0,0.0,0.0,1.0
209,0.35416666250000006,0.7083333250000001,-0.004938320553316185,0.0,2.21875,-0.0078125,0.0078125,1.909096541989129,37.67157225680381,7.368272463281755e-07,6.800156555392525,0.008553227240389044,12.0,1.0,0.0,0.0,0.0,0.0,1.0
210,0.35416666250000006,0.7083333250000001,-0.0011571277850133412,0.0,2.125,0.09375,-0.09375,1.8396370830014348,63.52012392700282,7.368272463281755e-07,6.86446091261777,0.008748234503648498,12.0,1.0,0.0,0.0,0.0,0.0,1.0
211,0.35416666250000006,0.7083333250000001,-0.007720515954153542,0.0,2.1953125,0.03125,-0.03125,1.8637551249703392,78.7783899256245,7.368272463281755e-07,6.930659467523748,0.008945516479963606,12.0,1.0,0.0,0.0,0.0,0.0,1.0
212,0.35416666250000006,0.7083333250000001,-0.004624314527633589,0.0,2.265625,0.0703125,-0.0703125,1.9778550830087624,54.30766668988557,7.368272463281755e-07,6.993700471791354,0.009139183400706812,12.0,1.0,0.0,0.0,0.0,0.0,1.0
213,0.31249999625,0.6249999925,-0.005170525364769197,0.0,2.1953125,0.140625,-0.140625,1.9160744999535382,14.216273932945525,7.368272463281755e-07,7.043754306706515,0.009354966099966656,12.0,1.0,0.0,0.0,0.0,0.0,1.0
214,0.31249999625,0.6249999925,-0.0027489211525108356,0.0,2.1328125,0.0859375,-0.0859375,1.9526283330051228,-40.64111525539524,7.368272463281755e-07,6.923819834535772,0.007650889540937814,12.0,1.0,0.0,0.0,0.0,0.0,1.0
215,0.31249999625,0.6249999925,0.0026025880271391124,0.0,2.140625,0.0703125,-0.0703125,1.9175375000340864,-19.437643447061525,7.368272463281755e-07,6.980497105555101,0.006270515579010614,12.0,1.0,0.0,0.0,0.0,0.0,1.0
216,0.31249999625,0.6249999925,-0.007502258657988801,0.0,2.078125,-0.125,0.125,1.8031006249948405,-43.88777980768591,7.368272463281755e-07,7.058842881159349,0.00662547452586957,12.0,1.0,0.0,0.0,0.0,0.0,1.0
217,0.31249999625,0.6249999925,-0.009018591756899225,0.0,2.1015625,-0.0234375,0.0234375,1.828792207990773,-41.95377431039917,7.368272463281755e-07,7.03930766474117,0.007163103691048243,12.0,1.0,0.0,0.0,0.0,0.0,1.0
218,0.31249999625,0.6249999925,-0.007715198548160775,0.0,2.171875,0.203125,-0.203125,1.8659268749761395,-19.529124579841284,7.368272463281755e-07,7.030727738683874,0.007947166841900484,12.0,1.0,0.0,0.0,0.0,0.0,1.0
219,0.31249999625,0.6249999925,-0.007216005850680249,0.0,2.171875,0.046875,-0.046875,1.906141542014666,-44.62347568539407,7.368272463281755e-07,7.0438231229782104,0.008729425396516242,12.0,1.0,0.0,0.0,0.0,0.0,1.0
220,0.31249999625,0.6249999925,-0.005927966844212293,0.0,2.1640625,-0.1953125,0.1953125,1.8794686669716612,-34.49161934026563,7.368272463281755e-07,7.073069561611522,0.009530293522402644,12.0,1.0,0.0,0.0,0.0,0.0,1.0
221,0.31249999625,0.6249999925,-0.010143716584331768,0.0,2.1015625,-0.09375,0.09375,1.826366749999579,-34.57579454259787,7.368272463281755e-07,7.103222987868569,0.009946920517408713,12.0,1.0,0.0,0.0,0.0,0.0,1.0
222,0.2916666633333334,0.5833333266666668,-0.005898678036651119,0.0,2.125,0.0078125,-0.0078125,1.8187147499993443,-32.52606933005848,7.368272463281755e-07,7.138312843712893,0.010284557166001336,12.0,1.0,0.0,0.0,0.0,0.0,1.0
223,0.2916666633333334,0.5833333266666668,-0.008889855563109882,0.0,2.0390625,0.3203125,-0.3203125,1.829254416981712,-93.46043796310364,7.368272463281755e-07,6.760616693231794,0.018257655824224155,12.0,3.0,0.0,0.0,0.0,0.0,1.0
224,0.2916666633333334,0.5833333266666668,-0.005439511316220181,0.0,2.046875,0.28125,-0.28125,1.7974320420180447,-85.76572139900767,7.368272463281755e-07,6.852569626437293,0.02005925417567293,12.0,3.0,0.0,0.0,0.0,0.0,1.0
225,0.2916666633333334,0.5833333266666668,-0.009725060741999856,0.0,2.0234375,0.140625,-0.140625,1.7524595830473118,-53.38073480051768,7.368272463281755e-07,6.987370583746168,0.02030001451364822,12.0,3.0,0.0,0.0,0.0,0.0,1.0
226,0.2916666633333334,0.5833333266666668,-0.010350432048480854,0.0,2.015625,0.5,-0.5,1.761983458942268,-98.28469055135457,7.368272463281755e-07,7.020197888215383,0.020533784551339015,12.0,3.0,0.0,0.0,0.0,0.0,1.0
227,0.2916666633333334,0.5833333266666668,-0.007693146324153057,0.0,2.0390625,-0.125,0.125,1.8423830830142833,-83.89888272787003,7.368272463281755e-07,7.044725245899624,0.020749985602580838,12.0,3.0,0.0,0.0,0.0,0.0,1.0
228,0.2916666633333334,0.5833333266666668,-0.011045316461685679,0.0,2.0234375,0.3203125,-0.3203125,1.773939959006384,-93.9603491318279,7.368272463281755e-07,7.0729866292741566,0.021024096757173538,12.0,3.0,0.0,0.0,0.0,0.0,1.0
229,0.2916666633333334,0.5833333266666668,-0.006608515412916437,0.0,2.03125,0.1015625,-0.1015625,1.764836250047665,-80.72659533129828,7.368272463281755e-07,7.0932651493284435,0.021249499016751845,12.0,3.0,0.0,0.0,0.0,0.0,1.0
230,0.2916666633333334,0.5833333266666668,-0.008232422601123076,0.0,2.046875,-0.0546875,0.0546875,1.7941019590361975,-88.99292647086376,7.368272463281755e-07,7.112871872054206,0.02146742446348071,12.0,3.0,0.0,0.0,0.0,0.0,1.0
231,0.2916666633333334,0.5833333266666668,-0.01393265472003208,0.0,2.046875,-0.015625,0.015625,1.778995250002481,-78.11923207509246,7.368272463281755e-07,7.132676521937053,0.021669658625291452,12.0,3.0,0.0,0.0,0.0,0.0,1.0
232,0.2916666633333334,0.5833333266666668,-0.010462640112105823,0.0,2.046875,0.46875,-0.46875,1.7880372910294682,-96.07859907913341,7.368272463281755e-07,7.0135815143585205,0.020306754598601,12.0,3.0,0.0,0.0,0.0,0.0,1.0
233,0.2916666633333334,0.5833333266666668,-0.007412502076481324,0.0,2.03125,0.4765625,-0.4765625,1.7902239999966696,-90.92154036301832,7.368272463281755e-07,7.0312767426172895,0.01937699354150229,12.0,3.0,0.0,0.0,0.0,0.0,1.0
234,0.2916666633333334,0.5833333266666668,-0.009917072420560037,0.0,2.0625,-0.1484375,0.1484375,1.7694322089664638,-68.69571276957339,7.368272463281755e-07,7.163739641507466,0.018304073717445135,12.0,3.0,0.0,0.0,0.0,0.0,1.0
235,0.2916666633333334,0.5833333266666668,-0.011251772541552496,0.0,2.015625,0.5390625,-0.5390625,1.7382231670198962,-86.95144542797591,7.368272463281755e-07,7.207246118121677,0.01859237698631154,12.0,3.0,0.0,0.0,0.0,0.0,1.0
236,0.2916666633333334,0.5833333266666668,-0.008691257163040424,0.0,2.046875,-0.015625,0.015625,1.782945417042356,-76.72398319590182,7.368272463281755e-07,7.222718305057949,0.018819336520714894,12.0,3.0,0.0,0.0,0.0,0.0,1.0
237,0.2916666633333334,0.5833333266666668,-0.013524843579215042,0.0,2.0625,0.125,-0.125,1.790665667038411,-99.60583065585656,7.368272463281755e-07,7.237258288595411,0.01904464549281531,12.0,3.0,0.0,0.0,0.0,0.0,1.0
238,0.2916666633333334,0.5833333266666668,-0.012126398323386984,0.0,2.0390625,0.15625,-0.15625,1.7559213329805061,-135.7076513301367,7.368272463281755e-07,7.248986522356669,0.0192417875967092,12.0,3.0,0.0,0.0,0.0,0.0,1.0
239,0.2916666633333334,0.5833333266666668,-0.013828321218736537,0.0,2.0625,0.2578125,-0.2578125,1.8584063749876805,-104.7362049836101,7.368272463281755e-07,7.264592528343201,0.019472772979901895,12.0,3.0,0.0,0.0,0.0,0.0,1.0
240,0.2916666633333334,0.5833333266666668,-0.009844093648307213,0.0,2.0390625,0.5859375,-0.5859375,1.7527198339812458,-73.53956925366573,7.368272463281755e-07,7.282247503598531,0.019728010209898155,12.0,3.0,0.0,0.0,0.0,0.0,1.0
241,0.2916666633333334,0.5833333266666668,-0.010520498539360096,0.0,2.0546875,0.0,0.0,1.8060346670099534,-132.10538610306077,7.368272463281755e-07,7.296473370658027,0.019956646538856957,12.0,3.0,0.0,0.0,0.0,0.0,1.0
242,0.2916666633333334,0.5833333266666668,-0.006690345311247059,0.0,2.0234375,0.2421875,-0.2421875,1.7576812079641968,-75.59808073632966,7.368272463281755e-07,7.180650446150038,0.02178231704359253,12.0,3.0,0.0,0.0,0.0,0.0,1.0
243,0.2916666633333334,0.5833333266666668,-0.011624608750293156,0.0,2.0390625,0.0390625,-0.0390625,1.7864532920066267,-101.4541876579202,7.368272463281755e-07,7.247408390045166,0.02419377490878105,12.0,3.0,0.0,0.0,0.0,0.0,1.0
244,0.2916666633333334,0.5833333266666668,-0.011813482494194168,0.0,2.0390625,0.359375,-0.359375,1.7538603330031037,-111.85159315208756,7.368272463281755e-07,7.358888732062446,0.024621972452021308,12.0,3.0,0.0,0.0,0.0,0.0,1.0
245,0.2916666633333334,0.5833333266666668,-0.013021347239563127,0.0,2.03125,0.234375,-0.234375,1.765149749990087,-121.87660564742498,7.368272463281755e-07,7.3709086709552345,0.024849441626833543,12.0,3.0,0.0,0.0,0.0,0.0,1.0
246,0.31249999625,0.6249999925,-0.014151930612325388,0.0,2.0546875,0.2890625,-0.2890625,1.7905665410216898,-112.1025520484303,7.368272463281755e-07,7.379990763134426,0.02508721360936761,12.0,3.0,0.0,0.0,0.0,0.0,1.0
247,0.31249999625,0.6249999925,-0.013344895478269916,0.0,2.1015625,0.0,0.0,1.8441831660456955,-21.633007054225363,7.368272463281755e-07,7.519071904095736,0.017792914041571996,12.0,1.0,0.0,0.0,0.0,0.0,1.0
248,0.31249999625,0.6249999925,-0.016109583136608544,0.0,2.1640625,0.2109375,-0.2109375,1.8700531250215136,-52.8064845209236,7.368272463281755e-07,7.529489798979326,0.017831876810470767,12.0,1.0,0.0,0.0,0.0,0.0,1.0
249,0.31249999625,0.6249999925,-0.015482056631142748,0.0,2.0859375,0.2734375,-0.2734375,1.8023683750070632,-30.082619240957644,7.368272463281755e-07,7.5052387037060475,0.018017655175009913,12.0,1.0,0.0,0.0,0.0,0.0,1.0
250,0.31249999625,0.6249999925,-0.00786202792565663,0.0,2.09375,0.3515625,-0.3515625,1.7857303750352003,-50.317298507480196,7.368272463281755e-07,7.394169451160864,0.016286222655749458,12.0,1.0,0.0,0.0,0.0,0.0,1.0
251,0.31249999625,0.6249999925,-0.013483460392472783,0.0,2.109375,-0.015625,0.015625,1.8107137079932727,-65.99512756816071,7.368272463281755e-07,7.520099820061163,0.014534891075031324,12.0,1.0,0.0,0.0,0.0,0.0,1.0
252,0.31249999625,0.6249999925,-0.007202182568124237,0.0,2.1171875,0.3828125,-0.3828125,1.9225363750010729,-43.5543942870096,7.368272463281755e-07,7.6103236973285675,0.014498773951676081,12.0,1.0,0.0,0.0,0.0,0.0,1.0
253,0.31249999625,0.6249999925,-0.008114552713880964,0.0,2.140625,0.0078125,-0.0078125,1.8558872499852441,-65.25330254006236,7.368272463281755e-07,7.613294132731178,0.01517439788122746,12.0,1.0,0.0,0.0,0.0,0.0,1.0
254,0.31249999625,0.6249999925,-0.018041000509403392,0.0,2.125,0.1953125,-0.1953125,1.9431754580000415,-53.112104991529655,7.368272463281755e-07,7.626432321288369,0.015931267947466535,12.0,1.0,0.0,0.0,0.0,0.0,1.0
255,0.31249999625,0.6249999925,-0.018740878246217434,0.0,2.078125,-0.171875,0.171875,1.8048562909825705,-72.9419613109839,7.368272463281755e-07,7.639182529666207,0.0164431923979216,12.0,1.0,0.0,0.0,0.0,0.0,1.0
256,0.31249999625,0.6249999925,-0.014829227895506829,0.0,2.1640625,-0.125,0.125,1.8738574999733828,-65.76652453018983,7.368272463281755e-07,7.668700489130887,0.01740906285968694,12.0,1.0,0.0,0.0,0.0,0.0,1.0
257,0.31249999625,0.6249999925,-0.0053704567972072265,0.0,2.1875,-0.0390625,0.0390625,1.9542627080227248,-71.04983914098943,7.368272463281755e-07,7.6996084668419575,0.01849011675751006,12.0,1.0,0.0,0.0,0.0,0.0,1.0
258,0.31249999625,0.6249999925,-0.012374187786193806,0.0,2.125,0.1640625,-0.1640625,1.8498249999829568,-48.26146311202706,7.368272463281755e-07,7.72383667122234,0.01885163079185242,12.0,1.0,0.0,0.0,0.0,0.0,1.0
259,0.31249999625,0.6249999925,-0.012669759517672675,0.0,2.125,-0.109375,0.109375,1.8195409580366686,-120.09390994783173,7.368272463281755e-07,7.623147081245076,0.020930420882491904,12.0,1.0,0.0,0.0,0.0,0.0,1.0
260,0.31249999625,0.6249999925,-0.01136761348907312,0.0,2.09375,0.046875,-0.046875,1.8014912919607013,-64.31005619384428,7.368272463281755e-07,7.720233456654982,0.022884786742824046,12.0,1.0,0.0,0.0,0.0,0.0,1.0
261,0.31249999625,0.6249999925,-0.015493390703010517,0.0,2.0546875,0.09375,-0.09375,1.797987625002861,-41.630243187295285,7.368272463281755e-07,7.774891847913915,0.02314504673069512,12.0,1.0,0.0,0.0,0.0,0.0,1.0
262,0.31249999625,0.6249999925,-0.009548840374161144,0.0,2.15625,0.3046875,-0.3046875,1.855638083012309,3.176423018467275,7.368272463281755e-07,7.735137088732286,0.02288006667301736,12.0,1.0,0.0,0.0,0.0,0.0,1.0
263,0.31249999625,0.6249999925,-0.0143998007096324,0.0,2.0859375,0.234375,-0.234375,1.84365162497852,-49.23143758407516,7.368272463281755e-07,7.714621701023796,0.022707334455018015,12.0,1.0,0.0,0.0,0.0,0.0,1.0
264,0.31249999625,0.6249999925,-0.01205785086337179,0.0,2.09375,0.0703125,-0.0703125,1.7877645829576068,-117.97954821484336,7.368272463281755e-07,7.701463320038536,0.02246458591385321,12.0,1.0,0.0,0.0,0.0,0.0,1.0
265,0.31249999625,0.6249999925,-0.01303469755532769,0.0,2.0859375,0.2265625,-0.2265625,1.8017451660125516,-60.49395528273676,7.368272463281755e-07,7.699018467556346,0.02237747022247111,12.0,1.0,0.0,0.0,0.0,0.0,1.0
266,0.31249999625,0.6249999925,-0.011521493210262761,0.0,2.09375,0.0625,-0.0625,1.8179526249878109,-10.289623669528995,7.368272463281755e-07,7.580180178989064,0.02064688828646798,12.0,1.0,0.0,0.0,0.0,0.0,1.0
267,0.31249999625,0.6249999925,-0.009658939036960834,0.0,2.0859375,0.1796875,-0.1796875,1.9219109590048902,-114.53570536638468,7.368272463281755e-07,7.644108262929049,0.01848576955539598,12.0,1.0,0.0,0.0,0.0,0.0,1.0
268,0.31249999625,0.6249999925,-0.015245134139349518,0.0,2.125,0.1796875,-0.1796875,1.8248299169936217,-46.09031376943869,7.368272463281755e-07,7.715873317285017,0.018353316499004988,12.0,1.0,0.0,0.0,0.0,0.0,1.0
269,0.31249999625,0.6249999925,-0.010283386677497963,0.0,2.125,0.1875,-0.1875,1.83366483298596,-28.263736383003348,7.368272463281755e-07,7.73551869392395,0.018422257345677776,12.0,1.0,0.0,0.0,0.0,0.0,1.0
270,0.31249999625,0.6249999925,-0.009050661868368802,0.0,2.109375,-0.1171875,0.1171875,1.8823292499873787,-150.14511526778892,7.368272463281755e-07,7.71767398444089,0.019080113333819263,12.0,1.0,0.0,0.0,0.0,0.0,1.0
271,0.31249999625,0.6249999925,-0.014352863817055821,0.0,2.15625,0.21875,-0.21875,1.8466776250279509,-66.83677952358688,7.368272463281755e-07,7.705987572669983,0.02008576098490845,12.0,1.0,0.0,0.0,0.0,0.0,1.0
272,0.31249999625,0.6249999925,-0.020647419708627435,0.0,2.125,0.0546875,-0.0546875,1.82504304201575,-65.0054968282576,7.368272463281755e-07,7.709369198842482,0.02085611032618379,12.0,1.0,0.0,0.0,0.0,0.0,1.0
273,0.31249999625,0.6249999925,-0.01847473863277946,0.0,2.1171875,0.0390625,-0.0390625,1.8312113750143908,-93.67371025784945,7.368272463281755e-07,7.7154794768853625,0.021478898855010895,12.0,1.0,0.0,0.0,0.0,0.0,1.0
274,0.31249999625,0.6249999925,-0.01229819339099649,0.0,2.109375,0.1875,-0.1875,1.8399897920317017,-65.70260815858352,7.368272463281755e-07,7.727477355436846,0.02220903516916389,12.0,1.0,0.0,0.0,0.0,0.0,1.0
275,0.31249999625,0.6249999925,-0.015565083396714318,0.0,2.1484375,0.3828125,-0.3828125,1.8325097499764524,-64.1763066731981,7.368272463281755e-07,7.749442804943431,0.022944613635032016,12.0,1.0,0.0,0.0,0.0,0.0,1.0
276,0.31249999625,0.6249999925,-0.0223212305038715,0.0,2.1171875,0.1875,-0.1875,1.851768875028938,-76.14247742039721,7.368272463281755e-07,7.764482644471255,0.023186421318149023,12.0,1.0,0.0,0.0,0.0,0.0,1.0
277,0.31249999625,0.6249999925,-0.024397396073597824,0.0,2.1328125,-0.03125,0.03125,1.8529000830021687,-59.400331270879605,7.368272463281755e-07,7.658437273719094,0.025536591906777838,12.0,1.0,0.0,0.0,0.0,0.0,1.0
278,0.31249999625,0.6249999925,-0.013717833465583881,0.0,2.140625,0.0,0.0,1.8404116670135409,-167.86126349701067,7.368272463281755e-07,7.725907780907371,0.026638645594092934,12.0,1.0,0.0,0.0,0.0,0.0,1.0
279,0.31249999625,0.6249999925,-0.013191998937381322,0.0,2.171875,0.3046875,-0.3046875,1.8737085000029765,-115.77708720441943,7.368272463281755e-07,7.708517773584886,0.026211082173342056,12.0,1.0,0.0,0.0,0.0,0.0,1.0
280,0.31249999625,0.6249999925,-0.01494326133818408,0.0,2.15625,0.328125,-0.328125,1.9323853749665432,-29.03676365104036,7.368272463281755e-07,7.7108918753537266,0.025828408310189843,12.0,1.0,0.0,0.0,0.0,0.0,1.0
281,0.31249999625,0.6249999925,-0.0026214199696038493,0.0,2.140625,-0.203125,0.203125,1.8716358750243671,-30.19250531932678,7.368272463281755e-07,7.597422773187811,0.02344273767349395,12.0,1.0,0.0,0.0,0.0,0.0,1.0
282,0.31249999625,0.6249999925,-0.018264582523198784,0.0,2.09375,0.0546875,-0.0546875,1.7988947500125505,-53.633650359822745,7.368272463281755e-07,7.6489029851826755,0.021731317953460595,12.0,1.0,0.0,0.0,0.0,0.0,1.0
283,0.31249999625,0.6249999925,-0.015326900796279564,0.0,2.125,0.2890625,-0.2890625,1.825274167000316,-158.65107572779937,7.368272463281755e-07,7.749548462304202,0.021853239360180767,12.0,1.0,0.0,0.0,0.0,0.0,1.0
284,0.31249999625,0.6249999925,-0.017428542807209235,0.0,2.140625,-0.0703125,0.0703125,1.9009670829982497,-208.43888735945208,7.368272463281755e-07,7.774783448739485,0.02211020163006403,12.0,1.0,0.0,0.0,0.0,0.0,1.0
285,0.31249999625,0.6249999925,-0.017871810598352685,0.0,2.0859375,-0.203125,0.203125,1.8438040839973837,-59.09014619691541,7.368272463281755e-07,7.787757282907313,0.022339642661708323,12.0,1.0,0.0,0.0,0.0,0.0,1.0
286,0.31249999625,0.6249999925,-0.019213165786911103,0.0,2.09375,0.0390625,-0.0390625,1.8358453750261106,-156.4148499609819,7.368272463281755e-07,7.809330463409424,0.02261524806222455,12.0,1.0,0.0,0.0,0.0,0.0,1.0
287,0.31249999625,0.6249999925,-0.017055734467656743,0.0,2.109375,-0.03125,0.03125,1.8169470419525169,-88.15941405826145,7.368272463281755e-07,7.777897336266258,0.023219152946363796,12.0,1.0,0.0,0.0,0.0,0.0,1.0
288,0.31249999625,0.6249999925,-0.012799331857902782,0.0,2.09375,0.4296875,-0.4296875,1.8367284159758128,-72.03058283364595,7.368272463281755e-07,7.791597068309784,0.0232839219737798,12.0,2.0,0.0,0.0,0.0,0.0,1.0
289,0.31249999625,0.6249999925,-0.022618934670696977,0.0,2.1171875,0.0625,-0.0625,1.8310436669853516,-10.136384422048872,7.368272463281755e-07,7.7263170805844394,0.024678907526487655,12.0,1.0,0.0,0.0,0.0,0.0,1.0
290,0.31249999625,0.6249999925,-0.009856336691141188,0.0,2.171875,0.1875,-0.1875,1.8593080830178224,-51.00370204362938,7.368272463281755e-07,7.713872942057523,0.025732146851210433,12.0,1.0,0.0,0.0,0.0,0.0,1.0
291,0.31249999625,0.6249999925,-0.014358424451733605,0.0,2.09375,0.0703125,-0.0703125,1.7918655829853378,-63.43937811033598,7.368272463281755e-07,7.715428005565297,0.02648644263602116,12.0,1.0,0.0,0.0,0.0,0.0,1.0
292,0.31249999625,0.6249999925,-0.011417112813425922,0.0,2.140625,0.015625,-0.015625,1.9465863750083372,-137.89926504900137,7.368272463281755e-07,7.727697686715559,0.027360916370525956,12.0,1.0,0.0,0.0,0.0,0.0,1.0
293,0.31249999625,0.6249999925,-0.018074850217785786,0.0,2.1171875,0.1015625,-0.1015625,1.8714326670160517,-15.642167356073323,7.368272463281755e-07,7.734794269908559,0.02759501822716133,12.0,1.0,0.0,0.0,0.0,0.0,1.0
294,0.31249999625,0.6249999925,-0.01783635145015317,0.0,2.1015625,0.2109375,-0.2109375,1.8275862919981591,-123.4597632274171,7.368272463281755e-07,7.747306953776967,0.027882934442128648,12.0,1.0,0.0,0.0,0.0,0.0,1.0
295,0.31249999625,0.6249999925,-0.0162137763765434,0.0,2.0703125,-0.2265625,0.2265625,1.815449208021164,-88.98992097887887,7.368272463281755e-07,7.754877242175016,0.028108029774474828,12.0,1.0,0.0,0.0,0.0,0.0,1.0
296,0.31249999625,0.6249999925,-0.020447085776664403,0.0,2.140625,0.109375,-0.109375,1.834731874987483,-36.49708851253788,7.368272463281755e-07,7.720242316072637,0.027760068547319283,12.0,1.0,0.0,0.0,0.0,0.0,1.0
297,0.31249999625,0.6249999925,-0.01850995999414236,0.0,2.1640625,0.203125,-0.203125,1.9019694169983268,-67.55375743469625,7.368272463281755e-07,7.706285704265941,0.027390864402563733,12.0,1.0,0.0,0.0,0.0,0.0,1.0
298,0.31249999625,0.6249999925,-0.019365586482831668,0.0,2.1484375,0.203125,-0.203125,1.8437872920185328,-123.45796963778409,7.368272463281755e-07,7.7124272368171,0.026916775619611144,12.0,1.0,0.0,0.0,0.0,0.0,1.0
299,0.31249999625,0.6249999925,-0.016115114590977555,0.0,2.1328125,0.2734375,-0.2734375,1.840361166978255,-144.9864496328892,7.368272463281755e-07,7.733917084607211,0.026445469184016638,12.0,1.0,0.0,0.0,0.0,0.0,1.0
300,0.31249999625,0.6249999925,-0.014692078716037005,0.0,2.1328125,0.2578125,-0.2578125,1.9080840829992667,-95.1395973827376,7.368272463281755e-07,7.756599046967247,0.02626081054437567,12.0,1.0,0.0,0.0,0.0,0.0,1.0
301,0.31249999625,0.6249999925,-0.01937028450992372,0.0,2.140625,0.40625,-0.40625,1.8389877080335282,-73.93073636423932,7.368272463281755e-07,7.786747466434132,0.026518253588371656,12.0,1.0,0.0,0.0,0.0,0.0,1.0
302,0.31249999625,0.6249999925,-0.018778721252121038,0.0,2.1015625,0.0546875,-0.0546875,1.8254974580486305,-50.99795774013136,7.368272463281755e-07,7.804710626602173,0.026759799019518225,12.0,1.0,0.0,0.0,0.0,0.0,1.0
303,0.31249999625,0.6249999925,-0.027219503635733725,0.0,2.1015625,0.0390625,-0.0390625,1.834276832989417,-73.95776278733321,7.368272463281755e-07,7.825891809030012,0.02701448545452546,12.0,1.0,0.0,0.0,0.0,0.0,1.0
304,0.31249999625,0.6249999925,-0.020448607852482866,0.0,2.0703125,0.1171875,-0.1171875,1.9128186670131981,-63.46576699850694,7.368272463281755e-07,7.825771396810358,0.027281450912017714,12.0,1.0,0.0,0.0,0.0,0.0,1.0
305,0.31249999625,0.6249999925,-0.012933421430512626,0.0,2.1953125,0.21875,-0.21875,1.8962854169658385,-20.73202274193543,7.368272463281755e-07,7.8255579038099805,0.02753258030861616,12.0,1.0,0.0,0.0,0.0,0.0,1.0
306,0.31249999625,0.6249999925,-0.006254503059268377,0.0,2.140625,0.078125,-0.078125,1.8323182910098694,-0.8638366191056523,7.368272463281755e-07,7.765349095517939,0.02838743715123697,12.0,1.0,0.0,0.0,0.0,0.0,1.0
307,0.31249999625,0.6249999925,-0.007209381937201735,0.0,2.125,0.1328125,-0.1328125,1.8513410830055363,-64.30919465948554,7.368272463281755e-07,7.732477599924261,0.029124439842152326,12.0,1.0,0.0,0.0,0.0,0.0,1.0
308,0.31249999625,0.6249999925,-0.01634775449935763,0.0,2.078125,0.1015625,-0.1015625,1.805937500030268,-45.948354903916666,7.368272463281755e-07,7.715155070478266,0.029793647562407634,12.0,1.0,0.0,0.0,0.0,0.0,1.0
309,0.31249999625,0.6249999925,-0.013534799074552096,0.0,2.09375,-0.2421875,0.2421875,1.7980384170077741,-169.4724870777842,7.368272463281755e-07,7.7062204317613086,0.03031325613317842,12.0,1.0,0.0,0.0,0.0,0.0,1.0
310,0.31249999625,0.6249999925,-0.026276509274483287,0.0,2.0859375,0.0859375,-0.0859375,1.80571887496626,-49.73580660980739,7.368272463281755e-07,7.70150794766166,0.03094099686396393,12.0,1.0,0.0,0.0,0.0,0.0,1.0
311,0.31249999625,0.6249999925,-0.020786005568453163,0.0,2.1484375,0.2890625,-0.2890625,1.857723833003547,-135.475818937951,7.368272463281755e-07,7.707705638625405,0.03200402608225969,12.0,1.0,0.0,0.0,0.0,0.0,1.0
312,0.31249999625,0.6249999925,-0.02615903667840653,0.0,2.140625,0.015625,-0.015625,1.836985583009664,-113.7542809256672,7.368272463281755e-07,7.69832147251476,0.03205637606284158,12.0,1.0,0.0,0.0,0.0,0.0,1.0
313,0.31249999625,0.6249999925,-0.019094389032054706,0.0,2.109375,0.0078125,-0.0078125,1.8449364160187542,-159.04911030133565,7.368272463281755e-07,7.699584700844505,0.031834317688745534,12.0,1.0,0.0,0.0,0.0,0.0,1.0
314,0.31249999625,0.6249999925,-0.021742553933447303,0.0,2.15625,0.296875,-0.296875,1.8501046660239808,-71.0246751913126,7.368272463281755e-07,7.713091893629595,0.03138699742372741,12.0,1.0,0.0,0.0,0.0,0.0,1.0
315,0.31249999625,0.6249999925,-0.015591772068213165,0.0,2.109375,0.28125,-0.28125,1.8158969999640249,-100.22311183081733,7.368272463281755e-07,7.7273782383311875,0.03114182565530593,12.0,1.0,0.0,0.0,0.0,0.0,1.0
316,0.31249999625,0.6249999925,-0.015295677999282003,0.0,2.125,0.2734375,-0.2734375,1.8182066250010394,-127.15996468768401,7.368272463281755e-07,7.7470619895241475,0.03080709382298995,12.0,1.0,0.0,0.0,0.0,0.0,1.0
317,0.31249999625,0.6249999925,-0.023672010508312476,0.0,2.1328125,0.203125,-0.203125,2.023803041956853,-147.21087644388388,7.368272463281755e-07,7.772789976813576,0.030654566997492857,12.0,1.0,0.0,0.0,0.0,0.0,1.0
318,0.31249999625,0.6249999925,-0.013736057779118254,0.0,2.1484375,0.0625,-0.0625,1.8612227499834262,-79.86858646913008,7.368272463281755e-07,7.791645299304616,0.030888957712291318,12.0,1.0,0.0,0.0,0.0,0.0,1.0
319,0.31249999625,0.6249999925,-0.016676719183648485,0.0,2.15625,0.078125,-0.078125,1.8654060420230962,-53.18619006958561,7.368272463281755e-07,7.80944689837369,0.031147537922317333,12.0,1.0,0.0,0.0,0.0,0.0,1.0
320,0.31249999625,0.6249999925,-0.020996084817721975,0.0,2.125,0.1796875,-0.1796875,1.844243582978379,-132.82516839574365,7.368272463281755e-07,7.809884721582586,0.03143647937527434,12.0,1.0,0.0,0.0,0.0,0.0,1.0
321,0.31249999625,0.6249999925,-0.016409121407177263,0.0,2.1640625,0.0703125,-0.0703125,1.8743499589618295,-174.5086784870616,7.368272463281755e-07,7.809092619202354,0.03169587157158689,12.0,1.0,0.0,0.0,0.0,0.0,1.0
322,0.31249999625,0.6249999925,-0.026020934779104624,0.0,2.1484375,0.0625,-0.0625,1.851040749985259,-144.31275297511706,7.368272463281755e-07,7.733939929441973,0.03264899090440436,12.0,1.0,0.0,0.0,0.0,0.0,1.0
323,0.31249999625,0.6249999925,-0.016694692356334896,0.0,2.1875,0.0390625,-0.0390625,1.8799119999748655,-108.26390766331127,7.368272463281755e-07,7.687363093549555,0.03380150862292133,12.0,1.0,0.0,0.0,0.0,0.0,1.0
324,0.31249999625,0.6249999925,-0.014178943434869591,0.0,2.1484375,0.2890625,-0.2890625,1.8551209169672802,-160.6310114340051,7.368272463281755e-07,7.682192769917575,0.034766694784841755,12.0,1.0,0.0,0.0,0.0,0.0,1.0
325,0.31249999625,0.6249999925,-0.015861061738467554,0.0,2.125,0.078125,-0.078125,1.8188694170094095,-0.704643262687194,7.368272463281755e-07,7.678323268890381,0.034996324493973094,12.0,1.0,0.0,0.0,0.0,0.0,1.0
326,0.31249999625,0.6249999925,-0.024295829173132694,0.0,2.109375,0.0703125,-0.0703125,1.81053829198936,-73.71291497995456,7.368272463281755e-07,7.678116224028847,0.03522235121239315,12.0,1.0,0.0,0.0,0.0,0.0,1.0
327,0.31249999625,0.6249999925,-0.014761638415330468,0.0,2.0546875,0.1484375,-0.1484375,1.773875625047367,17.69605857113335,7.368272463281755e-07,7.679447510025718,0.035446845714680174,12.0,1.0,0.0,0.0,0.0,0.0,1.0
328,0.31249999625,0.6249999925,-0.023501210528775206,0.0,2.140625,0.0078125,-0.0078125,1.9525701670208946,-223.445147438625,7.368272463281755e-07,7.693852803923867,0.03488874005746435,12.0,1.0,0.0,0.0,0.0,0.0,1.0
329,0.31249999625,0.6249999925,-0.017650011291712772,0.0,2.0625,0.1640625,-0.1640625,1.768335750035476,-54.68008833243864,7.368272463281755e-07,7.703274710611864,0.034748580370267686,12.0,1.0,0.0,0.0,0.0,0.0,1.0
330,0.31249999625,0.6249999925,-0.017257609615322952,0.0,2.1171875,0.234375,-0.234375,1.8396178330294788,-10.9634332863449,7.368272463281755e-07,7.716409130529924,0.03445059945806861,12.0,1.0,0.0,0.0,0.0,0.0,1.0
331,0.31249999625,0.6249999925,-0.009849897165855203,0.0,2.109375,-0.046875,0.046875,1.8452693750150502,-173.79287683786276,7.368272463281755e-07,7.729043478315527,0.03416939596222206,12.0,1.0,0.0,0.0,0.0,0.0,1.0
332,0.31249999625,0.6249999925,-0.014966676992197933,0.0,2.078125,0.0234375,-0.0234375,1.8081063329591416,-130.67000781534406,7.368272463281755e-07,7.73521451516585,0.03422958729788661,12.0,1.0,0.0,0.0,0.0,0.0,1.0
333,0.31249999625,0.6249999925,-0.014370537291139254,0.0,2.1328125,-0.09375,0.09375,1.8227115839836188,9.904741707228823,7.368272463281755e-07,7.749150958928195,0.03444210596551949,12.0,1.0,0.0,0.0,0.0,0.0,1.0
334,0.31249999625,0.6249999925,-0.016572368749463134,0.0,2.171875,0.4609375,-0.4609375,1.8744492499972694,-141.91099021450714,7.368272463281755e-07,7.771663058887828,0.034698502689769324,12.0,1.0,0.0,0.0,0.0,0.0,1.0
335,0.31249999625,0.6249999925,-0.014360912812598223,0.0,2.1484375,0.3125,-0.3125,1.8451881250366569,-114.27803380920129,7.368272463281755e-07,7.76878853819587,0.03494639275595546,12.0,1.0,0.0,0.0,0.0,0.0,1.0
336,0.31249999625,0.6249999925,-0.0173511612338512,0.0,2.140625,-0.15625,0.15625,1.8240489999880083,109.54836694468183,7.368272463281755e-07,7.7630692449483005,0.03516860661858862,12.0,1.0,0.0,0.0,0.0,0.0,1.0
337,0.31249999625,0.6249999925,-0.014977194904571936,0.0,2.1015625,0.1171875,-0.1171875,1.8297909580287524,-19.19225137493593,7.368272463281755e-07,7.758723925460469,0.035384632435373285,12.0,1.0,0.0,0.0,0.0,0.0,1.0
338,0.31249999625,0.6249999925,-0.021262260774371225,0.0,2.1171875,0.21875,-0.21875,1.8622943329974078,-224.76380951146143,7.368272463281755e-07,7.754148765043779,0.03561801179735498,12.0,1.0,0.0,0.0,0.0,0.0,1.0
339,0.31249999625,0.6249999925,-0.015465755711409119,0.0,2.1015625,-0.234375,0.234375,1.828185125021264,-150.01657687687077,7.368272463281755e-07,7.749563786116513,0.03581258040768179,12.0,1.0,0.0,0.0,0.0,0.0,1.0
340,0.31249999625,0.6249999925,-0.019772163113578756,0.0,2.171875,0.1328125,-0.1328125,1.8891745830187574,-116.840657313093,7.368272463281755e-07,7.743015256795016,0.03604420678774742,12.0,1.0,0.0,0.0,0.0,0.0,1.0
341,0.31249999625,0.6249999925,-0.020726555810307943,0.0,2.203125,0.1484375,-0.1484375,2.0193140000337735,-83.87492147066915,7.368272463281755e-07,7.735710425810381,0.036286197772080246,12.0,1.0,0.0,0.0,0.0,0.0,1.0
342,0.31249999625,0.6249999925,-0.018094445281456,0.0,2.1328125,0.296875,-0.296875,1.8186466670013033,-45.70310796660818,7.368272463281755e-07,7.730314655737444,0.03656611362980171,12.0,1.0,0.0,0.0,0.0,0.0,1.0
343,0.31249999625,0.6249999925,-0.0158234928113438,0.0,2.0859375,0.0703125,-0.0703125,1.8781529999687336,-211.06324819143344,7.368272463281755e-07,7.727478460832075,0.03679573552852327,12.0,1.0,0.0,0.0,0.0,0.0,1.0
344,0.31249999625,0.6249999925,-0.026906848740944535,0.0,2.1015625,0.09375,-0.09375,1.816736042033881,-88.94269403649085,7.368272463281755e-07,7.7238485704768785,0.03704084631648253,12.0,1.0,0.0,0.0,0.0,0.0,1.0
345,0.31249999625,0.6249999925,-0.019993235551831454,0.0,2.140625,0.3203125,-0.3203125,1.834935332997702,-202.18259617882055,7.368272463281755e-07,7.719567900354212,0.03729380842890929,12.0,1.0,0.0,0.0,0.0,0.0,1.0
346,0.31249999625,0.6249999925,-0.025597628730425273,0.0,2.0859375,-0.03125,0.03125,1.8049366660416126,10.035719110724632,7.368272463281755e-07,7.713935776190325,0.03749683209356259,12.0,1.0,0.0,0.0,0.0,0.0,1.0
347,0.31249999625,0.6249999925,-0.019950161359050846,0.0,2.109375,0.0859375,-0.0859375,1.8410912919789553,-207.6869632544341,7.368272463281755e-07,7.707877592606978,0.037707220085642555,12.0,1.0,0.0,0.0,0.0,0.0,1.0
348,0.31249999625,0.6249999925,-0.02370875636984247,0.0,2.1171875,0.21875,-0.21875,1.824981082987506,-1.734908297493009,7.368272463281755e-07,7.702345522967252,0.037965730467641894,12.0,1.0,0.0,0.0,0.0,0.0,1.0
349,0.31249999625,0.6249999925,-0.016643158333449107,0.0,2.0859375,-0.015625,0.015625,1.8595662500010803,-404.1689802626992,7.368272463281755e-07,7.6979030695828525,0.038178348003632644,12.0,1.0,0.0,0.0,0.0,0.0,1.0
350,0.31249999625,0.6249999925,-0.02038422647579788,0.0,2.0546875,0.171875,-0.171875,1.857026583980769,-170.94598100031283,7.368272463281755e-07,7.695405504920266,0.0384277962571518,12.0,1.0,0.0,0.0,0.0,0.0,1.0
351,0.31249999625,0.6249999925,-0.016429428732929165,0.0,2.09375,0.0390625,-0.0390625,1.787866499973461,31.98623525562571,7.368272463281755e-07,7.690511535514485,0.0386633425951004,12.0,1.0,0.0,0.0,0.0,0.0,1.0
352,0.31249999625,0.6249999925,-0.023606087304918887,0.0,2.1328125,0.0703125,-0.0703125,1.9457602499751374,-188.90941925887222,7.368272463281755e-07,7.68660645051436,0.038916698106649245,12.0,1.0,0.0,0.0,0.0,0.0,1.0
353,0.31249999625,0.6249999925,-0.023608262495760316,0.0,2.140625,-0.0546875,0.0546875,1.833517499966547,-350.3575902194002,7.368272463281755e-07,7.681549207730726,0.03915410738607699,12.0,1.0,0.0,0.0,0.0,0.0,1.0
354,0.31249999625,0.6249999925,-0.026743650541029854,0.0,2.1015625,-0.046875,0.046875,1.8146470420178957,-150.22327743941523,7.368272463281755e-07,7.676378325982527,0.03938874339854175,12.0,1.0,0.0,0.0,0.0,0.0,1.0
355,0.31249999625,0.6249999925,-0.025585264234494885,0.0,2.0703125,0.28125,-0.28125,1.7783334580017254,12.08508941722366,7.368272463281755e-07,7.673693537712097,0.03965606472708962,12.0,1.0,0.0,0.0,0.0,0.0,1.0
356,0.31249999625,0.6249999925,-0.023876832345477127,0.0,2.1171875,0.21875,-0.21875,1.8390213329694234,-333.6342981099203,7.368272463281755e-07,7.6693455522710625,0.03989702327684923,12.0,1.0,0.0,0.0,0.0,0.0,1.0
357,0.31249999625,0.6249999925,-0.015638554286687267,0.0,2.125,0.0,0.0,1.824703624995891,-162.17676086285536,7.368272463281755e-07,7.6655156937512485,0.040131379617378116,12.0,1.0,0.0,0.0,0.0,0.0,1.0
358,0.31249999625,0.6249999925,-0.02171389589576115,0.0,2.171875,0.015625,-0.015625,1.8911075840005651,-245.472674469296,7.368272463281755e-07,7.661209550770846,0.040387309579686684,12.0,1.0,0.0,0.0,0.0,0.0,1.0
359,0.31249999625,0.6249999925,-0.023711346260060398,0.0,2.1015625,0.2265625,-0.2265625,1.8116116659948602,-117.87493837633097,7.368272463281755e-07,7.658374694260684,0.04064877701669254,12.0,1.0,0.0,0.0,0.0,0.0,1.0
360,0.31249999625,0.6249999925,-0.019681546146025904,0.0,2.109375,0.0625,-0.0625,1.8356989999883808,5.4591587914360895,7.368272463281755e-07,7.653305227106268,0.04088632281954316,12.0,1.0,0.0,0.0,0.0,0.0,1.0
361,0.31249999625,0.6249999925,-0.027967108586393778,0.0,2.09375,-0.03125,0.03125,1.7967593329958618,-205.29069361757877,7.368272463281755e-07,7.649747198278254,0.04110049600289627,12.0,1.0,0.0,0.0,0.0,0.0,1.0
362,0.31249999625,0.6249999925,-0.021116025285374616,0.0,2.1328125,0.171875,-0.171875,1.8149539169971831,18.200597441676774,7.368272463281755e-07,7.646175487474962,0.04131894888864322,12.0,1.0,0.0,0.0,0.0,0.0,1.0
363,0.31249999625,0.6249999925,-0.021181403337560186,0.0,2.0859375,0.25,-0.25,1.8298872919986024,-74.00863128833556,7.368272463281755e-07,7.642216888341037,0.04154511564411223,12.0,1.0,0.0,0.0,0.0,0.0,1.0
364,0.31249999625,0.6249999925,-0.02797453347891083,0.0,2.109375,0.1015625,-0.1015625,1.815243124961853,-296.13104181996096,7.368272463281755e-07,7.6388836828145115,0.04175988015380095,12.0,1.0,0.0,0.0,0.0,0.0,1.0
365,0.31249999625,0.6249999925,-0.010721311677763705,0.0,2.171875,-0.0546875,0.0546875,1.8609076249995269,-286.7469449008969,7.368272463281755e-07,7.634017359126698,0.041992937701500276,12.0,1.0,0.0,0.0,0.0,0.0,1.0
366,0.31249999625,0.6249999925,-0.016124418650821367,0.0,2.1015625,-0.1875,0.1875,1.9058673749677837,-155.17821167658695,7.368272463281755e-07,7.629620682109486,0.042223437541079795,12.0,1.0,0.0,0.0,0.0,0.0,1.0
367,0.31249999625,0.6249999925,-0.017346929895870215,0.0,2.09375,-0.2421875,0.2421875,1.7953195000300184,-244.82759654344017,7.368272463281755e-07,7.625896513462067,0.04244567089798776,12.0,1.0,0.0,0.0,0.0,0.0,1.0
368,0.31249999625,0.6249999925,-0.030367926240523344,0.0,2.109375,0.1484375,-0.1484375,1.8178868750110269,2.881426542776602,7.368272463281755e-07,7.621734153140675,0.04269363392483105,12.0,1.0,0.0,0.0,0.0,0.0,1.0
369,0.31249999625,0.6249999925,-0.016794285209997362,0.0,2.0859375,0.0390625,-0.0390625,1.8101145420223475,-357.65642510460555,7.368272463281755e-07,7.6189373623241075,0.042927318570119416,12.0,1.0,0.0,0.0,0.0,0.0,1.0
370,0.31249999625,0.6249999925,-0.022547597439878983,0.0,2.109375,0.09375,-0.09375,1.8120243750163354,-72.13818478760896,7.368272463281755e-07,7.613299743695692,0.043154676487161356,12.0,1.0,0.0,0.0,0.0,0.0,1.0
371,0.31249999625,0.6249999925,-0.03360975529728327,0.0,2.109375,0.1953125,-0.1953125,1.8408219999982975,-163.28241399835656,7.368272463281755e-07,7.609500738707456,0.043388754573904655,12.0,1.0,0.0,0.0,0.0,0.0,1.0
372,0.31249999625,0.6249999925,-0.019358740513357477,0.0,2.0859375,0.15625,-0.15625,1.8044461670215242,-310.34612450260346,7.368272463281755e-07,7.606259692798961,0.04360472396100787,12.0,1.0,0.0,0.0,0.0,0.0,1.0
373,0.31249999625,0.6249999925,-0.024930156679938368,0.0,2.1875,0.15625,-0.15625,1.8832009579637088,-121.11730067048754,7.368272463281755e-07,7.600487698208202,0.043844453799961644,12.0,1.0,0.0,0.0,0.0,0.0,1.0
374,0.31249999625,0.6249999925,-0.023888540893222652,0.0,2.1171875,0.2421875,-0.2421875,1.8573447079979815,109.90110336458551,7.368272463281755e-07,7.596562987024134,0.044089406517080286,12.0,1.0,0.0,0.0,0.0,0.0,1.0
375,0.31249999625,0.6249999925,-0.02537144568089931,0.0,2.1953125,-0.171875,0.171875,1.8851675000041723,8.679033856374938,7.368272463281755e-07,7.591339886188507,0.044287313453175804,12.0,1.0,0.0,0.0,0.0,0.0,1.0
376,0.31249999625,0.6249999925,-0.02370348459072155,0.0,2.09375,-0.0234375,0.0234375,1.7991781660239212,-11.82757993954331,7.368272463281755e-07,7.586945121938532,0.04450866613875736,12.0,1.0,0.0,0.0,0.0,0.0,1.0
377,0.31249999625,0.6249999925,-0.029635818367457625,0.0,2.15625,0.0859375,-0.0859375,1.842694167047739,-199.20964833273405,7.368272463281755e-07,7.582266899672422,0.044715337455272675,12.0,1.0,0.0,0.0,0.0,0.0,1.0
378,0.31249999625,0.6249999925,-0.013151977884556704,0.0,2.09375,0.1875,-0.1875,1.883395082957577,-269.82657229722435,7.368272463281755e-07,7.5797031196680935,0.04493469924835319,12.0,1.0,0.0,0.0,0.0,0.0,1.0
379,0.31249999625,0.6249999925,-0.029774290645848203,0.0,2.109375,-0.1484375,0.1484375,1.8630142909823917,58.325912673385055,7.368272463281755e-07,7.5771959749135105,0.04514097138731317,12.0,1.0,0.0,0.0,0.0,0.0,1.0
380,0.31249999625,0.6249999925,-0.020048301031182433,0.0,2.109375,0.0546875,-0.0546875,1.843826457974501,-284.20752698403817,7.368272463281755e-07,7.573266695846211,0.04533384473655711,12.0,1.0,0.0,0.0,0.0,0.0,1.0
381,0.31249999625,0.6249999925,-0.01920763942136835,0.0,2.171875,0.1328125,-0.1328125,1.8673623749637045,59.83224232762838,7.368272463281755e-07,7.570107936859131,0.04558415975506333,12.0,1.0,0.0,0.0,0.0,0.0,1.0
382,0.31249999625,0.6249999925,-0.031645738242384994,0.0,2.09375,-0.0859375,0.0859375,1.8549301250022836,-181.05150985717773,7.368272463281755e-07,7.567496619441292,0.04576985446990214,12.0,1.0,0.0,0.0,0.0,0.0,1.0
383,0.31249999625,0.6249999925,-0.02441006399490079,0.0,2.1640625,0.0,0.0,1.9193648750078864,-30.529275876950702,7.368272463281755e-07,7.5653610175306145,0.0459928085223179,12.0,1.0,0.0,0.0,0.0,0.0,1.0
384,0.31249999625,0.6249999925,-0.016605069945100664,0.0,2.140625,-0.28125,0.28125,1.8375180409639142,-223.845402560965,7.368272463281755e-07,7.56362090327523,0.046203129438006064,12.0,1.0,0.0,0.0,0.0,0.0,1.0
385,0.31249999625,0.6249999925,-0.025456526741237565,0.0,2.109375,0.265625,-0.265625,1.837099833006505,-81.20473392627858,7.368272463281755e-07,7.563520886681297,0.04646819044666534,12.0,1.0,0.0,0.0,0.0,0.0,1.0
386,0.31249999625,0.6249999925,-0.03033922370766916,0.0,2.1796875,0.0546875,-0.0546875,1.9482028339989483,-97.5892575171686,7.368272463281755e-07,7.560771844603798,0.04670001138848337,12.0,1.0,0.0,0.0,0.0,0.0,1.0
387,0.31249999625,0.6249999925,-0.028326996302477224,0.0,2.1328125,-0.0703125,0.0703125,1.8423295830143616,-143.31509269462836,7.368272463281755e-07,7.560055434703827,0.04691759355112233,12.0,1.0,0.0,0.0,0.0,0.0,1.0
388,0.31249999625,0.6249999925,-0.03553633787746774,0.0,2.109375,0.1640625,-0.1640625,1.834276250039693,4.40640314243458,7.368272463281755e-07,7.560361558740789,0.047139097237959504,12.0,1.0,0.0,0.0,0.0,0.0,1.0
389,0.31249999625,0.6249999925,-0.025008379864874322,0.0,2.140625,0.1796875,-0.1796875,1.8402085000416264,-478.6163863509241,7.368272463281755e-07,7.560352563858032,0.04735431515357711,12.0,1.0,0.0,0.0,0.0,0.0,1.0
390,0.31249999625,0.6249999925,-0.0231044755775458,0.0,2.125,0.0703125,-0.0703125,1.817039166984614,48.48280382506988,7.368272463281755e-07,7.559954567389055,0.04760346134108576,12.0,1.0,0.0,0.0,0.0,0.0,1.0
391,0.31249999625,0.6249999925,-0.028659699445308284,0.0,2.1015625,0.09375,-0.09375,1.9658042499795556,-428.2848958437328,7.368272463281755e-07,7.561622419140556,0.047838666518642145,12.0,1.0,0.0,0.0,0.0,0.0,1.0
392,0.31249999625,0.6249999925,-0.030710553803457916,0.0,2.109375,0.3828125,-0.3828125,1.8135084579698741,-199.88737302356296,7.368272463281755e-07,7.5645116784355855,0.04811485801738771,12.0,1.0,0.0,0.0,0.0,0.0,1.0
393,0.31249999625,0.6249999925,-0.029833111328603636,0.0,2.140625,0.0625,-0.0625,1.8576500830240548,-261.9559553452652,7.368272463281755e-07,7.565725055607882,0.048354653218253094,12.0,1.0,0.0,0.0,0.0,0.0,1.0
394,0.31249999625,0.6249999925,-0.025462060878277487,0.0,2.1953125,0.140625,-0.140625,1.8845591669669375,-76.45406378885181,7.368272463281755e-07,7.5678112073378125,0.04860180955041538,12.0,1.0,0.0,0.0,0.0,0.0,1.0
395,0.31249999625,0.6249999925,-0.02767722235200514,0.0,2.0703125,-0.2265625,0.2265625,1.7942612909828313,-62.61461107146065,7.368272463281755e-07,7.570392608642578,0.04883412477052347,12.0,1.0,0.0,0.0,0.0,0.0,1.0
396,0.31249999625,0.6249999925,-0.011349734572674559,0.0,2.140625,0.0703125,-0.0703125,1.8360364169930108,-115.23088895143384,7.368272463281755e-07,7.572248383001848,0.049097563097761435,12.0,1.0,0.0,0.0,0.0,0.0,1.0
397,0.31249999625,0.6249999925,-0.046484006418615456,0.0,2.1015625,0.2890625,-0.2890625,1.846041916985996,-269.40554898910807,7.368272463281755e-07,7.574012962254611,0.049359474309974095,12.0,1.0,0.0,0.0,0.0,0.0,1.0
398,0.31249999625,0.6249999925,-0.01811700453420083,0.0,2.1171875,0.0546875,-0.0546875,1.8352193330065347,-390.01230816647575,7.368272463281755e-07,7.575006067752838,0.04957468655299057,12.0,1.0,0.0,0.0,0.0,0.0,1.0
399,0.31249999625,0.6249999925,-0.026823211027669314,0.0,2.1015625,-0.2265625,0.2265625,1.8326025829883292,-422.3509538111634,7.368272463281755e-07,7.574843065305189,0.04980109407651154,12.0,1.0,0.0,0.0,0.0,0.0,1.0
400,0.31249999625,0.6249999925,-0.02107354353767927,0.0,2.15625,0.0546875,-0.0546875,1.8534640410216525,-12.184779709663944,7.368272463281755e-07,7.5736529285257514,0.050033842636780304,12.0,1.0,0.0,0.0,0.0,0.0,1.0
401,0.31249999625,0.6249999925,-0.02441253657753964,0.0,2.1171875,0.0234375,-0.0234375,1.862519667018205,-163.73641466302627,7.368272463281755e-07,7.571923066269267,0.05026567585512318,12.0,1.0,0.0,0.0,0.0,0.0,1.0
402,0.31249999625,0.6249999925,-0.02927098763982569,0.0,2.1328125,0.0859375,-0.0859375,1.8289371659629978,-178.91976414146004,7.368272463281755e-07,7.571125848726793,0.050516206390139734,12.0,1.0,0.0,0.0,0.0,0.0,1.0
403,0.31249999625,0.6249999925,-0.020089585730681873,0.0,2.1484375,-0.1015625,0.1015625,1.8454702500021085,-370.3493281555176,7.368272463281755e-07,7.570516786792061,0.050749558891931716,12.0,1.0,0.0,0.0,0.0,0.0,1.0
404,0.31249999625,0.6249999925,-0.035469760017271056,0.0,2.078125,-0.1015625,0.1015625,1.893760500010103,-300.6509893783053,7.368272463281755e-07,7.57103416594592,0.05098831482146951,12.0,1.0,0.0,0.0,0.0,0.0,1.0
405,0.31249999625,0.6249999925,-0.03275448837234508,0.0,2.09375,-0.046875,0.046875,1.7971357080386952,74.01291516645631,7.368272463281755e-07,7.571236290714958,0.05123669110153886,12.0,1.0,0.0,0.0,0.0,0.0,1.0
406,0.31249999625,0.6249999925,-0.022291595545916768,0.0,2.1484375,0.109375,-0.109375,1.8381563749862835,104.68533050190318,7.368272463281755e-07,7.5722128044475205,0.05149461667646061,12.0,1.0,0.0,0.0,0.0,0.0,1.0
407,0.31249999625,0.6249999925,-0.03223190973267135,0.0,2.109375,0.203125,-0.203125,1.8578632500139065,-11.438432223708542,7.368272463281755e-07,7.574317520314997,0.051753103669563476,12.0,1.0,0.0,0.0,0.0,0.0,1.0
408,0.31249999625,0.6249999925,-0.015685547500754224,0.0,2.109375,-0.109375,0.109375,1.8192022500443272,-420.0357320856165,7.368272463281755e-07,7.575538434765556,0.0519938072909347,12.0,1.0,0.0,0.0,0.0,0.0,1.0
409,0.31249999625,0.6249999925,-0.03347299982626505,0.0,2.09375,-0.1015625,0.1015625,1.7912667500204407,-18.568684072636845,7.368272463281755e-07,7.576768690889532,0.05222665711136704,12.0,1.0,0.0,0.0,0.0,0.0,1.0
410,0.31249999625,0.6249999925,-0.03213663277438351,0.0,2.140625,0.1796875,-0.1796875,1.834453499992378,-40.090388656532674,7.368272463281755e-07,7.577726857228712,0.05248953175561672,12.0,1.0,0.0,0.0,0.0,0.0,1.0
411,0.31249999625,0.6249999925,-0.03557166304792288,0.0,2.1484375,0.1015625,-0.1015625,1.8425919159781188,-140.85104388150302,7.368272463281755e-07,7.578132125464353,0.052745595764876765,12.0,1.0,0.0,0.0,0.0,0.0,1.0
412,0.31249999625,0.6249999925,-0.02616429813969846,0.0,2.09375,0.109375,-0.109375,1.7898715840419754,-425.51117767860643,7.368272463281755e-07,7.578200974247673,0.052985846107317644,12.0,1.0,0.0,0.0,0.0,0.0,1.0
413,0.31249999625,0.6249999925,-0.03341622128294429,0.0,2.1171875,0.3828125,-0.3828125,1.8549115000059828,-67.28965535463003,7.368272463281755e-07,7.578311199491674,0.05323311163705181,12.0,1.0,0.0,0.0,0.0,0.0,1.0
414,0.31249999625,0.6249999925,-0.026742328725555507,0.0,2.21875,0.3828125,-0.3828125,1.9812592079979368,-104.34846241709212,7.368272463281755e-07,7.5754417831247505,0.0534533800620755,12.0,1.0,0.0,0.0,0.0,0.0,1.0
415,0.31249999625,0.6249999925,-0.031054175346311053,0.0,2.09375,0.1953125,-0.1953125,1.9110722499899566,-138.43610916564714,7.368272463281755e-07,7.574279879981821,0.05367309335534545,12.0,1.0,0.0,0.0,0.0,0.0,1.0
416,0.31249999625,0.6249999925,-0.026801077358135025,0.0,2.109375,-0.078125,0.078125,1.8695551250129938,-435.06722559752285,7.368272463281755e-07,7.573387994007631,0.05387042761272327,12.0,1.0,0.0,0.0,0.0,0.0,1.0
417,0.31249999625,0.6249999925,-0.029876936646551926,0.0,2.125,-0.1171875,0.1171875,1.8216635409626178,-353.97515782538585,7.368272463281755e-07,7.573971772735769,0.05407015105116774,12.0,1.0,0.0,0.0,0.0,0.0,1.0
418,0.31249999625,0.6249999925,-0.03040897365622836,0.0,2.125,0.03125,-0.03125,1.8174912500544451,-17.487593626274784,7.368272463281755e-07,7.574697082692927,0.054290032903240484,12.0,1.0,0.0,0.0,0.0,0.0,1.0
419,0.31249999625,0.6249999925,-0.03735299447083961,0.0,2.078125,-0.0625,0.0625,1.7960082910140045,-239.93767617519637,7.368272463281755e-07,7.575987357984889,0.05453199622305957,12.0,1.0,0.0,0.0,0.0,0.0,1.0
420,0.31249999625,0.6249999925,-0.02803577275742678,0.0,2.078125,0.0859375,-0.0859375,1.826618791965302,-399.27556066584765,7.368272463281755e-07,7.577176982706243,0.05476543473460796,12.0,1.0,0.0,0.0,0.0,0.0,1.0
421,0.31249999625,0.6249999925,-0.023792052927445927,0.0,2.140625,0.1796875,-0.1796875,1.8317861669929698,-319.3705380363186,7.368272463281755e-07,7.57759308273142,0.05498142383823341,12.0,1.0,0.0,0.0,0.0,0.0,1.0
422,0.31249999625,0.6249999925,-0.015561685872008194,0.0,2.1640625,-0.0234375,0.0234375,1.878662874980364,-67.31876404965398,7.368272463281755e-07,7.57651915604418,0.05518619201294231,12.0,1.0,0.0,0.0,0.0,0.0,1.0
423,0.31249999625,0.6249999925,-0.031033863448382965,0.0,2.109375,0.0,0.0,1.8475655420334078,-145.22117376327515,7.368272463281755e-07,7.575216848741878,0.05543557080884718,12.0,1.0,0.0,0.0,0.0,0.0,1.0
424,0.31249999625,0.6249999925,-0.022226450194530588,0.0,2.09375,0.015625,-0.015625,1.7856509999837726,230.6274210801765,7.368272463281755e-07,7.574018483812159,0.05563974144487557,12.0,1.0,0.0,0.0,0.0,0.0,1.0
425,0.31249999625,0.6249999925,-0.03390781336641012,0.0,2.1328125,0.1171875,-0.1171875,1.8220811660285108,322.1000297322815,7.368272463281755e-07,7.571514861150221,0.05585627835667269,12.0,1.0,0.0,0.0,0.0,0.0,1.0
426,0.31249999625,0.6249999925,-0.02798168297136796,0.0,2.046875,0.1640625,-0.1640625,1.7920729169854894,-50.21290421303902,7.368272463281755e-07,7.570325350219553,0.05607492276679047,12.0,1.0,0.0,0.0,0.0,0.0,1.0
427,0.31249999625,0.6249999925,-0.031388397043102784,0.0,2.140625,-0.046875,0.046875,1.8914792080176994,-321.40310864204906,7.368272463281755e-07,7.567924084988507,0.05629522684665227,12.0,1.0,0.0,0.0,0.0,0.0,1.0
428,0.2916666633333334,0.5833333266666668,-0.023933022681877032,0.0,2.15625,0.46875,-0.46875,1.8862167920451611,-265.82997488284457,7.368272463281755e-07,7.564878328280016,0.05654811696149409,12.0,1.0,0.0,0.0,0.0,0.0,1.0
429,0.2916666633333334,0.5833333266666668,-0.040359934653509635,0.0,2.03125,0.0703125,-0.0703125,1.7995332920108922,-574.7261683317331,7.368272463281755e-07,7.004980762799581,0.0659753699049664,12.0,3.0,0.0,0.0,0.0,0.0,1.0
430,0.2916666633333334,0.5833333266666668,-0.027211745151804547,0.0,2.046875,0.328125,-0.328125,1.7687959159957245,-493.9470193404278,7.368272463281755e-07,6.998034859697024,0.06609205017513078,12.0,3.0,0.0,0.0,0.0,0.0,1.0
431,0.2916666633333334,0.5833333266666668,-0.029163867034077594,0.0,2.0546875,-0.09375,0.09375,1.844093542022165,-705.3510977777692,7.368272463281755e-07,6.997658414973153,0.06625149393868116,12.0,3.0,0.0,0.0,0.0,0.0,1.0
432,0.2916666633333334,0.5833333266666668,-0.03884460207795514,0.0,2.0390625,0.203125,-0.203125,1.7586925409850664,-875.2761043643586,7.368272463281755e-07,6.999097651905483,0.066471919313901,12.0,3.0,0.0,0.0,0.0,0.0,1.0
433,0.2916666633333334,0.5833333266666668,-0.02381036822178447,0.0,2.0234375,0.234375,-0.234375,1.7618707499932498,-997.3644130957173,7.368272463281755e-07,7.000292023022969,0.06667875281224649,12.0,3.0,0.0,0.0,0.0,0.0,1.0
434,0.2916666633333334,0.5833333266666668,-0.039803479128748855,0.0,2.0390625,0.140625,-0.140625,1.7489139170502312,-581.6297409671477,7.368272463281755e-07,6.999356726805369,0.06691987104325865,12.0,3.0,0.0,0.0,0.0,0.0,1.0
435,0.2916666633333334,0.5833333266666668,-0.030486527280031955,0.0,2.0078125,0.0078125,-0.0078125,1.7275789170525968,-911.2984217855253,7.368272463281755e-07,6.999251423610581,0.06713982253050846,12.0,3.0,0.0,0.0,0.0,0.0,1.0
436,0.2916666633333334,0.5833333266666668,-0.029631866313078417,0.0,2.0546875,0.015625,-0.015625,1.8085616669850424,-776.6026519913183,7.368272463281755e-07,6.996479151977433,0.06738300340172525,12.0,3.0,0.0,0.0,0.0,0.0,1.0
437,0.2916666633333334,0.5833333266666668,-0.03682557304706006,0.0,2.0703125,-0.03125,0.03125,1.7812253329902887,-586.6672780882637,7.368272463281755e-07,6.9938586884074745,0.06759312741471352,12.0,3.0,0.0,0.0,0.0,0.0,1.0
438,0.2916666633333334,0.5833333266666668,-0.030676083848823737,0.0,2.015625,0.3125,-0.3125,1.7435194170102477,-1074.0910047782484,7.368272463281755e-07,6.993749976158142,0.06783566597732715,12.0,3.0,0.0,0.0,0.0,0.0,1.0
439,0.2916666633333334,0.5833333266666668,-0.03265478333080636,0.0,2.0546875,0.0546875,-0.0546875,1.9007474170066416,-1119.8757175365781,7.368272463281755e-07,6.991512936022547,0.06802888590350954,12.0,3.0,0.0,0.0,0.0,0.0,1.0
440,0.2916666633333334,0.5833333266666668,-0.034749372612134774,0.0,2.0546875,-0.3828125,0.3828125,1.789522750012111,-979.3553261956334,7.368272463281755e-07,6.989032430781259,0.06822310203763966,12.0,3.0,0.0,0.0,0.0,0.0,1.0
441,0.2916666633333334,0.5833333266666668,-0.03628735269886834,0.0,2.0390625,0.1328125,-0.1328125,1.7540133750298992,-1099.6611851732393,7.368272463281755e-07,6.986577088634173,0.06847916816736364,12.0,3.0,0.0,0.0,0.0,0.0,1.0
442,0.2916666633333334,0.5833333266666668,-0.05086810257103127,0.0,2.0390625,0.140625,-0.140625,1.7440447499975562,-1038.4321932555158,7.368272463281755e-07,6.983248338103294,0.0686873856821977,12.0,3.0,0.0,0.0,0.0,0.0,1.0
443,0.2916666633333334,0.5833333266666668,-0.029493635071651352,0.0,2.0390625,-0.0078125,0.0078125,1.7698607920319773,-1169.4736560478063,7.368272463281755e-07,6.980481487181452,0.06892920877564596,12.0,3.0,0.0,0.0,0.0,0.0,1.0
444,0.2916666633333334,0.5833333266666668,-0.023432502751540654,0.0,2.03125,0.34375,-0.34375,1.7657085839891806,-1184.7905183461996,7.368272463281755e-07,6.97698509444793,0.06920203736323553,12.0,3.0,0.0,0.0,0.0,0.0,1.0
445,0.2916666633333334,0.5833333266666668,-0.052048887935489174,0.0,2.0703125,0.1640625,-0.1640625,1.777801374963019,-729.1690125555363,7.368272463281755e-07,6.973692329393493,0.06941711237272506,12.0,3.0,0.0,0.0,0.0,0.0,1.0
446,0.2916666633333334,0.5833333266666668,-0.040448413199269166,0.0,2.03125,-0.0859375,0.0859375,1.7670970830367878,-1305.4666810329145,7.368272463281755e-07,6.9710571231941385,0.06964979869290902,12.0,3.0,0.0,0.0,0.0,0.0,1.0
447,0.2916666633333334,0.5833333266666668,-0.03257299135581446,0.0,2.0546875,0.3125,-0.3125,1.829439791967161,-1020.0003995750341,7.368272463281755e-07,6.96800034513904,0.06990655012891188,12.0,3.0,0.0,0.0,0.0,0.0,1.0
448,0.2916666633333334,0.5833333266666668,-0.04227093973130495,0.0,2.015625,0.3125,-0.3125,1.7800865839817561,-1087.8510951145674,7.368272463281755e-07,6.966688519033293,0.07019793033315283,12.0,3.0,0.0,0.0,0.0,0.0,1.0
449,0.2916666633333334,0.5833333266666668,-0.024949918661335457,0.0,2.0390625,0.2890625,-0.2890625,1.787032917025499,-1266.9476908797049,7.368272463281755e-07,6.9701110364662275,0.07040807702125879,12.0,3.0,0.0,0.0,0.0,0.0,1.0
450,0.2916666633333334,0.5833333266666668,-0.04680003498430113,0.0,2.0390625,0.1484375,-0.1484375,1.7627210000064224,-1159.5175304412842,7.368272463281755e-07,6.973848782479763,0.07064709432597738,12.0,3.0,0.0,0.0,0.0,0.0,1.0
451,0.2916666633333334,0.5833333266666668,-0.03440410536560367,0.0,2.109375,-0.0390625,0.0390625,1.8229748330195434,-1117.9984566511932,7.368272463281755e-07,6.975796009931299,0.07085741980760456,12.0,3.0,0.0,0.0,0.0,0.0,1.0
452,0.2916666633333334,0.5833333266666668,-0.025401181537598832,0.0,2.0625,0.296875,-0.296875,1.8846267919871025,-1402.7901301672964,7.368272463281755e-07,6.9799464299447,0.07108615942343022,12.0,3.0,0.0,0.0,0.0,0.0,1.0
453,0.2916666633333334,0.5833333266666668,-0.03386441566017765,0.0,2.0234375,-0.046875,0.046875,1.7523287090007216,-869.7829589107322,7.368272463281755e-07,6.982967615541485,0.07131142699977823,12.0,3.0,0.0,0.0,0.0,0.0,1.0
454,0.2916666633333334,0.5833333266666668,-0.032161195881594426,0.0,2.0234375,0.2734375,-0.2734375,1.7622482090373524,-1456.988316465989,7.368272463281755e-07,6.986606795340776,0.07155590001234992,12.0,3.0,0.0,0.0,0.0,0.0,1.0
455,0.2916666633333334,0.5833333266666668,-0.030986301433384288,0.0,2.03125,0.1640625,-0.1640625,1.7670084160054103,-1558.170901782696,7.368272463281755e-07,6.989983891861306,0.07180258077035735,12.0,3.0,0.0,0.0,0.0,0.0,1.0
456,0.2916666633333334,0.5833333266666668,-0.02497542900188372,0.0,2.0546875,-0.0859375,0.0859375,1.8152053750236519,-1485.1607892141596,7.368272463281755e-07,6.9931773787571325,0.0719888273860205,12.0,3.0,0.0,0.0,0.0,0.0,1.0
457,0.2916666633333334,0.5833333266666668,-0.04877645722857084,0.0,2.0703125,0.1328125,-0.1328125,1.7904785419814289,-1211.2963594256707,7.368272463281755e-07,6.997328655173381,0.07221391747387113,12.0,3.0,0.0,0.0,0.0,0.0,1.0
458,0.2916666633333334,0.5833333266666668,-0.03651886264720126,0.0,2.046875,0.0703125,-0.0703125,1.7763351250323467,-1182.172971172187,7.368272463281755e-07,7.0015478610164585,0.07245767861847223,12.0,3.0,0.0,0.0,0.0,0.0,1.0
459,0.2916666633333334,0.5833333266666668,-0.05002243177129431,0.0,2.0234375,0.234375,-0.234375,1.7409882920328528,-564.7314913834384,7.368272463281755e-07,7.006127057804002,0.07272405609142475,12.0,3.0,0.0,0.0,0.0,0.0,1.0
460,0.2916666633333334,0.5833333266666668,-0.04025125049945045,0.0,2.0546875,0.21875,-0.21875,1.774195666948799,-1011.1862768165965,7.368272463281755e-07,7.009910775969426,0.07299049492495316,12.0,3.0,0.0,0.0,0.0,0.0,1.0
461,0.2916666633333334,0.5833333266666668,-0.04130448945764653,0.0,2.0703125,0.2109375,-0.2109375,1.792229040991515,-955.2201829226511,7.368272463281755e-07,7.013580238239633,0.07323236523936633,12.0,3.0,0.0,0.0,0.0,0.0,1.0
462,0.2916666633333334,0.5833333266666668,-0.045776664387151,0.0,2.0390625,0.1953125,-0.1953125,1.77800745802233,-1489.2072062437562,7.368272463281755e-07,7.0167951087156935,0.07346548755514151,12.0,3.0,0.0,0.0,0.0,0.0,1.0
463,0.2916666633333334,0.5833333266666668,-0.029438777011518525,0.0,2.0390625,0.1953125,-0.1953125,1.7551311669521965,-1144.1506735045334,7.368272463281755e-07,7.0197262312803,0.07367694585102275,12.0,3.0,0.0,0.0,0.0,0.0,1.0
464,0.2916666633333334,0.5833333266666668,-0.03178454257644286,0.0,2.015625,0.109375,-0.109375,1.7256957910140045,-893.6118059454038,7.368272463281755e-07,7.0217469785776405,0.07386997487467145,12.0,3.0,0.0,0.0,0.0,0.0,1.0
465,0.2916666633333334,0.5833333266666668,-0.03102929945975799,0.0,2.0546875,0.1015625,-0.1015625,1.8098305420135148,-1678.752422709882,7.368272463281755e-07,7.022943966918522,0.07409458925879638,12.0,3.0,0.0,0.0,0.0,0.0,1.0
466,0.2916666633333334,0.5833333266666668,-0.03658548161162051,0.0,2.0234375,0.046875,-0.046875,1.8584905000170693,-936.1867565022472,7.368272463281755e-07,7.023687989347511,0.0743184398193585,12.0,3.0,0.0,0.0,0.0,0.0,1.0
467,0.2916666633333334,0.5833333266666668,-0.04867636170269285,0.0,2.0234375,0.0859375,-0.0859375,1.7669408329529688,-1295.8570270980188,7.368272463281755e-07,7.024572720958127,0.07452715071041086,12.0,3.0,0.0,0.0,0.0,0.0,1.0
468,0.2916666633333334,0.5833333266666668,-0.029945586723353818,0.0,2.03125,0.0703125,-0.0703125,1.7987322920234874,-1609.455093369117,7.368272463281755e-07,7.02506586495373,0.07474782896881355,12.0,3.0,0.0,0.0,0.0,0.0,1.0
469,0.2916666633333334,0.5833333266666668,-0.03995721167439973,0.0,2.03125,0.1640625,-0.1640625,1.765170666971244,-1808.4375987639794,7.368272463281755e-07,7.025902993149227,0.07497876335886151,12.0,3.0,0.0,0.0,0.0,0.0,1.0
470,0.2916666633333334,0.5833333266666668,-0.029565940813359854,0.0,2.0390625,0.1015625,-0.1015625,1.7529150000191294,-1638.3828459991805,7.368272463281755e-07,7.026869379811817,0.07519525417269,12.0,3.0,0.0,0.0,0.0,0.0,1.0
471,0.2916666633333334,0.5833333266666668,-0.0320421988274249,0.0,2.0390625,-0.0546875,0.0546875,1.7589285830035806,-2123.982199540997,7.368272463281755e-07,7.027751145263513,0.07538364089042363,12.0,3.0,0.0,0.0,0.0,0.0,1.0
472,0.2916666633333334,0.5833333266666668,-0.03804713893565629,0.0,2.015625,0.3671875,-0.3671875,1.7611347920028493,-1700.1877282830171,7.368272463281755e-07,7.030022069811821,0.07562077978380127,12.0,3.0,0.0,0.0,0.0,0.0,1.0
473,0.2916666633333334,0.5833333266666668,-0.04028352740417746,0.0,2.03125,0.46875,-0.46875,1.773571208002977,-1573.0489216584426,7.368272463281755e-07,7.031556424995263,0.07584776396914902,12.0,3.0,0.0,0.0,0.0,0.0,1.0
474,0.2916666633333334,0.5833333266666668,-0.030445808542862173,0.0,2.046875,0.1796875,-0.1796875,1.7846037090057507,-1555.7702894065217,7.368272463281755e-07,7.03232356492016,0.07604116961495795,12.0,3.0,0.0,0.0,0.0,0.0,1.0
475,0.2916666633333334,0.5833333266666668,-0.0426620648952433,0.0,2.0078125,0.3359375,-0.3359375,1.7207027499680407,-799.229865901665,7.368272463281755e-07,7.033319339156151,0.07629757486574817,12.0,3.0,0.0,0.0,0.0,0.0,1.0
476,0.2916666633333334,0.5833333266666668,-0.037522564138006316,0.0,2.0703125,0.2734375,-0.2734375,1.840779583028052,-1126.3424392916122,7.368272463281755e-07,7.035319657789336,0.07653033445239998,12.0,3.0,0.0,0.0,0.0,0.0,1.0
477,0.2916666633333334,0.5833333266666668,-0.022655309190942118,0.0,2.046875,0.2265625,-0.2265625,1.7809416250092909,-1863.269433087065,7.368272463281755e-07,7.037551730871201,0.07677168897417788,12.0,3.0,0.0,0.0,0.0,0.0,1.0
478,0.2916666633333334,0.5833333266666668,-0.04494218072951206,0.0,2.0390625,0.0625,-0.0625,1.7817162920255214,-2119.3320567543938,7.368272463281755e-07,7.040871774156888,0.07696031237881268,12.0,3.0,0.0,0.0,0.0,0.0,1.0
479,0.2916666633333334,0.5833333266666668,-0.057874867522386096,0.0,2.015625,0.2578125,-0.2578125,1.8514544580248185,-2324.6594651096552,7.368272463281755e-07,7.044002537926038,0.07718446632497944,12.0,3.0,0.0,0.0,0.0,0.0,1.0
480,0.2916666633333334,0.5833333266666668,-0.04680162348242032,0.0,2.0234375,0.0,0.0,1.7656212910078466,-1981.9812383909484,7.368272463281755e-07,7.046417973107761,0.07740256446898759,12.0,3.0,0.0,0.0,0.0,0.0,1.0
481,0.2916666633333334,0.5833333266666668,-0.03642189098885786,0.0,2.0390625,0.1953125,-0.1953125,1.820176667009946,-2140.93307115109,7.368272463281755e-07,7.047413938575321,0.07763817924973813,12.0,3.0,0.0,0.0,0.0,0.0,1.0
482,0.2916666633333334,0.5833333266666668,-0.05294984745993818,0.0,2.0546875,0.2890625,-0.2890625,1.8486021249555051,-2037.5848290113443,7.368272463281755e-07,7.047842005888621,0.07784886378794909,12.0,3.0,0.0,0.0,0.0,0.0,1.0
483,0.2916666633333334,0.5833333266666668,-0.03897217019849502,0.0,2.0703125,-0.09375,0.09375,1.7814220000291243,-1547.4710526664303,7.368272463281755e-07,7.047402497794893,0.07808911008760333,12.0,3.0,0.0,0.0,0.0,0.0,1.0
484,0.2916666633333334,0.5833333266666668,-0.020912997527305358,0.0,2.0546875,0.1875,-0.1875,1.814305083011277,-1433.5186529413375,7.368272463281755e-07,7.0467613521549435,0.0783414304767373,12.0,3.0,0.0,0.0,0.0,0.0,1.0
485,0.2916666633333334,0.5833333266666668,-0.0496695151494929,0.0,2.0390625,0.09375,-0.09375,1.7718213339685462,-2098.2435446479767,7.368272463281755e-07,7.0461680094401045,0.07856194501154176,12.0,3.0,0.0,0.0,0.0,0.0,1.0
486,0.2916666633333334,0.5833333266666668,-0.04029069639759435,0.0,2.015625,0.328125,-0.328125,1.7400017500040121,-1975.178518886714,7.368272463281755e-07,7.0452357613378105,0.07879643674176703,12.0,3.0,0.0,0.0,0.0,0.0,1.0
487,0.2916666633333334,0.5833333266666668,-0.03271730389417794,0.0,2.0625,0.03125,-0.03125,1.773981417005416,-2331.438637531165,7.368272463281755e-07,7.043339843551318,0.07899386599698725,12.0,3.0,0.0,0.0,0.0,0.0,1.0
488,0.2916666633333334,0.5833333266666668,-0.04073083122230929,0.0,2,0.0,0.0,1.7566091669723392,-2205.399112701416,7.368272463281755e-07,7.3586131408810616,0.08638048327338765,12.0,4.0,0.0,0.0,0.0,0.0,1.0
489,0.2916666633333334,0.5833333266666668,-0.03068140395814567,0.0,2.0546875,0.2890625,-0.2890625,1.7894870419986546,-1832.8185124125318,7.368272463281755e-07,7.041575666930941,0.07944787494974055,12.0,3.0,0.0,0.0,0.0,0.0,1.0
490,0.2916666633333334,0.5833333266666668,-0.04514896554829408,0.0,2.0390625,0.2890625,-0.2890625,1.823461916996166,-3120.1013038606025,7.368272463281755e-07,7.039748713374138,0.07965542192363904,12.0,3.0,0.0,0.0,0.0,0.0,1.0
491,0.2916666633333334,0.5833333266666668,-0.026491902694726076,0.0,2.0390625,0.3203125,-0.3203125,1.7571968330303207,-1812.1005711391053,7.368272463281755e-07,7.038510041104423,0.07987607130295753,12.0,3.0,0.0,0.0,0.0,0.0,1.0
492,0.2916666633333334,0.5833333266666668,-0.03565666353573745,0.0,2.0390625,0.3203125,-0.3203125,1.7500386669998989,-1286.2394588952777,7.368272463281755e-07,7.03715555369854,0.08010236756429852,12.0,3.0,0.0,0.0,0.0,0.0,1.0
493,0.2916666633333334,0.5833333266666668,-0.044722575269213034,0.0,2.0390625,0.1328125,-0.1328125,1.777259333000984,-1300.688421329776,7.368272463281755e-07,7.034373548295763,0.08029377703335033,12.0,3.0,0.0,0.0,0.0,0.0,1.0
494,0.2916666633333334,0.5833333266666668,-0.05332876705922361,0.0,2.0625,0.3125,-0.3125,1.7824904579902068,-2156.6875106782622,7.368272463281755e-07,7.029578308264415,0.08047568457550369,12.0,3.0,0.0,0.0,0.0,0.0,1.0
495,0.2916666633333334,0.5833333266666668,-0.03624511690968428,0.0,2.0234375,0.0390625,-0.0390625,1.7653693750035018,-1430.1590661892099,7.368272463281755e-07,7.026356710327996,0.08067504615691076,12.0,3.0,0.0,0.0,0.0,0.0,1.0
496,0.2916666634068153,0.5833333268136306,-0.0594641984028909,0.0,2.046875,-0.1171875,0.1171875,1.7789292079978622,-2336.235478903501,7.368272463281755e-07,7.021864116191864,0.0808245908572442,12.0,3.0,0.0,0.0,0.0,0.0,1.0
497,0.2916666634881559,0.5833333269763118,-0.054379955213268404,0.0,2.0859375,0.1953125,-0.1953125,1.8274242500192486,-1364.5721063792482,7.368272463281755e-07,7.014265158110195,0.0809926177155123,12.0,3.0,0.0,0.0,0.0,0.0,1.0
498,0.29166666355993964,0.5833333271198793,-0.04567207115383116,0.0,2.0859375,0.046875,-0.046875,1.8128347500460222,-2276.398707014791,7.368272463281755e-07,7.551152477210218,0.06914619205583056,12.0,1.0,0.0,0.0,0.0,0.0,1.0
499,0.2916666636311388,0.5833333272622776,-0.058220186487245744,0.0,2.09375,0.0625,-0.0625,1.7999042500159703,-1830.6452638996182,7.368272463281755e-07,7.545932925560257,0.0695183156825475,12.0,1.0,0.0,0.0,0.0,0.0,1.0
500,0.29166666367694827,0.5833333273538965,-0.05424997669822544,0.0,2.046875,0.0234375,-0.0234375,1.7863019170472398,-2085.29943054141,7.368272463281755e-07,7.54245060953227,0.06976736968499608,12.0,1.0,0.0,0.0,0.0,0.0,1.0
