{
  "config_name": "continuous_scheduler",
  "iterations": [
    0,
    25,
    50,
    75,
    100,
    125,
    150,
    175
  ],
  "exploitabilities": [
    0.3757210776460632,
    0.3317715257830297,
    0.267191561278861,
    0.2691046154815644,
    0.26878416381824854,
    0.26840963508762006,
    0.2682023326158471,
    0.3115522235845598
  ],
  "nash_convs": [
    0.7514421552921264,
    0.6635430515660594,
    0.534383122557722,
    0.5382092309631288,
    0.5375683276364971,
    0.5368192701752401,
    0.5364046652316942,
    0.6231044471691196
  ],
  "losses": [
    0.0,
    11.075757198035717,
    10.392373327165842,
    7.74867930682376,
    8.4176971539855,
    6.779552921187133,
    7.822105049737729,
    5.5026828206609935
  ],
  "scheduler_stats": [
    {
      "iteration": 0,
      "lambda_mode": "fixed",
      "avg_regret_loss": 0.0,
      "avg_policy_loss": 0.0,
      "scheduler_type": "continuous",
      "num_bins": null,
      "temperature": 1.0,
      "mixer_discrete": false,
      "mixer_temperature": 1.0,
      "lambda_mean": 0.5080831050872803,
      "lambda_std": 0.011270382441580296,
      "lambda_min": 0.48575422167778015,
      "lambda_max": 0.5290754437446594
    },
    {
      "iteration": 0,
      "lambda_mode": "fixed",
      "avg_regret_loss": 0.0,
      "avg_policy_loss": 0.0,
      "scheduler_type": "continuous",
      "num_bins": null,
      "temperature": 1.0,
      "mixer_discrete": false,
      "mixer_temperature": 1.0,
      "lambda_mean": 0.5065041780471802,
      "lambda_std": 0.01169520802795887,
      "lambda_min": 0.4790312349796295,
      "lambda_max": 0.529787003993988
    },
    {
      "iteration": 0,
      "lambda_mode": "fixed",
      "avg_regret_loss": 0.0,
      "avg_policy_loss": 0.0,
      "scheduler_type": "continuous",
      "num_bins": null,
      "temperature": 1.0,
      "mixer_discrete": false,
      "mixer_temperature": 1.0,
      "lambda_mean": 0.5060106515884399,
      "lambda_std": 0.011552170850336552,
      "lambda_min": 0.478039026260376,
      "lambda_max": 0.529787003993988
    },
    {
      "iteration": 0,
      "lambda_mode": "fixed",
      "avg_regret_loss": 0.0,
      "avg_policy_loss": 0.0,
      "scheduler_type": "continuous",
      "num_bins": null,
      "temperature": 1.0,
      "mixer_discrete": false,
      "mixer_temperature": 1.0,
      "lambda_mean": 0.5056980848312378,
      "lambda_std": 0.011385707184672356,
      "lambda_min": 0.478039026260376,
      "lambda_max": 0.529787003993988
    },
    {
      "iteration": 0,
      "lambda_mode": "fixed",
      "avg_regret_loss": 0.0,
      "avg_policy_loss": 0.0,
      "scheduler_type": "continuous",
      "num_bins": null,
      "temperature": 1.0,
      "mixer_discrete": false,
      "mixer_temperature": 1.0,
      "lambda_mean": 0.5054349303245544,
      "lambda_std": 0.01128143910318613,
      "lambda_min": 0.478039026260376,
      "lambda_max": 0.529787003993988
    },
    {
      "iteration": 0,
      "lambda_mode": "fixed",
      "avg_regret_loss": 0.0,
      "avg_policy_loss": 0.0,
      "scheduler_type": "continuous",
      "num_bins": null,
      "temperature": 1.0,
      "mixer_discrete": false,
      "mixer_temperature": 1.0,
      "lambda_mean": 0.5053301453590393,
      "lambda_std": 0.01124321948736906,
      "lambda_min": 0.478039026260376,
      "lambda_max": 0.529787003993988
    },
    {
      "iteration": 0,
      "lambda_mode": "fixed",
      "avg_regret_loss": 0.0,
      "avg_policy_loss": 0.0,
      "scheduler_type": "continuous",
      "num_bins": null,
      "temperature": 1.0,
      "mixer_discrete": false,
      "mixer_temperature": 1.0,
      "lambda_mean": 0.505293071269989,
      "lambda_std": 0.011198820546269417,
      "lambda_min": 0.478039026260376,
      "lambda_max": 0.529787003993988
    },
    {
      "iteration": 0,
      "lambda_mode": "fixed",
      "avg_regret_loss": 0.0,
      "avg_policy_loss": 0.0,
      "scheduler_type": "continuous",
      "num_bins": null,
      "temperature": 1.0,
      "mixer_discrete": false,
      "mixer_temperature": 1.0,
      "lambda_mean": 0.5051496028900146,
      "lambda_std": 0.011189568787813187,
      "lambda_min": 0.4774355888366699,
      "lambda_max": 0.529787003993988
    }
  ],
  "final_exploitability": 0.3104369534029789,
  "final_nash_conv": 0.6208739068059578,
  "best_exploitability": 0.267191561278861,
  "training_time": 2.332836151123047,
  "success": true,
  "error": null
}