iteration,exploitability,nash_conv,actor_loss,average_lambda,mean_episode_length,mean_return_player0,mean_return_player1,wall_time_sec,scheduler_loss,gate_entropy,gate_regret_norm,gate_avg_utility,handoff_frozen_clusters,handoff_missing_clusters,gate_prob_actor,gate_prob_regret,gate_prob_ra,gate_prob_explore,gate_prob_cfr
1,2.373611041250001,4.747222082500002,0.0,0.2112273713518922,3.9765625,-0.078125,0.078125,5.701546208001673,0.0003091760778736528,1.6064201541874403,0.0,0.0,0.0,0.0,0.1735966019698351,0.2112273713518922,0.21313384757880377,0.20669391657608197,0.19534827033990962
2,2.393507480472543,4.787014960945086,-3.091013660491802e-06,0.2081302597091116,4.078125,0.3828125,-0.3828125,5.760526083991863,0.00016706159117678895,1.6077946218950996,3.083739571869317e-10,1.0188330869250206e-12,0.0,0.0,0.18079892223365462,0.2081302597091116,0.20962911167706566,0.2031607284456834,0.19828098815405507
3,2.4114058251995996,4.822811650399199,-3.972385288354039e-05,0.20466075921799504,4.1484375,-0.328125,0.328125,5.888852833013516,-0.6768762353428844,1.608688323062243,0.017691849190062687,-2.575735293201357e-06,0.0,0.0,0.1880150893650486,0.20466075921799504,0.20695558412039122,0.19984806016115594,0.20052051468420837
4,2.4465263503105676,4.893052700621135,-0.00015770385387956211,0.19961713593245012,4.0546875,-0.0546875,0.0546875,5.744807749986649,-1.0957884749035156,1.6087858998476885,0.03897332438888649,-1.7911993334488823e-06,0.0,0.0,0.18933177694879286,0.19961713593245012,0.20741909682061632,0.20076883654603608,0.20286315846075673
5,2.421285726536068,4.842571453072136,-5.4175777587145e-05,0.19426242246333805,4.0546875,-0.0625,0.0625,5.840405500028282,-1.5695632357537919,1.6086211732816604,0.05938170376854638,2.6328720608148615e-06,0.0,0.0,0.19009978334223834,0.19426242246333805,0.20904485709060824,0.20266142806221296,0.20393151653525
6,2.4153427499165465,4.830685499833093,-9.682090430003256e-05,0.188573345026249,4.2890625,-0.6796875,0.6796875,6.089478917012457,-1.6917902993136689,1.6082442360497564,0.08087923501928647,1.0551845520012648e-05,0.0,0.0,0.1914603929484911,0.188573345026249,0.21130681407039065,0.20528280640017574,0.20337664611461168
7,2.434730791555912,4.869461583111824,-0.00015463355759068697,0.18353386206155547,4.0703125,-0.765625,0.765625,5.739513125037774,-1.918465245622362,1.60770369537046,0.1055560785656174,2.1670984400164645e-05,0.0,0.0,0.19259231790700024,0.18353386206155547,0.21364333556389398,0.2081172575534191,0.20211323377838977
8,2.4333000850601945,4.866600170120389,-0.00010673083243698161,0.17802524154907778,4.15625,0.1484375,-0.1484375,5.804816666000988,-1.4705960924310006,1.6068725901886933,0.1264560203999281,3.374899461050518e-05,0.0,0.0,0.19472659009515791,0.17802524154907778,0.21659562417439052,0.2107595019602686,0.19989304902746266
9,2.4340842271598158,4.8681684543196315,-0.00010091049743579417,0.17135882279194822,4.2578125,-0.53125,0.53125,6.048620124987792,-1.7436030476704376,1.6054897139925475,0.144325182462732,4.808389530808199e-05,0.0,0.0,0.1961995743283438,0.17135882279194822,0.2194787695867206,0.21426886117786442,0.19869398053632964
10,2.448362483567621,4.896724967135242,-0.00016499270509718678,0.16479400878197678,4.1796875,0.125,-0.125,5.896965958992951,-1.320872458248077,1.603758109172928,0.15738787750403085,6.458256939367857e-05,0.0,0.0,0.19763114939783222,0.16479400878197678,0.22257371606113754,0.2177784515875522,0.19722268302864004
11,2.437282525341387,4.874565050682774,0.00012398888720027416,0.15882021370600527,3.96875,-0.171875,0.171875,5.67372137500206,-1.5411270584977108,1.601665708258396,0.17672866582870483,8.939087062268906e-05,0.0,0.0,0.19906006636112694,0.15882021370600527,0.2267438785180332,0.2205556258852557,0.19482022582545994
12,2.392890874306592,4.785781748613184,6.725613269168496e-05,0.15021773594549984,4.1171875,-0.0078125,0.0078125,5.72433579195058,-1.8903886216712067,1.5982064092408095,0.192188565308849,0.00011596173802293681,0.0,0.0,0.20014837573669442,0.15021773594549984,0.2312399280421874,0.22535754089902882,0.19303642889127787
13,2.3818721885633805,4.763744377126761,0.00031637865210947457,0.14217687227270182,3.984375,-0.0703125,0.0703125,5.638336832984351,-1.0881404670904957,1.594597759667565,0.21295742193857828,0.00014525083255042168,0.0,0.0,0.2019707384354928,0.14217687227270182,0.2351100415575738,0.22894941138870575,0.19179294740452485
14,2.39666792782917,4.79333585565834,2.02978692644629e-05,0.13308548387829905,4.21875,0.25,-0.25,5.9666974999709055,-1.46960121050684,1.5892554810753574,0.2275432124733925,0.00017152210966742132,0.0,0.0,0.20350727273358238,0.13308548387829905,0.24085929435160425,0.23384618295563592,0.18870177509056196
15,2.3825569655628454,4.765113931125691,8.424702816073567e-05,0.1248813358704174,4.1328125,-0.234375,0.234375,5.83256758301286,-1.907330504947805,1.5836006477334323,0.2417040653526783,0.00019418889011528032,0.0,0.0,0.20461562687147317,0.1248813358704174,0.2459361294041509,0.23857216522914476,0.18599475086411366
16,2.3758083157519705,4.751616631503941,9.324953981835067e-06,0.11622092919682399,4.2265625,0.109375,-0.109375,6.034455082961358,-1.6547198777470924,1.5761382544547484,0.25803575788935024,0.00023454933943867218,0.0,0.0,0.20685604178861416,0.11622092919682399,0.2520758349606819,0.24430020652064113,0.1805469986471363
17,2.3902185572554266,4.780437114510853,-4.527632356748268e-05,0.10747676212905032,4.125,0.078125,-0.078125,5.756741082994267,-1.729821247210952,1.5670794770121574,0.27843911697467166,0.00028799319261452183,0.0,0.0,0.20814432356167922,0.10747676212905032,0.2590026185198715,0.25075212871712266,0.17462417751437787
18,2.4053284578948886,4.810656915789777,-0.0008005103853580586,0.09918162088433746,4,-0.0546875,0.0546875,5.657595958036836,-2.064554064447293,1.557562145171687,0.30004653582970303,0.0003357937384862453,0.0,0.0,0.21059400416561402,0.09918162088433746,0.26559051050571725,0.25568351123365574,0.1689503658853937
19,2.3944564737848975,4.788912947569795,0.0003799225974417355,0.0892552470954338,3.9453125,0.5078125,-0.5078125,5.606438999995589,-2.228949591458434,1.5447165992000316,0.31311896195014316,0.0003888673915450151,0.0,0.0,0.21209221671123316,0.0892552470954338,0.2726403842468073,0.2631583093416573,0.16285385392089882
20,2.3895647915334264,4.779129583066853,0.0003112121252722831,0.080050991010451,4.1171875,-0.3046875,0.3046875,5.790871166973375,-2.312038240692732,1.5299944513436738,0.32321148241559666,0.00042869325504094985,0.0,0.0,0.21467722248307217,0.080050991010451,0.2803648563784033,0.27030761062080993,0.1545993313051944
21,2.4034446871295434,4.806889374259087,7.481284643364454e-05,0.07203300303979245,3.8984375,-0.28125,0.28125,5.491229542007204,-2.181548425289457,1.5146985460139946,0.35008406018217403,0.0004983159160474315,0.0,0.0,0.21690220040883235,0.07203300303979245,0.28747397601485014,0.2776727958886561,0.14591803398722397
22,2.401041445219576,4.802082890439152,0.0002963688390222823,0.06233511108618516,4.0625,0.3359375,-0.3359375,5.736755040998105,-2.139828256997638,1.4930733783886982,0.36858562876780826,0.0005616674291862486,0.0,0.0,0.21867063589967214,0.06233511108618516,0.29695063101557584,0.28691040374911747,0.1351332282790771
23,2.3928462946693583,4.7856925893387166,0.00016987894306450948,0.052936370851075554,3.890625,0.0625,-0.0625,5.5099100829684176,-2.2402430814896603,1.4676026481701188,0.3780145086348057,0.0006181931457831524,0.0,0.0,0.2192329411286427,0.052936370851075554,0.3067951142548557,0.29760962180105077,0.12342596104944566
24,2.375324454457979,4.750648908915958,-0.00022089421410180672,0.045212174006710855,4.0546875,0.3984375,-0.3984375,5.6948801659746096,-2.4363503593714597,1.4424490051232781,0.3860820134480794,0.0006548509627464227,0.0,0.0,0.22046022120009037,0.045212174006710855,0.3159913046856147,0.3066432454797344,0.11169306467321337
25,2.375143001362922,4.750286002725844,0.0004578716432952146,0.0370879881692907,4.0625,0.1484375,-0.1484375,5.814913666981738,-2.1334875681437553,1.411401592538907,0.39349963640173274,0.0006830956602546697,0.0,0.0,0.2211426213956796,0.0370879881692907,0.3259479568554805,0.317247639137965,0.098573804489122
26,2.3775719062357634,4.755143812471527,-0.0007466173181055154,0.029791310925306406,3.9921875,0.3671875,-0.3671875,5.675737707992084,-2.7449756267675567,1.3778536056119168,0.4114801287651062,0.0007158329559994551,0.0,0.0,0.2194728146502183,0.029791310925306406,0.3361643715497332,0.32856698558755115,0.08600453059179909
27,2.3828578068565363,4.7657156137130725,-0.00021133064028856937,0.023217103772542692,4.296875,-0.359375,0.359375,5.975047290965449,-3.286399569585919,1.3413967230103232,0.4227424922088782,0.0007670279082958587,0.0,0.0,0.21836939055811275,0.023217103772542692,0.3459008884971792,0.3396570705283772,0.07285555829378691
28,2.380377730173712,4.760755460347424,0.00026699662829790836,0.01857326320570075,3.8671875,0.453125,-0.453125,5.50307083298685,-2.7127536569580886,1.3103477386513143,0.4428461119532585,0.0008434372017897355,0.0,0.0,0.21791919972559418,0.01857326320570075,0.3532887785121648,0.34816120549885915,0.062057564625836385
29,2.379296147871318,4.758592295742636,0.0007520236884462795,0.013883255947713214,3.9453125,-0.3984375,0.3984375,5.606852500000969,-2.97994130778652,1.273942462760623,0.4630738322933515,0.0009165647667638647,0.0,0.0,0.2149962588702098,0.013883255947713214,0.3609396540292419,0.35928885157745666,0.05089198868020926
30,2.37858025957077,4.75716051914154,0.0005934164230949404,0.010088005506199354,4.0078125,-0.3203125,0.3203125,5.660983208974358,-2.22561304980515,1.237620140144467,0.4804199921588103,0.0009752501525023641,0.0,0.0,0.21216740219565164,0.010088005506199354,0.3682516535587943,0.36902999755931876,0.04046295313473217
31,2.381281932712972,4.762563865425944,-4.573329215304566e-05,0.007039064027657862,3.9296875,0.3515625,-0.3515625,5.554522084014025,-2.7150900524209587,1.2012083544645822,0.4958183566729228,0.0010065013072259414,0.0,0.0,0.20668001410738374,0.007039064027657862,0.3744491326287537,0.38054867802746967,0.03128312092281833
32,2.381210244565117,4.762420489130234,0.0006289931476009784,0.004604502772219183,4.125,-0.484375,0.484375,5.8761282920022495,-3.8289599092130437,1.165579434822906,0.5070744939148426,0.0010088136041304097,0.0,0.0,0.20064021692131506,0.004604502772219183,0.38061092590743845,0.3910874141888185,0.023056948130639892
33,2.3794022167700133,4.758804433540027,0.0008471492003739399,0.00312565534336114,3.9609375,-0.6953125,0.6953125,5.581500583037268,-3.9203417661252637,1.1379556684099006,0.5272455761830012,0.0010335083400908236,0.0,0.0,0.19560055999008155,0.00312565534336114,0.383606006760569,0.40051392102852845,0.017153862639673834
34,2.379407417054039,4.758814834108078,0.0003562029151464398,0.00204824551755604,4.203125,-0.203125,0.203125,5.904074250021949,-4.274321760170397,1.1121464269755055,0.5420616790652275,0.0010345845415334527,0.0,0.0,0.19013969686062362,0.00204824551755604,0.38573012359744996,0.4099806625825322,0.012101278747656975
35,2.3791761767289503,4.758352353457901,-0.00048700974864996353,0.001443503973595227,4.078125,0.2421875,-0.2421875,5.904267375008203,-3.0200901421204467,1.0897045818325204,0.5493850409984589,0.000968676283567523,0.0,0.0,0.18328766933003604,0.001443503973595227,0.38633936403811664,0.4205153068363438,0.008414158452180897
36,2.37875365023363,4.75750730046726,-0.0005599698723458419,0.0011005633097134662,3.9765625,0.0859375,-0.0859375,5.576594124955591,-4.162803713848891,1.0701587558495271,0.5751213356852531,0.0011069678148487583,0.0,0.0,0.17602503416814597,0.0011005633097134662,0.3868763105457096,0.4303819420646825,0.005616152030781775
37,2.378732132343225,4.75746426468645,0.0006111447572169438,0.0010053733274503214,4.1171875,1.0390625,-1.0390625,5.837311999988742,-4.314355950981053,1.0537410291367735,0.5851888110240301,0.0011699362415432308,0.0,0.0,0.16859123243665786,0.0010053733274503214,0.38770037239145283,0.43912594000573857,0.003577084558224217
38,2.3784673948380926,4.756934789676185,-0.0008068500851506157,0.000999095927375978,4.15625,-0.2578125,0.2578125,5.8825362919596955,-5.135229238324722,1.0364418393911277,0.5837552025914192,0.0011477474229953561,0.0,0.0,0.1581260051046099,0.000999095927375978,0.3874613067933491,0.45115362701559425,0.002259964987948971
39,2.3783545005625815,4.756709001125163,-0.00040688027170875666,0.0009989003763013946,4.0703125,0.5078125,-0.5078125,5.761280082981102,-6.535927661004585,1.0254318558551987,0.6055535996953646,0.0011728483223123476,0.0,0.0,0.15159073326157516,0.0009989003763013946,0.3859759939266029,0.45990155720207376,0.0015328072003426743
40,2.378443777349122,4.756887554698244,0.0005558801677054788,0.0009986541809931008,3.875,0.3671875,-0.3671875,5.488517333986238,-6.033461934963857,1.0108925303624523,0.6320494338870049,0.001174968291403881,0.0,0.0,0.14153702095932058,0.0009986541809931008,0.3835555104118201,0.4727444357929691,0.001164379068218442
41,2.378364985195965,4.75672997039193,-0.0007578286575914835,0.0009984411013942108,3.953125,-0.2421875,0.2421875,5.619490791985299,-6.610400141025396,0.9985684003283384,0.6425176138679186,0.0011796060013390768,0.0,0.0,0.13340558055714657,0.0009984411013942108,0.3784841509322404,0.48609857638127246,0.00101324496445662
42,2.3782194971835775,4.756438994367155,0.0008794209588014038,0.000998232461357165,4.0859375,0.3125,-0.3125,5.796695041994099,-9.062960593302309,0.9830740602476875,0.6627470453580221,0.0012401070634950884,0.0,0.0,0.12279452232512188,0.000998232461357165,0.3751201814264914,0.5000888373040332,0.000998232461357165
43,2.377983871458397,4.755967742916794,0.000400053689291365,0.0009981221283888284,4.0546875,0.0859375,-0.0859375,5.713421625026967,-7.344848663153159,0.9690350364168715,0.6821009442210197,0.0012600072392766986,0.0,0.0,0.11455196001511318,0.0009981221283888284,0.3694439617654951,0.5140078268758593,0.0009981221283888284
44,2.377874753127707,4.755749506255414,0.0009782327715029573,0.000998062435175898,4.0234375,-0.40625,0.40625,5.67882212495897,-8.580470707017964,0.9551162050765695,0.6979575430353483,0.001275385140615981,0.0,0.0,0.10679228217567055,0.000998062435175898,0.3636040963594196,0.52760749650233,0.000998062435175898
45,2.3776865577451565,4.755373115490313,-0.0005734326738481829,0.0009980293324155342,4.234375,-0.4296875,0.4296875,5.954355665948242,-10.51915264078433,0.9318540982654614,0.710374136765798,0.0012697679970491056,0.0,0.0,0.09571968079493054,0.0009980293324155342,0.3533662519661703,0.5489180085293921,0.0009980293324155342
46,2.377577540071839,4.755155080143678,-0.0010653967595069976,0.000998015886812172,4.1640625,-0.328125,0.328125,5.993137417011894,-11.768393957872105,0.9125199232942391,0.7292748391628265,0.0013824289538509522,0.0,0.0,0.08768760881213712,0.000998015886812172,0.34380802719051795,0.5665083265886074,0.000998015886812172
47,2.3774011682995173,4.754802336599035,-0.0008100982675117963,0.0009980090651932417,4.0234375,0.3671875,-0.3671875,5.65231237502303,-13.650539908772425,0.8888496766969995,0.7386764486630758,0.001434537538443692,0.0,0.0,0.07844181601138948,0.0009980090651932417,0.33364149563520856,0.5859206714676422,0.0009980090651932417
48,2.3772429697656756,4.754485939531351,-0.0010559847660389825,0.0009980061119545089,4.1484375,0.0859375,-0.0859375,5.8356238750275224,-12.827098482648847,0.867427636337819,0.7475379606088003,0.0014065310582130526,0.0,0.0,0.07194693082778691,0.0009980061119545089,0.3202225971693373,0.6058344533438961,0.0009980061119545089
49,2.3768854719821686,4.753770943964337,-0.00029756700814403844,0.0009980048655033713,3.8671875,-0.1796875,0.1796875,5.471530041017104,-14.725210449836132,0.8348667089385216,0.7640179246664047,0.0014111342267521347,0.0,0.0,0.06309377613919552,0.0009980048655033713,0.30247812867164614,0.6324320732945143,0.0009980048655033713
50,2.37666519457054,4.75333038914108,-6.11197819097513e-07,0.0009980043632718796,4.1171875,-0.140625,0.140625,5.715851208020467,-11.490237692165131,0.8049006184997776,0.8064147358139356,0.0014815303584327921,0.0,0.0,0.05531424778801666,0.0009980043632718796,0.28764292736320385,0.6550468169082048,0.0009980043632718796
51,2.37651088003824,4.75302176007648,-3.204342071997803e-05,0.0009980041813799068,4.1953125,-0.09375,0.09375,5.922888416971546,-15.837630922153412,0.7638452407146077,0.8214725255966187,0.001513593922330377,0.0,0.0,0.04709741017422196,0.0009980041813799068,0.2658887071815949,0.6850178746759781,0.0009980041813799068
52,2.376447902967765,4.75289580593553,-0.0010166419230595316,0.000998004108561941,4.140625,0.15625,-0.15625,5.851104541972745,-14.034757679154358,0.7204307023084389,0.8106120526790619,0.001511460747375774,0.0,0.0,0.039938047426348586,0.000998004108561941,0.24304779498082288,0.7150181446435316,0.000998004108561941
53,2.3762920095497146,4.752584019099429,-0.00019765923669069432,0.0009980040917138536,3.796875,0.2734375,-0.2734375,5.4632887080078945,-21.420604728779338,0.6709461742590485,0.8327681173880895,0.0015282214832647394,0.0,0.0,0.03288207007495403,0.0009980040917138536,0.21909750219235205,0.7460244223168848,0.0009980040917138536
54,2.3761123571409684,4.752224714281937,-0.0014662816520703051,0.0009980040653981615,4.1953125,-0.4296875,0.4296875,5.894327000016347,-16.69794596896292,0.617863474167481,0.8501326565941175,0.0016640130343148485,0.0,0.0,0.02636789166311312,0.0009980040653981615,0.1943220103669433,0.7773140758775466,0.0009980040653981615
55,2.3759858775565807,4.7519717551131615,-0.0004805076667716136,0.0009980040743825173,4.1796875,0.0,0.0,5.87124850001419,-17.521710312592788,0.5619715662203102,0.8831530685226122,0.0016451491392217577,0.0,0.0,0.020860029942416976,0.0009980040743825173,0.16944554499655126,0.8076984142588678,0.0009980040743825173
56,2.3759095836490127,4.7518191672980254,-0.0004492618870367913,0.0009980040809112664,4.3203125,-0.984375,0.984375,6.076342540967744,-17.12341973446621,0.5000668588426186,0.9082269668579102,0.001624685995921027,0.0,0.0,0.0159312435413187,0.0009980040809112664,0.14367183738440328,0.8384009130824539,0.0009980040809112664
57,2.375837889116262,4.751675778232524,0.0008008359882200419,0.0009980040824757452,4,-0.3203125,0.3203125,5.687206458998844,-13.08211196417983,0.4365638476447202,0.9356313869357109,0.0017688895022729412,0.0,0.0,0.012118366023969429,0.0009980040824757452,0.11825251026311889,0.867633115616627,0.0009980040824757452
58,2.3758866473714884,4.751773294742977,3.7090622395136744e-08,0.0009980040888112988,4.1953125,0.203125,-0.203125,5.949368375004269,-21.1297867105835,0.3697008489174994,0.9363869056105614,0.0017589763544189434,0.0,0.0,0.008585249339585892,0.0009980040888112988,0.0940671256106881,0.8953516154759867,0.0009980040888112988
59,2.3758841594277973,4.751768318855595,-0.0017836085121477213,0.000998003704417533,4.0390625,-0.375,0.375,5.695265790971462,-21.791490390447574,0.313146017852097,0.9567097276449203,0.001830848782750157,0.0,0.0,0.006291747021369953,0.000998003704417533,0.07472843136746486,0.916983805726529,0.000998003704417533
60,2.3758344185354794,4.751668837070959,0.0009397087511093878,0.0009979807144012668,3.984375,0.515625,-0.515625,5.617473874997813,-25.045030673191306,0.25796746943219034,0.9800674517949423,0.0018830876554905747,0.0,0.0,0.00435982083367622,0.0009979807144012668,0.05721122992097163,0.9364329904902216,0.0009979807144012668
61,2.3758163910019574,4.751632782003915,-0.0021814263583686865,0.0009978951292036664,4.03125,-0.5625,0.5625,5.673924874980003,-33.555814506873205,0.20492968376177226,0.9961985126137733,0.0018842740876910586,0.0,0.0,0.0029424844941849885,0.0009978951292036664,0.04176978550331537,0.9532919424448827,0.0009978951292036664
62,2.375714119219897,4.751428238439794,-0.0022163145007273828,0.000997802313791887,4.0390625,-0.0625,0.0625,5.6846564169973135,-36.63874933770589,0.16072863918266167,1.017820065220197,0.001991639621943856,0.0,0.0,0.002035827680834978,0.000997802313791887,0.02981113238400659,0.9661574360249813,0.000997802313791887
63,2.3755649310849245,4.751129862169849,-0.0015353063682592215,0.000997692180810019,4.0546875,-0.34375,0.34375,5.731015416968148,-36.56612929753329,0.12183675903518305,1.0214639206727345,0.0019899739515191564,0.0,0.0,0.0014228805646601785,0.000997692180810019,0.020069521229161464,0.97651221389256,0.000997692180810019
64,2.3755877602489655,4.751175520497931,-0.0003861484497861047,0.0009975562247122472,4.2734375,-0.3125,0.3125,5.973026084015146,-28.638737332709493,0.09279380789132179,1.0274842530488968,0.0018837617826648057,0.0,0.0,0.0011132482681474503,0.0009975562247122472,0.013271470526080081,0.9836201744062155,0.0009975562247122472
65,2.3753825348248987,4.750765069649797,-0.000798389715757567,0.0009974025320705203,4.1015625,0.3359375,-0.3359375,5.92875899997307,-27.291503362721226,0.07153201452323368,1.0383852521578472,0.0018981837686927368,0.0,0.0,0.001003098196926571,0.0009974025320705203,0.008622918498391906,0.9883791778201149,0.0009974025320705203
66,2.3751854571768547,4.750370914353709,0.0011836820690019944,0.0009972125268930048,4.2109375,-0.4296875,0.4296875,5.959780583973043,-31.732671512143426,0.055126287229704724,1.038464163740476,0.0018791790571413003,0.0,0.0,0.0009972125268930048,0.0009972125268930048,0.0052205888964391295,0.9917877782032529,0.0009972125268930048
67,2.3749543472068955,4.749908694413791,-0.0005519719210509916,0.0009970549598247523,4.1015625,-0.859375,0.859375,5.78879841696471,-29.575145386898612,0.04580677870483626,1.0787290682395299,0.002027792293423166,0.0,0.0,0.0009970549598247523,0.0009970549598247523,0.003421145455823058,0.9935876928056989,0.0009970549598247523
68,2.3749837878140965,4.749967575628193,-0.0003859778572880259,0.0009968828428751988,4.0546875,-0.4296875,0.4296875,5.74504991597496,-29.28933064384012,0.038299292512596915,1.1125078747669856,0.0021726177122521526,0.0,0.0,0.0009968828428751988,0.0009968828428751988,0.002086207690973531,0.994923153020054,0.0009968828428751988
69,2.375062502543016,4.750125005086032,0.00017334004871608408,0.0009967424219824595,3.9453125,-0.0234375,0.0234375,5.576543250004761,-29.176856338687955,0.034344021865341925,1.137384424606959,0.0022360458485006043,0.0,0.0,0.0009967424219824595,0.0009967424219824595,0.0014308630366634467,0.995578928040986,0.0009967424219824595
70,2.3750452573512035,4.750090514702407,-0.0007138727532127487,0.0009965232630025282,4.1796875,0.265625,-0.265625,5.974268082994968,-39.18283318231688,0.03203164333495024,1.1121128698190053,0.002095943404128775,0.0,0.0,0.0009965232630025282,0.0009965232630025282,0.0010715045946624096,0.9959389527267385,0.0009965232630025282
71,2.3749091670147022,4.7498183340294045,-0.0002578234007143898,0.0009963261872322265,4.2734375,0.3046875,-0.3046875,6.013919459015597,-51.16264530877732,0.03152150245318683,1.1419207602739334,0.0022330484789563343,0.0,0.0,0.0009963261872322265,0.0009963261872322265,0.0009963261872322265,0.9960147237211084,0.0009963261872322265
72,2.374866709459324,4.749733418918648,-0.0009125230502113935,0.0009961820892491486,4.03125,-0.171875,0.171875,5.736047374957707,-54.732725974197045,0.03151750906782095,1.1656874666611354,0.002293695550179109,0.0,0.0,0.0009961820892491486,0.0009961820892491486,0.0009961820892491486,0.9960153122511946,0.0009961820892491486
73,2.374747877532923,4.749495755065846,0.0005130162028970646,0.000996095328232246,4.25,0.0703125,-0.0703125,5.957878416986205,-44.529900609087555,0.0315151089350419,1.1571494738260906,0.002191941394509437,0.0,0.0,0.000996095328232246,0.000996095328232246,0.000996095328232246,0.9960156623274088,0.000996095328232246
74,2.3746836566311256,4.749367313262251,-0.0011114680588969713,0.0009960563981211653,3.984375,0.0703125,-0.0703125,5.621116375026759,-37.86521884064326,0.03151402534807429,1.1764332850774128,0.002273094248569881,0.0,0.0,0.0009960563981211653,0.0009960563981211653,0.0009960563981211653,0.9960158259260888,0.0009960563981211653
75,2.374631973357166,4.749263946714332,0.0006227849358552493,0.0009960337381563265,4.0703125,-0.3203125,0.3203125,5.778808208997361,-49.44974659750809,0.03151340414403496,1.1797644346952438,0.0021833404801630727,0.0,0.0,0.0009960337381563265,0.0009960337381563265,0.0009960337381563265,0.9960159117109258,0.0009960337381563265
76,2.374413639214406,4.748827278428812,-0.0016842215925717782,0.000996024051243639,4.0078125,0.109375,-0.109375,5.770145125046838,-70.19702174648144,0.03151314119585076,1.2170693427324295,0.002068376163758027,0.0,0.0,0.000996024051243639,0.000996024051243639,0.000996024051243639,0.9960159453732228,0.000996024051243639
77,2.3743647010849513,4.748729402169903,-0.001534540417773581,0.000996019348188865,4.25,-0.3046875,0.3046875,6.026075333007611,-69.91854891124154,0.03151301153497223,1.248552108804385,0.0020126314369311635,0.0,0.0,0.000996019348188865,0.000996019348188865,0.000996019348188865,0.9960159636376535,0.000996019348188865
78,2.3744255952718247,4.7488511905436495,-0.003333930656065469,0.000996017554546103,4.0390625,0.125,-0.125,5.635114083997905,-67.5878664718894,0.03151296694516213,1.2848044633865356,0.002268757719624167,0.0,0.0,0.000996017554546103,0.000996017554546103,0.000996017554546103,0.9960159659385681,0.000996017554546103
79,2.37443378831658,4.74886757663316,-0.0023888020355029792,0.0009960166780584832,3.9375,0.109375,-0.109375,5.5009748750017025,-62.51431963742075,0.03151294629695633,1.2986857096354167,0.0024430456978734583,0.0,0.0,0.0009960166780584832,0.0009960166780584832,0.0009960166780584832,0.9960159659385681,0.0009960166780584832
80,2.374382176274371,4.748764352548742,-0.0012321188159375082,0.0009960162925796167,4.0234375,0.09375,-0.09375,5.703067500027828,-64.79065239604165,0.031512936660386986,1.2967180112997692,0.0024631365425496674,0.0,0.0,0.0009960162925796167,0.0009960162925796167,0.0009960162925796167,0.9960159659385681,0.0009960162925796167
81,2.374340348933555,4.74868069786711,-0.0001956239831578043,0.000996016161174539,4.2578125,0.234375,-0.234375,6.029229832987767,-60.578252997803034,0.03151293351152621,1.277689536412557,0.00230663280429629,0.0,0.0,0.000996016161174539,0.000996016161174539,0.000996016161174539,0.9960159659385681,0.000996016161174539
82,2.374304111534979,4.748608223069958,-0.0008851974127480058,0.0009960161097457305,4.1171875,0.2109375,-0.2109375,5.875301374995615,-73.80709481365145,0.03151293186580434,1.2815751085678737,0.0023830551266049347,0.0,0.0,0.0009960161097457305,0.0009960161097457305,0.0009960161097457305,0.9960159659385681,0.0009960161097457305
83,2.3742419551075935,4.748483910215187,0.00035930758082041385,0.00099601608235389,4.0625,0.4375,-0.4375,5.684906583977863,-61.25830923926372,0.03151293098926544,1.3013830184936523,0.002422693020586545,0.0,0.0,0.00099601608235389,0.00099601608235389,0.00099601608235389,0.9960159659385681,0.00099601608235389
84,2.3741471932123392,4.7482943864246785,-0.0012929712725540722,0.00099601608235389,3.8125,0.1484375,-0.1484375,5.566359292017296,-69.28184980178466,0.03151293098926544,1.348912497361501,0.002696050777255247,0.0,0.0,0.00099601608235389,0.00099601608235389,0.00099601608235389,0.9960159659385681,0.00099601608235389
85,2.3740206074810057,4.7480412149620115,-0.0025908782587919345,0.00099601608235389,3.828125,-0.4453125,0.4453125,5.39992458303459,-71.94377249290748,0.03151293098926544,1.3829941401878993,0.0027150034729856998,0.0,0.0,0.00099601608235389,0.00099601608235389,0.00099601608235389,0.9960159659385681,0.00099601608235389
86,2.373962869277103,4.747925738554206,-0.0014042437028922185,0.00099601608235389,4.140625,-0.453125,0.453125,5.857754083001055,-69.79329305752269,0.03151293098926544,1.3658103346824646,0.0025422003430624804,0.0,0.0,0.00099601608235389,0.00099601608235389,0.00099601608235389,0.9960159659385681,0.00099601608235389
87,2.373674393104851,4.747348786209702,-0.0033524756340747386,0.00099601608235389,4.2734375,-0.1640625,0.1640625,6.0577634170185775,-89.97199151797093,0.03151293098926544,1.3408930003643036,0.0023073717990579703,0.0,0.0,0.00099601608235389,0.00099601608235389,0.00099601608235389,0.9960159659385681,0.00099601608235389
88,2.3735348514599566,4.747069702919913,-0.0011039409890109912,0.00099601608235389,4.1328125,0.5078125,-0.5078125,5.843799749971367,-75.33383596585693,0.03151293098926544,1.3751873821020126,0.002389957274620732,0.0,0.0,0.00099601608235389,0.00099601608235389,0.00099601608235389,0.9960159659385681,0.00099601608235389
89,2.3734764159022594,4.746952831804519,-0.0017419138706005058,0.00099601608235389,3.9140625,-0.09375,0.09375,5.559337208047509,-72.18611845808353,0.03151293098926544,1.4317110826571782,0.002705824823351577,0.0,0.0,0.00099601608235389,0.00099601608235389,0.00099601608235389,0.9960159659385681,0.00099601608235389
90,2.3733362696899274,4.746672539379855,-0.0008286482580219867,0.00099601608235389,3.9453125,-0.5078125,0.5078125,5.623398374998942,-103.9478358245132,0.03151293098926544,1.4368591407934825,0.002699902184152355,0.0,0.0,0.00099601608235389,0.00099601608235389,0.00099601608235389,0.9960159659385681,0.00099601608235389
91,2.3731976982129788,4.7463953964259575,-0.002346280338438685,0.00099601608235389,4.125,0.1953125,-0.1953125,5.932179209019523,-99.84647705643015,0.03151293098926544,1.4437569280465443,0.002546209938979397,0.0,0.0,0.00099601608235389,0.00099601608235389,0.00099601608235389,0.9960159659385681,0.00099601608235389
92,2.3730340330190742,4.7460680660381485,-0.0019513063856369222,0.00099601608235389,4.296875,-0.2421875,0.2421875,6.06209504196886,-101.8449915005944,0.03151293098926544,1.449371372660001,0.002547672367654741,0.0,0.0,0.00099601608235389,0.00099601608235389,0.00099601608235389,0.9960159659385681,0.00099601608235389
93,2.3729279788885966,4.745855957777193,0.00017559784356225251,0.00099601608235389,4.078125,0.1015625,-0.1015625,5.790435041009914,-73.35335788770197,0.03151293098926544,1.446618527173996,0.0026322273236777014,0.0,0.0,0.00099601608235389,0.00099601608235389,0.00099601608235389,0.9960159659385681,0.00099601608235389
94,2.3727394156291854,4.745478831258371,-0.0018994282163026848,0.00099601608235389,4.0390625,-0.3671875,0.3671875,5.751709874952212,-84.66636005660781,0.03151293098926544,1.4617657711108525,0.002604043038445525,0.0,0.0,0.00099601608235389,0.00099601608235389,0.00099601608235389,0.9960159659385681,0.00099601608235389
95,2.372623526114384,4.745247052228768,-0.0036303500502509137,0.00099601608235389,4.2578125,-1.1328125,1.1328125,6.021612333017401,-90.04860119786831,0.03151293098926544,1.4674138029416401,0.0025858317288414887,0.0,0.0,0.00099601608235389,0.00099601608235389,0.00099601608235389,0.9960159659385681,0.00099601608235389
96,2.3724889301097623,4.7449778602195245,-0.0039972813355375015,0.00099601608235389,3.984375,-0.375,0.375,5.690366833994631,-87.00243439008207,0.03151293098926544,1.5029657632112503,0.00283810649610435,0.0,0.0,0.00099601608235389,0.00099601608235389,0.00099601608235389,0.9960159659385681,0.00099601608235389
97,2.372358123679006,4.744716247358012,-0.002961767707522852,0.00099601608235389,4.15625,-0.578125,0.578125,5.892440750030801,-80.6319007004114,0.03151293098926544,1.541241352756818,0.0029677671748989574,0.0,0.0,0.00099601608235389,0.00099601608235389,0.00099601608235389,0.9960159659385681,0.00099601608235389
98,2.3721491039090665,4.744298207818133,-0.0006970292583730244,0.00099601608235389,4.1875,0.0546875,-0.0546875,6.051896333985496,-120.75337167462307,0.03151293098926544,1.508049468199412,0.002758622150092075,0.0,0.0,0.00099601608235389,0.00099601608235389,0.00099601608235389,0.9960159659385681,0.00099601608235389
99,2.372049455816182,4.744098911632364,-0.0006072250662346148,0.00099601608235389,3.8828125,-0.125,0.125,5.586505790997762,-134.2077891628747,0.03151293098926544,1.535046671827634,0.002805078537979474,0.0,0.0,0.00099601608235389,0.00099601608235389,0.00099601608235389,0.9960159659385681,0.00099601608235389
100,2.371999766359693,4.743999532719386,-0.001243022723633262,0.00099601608235389,4.328125,0.2109375,-0.2109375,6.302843833982479,-144.08429889321758,0.03151293098926544,1.5469593554735184,0.002870584537352746,0.0,0.0,0.00099601608235389,0.00099601608235389,0.00099601608235389,0.9960159659385681,0.00099601608235389
101,2.3718715883705084,4.743743176741017,0.0004351047302391032,0.00099601608235389,4.0234375,-0.8046875,0.8046875,5.814572917006444,-141.96422503202865,0.03151293098926544,1.5564161638418834,0.0029359777787855514,0.0,0.0,0.00099601608235389,0.00099601608235389,0.00099601608235389,0.9960159659385681,0.00099601608235389
102,2.371898910055159,4.743797820110318,-0.004436672317699296,0.00099601608235389,4.2734375,-0.1015625,0.1015625,6.084728542016819,-130.45840175724987,0.03151293098926544,1.533858562509219,0.0026194100306990245,0.0,0.0,0.00099601608235389,0.00099601608235389,0.00099601608235389,0.9960159659385681,0.00099601608235389
103,2.371883900857431,4.743767801714862,-0.004545952067861084,0.00099601608235389,4.2890625,-0.1171875,0.1171875,6.198976334009785,-132.49074982272253,0.03151293098926544,1.5400529851516087,0.002589583814066524,0.0,0.0,0.00099601608235389,0.00099601608235389,0.00099601608235389,0.9960159659385681,0.00099601608235389
104,2.3717839835812464,4.743567967162493,-0.0035063605905649347,0.00099601608235389,4.15625,0.2890625,-0.2890625,5.975550332979765,-122.71842142592247,0.03151293098926544,1.5561126917600632,0.0028480265367155275,0.0,0.0,0.00099601608235389,0.00099601608235389,0.00099601608235389,0.9960159659385681,0.00099601608235389
105,2.3718376143363917,4.7436752286727835,-0.0005436721454327839,0.00099601608235389,3.953125,-0.78125,0.78125,5.650959833001252,-128.36938103644744,0.03151293098926544,1.6094894856214523,0.002745964719603459,0.0,0.0,0.00099601608235389,0.00099601608235389,0.00099601608235389,0.9960159659385681,0.00099601608235389
106,2.3718092676858173,4.743618535371635,-0.0025023634190612064,0.00099601608235389,4.171875,0.5,-0.5,5.952864625025541,-145.62167203292418,0.03151293098926544,1.606048047542572,0.002917563571827486,0.0,0.0,0.00099601608235389,0.00099601608235389,0.00099601608235389,0.9960159659385681,0.00099601608235389
107,2.371775332793864,4.743550665587728,-0.0031565770914220876,0.00099601608235389,4.2265625,-0.375,0.375,6.031188374967314,-137.26621530853666,0.03151293098926544,1.6001203606526058,0.0028754884842783213,0.0,0.0,0.00099601608235389,0.00099601608235389,0.00099601608235389,0.9960159659385681,0.00099601608235389
108,2.3718809836277632,4.7437619672555265,-0.0015521486227674415,0.00099601608235389,4.0078125,-0.40625,0.40625,5.814228542032652,-140.33029144828083,0.03151293098926544,1.6273664285739262,0.002878971155344819,0.0,0.0,0.00099601608235389,0.00099601608235389,0.00099601608235389,0.9960159659385681,0.00099601608235389
109,2.3720609607714245,4.744121921542849,-0.0038071365651953072,0.00099601608235389,4.546875,-0.625,0.625,6.471294374961872,-120.53933309587006,0.03151293098926544,1.6173562457164128,0.002899449381705684,0.0,0.0,0.00099601608235389,0.00099601608235389,0.00099601608235389,0.9960159659385681,0.00099601608235389
110,2.372177780865769,4.744355561731538,-0.0026385938395138797,0.00099601608235389,4.40625,-0.390625,0.390625,6.236357832967769,-146.4526998426052,0.03151293098926544,1.6119552950064342,0.002861976647788348,0.0,0.0,0.00099601608235389,0.00099601608235389,0.00099601608235389,0.9960159659385681,0.00099601608235389
111,2.3723088993557404,4.744617798711481,-0.0026522498944006375,0.00099601608235389,4.140625,-0.8359375,0.8359375,6.049423416960053,-210.8831879035482,0.03151293098926544,1.6235222617785137,0.002979019317232693,0.0,0.0,0.00099601608235389,0.00099601608235389,0.00099601608235389,0.9960159659385681,0.00099601608235389
112,2.37235812887178,4.74471625774356,-0.007450726747288309,0.00099601608235389,4.453125,-0.671875,0.671875,6.285685290989932,-186.5250909886862,0.03151293098926544,1.6547499348719914,0.003236895407705257,0.0,0.0,0.00099601608235389,0.00099601608235389,0.00099601608235389,0.9960159659385681,0.00099601608235389
113,2.372474018118435,4.74494803623687,-0.002000253373496714,0.00099601608235389,4.203125,-1.25,1.25,6.160822916019242,-197.2160272099715,0.03151293098926544,1.6929452220598857,0.003093905732384883,0.0,0.0,0.00099601608235389,0.00099601608235389,0.00099601608235389,0.9960159659385681,0.00099601608235389
114,2.37266199169078,4.74532398338156,-0.001308160453780012,0.00099601608235389,4.140625,0.7265625,-0.7265625,6.023590457974933,-172.1268475496544,0.03151293098926544,1.6874676942825317,0.0030634242769641182,0.0,0.0,0.00099601608235389,0.00099601608235389,0.00099601608235389,0.9960159659385681,0.00099601608235389
115,2.3727655140305055,4.745531028061011,-0.002878565046732753,0.00099601608235389,4.078125,-0.8984375,0.8984375,5.872193166986108,-190.17207258140448,0.03151293098926544,1.7325305143992107,0.003225248025652642,0.0,0.0,0.00099601608235389,0.00099601608235389,0.00099601608235389,0.9960159659385681,0.00099601608235389
116,2.372982481170002,4.745964962340004,-0.0021340381027126548,0.00099601608235389,4.2890625,0.046875,-0.046875,6.135453666036483,-191.13798905482926,0.03151293098926544,1.7739167312781017,0.0030427408297934258,0.0,0.0,0.00099601608235389,0.00099601608235389,0.00099601608235389,0.9960159659385681,0.00099601608235389
117,2.3730877878085614,4.746175575617123,-0.006033283639029934,0.00099601608235389,4.0625,0.1484375,-0.1484375,5.8700381250237115,-227.05473959698128,0.03151293098926544,1.7594694445530574,0.0030120274459477514,0.0,0.0,0.00099601608235389,0.00099601608235389,0.00099601608235389,0.9960159659385681,0.00099601608235389
118,2.373216840900243,4.746433681800486,-0.0007529523951348556,0.00099601608235389,3.9921875,-0.0390625,0.0390625,5.783018832968082,-184.02752665624226,0.03151293098926544,1.7748769521713257,0.00324463540649352,0.0,0.0,0.00099601608235389,0.00099601608235389,0.00099601608235389,0.9960159659385681,0.00099601608235389
119,2.3732847209350645,4.746569441870129,-0.001929734189915812,0.00099601608235389,4.203125,-0.4609375,0.4609375,5.951990084024146,-245.38046920454636,0.03151293098926544,1.80249685049057,0.0033133115503005683,0.0,0.0,0.00099601608235389,0.00099601608235389,0.00099601608235389,0.9960159659385681,0.00099601608235389
120,2.3732171383969636,4.746434276793927,-0.0008118397785812626,0.00099601608235389,4.2578125,0.3203125,-0.3203125,6.135557709028944,-315.8760075531968,0.03151293098926544,1.7994234909613926,0.003234077710658312,0.0,0.0,0.00099601608235389,0.00099601608235389,0.00099601608235389,0.9960159659385681,0.00099601608235389
121,2.3733817809570663,4.746763561914133,-0.0033089896729213354,0.00099601608235389,4.1328125,-0.421875,0.421875,5.904652750003152,-285.6276399787297,0.03151293098926544,1.8373325715462367,0.0030572262476198375,0.0,0.0,0.00099601608235389,0.00099601608235389,0.00099601608235389,0.9960159659385681,0.00099601608235389
122,2.3735221214825257,4.7470442429650515,-0.0036953914387175967,0.00099601608235389,4.078125,-0.3046875,0.3046875,5.806138792017009,-209.50978009385625,0.03151293098926544,1.8547552178303401,0.0032873556580549725,0.0,0.0,0.00099601608235389,0.00099601608235389,0.00099601608235389,0.9960159659385681,0.00099601608235389
123,2.373577262854247,4.747154525708494,-0.0035230236392278257,0.00099601608235389,4.1484375,-0.375,0.375,5.9440474169678055,-184.26233922559663,0.03151293098926544,1.9250618716080983,0.0035686521441675723,0.0,0.0,0.00099601608235389,0.00099601608235389,0.00099601608235389,0.9960159659385681,0.00099601608235389
124,2.3735790653127555,4.747158130625511,-0.004834573086604316,0.00099601608235389,4.03125,0.0078125,-0.0078125,5.758465041988529,-215.77196696978206,0.03151293098926544,1.9126906394958496,0.0034721067640930414,0.0,0.0,0.00099601608235389,0.00099601608235389,0.00099601608235389,0.9960159659385681,0.00099601608235389
125,2.37366356353045,4.7473271270609,-0.001641550757792938,0.00099601608235389,4.1640625,-0.1015625,0.1015625,5.931118375039659,-228.7873013618963,0.03151293098926544,1.8994734783967335,0.003061269885317112,0.0,0.0,0.00099601608235389,0.00099601608235389,0.00099601608235389,0.9960159659385681,0.00099601608235389
126,2.373733762197608,4.747467524395216,0.0012671668408475768,0.00099601608235389,3.96875,0.53125,-0.53125,5.789347957994323,-285.8196709184196,0.03151293098926544,1.920658141374588,0.0029842339936294593,0.0,0.0,0.00099601608235389,0.00099601608235389,0.00099601608235389,0.9960159659385681,0.00099601608235389
127,2.373670806357354,4.747341612714708,-0.003409324006934323,0.00099601608235389,4.171875,0.0078125,-0.0078125,5.903149084013421,-212.3529276251793,0.03151293098926544,1.9473139743010204,0.00357838889855581,0.0,0.0,0.00099601608235389,0.00099601608235389,0.00099601608235389,0.9960159659385681,0.00099601608235389
128,2.3736189100991654,4.747237820198331,-0.0026539987661288586,0.00099601608235389,3.9921875,-0.1953125,0.1953125,5.756606417009607,-215.056098048701,0.03151293098926544,1.934135710199674,0.0036322955468979976,0.0,0.0,0.00099601608235389,0.00099601608235389,0.00099601608235389,0.9960159659385681,0.00099601608235389
129,2.373709599494558,4.747419198989116,-0.001815898073359226,0.00099601608235389,4.1328125,0.8203125,-0.8203125,5.914082541014068,-349.4697993299686,0.03151293098926544,1.9174692233403523,0.003215638794548189,0.0,0.0,0.00099601608235389,0.00099601608235389,0.00099601608235389,0.9960159659385681,0.00099601608235389
130,2.3737737129564707,4.747547425912941,-0.004197546896948435,0.00099601608235389,4.140625,0.03125,-0.03125,5.891924375027884,-331.32841592937143,0.03151293098926544,1.949270670612653,0.0029551500968712694,0.0,0.0,0.00099601608235389,0.00099601608235389,0.00099601608235389,0.9960159659385681,0.00099601608235389
131,2.373857810308567,4.747715620617134,-0.0034243372493500423,0.00099601608235389,4.1875,-0.0703125,0.0703125,6.030830750009045,-380.5480548674936,0.03151293098926544,1.930753231048584,0.0031808263059550277,0.0,0.0,0.00099601608235389,0.00099601608235389,0.00099601608235389,0.9960159659385681,0.00099601608235389
132,2.3738956979182504,4.747791395836501,-0.0006731870391734153,0.00099601608235389,4.1015625,-0.3671875,0.3671875,5.7751046670018695,-285.0484811142513,0.03151293098926544,1.934965709845225,0.0035142604804908237,0.0,0.0,0.00099601608235389,0.00099601608235389,0.00099601608235389,0.9960159659385681,0.00099601608235389
133,2.3739476306497234,4.747895261299447,-0.003544361382165808,0.00099601608235389,4.1796875,-0.609375,0.609375,5.973262374987826,-398.79528771159806,0.03151293098926544,1.9229969531297684,0.003407038728861759,0.0,0.0,0.00099601608235389,0.00099601608235389,0.00099601608235389,0.9960159659385681,0.00099601608235389
134,2.3737484006538994,4.747496801307799,-0.0009005272328389808,0.00099601608235389,4.140625,-0.4296875,0.4296875,5.9042377499863505,-455.5371998427049,0.03151293098926544,1.8923630863428116,0.003222336071000124,0.0,0.0,0.00099601608235389,0.00099601608235389,0.00099601608235389,0.9960159659385681,0.00099601608235389
135,2.373732320667196,4.747464641334392,-0.0040334250105702974,0.00099601608235389,4.1640625,0.421875,-0.421875,5.910765249980614,-307.0151425740956,0.03151293098926544,1.9365910192330678,0.003020345999781663,0.0,0.0,0.00099601608235389,0.00099601608235389,0.00099601608235389,0.9960159659385681,0.00099601608235389
136,2.37371159256676,4.74742318513352,-0.006064219866621053,0.00099601608235389,4.015625,-0.3125,0.3125,5.759116416971665,-285.63151160937804,0.03151293098926544,1.9719629685084026,0.0035414936331411204,0.0,0.0,0.00099601608235389,0.00099601608235389,0.00099601608235389,0.9960159659385681,0.00099601608235389
137,2.3737753295727164,4.747550659145433,-0.001329646742666001,0.00099601608235389,4.2734375,0.28125,-0.28125,6.276939290983137,-281.4082648178777,0.03151293098926544,1.9994580845038097,0.0036573443794623017,0.0,0.0,0.00099601608235389,0.00099601608235389,0.00099601608235389,0.9960159659385681,0.00099601608235389
138,2.3737808084634384,4.747561616926877,-0.005072722994168963,0.00099601608235389,3.8359375,-0.0703125,0.0703125,5.539998750027735,-227.75967702749062,0.03151293098926544,2.043496459722519,0.0036717257947505764,0.0,0.0,0.00099601608235389,0.00099601608235389,0.00099601608235389,0.9960159659385681,0.00099601608235389
139,2.373706224614024,4.747412449228048,-0.009110173315289292,0.00099601608235389,4.3359375,-0.109375,0.109375,6.1889045830466785,-398.61057691144515,0.03151293098926544,2.0164361596107483,0.003509487995567421,0.0,0.0,0.00099601608235389,0.00099601608235389,0.00099601608235389,0.9960159659385681,0.00099601608235389
140,2.3736674564722486,4.747334912944497,-0.0034286318903485225,0.00099601608235389,4.09375,-0.3203125,0.3203125,5.906651875004172,-363.3555629148738,0.03151293098926544,2.013457417488098,0.003233339424089839,0.0,0.0,0.00099601608235389,0.00099601608235389,0.00099601608235389,0.9960159659385681,0.00099601608235389
141,2.3737572306397077,4.747514461279415,-0.0032276690238734213,0.00099601608235389,4.0625,-0.65625,0.65625,5.738665457989555,-327.01286283272964,0.03151293098926544,2.041830768187841,0.003083809144300176,0.0,0.0,0.00099601608235389,0.00099601608235389,0.00099601608235389,0.9960159659385681,0.00099601608235389
142,2.3737432422356455,4.747486484471291,-0.0030201333946763033,0.00099601608235389,4.3515625,-0.390625,0.390625,6.185335332993418,-530.8642600913878,0.03151293098926544,1.991805076599121,0.003079016547417268,0.0,0.0,0.00099601608235389,0.00099601608235389,0.00099601608235389,0.9960159659385681,0.00099601608235389
143,2.373681831970318,4.747363663940636,-0.004893939206240788,0.00099601608235389,4.21875,-0.578125,0.578125,6.07187783299014,-416.0501094562036,0.03151293098926544,2.065315286318461,0.0034979637227176377,0.0,0.0,0.00099601608235389,0.00099601608235389,0.00099601608235389,0.9960159659385681,0.00099601608235389
144,2.373771279071648,4.747542558143296,-0.008632082760227864,0.00099601608235389,4.0859375,0.0,0.0,5.820397083996795,-560.0665696410331,0.03151293098926544,2.0273968478043876,0.0034789747927182666,0.0,0.0,0.00099601608235389,0.00099601608235389,0.00099601608235389,0.9960159659385681,0.00099601608235389
145,2.373634885764668,4.747269771529336,0.0002709356314001298,0.00099601608235389,4.046875,-0.25,0.25,5.848508583032526,-495.7977148404913,0.03151293098926544,2.032100190718969,0.0034739248318752893,0.0,0.0,0.00099601608235389,0.00099601608235389,0.00099601608235389,0.9960159659385681,0.00099601608235389
146,2.3737140136253516,4.747428027250703,-0.005330442168311896,0.00099601608235389,4.03125,-0.53125,0.53125,5.727068750013132,-497.57744479595226,0.03151293098926544,2.1173437237739563,0.003482146799797192,0.0,0.0,0.00099601608235389,0.00099601608235389,0.00099601608235389,0.9960159659385681,0.00099601608235389
147,2.373664435443325,4.74732887088665,-0.0017711072724422002,0.00099601608235389,4,0.2578125,-0.2578125,5.702529875037726,-412.9510219921358,0.03151293098926544,2.1427242358525596,0.003868575625043983,0.0,0.0,0.00099601608235389,0.00099601608235389,0.00099601608235389,0.9960159659385681,0.00099601608235389
148,2.3736045245345303,4.747209049069061,-0.005468011348194551,0.00099601608235389,4.1484375,-0.5078125,0.5078125,5.920325208979193,-417.0140623431197,0.03151293098926544,2.1698359698057175,0.003939804019561659,0.0,0.0,0.00099601608235389,0.00099601608235389,0.00099601608235389,0.9960159659385681,0.00099601608235389
149,2.3735167900716405,4.747033580143281,0.0003974111133566983,0.00099601608235389,4.1640625,-0.453125,0.453125,5.9270967920310795,-506.7648705783078,0.03151293098926544,2.1517954021692276,0.0037058431383532784,0.0,0.0,0.00099601608235389,0.00099601608235389,0.00099601608235389,0.9960159659385681,0.00099601608235389
150,2.3735134665599684,4.747026933119937,-0.00449014749252524,0.00099601608235389,4.109375,-0.3984375,0.3984375,5.909345375024714,-507.3138046287312,0.03151293098926544,2.2175839940706887,0.003594092782198762,0.0,0.0,0.00099601608235389,0.00099601608235389,0.00099601608235389,0.9960159659385681,0.00099601608235389
151,2.3734334529745094,4.746866905949019,-0.002200692603937767,0.00099601608235389,4.203125,0.8359375,-0.8359375,6.00935066700913,-566.3530213970234,0.03151293098926544,2.1887900729974112,0.0037198139859052994,0.0,0.0,0.00099601608235389,0.00099601608235389,0.00099601608235389,0.9960159659385681,0.00099601608235389
152,2.3733453818835555,4.746690763767111,-0.00211901335966449,0.00099601608235389,4.2578125,0.28125,-0.28125,6.0916888330248185,-474.2134864024066,0.03151293098926544,2.200730095307032,0.003788602257069821,0.0,0.0,0.00099601608235389,0.00099601608235389,0.00099601608235389,0.9960159659385681,0.00099601608235389
153,2.373149308535784,4.746298617071568,-0.0021612330971097237,0.00099601608235389,4.125,-0.3203125,0.3203125,5.887775750015862,-563.9176649744763,0.03151293098926544,2.2180918802817664,0.0037756641783441105,0.0,0.0,0.00099601608235389,0.00099601608235389,0.00099601608235389,0.9960159659385681,0.00099601608235389
154,2.373048431602806,4.746096863205612,-0.005396879538992286,0.00099601608235389,4.25,-0.296875,0.296875,5.990324332960881,-481.3157993669019,0.03151293098926544,2.2901937862237296,0.0035102185793220997,0.0,0.0,0.00099601608235389,0.00099601608235389,0.00099601608235389,0.9960159659385681,0.00099601608235389
155,2.373036496988478,4.746072993976956,-0.0034632833305628563,0.00099601608235389,4.234375,0.1796875,-0.1796875,6.062266583030578,-576.2928464553453,0.03151293098926544,2.339131087064743,0.0033295158646069467,0.0,0.0,0.00099601608235389,0.00099601608235389,0.00099601608235389,0.9960159659385681,0.00099601608235389
156,2.372977120681097,4.745954241362194,-0.003808221450459274,0.00099601608235389,4.40625,0.2265625,-0.2265625,6.248536083032377,-654.6444933989369,0.03151293098926544,2.3187170724074044,0.0032778828754089773,0.0,0.0,0.00099601608235389,0.00099601608235389,0.00099601608235389,0.9960159659385681,0.00099601608235389
157,2.3729188304403626,4.745837660880725,-0.0017177712514469797,0.00099601608235389,4.2578125,0.1328125,-0.1328125,6.039143915986642,-730.8951367588218,0.03151293098926544,2.300874094168345,0.0035644125018734485,0.0,0.0,0.00099601608235389,0.00099601608235389,0.00099601608235389,0.9960159659385681,0.00099601608235389
158,2.3728434477276448,4.7456868954552895,-0.004784018167987927,0.00099601608235389,4.359375,-0.234375,0.234375,6.205164083978161,-525.442318094674,0.03151293098926544,2.2888709803422294,0.0038364657860559723,0.0,0.0,0.00099601608235389,0.00099601608235389,0.00099601608235389,0.9960159659385681,0.00099601608235389
159,2.3727609419386373,4.745521883877275,-0.006037060391567119,0.00099601608235389,4.2109375,-0.9375,0.9375,5.95167008403223,-599.8990789176361,0.03151293098926544,2.321514109770457,0.0036668059668348483,0.0,0.0,0.00099601608235389,0.00099601608235389,0.00099601608235389,0.9960159659385681,0.00099601608235389
160,2.372751955681836,4.745503911363672,-0.0015074219397008173,0.00099601608235389,4.28125,-0.5390625,0.5390625,6.142171290994156,-603.9755435964487,0.03151293098926544,2.3408611118793488,0.0035428662498209937,0.0,0.0,0.00099601608235389,0.00099601608235389,0.00099601608235389,0.9960159659385681,0.00099601608235389
161,2.3726306361238523,4.7452612722477046,-0.006166999322169006,0.00099601608235389,4.09375,0.109375,-0.109375,5.765608916990459,-699.2573144171984,0.03151293098926544,2.3294630348682404,0.0035308533115312457,0.0,0.0,0.00099601608235389,0.00099601608235389,0.00099601608235389,0.9960159659385681,0.00099601608235389
162,2.372561202056297,4.745122404112594,-0.008548398148423104,0.00099601608235389,4.2109375,-0.09375,0.09375,6.0137947499752045,-568.3097427448669,0.03151293098926544,2.3082381586233773,0.0037107865306703993,0.0,0.0,0.00099601608235389,0.00099601608235389,0.00099601608235389,0.9960159659385681,0.00099601608235389
163,2.3724171631597573,4.7448343263195145,-0.007850633332631701,0.00099601608235389,4.03125,0.5703125,-0.5703125,5.761629124986939,-650.7175066618956,0.03151293098926544,2.3392862578233085,0.003931901475880295,0.0,0.0,0.00099601608235389,0.00099601608235389,0.00099601608235389,0.9960159659385681,0.00099601608235389
164,2.372388135986724,4.744776271973448,-0.006588942315974802,0.00099601608235389,4.3984375,-0.234375,0.234375,6.251982457994018,-818.3610993566564,0.03151293098926544,2.3455793062845864,0.0034485014233117304,0.0,0.0,0.00099601608235389,0.00099601608235389,0.00099601608235389,0.9960159659385681,0.00099601608235389
165,2.372472932142251,4.744945864284502,-0.0032996464183484737,0.00099601608235389,4.390625,0.1015625,-0.1015625,6.287550957989879,-734.7394873255937,0.03151293098926544,2.4062877098719277,0.003525632976864775,0.0,0.0,0.00099601608235389,0.00099601608235389,0.00099601608235389,0.9960159659385681,0.00099601608235389
166,2.3723171761897026,4.744634352379405,-0.0037737420430063754,0.00099601608235389,4.15625,-0.7109375,0.7109375,5.921390207950026,-794.0036673223166,0.03151293098926544,2.360179434219996,0.003634688638461133,0.0,0.0,0.00099601608235389,0.00099601608235389,0.00099601608235389,0.9960159659385681,0.00099601608235389
167,2.3721291131861983,4.744258226372397,-0.007089271200341493,0.00099601608235389,4.140625,-0.4140625,0.4140625,5.873390958004165,-801.3362360450457,0.03151293098926544,2.4089050193627677,0.003956257821603988,0.0,0.0,0.00099601608235389,0.00099601608235389,0.00099601608235389,0.9960159659385681,0.00099601608235389
168,2.3719681965923933,4.743936393184787,-0.005028617617878015,0.00099601608235389,4.2265625,-0.484375,0.484375,6.037350166996475,-671.2242582950486,0.03151293098926544,2.478828549385071,0.004131112543594402,0.0,0.0,0.00099601608235389,0.00099601608235389,0.00099601608235389,0.9960159659385681,0.00099601608235389
169,2.371843939301223,4.743687878602446,-0.0042001073912539735,0.00099601608235389,4.1796875,-0.0546875,0.0546875,5.934319416002836,-760.3246344940685,0.03151293098926544,2.4835948844750724,0.003812898319059362,0.0,0.0,0.00099601608235389,0.00099601608235389,0.00099601608235389,0.9960159659385681,0.00099601608235389
170,2.371706280236704,4.743412560473408,-0.0033773182730947966,0.00099601608235389,4.46875,0.3125,-0.3125,6.388709291990381,-829.301753142497,0.03151293098926544,2.4515025913715363,0.003694777965089694,0.0,0.0,0.00099601608235389,0.00099601608235389,0.00099601608235389,0.9960159659385681,0.00099601608235389
171,2.371538535588725,4.74307707117745,-0.005039919124905199,0.00099601608235389,4.1484375,-0.5625,0.5625,5.829803291009739,-874.0613446388317,0.03151293098926544,2.483666251103083,0.004024106465900938,0.0,0.0,0.00099601608235389,0.00099601608235389,0.00099601608235389,0.9960159659385681,0.00099601608235389
172,2.3713907353498964,4.742781470699793,-0.006346726999275969,0.00099601608235389,4.046875,-0.515625,0.515625,5.84104429197032,-783.5303666177404,0.03151293098926544,2.491209069887797,0.004078689555171877,0.0,0.0,0.00099601608235389,0.00099601608235389,0.00099601608235389,0.9960159659385681,0.00099601608235389
173,2.3711047538578924,4.742209507715785,-0.003573813274100719,0.00099601608235389,4.21875,-0.0859375,0.0859375,6.01893416600069,-774.2241982327567,0.03151293098926544,2.4731551905473075,0.003991331342452516,0.0,0.0,0.00099601608235389,0.00099601608235389,0.00099601608235389,0.9960159659385681,0.00099601608235389
174,2.370865824931062,4.741731649862124,-0.012029228844985689,0.00099601608235389,4.15625,0.171875,-0.171875,5.875080166966654,-777.8412182698572,0.03151293098926544,2.515345513820648,0.003966515990517412,0.0,0.0,0.00099601608235389,0.00099601608235389,0.00099601608235389,0.9960159659385681,0.00099601608235389
175,2.3708119428901457,4.7416238857802915,-0.004490581255140902,0.00099601608235389,4.1953125,-0.09375,0.09375,6.038048209040426,-830.8276342670789,0.03151293098926544,2.607446332772573,0.0037135822324974774,0.0,0.0,0.00099601608235389,0.00099601608235389,0.00099601608235389,0.9960159659385681,0.00099601608235389
176,2.370677875328687,4.741355750657374,-1.8747222657801554e-05,0.00099601608235389,4.0859375,-0.5703125,0.5703125,5.80700541700935,-801.6939394733873,0.03151293098926544,2.642665356397629,0.003950520884245634,0.0,0.0,0.00099601608235389,0.00099601608235389,0.00099601608235389,0.9960159659385681,0.00099601608235389
177,2.3704812001479048,4.7409624002958095,-0.008383444277102262,0.00099601608235389,4.1328125,-0.8828125,0.8828125,5.955149542016443,-974.5840861765784,0.03151293098926544,2.64595361550649,0.004338305123383179,0.0,0.0,0.00099601608235389,0.00099601608235389,0.00099601608235389,0.9960159659385681,0.00099601608235389
178,2.3703933181076575,4.740786636215315,-0.003960721602015525,0.00099601608235389,4.109375,-0.3671875,0.3671875,5.906871749961283,-909.0535444497156,0.03151293098926544,2.6573568085829415,0.004344955193422114,0.0,0.0,0.00099601608235389,0.00099601608235389,0.00099601608235389,0.9960159659385681,0.00099601608235389
179,2.3702208907709315,4.740441781541863,-0.005679280272842043,0.00099601608235389,4.25,0.953125,-0.953125,6.039981790992897,-953.5254054981119,0.03151293098926544,2.629390001296997,0.004245665622875094,0.0,0.0,0.00099601608235389,0.00099601608235389,0.00099601608235389,0.9960159659385681,0.00099601608235389
180,2.3700303801565603,4.740060760313121,-0.0028225310177901566,0.00099601608235389,4.265625,-0.3984375,0.3984375,6.103692916978616,-980.0608771161719,0.03151293098926544,2.6440150241057077,0.0038441523938672617,0.0,0.0,0.00099601608235389,0.00099601608235389,0.00099601608235389,0.9960159659385681,0.00099601608235389
181,2.369964236169996,4.739928472339992,-0.007531879227387607,0.00099601608235389,4.1484375,-0.4140625,0.4140625,5.899239833001047,-985.8181779065824,0.03151293098926544,2.6690166294574738,0.0035547920560929924,0.0,0.0,0.00099601608235389,0.00099601608235389,0.00099601608235389,0.9960159659385681,0.00099601608235389
182,2.3698115448333192,4.7396230896666385,-0.006611694323029723,0.00099601608235389,4.140625,-0.1171875,0.1171875,5.899341542040929,-1035.6070566951105,0.03151293098926544,2.6576698819796243,0.003971349525575836,0.0,0.0,0.00099601608235389,0.00099601608235389,0.00099601608235389,0.9960159659385681,0.00099601608235389
183,2.369708089594149,4.739416179188298,-0.009976633712501353,0.00099601608235389,4.1328125,-0.15625,0.15625,5.936804416007362,-1017.7628303926248,0.03151293098926544,2.649954487880071,0.004161047380572806,0.0,0.0,0.00099601608235389,0.00099601608235389,0.00099601608235389,0.9960159659385681,0.00099601608235389
184,2.369586598429743,4.739173196859486,-0.005388960288079631,0.00099601608235389,4.203125,-0.484375,0.484375,5.950255166972056,-1281.2802513017973,0.03151293098926544,2.6745534936587014,0.004543544617869581,0.0,0.0,0.00099601608235389,0.00099601608235389,0.00099601608235389,0.9960159659385681,0.00099601608235389
185,2.3693645663030356,4.738729132606071,-0.009043066938507297,0.00099601608235389,4.3984375,-0.0546875,0.0546875,6.285390750039369,-1231.6123129851442,0.03151293098926544,2.6482710341612496,0.004294705645103629,0.0,0.0,0.00099601608235389,0.00099601608235389,0.00099601608235389,0.9960159659385681,0.00099601608235389
186,2.3692760459373914,4.738552091874783,-0.006842781548757791,0.00099601608235389,4.4609375,-0.390625,0.390625,6.3211084580398165,-1273.3622483739503,0.03151293098926544,2.7007418473561606,0.0038535301079415754,0.0,0.0,0.00099601608235389,0.00099601608235389,0.00099601608235389,0.9960159659385681,0.00099601608235389
187,2.3693114036598226,4.738622807319645,-0.006918964397750746,0.00099601608235389,4.390625,-0.0234375,0.0234375,6.236420249973889,-1327.605982746518,0.03151293098926544,2.69574107726415,0.003791017741605174,0.0,0.0,0.00099601608235389,0.00099601608235389,0.00099601608235389,0.9960159659385681,0.00099601608235389
188,2.369253461416602,4.738506922833204,-0.0064206184172551205,0.00099601608235389,4.28125,-0.8671875,0.8671875,6.104351792018861,-1298.8207830590923,0.03151293098926544,2.661120076974233,0.0039012819373359284,0.0,0.0,0.00099601608235389,0.00099601608235389,0.00099601608235389,0.9960159659385681,0.00099601608235389
189,2.3691646434652354,4.738329286930471,-0.004163344088262552,0.00099601608235389,4.28125,-0.296875,0.296875,6.165395834017545,-1314.638129265639,0.03151293098926544,2.678131808837255,0.003995608824576872,0.0,0.0,0.00099601608235389,0.00099601608235389,0.00099601608235389,0.9960159659385681,0.00099601608235389
190,2.3690907297448787,4.738181459489757,-0.005361458684789456,0.00099601608235389,4.5546875,-0.375,0.375,6.520510124973953,-1088.6646221988606,0.03151293098926544,2.652714043855667,0.0040635535842739046,0.0,0.0,0.00099601608235389,0.00099601608235389,0.00099601608235389,0.9960159659385681,0.00099601608235389
191,2.369009972623478,4.738019945246956,-0.0007705811939602406,0.00099601608235389,4.2578125,0.2421875,-0.2421875,6.07871916599106,-1114.1328760978279,0.03151293098926544,2.728407154480616,0.004218392830807716,0.0,0.0,0.00099601608235389,0.00099601608235389,0.00099601608235389,0.9960159659385681,0.00099601608235389
192,2.3689737232598636,4.737947446519727,-0.005014579048259136,0.00099601608235389,4.2421875,-0.078125,0.078125,6.048031874990556,-1209.9856862714496,0.03151293098926544,2.744322190682093,0.003973196600175773,0.0,0.0,0.00099601608235389,0.00099601608235389,0.00099601608235389,0.9960159659385681,0.00099601608235389
193,2.368934812935432,4.737869625870864,-0.004205337640451361,0.00099601608235389,4.0859375,-0.203125,0.203125,5.952897957991809,-1352.4553643977893,0.03151293098926544,2.7869204580783844,0.004178418684508263,0.0,0.0,0.00099601608235389,0.00099601608235389,0.00099601608235389,0.9960159659385681,0.00099601608235389
194,2.368869303166794,4.737738606333588,-0.0081575055719228,0.00099601608235389,4.4609375,-0.515625,0.515625,6.413716749986634,-1405.5393976196517,0.03151293098926544,2.718713492155075,0.004050897987326607,0.0,0.0,0.00099601608235389,0.00099601608235389,0.00099601608235389,0.9960159659385681,0.00099601608235389
195,2.3687471837113607,4.7374943674227215,-0.0036820060567246855,0.00099601608235389,4.203125,-0.875,0.875,5.925089083029889,-1282.7342408279503,0.03151293098926544,2.7992902795473733,0.004327500830792512,0.0,0.0,0.00099601608235389,0.00099601608235389,0.00099601608235389,0.9960159659385681,0.00099601608235389
196,2.368669618634047,4.737339237268094,-0.006031418383891091,0.00099601608235389,4.34375,0.453125,-0.453125,6.215120916021988,-1663.7985743464326,0.03151293098926544,2.8421856462955475,0.004241208710785334,0.0,0.0,0.00099601608235389,0.00099601608235389,0.00099601608235389,0.9960159659385681,0.00099601608235389
197,2.3686437592271723,4.737287518454345,-0.010608083793918114,0.00099601608235389,4.28125,-0.28125,0.28125,6.137672083976213,-1489.099488951864,0.03151293098926544,2.88105841477712,0.003972350682791633,0.0,0.0,0.00099601608235389,0.00099601608235389,0.00099601608235389,0.9960159659385681,0.00099601608235389
198,2.368437358931426,4.736874717862852,-0.0006192345211424725,0.00099601608235389,4.3984375,0.3359375,-0.3359375,6.318050833011512,-1532.6550200701183,0.03151293098926544,2.8066458205382028,0.004097968281712383,0.0,0.0,0.00099601608235389,0.00099601608235389,0.00099601608235389,0.9960159659385681,0.00099601608235389
199,2.3682318076117284,4.736463615223457,-0.004533117392056593,0.00099601608235389,4.2578125,-0.90625,0.90625,6.178480124974158,-1487.3464439217103,0.03151293098926544,2.816405107577642,0.004387040409104277,0.0,0.0,0.00099601608235389,0.00099601608235389,0.00099601608235389,0.9960159659385681,0.00099601608235389
200,2.368010307082436,4.736020614164872,-0.01159573561095877,0.00099601608235389,4.2734375,0.3671875,-0.3671875,6.02026504202513,-1751.4320371817846,0.03151293098926544,2.847542643547058,0.004558953223749995,0.0,0.0,0.00099601608235389,0.00099601608235389,0.00099601608235389,0.9960159659385681,0.00099601608235389
201,2.367902732430041,4.735805464860082,-0.004393640750141351,0.00099601608235389,4.34375,0.1171875,-0.1171875,6.239771332999226,-1465.2406872142133,0.03151293098926544,2.8920033474763236,0.004028968668232362,0.0,0.0,0.00099601608235389,0.00099601608235389,0.00099601608235389,0.9960159659385681,0.00099601608235389
202,2.3677652189823015,4.735530437964603,-0.006267098789380512,0.00099601608235389,4.15625,0.1875,-0.1875,6.020767916983459,-1501.2917802970212,0.03151293098926544,2.9208377599716187,0.0040420670217523975,0.0,0.0,0.00099601608235389,0.00099601608235389,0.00099601608235389,0.9960159659385681,0.00099601608235389
203,2.3676561665291915,4.735312333058383,-0.0025905864367920303,0.00099601608235389,4.1328125,-0.2734375,0.2734375,5.916743999987375,-1534.4401576920131,0.03151293098926544,3.031782776117325,0.004181940215251719,0.0,0.0,0.00099601608235389,0.00099601608235389,0.00099601608235389,0.9960159659385681,0.00099601608235389
204,2.367455524346752,4.734911048693504,-0.008768181273384888,0.00099601608235389,4.28125,0.28125,-0.28125,6.103434666991234,-1352.3964259224217,0.03151293098926544,2.946674029032389,0.004414530238136649,0.0,0.0,0.00099601608235389,0.00099601608235389,0.00099601608235389,0.9960159659385681,0.00099601608235389
205,2.3673442067552113,4.734688413510423,-0.007028248284256858,0.00099601608235389,4.3984375,-0.5625,0.5625,6.172895124997012,-1409.0716780159444,0.03151293098926544,2.8917594949404397,0.004277410722958545,0.0,0.0,0.00099601608235389,0.00099601608235389,0.00099601608235389,0.9960159659385681,0.00099601608235389
206,2.3672111231390796,4.734422246278159,-0.004979140637415348,0.00099601608235389,4.3671875,-0.921875,0.921875,6.224974000011571,-1563.1298851361214,0.03151293098926544,2.9142311116059623,0.00442631145415362,0.0,0.0,0.00099601608235389,0.00099601608235389,0.00099601608235389,0.9960159659385681,0.00099601608235389
207,2.3669804782364663,4.733960956472933,-0.0026913497529755122,0.00099601608235389,4.28125,0.53125,-0.53125,6.0966652919887565,-1898.7804115619103,0.03151293098926544,2.869375228881836,0.00430473360271814,0.0,0.0,0.00099601608235389,0.00099601608235389,0.00099601608235389,0.9960159659385681,0.00099601608235389
208,2.366967967191931,4.733935934383862,-0.003333994855440218,0.00099601608235389,4.3203125,-0.15625,0.15625,6.199454166984651,-1677.7932499735523,0.03151293098926544,2.915979395310084,0.004281885951058939,0.0,0.0,0.00099601608235389,0.00099601608235389,0.00099601608235389,0.9960159659385681,0.00099601608235389
209,2.366814377016186,4.733628754032372,-0.0041025352122275455,0.00099601608235389,4.4609375,0.125,-0.125,6.3456300419638865,-1791.0198522340604,0.03151293098926544,2.9178013106187186,0.0045375833481860655,0.0,0.0,0.00099601608235389,0.00099601608235389,0.00099601608235389,0.9960159659385681,0.00099601608235389
210,2.3666072634671207,4.733214526934241,-0.011135268117298567,0.00099601608235389,4.3046875,1.1171875,-1.1171875,6.073501624981873,-1980.4519018945157,0.03151293098926544,2.9273879528045654,0.004583679624677946,0.0,0.0,0.00099601608235389,0.00099601608235389,0.00099601608235389,0.9960159659385681,0.00099601608235389
211,2.3665011579575483,4.733002315915097,-0.005412265928759361,0.00099601608235389,4.3046875,-0.15625,0.15625,6.169227750040591,-1580.1731469765332,0.03151293098926544,2.9607118467489877,0.004756772017572075,0.0,0.0,0.00099601608235389,0.00099601608235389,0.00099601608235389,0.9960159659385681,0.00099601608235389
212,2.366366153157318,4.732732306314636,-0.0076202779155899025,0.00099601608235389,4.15625,-0.2265625,0.2265625,5.886152624967508,-1239.3425823243938,0.03151293098926544,2.985450009504954,0.00445027159488139,0.0,0.0,0.00099601608235389,0.00099601608235389,0.00099601608235389,0.9960159659385681,0.00099601608235389
213,2.3663000474062184,4.732600094812437,-0.014901529356127055,0.00099601608235389,4.1640625,0.1875,-0.1875,5.919935457990505,-1667.2940562142664,0.03151293098926544,3.03878187139829,0.004255988829148312,0.0,0.0,0.00099601608235389,0.00099601608235389,0.00099601608235389,0.9960159659385681,0.00099601608235389
214,2.3663757917115555,4.732751583423111,-0.00974813229446665,0.00099601608235389,4.484375,-0.46875,0.46875,6.479443416988943,-1897.6440233120934,0.03151293098926544,2.9801124036312103,0.003715440614541876,0.0,0.0,0.00099601608235389,0.00099601608235389,0.00099601608235389,0.9960159659385681,0.00099601608235389
215,2.3663222345996258,4.7326444691992515,-0.00670762994039806,0.00099601608235389,4.359375,-0.09375,0.09375,6.1393406669958495,-1750.9554451751026,0.03151293098926544,3.002006342013677,0.004457216321801146,0.0,0.0,0.00099601608235389,0.00099601608235389,0.00099601608235389,0.9960159659385681,0.00099601608235389
216,2.3662607967285965,4.732521593457193,-0.0064411257863775506,0.00099601608235389,4.3671875,0.21875,-0.21875,6.256275292020291,-2337.351700161779,0.03151293098926544,2.998955557743708,0.004566752419729407,0.0,0.0,0.00099601608235389,0.00099601608235389,0.00099601608235389,0.9960159659385681,0.00099601608235389
217,2.366152482869211,4.732304965738422,-0.009518372101314619,0.00099601608235389,4.296875,-0.2578125,0.2578125,6.13371179200476,-1799.732849523371,0.03151293098926544,3.051891267299652,0.00458164798328653,0.0,0.0,0.00099601608235389,0.00099601608235389,0.00099601608235389,0.9960159659385681,0.00099601608235389
218,2.366043281327194,4.732086562654388,-0.0020220402400954723,0.00099601608235389,4.375,-0.2109375,0.2109375,6.237734624999575,-2289.333060727801,0.03151293098926544,3.0785169998804727,0.004394362622406334,0.0,0.0,0.00099601608235389,0.00099601608235389,0.00099601608235389,0.9960159659385681,0.00099601608235389
219,2.3658691536839314,4.731738307367863,-0.006864571860237462,0.00099601608235389,4.546875,0.140625,-0.140625,6.4656164170010015,-2051.2828194955778,0.03151293098926544,3.1162740190823874,0.004017216429929249,0.0,0.0,0.00099601608235389,0.00099601608235389,0.00099601608235389,0.9960159659385681,0.00099601608235389
220,2.3658951053947868,4.7317902107895735,-0.015057015203658123,0.00099601608235389,4.375,-0.2890625,0.2890625,6.1846185000031255,-2290.1224192380905,0.03151293098926544,3.150413364171982,0.0038977452544107414,0.0,0.0,0.00099601608235389,0.00099601608235389,0.00099601608235389,0.9960159659385681,0.00099601608235389
221,2.365778979921564,4.731557959843128,-0.003989272637532481,0.00099601608235389,4.5546875,-0.2578125,0.2578125,6.425858874979895,-2098.9258271310587,0.03151293098926544,3.1575284798940024,0.004378733807243407,0.0,0.0,0.00099601608235389,0.00099601608235389,0.00099601608235389,0.9960159659385681,0.00099601608235389
222,2.3656345351219614,4.731269070243923,-0.006810748282317288,0.00099601608235389,4.46875,-0.625,0.625,6.352527542039752,-1964.1027385938419,0.03151293098926544,3.162122736374537,0.004850563302170485,0.0,0.0,0.00099601608235389,0.00099601608235389,0.00099601608235389,0.9960159659385681,0.00099601608235389
223,2.3653479747666983,4.730695949533397,-0.010072491079545904,0.00099601608235389,4.2421875,-0.2578125,0.2578125,6.003518333018292,-1981.9751640024765,0.03151293098926544,3.182559917370478,0.004850685703180109,0.0,0.0,0.00099601608235389,0.00099601608235389,0.00099601608235389,0.9960159659385681,0.00099601608235389
224,2.3652041807179662,4.7304083614359325,-0.007727502147427621,0.00099601608235389,4.4453125,-0.2109375,0.2109375,6.3432989589637145,-1944.0280687670715,0.03151293098926544,3.204099496205648,0.004553215995353336,0.0,0.0,0.00099601608235389,0.00099601608235389,0.00099601608235389,0.9960159659385681,0.00099601608235389
225,2.3652025806783126,4.730405161356625,-0.0020591710871448008,0.00099601608235389,4.1015625,0.453125,-0.453125,5.839381041994784,-2206.7904623994373,0.03151293098926544,3.285193771123886,0.004448974199476652,0.0,0.0,0.00099601608235389,0.00099601608235389,0.00099601608235389,0.9960159659385681,0.00099601608235389
226,2.3650733430386053,4.730146686077211,-0.006075195326840541,0.00099601608235389,4.34375,0.125,-0.125,6.232467208988965,-2099.014921658331,0.03151293098926544,3.2590097784996033,0.00485228964438041,0.0,0.0,0.00099601608235389,0.00099601608235389,0.00099601608235389,0.9960159659385681,0.00099601608235389
227,2.364974172230778,4.729948344461556,-0.01019240023228812,0.00099601608235389,4.34375,-0.609375,0.609375,6.321857375034597,-2141.1572439121687,0.03151293098926544,3.150851676861445,0.004453063156688586,0.0,0.0,0.00099601608235389,0.00099601608235389,0.00099601608235389,0.9960159659385681,0.00099601608235389
228,2.3648314942504376,4.729662988500875,-0.011972433765367333,0.00099601608235389,4.234375,-0.59375,0.59375,6.133666125009768,-2653.4345330892893,0.03151293098926544,3.1304609974225364,0.0043675175014262395,0.0,0.0,0.00099601608235389,0.00099601608235389,0.00099601608235389,0.9960159659385681,0.00099601608235389
229,2.364723839070426,4.729447678140852,-0.010570846714760275,0.00099601608235389,4.2265625,-0.34375,0.34375,6.00236133398721,-2235.9402656378898,0.03151293098926544,3.237211267153422,0.004413838345499244,0.0,0.0,0.00099601608235389,0.00099601608235389,0.00099601608235389,0.9960159659385681,0.00099601608235389
230,2.3647065092906896,4.729413018581379,-0.0061539809883815145,0.00099601608235389,4.3984375,-0.4921875,0.4921875,6.253542667021975,-2307.3677551530395,0.03151293098926544,3.3287599682807922,0.004623439706241091,0.0,0.0,0.00099601608235389,0.00099601608235389,0.00099601608235389,0.9960159659385681,0.00099601608235389
231,2.3646379809561444,4.729275961912289,-0.0067743474975259675,0.00099601608235389,4.3828125,-0.0234375,0.0234375,6.207394625002053,-2278.8551512614504,0.03151293098926544,3.300434867540995,0.00469952670391649,0.0,0.0,0.00099601608235389,0.00099601608235389,0.00099601608235389,0.9960159659385681,0.00099601608235389
232,2.3644540839303128,4.7289081678606255,-0.0020777421618476395,0.00099601608235389,4.3984375,0.078125,-0.078125,6.295361583994236,-2361.2784140182007,0.03151293098926544,3.2130878070990243,0.004554101741329457,0.0,0.0,0.00099601608235389,0.00099601608235389,0.00099601608235389,0.9960159659385681,0.00099601608235389
233,2.3642130955224028,4.7284261910448055,-0.012750908223288709,0.00099601608235389,4.265625,-0.1015625,0.1015625,6.077236499986611,-2594.1459060972866,0.03151293098926544,3.2017585933208466,0.004322146104338269,0.0,0.0,0.00099601608235389,0.00099601608235389,0.00099601608235389,0.9960159659385681,0.00099601608235389
234,2.3640883117797302,4.7281766235594604,-0.011104467564974184,0.00099601608235389,4.3671875,-0.140625,0.140625,6.192985332978424,-3089.717528841363,0.03151293098926544,3.1973646879196167,0.004256257641827688,0.0,0.0,0.00099601608235389,0.00099601608235389,0.00099601608235389,0.9960159659385681,0.00099601608235389
235,2.364092465574814,4.728184931149628,-0.008643968322482761,0.00099601608235389,4.078125,-0.75,0.75,5.858958709053695,-2737.0923519993194,0.03151293098926544,3.3334772686163583,0.004390549297871378,0.0,0.0,0.00099601608235389,0.00099601608235389,0.00099601608235389,0.9960159659385681,0.00099601608235389
236,2.3640616496998286,4.728123299399657,-0.01145427038722146,0.00099601608235389,4.3828125,-0.1796875,0.1796875,6.221195166988764,-2204.76265335763,0.03151293098926544,3.296293834845225,0.004330005525844172,0.0,0.0,0.00099601608235389,0.00099601608235389,0.00099601608235389,0.9960159659385681,0.00099601608235389
237,2.3640372396024874,4.728074479204975,-0.005461254146845661,0.00099601608235389,4.390625,-0.4609375,0.4609375,6.296665792004205,-2368.42274051035,0.03151293098926544,3.2896589636802673,0.00491896034994473,0.0,0.0,0.00099601608235389,0.00099601608235389,0.00099601608235389,0.9960159659385681,0.00099601608235389
238,2.363917779941773,4.727835559883546,-0.01760585932912066,0.00099601608235389,4.5625,-0.7734375,0.7734375,6.497071583988145,-3120.678687905612,0.03151293098926544,3.2337119380633035,0.004861748107941821,0.0,0.0,0.00099601608235389,0.00099601608235389,0.00099601608235389,0.9960159659385681,0.00099601608235389
239,2.3638267250526983,4.727653450105397,-0.009056576748268088,0.00099601608235389,4.2265625,-0.328125,0.328125,6.001513416005764,-2643.3949827081397,0.03151293098926544,3.3050027191638947,0.004781698022270575,0.0,0.0,0.00099601608235389,0.00099601608235389,0.00099601608235389,0.9960159659385681,0.00099601608235389
240,2.363813940136313,4.727627880272626,-0.0067354594086769535,0.00099601608235389,4.4609375,-0.1796875,0.1796875,6.4072615840123035,-2615.0933025330046,0.03151293098926544,3.324511706829071,0.004268020017965076,0.0,0.0,0.00099601608235389,0.00099601608235389,0.00099601608235389,0.9960159659385681,0.00099601608235389
241,2.363900264390219,4.727800528780438,-0.01485618462103687,0.00099601608235389,4.2265625,-0.1484375,0.1484375,6.099232374981511,-3112.3107510053737,0.03151293098926544,3.3280068139235177,0.0043001858236190555,0.0,0.0,0.00099601608235389,0.00099601608235389,0.00099601608235389,0.9960159659385681,0.00099601608235389
242,2.363922691656228,4.727845383312456,-0.014805571707203593,0.00099601608235389,4.453125,0.6875,-0.6875,6.342571499990299,-3447.4635615649977,0.03151293098926544,3.284000277519226,0.004564372124150395,0.0,0.0,0.00099601608235389,0.00099601608235389,0.00099601608235389,0.9960159659385681,0.00099601608235389
243,2.363890086660007,4.727780173320014,-0.006661907777391705,0.00099601608235389,4.171875,-0.5859375,0.5859375,6.000031624978874,-2893.284315457505,0.03151293098926544,3.3009969691435495,0.0049859706972104805,0.0,0.0,0.00099601608235389,0.00099601608235389,0.00099601608235389,0.9960159659385681,0.00099601608235389
244,2.363789460661451,4.727578921322902,-0.008293751156065171,0.00099601608235389,4.171875,-0.25,0.25,5.976994750031736,-2879.176533424006,0.03151293098926544,3.322872966527939,0.004865455179242417,0.0,0.0,0.00099601608235389,0.00099601608235389,0.00099601608235389,0.9960159659385681,0.00099601608235389
245,2.3637959122237717,4.7275918244475434,-0.00970233522345157,0.00099601608235389,4.359375,0.296875,-0.296875,6.254588333016727,-2727.5677483551817,0.03151293098926544,3.417099525531133,0.0046805361125734635,0.0,0.0,0.00099601608235389,0.00099601608235389,0.00099601608235389,0.9960159659385681,0.00099601608235389
246,2.3638289252134603,4.727657850426921,-0.0023338078042051467,0.00099601608235389,4.328125,-0.3046875,0.3046875,6.100532041979022,-2453.2324569492134,0.03151293098926544,3.460257798433304,0.004386325308587402,0.0,0.0,0.00099601608235389,0.00099601608235389,0.00099601608235389,0.9960159659385681,0.00099601608235389
247,2.363834919086079,4.727669838172158,-0.008713297600645237,0.00099601608235389,4.359375,0.015625,-0.015625,6.156735124997795,-2407.832477689217,0.03151293098926544,3.463394025961558,0.004996403004042804,0.0,0.0,0.00099601608235389,0.00099601608235389,0.00099601608235389,0.9960159659385681,0.00099601608235389
248,2.3638122445275123,4.7276244890550245,-0.00744262992579863,0.00099601608235389,4.1796875,-0.0859375,0.0859375,6.071857166942209,-3429.96006947455,0.03151293098926544,3.4134075045585632,0.0046662596966295196,0.0,0.0,0.00099601608235389,0.00099601608235389,0.00099601608235389,0.9960159659385681,0.00099601608235389
249,2.3637076210867125,4.727415242173425,-0.005268576657929701,0.00099601608235389,4.171875,-0.4375,0.4375,5.937799666018691,-3261.6913496938982,0.03151293098926544,3.4151524106661477,0.004806531069334596,0.0,0.0,0.00099601608235389,0.00099601608235389,0.00099601608235389,0.9960159659385681,0.00099601608235389
250,2.3636010102549023,4.727202020509805,-0.011184626643986824,0.00099601608235389,4.15625,-0.0703125,0.0703125,6.036652125010733,-2986.372692965027,0.03151293098926544,3.4698897997538247,0.005152979962682973,0.0,0.0,0.00099601608235389,0.00099601608235389,0.00099601608235389,0.9960159659385681,0.00099601608235389
251,2.3636405794415607,4.727281158883121,-0.006900472771770106,0.00099601608235389,4.453125,-0.125,0.125,6.33647054200992,-2507.652096882201,0.03151293098926544,3.4429493248462677,0.00481383078537571,0.0,0.0,0.00099601608235389,0.00099601608235389,0.00099601608235389,0.9960159659385681,0.00099601608235389
252,2.3635821098261287,4.727164219652257,-0.013981358723158557,0.00099601608235389,4.3515625,0.421875,-0.421875,6.206759124994278,-2787.6713216291937,0.03151293098926544,3.414129465818405,0.004487280501052737,0.0,0.0,0.00099601608235389,0.00099601608235389,0.00099601608235389,0.9960159659385681,0.00099601608235389
253,2.36353482412367,4.72706964824734,-0.004351241485258153,0.00099601608235389,4.265625,-0.3984375,0.3984375,6.099596790969372,-3340.3590467054764,0.03151293098926544,3.360033690929413,0.004627909647145619,0.0,0.0,0.00099601608235389,0.00099601608235389,0.00099601608235389,0.9960159659385681,0.00099601608235389
254,2.363492993971767,4.726985987943534,-0.002664795353581432,0.00099601608235389,4.3359375,0.296875,-0.296875,6.196925959025975,-3075.553284031636,0.03151293098926544,3.368006636699041,0.004639822659858813,0.0,0.0,0.00099601608235389,0.00099601608235389,0.00099601608235389,0.9960159659385681,0.00099601608235389
255,2.36341027591394,4.72682055182788,-0.015317761987515225,0.00099601608235389,4.34375,0.78125,-0.78125,6.2155032500158995,-3271.3833974248214,0.03151293098926544,3.3733639617760978,0.004713952560753872,0.0,0.0,0.00099601608235389,0.00099601608235389,0.00099601608235389,0.9960159659385681,0.00099601608235389
256,2.36341831999529,4.72683663999058,-0.01156214465832839,0.00099601608235389,4.375,-0.1328125,0.1328125,6.273323166999035,-4080.5010986055645,0.03151293098926544,3.3567884266376495,0.0044932822735669715,0.0,0.0,0.00099601608235389,0.00099601608235389,0.00099601608235389,0.9960159659385681,0.00099601608235389
257,2.3634593967354496,4.726918793470899,-0.008755140169406933,0.00099601608235389,4.671875,-0.3046875,0.3046875,6.599599000008311,-3556.8794551071114,0.03151293098926544,3.3656112353006997,0.004422625980320542,0.0,0.0,0.00099601608235389,0.00099601608235389,0.00099601608235389,0.9960159659385681,0.00099601608235389
258,2.3634006379383625,4.726801275876725,-0.011295164284022307,0.00099601608235389,4.5234375,-0.1953125,0.1953125,6.497477083001286,-3434.7759081852046,0.03151293098926544,3.346914847691854,0.004649040357132132,0.0,0.0,0.00099601608235389,0.00099601608235389,0.00099601608235389,0.9960159659385681,0.00099601608235389
259,2.3633264114458257,4.726652822891651,-0.009222468792487292,0.00099601608235389,4.3828125,-1.125,1.125,6.240629667008761,-3845.7720745685056,0.03151293098926544,3.328710267941157,0.004876612103544176,0.0,0.0,0.00099601608235389,0.00099601608235389,0.00099601608235389,0.9960159659385681,0.00099601608235389
260,2.3631825650681115,4.726365130136223,-0.01214605971538705,0.00099601608235389,4.3671875,0.078125,-0.078125,6.215418457984924,-4511.719558210833,0.03151293098926544,3.3266051014264426,0.004725901924151306,0.0,0.0,0.00099601608235389,0.00099601608235389,0.00099601608235389,0.9960159659385681,0.00099601608235389
261,2.3630024875645637,4.726004975129127,-0.00905997482577725,0.00099601608235389,4.3125,0.109375,-0.109375,6.164756832993589,-3820.9354364215465,0.03151293098926544,3.3630862633387246,0.00479899513690422,0.0,0.0,0.00099601608235389,0.00099601608235389,0.00099601608235389,0.9960159659385681,0.00099601608235389
262,2.3630183671117493,4.726036734223499,-0.006503212024164285,0.00099601608235389,4.2578125,-0.1953125,0.1953125,6.071922499977518,-3453.2594199294344,0.03151293098926544,3.4888689517974854,0.004789485363289714,0.0,0.0,0.00099601608235389,0.00099601608235389,0.00099601608235389,0.9960159659385681,0.00099601608235389
263,2.3630102077947788,4.7260204155895575,-0.01669747002455964,0.00099601608235389,4.5546875,-0.4765625,0.4765625,6.469312125002034,-3656.903151006682,0.03151293098926544,3.5057509740193686,0.004734570577663059,0.0,0.0,0.00099601608235389,0.00099601608235389,0.00099601608235389,0.9960159659385681,0.00099601608235389
264,2.362911713669676,4.725823427339352,-0.0048092464243867546,0.00099601608235389,4.328125,0.2578125,-0.2578125,6.139592125022318,-3576.6296614361154,0.03151293098926544,3.4533037145932517,0.004694202822671893,0.0,0.0,0.00099601608235389,0.00099601608235389,0.00099601608235389,0.9960159659385681,0.00099601608235389
265,2.3628305623079733,4.725661124615947,-0.01806943501427677,0.00099601608235389,4.0546875,0.390625,-0.390625,5.721852125017904,-3860.6269144488206,0.03151293098926544,3.533310135205587,0.005346497947660585,0.0,0.0,0.00099601608235389,0.00099601608235389,0.00099601608235389,0.9960159659385681,0.00099601608235389
266,2.362721121936164,4.725442243872328,-0.0024596293088974186,0.00099601608235389,4.28125,0.6875,-0.6875,6.174787332944106,-3811.3012325537466,0.03151293098926544,3.487160046895345,0.005050240724813193,0.0,0.0,0.00099601608235389,0.00099601608235389,0.00099601608235389,0.9960159659385681,0.00099601608235389
267,2.3626027507571123,4.725205501514225,-0.004822576539415019,0.00099601608235389,4.2734375,1.2734375,-1.2734375,5.999887874990236,-3808.699074119275,0.03151293098926544,3.516518215338389,0.005129262106493115,0.0,0.0,0.00099601608235389,0.00099601608235389,0.00099601608235389,0.9960159659385681,0.00099601608235389
268,2.362511873633643,4.725023747267286,-0.006094585053176161,0.00099601608235389,4.0859375,-0.4140625,0.4140625,5.848521500010975,-4288.99068056329,0.03151293098926544,3.6229442159334817,0.005313568961961816,0.0,0.0,0.00099601608235389,0.00099601608235389,0.00099601608235389,0.9960159659385681,0.00099601608235389
269,2.3624293282117432,4.7248586564234865,-0.005193823605673486,0.00099601608235389,4.5078125,0.2578125,-0.2578125,6.408921124995686,-4050.4593661455388,0.03151293098926544,3.6055558919906616,0.0048428629112701556,0.0,0.0,0.00099601608235389,0.00099601608235389,0.00099601608235389,0.9960159659385681,0.00099601608235389
270,2.3624229991843353,4.724845998368671,-0.002135763576806631,0.00099601608235389,4.4375,-0.6484375,0.6484375,6.246154166990891,-4485.492443625356,0.03151293098926544,3.654441992441813,0.004496516315460515,0.0,0.0,0.00099601608235389,0.00099601608235389,0.00099601608235389,0.9960159659385681,0.00099601608235389
271,2.3623333896101295,4.724666779220259,-0.005481196114839147,0.00099601608235389,4.328125,0.2109375,-0.2109375,6.17607758397935,-4564.220440461748,0.03151293098926544,3.6500319838523865,0.004943952410637091,0.0,0.0,0.00099601608235389,0.00099601608235389,0.00099601608235389,0.9960159659385681,0.00099601608235389
272,2.362132506003262,4.724265012006524,-0.014316358352070195,0.00099601608235389,4.3125,-0.6640625,0.6640625,6.16972879099194,-5158.846222936243,0.03151293098926544,3.6283616423606873,0.0051943339058198035,0.0,0.0,0.00099601608235389,0.00099601608235389,0.00099601608235389,0.9960159659385681,0.00099601608235389
273,2.3618679810588583,4.723735962117717,-0.010521154947700928,0.00099601608235389,4.2734375,0.6484375,-0.6484375,6.10511183302151,-3828.845862355485,0.03151293098926544,3.6080985267957053,0.005103887757286429,0.0,0.0,0.00099601608235389,0.00099601608235389,0.00099601608235389,0.9960159659385681,0.00099601608235389
274,2.361703148977087,4.723406297954174,-0.006325789716676356,0.00099601608235389,4.28125,-0.234375,0.234375,6.148922958993353,-4464.045641310894,0.03151293098926544,3.7228057583173118,0.005271056220711519,0.0,0.0,0.00099601608235389,0.00099601608235389,0.00099601608235389,0.9960159659385681,0.00099601608235389
275,2.3616688129582704,4.723337625916541,-0.010416935412335685,0.00099601608235389,4.5625,0.1640625,-0.1640625,6.518715957994573,-4017.186879814488,0.03151293098926544,3.728660802046458,0.0044984956524179625,0.0,0.0,0.00099601608235389,0.00099601608235389,0.00099601608235389,0.9960159659385681,0.00099601608235389
276,2.3615185503195244,4.723037100639049,-0.008178552612600296,0.00099601608235389,4.390625,0.4453125,-0.4453125,6.243340375018306,-4164.913067936473,0.03151293098926544,3.6734209855397544,0.004961906893489261,0.0,0.0,0.00099601608235389,0.00099601608235389,0.00099601608235389,0.9960159659385681,0.00099601608235389
277,2.3613345044775502,4.7226690089551004,-0.015186355854413039,0.00099601608235389,4.4921875,0.0625,-0.0625,6.36796929204138,-3939.0015927090853,0.03151293098926544,3.5981262723604837,0.00488325683788086,0.0,0.0,0.00099601608235389,0.00099601608235389,0.00099601608235389,0.9960159659385681,0.00099601608235389
278,2.361140325798092,4.722280651596184,-0.002908910530594519,0.00099601608235389,4.2109375,0.3125,-0.3125,5.960208332980983,-4158.2383476427185,0.03151293098926544,3.6482434272766113,0.005474278742137055,0.0,0.0,0.00099601608235389,0.00099601608235389,0.00099601608235389,0.9960159659385681,0.00099601608235389
279,2.3609371833351975,4.721874366670395,-0.010598030140308164,0.00099601608235389,4.453125,0.109375,-0.109375,6.509470832999796,-4874.945449671829,0.03151293098926544,3.6435206135114035,0.005432779260445386,0.0,0.0,0.00099601608235389,0.00099601608235389,0.00099601608235389,0.9960159659385681,0.00099601608235389
280,2.3606019312754682,4.7212038625509365,-0.013123889783866683,0.00099601608235389,4.390625,-0.1171875,0.1171875,6.233226917043794,-4827.093259865703,0.03151293098926544,3.613830546538035,0.005123362566033999,0.0,0.0,0.00099601608235389,0.00099601608235389,0.00099601608235389,0.9960159659385681,0.00099601608235389
281,2.3604184148363383,4.720836829672677,-0.009248680570835405,0.00099601608235389,4.46875,-0.5859375,0.5859375,6.300429125025403,-4776.839898976413,0.03151293098926544,3.615061322848002,0.00473622737141947,0.0,0.0,0.00099601608235389,0.00099601608235389,0.00099601608235389,0.9960159659385681,0.00099601608235389
282,2.3602654170388173,4.720530834077635,-0.022835049467082626,0.00099601608235389,4.4375,0.3671875,-0.3671875,6.346414208004717,-4926.513895679527,0.03151293098926544,3.708662986755371,0.004368044329263891,0.0,0.0,0.00099601608235389,0.00099601608235389,0.00099601608235389,0.9960159659385681,0.00099601608235389
283,2.3601167189491417,4.720233437898283,-0.0184799382559087,0.00099601608235389,4.3125,0.140625,-0.140625,6.179484166961629,-5026.997518891873,0.03151293098926544,3.6489917437235513,0.004744551401624146,0.0,0.0,0.00099601608235389,0.00099601608235389,0.00099601608235389,0.9960159659385681,0.00099601608235389
284,2.3600485959997783,4.720097191999557,-0.006005309150547897,0.00099601608235389,4.6484375,-0.3828125,0.3828125,6.481619417027105,-4935.5194278140025,0.03151293098926544,3.6642831365267434,0.004951324396339866,0.0,0.0,0.00099601608235389,0.00099601608235389,0.00099601608235389,0.9960159659385681,0.00099601608235389
285,2.3599053910092334,4.719810782018467,-0.00923404809212686,0.00099601608235389,4.359375,-0.0546875,0.0546875,6.258325208036695,-4769.944755796891,0.03151293098926544,3.6510782837867737,0.005267500081875672,0.0,0.0,0.00099601608235389,0.00099601608235389,0.00099601608235389,0.9960159659385681,0.00099601608235389
286,2.3598020322472575,4.719604064494515,-0.016582500893061222,0.00099601608235389,4.5859375,1.0390625,-1.0390625,6.504814082989469,-4717.99009395255,0.03151293098926544,3.613192081451416,0.005261277605313808,0.0,0.0,0.00099601608235389,0.00099601608235389,0.00099601608235389,0.9960159659385681,0.00099601608235389
287,2.3596101839101116,4.719220367820223,-0.013997839840055403,0.00099601608235389,4.53125,-0.828125,0.828125,6.452726834046189,-4726.793415533263,0.03151293098926544,3.638776202996572,0.005051708295165251,0.0,0.0,0.00099601608235389,0.00099601608235389,0.00099601608235389,0.9960159659385681,0.00099601608235389
288,2.359490477211766,4.718980954423532,-0.0067525162153987215,0.00099601608235389,4.421875,-0.96875,0.96875,6.324808333010878,-5014.275167246168,0.03151293098926544,3.677383323510488,0.004906617463954414,0.0,0.0,0.00099601608235389,0.00099601608235389,0.00099601608235389,0.9960159659385681,0.00099601608235389
289,2.3594060678113684,4.718812135622737,-0.0140230694600401,0.00099601608235389,4.4453125,-1.6015625,1.6015625,6.2580614580074325,-5621.1628937914,0.03151293098926544,3.7396175265312195,0.004771053451501454,0.0,0.0,0.00099601608235389,0.00099601608235389,0.00099601608235389,0.9960159659385681,0.00099601608235389
290,2.3593661875507372,4.7187323751014745,-0.0077091548007825975,0.00099601608235389,4.2890625,-0.0859375,0.0859375,6.163698790944181,-5386.3902335279845,0.03151293098926544,3.818717579046885,0.004919648238380129,0.0,0.0,0.00099601608235389,0.00099601608235389,0.00099601608235389,0.9960159659385681,0.00099601608235389
291,2.3592534254883333,4.7185068509766666,-0.00993990519028902,0.00099601608235389,4.4140625,-0.8984375,0.8984375,6.329944249999244,-5190.268064181572,0.03151293098926544,3.8073313236236572,0.005462047061882913,0.0,0.0,0.00099601608235389,0.00099601608235389,0.00099601608235389,0.9960159659385681,0.00099601608235389
292,2.3591072105881197,4.718214421176239,-0.00875131064794445,0.00099601608235389,4.3984375,-0.296875,0.296875,6.241466749983374,-6356.997136341319,0.03151293098926544,3.7682713866233826,0.005244989840624233,0.0,0.0,0.00099601608235389,0.00099601608235389,0.00099601608235389,0.9960159659385681,0.00099601608235389
293,2.3588773532509624,4.717754706501925,-0.015065272891255503,0.00099601608235389,4.3984375,-0.1015625,0.1015625,6.259738624969032,-5668.277893096897,0.03151293098926544,3.7240663965543113,0.0051399678535138564,0.0,0.0,0.00099601608235389,0.00099601608235389,0.00099601608235389,0.9960159659385681,0.00099601608235389
294,2.3588214479708065,4.717642895941613,-0.008897097013658895,0.00099601608235389,4.6484375,0.5703125,-0.5703125,6.555626042012591,-5148.696199897959,0.03151293098926544,3.6837462782859802,0.004509432600267853,0.0,0.0,0.00099601608235389,0.00099601608235389,0.00099601608235389,0.9960159659385681,0.00099601608235389
295,2.3587844930973447,4.7175689861946895,-0.025652670146560527,0.00099601608235389,4.2578125,0.0390625,-0.0390625,6.089698750001844,-5815.8389137443055,0.03151293098926544,3.817864179611206,0.004754524348148455,0.0,0.0,0.00099601608235389,0.00099601608235389,0.00099601608235389,0.9960159659385681,0.00099601608235389
296,2.3588506747816513,4.717701349563303,-0.010992289904573885,0.00099601608235389,4.34375,-0.03125,0.03125,6.15166420902824,-4611.423516547937,0.03151293098926544,3.868236541748047,0.004797248325000207,0.0,0.0,0.00099601608235389,0.00099601608235389,0.00099601608235389,0.9960159659385681,0.00099601608235389
297,2.358773762001757,4.717547524003514,-0.009373525619602894,0.00099601608235389,4.453125,0.1328125,-0.1328125,6.329186707967892,-4686.758215485957,0.03151293098926544,3.771262526512146,0.00487428034345309,0.0,0.0,0.00099601608235389,0.00099601608235389,0.00099601608235389,0.9960159659385681,0.00099601608235389
298,2.3587167673293097,4.717433534658619,-0.01462316295348002,0.00099601608235389,4.4296875,-0.515625,0.515625,6.320619124977384,-4718.721392152171,0.03151293098926544,3.7474684615929923,0.005361159933575739,0.0,0.0,0.00099601608235389,0.00099601608235389,0.00099601608235389,0.9960159659385681,0.00099601608235389
299,2.3586156831823386,4.717231366364677,-0.01245688808142861,0.00099601608235389,4.4140625,0.609375,-0.609375,6.277126375003718,-6340.726840655571,0.03151293098926544,3.734635909398397,0.005413325193027656,0.0,0.0,0.00099601608235389,0.00099601608235389,0.00099601608235389,0.9960159659385681,0.00099601608235389
300,2.3585423606476246,4.717084721295249,-0.015909456400317292,0.00099601608235389,4.5390625,0.359375,-0.359375,6.394425500009675,-5438.827871916832,0.03151293098926544,3.8156245350837708,0.005544298871730764,0.0,0.0,0.00099601608235389,0.00099601608235389,0.00099601608235389,0.9960159659385681,0.00099601608235389
301,2.3583260748849244,4.716652149769849,-0.01489610562227752,0.00099601608235389,4.5078125,0.328125,-0.328125,6.402868750039488,-5826.825774320077,0.03151293098926544,3.7250294586022696,0.005167595324261735,0.0,0.0,0.00099601608235389,0.00099601608235389,0.00099601608235389,0.9960159659385681,0.00099601608235389
302,2.3582508818394414,4.716501763678883,-0.014362461660508452,0.00099601608235389,4.3828125,-0.296875,0.296875,6.259223000030033,-6254.703627676462,0.03151293098926544,3.8396618167559304,0.005317385987533878,0.0,0.0,0.00099601608235389,0.00099601608235389,0.00099601608235389,0.9960159659385681,0.00099601608235389
303,2.3581488587470827,4.716297717494165,-0.011341883367543324,0.00099601608235389,4.59375,-0.4375,0.4375,6.409656750038266,-6405.5134593807925,0.03151293098926544,3.918786436319351,0.004969555855495855,0.0,0.0,0.00099601608235389,0.00099601608235389,0.00099601608235389,0.9960159659385681,0.00099601608235389
304,2.3580315759061747,4.7160631518123495,-0.0066544376163533816,0.00099601608235389,4.3203125,0.5,-0.5,6.1385142499930225,-6022.023363289307,0.03151293098926544,3.836730698744456,0.004994344528919707,0.0,0.0,0.00099601608235389,0.00099601608235389,0.00099601608235389,0.9960159659385681,0.00099601608235389
305,2.3580310074589175,4.716062014917835,-0.005605813126543122,0.00099601608235389,4.4921875,-0.640625,0.640625,6.292195624962915,-4676.309802617612,0.03151293098926544,3.8042773604393005,0.005445187193496774,0.0,0.0,0.00099601608235389,0.00099601608235389,0.00099601608235389,0.9960159659385681,0.00099601608235389
306,2.3579738242837993,4.715947648567599,-0.011395406938173045,0.00099601608235389,4.4609375,-0.6015625,0.6015625,6.365731124999002,-6038.685157221378,0.03151293098926544,3.8348852594693503,0.005744635282705228,0.0,0.0,0.00099601608235389,0.00099601608235389,0.00099601608235389,0.9960159659385681,0.00099601608235389
307,2.3577560741157746,4.715512148231549,-0.01204162546164102,0.00099601608235389,4.375,-0.328125,0.328125,6.259041749988683,-6174.011126722608,0.03151293098926544,3.841567118962606,0.00549667850524808,0.0,0.0,0.00099601608235389,0.00099601608235389,0.00099601608235389,0.9960159659385681,0.00099601608235389
308,2.357711102180618,4.715422204361236,-0.01878188631434953,0.00099601608235389,4.4609375,-0.421875,0.421875,6.2968052080250345,-6174.275957952656,0.03151293098926544,3.868690143028895,0.00507000760990195,0.0,0.0,0.00099601608235389,0.00099601608235389,0.00099601608235389,0.9960159659385681,0.00099601608235389
309,2.3576551580132614,4.715310316026523,-0.017818885888332026,0.00099601608235389,4.375,-0.1875,0.1875,6.23365437501343,-6104.1913873195645,0.03151293098926544,3.9716278314590454,0.005115767999086529,0.0,0.0,0.00099601608235389,0.00099601608235389,0.00099601608235389,0.9960159659385681,0.00099601608235389
310,2.357531900633312,4.715063801266624,-0.009071017086520083,0.00099601608235389,4.3828125,-0.0234375,0.0234375,6.15019520802889,-7244.323415419634,0.03151293098926544,3.923253079255422,0.005080588181347896,0.0,0.0,0.00099601608235389,0.00099601608235389,0.00099601608235389,0.9960159659385681,0.00099601608235389
311,2.35748840538018,4.71497681076036,-0.010709792109833024,0.00099601608235389,4.5390625,-0.2109375,0.2109375,6.36409545794595,-7572.554408771036,0.03151293098926544,3.8940269549687705,0.005194652670373519,0.0,0.0,0.00099601608235389,0.00099601608235389,0.00099601608235389,0.9960159659385681,0.00099601608235389
312,2.357373888597895,4.71474777719579,-0.007247323835421953,0.00099601608235389,4.390625,0.1015625,-0.1015625,6.271099750010762,-7733.400670095695,0.03151293098926544,3.844698409239451,0.005187547474633902,0.0,0.0,0.00099601608235389,0.00099601608235389,0.00099601608235389,0.9960159659385681,0.00099601608235389
313,2.357208021933662,4.714416043867324,-0.013106738592118476,0.00099601608235389,4.3671875,-0.3203125,0.3203125,6.188939416955691,-7200.4621184524785,0.03151293098926544,3.86872390906016,0.005391896838167061,0.0,0.0,0.00099601608235389,0.00099601608235389,0.00099601608235389,0.9960159659385681,0.00099601608235389
314,2.357100442242264,4.714200884484528,-0.00834231251295219,0.00099601608235389,4.4765625,-0.75,0.75,6.332919417007361,-7677.475334047647,0.03151293098926544,3.9788144628206887,0.0053665094504443305,0.0,0.0,0.00099601608235389,0.00099601608235389,0.00099601608235389,0.9960159659385681,0.00099601608235389
315,2.357108029205925,4.71421605841185,-0.010444707207932261,0.00099601608235389,4.1640625,0.1796875,-0.1796875,5.935682832961902,-7032.301358536081,0.03151293098926544,4.105258305867513,0.004876198363490403,0.0,0.0,0.00099601608235389,0.00099601608235389,0.00099601608235389,0.9960159659385681,0.00099601608235389
316,2.3570724248413515,4.714144849682703,-0.023046158556344787,0.00099601608235389,4.5,-0.0234375,0.0234375,6.337714583962224,-6572.245757851336,0.03151293098926544,4.013145824273427,0.005200915329623967,0.0,0.0,0.00099601608235389,0.00099601608235389,0.00099601608235389,0.9960159659385681,0.00099601608235389
317,2.3570073136362355,4.714014627272471,-0.0179252966681031,0.00099601608235389,4.3828125,-0.75,0.75,6.319354375009425,-7928.471180383747,0.03151293098926544,3.918196737766266,0.005134299067625155,0.0,0.0,0.00099601608235389,0.00099601608235389,0.00099601608235389,0.9960159659385681,0.00099601608235389
318,2.3571312888162725,4.714262577632545,-0.011247944652130151,0.00099601608235389,4.484375,-0.5390625,0.5390625,6.318966042017564,-6213.169861471196,0.03151293098926544,3.897972603638967,0.005263988714432344,0.0,0.0,0.00099601608235389,0.00099601608235389,0.00099601608235389,0.9960159659385681,0.00099601608235389
319,2.3570786536289647,4.7141573072579295,-0.004002348680816638,0.00099601608235389,4.65625,0.3203125,-0.3203125,6.511346542043611,-7000.841348731277,0.03151293098926544,3.894763151804606,0.005376298155169934,0.0,0.0,0.00099601608235389,0.00099601608235389,0.00099601608235389,0.9960159659385681,0.00099601608235389
320,2.3568740542621263,4.7137481085242525,-0.011944482671984148,0.00099601608235389,4.5,-0.3828125,0.3828125,6.36248962499667,-7175.5148069196275,0.03151293098926544,3.9053557316462197,0.005277687994142373,0.0,0.0,0.00099601608235389,0.00099601608235389,0.00099601608235389,0.9960159659385681,0.00099601608235389
321,2.356836515767231,4.713673031534462,-0.004096895877111757,0.00099601608235389,4.421875,0.59375,-0.59375,6.2507928750128485,-6239.532229002289,0.03151293098926544,3.9075209200382233,0.004835308991156732,0.0,0.0,0.00099601608235389,0.00099601608235389,0.00099601608235389,0.9960159659385681,0.00099601608235389
322,2.3568422243336355,4.713684448667271,-0.013960472471759678,0.00099601608235389,4.6328125,0.25,-0.25,6.651154374994803,-7238.806285800259,0.03151293098926544,3.9450153410434723,0.005090371530968696,0.0,0.0,0.00099601608235389,0.00099601608235389,0.00099601608235389,0.9960159659385681,0.00099601608235389
323,2.3567938538088935,4.713587707617787,-0.006528600243664057,0.00099601608235389,4.484375,-0.84375,0.84375,6.317547667014878,-7982.386057278836,0.03151293098926544,3.955909311771393,0.005403078898477058,0.0,0.0,0.00099601608235389,0.00099601608235389,0.00099601608235389,0.9960159659385681,0.00099601608235389
324,2.3567842137202537,4.713568427440507,-0.014981493729863512,0.00099601608235389,4.515625,-0.4140625,0.4140625,6.359411209006794,-8014.89519886822,0.03151293098926544,3.9225885768731437,0.005271502654068172,0.0,0.0,0.00099601608235389,0.00099601608235389,0.00099601608235389,0.9960159659385681,0.00099601608235389
325,2.3567268384032882,4.7134536768065765,-0.011039827404193228,0.00099601608235389,4.3203125,-0.4609375,0.4609375,6.186886292009149,-7706.936240011702,0.03151293098926544,3.9870303173859916,0.0057113922472732765,0.0,0.0,0.00099601608235389,0.00099601608235389,0.00099601608235389,0.9960159659385681,0.00099601608235389
326,2.356789891180804,4.713579782361608,-0.010764711314665833,0.00099601608235389,4.515625,-0.453125,0.453125,6.399255875032395,-6081.89337460475,0.03151293098926544,4.133699973424275,0.005757264754114051,0.0,0.0,0.00099601608235389,0.00099601608235389,0.00099601608235389,0.9960159659385681,0.00099601608235389
327,2.356819614935964,4.713639229871928,-0.022832187370548814,0.00099601608235389,4.3984375,0.1484375,-0.1484375,6.213763125007972,-7188.121125771775,0.03151293098926544,4.1888054211934405,0.005367002120086302,0.0,0.0,0.00099601608235389,0.00099601608235389,0.00099601608235389,0.9960159659385681,0.00099601608235389
328,2.356783279351031,4.713566558702062,-0.021875220274885636,0.00099601608235389,4.421875,-0.140625,0.140625,6.314848499954678,-6352.027190292682,0.03151293098926544,4.16852064927419,0.005429773504147306,0.0,0.0,0.00099601608235389,0.00099601608235389,0.00099601608235389,0.9960159659385681,0.00099601608235389
329,2.3567700303164596,4.713540060632919,-0.013253349343585984,0.00099601608235389,4.4140625,-0.625,0.625,6.247987125010695,-5742.280299303173,0.03151293098926544,4.0687854290008545,0.005343499428515012,0.0,0.0,0.00099601608235389,0.00099601608235389,0.00099601608235389,0.9960159659385681,0.00099601608235389
330,2.356768289513845,4.71353657902769,-0.008202922941230477,0.00099601608235389,4.6640625,-0.0625,0.0625,6.599571958009619,-6612.911159125604,0.03151293098926544,4.029265463352203,0.005499045674999555,0.0,0.0,0.00099601608235389,0.00099601608235389,0.00099601608235389,0.9960159659385681,0.00099601608235389
331,2.3565994167206665,4.713198833441333,-0.019927148191775313,0.00099601608235389,4.4921875,-0.3515625,0.3515625,6.389165833010338,-7678.945507600204,0.03151293098926544,3.987606098254522,0.0051858788744236035,0.0,0.0,0.00099601608235389,0.00099601608235389,0.00099601608235389,0.9960159659385681,0.00099601608235389
332,2.356469192156095,4.71293838431219,-0.011004533210907554,0.00099601608235389,4.375,0.6953125,-0.6953125,6.154090208001435,-7836.98117893764,0.03151293098926544,4.064612865447998,0.0049890519270168925,0.0,0.0,0.00099601608235389,0.00099601608235389,0.00099601608235389,0.9960159659385681,0.00099601608235389
333,2.356319590165112,4.712639180330224,-0.007664589550974042,0.00099601608235389,4.4453125,0.1796875,-0.1796875,6.343984708015341,-9060.598847789797,0.03151293098926544,4.130587120850881,0.004872355842962861,0.0,0.0,0.00099601608235389,0.00099601608235389,0.00099601608235389,0.9960159659385681,0.00099601608235389
334,2.3562971936918586,4.712594387383717,-0.010301399302461154,0.00099601608235389,4.3671875,0.0078125,-0.0078125,6.195632124959957,-8350.260676184365,0.03151293098926544,4.169464190800984,0.005050014588050544,0.0,0.0,0.00099601608235389,0.00099601608235389,0.00099601608235389,0.9960159659385681,0.00099601608235389
335,2.3562170031202685,4.712434006240537,-0.010563193727857556,0.00099601608235389,4.2734375,-0.2734375,0.2734375,6.126666959025897,-7909.130149666962,0.03151293098926544,4.200520257155101,0.005703609300932537,0.0,0.0,0.00099601608235389,0.00099601608235389,0.00099601608235389,0.9960159659385681,0.00099601608235389
336,2.3560731621667115,4.712146324333423,-0.01383054265056552,0.00099601608235389,4.3125,-0.2421875,0.2421875,6.2111072079860605,-6672.157469251882,0.03151293098926544,4.1605274478594465,0.005516379819406818,0.0,0.0,0.00099601608235389,0.00099601608235389,0.00099601608235389,0.9960159659385681,0.00099601608235389
337,2.355979361707463,4.711958723414926,-0.018122447747805456,0.00099601608235389,4.453125,0.203125,-0.203125,6.303498042048886,-7404.596485271789,0.03151293098926544,4.197293241818746,0.005304359074216336,0.0,0.0,0.00099601608235389,0.00099601608235389,0.00099601608235389,0.9960159659385681,0.00099601608235389
338,2.3559442859669772,4.7118885719339545,-0.019745437052351728,0.00099601608235389,4.390625,0.1796875,-0.1796875,6.220624291978311,-7054.116658241299,0.03151293098926544,4.2137952744960785,0.004864191714053352,0.0,0.0,0.00099601608235389,0.00099601608235389,0.00099601608235389,0.9960159659385681,0.00099601608235389
339,2.355931125823843,4.711862251647686,-0.017555744063168913,0.00099601608235389,4.40625,0.546875,-0.546875,6.270019375020638,-9501.61953901061,0.03151293098926544,4.170052409172058,0.005032554074811439,0.0,0.0,0.00099601608235389,0.00099601608235389,0.00099601608235389,0.9960159659385681,0.00099601608235389
340,2.3558370292386615,4.711674058477323,-0.015649733783613166,0.00099601608235389,4.375,-0.6015625,0.6015625,6.1307967500179075,-8448.404443441119,0.03151293098926544,4.114046732584636,0.005733746744226664,0.0,0.0,0.00099601608235389,0.00099601608235389,0.00099601608235389,0.9960159659385681,0.00099601608235389
341,2.3558018474502447,4.711603694900489,-0.015050003164599847,0.00099601608235389,4.46875,-0.3828125,0.3828125,6.383881209010724,-8719.726468933211,0.03151293098926544,4.13599106669426,0.005916060646995902,0.0,0.0,0.00099601608235389,0.00099601608235389,0.00099601608235389,0.9960159659385681,0.00099601608235389
342,2.3557881336015107,4.7115762672030215,-0.010042661964252896,0.00099601608235389,4.5859375,0.0,0.0,6.493794457986951,-8920.141792706778,0.03151293098926544,4.047086924314499,0.005488401977345347,0.0,0.0,0.00099601608235389,0.00099601608235389,0.00099601608235389,0.9960159659385681,0.00099601608235389
343,2.355660272106289,4.711320544212578,-0.0058575117821870635,0.00099601608235389,4.6875,0.15625,-0.15625,6.607818208052777,-9378.758470064799,0.03151293098926544,3.9804750084877014,0.005355075447975348,0.0,0.0,0.00099601608235389,0.00099601608235389,0.00099601608235389,0.9960159659385681,0.00099601608235389
344,2.355559897036481,4.711119794072962,-0.01204707447084158,0.00099601608235389,4.6015625,-0.25,0.25,6.592116707994137,-8274.23670293034,0.03151293098926544,4.0443865557511645,0.005368475208039551,0.0,0.0,0.00099601608235389,0.00099601608235389,0.00099601608235389,0.9960159659385681,0.00099601608235389
345,2.355615341973919,4.711230683947838,-0.016103019745151784,0.00099601608235389,4.5546875,0.0546875,-0.0546875,6.378265833016485,-7208.179843680118,0.03151293098926544,4.092489679654439,0.005451784763863543,0.0,0.0,0.00099601608235389,0.00099601608235389,0.00099601608235389,0.9960159659385681,0.00099601608235389
346,2.355580294021682,4.711160588043364,-0.01613806997468039,0.00099601608235389,4.4375,0.53125,-0.53125,6.345811292005237,-8134.581521181993,0.03151293098926544,4.094096700350444,0.005745605914853513,0.0,0.0,0.00099601608235389,0.00099601608235389,0.00099601608235389,0.9960159659385681,0.00099601608235389
347,2.3556211934137714,4.711242386827543,-0.011886905349046347,0.00099601608235389,4.59375,-1.09375,1.09375,6.471336874994449,-8279.305944027545,0.03151293098926544,4.131136536598206,0.005875708321885516,0.0,0.0,0.00099601608235389,0.00099601608235389,0.00099601608235389,0.9960159659385681,0.00099601608235389
348,2.355706767716872,4.711413535433744,-0.013308913157070916,0.00099601608235389,4.421875,-0.4296875,0.4296875,6.249887166020926,-8834.968530547072,0.03151293098926544,4.193240702152252,0.006014781237657492,0.0,0.0,0.00099601608235389,0.00099601608235389,0.00099601608235389,0.9960159659385681,0.00099601608235389
349,2.355590235099334,4.711180470198668,-0.018152981261735725,0.00099601608235389,4.34375,-0.34375,0.34375,6.109259792021476,-9839.217368901205,0.03151293098926544,4.1904981931050616,0.006066550772326688,0.0,0.0,0.00099601608235389,0.00099601608235389,0.00099601608235389,0.9960159659385681,0.00099601608235389
350,2.3556064608834424,4.711212921766885,-0.02153585260015237,0.00099601608235389,4.609375,0.65625,-0.65625,6.558295499999076,-11262.64998368732,0.03151293098926544,4.142322977383931,0.005141885267221369,0.0,0.0,0.00099601608235389,0.00099601608235389,0.00099601608235389,0.9960159659385681,0.00099601608235389
351,2.3557317254759598,4.7114634509519195,-0.00563285503690556,0.00099601608235389,4.4921875,0.46875,-0.46875,6.290804584044963,-8728.920547432277,0.03151293098926544,4.287273565928142,0.005257368766857932,0.0,0.0,0.00099601608235389,0.00099601608235389,0.00099601608235389,0.9960159659385681,0.00099601608235389
352,2.3558273092123225,4.711654618424645,-0.017299882599111555,0.00099601608235389,4.390625,0.875,-0.875,6.279210333013907,-9127.083499888084,0.03151293098926544,4.239987432956696,0.0057586934029435115,0.0,0.0,0.00099601608235389,0.00099601608235389,0.00099601608235389,0.9960159659385681,0.00099601608235389
353,2.3558076079359545,4.711615215871909,-0.01761524449720518,0.00099601608235389,4.3671875,0.0546875,-0.0546875,6.2879869169555604,-9931.006027597008,0.03151293098926544,4.1620858907699585,0.005918556261652459,0.0,0.0,0.00099601608235389,0.00099601608235389,0.00099601608235389,0.9960159659385681,0.00099601608235389
354,2.3558090720687956,4.711618144137591,-0.005533948156961917,0.00099601608235389,4.34375,0.0078125,-0.0078125,6.202990791993216,-9542.994438308606,0.03151293098926544,4.167498687903087,0.005645486293360591,0.0,0.0,0.00099601608235389,0.00099601608235389,0.00099601608235389,0.9960159659385681,0.00099601608235389
355,2.355882369603208,4.711764739206416,-0.01639813206865494,0.00099601608235389,4.3046875,-0.2890625,0.2890625,6.124763874977361,-8368.494750519629,0.03151293098926544,4.173307875792186,0.00584538533197095,0.0,0.0,0.00099601608235389,0.00099601608235389,0.00099601608235389,0.9960159659385681,0.00099601608235389
356,2.355830159708717,4.711660319417434,-0.01867626318542232,0.00099601608235389,4.5625,0.0,0.0,6.444601791969035,-8796.84891569451,0.03151293098926544,4.105436325073242,0.00556182690585653,0.0,0.0,0.00099601608235389,0.00099601608235389,0.00099601608235389,0.9960159659385681,0.00099601608235389
357,2.3559276363159665,4.711855272631933,-0.00790548071525241,0.00099601608235389,4.515625,-0.0546875,0.0546875,6.339146500045899,-8819.05016264206,0.03151293098926544,4.184065937995911,0.005121990077896044,0.0,0.0,0.00099601608235389,0.00099601608235389,0.00099601608235389,0.9960159659385681,0.00099601608235389
358,2.3560588061145915,4.712117612229183,-0.015825506178034666,0.00099601608235389,4.328125,0.0546875,-0.0546875,6.210062417027075,-9694.369964668467,0.03151293098926544,4.350462605555852,0.005402896339849879,0.0,0.0,0.00099601608235389,0.00099601608235389,0.00099601608235389,0.9960159659385681,0.00099601608235389
359,2.356182476382082,4.712364952764164,-0.009952359563290394,0.00099601608235389,4.4609375,0.3828125,-0.3828125,6.340349750011228,-8607.487497079184,0.03151293098926544,4.290287425120671,0.0057688851181107266,0.0,0.0,0.00099601608235389,0.00099601608235389,0.00099601608235389,0.9960159659385681,0.00099601608235389
360,2.3562906230700587,4.712581246140117,-0.008201314223612373,0.00099601608235389,4.4609375,-1.1953125,1.1953125,6.3409735829918645,-9211.136961146954,0.03151293098926544,4.183212608098984,0.0055397673762248205,0.0,0.0,0.00099601608235389,0.00099601608235389,0.00099601608235389,0.9960159659385681,0.00099601608235389
361,2.3562511739657,4.7125023479314,-0.012511184572889087,0.00099601608235389,4.5546875,-0.1015625,0.1015625,6.431238624965772,-10315.362032509178,0.03151293098926544,4.220494478940964,0.005698272221100827,0.0,0.0,0.00099601608235389,0.00099601608235389,0.00099601608235389,0.9960159659385681,0.00099601608235389
362,2.356336446987658,4.712672893975316,-0.010562225042895113,0.00099601608235389,4.4375,0.328125,-0.328125,6.288816833985038,-12595.385808454434,0.03151293098926544,4.244633575280507,0.005015108778025024,0.0,0.0,0.00099601608235389,0.00099601608235389,0.00099601608235389,0.9960159659385681,0.00099601608235389
363,2.3563873669880215,4.712774733976043,-0.013380488988258662,0.00099601608235389,4.6484375,-0.4609375,0.4609375,6.7180447920109145,-11218.095565667672,0.03151293098926544,4.204104741414388,0.004962689216578535,0.0,0.0,0.00099601608235389,0.00099601608235389,0.00099601608235389,0.9960159659385681,0.00099601608235389
364,2.3564334184684403,4.712866836936881,-0.016113480714649377,0.00099601608235389,4.3828125,-0.3203125,0.3203125,6.262724958010949,-11151.204729702384,0.03151293098926544,4.2172519365946455,0.005652819643728435,0.0,0.0,0.00099601608235389,0.00099601608235389,0.00099601608235389,0.9960159659385681,0.00099601608235389
365,2.356537185654494,4.713074371308988,-0.017951897875458273,0.00099601608235389,4.5859375,-0.09375,0.09375,6.474542125011794,-8297.809804770162,0.03151293098926544,4.1530394951502485,0.0057613569661043584,0.0,0.0,0.00099601608235389,0.00099601608235389,0.00099601608235389,0.9960159659385681,0.00099601608235389
366,2.3566031373512963,4.713206274702593,-0.0185805743512028,0.00099601608235389,4.4453125,0.0390625,-0.0390625,6.355683792033233,-9573.393284085345,0.03151293098926544,4.192784905433655,0.005852923573305209,0.0,0.0,0.00099601608235389,0.00099601608235389,0.00099601608235389,0.9960159659385681,0.00099601608235389
367,2.3566495808988055,4.713299161797611,-0.01237269618864791,0.00099601608235389,4.4453125,-0.2421875,0.2421875,6.294719333003741,-10643.954913724287,0.03151293098926544,4.219704270362854,0.006030786724295467,0.0,0.0,0.00099601608235389,0.00099601608235389,0.00099601608235389,0.9960159659385681,0.00099601608235389
368,2.356612131370155,4.71322426274031,-0.016354089901771972,0.00099601608235389,4.6484375,-0.0234375,0.0234375,6.560905166028533,-12214.814334170558,0.03151293098926544,4.189160108566284,0.005505878769326955,0.0,0.0,0.00099601608235389,0.00099601608235389,0.00099601608235389,0.9960159659385681,0.00099601608235389
369,2.356622162856545,4.71324432571309,-0.025136663280754912,0.00099601608235389,4.390625,-0.2109375,0.2109375,6.321322833013255,-13715.623222269622,0.03151293098926544,4.246343394120534,0.0054080400538320346,0.0,0.0,0.00099601608235389,0.00099601608235389,0.00099601608235389,0.9960159659385681,0.00099601608235389
370,2.356669977586642,4.713339955173284,-0.022909058431517235,0.00099601608235389,4.359375,0.390625,-0.390625,6.277112457959447,-12429.531249083926,0.03151293098926544,4.3677144050598145,0.005288969810711326,0.0,0.0,0.00099601608235389,0.00099601608235389,0.00099601608235389,0.9960159659385681,0.00099601608235389
371,2.3566968876761303,4.713393775352261,-0.015144086869215638,0.00099601608235389,4.515625,0.25,-0.25,6.399490459007211,-12018.270131411437,0.03151293098926544,4.376226772864659,0.005730223997185628,0.0,0.0,0.00099601608235389,0.00099601608235389,0.00099601608235389,0.9960159659385681,0.00099601608235389
372,2.3567177524138665,4.713435504827733,-0.008037808847252829,0.00099601608235389,4.546875,-0.265625,0.265625,6.458456958003808,-11692.092976848695,0.03151293098926544,4.3841031193733215,0.005872760123262803,0.0,0.0,0.00099601608235389,0.00099601608235389,0.00099601608235389,0.9960159659385681,0.00099601608235389
373,2.3567164813607837,4.713432962721567,-0.01660199717505693,0.00099601608235389,4.640625,-0.1875,0.1875,6.540617082966492,-9840.714423966327,0.03151293098926544,4.36889523267746,0.005848184771214922,0.0,0.0,0.00099601608235389,0.00099601608235389,0.00099601608235389,0.9960159659385681,0.00099601608235389
374,2.3568098449426733,4.713619689885347,-0.024181993426222435,0.00099601608235389,4.5703125,-0.3203125,0.3203125,6.5343467079801485,-10523.159749388084,0.03151293098926544,4.4484242995580034,0.0058861908231241005,0.0,0.0,0.00099601608235389,0.00099601608235389,0.00099601608235389,0.9960159659385681,0.00099601608235389
375,2.356979394449783,4.713958788899566,-0.008651231354296865,0.00099601608235389,4.2890625,-0.2578125,0.2578125,6.175200333003886,-11304.765802921927,0.03151293098926544,4.510566691557567,0.005316811536128323,0.0,0.0,0.00099601608235389,0.00099601608235389,0.00099601608235389,0.9960159659385681,0.00099601608235389
376,2.3571333739804547,4.7142667479609095,-0.010944925932836016,0.00099601608235389,4.3671875,0.1171875,-0.1171875,6.253458457998931,-11561.347886687741,0.03151293098926544,4.53935170173645,0.005559268873184919,0.0,0.0,0.00099601608235389,0.00099601608235389,0.00099601608235389,0.9960159659385681,0.00099601608235389
377,2.3571987730415715,4.714397546083143,-0.010589303659246024,0.00099601608235389,4.3515625,0.1328125,-0.1328125,6.226427957997657,-11553.473098946644,0.03151293098926544,4.492924809455872,0.006043533037882298,0.0,0.0,0.00099601608235389,0.00099601608235389,0.00099601608235389,0.9960159659385681,0.00099601608235389
378,2.3572724010870223,4.714544802174045,-0.028571050090065303,0.00099601608235389,4.3203125,-0.6796875,0.6796875,6.125350833986886,-11600.661117926213,0.03151293098926544,4.518073081970215,0.006060022104065865,0.0,0.0,0.00099601608235389,0.00099601608235389,0.00099601608235389,0.9960159659385681,0.00099601608235389
379,2.3572960683944735,4.714592136788947,-0.010842788726256089,0.00099601608235389,4.1953125,0.4140625,-0.4140625,6.055213334038854,-12066.500372746359,0.03151293098926544,4.484799861907959,0.006105206751575072,0.0,0.0,0.00099601608235389,0.00099601608235389,0.00099601608235389,0.9960159659385681,0.00099601608235389
380,2.357276463828944,4.714552927657888,-0.01500589998980054,0.00099601608235389,4.3984375,-0.90625,0.90625,6.246240792039316,-13701.215618736578,0.03151293098926544,4.478916585445404,0.0059792281438906985,0.0,0.0,0.00099601608235389,0.00099601608235389,0.00099601608235389,0.9960159659385681,0.00099601608235389
381,2.3573256193792678,4.7146512387585355,-0.016563002080337057,0.00099601608235389,4.5,-0.265625,0.265625,6.3172309580259025,-9681.419086005953,0.03151293098926544,4.588397800922394,0.005664915118056039,0.0,0.0,0.00099601608235389,0.00099601608235389,0.00099601608235389,0.9960159659385681,0.00099601608235389
382,2.357515161826731,4.715030323653462,-0.01641216469059176,0.00099601608235389,4.515625,-0.2265625,0.2265625,6.5017177920090035,-11770.888044139505,0.03151293098926544,4.619614859422048,0.005820646513408671,0.0,0.0,0.00099601608235389,0.00099601608235389,0.00099601608235389,0.9960159659385681,0.00099601608235389
383,2.3575785603527724,4.715157120705545,-0.013070084212502622,0.00099601608235389,4.34375,-0.0859375,0.0859375,6.260616708023008,-12634.279779722365,0.03151293098926544,4.5327783326307935,0.005489045366023977,0.0,0.0,0.00099601608235389,0.00099601608235389,0.00099601608235389,0.9960159659385681,0.00099601608235389
384,2.357631081987673,4.715262163975346,-0.023535694285686942,0.00099601608235389,4.4375,0.234375,-0.234375,6.248025999986567,-14843.788247148756,0.03151293098926544,4.504169523715973,0.005856874030238639,0.0,0.0,0.00099601608235389,0.00099601608235389,0.00099601608235389,0.9960159659385681,0.00099601608235389
385,2.357814544965056,4.715629089930112,-0.008652558455086327,0.00099601608235389,4.625,-0.078125,0.078125,6.553840167005546,-12165.51738942636,0.03151293098926544,4.537721633911133,0.005872311594430357,0.0,0.0,0.00099601608235389,0.00099601608235389,0.00099601608235389,0.9960159659385681,0.00099601608235389
386,2.357791130828507,4.715582261657014,-0.015564987850502796,0.00099601608235389,4.3828125,-0.1015625,0.1015625,6.170260708022397,-11580.839338646003,0.03151293098926544,4.515738745530446,0.005741282560241719,0.0,0.0,0.00099601608235389,0.00099601608235389,0.00099601608235389,0.9960159659385681,0.00099601608235389
387,2.3578801516925774,4.715760303385155,-0.017731770657609724,0.00099601608235389,4.578125,-0.265625,0.265625,6.437704667041544,-15496.571679059964,0.03151293098926544,4.45453147093455,0.00517616424622247,0.0,0.0,0.00099601608235389,0.00099601608235389,0.00099601608235389,0.9960159659385681,0.00099601608235389
388,2.35793872466844,4.71587744933688,-0.008661612599434598,0.00099601608235389,4.4296875,-0.109375,0.109375,6.326060375024099,-14531.09561064382,0.03151293098926544,4.448403298854828,0.004782647806374977,0.0,0.0,0.00099601608235389,0.00099601608235389,0.00099601608235389,0.9960159659385681,0.00099601608235389
389,2.358119926924413,4.716239853848826,-0.009650806957717622,0.00099601608235389,4.609375,-0.546875,0.546875,6.4358580830157734,-14086.229189830716,0.03151293098926544,4.446127275625865,0.005037388088870405,0.0,0.0,0.00099601608235389,0.00099601608235389,0.00099601608235389,0.9960159659385681,0.00099601608235389
390,2.358220017052646,4.716440034105292,-0.015723886714314975,0.00099601608235389,4.5078125,-0.375,0.375,6.360597582999617,-11590.581979523498,0.03151293098926544,4.423005133867264,0.005405210327201833,0.0,0.0,0.00099601608235389,0.00099601608235389,0.00099601608235389,0.9960159659385681,0.00099601608235389
391,2.358252166741548,4.716504333483096,-0.02696537797219252,0.00099601608235389,4.4765625,0.2109375,-0.2109375,6.355548915977124,-15128.825661637604,0.03151293098926544,4.351445436477661,0.005626836015532414,0.0,0.0,0.00099601608235389,0.00099601608235389,0.00099601608235389,0.9960159659385681,0.00099601608235389
392,2.358329164386219,4.716658328772438,-0.02419037529495685,0.00099601608235389,4.578125,-0.1328125,0.1328125,6.468670250033028,-14762.810939788818,0.03151293098926544,4.364970684051514,0.005832435485596458,0.0,0.0,0.00099601608235389,0.00099601608235389,0.00099601608235389,0.9960159659385681,0.00099601608235389
393,2.3583932434464843,4.7167864868929685,-0.01984353161528985,0.00099601608235389,4.6484375,0.546875,-0.546875,6.691828541981522,-13908.862180860504,0.03151293098926544,4.322921017805736,0.005877129054473092,0.0,0.0,0.00099601608235389,0.00099601608235389,0.00099601608235389,0.9960159659385681,0.00099601608235389
394,2.358334665858842,4.716669331717684,-0.012753683616562357,0.00099601608235389,4.3828125,-0.4609375,0.4609375,6.185986124968622,-14023.185973617907,0.03151293098926544,4.3879823088645935,0.005982568487524986,0.0,0.0,0.00099601608235389,0.00099601608235389,0.00099601608235389,0.9960159659385681,0.00099601608235389
395,2.3584664334042826,4.716932866808565,-0.017919123956572327,0.00099601608235389,4.5546875,0.5546875,-0.5546875,6.42570279201027,-15106.366511362903,0.03151293098926544,4.469459354877472,0.005701770879871522,0.0,0.0,0.00099601608235389,0.00099601608235389,0.00099601608235389,0.9960159659385681,0.00099601608235389
396,2.3584805973949603,4.716961194789921,-0.006574726753432853,0.00099601608235389,4.6484375,1.0625,-1.0625,6.578949166985694,-12570.1685930781,0.03151293098926544,4.528102874755859,0.005330988758942112,0.0,0.0,0.00099601608235389,0.00099601608235389,0.00099601608235389,0.9960159659385681,0.00099601608235389
397,2.358626088941185,4.71725217788237,-0.022651416184206796,0.00099601608235389,4.0703125,-0.2890625,0.2890625,5.784739416965749,-14090.851486015687,0.03151293098926544,4.586810390154521,0.005573236344692607,0.0,0.0,0.00099601608235389,0.00099601608235389,0.00099601608235389,0.9960159659385681,0.00099601608235389
398,2.35863007852425,4.7172601570485,-0.023867809109029494,0.00099601608235389,4.375,-0.1875,0.1875,6.180583624984138,-14318.027468041011,0.03151293098926544,4.569448033968608,0.006112533834918092,0.0,0.0,0.00099601608235389,0.00099601608235389,0.00099601608235389,0.9960159659385681,0.00099601608235389
399,2.358697613434123,4.717395226868246,-0.01601202459902775,0.00099601608235389,4.3828125,-0.5625,0.5625,6.2194116669707,-13187.571676407268,0.03151293098926544,4.4931007623672485,0.005751441485093285,0.0,0.0,0.00099601608235389,0.00099601608235389,0.00099601608235389,0.9960159659385681,0.00099601608235389
400,2.3587792735721003,4.7175585471442005,-0.009241605804291076,0.00099601608235389,4.453125,-0.5625,0.5625,6.216063542000484,-13667.401758936832,0.03151293098926544,4.548172394434611,0.005925684759858996,0.0,0.0,0.00099601608235389,0.00099601608235389,0.00099601608235389,0.9960159659385681,0.00099601608235389
401,2.3588091591705176,4.717618318341035,-0.01178500922199076,0.00099601608235389,4.53125,-0.0234375,0.0234375,6.415089624992106,-17668.59670470665,0.03151293098926544,4.5091756383577986,0.005767632935506602,0.0,0.0,0.00099601608235389,0.00099601608235389,0.00099601608235389,0.9960159659385681,0.00099601608235389
402,2.3587372863930063,4.717474572786013,-0.00925852621206896,0.00099601608235389,4.53125,0.0,0.0,6.373785082949325,-16682.658346149838,0.03151293098926544,4.532190024852753,0.0056244540416325135,0.0,0.0,0.00099601608235389,0.00099601608235389,0.00099601608235389,0.9960159659385681,0.00099601608235389
403,2.3588316308840875,4.717663261768175,-0.018237799233086948,0.00099601608235389,4.453125,-0.046875,0.046875,6.271179208008107,-15828.866426434433,0.03151293098926544,4.537974496682485,0.00536971160909161,0.0,0.0,0.00099601608235389,0.00099601608235389,0.00099601608235389,0.9960159659385681,0.00099601608235389
404,2.3589574973660463,4.717914994732093,-0.0128890857109368,0.00099601608235389,4.46875,-0.5234375,0.5234375,6.353353790997062,-14879.812660417356,0.03151293098926544,4.578507284323375,0.00524415539863791,0.0,0.0,0.00099601608235389,0.00099601608235389,0.00099601608235389,0.9960159659385681,0.00099601608235389
405,2.358983756064119,4.717967512128238,-0.02948141321394703,0.00099601608235389,4.4453125,-0.5546875,0.5546875,6.372420915984549,-16037.15815320543,0.03151293098926544,4.526994446913402,0.00553638373579209,0.0,0.0,0.00099601608235389,0.00099601608235389,0.00099601608235389,0.9960159659385681,0.00099601608235389
406,2.3589756738006633,4.717951347601327,-0.018118901880713325,0.00099601608235389,4.6015625,-0.6171875,0.6171875,6.466937375022098,-15100.978848637062,0.03151293098926544,4.56428478161494,0.0058436180697754025,0.0,0.0,0.00099601608235389,0.00099601608235389,0.00099601608235389,0.9960159659385681,0.00099601608235389
407,2.359001461806834,4.718002923613668,-0.02897059909388026,0.00099601608235389,4.6640625,-0.6328125,0.6328125,6.617936208029278,-15639.070261420118,0.03151293098926544,4.581796010335286,0.0058298707590438426,0.0,0.0,0.00099601608235389,0.00099601608235389,0.00099601608235389,0.9960159659385681,0.00099601608235389
408,2.3589898711321027,4.717979742264205,-0.013732545421468205,0.00099601608235389,4.7421875,-0.2421875,0.2421875,6.705757624993566,-14191.536449765452,0.03151293098926544,4.626719017823537,0.006322488790222754,0.0,0.0,0.00099601608235389,0.00099601608235389,0.00099601608235389,0.9960159659385681,0.00099601608235389
409,2.3590814487044423,4.7181628974088845,-0.022990506134518328,0.00099601608235389,4.6328125,-0.203125,0.203125,6.557350999966729,-17604.002190588297,0.03151293098926544,4.598969101905823,0.005431329705364381,0.0,0.0,0.00099601608235389,0.00099601608235389,0.00099601608235389,0.9960159659385681,0.00099601608235389
410,2.359142674116826,4.718285348233652,-0.012001342429829628,0.00099601608235389,4.65625,0.1796875,-0.1796875,6.6056689999531955,-18711.39300261888,0.03151293098926544,4.5974834362665815,0.005488377699900108,0.0,0.0,0.00099601608235389,0.00099601608235389,0.00099601608235389,0.9960159659385681,0.00099601608235389
411,2.3593561232292366,4.718712246458473,-0.011157050874982604,0.00099601608235389,4.5859375,0.4140625,-0.4140625,6.481007416034117,-16661.194795884712,0.03151293098926544,4.596744815508525,0.005521055796028425,0.0,0.0,0.00099601608235389,0.00099601608235389,0.00099601608235389,0.9960159659385681,0.00099601608235389
412,2.3594726244081907,4.718945248816381,-0.01893470924355559,0.00099601608235389,4.515625,-0.0625,0.0625,6.351655707985628,-15720.674186336953,0.03151293098926544,4.662432253360748,0.005795715667773038,0.0,0.0,0.00099601608235389,0.00099601608235389,0.00099601608235389,0.9960159659385681,0.00099601608235389
413,2.359621279625319,4.719242559250638,-0.015716286205753577,0.00099601608235389,4.3984375,-0.8046875,0.8046875,6.225005584012251,-16688.073987293414,0.03151293098926544,4.6509548624356585,0.005796891734159241,0.0,0.0,0.00099601608235389,0.00099601608235389,0.00099601608235389,0.9960159659385681,0.00099601608235389
414,2.3597951860396194,4.719590372079239,-0.01187792164734458,0.00099601608235389,4.4453125,0.3125,-0.3125,6.2682312080287375,-17634.871076520172,0.03151293098926544,4.741448084513347,0.005959735601209104,0.0,0.0,0.00099601608235389,0.00099601608235389,0.00099601608235389,0.9960159659385681,0.00099601608235389
415,2.3598117454132854,4.719623490826571,-0.027760414062011202,0.00099601608235389,4.640625,-0.1953125,0.1953125,6.613171375007369,-14878.279118984236,0.03151293098926544,4.624328970909119,0.005838497270209094,0.0,0.0,0.00099601608235389,0.00099601608235389,0.00099601608235389,0.9960159659385681,0.00099601608235389
416,2.359875905100931,4.719751810201862,-0.016358775397442862,0.00099601608235389,4.53125,0.1875,-0.1875,6.526757207990158,-19030.649593655817,0.03151293098926544,4.682418962319692,0.00537912253154597,0.0,0.0,0.00099601608235389,0.00099601608235389,0.00099601608235389,0.9960159659385681,0.00099601608235389
417,2.359967032879204,4.719934065758408,-0.017143046079789028,0.00099601608235389,4.40625,0.1328125,-0.1328125,6.234091249993071,-18581.033085302257,0.03151293098926544,4.754308621088664,0.005513748871938636,0.0,0.0,0.00099601608235389,0.00099601608235389,0.00099601608235389,0.9960159659385681,0.00099601608235389
418,2.3601172149558836,4.720234429911767,-0.012793287940514857,0.00099601608235389,4.6796875,-0.859375,0.859375,6.659723290998954,-19866.01874724374,0.03151293098926544,4.77914156516393,0.005094511987408623,0.0,0.0,0.00099601608235389,0.00099601608235389,0.00099601608235389,0.9960159659385681,0.00099601608235389
419,2.3603373043787323,4.720674608757465,-0.026102792340301963,0.00099601608235389,4.46875,0.890625,-0.890625,6.352800207969267,-18798.286365362314,0.03151293098926544,4.766799370447795,0.004608616300780947,0.0,0.0,0.00099601608235389,0.00099601608235389,0.00099601608235389,0.9960159659385681,0.00099601608235389
420,2.3604733763842645,4.720946752768529,-0.012641536545025223,0.00099601608235389,4.703125,0.828125,-0.828125,6.660782916995231,-19827.373337425663,0.03151293098926544,4.653217911720276,0.005036823267194753,0.0,0.0,0.00099601608235389,0.00099601608235389,0.00099601608235389,0.9960159659385681,0.00099601608235389
421,2.360586572867534,4.721173145735068,-0.025381947871663084,0.00099601608235389,4.40625,0.3125,-0.3125,6.319228959036991,-19311.6491690426,0.03151293098926544,4.623838245868683,0.005600999730328719,0.0,0.0,0.00099601608235389,0.00099601608235389,0.00099601608235389,0.9960159659385681,0.00099601608235389
422,2.3606850403405595,4.721370080681119,-0.013374566357565535,0.00099601608235389,4.421875,0.140625,-0.140625,6.269170709012542,-18836.85537916527,0.03151293098926544,4.577889362970988,0.005321996635757387,0.0,0.0,0.00099601608235389,0.00099601608235389,0.00099601608235389,0.9960159659385681,0.00099601608235389
423,2.3607109138398865,4.721421827679773,-0.020322581748791983,0.00099601608235389,4.46875,-0.046875,0.046875,6.359269666019827,-21767.89485704649,0.03151293098926544,4.567335724830627,0.005609551852103323,0.0,0.0,0.00099601608235389,0.00099601608235389,0.00099601608235389,0.9960159659385681,0.00099601608235389
424,2.3607912630166203,4.721582526033241,-0.017363612259205713,0.00099601608235389,4.5859375,-0.3359375,0.3359375,6.490387250029016,-21739.187469326454,0.03151293098926544,4.587247570355733,0.0052718221171138184,0.0,0.0,0.00099601608235389,0.00099601608235389,0.00099601608235389,0.9960159659385681,0.00099601608235389
425,2.3609039592381897,4.7218079184763795,-0.020248215683384804,0.00099601608235389,4.6484375,-0.625,0.625,6.589691583008971,-18264.723254971545,0.03151293098926544,4.716858466466268,0.005254388292087242,0.0,0.0,0.00099601608235389,0.00099601608235389,0.00099601608235389,0.9960159659385681,0.00099601608235389
426,2.3611410467279277,4.722282093455855,-0.018869451924474253,0.00099601608235389,4.4140625,-0.8515625,0.8515625,6.243483167025261,-20112.50558178657,0.03151293098926544,4.748626450697581,0.005132609444747989,0.0,0.0,0.00099601608235389,0.00099601608235389,0.00099601608235389,0.9960159659385681,0.00099601608235389
427,2.3611898502803466,4.722379700560693,-0.010844926386957752,0.00099601608235389,4.53125,-0.0078125,0.0078125,6.474927707982715,-18716.905378907304,0.03151293098926544,4.716035942236583,0.005859836412128061,0.0,0.0,0.00099601608235389,0.00099601608235389,0.00099601608235389,0.9960159659385681,0.00099601608235389
428,2.3613029959590097,4.722605991918019,-0.01430230228882051,0.00099601608235389,4.5,-0.6484375,0.6484375,6.360379874997307,-19204.757936928007,0.03151293098926544,4.658617417017619,0.005640277561421196,0.0,0.0,0.00099601608235389,0.00099601608235389,0.00099601608235389,0.9960159659385681,0.00099601608235389
429,2.3613067457360764,4.722613491472153,-0.02620199512119974,0.00099601608235389,4.390625,-0.0390625,0.0390625,6.2261327499873005,-19885.352198780645,0.03151293098926544,4.666775584220886,0.005892252103270342,0.0,0.0,0.00099601608235389,0.00099601608235389,0.00099601608235389,0.9960159659385681,0.00099601608235389
430,2.3613779803331507,4.722755960666301,0.0017353989038329173,0.00099601608235389,4.5859375,-0.375,0.375,6.473627707979176,-22922.25842533404,0.03151293098926544,4.761737485726674,0.005862465167107682,0.0,0.0,0.00099601608235389,0.00099601608235389,0.00099601608235389,0.9960159659385681,0.00099601608235389
431,2.361524433416836,4.723048866833672,-0.02415138866552085,0.00099601608235389,4.453125,-0.1640625,0.1640625,6.267184374970384,-18056.484523425184,0.03151293098926544,4.786832213401794,0.005085442734222549,0.0,0.0,0.00099601608235389,0.00099601608235389,0.00099601608235389,0.9960159659385681,0.00099601608235389
432,2.361756091432225,4.72351218286445,-0.01661234990305894,0.00099601608235389,4.546875,-0.09375,0.09375,6.392019374994561,-23446.049843555462,0.03151293098926544,4.848636408646901,0.005173479866546889,0.0,0.0,0.00099601608235389,0.00099601608235389,0.00099601608235389,0.9960159659385681,0.00099601608235389
433,2.361950354165811,4.723900708331622,-0.02670593201959166,0.00099601608235389,4.4921875,0.421875,-0.421875,6.346491291013081,-21167.77867659859,0.03151293098926544,4.726468741893768,0.0053677180064066006,0.0,0.0,0.00099601608235389,0.00099601608235389,0.00099601608235389,0.9960159659385681,0.00099601608235389
434,2.3621547731126142,4.7243095462252285,-0.021019477659516568,0.00099601608235389,4.6484375,0.21875,-0.21875,6.523131249996368,-20842.56116512523,0.03151293098926544,4.6449875831604,0.005896780038407694,0.0,0.0,0.00099601608235389,0.00099601608235389,0.00099601608235389,0.9960159659385681,0.00099601608235389
435,2.362294439356779,4.724588878713558,-0.017091833287664997,0.00099601608235389,4.421875,0.2421875,-0.2421875,6.296784792037215,-21929.881430069887,0.03151293098926544,4.726260483264923,0.005676764529198408,0.0,0.0,0.00099601608235389,0.00099601608235389,0.00099601608235389,0.9960159659385681,0.00099601608235389
436,2.3624310079877437,4.7248620159754875,-0.007121700908377822,0.00099601608235389,4.5,0.4296875,-0.4296875,6.338551625027321,-20120.080674290657,0.03151293098926544,4.782389243443807,0.0061060543909358484,0.0,0.0,0.00099601608235389,0.00099601608235389,0.00099601608235389,0.9960159659385681,0.00099601608235389
437,2.3625175988201277,4.725035197640255,-0.017087823113474156,0.00099601608235389,4.7578125,-0.109375,0.109375,6.667845666990615,-19162.635227760853,0.03151293098926544,4.795650919278462,0.00579321599798277,0.0,0.0,0.00099601608235389,0.00099601608235389,0.00099601608235389,0.9960159659385681,0.00099601608235389
438,2.3625117260412853,4.725023452082571,-0.019955322461191517,0.00099601608235389,4.4296875,-0.5546875,0.5546875,6.235733499983326,-20741.97204322075,0.03151293098926544,4.804591874281566,0.005582073422071214,0.0,0.0,0.00099601608235389,0.00099601608235389,0.00099601608235389,0.9960159659385681,0.00099601608235389
439,2.362619271884932,4.725238543769864,-0.02289732851269336,0.00099601608235389,4.59375,-0.484375,0.484375,6.6261764579685405,-22654.389397355164,0.03151293098926544,4.832686762015025,0.0054295617834820105,0.0,0.0,0.00099601608235389,0.00099601608235389,0.00099601608235389,0.9960159659385681,0.00099601608235389
440,2.362803841359459,4.725607682718918,-0.025469160613921404,0.00099601608235389,4.4921875,-0.21875,0.21875,6.426703832985368,-20282.7711316316,0.03151293098926544,4.838753541310628,0.005029864245443605,0.0,0.0,0.00099601608235389,0.00099601608235389,0.00099601608235389,0.9960159659385681,0.00099601608235389
441,2.362962355081488,4.725924710162976,-0.029045206401769816,0.00099601608235389,4.6171875,-0.78125,0.78125,6.549722374998964,-21417.45511819546,0.03151293098926544,4.877373854319255,0.005617604232005154,0.0,0.0,0.00099601608235389,0.00099601608235389,0.00099601608235389,0.9960159659385681,0.00099601608235389
442,2.363058698341371,4.726117396682742,-0.024109184367258188,0.00099601608235389,4.3515625,0.6484375,-0.6484375,6.1560669579776,-23657.534978459084,0.03151293098926544,4.887739181518555,0.005267504267976619,0.0,0.0,0.00099601608235389,0.00099601608235389,0.00099601608235389,0.9960159659385681,0.00099601608235389
443,2.3632737717015893,4.7265475434031785,-0.012309795884999322,0.00099601608235389,4.515625,-0.109375,0.109375,6.448167166963685,-22241.504407862893,0.03151293098926544,4.902307013670604,0.005256787185013915,0.0,0.0,0.00099601608235389,0.00099601608235389,0.00099601608235389,0.9960159659385681,0.00099601608235389
444,2.3634040755427774,4.726808151085555,-0.025177112316309928,0.00099601608235389,4.3671875,0.5390625,-0.5390625,6.206606874999125,-25440.428930975242,0.03151293098926544,4.867298463980357,0.0055971294253443675,0.0,0.0,0.00099601608235389,0.00099601608235389,0.00099601608235389,0.9960159659385681,0.00099601608235389
445,2.3636335686825993,4.727267137365199,-0.027890310851209337,0.00099601608235389,4.578125,0.375,-0.375,6.472969249996822,-20303.36611769224,0.03151293098926544,4.881159603595734,0.005942969156118731,0.0,0.0,0.00099601608235389,0.00099601608235389,0.00099601608235389,0.9960159659385681,0.00099601608235389
446,2.363722549074923,4.727445098149846,-0.018710449148881175,0.00099601608235389,4.453125,0.5546875,-0.5546875,6.323278624971863,-21093.867292571485,0.03151293098926544,4.8182321190834045,0.005881773851191004,0.0,0.0,0.00099601608235389,0.00099601608235389,0.00099601608235389,0.9960159659385681,0.00099601608235389
447,2.3638686801869158,4.7277373603738315,-0.026498644168649846,0.00099601608235389,4.5234375,0.4296875,-0.4296875,6.3709860839881,-20615.17951451435,0.03151293098926544,4.913062274456024,0.006341680185869336,0.0,0.0,0.00099601608235389,0.00099601608235389,0.00099601608235389,0.9960159659385681,0.00099601608235389
448,2.363965139955355,4.72793027991071,-0.031298965526505275,0.00099601608235389,4.3984375,-0.5234375,0.5234375,6.251687125011813,-25066.13307062559,0.03151293098926544,4.867734789848328,0.0060522479470819235,0.0,0.0,0.00099601608235389,0.00099601608235389,0.00099601608235389,0.9960159659385681,0.00099601608235389
449,2.3641917614291263,4.728383522858253,-0.014865240822748897,0.00099601608235389,4.734375,-0.0234375,0.0234375,6.708817999984603,-25721.209207893597,0.03151293098926544,4.791644295056661,0.005621816807736953,0.0,0.0,0.00099601608235389,0.00099601608235389,0.00099601608235389,0.9960159659385681,0.00099601608235389
450,2.364357739466059,4.728715478932118,-0.015199200240044342,0.00099601608235389,4.4921875,0.09375,-0.09375,6.317801334022079,-26220.273328326683,0.03151293098926544,4.8532397747039795,0.005386449416012813,0.0,0.0,0.00099601608235389,0.00099601608235389,0.00099601608235389,0.9960159659385681,0.00099601608235389
451,2.3646471549544503,4.729294309908901,-0.025002575249566557,0.00099601608235389,4.5078125,-0.0390625,0.0390625,6.461071667028591,-25183.055134050974,0.03151293098926544,4.958270351092021,0.005398210254497826,0.0,0.0,0.00099601608235389,0.00099601608235389,0.00099601608235389,0.9960159659385681,0.00099601608235389
452,2.364823248608128,4.729646497216256,-0.02295173055443222,0.00099601608235389,4.4296875,0.359375,-0.359375,6.308444875001442,-23754.510093433306,0.03151293098926544,4.932292799154918,0.005856201343704015,0.0,0.0,0.00099601608235389,0.00099601608235389,0.00099601608235389,0.9960159659385681,0.00099601608235389
453,2.365024262377081,4.730048524754162,-0.018250406967552035,0.00099601608235389,4.625,-0.125,0.125,6.505742374982219,-22870.331192042377,0.03151293098926544,4.881406148274739,0.00583428224005426,0.0,0.0,0.00099601608235389,0.00099601608235389,0.00099601608235389,0.9960159659385681,0.00099601608235389
454,2.365255053835027,4.730510107670054,-0.023743265041809337,0.00099601608235389,4.7421875,0.484375,-0.484375,6.762321750051342,-21627.896815216718,0.03151293098926544,4.924740493297577,0.0060046088668362545,0.0,0.0,0.00099601608235389,0.00099601608235389,0.00099601608235389,0.9960159659385681,0.00099601608235389
455,2.3653993051587774,4.730798610317555,-0.018413968182117282,0.00099601608235389,4.4453125,0.0546875,-0.0546875,6.464537499996368,-22075.020684106486,0.03151293098926544,4.949917753537496,0.006115889817010611,0.0,0.0,0.00099601608235389,0.00099601608235389,0.00099601608235389,0.9960159659385681,0.00099601608235389
456,2.365554189038389,4.731108378076778,-0.01468564045552187,0.00099601608235389,4.21875,0.5390625,-0.5390625,6.077893542009406,-26130.896819701018,0.03151293098926544,4.950752476851146,0.005319032716215588,0.0,0.0,0.00099601608235389,0.00099601608235389,0.00099601608235389,0.9960159659385681,0.00099601608235389
457,2.3657106075311054,4.731421215062211,-0.026258538944024808,0.00099601608235389,4.3515625,-0.4140625,0.4140625,6.216426958038937,-25519.047579862912,0.03151293098926544,4.960131963094075,0.005317439713204901,0.0,0.0,0.00099601608235389,0.00099601608235389,0.00099601608235389,0.9960159659385681,0.00099601608235389
458,2.3658621497334673,4.731724299466935,-0.015267009298429458,0.00099601608235389,4.6953125,0.328125,-0.328125,6.655752332997508,-25462.581297990288,0.03151293098926544,4.853899359703064,0.004839869080266605,0.0,0.0,0.00099601608235389,0.00099601608235389,0.00099601608235389,0.9960159659385681,0.00099601608235389
459,2.3660361816307187,4.732072363261437,-0.03049514749056231,0.00099601608235389,4.6953125,-0.1171875,0.1171875,6.559512582956813,-28068.71429293564,0.03151293098926544,4.915097196896871,0.0050797984295058995,0.0,0.0,0.00099601608235389,0.00099601608235389,0.00099601608235389,0.9960159659385681,0.00099601608235389
460,2.3661631874008426,4.732326374801685,-0.022413412491814107,0.00099601608235389,4.4296875,0.8203125,-0.8203125,6.303296917001717,-25280.30614209049,0.03151293098926544,4.867022295792897,0.005717557078848283,0.0,0.0,0.00099601608235389,0.00099601608235389,0.00099601608235389,0.9960159659385681,0.00099601608235389
461,2.3663378252339227,4.732675650467845,-0.016447610662380076,0.00099601608235389,4.5078125,0.0,0.0,6.395521583035588,-24146.536346197543,0.03151293098926544,4.9022325078646345,0.005690938298357651,0.0,0.0,0.00099601608235389,0.00099601608235389,0.00099601608235389,0.9960159659385681,0.00099601608235389
462,2.366507827427844,4.733015654855688,-0.014015083382356413,0.00099601608235389,4.5,-0.59375,0.59375,6.442247333005071,-26738.76827481058,0.03151293098926544,4.815506398677826,0.005394122990158697,0.0,0.0,0.00099601608235389,0.00099601608235389,0.00099601608235389,0.9960159659385681,0.00099601608235389
463,2.3665662223157793,4.733132444631559,-0.01713807265621586,0.00099601608235389,4.4765625,-0.2578125,0.2578125,6.3602411660249345,-28065.017270925364,0.03151293098926544,4.841068685054779,0.005585725904287149,0.0,0.0,0.00099601608235389,0.00099601608235389,0.00099601608235389,0.9960159659385681,0.00099601608235389
464,2.366530381293587,4.733060762587174,-0.019760286439800774,0.00099601608235389,4.6875,-1.0546875,1.0546875,6.58725958399009,-26911.645607325238,0.03151293098926544,4.896577616532643,0.005716246300532172,0.0,0.0,0.00099601608235389,0.00099601608235389,0.00099601608235389,0.9960159659385681,0.00099601608235389
465,2.3666264951616016,4.733252990323203,-0.017240946866709884,0.00099601608235389,4.578125,-0.015625,0.015625,6.500633542018477,-29347.14059193061,0.03151293098926544,4.982185482978821,0.0054461462326192605,0.0,0.0,0.00099601608235389,0.00099601608235389,0.00099601608235389,0.9960159659385681,0.00099601608235389
466,2.3668612951252674,4.733722590250535,-0.017620233091106982,0.00099601608235389,4.65625,-0.2734375,0.2734375,6.572462417010684,-29898.289798608563,0.03151293098926544,5.001240273316701,0.005280180499539711,0.0,0.0,0.00099601608235389,0.00099601608235389,0.00099601608235389,0.9960159659385681,0.00099601608235389
467,2.367113205986013,4.734226411972026,-0.02198013910567115,0.00099601608235389,4.3515625,0.1171875,-0.1171875,6.2536522499867715,-23424.30334590453,0.03151293098926544,5.088215072949727,0.005355280261331548,0.0,0.0,0.00099601608235389,0.00099601608235389,0.00099601608235389,0.9960159659385681,0.00099601608235389
468,2.367261832177755,4.73452366435551,-0.0300398799762665,0.00099601608235389,4.7421875,-0.5,0.5,6.690216958057135,-25015.430668763314,0.03151293098926544,4.917742073535919,0.005644801810073356,0.0,0.0,0.00099601608235389,0.00099601608235389,0.00099601608235389,0.9960159659385681,0.00099601608235389
469,2.3674041967119366,4.734808393423873,-0.015636218786886983,0.00099601608235389,4.453125,-0.21875,0.21875,6.333298666053452,-26295.458735870896,0.03151293098926544,5.012713233629863,0.005906330382761856,0.0,0.0,0.00099601608235389,0.00099601608235389,0.00099601608235389,0.9960159659385681,0.00099601608235389
470,2.367564262065447,4.735128524130894,-0.013465968159378101,0.00099601608235389,4.5546875,-0.875,0.875,6.4645584159879945,-25882.481374200786,0.03151293098926544,5.0410760045051575,0.0061014366025726,0.0,0.0,0.00099601608235389,0.00099601608235389,0.00099601608235389,0.9960159659385681,0.00099601608235389
471,2.367571227843769,4.735142455687538,-0.019300751806544638,0.00099601608235389,4.5625,0.1796875,-0.1796875,6.509799416991882,-30743.837134165307,0.03151293098926544,5.014473795890808,0.0057984021356484545,0.0,0.0,0.00099601608235389,0.00099601608235389,0.00099601608235389,0.9960159659385681,0.00099601608235389
472,2.367687467876049,4.735374935752098,-0.022594298836565236,0.00099601608235389,4.515625,-0.5703125,0.5703125,6.438871999969706,-32810.10400514702,0.03151293098926544,5.074815531571706,0.005501453730782184,0.0,0.0,0.00099601608235389,0.00099601608235389,0.00099601608235389,0.9960159659385681,0.00099601608235389
473,2.3678939786644047,4.735787957328809,-0.012846083040288602,0.00099601608235389,4.4609375,-0.2578125,0.2578125,6.53941595897777,-30956.5640590955,0.03151293098926544,5.030690173308055,0.0050493648935419815,0.0,0.0,0.00099601608235389,0.00099601608235389,0.00099601608235389,0.9960159659385681,0.00099601608235389
474,2.367999857848092,4.735999715696184,-0.01954363909583354,0.00099601608235389,4.5859375,0.5625,-0.5625,6.589259208005387,-28320.279781595,0.03151293098926544,5.058105667432149,0.0056747540753955645,0.0,0.0,0.00099601608235389,0.00099601608235389,0.00099601608235389,0.9960159659385681,0.00099601608235389
475,2.36809205682013,4.73618411364026,-0.02404001735142601,0.00099601608235389,4.5390625,-0.1328125,0.1328125,6.386439666966908,-28268.37878307664,0.03151293098926544,4.999693870544434,0.0056746312087246524,0.0,0.0,0.00099601608235389,0.00099601608235389,0.00099601608235389,0.9960159659385681,0.00099601608235389
476,2.368149900965128,4.736299801930256,-0.02788761738887477,0.00099601608235389,4.5390625,0.5078125,-0.5078125,6.384812582982704,-26854.040308678213,0.03151293098926544,4.963977535565694,0.0058880053693428636,0.0,0.0,0.00099601608235389,0.00099601608235389,0.00099601608235389,0.9960159659385681,0.00099601608235389
477,2.3681787380843846,4.736357476168769,-0.03300727357662521,0.00099601608235389,4.5703125,0.3984375,-0.3984375,6.48593104101019,-32967.38689948188,0.03151293098926544,4.998754878838857,0.005934182612691075,0.0,0.0,0.00099601608235389,0.00099601608235389,0.00099601608235389,0.9960159659385681,0.00099601608235389
478,2.3682962393121834,4.736592478624367,-0.015056959869225516,0.00099601608235389,4.5703125,-0.1171875,0.1171875,6.439319875033107,-27142.45368263701,0.03151293098926544,5.099142829577128,0.0062201423570513725,0.0,0.0,0.00099601608235389,0.00099601608235389,0.00099601608235389,0.9960159659385681,0.00099601608235389
479,2.368487500003989,4.736975000007978,-0.02065965193332163,0.00099601608235389,4.6640625,0.296875,-0.296875,6.506006792013068,-30453.279925782477,0.03151293098926544,5.169919470945994,0.005655163491610438,0.0,0.0,0.00099601608235389,0.00099601608235389,0.00099601608235389,0.9960159659385681,0.00099601608235389
480,2.368556188185381,4.737112376370762,-0.02009783643539328,0.00099601608235389,4.609375,-0.0703125,0.0703125,6.506724333041348,-32525.871683023743,0.03151293098926544,5.153525352478027,0.005577388743404299,0.0,0.0,0.00099601608235389,0.00099601608235389,0.00099601608235389,0.9960159659385681,0.00099601608235389
481,2.3686248704566526,4.737249740913305,-0.00858170418818064,0.00099601608235389,4.7578125,0.1015625,-0.1015625,6.644515625026543,-31303.871113042722,0.03151293098926544,5.173105835914612,0.0064458476069072885,0.0,0.0,0.00099601608235389,0.00099601608235389,0.00099601608235389,0.9960159659385681,0.00099601608235389
482,2.3686849990391234,4.737369998078247,-0.014540590433686188,0.00099601608235389,4.4609375,-0.484375,0.484375,6.3191427499987185,-35768.98904408256,0.03151293098926544,5.152044296264648,0.00628349701097856,0.0,0.0,0.00099601608235389,0.00099601608235389,0.00099601608235389,0.9960159659385681,0.00099601608235389
483,2.368793944367117,4.737587888734234,-0.017940229742761677,0.00099601608235389,4.375,0.0625,-0.0625,6.285679250024259,-33965.938736561366,0.03151293098926544,5.116722126801808,0.005810408329125494,0.0,0.0,0.00099601608235389,0.00099601608235389,0.00099601608235389,0.9960159659385681,0.00099601608235389
484,2.368876371554373,4.737752743108746,-0.029852043492432076,0.00099601608235389,4.65625,-0.2890625,0.2890625,6.479182457958814,-29261.141150378542,0.03151293098926544,5.1266501148541765,0.005758679937571287,0.0,0.0,0.00099601608235389,0.00099601608235389,0.00099601608235389,0.9960159659385681,0.00099601608235389
485,2.3690321911113195,4.738064382222639,-0.02647214625295565,0.00099601608235389,4.4921875,0.171875,-0.171875,6.401569625013508,-30043.33496754522,0.03151293098926544,5.0623303055763245,0.005437780385060857,0.0,0.0,0.00099601608235389,0.00099601608235389,0.00099601608235389,0.9960159659385681,0.00099601608235389
486,2.3693206566207343,4.738641313241469,-0.020134294137157314,0.00099601608235389,4.4765625,0.1796875,-0.1796875,6.28683804202592,-32017.352293643653,0.03151293098926544,5.136633932590485,0.005263372033368796,0.0,0.0,0.00099601608235389,0.00099601608235389,0.00099601608235389,0.9960159659385681,0.00099601608235389
487,2.3694830423872215,4.738966084774443,-0.02486633472187019,0.00099601608235389,4.4921875,-0.828125,0.828125,6.325489874987397,-29242.708091218366,0.03151293098926544,5.145613968372345,0.005885613810581465,0.0,0.0,0.00099601608235389,0.00099601608235389,0.00099601608235389,0.9960159659385681,0.00099601608235389
488,2.3696677800612016,4.739335560122403,-0.02448870947677854,0.00099601608235389,4.53125,0.53125,-0.53125,6.4252080409787595,-27492.30188835407,0.03151293098926544,5.157301723957062,0.006102584321827938,0.0,0.0,0.00099601608235389,0.00099601608235389,0.00099601608235389,0.9960159659385681,0.00099601608235389
489,2.3698213370669823,4.739642674133965,-0.013312475735352618,0.00099601608235389,4.4453125,-0.015625,0.015625,6.272016292030457,-32589.698697859458,0.03151293098926544,5.138734400272369,0.005906208612335225,0.0,0.0,0.00099601608235389,0.00099601608235389,0.00099601608235389,0.9960159659385681,0.00099601608235389
490,2.369914070616424,4.739828141232848,-0.021886219928694998,0.00099601608235389,4.515625,0.1484375,-0.1484375,6.416270917048678,-35942.32303574506,0.03151293098926544,5.107840081055959,0.00579388552190115,0.0,0.0,0.00099601608235389,0.00099601608235389,0.00099601608235389,0.9960159659385681,0.00099601608235389
491,2.3698952283238786,4.739790456647757,-0.02145948963584926,0.00099601608235389,4.5625,-0.28125,0.28125,6.418428166012745,-32169.456986361987,0.03151293098926544,5.067798137664795,0.0062237005137527985,0.0,0.0,0.00099601608235389,0.00099601608235389,0.00099601608235389,0.9960159659385681,0.00099601608235389
492,2.3700006219457768,4.7400012438915535,-0.025224353800370098,0.00099601608235389,4.421875,-0.3359375,0.3359375,6.235028875002172,-32071.887146238725,0.03151293098926544,5.111971000830333,0.005377801125481104,0.0,0.0,0.00099601608235389,0.00099601608235389,0.00099601608235389,0.9960159659385681,0.00099601608235389
493,2.370199010503582,4.740398021007164,-0.014747266029831788,0.00099601608235389,4.6015625,0.5703125,-0.5703125,6.596004042017739,-36248.07826396119,0.03151293098926544,5.138065278530121,0.005145518021890894,0.0,0.0,0.00099601608235389,0.00099601608235389,0.00099601608235389,0.9960159659385681,0.00099601608235389
494,2.3702849989195154,4.740569997839031,-0.028706273775156475,0.00099601608235389,4.6328125,0.21875,-0.21875,6.521669125009794,-37338.15197427116,0.03151293098926544,4.998123427232106,0.005211193424959977,0.0,0.0,0.00099601608235389,0.00099601608235389,0.00099601608235389,0.9960159659385681,0.00099601608235389
495,2.3703214294133366,4.740642858826673,-0.019271798662514692,0.00099601608235389,4.4921875,0.3828125,-0.3828125,6.376178541977424,-26571.09360616933,0.03151293098926544,5.014102856318156,0.005893370117216061,0.0,0.0,0.00099601608235389,0.00099601608235389,0.00099601608235389,0.9960159659385681,0.00099601608235389
496,2.3703413402068723,4.7406826804137445,-0.021644850724416603,0.00099601608235389,4.359375,0.1171875,-0.1171875,6.205343041976448,-28812.729702036868,0.03151293098926544,5.1470386783281965,0.006198705523274839,0.0,0.0,0.00099601608235389,0.00099601608235389,0.00099601608235389,0.9960159659385681,0.00099601608235389
497,2.370329694809064,4.740659389618128,-0.015048750282988807,0.00099601608235389,4.375,0.578125,-0.578125,6.195206416014116,-25828.838065828597,0.03151293098926544,5.206396500269572,0.0061423053266480565,0.0,0.0,0.00099601608235389,0.00099601608235389,0.00099601608235389,0.9960159659385681,0.00099601608235389
498,2.370450999058341,4.740901998116682,-0.013244045990662692,0.00099601608235389,4.6796875,0.5703125,-0.5703125,6.582386082969606,-32257.89837959812,0.03151293098926544,5.148453017075856,0.005687474040314555,0.0,0.0,0.00099601608235389,0.00099601608235389,0.00099601608235389,0.9960159659385681,0.00099601608235389
499,2.3706460588402116,4.741292117680423,-0.017529965089346577,0.00099601608235389,4.5546875,0.7890625,-0.7890625,6.472565374977421,-31312.093060213745,0.03151293098926544,5.21749480565389,0.005098081358786051,0.0,0.0,0.00099601608235389,0.00099601608235389,0.00099601608235389,0.9960159659385681,0.00099601608235389
500,2.370785278605873,4.741570557211746,-0.021410526334524903,0.00099601608235389,4.4609375,-0.3046875,0.3046875,6.308311707980465,-28255.00397936392,0.03151293098926544,5.212024390697479,0.005699374810016404,0.0,0.0,0.00099601608235389,0.00099601608235389,0.00099601608235389,0.9960159659385681,0.00099601608235389
