iteration,exploitability,nash_conv,actor_loss,average_lambda,mean_episode_length,mean_return_player0,mean_return_player1,wall_time_sec,scheduler_loss,gate_entropy,gate_regret_norm,gate_avg_utility,handoff_frozen_clusters,handoff_missing_clusters,gate_prob_actor,gate_prob_regret,gate_prob_ra,gate_prob_explore,gate_prob_cfr
1,2.3736110412500016,4.747222082500003,0.0,0.19184793185226018,4.1640625,0.296875,-0.296875,5.924535083002411,0.00014554908802875833,1.607989882662417,0.0,0.0,0.0,0.0,0.20022855601212322,0.19184793185226018,0.2119365735416341,0.1864025862590457,0.2095843605263819
2,2.354880831783699,4.709761663567398,3.6195721541866384e-05,0.19527403035350005,4.203125,-0.234375,0.234375,5.951462834025733,5.2249072522327344e-05,1.6089165385770976,5.741743153529288e-10,-1.3263461952513422e-12,0.0,0.0,0.19953202043545734,0.19527403035350005,0.20651879673996823,0.1946254296152122,0.2040497351811721
3,2.3714235392116674,4.742847078423335,3.756699736965663e-05,0.19949495472670514,4.078125,0.4765625,-0.4765625,5.723498833016492,-0.8848399231353082,1.6091648162096397,0.022764630538101,2.465952389322605e-07,0.0,0.0,0.1984347950281768,0.19949495472670514,0.20177762989682713,0.20079136017524418,0.19950126913658048
4,2.3730769853919593,4.746153970783919,-7.268905374988381e-05,0.19401066794114954,4.1171875,0.0703125,-0.0703125,5.793011125002522,-0.8723245876252764,1.6090616650554215,0.04693219345062971,3.911076376539313e-06,0.0,0.0,0.20035208368663318,0.19401066794114954,0.20333205225684836,0.20083092449964562,0.20147428275624987
5,2.3729497613962387,4.745899522792477,1.3833903406258714e-05,0.18754750108182314,3.9921875,-0.296875,0.296875,5.602543750021141,-1.1849632569663446,1.6086827971464035,0.07160172595952947,1.2080844877952282e-05,0.0,0.0,0.2028113160639593,0.18754750108182314,0.2049144586355019,0.20235428336548478,0.20237245120530958
6,2.33717940328554,4.67435880657108,-0.00013994859797038348,0.18102077093530208,4.0390625,-0.328125,0.328125,5.798794959031511,-1.3175052168456625,1.6079857047337398,0.09384650085121393,2.314185993175973e-05,0.0,0.0,0.20551832210510335,0.18102077093530208,0.20630363033403512,0.2044365485009649,0.20272073769361876
7,2.3077654737377467,4.615530947475493,-3.923326147505104e-05,0.17489804948596677,4.2734375,-0.03125,0.03125,5.964281917025801,-0.9858753340185996,1.606976955856658,0.11689422434816758,3.895182271662634e-05,0.0,0.0,0.2091200339456363,0.17489804948596677,0.20687873141203328,0.20733714694841687,0.2017660432204032
8,2.325595230640225,4.65119046128045,-2.4204721072999142e-05,0.16811679809940366,4.046875,0.2265625,-0.2265625,5.69302216701908,-1.4278542583693237,1.6056192386104333,0.13683797853688398,5.418933233158896e-05,0.0,0.0,0.21197476056781975,0.16811679809940366,0.2092081769495397,0.20953614138153068,0.20116412967558533
9,2.390392876692404,4.780785753384808,-0.0003203747699466459,0.16148856606292902,4.203125,-0.421875,0.421875,6.031678624975029,-1.5814682670373843,1.6038233445036367,0.1557961106300354,7.305334444633142e-05,0.0,0.0,0.21576045453548431,0.16148856606292902,0.2105870374294905,0.21260847674758904,0.19955547079166958
10,2.411612791621371,4.823225583242742,-0.0001018334362938355,0.15517123200676658,4.296875,0.4375,-0.4375,6.016189209010918,-1.5538906569643454,1.6016802614385433,0.17127254512161016,9.203570759079109e-05,0.0,0.0,0.21907453618266365,0.15517123200676658,0.2122943060506474,0.21535657877271824,0.1981033560362729
11,2.4095563543132643,4.819112708626529,-0.00044951349402877727,0.14843128114485468,4.109375,-0.53125,0.53125,5.81304049998289,-2.0042408532409897,1.5988762519205477,0.19305464128653207,0.00012106937841357042,0.0,0.0,0.2229322017428993,0.14843128114485468,0.21471815564786526,0.2187069627268686,0.19521140842609985
12,2.4266609287051097,4.8533218574102195,3.054443282378098e-05,0.1415393710163705,4.265625,-0.671875,0.671875,6.019568958028685,-2.0608717579831244,1.5954426396024095,0.20113109362622103,0.00013781787038169568,0.0,0.0,0.22704932281931678,0.1415393710163705,0.21638059485089647,0.22302624061976598,0.19200447900391324
13,2.420065523101533,4.840131046203066,0.0002546934409034945,0.13411906535105433,4.2265625,-0.125,0.125,5.965859709016513,-1.963831663940811,1.590966562026089,0.22018264109889665,0.00017128286041649213,0.0,0.0,0.23151497383104455,0.13411906535105433,0.21806461494863585,0.2282274726248052,0.18807388561159757
14,2.405393336553215,4.81078667310643,-0.0003263101784933288,0.1282022598588351,4.0234375,-0.0078125,0.0078125,5.659792250022292,-1.8038738653678628,1.5867018053832564,0.23641624736289182,0.00020277532469966295,0.0,0.0,0.23535291292134997,0.1282022598588351,0.22034631672414762,0.23234270744532057,0.18375581039965733
15,2.417307015424382,4.834614030848764,-0.00011582411058202479,0.12043555756880217,3.9609375,0.375,-0.375,5.576919500017539,-1.889205024840358,1.580386832150717,0.260478541875879,0.00023541350189285973,0.0,0.0,0.23987746197561305,0.12043555756880217,0.2227568598188592,0.23814776078366198,0.17878236711260365
16,2.4127772673691075,4.825554534738215,0.00021003758316841373,0.11177216606835524,4.21875,-0.265625,0.265625,5.962850792042445,-1.7927443912597718,1.571732492579354,0.27794894576072693,0.00026921220220780623,0.0,0.0,0.245837154680932,0.11177216606835524,0.22392628584746962,0.24616625871923234,0.1722981423691467
17,2.407746326516661,4.815492653033322,-7.144687387311167e-05,0.10527385581853026,4.1484375,0.1953125,-0.1953125,5.86850245797541,-1.9064386936427284,1.5639545690766388,0.2980105057358742,0.00030560184313799255,0.0,0.0,0.2505922130608963,0.10527385581853026,0.22676404353701238,0.2516950875969705,0.1656748084754818
18,2.4037767666365863,4.807553533273173,0.0005084875557716332,0.09654051924023235,4.4609375,-0.1171875,0.1171875,6.28539949998958,-1.7497746719866207,1.5522314128441486,0.31003814935684204,0.0003363090036145877,0.0,0.0,0.255952091616841,0.09654051924023235,0.2297634920023786,0.2603482586020137,0.15739565106490447
19,2.3858830112262925,4.771766022452585,0.00014548626962250055,0.08850571732779654,4.015625,-0.0859375,0.0859375,5.711127375019714,-1.7009395493361157,1.5410048282100068,0.33617042501767475,0.00040318196746132645,0.0,0.0,0.2605653671902905,0.08850571732779654,0.2326774071278739,0.26663834821969157,0.15161317041875788
20,2.3890099257713704,4.778019851542741,0.00036880749040071154,0.08005796214352355,4.09375,0.0625,-0.0625,5.705829042010009,-1.7714570948555497,1.5257741515418046,0.36304280906915665,0.00045789887371938676,0.0,0.0,0.2669762842755281,0.08005796214352355,0.23422979910410088,0.2759793449676674,0.14275662219933882
21,2.3682923780241145,4.736584756048229,0.0008256256013113194,0.07061673382345299,3.9296875,-0.1875,0.1875,5.57166412496008,-2.033937583453435,1.5071825886341497,0.3799625113606453,0.00047771403721223277,0.0,0.0,0.2730161379985733,0.07061673382345299,0.237617903124267,0.28536563080774385,0.1333836036962022
22,2.3634277103545442,4.7268554207090885,-0.00032395601169288264,0.06189395388718589,4.1328125,-0.4453125,0.4453125,5.818005290988367,-1.99420045325022,1.4859483769350106,0.3987180218100548,0.0005538033146876842,0.0,0.0,0.27945521276704754,0.06189395388718589,0.23880787855736024,0.29674523150537774,0.12309773402932912
23,2.346412853549804,4.692825707099608,0.00027211065345218916,0.05419068825107914,4.1640625,-0.265625,0.265625,5.8702862079953775,-1.6498708109848383,1.4640933328900507,0.40810027346014977,0.0006187335020513274,0.0,0.0,0.28529502895938524,0.05419068825107914,0.24144135407166903,0.30644959015649437,0.11262334897191618
24,2.3587615290035715,4.717523058007143,-0.0006405704033491048,0.046830340686202954,4.1171875,-0.53125,0.53125,5.768791207985487,-2.142858781687477,1.4394633071019935,0.4259346549709638,0.0006851248908787966,0.0,0.0,0.2922682093148892,0.046830340686202954,0.24268917739391327,0.31662925710261886,0.10158302769262831
25,2.3616989717972228,4.7233979435944455,-2.5356431523217854e-05,0.03965628268033789,4.0078125,-0.234375,0.234375,5.624879791983403,-1.8164444248578702,1.412312748836495,0.4391525313258171,0.0007380098759313114,0.0,0.0,0.2988538309844614,0.03965628268033789,0.24342623100294705,0.32732823189006677,0.09073543124496355
26,2.3674271952830237,4.734854390566047,-4.9536191318802836e-05,0.03240233028474946,4.0859375,0.1015625,-0.1015625,5.7295492079574615,-1.4174704325900023,1.3816581930302754,0.4603990688920021,0.0008190781542604478,0.0,0.0,0.3042613114613192,0.03240233028474946,0.2440228617214108,0.3395208518660091,0.07979265584772449
27,2.3656095806790693,4.731219161358139,-0.000430384857560965,0.026532293823358515,4.0390625,-0.7890625,0.7890625,5.679996291000862,-2.133666817801401,1.351052180710798,0.4983687611917655,0.0008131129870889708,0.0,0.0,0.3096813447701401,0.026532293823358515,0.24345646297101586,0.3510952947564005,0.06923461397046969
28,2.3774441746257073,4.754888349251415,-0.0005084178485403276,0.02197701785275165,3.8515625,-1.0390625,1.0390625,5.4056024579913355,-2.0773016351858877,1.3237678189790274,0.5323807286719481,0.0008249571662114855,0.0,0.0,0.3143706862147875,0.02197701785275165,0.2435095604607348,0.36022130283574305,0.05992144199643609
29,2.3734456947639964,4.746891389527993,-0.00026250582281604187,0.016693862006314706,4.1328125,-0.5859375,0.5859375,5.810238707985263,-2.1800828668780077,1.2853782129648277,0.5461514753599962,0.0008539155496691819,0.0,0.0,0.31944238891673676,0.016693862006314706,0.23975145430893888,0.37540255399642686,0.04870975103109568
30,2.371581615191337,4.743163230382674,0.0005179528765539712,0.012508154605461312,4.3125,-0.1875,0.1875,6.02873083302984,-2.567166059055244,1.249295071847197,0.5576874899367491,0.0009510351143641552,0.0,0.0,0.32297580780974333,0.012508154605461312,0.23683031035614185,0.3888599774327831,0.0388257598295214
31,2.3719592154958375,4.743918430991675,0.0004983592129479457,0.009290896728374203,4.1875,0.21875,-0.21875,5.862964416970499,-3.2515427491752735,1.2154793134376185,0.5791536134978136,0.0009674996360142055,0.0,0.0,0.3253263728832131,0.009290896728374203,0.23183593971293365,0.40283685216485565,0.030709945786146643
32,2.370515854654675,4.74103170930935,0.00031993955020914765,0.007080974793992937,3.90625,0.1015625,-0.1015625,5.5142467499827035,-3.3493044437561186,1.1900830233097077,0.6187674750884374,0.0010087554801430088,0.0,0.0,0.327984051823616,0.007080974793992937,0.22951470229029655,0.4108894679546356,0.024530812112614514
33,2.3686146463105304,4.737229292621061,0.00023556101787279994,0.004782365234859753,4.25,-0.4921875,0.4921875,5.9433533329865895,-2.9428015707457877,1.1544794223326094,0.6207924460371336,0.001055018986032034,0.0,0.0,0.3296184791799854,0.004782365234859753,0.2212809002958238,0.42676947884919014,0.01754878647711046
34,2.3680389640771686,4.736077928154337,4.148240106785736e-05,0.0035068708617989656,3.9609375,0.4921875,-0.4921875,5.543837249977514,-3.169823386645793,1.131584542272594,0.6485109875599543,0.0011746898089768365,0.0,0.0,0.3308643602290332,0.0035068708617989656,0.21590266751467124,0.43646225233284913,0.013263859486673945
35,2.367266725027688,4.734533450055376,-6.941007353642568e-05,0.00238892390288148,4.0703125,-0.078125,0.078125,5.742366457998287,-2.5637402409587535,1.1036736702049534,0.6545450215538343,0.0012667657550385532,0.0,0.0,0.32981261994239236,0.00238892390288148,0.2074467405076219,0.45131899608073905,0.009032727317927466
36,2.3668402973686558,4.7336805947373115,0.0011323120472437032,0.0016877634984800143,3.9921875,0.65625,-0.65625,5.608343459025491,-4.555128105994452,1.0787669533386155,0.6667918289701144,0.001318017583495627,0.0,0.0,0.32690371745019975,0.0016877634984800143,0.19796023831325502,0.46734074294683753,0.0061075464239591865
37,2.366418481655579,4.732836963311158,0.0008865617692298731,0.0012461788110051523,3.984375,-0.6328125,0.6328125,5.647628666018136,-4.557422044263313,1.0581878070737802,0.6733715906739235,0.0013931715608729671,0.0,0.0,0.32483294676331914,0.0012461788110051523,0.18901168379713507,0.480852418086108,0.0040567847276928234
38,2.3663762742512526,4.732752548502505,-0.0005418776768572797,0.0010598603081289734,4.125,-0.8046875,0.8046875,5.82582516601542,-4.93356256907326,1.038908099699201,0.6855810383955637,0.0013272405970686425,0.0,0.0,0.3217789683152329,0.0010598603081289734,0.17898027917765308,0.49553903621254547,0.0026418713883189907
39,2.366128651864246,4.732257303728492,0.0005861287955632958,0.0010006967908183465,4.203125,-0.1484375,0.1484375,5.907127542013768,-6.127614924500672,1.0213336580083272,0.7043434828519821,0.0011197538042324595,0.0,0.0,0.31690928755418074,0.0010006967908183465,0.16923867322532218,0.5110753299356836,0.001776032651372974
40,2.365929213057453,4.731858426114906,-9.383364514476181e-05,0.0009987944607677498,4.1328125,0.7265625,-0.7265625,5.878653250052594,-4.790884612008422,0.9992319098717775,0.720701257387797,0.0010258239053655416,0.0,0.0,0.30994624682545435,0.0009987944607677498,0.15652047263877378,0.531241179526641,0.0012933196830484024
41,2.365766700966941,4.731533401933882,-0.0009275301468879062,0.0009985767976490245,4.125,-0.421875,0.421875,5.797219375032,-5.581496819587438,0.9820900060462229,0.7257443318764368,0.0010995887666164588,0.0,0.0,0.30516545485818025,0.0009985767976490245,0.1466595146551051,0.5461351916081074,0.0010412839105948947
42,2.365599767819634,4.731199535639268,0.00020091540230807007,0.000998344013848183,4.0703125,0.3984375,-0.3984375,5.729283082997426,-6.222699211375884,0.9629873552157645,0.7612737566232681,0.001287270703566416,0.0,0.0,0.29770520400978095,0.000998344013848183,0.13650508806996062,0.5637930457743024,0.000998344013848183
43,2.3654009207688174,4.730801841537635,0.0006394822654382178,0.0009981721194895488,4.0859375,-0.4296875,0.4296875,5.719894125009887,-6.890734195169667,0.9388671368075603,0.7733989208936691,0.0012586871162056923,0.0,0.0,0.28922749631263556,0.0009981721194895488,0.1246347276931967,0.5841414523854083,0.0009981721194895488
44,2.365171339984914,4.730342679969828,0.00015884037481512448,0.0009980910011043085,4.109375,0.2265625,-0.2265625,5.800198665994685,-7.238504568058218,0.916732355555654,0.8028885573148727,0.0012975789092403527,0.0,0.0,0.28118116057304376,0.0009980910011043085,0.11472459095654153,0.602098084447955,0.0009980910011043085
45,2.3648779355979412,4.7297558711958825,-0.0001911386886618824,0.0009980436794409283,4.03125,-0.1640625,0.1640625,5.680425625003409,-8.350545581043951,0.8878082189449045,0.8059969867269198,0.0013225549191702157,0.0,0.0,0.27119226482256437,0.0009980436794409283,0.10331459057539008,0.6234970643769863,0.0009980436794409283
46,2.3646543892877876,4.729308778575575,-0.0005262703550971836,0.0009980221934108896,4.0703125,-0.125,0.125,5.701309249969199,-9.652347255251486,0.8518581847998093,0.8179314608375231,0.0013823640595849913,0.0,0.0,0.2578076919301229,0.0009980221934108896,0.09085158949392542,0.6493446910449959,0.0009980221934108896
47,2.364473655169498,4.728947310338996,-7.719940494937997e-05,0.0009980118182065384,4.2890625,-0.2578125,0.2578125,6.071761667029932,-7.575737997984517,0.8179256774905818,0.8115838294227918,0.001473878345374639,0.0,0.0,0.24553811509426826,0.0009980118182065384,0.08041529768640227,0.6720505709639447,0.0009980118182065384
48,2.364390565943202,4.728781131886404,0.0004265541224589049,0.0009980071807751038,4.203125,0.1875,-0.1875,5.853264165984001,-8.959273475361641,0.7822809662517561,0.8196593970060349,0.0016032549465307966,0.0,0.0,0.2326791517741175,0.0009980071807751038,0.07036723346418275,0.6949576050818631,0.0009980071807751038
49,2.364188313898512,4.728376627797024,0.0014172193677134061,0.0009980053074804007,3.984375,0.4921875,-0.4921875,5.633671707997564,-9.058785577080961,0.7396872804445379,0.8290392930308977,0.0015657637365317594,0.0,0.0,0.2166059821844101,0.0009980053074804007,0.06057065127453968,0.720827358376746,0.0009980053074804007
50,2.3640955475831023,4.7281910951662045,-0.0008799292670740819,0.0009980045084703511,4.1640625,-0.5078125,0.5078125,5.895701250003185,-12.224121980414521,0.6938673418860946,0.8485405122240385,0.001540435373802514,0.0,0.0,0.19996681276841638,0.0009980045084703511,0.05116398713951598,0.7468731764557214,0.0009980045084703511
51,2.363911875020284,4.727823750040568,0.00045943412087672583,0.0009980042308677722,4.28125,-0.0390625,0.0390625,6.097331875003874,-13.928920161776094,0.6447217412782411,0.8560573707024256,0.001338592883257661,0.0,0.0,0.18242336777004883,0.0009980042308677722,0.04230256691357515,0.7732780497439586,0.0009980042308677722
52,2.3638931124169873,4.727786224833975,0.001238128620334761,0.00099800414357979,3.8828125,0.3046875,-0.3046875,5.446276541042607,-14.010090806987606,0.6068280327248141,0.9057044833898544,0.0013101488245107855,0.0,0.0,0.16881215335497674,0.00099800414357979,0.03625692602929095,0.7929349154293897,0.00099800414357979
53,2.363875544203081,4.727751088406162,-3.0766133366029574e-06,0.0009980040817171166,4.1328125,0.203125,-0.203125,5.800663291011006,-15.495499982293044,0.5455701011453099,0.9203568572799364,0.0015082132498112817,0.0,0.0,0.14749910316248696,0.0009980040817171166,0.028202039944905864,0.8223028445514253,0.0009980040817171166
54,2.3637233742630377,4.727446748526075,0.0010313480021005837,0.0009980040723366627,3.984375,-0.2265625,0.2265625,5.608820000023115,-12.466565041989545,0.5023968412595636,0.9442939062913259,0.0017049409871106036,0.0,0.0,0.1327362377415685,0.0009980040723366627,0.023126723860189612,0.8421410209992353,0.0009980040723366627
55,2.363590411350865,4.72718082270173,-0.00021042473558760509,0.0009980040690958107,4.1484375,-0.0859375,0.0859375,5.81595970899798,-12.78024599923561,0.4423742275790306,0.9672084798415502,0.0014647221444950749,0.0,0.0,0.11280771362439163,0.0009980040690958107,0.01731145098452893,0.8678848172087229,0.0009980040690958107
56,2.363492417689097,4.726984835378194,-0.001001456072067334,0.0009980040735121224,4.1796875,0.4140625,-0.4140625,5.860405999992508,-12.784308766799317,0.38624109280443636,0.9394293427467346,0.0016399391606682912,0.0,0.0,0.09477679889614336,0.0009980040735121224,0.012916946781050657,0.8903102386777646,0.0009980040735121224
57,2.363398941412862,4.726797882825724,0.0008424458779281383,0.000998003684383418,4.1015625,-0.28125,0.28125,5.769162292010151,-18.66256218935518,0.33163283197652726,0.917930024365584,0.0017567694837149854,0.0,0.0,0.07787234359199093,0.000998003684383418,0.009398251813392908,0.9107333985964458,0.000998003684383418
58,2.36326266445451,4.72652532890902,-0.0006531441983226624,0.0009979923028870055,4.2734375,0.2890625,-0.2890625,5.95252624998102,-22.149496752028337,0.28427185829204443,0.9137009878953298,0.001722192833161292,0.0,0.0,0.06369220326829982,0.0009979923028870055,0.006840711160711058,0.9274710970343358,0.0009979923028870055
59,2.3631207146221,4.7262414292442,-0.0002045892769952633,0.000997915533887682,4.0859375,-0.265625,0.265625,5.747097291983664,-27.7806672279333,0.23396404336845897,0.9310888747374216,0.0017446782925010969,0.0,0.0,0.0492195328287994,0.000997915533887682,0.004726081794077961,0.9440585499055982,0.000997915533887682
60,2.362937747436839,4.725875494873678,-0.0005191351271822123,0.0009978560398888761,4.1484375,-0.1171875,0.1171875,5.810544125037268,-24.477251062281756,0.19516900689700678,0.9243134508530298,0.001758512594581892,0.0,0.0,0.03855668271237567,0.0009978560398888761,0.003375689625799684,0.9560719170588333,0.0009978560398888761
61,2.3626627890500074,4.725325578100015,6.519032609492223e-05,0.0009978030556812882,3.90625,-0.296875,0.296875,5.569421291002072,-25.88467447762715,0.16110204259306193,0.9584268232186636,0.0015744389141521726,0.0,0.0,0.02967048390302807,0.0009978030556812882,0.002419423614628613,0.9659144818782807,0.0009978030556812882
62,2.362600502242594,4.725201004485188,-0.00010763755664448338,0.0009977077656817012,4.0703125,0.296875,-0.296875,5.697719332994893,-19.610489905442016,0.128861771563994,0.9897187699874243,0.0015087109272826638,0.0,0.0,0.021714433990579794,0.0009977077656817012,0.0017595103970458892,0.9745306376074646,0.0009977077656817012
63,2.362352660899444,4.724705321798888,0.0007946146807003342,0.0009976135734885438,4.015625,0.0234375,-0.0234375,5.697433124994859,-26.5377629895639,0.09982386911251666,1.0228631695111592,0.001792780863373385,0.0,0.0,0.014953883219164242,0.0009976135734885438,0.0012743113413434984,0.9817765738945526,0.0009976135734885438
64,2.3620576404718885,4.724115280943777,-0.0004717847003951937,0.000997458053241258,4.125,0.296875,-0.296875,5.7963360830326565,-30.705256778892295,0.07735959551240684,1.0392115886012714,0.0018621738369499023,0.0,0.0,0.009952046870294549,0.000997458053241258,0.0010661808222666327,0.9869868549885172,0.000997458053241258
65,2.3618193115817165,4.723638623163433,-0.0010383069879191062,0.0009973134183312166,4.0078125,0.0546875,-0.0546875,5.631230957980733,-30.72468776436994,0.06342987241277918,1.030322993795077,0.0016399894908924277,0.0,0.0,0.006970971720619944,0.0009973134183312166,0.001006996302437001,0.9900274108260231,0.0009973134183312166
66,2.3616169678570786,4.723233935714157,-0.0021252774416436735,0.0009970994751291493,4.0625,-0.1171875,0.1171875,5.686407000001054,-24.171096726943382,0.051355464613208404,1.031478504339854,0.0017101590977593635,0.0,0.0,0.004520448997545128,0.0009970994751291493,0.0009970994751291493,0.992488264808288,0.0009970994751291493
67,2.3614318174371336,4.722863634874267,-0.0005911656259799801,0.0009969325964762406,4.296875,0.65625,-0.65625,6.023013458005153,-29.711165347284002,0.04301044414666566,1.0292898217837017,0.0017613021288222324,0.0,0.0,0.0029354460950178855,0.0009969325964762406,0.0009969325964762406,0.9940737652778625,0.0009969325964762406
68,2.3612009889979593,4.7224019779959185,0.0004913302221401398,0.000996783654784717,4.1328125,-0.3359375,0.3359375,5.8189249580027536,-27.153476483995647,0.037422419840818545,1.0364174197117488,0.0017450704423633094,0.0,0.0,0.0019465014567362788,0.000996783654784717,0.000996783654784717,0.9950631568472417,0.000996783654784717
69,2.3610645251389952,4.7221290502779905,8.812976839159923e-05,0.0009966987406838535,4.0703125,0.2265625,-0.2265625,5.731821332999971,-26.712878984114063,0.03391610429892156,1.0299547413984935,0.0018431076411313068,0.0,0.0,0.0013662629656675995,0.0009966987406838535,0.0009966987406838535,0.9956436527896523,0.0009966987406838535
70,2.3608181161216146,4.721636232243229,-0.00022090346738457616,0.0009965212117488262,4.1171875,-0.0859375,0.0859375,5.777609791955911,-32.233534742061096,0.03218482108168177,1.06407547245423,0.00213029233176106,0.0,0.0,0.001096510246397832,0.0009965212117488262,0.0009965212117488262,0.9959139577351666,0.0009965212117488262
71,2.360692620599587,4.721385241199174,-0.000553945212248781,0.000996348222868809,4.1875,-0.578125,0.578125,5.950614375004079,-30.72229038604181,0.031616422215671236,1.0996686567862828,0.001960506118242241,0.0,0.0,0.001010192224995664,0.000996348222868809,0.000996348222868809,0.9960007879938653,0.000996348222868809
72,2.3605253696446757,4.7210507392893515,-0.0023652432725706314,0.0009962155760262277,4.03125,0.8671875,-0.8671875,5.623767250042874,-47.16051509147049,0.03151844206533229,1.110967069864273,0.0018301771973104526,0.0,0.0,0.0009962155760262277,0.0009962155760262277,0.0009962155760262277,0.9960151707479196,0.0009962155760262277
73,2.3602795885246017,4.7205591770492035,0.0009730698975512943,0.0009961188942412915,4.1875,0.65625,-0.65625,5.958537750004325,-46.336881934236324,0.03151576286320811,1.0991062422593434,0.0017623274009868812,0.0,0.0,0.0009961188942412915,0.0009961188942412915,0.0009961188942412915,0.996015565386459,0.0009961188942412915
74,2.359953862277096,4.719907724554192,-0.002345197791741895,0.0009960683851221682,4.140625,0.0625,-0.0625,5.802993958990555,-36.420939467643024,0.031514364452856894,1.1062066306670506,0.0018118958299358685,0.0,0.0,0.0009960683851221682,0.0009960683851221682,0.0009960683851221682,0.9960157700304715,0.0009960683851221682
75,2.360007538222481,4.720015076444962,-0.002213775426630114,0.000996040851969293,4.1328125,-0.984375,0.984375,5.8898780409945175,-36.04300520293489,0.03151360428795247,1.1570363541444142,0.0017775022764302169,0.0,0.0,0.000996040851969293,0.000996040851969293,0.000996040851969293,0.996015879630141,0.000996040851969293
76,2.359839155619158,4.719678311238316,-0.0031478340592104932,0.0009960284976386902,4,0.15625,-0.15625,5.615908416977618,-39.22983766629149,0.03151326663646614,1.197032019495964,0.001707413617017058,0.0,0.0,0.0009960284976386902,0.0009960284976386902,0.0009960284976386902,0.9960159251932055,0.0009960284976386902
77,2.359562567664783,4.719125135329566,0.001203219172888213,0.0009960222939753294,4,-0.6484375,0.6484375,5.649343291996047,-45.75000804359303,0.0315130926828715,1.1834393044312794,0.0017761041623695444,0.0,0.0,0.0009960222939753294,0.0009960222939753294,0.0009960222939753294,0.9960159525508061,0.0009960222939753294
78,2.35925005251117,4.71850010502234,0.0013270046162086528,0.000996018545561257,4.1328125,-0.0703125,0.0703125,5.814576709002722,-60.59078166651446,0.03151299307978446,1.1674933582544327,0.00199120442266576,0.0,0.0,0.000996018545561257,0.000996018545561257,0.000996018545561257,0.9960159632343877,0.000996018545561257
79,2.3590243486656295,4.718048697331259,-0.0004596040746844371,0.000996017219089668,4.1796875,-0.328125,0.328125,5.8760868750396185,-43.87144382147937,0.031512959155245365,1.1426002432902653,0.0020681511668954045,0.0,0.0,0.000996017219089668,0.000996017219089668,0.000996017219089668,0.9960159659385681,0.000996017219089668
80,2.3588004744737483,4.717600948947497,-0.00011483085959653638,0.0009960164956602062,4.2734375,0.7890625,-0.7890625,6.025839124980848,-43.28225254205479,0.03151294136831922,1.1589807619651158,0.001993935749245187,0.0,0.0,0.0009960164956602062,0.0009960164956602062,0.0009960164956602062,0.9960159659385681,0.0009960164956602062
81,2.358789066058189,4.717578132116378,0.001343798071322711,0.0009960162737766448,3.84375,-0.5078125,0.5078125,5.480148124974221,-43.86405907675805,0.031512936244044845,1.2211405386527379,0.001919581729453057,0.0,0.0,0.0009960162737766448,0.0009960162737766448,0.0009960162737766448,0.9960159659385681,0.0009960162737766448
82,2.3586821346294737,4.7173642692589475,0.00022323085754588602,0.0009960161661188797,4.0390625,-0.2109375,0.2109375,5.731319457991049,-57.98654703145245,0.03151293344637181,1.2379593501488368,0.0018399902522408713,0.0,0.0,0.0009960161661188797,0.0009960161661188797,0.0009960161661188797,0.9960159659385681,0.0009960161661188797
83,2.358488634004415,4.71697726800883,-0.0007098454815207529,0.0009960161079248856,4.0546875,-0.0234375,0.0234375,5.685396790970117,-48.244046810059764,0.0315129318075373,1.2911341438690822,0.0018538351917716984,0.0,0.0,0.0009960161079248856,0.0009960161079248856,0.0009960161079248856,0.9960159659385681,0.0009960161079248856
84,2.358289774588851,4.716579549177702,-0.0023567119553096058,0.0009960160908880958,4.15625,-0.203125,0.203125,5.868393415992614,-83.86225144907525,0.03151293126236003,1.286637658874194,0.002042575530746641,0.0,0.0,0.0009960160908880958,0.0009960160908880958,0.0009960160908880958,0.9960159659385681,0.0009960160908880958
85,2.3582179762055624,4.716435952411125,-0.002673105712877459,0.00099601608235389,4.203125,0.28125,-0.28125,5.919470624998212,-58.590906973388115,0.03151293098926544,1.2688737710316975,0.002052702098202038,0.0,0.0,0.00099601608235389,0.00099601608235389,0.00099601608235389,0.9960159659385681,0.00099601608235389
86,2.357829220692745,4.71565844138549,-0.002235364203942806,0.00099601608235389,4.2578125,0.203125,-0.203125,5.940143666986842,-89.47822433004686,0.03151293098926544,1.2967278957366943,0.002060110489158736,0.0,0.0,0.00099601608235389,0.00099601608235389,0.00099601608235389,0.9960159659385681,0.00099601608235389
87,2.357720921282481,4.715441842564962,0.0004238527715112793,0.00099601608235389,4.0078125,-0.265625,0.265625,5.674552999960724,-51.09069910360823,0.03151293098926544,1.3301272541284561,0.002346845557137082,0.0,0.0,0.00099601608235389,0.00099601608235389,0.00099601608235389,0.9960159659385681,0.00099601608235389
88,2.357695933360539,4.715391866721078,-0.0018715665025479215,0.00099601608235389,4.125,-0.1484375,0.1484375,5.809312125027645,-76.57141102122313,0.03151293098926544,1.3101893365383148,0.002412551999441348,0.0,0.0,0.00099601608235389,0.00099601608235389,0.00099601608235389,0.9960159659385681,0.00099601608235389
89,2.357659536390263,4.715319072780526,-0.002915835849096435,0.00099601608235389,4.34375,0.1953125,-0.1953125,6.184470583975781,-93.14594184601907,0.03151293098926544,1.2880531201759975,0.002015690741245635,0.0,0.0,0.00099601608235389,0.00099601608235389,0.00099601608235389,0.9960159659385681,0.00099601608235389
90,2.3576470264585234,4.715294052917047,-0.00024223375967356067,0.00099601608235389,4.375,0.578125,-0.578125,6.15005525003653,-91.0229688606092,0.03151293098926544,1.3365063617626827,0.002066653144235412,0.0,0.0,0.00099601608235389,0.00099601608235389,0.00099601608235389,0.9960159659385681,0.00099601608235389
91,2.357548235183602,4.715096470367204,-0.00016105141010481277,0.00099601608235389,3.890625,-0.4921875,0.4921875,5.4860055000172,-99.84899881458186,0.03151293098926544,1.3623137921094894,0.0020315449825526835,0.0,0.0,0.00099601608235389,0.00099601608235389,0.00099601608235389,0.9960159659385681,0.00099601608235389
92,2.35754490658754,4.71508981317508,0.0009668368745593145,0.00099601608235389,4.0703125,-0.515625,0.515625,5.806326416961383,-102.52664046083898,0.03151293098926544,1.4097099751234055,0.0022267883869062643,0.0,0.0,0.00099601608235389,0.00099601608235389,0.00099601608235389,0.9960159659385681,0.00099601608235389
93,2.3575749788018596,4.715149957603719,-0.003750566851263639,0.00099601608235389,3.90625,-0.1484375,0.1484375,5.485809625010006,-117.56468101978302,0.03151293098926544,1.4778921604156494,0.002200885079219006,0.0,0.0,0.00099601608235389,0.00099601608235389,0.00099601608235389,0.9960159659385681,0.00099601608235389
94,2.357663152767291,4.715326305534582,-0.0001470801770821122,0.00099601608235389,4.25,0.7265625,-0.7265625,5.97253141697729,-111.28253568522632,0.03151293098926544,1.4834324965874355,0.0020677855839797608,0.0,0.0,0.00099601608235389,0.00099601608235389,0.00099601608235389,0.9960159659385681,0.00099601608235389
95,2.35770113656879,4.71540227313758,5.0022819411601604e-05,0.00099601608235389,4.1328125,-0.3203125,0.3203125,5.836449333000928,-108.62673222951042,0.03151293098926544,1.4764207849899929,0.002124423704420527,0.0,0.0,0.00099601608235389,0.00099601608235389,0.00099601608235389,0.9960159659385681,0.00099601608235389
96,2.3577379153453437,4.715475830690687,-0.002144840671375481,0.00099601608235389,4.234375,-0.328125,0.328125,5.970280959038064,-110.52627226182456,0.03151293098926544,1.5074257651964824,0.0023961411401008568,0.0,0.0,0.00099601608235389,0.00099601608235389,0.00099601608235389,0.9960159659385681,0.00099601608235389
97,2.357900390709461,4.715800781418922,-0.0018174053002329327,0.00099601608235389,4.109375,-0.4765625,0.4765625,5.854770292004105,-107.19620941415033,0.03151293098926544,1.539210394024849,0.0023958803697799644,0.0,0.0,0.00099601608235389,0.00099601608235389,0.00099601608235389,0.9960159659385681,0.00099601608235389
98,2.3579952171181873,4.7159904342363745,-0.002217852297408884,0.00099601608235389,3.8359375,0.2890625,-0.2890625,5.426072750007734,-129.13700818444948,0.03151293098926544,1.5638644148906071,0.0024402122441339693,0.0,0.0,0.00099601608235389,0.00099601608235389,0.00099601608235389,0.9960159659385681,0.00099601608235389
99,2.3580943856051126,4.716188771210225,-0.0026623533222701625,0.00099601608235389,4.4453125,0.1484375,-0.1484375,6.267548625008203,-123.33478516843071,0.03151293098926544,1.5551642179489136,0.0023482158218636564,0.0,0.0,0.00099601608235389,0.00099601608235389,0.00099601608235389,0.9960159659385681,0.00099601608235389
100,2.3582828009473795,4.716565601894759,0.00040095989492311255,0.00099601608235389,4.1953125,0.421875,-0.421875,5.976865375007037,-129.68589775577826,0.03151293098926544,1.555428460240364,0.002235127142436492,0.0,0.0,0.00099601608235389,0.00099601608235389,0.00099601608235389,0.9960159659385681,0.00099601608235389
101,2.3585035382638075,4.717007076527615,-0.002371323185732347,0.00099601608235389,4.0078125,0.0,0.0,5.717933250009082,-119.40119435227173,0.03151293098926544,1.5795413702726364,0.0024122465013836822,0.0,0.0,0.00099601608235389,0.00099601608235389,0.00099601608235389,0.9960159659385681,0.00099601608235389
102,2.3589579294627026,4.717915858925405,-0.0008737173680999197,0.00099601608235389,4.21875,-0.4765625,0.4765625,6.051063084043562,-122.93636896433654,0.03151293098926544,1.5799481670061748,0.0023763216377119534,0.0,0.0,0.00099601608235389,0.00099601608235389,0.00099601608235389,0.9960159659385681,0.00099601608235389
103,2.35920422069473,4.71840844138946,-0.002110439190529866,0.00099601608235389,4.0390625,0.1484375,-0.1484375,5.77845379099017,-151.18267693337435,0.03151293098926544,1.5813461889823277,0.002441864116311384,0.0,0.0,0.00099601608235389,0.00099601608235389,0.00099601608235389,0.9960159659385681,0.00099601608235389
104,2.3595463101657135,4.719092620331427,-0.0016814519029134756,0.00099601608235389,4.125,-0.296875,0.296875,5.853779917000793,-135.33488390131882,0.03151293098926544,1.6380773236354191,0.002422534652093115,0.0,0.0,0.00099601608235389,0.00099601608235389,0.00099601608235389,0.9960159659385681,0.00099601608235389
105,2.3597568804665388,4.7195137609330775,-0.0013113648569740204,0.00099601608235389,4.203125,-0.1015625,0.1015625,5.916319709038362,-161.89358156542795,0.03151293098926544,1.6788691381613414,0.0025810605632917336,0.0,0.0,0.00099601608235389,0.00099601608235389,0.00099601608235389,0.9960159659385681,0.00099601608235389
106,2.360028448530821,4.720056897061642,-0.0028193546220687646,0.00099601608235389,4.078125,0.0703125,-0.0703125,5.778682666015811,-159.81764909704984,0.03151293098926544,1.667618031303088,0.002376607750193216,0.0,0.0,0.00099601608235389,0.00099601608235389,0.00099601608235389,0.9960159659385681,0.00099601608235389
107,2.3601176124649856,4.720235224929971,-1.0505666712605177e-05,0.00099601608235389,4.1484375,-0.8046875,0.8046875,5.879345665976871,-191.0137008071619,0.03151293098926544,1.669406955440839,0.0025713206220340603,0.0,0.0,0.00099601608235389,0.00099601608235389,0.00099601608235389,0.9960159659385681,0.00099601608235389
108,2.3603449287803535,4.720689857560707,-0.001920994430629362,0.00099601608235389,4.1015625,0.234375,-0.234375,5.765156125009526,-181.49727054255348,0.03151293098926544,1.6806503882010777,0.00233370007481426,0.0,0.0,0.00099601608235389,0.00099601608235389,0.00099601608235389,0.9960159659385681,0.00099601608235389
109,2.3605053093525274,4.721010618705055,-0.0035167734675387126,0.00099601608235389,3.7265625,-0.1953125,0.1953125,5.310457415995188,-201.73733429176502,0.03151293098926544,1.736478919784228,0.0025750397520217425,0.0,0.0,0.00099601608235389,0.00099601608235389,0.00099601608235389,0.9960159659385681,0.00099601608235389
110,2.360742912333572,4.721485824667144,0.0004344942841046926,0.00099601608235389,3.9609375,-0.3515625,0.3515625,5.58353766601067,-240.679949365424,0.03151293098926544,1.726111541191737,0.0027680617310276525,0.0,0.0,0.00099601608235389,0.00099601608235389,0.00099601608235389,0.9960159659385681,0.00099601608235389
111,2.3608512259051313,4.721702451810263,-0.0025145978654687877,0.00099601608235389,4.171875,-0.109375,0.109375,5.924376791983377,-252.87539756164122,0.03151293098926544,1.7199162145455678,0.0025397334296333915,0.0,0.0,0.00099601608235389,0.00099601608235389,0.00099601608235389,0.9960159659385681,0.00099601608235389
112,2.3610450371838487,4.7220900743676975,-0.0005820700980692027,0.00099601608235389,4.2890625,0.421875,-0.421875,6.054935874999501,-127.09104692783946,0.03151293098926544,1.724648083249728,0.002497277528163977,0.0,0.0,0.00099601608235389,0.00099601608235389,0.00099601608235389,0.9960159659385681,0.00099601608235389
113,2.3613156544967477,4.7226313089934955,-0.0032040022653352677,0.00099601608235389,4.171875,-0.390625,0.390625,6.033838208008092,-191.17682866277767,0.03151293098926544,1.7356763084729512,0.0026096737468227125,0.0,0.0,0.00099601608235389,0.00099601608235389,0.00099601608235389,0.9960159659385681,0.00099601608235389
114,2.3615230957840283,4.723046191568057,-0.002444174777395688,0.00099601608235389,4.375,-0.109375,0.109375,6.166547708038706,-229.29147339697394,0.03151293098926544,1.7407709856828053,0.0025820492664934136,0.0,0.0,0.00099601608235389,0.00099601608235389,0.00099601608235389,0.9960159659385681,0.00099601608235389
115,2.3617195882554074,4.723439176510815,-0.0008691636375452263,0.00099601608235389,4.140625,-0.0703125,0.0703125,5.854849333001766,-196.94515574765654,0.03151293098926544,1.7923545042673747,0.00259794974893642,0.0,0.0,0.00099601608235389,0.00099601608235389,0.00099601608235389,0.9960159659385681,0.00099601608235389
116,2.3617585974690263,4.7235171949380526,-0.0019724771972565052,0.00099601608235389,4.265625,-0.2265625,0.2265625,6.035349917015992,-282.1241853197852,0.03151293098926544,1.7879045655330021,0.0026452934592574215,0.0,0.0,0.00099601608235389,0.00099601608235389,0.00099601608235389,0.9960159659385681,0.00099601608235389
117,2.361839662465203,4.723679324930406,-0.0040281433747789905,0.00099601608235389,4.0078125,0.015625,-0.015625,5.680845832976047,-222.58264243416852,0.03151293098926544,1.832499384880066,0.002566524524202881,0.0,0.0,0.00099601608235389,0.00099601608235389,0.00099601608235389,0.9960159659385681,0.00099601608235389
118,2.3619360657955903,4.723872131591181,-0.004700954033227206,0.00099601608235389,4.2734375,0.4453125,-0.4453125,6.06364179198863,-224.46717071010164,0.03151293098926544,1.8031943688790004,0.0028336720424704254,0.0,0.0,0.00099601608235389,0.00099601608235389,0.00099601608235389,0.9960159659385681,0.00099601608235389
119,2.362078169946008,4.724156339892016,-0.0025674933025291273,0.00099601608235389,4.4140625,-0.6484375,0.6484375,6.2315328330150805,-236.56865569827832,0.03151293098926544,1.8020686904589336,0.0027484368159396886,0.0,0.0,0.00099601608235389,0.00099601608235389,0.00099601608235389,0.9960159659385681,0.00099601608235389
120,2.3622190840901496,4.724438168180299,-0.0011612397243424793,0.00099601608235389,4.046875,-0.765625,0.765625,5.78772179101361,-239.1202519717824,0.03151293098926544,1.829383869965871,0.0027047257657007626,0.0,0.0,0.00099601608235389,0.00099601608235389,0.00099601608235389,0.9960159659385681,0.00099601608235389
121,2.3622465699703685,4.724493139940737,-0.0059857659171167945,0.00099601608235389,4.28125,0.0859375,-0.0859375,6.038213124964386,-285.3358518970709,0.03151293098926544,1.8227170606454213,0.0026628798392872946,0.0,0.0,0.00099601608235389,0.00099601608235389,0.00099601608235389,0.9960159659385681,0.00099601608235389
122,2.36229428233666,4.72458856467332,-0.0017564695795208396,0.00099601608235389,4.2265625,0.0703125,-0.0703125,6.000027417030651,-263.2616927454079,0.03151293098926544,1.8670907616615295,0.002811768580916881,0.0,0.0,0.00099601608235389,0.00099601608235389,0.00099601608235389,0.9960159659385681,0.00099601608235389
123,2.362316237115203,4.724632474230406,0.0004851737034730325,0.00099601608235389,4.390625,0.25,-0.25,6.262161708029453,-359.322149511546,0.03151293098926544,1.8491859088341396,0.0025745376381867877,0.0,0.0,0.00099601608235389,0.00099601608235389,0.00099601608235389,0.9960159659385681,0.00099601608235389
124,2.362377712023873,4.724755424047746,-0.003302836645919278,0.00099601608235389,4.1796875,-0.7265625,0.7265625,5.85095191700384,-270.5348805919986,0.03151293098926544,1.9171198010444641,0.00267165979797331,0.0,0.0,0.00099601608235389,0.00099601608235389,0.00099601608235389,0.9960159659385681,0.00099601608235389
125,2.362550742933883,4.725101485867766,-0.006319497968159707,0.00099601608235389,4.265625,0.171875,-0.171875,6.0982572920038365,-260.4597308666278,0.03151293098926544,1.9491433302561443,0.0029042172439706824,0.0,0.0,0.00099601608235389,0.00099601608235389,0.00099601608235389,0.9960159659385681,0.00099601608235389
126,2.362621256100093,4.725242512200186,-0.0005871756640254788,0.00099601608235389,4.21875,-0.0234375,0.0234375,5.909667041967623,-242.6972795177389,0.03151293098926544,1.9700579245885212,0.003018123740427351,0.0,0.0,0.00099601608235389,0.00099601608235389,0.00099601608235389,0.9960159659385681,0.00099601608235389
127,2.362857548473502,4.725715096947004,-0.0015636256422914196,0.00099601608235389,4.140625,-1.0859375,1.0859375,5.850866416003555,-381.74275806917336,0.03151293098926544,2.0227450082699456,0.0027255282329861075,0.0,0.0,0.00099601608235389,0.00099601608235389,0.00099601608235389,0.9960159659385681,0.00099601608235389
128,2.3629584128787444,4.725916825757489,-0.001407435764130977,0.00099601608235389,4.203125,-0.515625,0.515625,5.970433792041149,-369.02193628345725,0.03151293098926544,1.9833856374025345,0.0028807263588532805,0.0,0.0,0.00099601608235389,0.00099601608235389,0.00099601608235389,0.9960159659385681,0.00099601608235389
129,2.36304668227049,4.72609336454098,-0.005248782989166243,0.00099601608235389,4.203125,0.3203125,-0.3203125,5.917092582967598,-273.36461343198016,0.03151293098926544,2.003667026758194,0.002990515348452997,0.0,0.0,0.00099601608235389,0.00099601608235389,0.00099601608235389,0.9960159659385681,0.00099601608235389
130,2.36313542877428,4.72627085754856,-0.0023738653637908093,0.00099601608235389,4.2109375,0.28125,-0.28125,6.002387624990661,-289.6170722418681,0.03151293098926544,2.0233751287062964,0.0030167400642919042,0.0,0.0,0.00099601608235389,0.00099601608235389,0.00099601608235389,0.9960159659385681,0.00099601608235389
131,2.3631556427738216,4.726311285547643,-0.0007519878408756013,0.00099601608235389,4.203125,0.53125,-0.53125,5.975330999994185,-366.29898610544916,0.03151293098926544,2.0288101881742477,0.0031307140307035297,0.0,0.0,0.00099601608235389,0.00099601608235389,0.00099601608235389,0.9960159659385681,0.00099601608235389
132,2.3633180805210463,4.726636161042093,-0.002889552709766425,0.00099601608235389,4.0546875,-0.15625,0.15625,5.706491749966517,-387.5312732591335,0.03151293098926544,2.0465464890003204,0.0030803963697204986,0.0,0.0,0.00099601608235389,0.00099601608235389,0.00099601608235389,0.9960159659385681,0.00099601608235389
133,2.363342916219173,4.726685832438346,-0.004273631369376559,0.00099601608235389,4.15625,0.0703125,-0.0703125,5.886141791997943,-418.5293501649136,0.03151293098926544,2.0598841508229575,0.0030920853023417294,0.0,0.0,0.00099601608235389,0.00099601608235389,0.00099601608235389,0.9960159659385681,0.00099601608235389
134,2.3634290941671323,4.726858188334265,0.000568241163393103,0.00099601608235389,4.203125,0.515625,-0.515625,6.022471999982372,-407.9602037003492,0.03151293098926544,2.052479555209478,0.0029556905501522124,0.0,0.0,0.00099601608235389,0.00099601608235389,0.00099601608235389,0.9960159659385681,0.00099601608235389
135,2.363508098294373,4.727016196588746,-0.004420396615719756,0.00099601608235389,4.28125,0.46875,-0.46875,6.076525459007826,-383.33088631264485,0.03151293098926544,2.0492097387711206,0.002756039350060746,0.0,0.0,0.00099601608235389,0.00099601608235389,0.00099601608235389,0.9960159659385681,0.00099601608235389
136,2.3636887051017412,4.7273774102034825,0.000163918965637994,0.00099601608235389,4.203125,0.5625,-0.5625,5.924847374961246,-555.5849001677949,0.03151293098926544,2.095326433579127,0.0028528472466859967,0.0,0.0,0.00099601608235389,0.00099601608235389,0.00099601608235389,0.9960159659385681,0.00099601608235389
137,2.363781284756596,4.727562569513192,-0.0005157887176186581,0.00099601608235389,4.15625,-0.5625,0.5625,5.9489277499960735,-446.431258082838,0.03151293098926544,2.1072373588879905,0.0032386871692627515,0.0,0.0,0.00099601608235389,0.00099601608235389,0.00099601608235389,0.9960159659385681,0.00099601608235389
138,2.3638620103455876,4.727724020691175,-0.0035392127207894654,0.00099601608235389,4.15625,0.140625,-0.140625,5.898640165978577,-434.1158520646561,0.03151293098926544,2.1678884824117026,0.0030556852580048144,0.0,0.0,0.00099601608235389,0.00099601608235389,0.00099601608235389,0.9960159659385681,0.00099601608235389
139,2.3639755698779705,4.727951139755941,-0.006571136276608536,0.00099601608235389,4.15625,0.015625,-0.015625,5.950006833008956,-461.7014528293359,0.03151293098926544,2.1359902918338776,0.002979440483613871,0.0,0.0,0.00099601608235389,0.00099601608235389,0.00099601608235389,0.9960159659385681,0.00099601608235389
140,2.363963737239201,4.727927474478402,0.00010970995255818004,0.00099601608235389,4.171875,0.1640625,-0.1640625,5.9009248340153135,-400.8493409473798,0.03151293098926544,2.1669677793979645,0.003062773739960297,0.0,0.0,0.00099601608235389,0.00099601608235389,0.00099601608235389,0.9960159659385681,0.00099601608235389
141,2.364132959652811,4.728265919305622,-0.0037760678212562567,0.00099601608235389,4.171875,-0.1484375,0.1484375,5.98547829099698,-488.3195143603207,0.03151293098926544,2.1837244778871536,0.0029452695889631286,0.0,0.0,0.00099601608235389,0.00099601608235389,0.00099601608235389,0.9960159659385681,0.00099601608235389
142,2.3642658188432737,4.728531637686547,-0.001522082541521611,0.00099601608235389,4.15625,0.359375,-0.359375,5.959441707993392,-540.5549778077835,0.03151293098926544,2.214300751686096,0.003215545390654976,0.0,0.0,0.00099601608235389,0.00099601608235389,0.00099601608235389,0.9960159659385681,0.00099601608235389
143,2.3644356619035936,4.728871323807187,0.0006127855815170055,0.00099601608235389,4.140625,0.3125,-0.3125,6.0036426250007935,-517.4523765806882,0.03151293098926544,2.2306497742732367,0.0031283284382273755,0.0,0.0,0.00099601608235389,0.00099601608235389,0.00099601608235389,0.9960159659385681,0.00099601608235389
144,2.364545038069773,4.729090076139546,-0.0048321678822156895,0.00099601608235389,4.109375,-0.171875,0.171875,5.844548833032604,-662.4524424080613,0.03151293098926544,2.258013983567556,0.0031754572216110923,0.0,0.0,0.00099601608235389,0.00099601608235389,0.00099601608235389,0.9960159659385681,0.00099601608235389
145,2.3646420097652854,4.729284019530571,-0.003982418289411573,0.00099601608235389,4.078125,-0.6875,0.6875,5.882985083968379,-540.5493660708497,0.03151293098926544,2.280643959840139,0.003343839596103256,0.0,0.0,0.00099601608235389,0.00099601608235389,0.00099601608235389,0.9960159659385681,0.00099601608235389
146,2.364716107031498,4.729432214062996,-0.0021938904999780715,0.00099601608235389,4.1640625,-0.1484375,0.1484375,5.923067916999571,-621.422567030726,0.03151293098926544,2.3144999742507935,0.003334161990399783,0.0,0.0,0.00099601608235389,0.00099601608235389,0.00099601608235389,0.9960159659385681,0.00099601608235389
147,2.364723994713527,4.729447989427054,-0.007488366118391222,0.00099601608235389,4.1796875,0.40625,-0.40625,5.960032333969139,-545.3701765528349,0.03151293098926544,2.3423761427402496,0.0030017971876077354,0.0,0.0,0.00099601608235389,0.00099601608235389,0.00099601608235389,0.9960159659385681,0.00099601608235389
148,2.364927679408325,4.72985535881665,-0.0027744567455030514,0.00099601608235389,4.109375,0.484375,-0.484375,5.857869416999165,-541.2059319309409,0.03151293098926544,2.4041022857030234,0.003105092623930735,0.0,0.0,0.00099601608235389,0.00099601608235389,0.00099601608235389,0.9960159659385681,0.00099601608235389
149,2.365091577310504,4.730183154621008,-0.0033804396642809183,0.00099601608235389,4.0625,-0.5,0.5,5.814547457965091,-490.28867386121016,0.03151293098926544,2.375233441591263,0.0032592783779061088,0.0,0.0,0.00099601608235389,0.00099601608235389,0.00099601608235389,0.9960159659385681,0.00099601608235389
150,2.3652103980164982,4.7304207960329965,-0.003919825433858987,0.00099601608235389,4.140625,0.2578125,-0.2578125,5.931250875000842,-554.3194570851775,0.03151293098926544,2.393411030371984,0.003408165692235343,0.0,0.0,0.00099601608235389,0.00099601608235389,0.00099601608235389,0.9960159659385681,0.00099601608235389
151,2.365344633411362,4.730689266822724,-0.006122550182139585,0.00099601608235389,4.1640625,-0.3828125,0.3828125,5.94171791698318,-581.0575158001111,0.03151293098926544,2.3976515928904214,0.0031063734786584973,0.0,0.0,0.00099601608235389,0.00099601608235389,0.00099601608235389,0.9960159659385681,0.00099601608235389
152,2.365397077702111,4.730794155404222,-0.0011867023553575385,0.00099601608235389,4.1953125,0.0390625,-0.0390625,5.9067308329977095,-614.434166531767,0.03151293098926544,2.3785452842712402,0.003045461451013883,0.0,0.0,0.00099601608235389,0.00099601608235389,0.00099601608235389,0.9960159659385681,0.00099601608235389
153,2.3653405665741376,4.730681133148275,-0.006249450806604545,0.00099601608235389,4.2109375,0.4921875,-0.4921875,6.078173874993809,-698.7766469303442,0.03151293098926544,2.4678535163402557,0.0032897747587412596,0.0,0.0,0.00099601608235389,0.00099601608235389,0.00099601608235389,0.9960159659385681,0.00099601608235389
154,2.3655157467247827,4.731031493449565,-0.008150241285562873,0.00099601608235389,4.1796875,-0.265625,0.265625,5.902349915995728,-722.697847566872,0.03151293098926544,2.4772339959939322,0.0032352035341318697,0.0,0.0,0.00099601608235389,0.00099601608235389,0.00099601608235389,0.9960159659385681,0.00099601608235389
155,2.3655949599449375,4.731189919889875,-0.0013047648910253422,0.00099601608235389,4.3984375,-0.03125,0.03125,6.229624875006266,-900.3654873172089,0.03151293098926544,2.4376285473505654,0.0030286504964654646,0.0,0.0,0.00099601608235389,0.00099601608235389,0.00099601608235389,0.9960159659385681,0.00099601608235389
156,2.365641674511835,4.73128334902367,-0.003746147724252933,0.00099601608235389,4.1484375,-0.8984375,0.8984375,5.857347833050881,-741.5117066580024,0.03151293098926544,2.4970007141431174,0.003238981453857074,0.0,0.0,0.00099601608235389,0.00099601608235389,0.00099601608235389,0.9960159659385681,0.00099601608235389
157,2.3656888639713753,4.731377727942751,-0.0014365644453475759,0.00099601608235389,4.1875,0.09375,-0.09375,5.8886167500168085,-678.5529559241302,0.03151293098926544,2.516603628794352,0.003585337869784174,0.0,0.0,0.00099601608235389,0.00099601608235389,0.00099601608235389,0.9960159659385681,0.00099601608235389
158,2.3657016481546616,4.731403296309323,-0.008509881943680384,0.00099601608235389,4.2890625,0.78125,-0.78125,6.11638037499506,-703.6323939577044,0.03151293098926544,2.458497534195582,0.0033613928887158786,0.0,0.0,0.00099601608235389,0.00099601608235389,0.00099601608235389,0.9960159659385681,0.00099601608235389
159,2.3658599344294577,4.7317198688589155,-0.001610915931403671,0.00099601608235389,4.1875,-0.34375,0.34375,5.856586541980505,-701.9577280274078,0.03151293098926544,2.4676351646582284,0.0032982573296370297,0.0,0.0,0.00099601608235389,0.00099601608235389,0.00099601608235389,0.9960159659385681,0.00099601608235389
160,2.36587621242415,4.7317524248483,-0.005530969086200676,0.00099601608235389,4.1875,-0.46875,0.46875,5.931673415994737,-725.6350406648507,0.03151293098926544,2.5211554765701294,0.0037723583712552986,0.0,0.0,0.00099601608235389,0.00099601608235389,0.00099601608235389,0.9960159659385681,0.00099601608235389
161,2.3659454942258122,4.7318909884516245,-0.006057751666691307,0.00099601608235389,4.2109375,0.09375,-0.09375,5.931257083953824,-737.4993952236282,0.03151293098926544,2.528765698273977,0.0038403905055020005,0.0,0.0,0.00099601608235389,0.00099601608235389,0.00099601608235389,0.9960159659385681,0.00099601608235389
162,2.3659555776725285,4.731911155345057,-0.009890234213380103,0.00099601608235389,4.2578125,-0.9765625,0.9765625,6.079898833995685,-899.7034267416788,0.03151293098926544,2.4552096724510193,0.0035882268372612693,0.0,0.0,0.00099601608235389,0.00099601608235389,0.00099601608235389,0.9960159659385681,0.00099601608235389
163,2.365896968401324,4.731793936802648,-0.007242384282107372,0.00099601608235389,4.375,0.2265625,-0.2265625,6.213915874948725,-769.3089018685478,0.03151293098926544,2.4798745214939117,0.003723431365263726,0.0,0.0,0.00099601608235389,0.00099601608235389,0.00099601608235389,0.9960159659385681,0.00099601608235389
164,2.3659661900203233,4.7319323800406465,-0.002655395608125543,0.00099601608235389,4.2578125,0.296875,-0.296875,6.03376333398046,-930.6981106443143,0.03151293098926544,2.492395351330439,0.003748983967549672,0.0,0.0,0.00099601608235389,0.00099601608235389,0.00099601608235389,0.9960159659385681,0.00099601608235389
165,2.3659784839656073,4.731956967931215,-0.0028545748766090873,0.00099601608235389,4.28125,-0.28125,0.28125,6.088696916995104,-760.0414024948203,0.03151293098926544,2.5601865152517953,0.0035766470149004212,0.0,0.0,0.00099601608235389,0.00099601608235389,0.00099601608235389,0.9960159659385681,0.00099601608235389
166,2.3660603989710918,4.7321207979421835,-0.0053856201600357015,0.00099601608235389,4.2734375,-0.109375,0.109375,6.056051040999591,-961.4750689109021,0.03151293098926544,2.5511311093966165,0.003708359960000962,0.0,0.0,0.00099601608235389,0.00099601608235389,0.00099601608235389,0.9960159659385681,0.00099601608235389
167,2.366130336821868,4.732260673643736,-0.0014470361708414923,0.00099601608235389,3.9296875,-0.21875,0.21875,5.5760055830469355,-914.8684550090054,0.03151293098926544,2.600166300932566,0.0035576905308213704,0.0,0.0,0.00099601608235389,0.00099601608235389,0.00099601608235389,0.9960159659385681,0.00099601608235389
168,2.36618498934987,4.73236997869974,-0.004994731183674438,0.00099601608235389,4.1171875,-0.1796875,0.1796875,5.817447833018377,-978.3325282627084,0.03151293098926544,2.6887956261634827,0.00362534579471685,0.0,0.0,0.00099601608235389,0.00099601608235389,0.00099601608235389,0.9960159659385681,0.00099601608235389
169,2.3661942426240663,4.732388485248133,-0.004259870042757809,0.00099601608235389,4.15625,0.3046875,-0.3046875,5.8849509580177255,-873.0137501560656,0.03151293098926544,2.67996812860171,0.0034947893291246146,0.0,0.0,0.00099601608235389,0.00099601608235389,0.00099601608235389,0.9960159659385681,0.00099601608235389
170,2.3662381508776202,4.7324763017552405,-0.004300134308356353,0.00099601608235389,4.171875,-0.7421875,0.7421875,5.9620341249974445,-1058.3441889750377,0.03151293098926544,2.7177372376124063,0.0036214390008050636,0.0,0.0,0.00099601608235389,0.00099601608235389,0.00099601608235389,0.9960159659385681,0.00099601608235389
171,2.366417174266518,4.732834348533036,-0.006437149138571273,0.00099601608235389,4.1484375,-0.015625,0.015625,5.849328583048191,-1084.9281691858323,0.03151293098926544,2.722149391969045,0.003641717747086659,0.0,0.0,0.00099601608235389,0.00099601608235389,0.00099601608235389,0.9960159659385681,0.00099601608235389
172,2.3664426838118873,4.7328853676237745,-0.006278623646982946,0.00099601608235389,4.359375,-0.34375,0.34375,6.103385541005991,-939.6546298030456,0.03151293098926544,2.7213381826877594,0.004011181086146583,0.0,0.0,0.00099601608235389,0.00099601608235389,0.00099601608235389,0.9960159659385681,0.00099601608235389
173,2.366523190477524,4.733046380955048,-0.004130427816714068,0.00099601608235389,4.203125,0.9375,-0.9375,6.0964376669726335,-711.8401314299346,0.03151293098926544,2.7077106833457947,0.0036823055609905473,0.0,0.0,0.00099601608235389,0.00099601608235389,0.00099601608235389,0.9960159659385681,0.00099601608235389
174,2.3665840363240873,4.733168072648175,-0.008388820813558032,0.00099601608235389,4.203125,-0.046875,0.046875,5.945288916991558,-901.7624501215925,0.03151293098926544,2.688349038362503,0.003797362580371555,0.0,0.0,0.00099601608235389,0.00099601608235389,0.00099601608235389,0.9960159659385681,0.00099601608235389
175,2.366590543457293,4.733181086914586,-0.004375603464513946,0.00099601608235389,4.0390625,0.125,-0.125,5.801095417002216,-939.6113617065105,0.03151293098926544,2.730580528577169,0.003905626009024369,0.0,0.0,0.00099601608235389,0.00099601608235389,0.00099601608235389,0.9960159659385681,0.00099601608235389
176,2.3666011134299616,4.733202226859923,-0.0006052242687633893,0.00099601608235389,4.2890625,0.3046875,-0.3046875,6.061655792000238,-836.1221289504422,0.03151293098926544,2.7357436219851174,0.003688622120535001,0.0,0.0,0.00099601608235389,0.00099601608235389,0.00099601608235389,0.9960159659385681,0.00099601608235389
177,2.3665870901492085,4.733174180298417,-0.008353268400291419,0.00099601608235389,4.3125,-0.609375,0.609375,6.062496750033461,-970.2183068109596,0.03151293098926544,2.72498149673144,0.0035010262896927693,0.0,0.0,0.00099601608235389,0.00099601608235389,0.00099601608235389,0.9960159659385681,0.00099601608235389
178,2.366663476788142,4.733326953576284,-0.00883017845018228,0.00099601608235389,4.3125,-0.53125,0.53125,6.13862079102546,-989.8107381376667,0.03151293098926544,2.74458313981692,0.004072801581060048,0.0,0.0,0.00099601608235389,0.00099601608235389,0.00099601608235389,0.9960159659385681,0.00099601608235389
179,2.366754505371863,4.733509010743726,-0.009346139183019159,0.00099601608235389,4.59375,0.140625,-0.140625,6.483260875043925,-864.6407409111658,0.03151293098926544,2.795353442430496,0.0038914072792977095,0.0,0.0,0.00099601608235389,0.00099601608235389,0.00099601608235389,0.9960159659385681,0.00099601608235389
180,2.366873075053153,4.733746150106306,0.00016722008034766427,0.00099601608235389,4.2109375,-0.1953125,0.1953125,6.0019068329711445,-961.0924186644617,0.03151293098926544,2.859405746062597,0.003852528015462061,0.0,0.0,0.00099601608235389,0.00099601608235389,0.00099601608235389,0.9960159659385681,0.00099601608235389
181,2.3668895801761396,4.733779160352279,-0.00960587740960248,0.00099601608235389,4.28125,-0.1953125,0.1953125,6.07477712497348,-1079.6073470019946,0.03151293098926544,2.8397940397262573,0.003867398336296901,0.0,0.0,0.00099601608235389,0.00099601608235389,0.00099601608235389,0.9960159659385681,0.00099601608235389
182,2.366874475064428,4.733748950128856,-0.0008333592884691229,0.00099601608235389,4.109375,-0.40625,0.40625,5.908590541977901,-1258.263264628871,0.03151293098926544,2.886704554160436,0.0036117007160404078,0.0,0.0,0.00099601608235389,0.00099601608235389,0.00099601608235389,0.9960159659385681,0.00099601608235389
183,2.3668525983106172,4.7337051966212345,-0.00556430306366012,0.00099601608235389,4.2421875,-0.28125,0.28125,6.059869583987165,-1385.9016308169778,0.03151293098926544,2.862343579530716,0.003204625090196108,0.0,0.0,0.00099601608235389,0.00099601608235389,0.00099601608235389,0.9960159659385681,0.00099601608235389
184,2.3668704284298996,4.733740856859799,-0.005213234252261671,0.00099601608235389,4.296875,0.296875,-0.296875,6.044923959008884,-1192.757959990935,0.03151293098926544,2.858574330806732,0.003641025056519235,0.0,0.0,0.00099601608235389,0.00099601608235389,0.00099601608235389,0.9960159659385681,0.00099601608235389
185,2.36694589650829,4.73389179301658,-0.004393313060826626,0.00099601608235389,4.3671875,-0.453125,0.453125,6.197063208965119,-1173.5878101094677,0.03151293098926544,2.8628574709097543,0.003845166211249307,0.0,0.0,0.00099601608235389,0.00099601608235389,0.00099601608235389,0.9960159659385681,0.00099601608235389
186,2.3670100643474203,4.734020128694841,-0.0026390950280155688,0.00099601608235389,4.0859375,0.0625,-0.0625,5.806261999998242,-1542.4134157155258,0.03151293098926544,2.916161040465037,0.003989865450421348,0.0,0.0,0.00099601608235389,0.00099601608235389,0.00099601608235389,0.9960159659385681,0.00099601608235389
187,2.367045209363095,4.73409041872619,-0.006607347901847788,0.00099601608235389,4.1953125,-0.265625,0.265625,5.944424125016667,-1175.4849188385508,0.03151293098926544,2.964872976144155,0.0040883739372172085,0.0,0.0,0.00099601608235389,0.00099601608235389,0.00099601608235389,0.9960159659385681,0.00099601608235389
188,2.3670041998680444,4.734008399736089,-0.004366055115901719,0.00099601608235389,4.3671875,-0.140625,0.140625,6.1534064169973135,-1345.3043368822348,0.03151293098926544,2.913153976202011,0.003924519292922923,0.0,0.0,0.00099601608235389,0.00099601608235389,0.00099601608235389,0.9960159659385681,0.00099601608235389
189,2.367111630971454,4.734223261942908,-0.004850159095828227,0.00099601608235389,4.328125,0.875,-0.875,6.06510895799147,-1347.0184234290348,0.03151293098926544,2.9445126752058663,0.0037959631687651076,0.0,0.0,0.00099601608235389,0.00099601608235389,0.00099601608235389,0.9960159659385681,0.00099601608235389
190,2.367190056632869,4.734380113265738,-0.005317653011230817,0.00099601608235389,4.40625,0.1796875,-0.1796875,6.2182439169846475,-1178.170539663193,0.03151293098926544,2.920764317115148,0.004161469056271017,0.0,0.0,0.00099601608235389,0.00099601608235389,0.00099601608235389,0.9960159659385681,0.00099601608235389
191,2.3671433581292423,4.7342867162584845,-0.0013721841067455835,0.00099601608235389,4.1875,0.8046875,-0.8046875,5.9907817500061356,-1496.2759042586854,0.03151293098926544,2.890060861905416,0.004286108774977038,0.0,0.0,0.00099601608235389,0.00099601608235389,0.00099601608235389,0.9960159659385681,0.00099601608235389
192,2.3670949838918363,4.7341899677836725,-0.00889937312061833,0.00099601608235389,4.390625,0.4296875,-0.4296875,6.156720208004117,-1346.9675838310948,0.03151293098926544,2.9281354347864785,0.004143382066104095,0.0,0.0,0.00099601608235389,0.00099601608235389,0.00099601608235389,0.9960159659385681,0.00099601608235389
193,2.367084120653511,4.734168241307022,-0.008256736920682564,0.00099601608235389,4.2265625,-0.65625,0.65625,6.062182041001506,-1525.1471254944581,0.03151293098926544,2.940965880950292,0.0041149735043291,0.0,0.0,0.00099601608235389,0.00099601608235389,0.00099601608235389,0.9960159659385681,0.00099601608235389
194,2.3669695740291647,4.7339391480583295,-0.00436700199807518,0.00099601608235389,4.21875,0.375,-0.375,5.878786124987528,-1492.5159314155578,0.03151293098926544,3.03357524673144,0.00391462131907853,0.0,0.0,0.00099601608235389,0.00099601608235389,0.00099601608235389,0.9960159659385681,0.00099601608235389
195,2.3669810800361253,4.733962160072251,-0.010909585247467763,0.00099601608235389,4.0703125,-0.453125,0.453125,5.8545801670406945,-1281.596716723378,0.03151293098926544,3.034210503101349,0.004134591455416133,0.0,0.0,0.00099601608235389,0.00099601608235389,0.00099601608235389,0.9960159659385681,0.00099601608235389
196,2.366959381576314,4.733918763152628,-0.005352769710339555,0.00099601608235389,4.34375,0.1015625,-0.1015625,6.119457166991197,-1330.6911469380632,0.03151293098926544,3.032163063685099,0.003952651265232514,0.0,0.0,0.00099601608235389,0.00099601608235389,0.00099601608235389,0.9960159659385681,0.00099601608235389
197,2.3669097703379376,4.733819540675875,-0.00300618698964044,0.00099601608235389,4.15625,0.078125,-0.078125,5.915426250023302,-1834.7855633452423,0.03151293098926544,3.0527663131554923,0.003773201237587879,0.0,0.0,0.00099601608235389,0.00099601608235389,0.00099601608235389,0.9960159659385681,0.00099601608235389
198,2.366950457941055,4.73390091588211,-0.005253513524914553,0.00099601608235389,4.03125,-0.2265625,0.2265625,5.796803125005681,-1533.5235362385595,0.03151293098926544,3.1326627830664315,0.004128097032662481,0.0,0.0,0.00099601608235389,0.00099601608235389,0.00099601608235389,0.9960159659385681,0.00099601608235389
199,2.3669817144542398,4.7339634289084795,-0.008510606219345596,0.00099601608235389,4.5,0.328125,-0.328125,6.26649924996309,-1746.881422660417,0.03151293098926544,3.0481809278329215,0.003970532292441931,0.0,0.0,0.00099601608235389,0.00099601608235389,0.00099601608235389,0.9960159659385681,0.00099601608235389
200,2.3670200384341022,4.7340400768682045,-0.006852495950772383,0.00099601608235389,4.1640625,0.2109375,-0.2109375,5.9804853750392795,-1488.7013004224252,0.03151293098926544,3.1181386411190033,0.004043454343142609,0.0,0.0,0.00099601608235389,0.00099601608235389,0.00099601608235389,0.9960159659385681,0.00099601608235389
201,2.3670904421215084,4.734180884243017,-0.006405442213572352,0.00099601608235389,4.28125,0.40625,-0.40625,6.078085208951961,-1574.4117749555267,0.03151293098926544,3.082886536916097,0.003951163690847655,0.0,0.0,0.00099601608235389,0.00099601608235389,0.00099601608235389,0.9960159659385681,0.00099601608235389
202,2.3671379450270296,4.734275890054059,-0.005106562113673424,0.00099601608235389,4.2421875,-0.4453125,0.4453125,6.040556374995504,-1809.536968466546,0.03151293098926544,3.1118492484092712,0.00401193192616726,0.0,0.0,0.00099601608235389,0.00099601608235389,0.00099601608235389,0.9960159659385681,0.00099601608235389
203,2.36724191040494,4.73448382080988,-0.0071659301329864795,0.00099601608235389,4.4921875,-0.1171875,0.1171875,6.4247991250013,-1691.664495512921,0.03151293098926544,3.0849246184031167,0.0040841366959890974,0.0,0.0,0.00099601608235389,0.00099601608235389,0.00099601608235389,0.9960159659385681,0.00099601608235389
204,2.3673077375471063,4.734615475094213,-0.0008841442556553735,0.00099601608235389,4.296875,0.546875,-0.546875,6.129868249990977,-1497.3839767039906,0.03151293098926544,3.059953431288401,0.0041163675947852125,0.0,0.0,0.00099601608235389,0.00099601608235389,0.00099601608235389,0.9960159659385681,0.00099601608235389
205,2.367369228291002,4.734738456582004,-0.004344844293134077,0.00099601608235389,4.296875,-0.8203125,0.8203125,6.115719040972181,-1543.7033768913964,0.03151293098926544,3.0838407079378762,0.003878565524549534,0.0,0.0,0.00099601608235389,0.00099601608235389,0.00099601608235389,0.9960159659385681,0.00099601608235389
206,2.3673802185865256,4.734760437173051,-0.005063965321993961,0.00099601608235389,4.3046875,-0.2890625,0.2890625,6.14900283399038,-1918.7218613910156,0.03151293098926544,3.0610714058081308,0.0037999504323427877,0.0,0.0,0.00099601608235389,0.00099601608235389,0.00099601608235389,0.9960159659385681,0.00099601608235389
207,2.3673879429858715,4.734775885971743,-0.004112252109205427,0.00099601608235389,4.3984375,-0.265625,0.265625,6.23136220802553,-1701.1784230040826,0.03151293098926544,3.0259326001008353,0.003985544070019387,0.0,0.0,0.00099601608235389,0.00099601608235389,0.00099601608235389,0.9960159659385681,0.00099601608235389
208,2.3672735750510676,4.734547150102135,-0.007725759715468893,0.00099601608235389,4.1796875,-0.2734375,0.2734375,6.009196333005093,-1894.1888961185919,0.03151293098926544,3.1610231399536133,0.004115771900008743,0.0,0.0,0.00099601608235389,0.00099601608235389,0.00099601608235389,0.9960159659385681,0.00099601608235389
209,2.367212060426449,4.734424120852898,-0.0070496815703411245,0.00099601608235389,4.25,-0.0703125,0.0703125,6.003701750014443,-1887.7040827958024,0.03151293098926544,3.2366119821866355,0.004470601406258841,0.0,0.0,0.00099601608235389,0.00099601608235389,0.00099601608235389,0.9960159659385681,0.00099601608235389
210,2.367209842199001,4.734419684398002,-0.01295673341403455,0.00099601608235389,4.203125,0.0859375,-0.0859375,5.936527915997431,-1740.3933106869126,0.03151293098926544,3.2501501540342965,0.004205512736613552,0.0,0.0,0.00099601608235389,0.00099601608235389,0.00099601608235389,0.9960159659385681,0.00099601608235389
211,2.367223365882888,4.734446731765776,-0.006649836109011163,0.00099601608235389,4.125,-0.2421875,0.2421875,5.867572290997487,-1763.25608852596,0.03151293098926544,3.3033243815104165,0.004196287477194953,0.0,0.0,0.00099601608235389,0.00099601608235389,0.00099601608235389,0.9960159659385681,0.00099601608235389
212,2.3672972688365346,4.734594537673069,-0.011077546489566641,0.00099601608235389,4.4375,0.9453125,-0.9453125,6.44215004198486,-2109.66808003439,0.03151293098926544,3.2499000827471414,0.0041650405231242376,0.0,0.0,0.00099601608235389,0.00099601608235389,0.00099601608235389,0.9960159659385681,0.00099601608235389
213,2.3674133217327054,4.734826643465411,-0.00810162362684806,0.00099601608235389,4.3671875,-0.6328125,0.6328125,6.264046416035853,-2218.9166479178957,0.03151293098926544,3.1874493757883706,0.0039684869116172194,0.0,0.0,0.00099601608235389,0.00099601608235389,0.00099601608235389,0.9960159659385681,0.00099601608235389
214,2.3674891232368753,4.734978246473751,-0.008548736902206065,0.00099601608235389,4.3828125,-0.8046875,0.8046875,6.187953167012893,-1978.2206686533284,0.03151293098926544,3.2074076731999717,0.0038515746709890664,0.0,0.0,0.00099601608235389,0.00099601608235389,0.00099601608235389,0.9960159659385681,0.00099601608235389
215,2.367613025482454,4.735226050964908,-0.0038719397589950114,0.00099601608235389,4.15625,-0.5,0.5,5.874009874998592,-2048.1251772167093,0.03151293098926544,3.2899003426233926,0.003894013042251269,0.0,0.0,0.00099601608235389,0.00099601608235389,0.00099601608235389,0.9960159659385681,0.00099601608235389
216,2.3678017685089188,4.7356035370178375,-0.005808519722531881,0.00099601608235389,4.171875,-0.78125,0.78125,5.9454065000172704,-2537.0445225497756,0.03151293098926544,3.2661660512288413,0.004315488806848104,0.0,0.0,0.00099601608235389,0.00099601608235389,0.00099601608235389,0.9960159659385681,0.00099601608235389
217,2.367914890541811,4.735829781083622,-0.009126746913326947,0.00099601608235389,4.1640625,0.2890625,-0.2890625,5.886147208977491,-2230.6877111252434,0.03151293098926544,3.2707565228144326,0.004301626720310499,0.0,0.0,0.00099601608235389,0.00099601608235389,0.00099601608235389,0.9960159659385681,0.00099601608235389
218,2.367944036283437,4.735888072566874,-0.0031195869073666906,0.00099601608235389,4.2109375,-0.2265625,0.2265625,6.025114583957475,-2128.489433824684,0.03151293098926544,3.293491800626119,0.004429349447794569,0.0,0.0,0.00099601608235389,0.00099601608235389,0.00099601608235389,0.9960159659385681,0.00099601608235389
219,2.3679792270180604,4.735958454036121,-0.005300259646180035,0.00099601608235389,4.2265625,0.0546875,-0.0546875,5.942411708005238,-1804.7167480013948,0.03151293098926544,3.3197981218496957,0.004344767687143758,0.0,0.0,0.00099601608235389,0.00099601608235389,0.00099601608235389,0.9960159659385681,0.00099601608235389
220,2.3679375129199864,4.735875025839973,-0.0026475371839775204,0.00099601608235389,4.171875,-0.7265625,0.7265625,5.872232333000284,-2369.41946084669,0.03151293098926544,3.2955921987692514,0.004452891754529749,0.0,0.0,0.00099601608235389,0.00099601608235389,0.00099601608235389,0.9960159659385681,0.00099601608235389
221,2.3680866739439215,4.736173347887843,-0.010013033070086849,0.00099601608235389,4.40625,-0.296875,0.296875,6.204747792042326,-2410.106217282884,0.03151293098926544,3.30344158411026,0.004075768597734471,0.0,0.0,0.00099601608235389,0.00099601608235389,0.00099601608235389,0.9960159659385681,0.00099601608235389
222,2.3681683986396216,4.736336797279243,-0.001982700026570504,0.00099601608235389,4.203125,-0.296875,0.296875,6.00859408301767,-2126.65237143669,0.03151293098926544,3.2912251154581704,0.004126935265958309,0.0,0.0,0.00099601608235389,0.00099601608235389,0.00099601608235389,0.9960159659385681,0.00099601608235389
223,2.3682009544571994,4.736401908914399,-0.007958241869225065,0.00099601608235389,4.171875,-0.796875,0.796875,5.923172625014558,-2202.3530034429573,0.03151293098926544,3.3553404013315835,0.004535226539398233,0.0,0.0,0.00099601608235389,0.00099601608235389,0.00099601608235389,0.9960159659385681,0.00099601608235389
224,2.368294841127279,4.736589682254558,-0.0022117878032008958,0.00099601608235389,4.2421875,0.25,-0.25,6.032693832996301,-2344.7498145902573,0.03151293098926544,3.343558818101883,0.0045305449166335166,0.0,0.0,0.00099601608235389,0.00099601608235389,0.00099601608235389,0.9960159659385681,0.00099601608235389
225,2.3683953008395204,4.736790601679041,-0.011210342115597927,0.00099601608235389,4.1875,-0.0859375,0.0859375,5.871775290986989,-2583.6749253682237,0.03151293098926544,3.3711217741171517,0.004322144484225039,0.0,0.0,0.00099601608235389,0.00099601608235389,0.00099601608235389,0.9960159659385681,0.00099601608235389
226,2.368483879584926,4.736967759169852,-0.009986027537647739,0.00099601608235389,4.1875,-0.2890625,0.2890625,5.931867167004384,-2285.392226304581,0.03151293098926544,3.3701009353001914,0.004474442204809748,0.0,0.0,0.00099601608235389,0.00099601608235389,0.00099601608235389,0.9960159659385681,0.00099601608235389
227,2.3685778033982396,4.737155606796479,-0.0067084530211951555,0.00099601608235389,4.359375,-0.5,0.5,6.115826292021666,-2873.3587278943764,0.03151293098926544,3.3586068749427795,0.004609928003143675,0.0,0.0,0.00099601608235389,0.00099601608235389,0.00099601608235389,0.9960159659385681,0.00099601608235389
228,2.3686575846322153,4.737315169264431,-0.009947463588008439,0.00099601608235389,4.25,0.4765625,-0.4765625,6.013166333024856,-2569.933179408312,0.03151293098926544,3.4492305517196655,0.004549432943652694,0.0,0.0,0.00099601608235389,0.00099601608235389,0.00099601608235389,0.9960159659385681,0.00099601608235389
229,2.368895817615182,4.737791635230364,-0.01149898597721692,0.00099601608235389,4.3671875,0.453125,-0.453125,6.157323874998838,-3217.258479118347,0.03151293098926544,3.405189573764801,0.004393559681678501,0.0,0.0,0.00099601608235389,0.00099601608235389,0.00099601608235389,0.9960159659385681,0.00099601608235389
230,2.3689611180192944,4.737922236038589,-0.007444497172339453,0.00099601608235389,4.3046875,-0.4296875,0.4296875,6.140108791994862,-3000.205779662366,0.03151293098926544,3.378883808851242,0.004483139142394066,0.0,0.0,0.00099601608235389,0.00099601608235389,0.00099601608235389,0.9960159659385681,0.00099601608235389
231,2.3689898078582234,4.737979615716447,-0.010971383925209063,0.00099601608235389,4.21875,-0.3828125,0.3828125,5.957049999968149,-3369.5713940161245,0.03151293098926544,3.4282251795132956,0.0044924295507371426,0.0,0.0,0.00099601608235389,0.00099601608235389,0.00099601608235389,0.9960159659385681,0.00099601608235389
232,2.369043387554736,4.738086775109472,-0.005918498259003872,0.00099601608235389,4.234375,0.1171875,-0.1171875,5.9502918750513345,-2771.254417609465,0.03151293098926544,3.3930120170116425,0.004402927588671446,0.0,0.0,0.00099601608235389,0.00099601608235389,0.00099601608235389,0.9960159659385681,0.00099601608235389
233,2.369095418766185,4.73819083753237,-0.008075884938835806,0.00099601608235389,4.3046875,-0.9921875,0.9921875,6.061059749976266,-2204.200782038555,0.03151293098926544,3.4149097303549447,0.00434767206509908,0.0,0.0,0.00099601608235389,0.00099601608235389,0.00099601608235389,0.9960159659385681,0.00099601608235389
234,2.369159349726278,4.738318699452556,-0.015160270217598623,0.00099601608235389,4.3125,-0.1015625,0.1015625,6.0365098339971155,-3015.0246082872586,0.03151293098926544,3.3855542739232383,0.004757577495183796,0.0,0.0,0.00099601608235389,0.00099601608235389,0.00099601608235389,0.9960159659385681,0.00099601608235389
235,2.369269337329484,4.738538674658968,-0.004582795691378339,0.00099601608235389,4.453125,0.390625,-0.390625,6.22269108297769,-2310.3407425361765,0.03151293098926544,3.400950640439987,0.00457549804317144,0.0,0.0,0.00099601608235389,0.00099601608235389,0.00099601608235389,0.9960159659385681,0.00099601608235389
236,2.369343733622917,4.738687467245834,-0.012553543961393066,0.00099601608235389,4.546875,-0.0078125,0.0078125,6.4918537500198,-2317.0905639674656,0.03151293098926544,3.437152922153473,0.0047626160588454996,0.0,0.0,0.00099601608235389,0.00099601608235389,0.00099601608235389,0.9960159659385681,0.00099601608235389
237,2.3692741322348274,4.738548264469655,-0.007278739404447049,0.00099601608235389,4.375,-1.2578125,1.2578125,6.133395124983508,-2879.4022449765885,0.03151293098926544,3.466417839129766,0.0047563529054362634,0.0,0.0,0.00099601608235389,0.00099601608235389,0.00099601608235389,0.9960159659385681,0.00099601608235389
238,2.3693847278005733,4.738769455601147,-0.00969654671312557,0.00099601608235389,4.46875,-0.59375,0.59375,6.364587916992605,-3159.965423900764,0.03151293098926544,3.454956332842509,0.004363569605629891,0.0,0.0,0.00099601608235389,0.00099601608235389,0.00099601608235389,0.9960159659385681,0.00099601608235389
239,2.3694904374174297,4.738980874834859,-0.00922544947464667,0.00099601608235389,4.3046875,1.015625,-1.015625,6.088831208995543,-2872.403953534938,0.03151293098926544,3.4983964959780374,0.004644455077747504,0.0,0.0,0.00099601608235389,0.00099601608235389,0.00099601608235389,0.9960159659385681,0.00099601608235389
240,2.369644644497963,4.739289288995926,-0.01168652461083649,0.00099601608235389,4.3125,0.0625,-0.0625,6.119270625000354,-3023.5519703056502,0.03151293098926544,3.443443775177002,0.004674935913499212,0.0,0.0,0.00099601608235389,0.00099601608235389,0.00099601608235389,0.9960159659385681,0.00099601608235389
241,2.3697623461530077,4.7395246923060155,-0.013212133333837323,0.00099601608235389,4.3125,-0.1484375,0.1484375,6.1517824169714,-2857.9945870205975,0.03151293098926544,3.456346015135447,0.0042265738496401655,0.0,0.0,0.00099601608235389,0.00099601608235389,0.00099601608235389,0.9960159659385681,0.00099601608235389
242,2.369842627934396,4.739685255868792,-0.01063088407092531,0.00099601608235389,4.1953125,-0.65625,0.65625,6.11194820801029,-3142.1763853716006,0.03151293098926544,3.5261426071325936,0.004525128984823823,0.0,0.0,0.00099601608235389,0.00099601608235389,0.00099601608235389,0.9960159659385681,0.00099601608235389
243,2.3699257739241206,4.739851547848241,-0.0023661117365298976,0.00099601608235389,4.234375,-0.265625,0.265625,6.008730333007406,-3150.8837022851753,0.03151293098926544,3.556147813796997,0.0041881216554126395,0.0,0.0,0.00099601608235389,0.00099601608235389,0.00099601608235389,0.9960159659385681,0.00099601608235389
244,2.370055545739632,4.740111091479264,-0.008063785562435042,0.00099601608235389,4.203125,-0.21875,0.21875,6.013600000005681,-3316.1869330565723,0.03151293098926544,3.6137609283129373,0.004324652802703592,0.0,0.0,0.00099601608235389,0.00099601608235389,0.00099601608235389,0.9960159659385681,0.00099601608235389
245,2.3703286476296492,4.7406572952592985,-0.009503143626332106,0.00099601608235389,4.28125,-0.7734375,0.7734375,6.083319333032705,-3931.61440996532,0.03151293098926544,3.6065430641174316,0.00467755290446803,0.0,0.0,0.00099601608235389,0.00099601608235389,0.00099601608235389,0.9960159659385681,0.00099601608235389
246,2.370444155090869,4.740888310181738,-0.01312515796925901,0.00099601608235389,4.0859375,0.2421875,-0.2421875,5.918543417006731,-3221.5266913784167,0.03151293098926544,3.650613705317179,0.004581458362129827,0.0,0.0,0.00099601608235389,0.00099601608235389,0.00099601608235389,0.9960159659385681,0.00099601608235389
247,2.3706686670112527,4.741337334022505,-0.011412423231758955,0.00099601608235389,4.3203125,-0.2421875,0.2421875,6.120986249996349,-3361.3862334315213,0.03151293098926544,3.7038846909999847,0.004295607931756725,0.0,0.0,0.00099601608235389,0.00099601608235389,0.00099601608235389,0.9960159659385681,0.00099601608235389
248,2.3707139898986185,4.741427979797237,-0.007659055711303482,0.00099601608235389,4.3046875,0.578125,-0.578125,6.156109625007957,-3200.4436951098987,0.03151293098926544,3.668358653783798,0.004547052822696666,0.0,0.0,0.00099601608235389,0.00099601608235389,0.00099601608235389,0.9960159659385681,0.00099601608235389
249,2.370833859638304,4.741667719276608,-0.008829756188662115,0.00099601608235389,4.265625,0.140625,-0.140625,6.083812375029083,-3619.1673251071693,0.03151293098926544,3.658115724722544,0.004504727354894082,0.0,0.0,0.00099601608235389,0.00099601608235389,0.00099601608235389,0.9960159659385681,0.00099601608235389
250,2.3710173861646275,4.742034772329255,-0.011600117165254446,0.00099601608235389,4.359375,-0.9140625,0.9140625,6.146284667018335,-3291.3858881372703,0.03151293098926544,3.740564286708832,0.004341351210920645,0.0,0.0,0.00099601608235389,0.00099601608235389,0.00099601608235389,0.9960159659385681,0.00099601608235389
251,2.3711362476416404,4.742272495283281,-0.006866327918852684,0.00099601608235389,4.328125,0.1796875,-0.1796875,6.163674957992043,-4128.3543519973755,0.03151293098926544,3.7165570656458535,0.004028489276606706,0.0,0.0,0.00099601608235389,0.00099601608235389,0.00099601608235389,0.9960159659385681,0.00099601608235389
252,2.371324433162796,4.742648866325592,-0.00032435411305761254,0.00099601608235389,4.4453125,-1.0234375,1.0234375,6.378979832981713,-3762.8460432196753,0.03151293098926544,3.7370314995447793,0.0039548684302038355,0.0,0.0,0.00099601608235389,0.00099601608235389,0.00099601608235389,0.9960159659385681,0.00099601608235389
253,2.3713365501819723,4.742673100363945,-0.01298936379162477,0.00099601608235389,4.453125,-0.0859375,0.0859375,6.268569292034954,-3390.5616752222963,0.03151293098926544,3.755343278249105,0.004256682227908944,0.0,0.0,0.00099601608235389,0.00099601608235389,0.00099601608235389,0.9960159659385681,0.00099601608235389
254,2.371502390524509,4.743004781049018,-0.007551086948766678,0.00099601608235389,4.1875,-0.6796875,0.6796875,5.986500458966475,-2959.4132323122735,0.03151293098926544,3.827591300010681,0.004247739983838983,0.0,0.0,0.00099601608235389,0.00099601608235389,0.00099601608235389,0.9960159659385681,0.00099601608235389
255,2.3716946371137397,4.7433892742274795,-0.013524411772359897,0.00099601608235389,4.4296875,-0.421875,0.421875,6.216986124985851,-3935.3648936559284,0.03151293098926544,3.8090385794639587,0.003767174287834981,0.0,0.0,0.00099601608235389,0.00099601608235389,0.00099601608235389,0.9960159659385681,0.00099601608235389
256,2.3718383099901157,4.743676619980231,-0.009100841163969852,0.00099601608235389,4.15625,-0.2578125,0.2578125,5.957967041002121,-3866.281358586218,0.03151293098926544,3.706322511037191,0.00434007810933205,0.0,0.0,0.00099601608235389,0.00099601608235389,0.00099601608235389,0.9960159659385681,0.00099601608235389
257,2.3718650297655275,4.743730059531055,-0.010366130918441227,0.00099601608235389,4.5078125,0.4140625,-0.4140625,6.360964583000168,-3649.113995034732,0.03151293098926544,3.6903303464253745,0.0044602606843303265,0.0,0.0,0.00099601608235389,0.00099601608235389,0.00099601608235389,0.9960159659385681,0.00099601608235389
258,2.3719696696629557,4.7439393393259115,-0.012635726473688179,0.00099601608235389,4.4375,-0.2890625,0.2890625,6.234343499992974,-4804.0946307316635,0.03151293098926544,3.7065715988477073,0.003512164815523041,0.0,0.0,0.00099601608235389,0.00099601608235389,0.00099601608235389,0.9960159659385681,0.00099601608235389
259,2.372119043101999,4.744238086203998,-0.009230346734521513,0.00099601608235389,4.390625,-0.4609375,0.4609375,6.242269874957856,-4837.357729080309,0.03151293098926544,3.8390444914499917,0.003516108098362262,0.0,0.0,0.00099601608235389,0.00099601608235389,0.00099601608235389,0.9960159659385681,0.00099601608235389
260,2.372167312432677,4.744334624865354,-0.007016562285325818,0.00099601608235389,4.3125,-0.4609375,0.4609375,6.110581666987855,-4148.670186288115,0.03151293098926544,3.765105148156484,0.00427218903011332,0.0,0.0,0.00099601608235389,0.00099601608235389,0.00099601608235389,0.9960159659385681,0.00099601608235389
261,2.3721252209747665,4.744250441949533,-0.011975545044763112,0.00099601608235389,4.28125,0.2734375,-0.2734375,6.112586542032659,-4207.446728532332,0.03151293098926544,3.7523555755615234,0.0045299969691162305,0.0,0.0,0.00099601608235389,0.00099601608235389,0.00099601608235389,0.9960159659385681,0.00099601608235389
262,2.3721666746487218,4.7443333492974435,-0.013145764320114411,0.00099601608235389,4.421875,-0.4609375,0.4609375,6.3146035830141045,-4008.0437597874616,0.03151293098926544,3.75728040933609,0.004006404720712453,0.0,0.0,0.00099601608235389,0.00099601608235389,0.00099601608235389,0.9960159659385681,0.00099601608235389
263,2.372223902607371,4.744447805214742,-0.005069592859775575,0.00099601608235389,4.4609375,0.109375,-0.109375,6.263358958996832,-4776.258105707252,0.03151293098926544,3.6898303429285684,0.0037266077924869023,0.0,0.0,0.00099601608235389,0.00099601608235389,0.00099601608235389,0.9960159659385681,0.00099601608235389
264,2.3723333941542073,4.744666788308415,-0.009708896826417764,0.00099601608235389,4.21875,0.046875,-0.046875,6.012838332972024,-4743.828880066342,0.03151293098926544,3.7589040795962014,0.003767771466906803,0.0,0.0,0.00099601608235389,0.00099601608235389,0.00099601608235389,0.9960159659385681,0.00099601608235389
265,2.3723684691307527,4.744736938261505,-0.00733582054353889,0.00099601608235389,4.40625,-0.203125,0.203125,6.2459159999853,-4894.2400673873035,0.03151293098926544,3.6323909362157187,0.004007109586382285,0.0,0.0,0.00099601608235389,0.00099601608235389,0.00099601608235389,0.9960159659385681,0.00099601608235389
266,2.3725787512197245,4.745157502439449,-0.013820447221422245,0.00099601608235389,4.375,0.234375,-0.234375,6.116795416979585,-4510.501691767147,0.03151293098926544,3.6940423250198364,0.0046164735734540345,0.0,0.0,0.00099601608235389,0.00099601608235389,0.00099601608235389,0.9960159659385681,0.00099601608235389
267,2.372506601958379,4.745013203916758,-0.009953478023541962,0.00099601608235389,4.359375,0.2109375,-0.2109375,6.214476749999449,-3748.3099882747965,0.03151293098926544,3.706519524256388,0.0049930843039571,0.0,0.0,0.00099601608235389,0.00099601608235389,0.00099601608235389,0.9960159659385681,0.00099601608235389
268,2.3725349051832443,4.745069810366489,-0.011807202339980612,0.00099601608235389,4.4296875,0.7109375,-0.7109375,6.217245207983069,-3715.756883614488,0.03151293098926544,3.734856824080149,0.004458780885518839,0.0,0.0,0.00099601608235389,0.00099601608235389,0.00099601608235389,0.9960159659385681,0.00099601608235389
269,2.3725842539120063,4.745168507824013,-0.013660117482698686,0.00099601608235389,4.40625,-0.6953125,0.6953125,6.225576416996773,-4379.0774180601675,0.03151293098926544,3.7922566334406533,0.0043463260371936485,0.0,0.0,0.00099601608235389,0.00099601608235389,0.00099601608235389,0.9960159659385681,0.00099601608235389
270,2.3727132062037577,4.745426412407515,-0.01350903274025879,0.00099601608235389,4.25,0.625,-0.625,6.171903916983865,-4117.916294543182,0.03151293098926544,3.836540142695109,0.004631772340265646,0.0,0.0,0.00099601608235389,0.00099601608235389,0.00099601608235389,0.9960159659385681,0.00099601608235389
271,2.372751314371295,4.74550262874259,-0.012095627520855136,0.00099601608235389,4.4375,-0.6875,0.6875,6.3676598749589175,-4591.287289132534,0.03151293098926544,3.7534031669298806,0.0047262454172596335,0.0,0.0,0.00099601608235389,0.00099601608235389,0.00099601608235389,0.9960159659385681,0.00099601608235389
272,2.3726482602918204,4.745296520583641,-0.010960928254539941,0.00099601608235389,4.5390625,-1.109375,1.109375,6.517067208013032,-4932.063683452377,0.03151293098926544,3.69484214981397,0.004487397420840959,0.0,0.0,0.00099601608235389,0.00099601608235389,0.00099601608235389,0.9960159659385681,0.00099601608235389
273,2.372539774697854,4.745079549395708,-0.010966728540513192,0.00099601608235389,4.359375,0.015625,-0.015625,6.130278124997858,-5082.942732944283,0.03151293098926544,3.7102869053681693,0.004874209233094007,0.0,0.0,0.00099601608235389,0.00099601608235389,0.00099601608235389,0.9960159659385681,0.00099601608235389
274,2.3724987018886394,4.744997403777279,-0.007825894365820351,0.00099601608235389,4.3828125,0.5390625,-0.5390625,6.2166357500245795,-4409.932574556048,0.03151293098926544,3.8089041113853455,0.00399000447941944,0.0,0.0,0.00099601608235389,0.00099601608235389,0.00099601608235389,0.9960159659385681,0.00099601608235389
275,2.372481955005017,4.744963910010034,-0.01604672015243654,0.00099601608235389,4.40625,-0.3359375,0.3359375,6.2506847500335425,-5160.727408246791,0.03151293098926544,3.92730246980985,0.003362045652465895,0.0,0.0,0.00099601608235389,0.00099601608235389,0.00099601608235389,0.9960159659385681,0.00099601608235389
276,2.372587975755466,4.745175951510932,-0.004144439977828956,0.00099601608235389,4.21875,0.328125,-0.328125,5.9688686250010505,-4506.832389375899,0.03151293098926544,4.011438349882762,0.003992335298486675,0.0,0.0,0.00099601608235389,0.00099601608235389,0.00099601608235389,0.9960159659385681,0.00099601608235389
277,2.3726089103932235,4.745217820786447,-0.012427525790792192,0.00099601608235389,4.4921875,-0.375,0.375,6.3894445420010015,-4836.73166140349,0.03151293098926544,3.8964832623799643,0.004652480691826592,0.0,0.0,0.00099601608235389,0.00099601608235389,0.00099601608235389,0.9960159659385681,0.00099601608235389
278,2.372656284201662,4.745312568403324,-0.0037420425621217455,0.00099601608235389,4.46875,0.3125,-0.3125,6.305992707959376,-5744.835562846044,0.03151293098926544,3.784817854563395,0.004516085376963019,0.0,0.0,0.00099601608235389,0.00099601608235389,0.00099601608235389,0.9960159659385681,0.00099601608235389
279,2.3727270879527396,4.745454175905479,-0.010762099411782997,0.00099601608235389,4.375,0.2890625,-0.2890625,6.186003790993709,-5368.899559654508,0.03151293098926544,3.8472288250923157,0.004676081007346511,0.0,0.0,0.00099601608235389,0.00099601608235389,0.00099601608235389,0.9960159659385681,0.00099601608235389
280,2.3727565471276284,4.745513094255257,-0.002239936594917461,0.00099601608235389,4.2421875,-0.7890625,0.7890625,6.014363499998581,-5058.959774621503,0.03151293098926544,3.8830979069073996,0.004963167516204218,0.0,0.0,0.00099601608235389,0.00099601608235389,0.00099601608235389,0.9960159659385681,0.00099601608235389
281,2.3727038985108866,4.745407797021773,-0.008394592403562861,0.00099601608235389,4.390625,0.0546875,-0.0546875,6.263380000018515,-5469.085087545402,0.03151293098926544,3.819272041320801,0.004800261415463562,0.0,0.0,0.00099601608235389,0.00099601608235389,0.00099601608235389,0.9960159659385681,0.00099601608235389
282,2.3727167226607007,4.745433445321401,-0.005646707264105262,0.00099601608235389,4.3046875,-0.375,0.375,6.060693084029481,-5700.77578665427,0.03151293098926544,3.857735792795817,0.004296548567557086,0.0,0.0,0.00099601608235389,0.00099601608235389,0.00099601608235389,0.9960159659385681,0.00099601608235389
283,2.372760991000793,4.745521982001586,-0.019263707629620045,0.00099601608235389,4.3984375,-0.375,0.375,6.334336625004653,-5342.397010850652,0.03151293098926544,3.9544905026753745,0.004300370453468834,0.0,0.0,0.00099601608235389,0.00099601608235389,0.00099601608235389,0.9960159659385681,0.00099601608235389
284,2.372722260385973,4.745444520771946,-0.015302541090390346,0.00099601608235389,4.5234375,-0.421875,0.421875,6.358451583015267,-5851.7339727965045,0.03151293098926544,3.8359691898028054,0.004234176822744,0.0,0.0,0.00099601608235389,0.00099601608235389,0.00099601608235389,0.9960159659385681,0.00099601608235389
285,2.3727290128274774,4.745458025654955,-0.011541178710397629,0.00099601608235389,4.375,0.1640625,-0.1640625,6.146759834024124,-5196.337280130387,0.03151293098926544,4.000619908173879,0.003963669606794913,0.0,0.0,0.00099601608235389,0.00099601608235389,0.00099601608235389,0.9960159659385681,0.00099601608235389
286,2.372706251987607,4.745412503975214,-0.01683256405596985,0.00099601608235389,4.40625,-0.7109375,0.7109375,6.228402207954787,-5885.2687456252725,0.03151293098926544,3.9182569781939187,0.004700197217365106,0.0,0.0,0.00099601608235389,0.00099601608235389,0.00099601608235389,0.9960159659385681,0.00099601608235389
287,2.3727358845510964,4.745471769102193,-0.013368961885016769,0.00099601608235389,4.2421875,-1.53125,1.53125,5.92304691701429,-5678.533193128104,0.03151293098926544,3.954180439313253,0.005302832752931863,0.0,0.0,0.00099601608235389,0.00099601608235389,0.00099601608235389,0.9960159659385681,0.00099601608235389
288,2.372798220677785,4.74559644135557,-0.006300366619390165,0.00099601608235389,4.4375,0.7109375,-0.7109375,6.314661708951462,-5783.253185977398,0.03151293098926544,3.845056653022766,0.004874109950227042,0.0,0.0,0.00099601608235389,0.00099601608235389,0.00099601608235389,0.9960159659385681,0.00099601608235389
289,2.372748759981569,4.745497519963138,-0.012150683039380128,0.00099601608235389,4.375,0.2734375,-0.2734375,6.149721916997805,-6175.001860427857,0.03151293098926544,3.7561347087224326,0.004646112231663817,0.0,0.0,0.00099601608235389,0.00099601608235389,0.00099601608235389,0.9960159659385681,0.00099601608235389
290,2.372779014020037,4.745558028040074,-0.016764860342238216,0.00099601608235389,4.3828125,0.328125,-0.328125,6.214835458958987,-5848.347466181519,0.03151293098926544,3.8551138242085776,0.004487314174184576,0.0,0.0,0.00099601608235389,0.00099601608235389,0.00099601608235389,0.9960159659385681,0.00099601608235389
291,2.3728473068142764,4.745694613628553,-0.01395303956620464,0.00099601608235389,4.4453125,-0.75,0.75,6.3246853339951485,-6647.083707739054,0.03151293098926544,3.9673363169034324,0.004345650001293204,0.0,0.0,0.00099601608235389,0.00099601608235389,0.00099601608235389,0.9960159659385681,0.00099601608235389
292,2.372923678367563,4.745847356735126,-0.01067107763723213,0.00099601608235389,4.390625,0.8046875,-0.8046875,6.188976375036873,-6684.067780172273,0.03151293098926544,3.925509969393412,0.0041838300221570535,0.0,0.0,0.00099601608235389,0.00099601608235389,0.00099601608235389,0.9960159659385681,0.00099601608235389
293,2.3731047025449676,4.746209405089935,-0.008348369496770206,0.00099601608235389,4.4609375,-0.6640625,0.6640625,6.31288541702088,-6385.5979407155155,0.03151293098926544,4.046918272972107,0.004486795543925837,0.0,0.0,0.00099601608235389,0.00099601608235389,0.00099601608235389,0.9960159659385681,0.00099601608235389
294,2.373181448491337,4.746362896982674,-0.013901252115235184,0.00099601608235389,4.140625,-0.453125,0.453125,5.8215953330509365,-6223.673399446596,0.03151293098926544,4.0095624923706055,0.004352672510625173,0.0,0.0,0.00099601608235389,0.00099601608235389,0.00099601608235389,0.9960159659385681,0.00099601608235389
295,2.373262544504442,4.746525089008884,-0.011984839154367754,0.00099601608235389,4.3203125,-0.3671875,0.3671875,6.140196749998722,-6317.442164753919,0.03151293098926544,4.083553373813629,0.004884762961106996,0.0,0.0,0.00099601608235389,0.00099601608235389,0.00099601608235389,0.9960159659385681,0.00099601608235389
296,2.3732523372545433,4.746504674509087,-0.012768870163606326,0.00099601608235389,4.484375,-0.1796875,0.1796875,6.311512875021435,-6679.029384726016,0.03151293098926544,3.96332194407781,0.004679524068099757,0.0,0.0,0.00099601608235389,0.00099601608235389,0.00099601608235389,0.9960159659385681,0.00099601608235389
297,2.3733086322341133,4.7466172644682265,-0.012662111047458567,0.00099601608235389,4.2578125,-0.078125,0.078125,6.05638258397812,-5805.073649387185,0.03151293098926544,4.000847160816193,0.004106250504264608,0.0,0.0,0.00099601608235389,0.00099601608235389,0.00099601608235389,0.9960159659385681,0.00099601608235389
298,2.3733657314994048,4.7467314629988095,-0.006972299484658829,0.00099601608235389,4.3828125,-1.140625,1.140625,6.216454333043657,-6336.06271722695,0.03151293098926544,4.174381236235301,0.0042246994174395995,0.0,0.0,0.00099601608235389,0.00099601608235389,0.00099601608235389,0.9960159659385681,0.00099601608235389
299,2.3734998801105314,4.746999760221063,-0.0009812207508944635,0.00099601608235389,4.46875,-0.3359375,0.3359375,6.315197416988667,-6748.599701627984,0.03151293098926544,4.214149355888367,0.004280408980169644,0.0,0.0,0.00099601608235389,0.00099601608235389,0.00099601608235389,0.9960159659385681,0.00099601608235389
300,2.373552177430671,4.747104354861342,-0.016637360442938204,0.00099601608235389,4.28125,-0.125,0.125,6.115455791004933,-6293.836818235634,0.03151293098926544,4.158074518044789,0.004454789295171698,0.0,0.0,0.00099601608235389,0.00099601608235389,0.00099601608235389,0.9960159659385681,0.00099601608235389
301,2.3735409617591046,4.747081923518209,-0.00958506887496724,0.00099601608235389,4.171875,-0.34375,0.34375,5.93981404096121,-5832.298031053293,0.03151293098926544,4.178019563357036,0.004898658604361117,0.0,0.0,0.00099601608235389,0.00099601608235389,0.00099601608235389,0.9960159659385681,0.00099601608235389
302,2.3736548646342523,4.747309729268505,-0.009959234882333651,0.00099601608235389,4.4453125,0.2109375,-0.2109375,6.239647375012282,-6770.069543332333,0.03151293098926544,4.120107750097911,0.0050055805331794545,0.0,0.0,0.00099601608235389,0.00099601608235389,0.00099601608235389,0.9960159659385681,0.00099601608235389
303,2.3735661725413477,4.747132345082695,-0.006916194634595482,0.00099601608235389,4.3671875,-0.2421875,0.2421875,6.161146499973256,-7691.757254455511,0.03151293098926544,4.017096658547719,0.004812738004450996,0.0,0.0,0.00099601608235389,0.00099601608235389,0.00099601608235389,0.9960159659385681,0.00099601608235389
304,2.373571904469621,4.747143808939242,-0.018205514218356984,0.00099601608235389,4.4140625,-0.390625,0.390625,6.234226458997,-8314.944137667766,0.03151293098926544,4.158286452293396,0.00478330664918758,0.0,0.0,0.00099601608235389,0.00099601608235389,0.00099601608235389,0.9960159659385681,0.00099601608235389
305,2.373604509513842,4.747209019027684,-0.010369939127910165,0.00099601608235389,4.3046875,0.0546875,-0.0546875,6.045717417029664,-8419.549673727766,0.03151293098926544,4.1658241748809814,0.004341152457830806,0.0,0.0,0.00099601608235389,0.00099601608235389,0.00099601608235389,0.9960159659385681,0.00099601608235389
306,2.373723283386517,4.747446566773034,-0.014194017079085509,0.00099601608235389,4.3203125,-0.03125,0.03125,6.156757999968249,-8028.149006379664,0.03151293098926544,4.14161342382431,0.004324680596861678,0.0,0.0,0.00099601608235389,0.00099601608235389,0.00099601608235389,0.9960159659385681,0.00099601608235389
307,2.3737483453608066,4.747496690721613,-0.013128691119889898,0.00099601608235389,4.3828125,0.3515625,-0.3515625,6.181759457977023,-7822.234887379801,0.03151293098926544,4.156418701012929,0.00471871136687696,0.0,0.0,0.00099601608235389,0.00099601608235389,0.00099601608235389,0.9960159659385681,0.00099601608235389
308,2.373773460038983,4.747546920077966,-0.014915463501807792,0.00099601608235389,4.2109375,0.078125,-0.078125,5.9487044580164365,-6865.338691428331,0.03151293098926544,4.129918138186137,0.004978544854869445,0.0,0.0,0.00099601608235389,0.00099601608235389,0.00099601608235389,0.9960159659385681,0.00099601608235389
309,2.3737665196409363,4.747533039281873,-0.011285762666344751,0.00099601608235389,4.2265625,0.3203125,-0.3203125,6.005542416998651,-6803.598541379636,0.03151293098926544,4.221991161505382,0.005301364154244463,0.0,0.0,0.00099601608235389,0.00099601608235389,0.00099601608235389,0.9960159659385681,0.00099601608235389
310,2.37368980391697,4.74737960783394,-0.009439717616348667,0.00099601608235389,4.3671875,0.0234375,-0.0234375,6.218525292002596,-6570.039320302564,0.03151293098926544,4.220744450887044,0.005415838968474418,0.0,0.0,0.00099601608235389,0.00099601608235389,0.00099601608235389,0.9960159659385681,0.00099601608235389
311,2.373716165722615,4.74743233144523,-0.0006148774581774554,0.00099601608235389,4.3828125,0.453125,-0.453125,6.219831374997739,-8235.237390759581,0.03151293098926544,4.338334580262502,0.005251926302056138,0.0,0.0,0.00099601608235389,0.00099601608235389,0.00099601608235389,0.9960159659385681,0.00099601608235389
312,2.3737049277500173,4.747409855500035,-0.0073104817938585195,0.00099601608235389,4.390625,-0.046875,0.046875,6.207062416011468,-8453.823715488257,0.03151293098926544,4.301316877206166,0.003867805547391375,0.0,0.0,0.00099601608235389,0.00099601608235389,0.00099601608235389,0.9960159659385681,0.00099601608235389
313,2.37372440503576,4.74744881007152,-0.017180768594533012,0.00099601608235389,4.5078125,-0.703125,0.703125,6.350545958033763,-7401.147760639157,0.03151293098926544,4.273148079713185,0.003925928923611839,0.0,0.0,0.00099601608235389,0.00099601608235389,0.00099601608235389,0.9960159659385681,0.00099601608235389
314,2.3738576696902514,4.747715339380503,-0.00950700624315543,0.00099601608235389,4.5078125,-1.015625,1.015625,6.376887083984911,-7486.516685307336,0.03151293098926544,4.216525475184123,0.004330186883938343,0.0,0.0,0.00099601608235389,0.00099601608235389,0.00099601608235389,0.9960159659385681,0.00099601608235389
315,2.373945408142255,4.74789081628451,-0.01762907508932237,0.00099601608235389,4.3984375,-0.3125,0.3125,6.204967500001658,-6845.633234393322,0.03151293098926544,4.181526283423106,0.004967986867995933,0.0,0.0,0.00099601608235389,0.00099601608235389,0.00099601608235389,0.9960159659385681,0.00099601608235389
316,2.3740030774367606,4.748006154873521,-0.018296392730349144,0.00099601608235389,4.5,-0.5234375,0.5234375,6.27388166700257,-7392.625895142555,0.03151293098926544,3.977721949418386,0.00485677199079267,0.0,0.0,0.00099601608235389,0.00099601608235389,0.00099601608235389,0.9960159659385681,0.00099601608235389
317,2.3739458788743404,4.747891757748681,-0.020557332389361055,0.00099601608235389,4.4765625,0.328125,-0.328125,6.356743415992241,-8192.135238028322,0.03151293098926544,3.942534387111664,0.004868875218865772,0.0,0.0,0.00099601608235389,0.00099601608235389,0.00099601608235389,0.9960159659385681,0.00099601608235389
318,2.3739887517522016,4.747977503504403,-0.005606160973888355,0.00099601608235389,4.4765625,0.125,-0.125,6.27291741699446,-8405.77362459326,0.03151293098926544,4.058697819709778,0.005038981908001006,0.0,0.0,0.00099601608235389,0.00099601608235389,0.00099601608235389,0.9960159659385681,0.00099601608235389
319,2.3740086456670566,4.748017291334113,-0.005138381140387803,0.00099601608235389,4.4921875,-0.4609375,0.4609375,6.38802420796128,-8903.87968361896,0.03151293098926544,4.098291953404744,0.004050021758303046,0.0,0.0,0.00099601608235389,0.00099601608235389,0.00099601608235389,0.9960159659385681,0.00099601608235389
320,2.3740728202225596,4.748145640445119,-0.009124202067442501,0.00099601608235389,4.4609375,0.265625,-0.265625,6.399157624982763,-7937.541201730117,0.03151293098926544,4.322561105092366,0.004687860355867694,0.0,0.0,0.00099601608235389,0.00099601608235389,0.00099601608235389,0.9960159659385681,0.00099601608235389
321,2.374070049710917,4.748140099421834,-0.024047928079437998,0.00099601608235389,4.5703125,-0.015625,0.015625,6.416804749984294,-7480.326413511619,0.03151293098926544,4.234564363956451,0.0047955857395815355,0.0,0.0,0.00099601608235389,0.00099601608235389,0.00099601608235389,0.9960159659385681,0.00099601608235389
322,2.3740871353018473,4.748174270603695,-0.02262979849894801,0.00099601608235389,4.2734375,-0.0234375,0.0234375,6.110268749995157,-7958.551658170097,0.03151293098926544,4.285911122957866,0.005470729219571997,0.0,0.0,0.00099601608235389,0.00099601608235389,0.00099601608235389,0.9960159659385681,0.00099601608235389
323,2.3740251150115914,4.748050230023183,-0.013492316719625275,0.00099601608235389,4.4140625,0.2890625,-0.2890625,6.192310207989067,-7791.397270769778,0.03151293098926544,4.213184018929799,0.005549771332880482,0.0,0.0,0.00099601608235389,0.00099601608235389,0.00099601608235389,0.9960159659385681,0.00099601608235389
324,2.3740647892093603,4.7481295784187205,-0.019670404540725918,0.00099601608235389,4.484375,-0.5703125,0.5703125,6.320916790980846,-9702.402306121401,0.03151293098926544,4.139829198519389,0.00467910473040926,0.0,0.0,0.00099601608235389,0.00099601608235389,0.00099601608235389,0.9960159659385681,0.00099601608235389
325,2.3740430308509635,4.748086061701927,-0.009976587750759785,0.00099601608235389,4.2109375,-0.421875,0.421875,5.99640816700412,-9486.610633220213,0.03151293098926544,4.220787584781647,0.00409506494179368,0.0,0.0,0.00099601608235389,0.00099601608235389,0.00099601608235389,0.9960159659385681,0.00099601608235389
326,2.374156483119622,4.748312966239244,-0.017988185297314805,0.00099601608235389,4.5546875,-1.09375,1.09375,6.4074823330156505,-8682.885769525074,0.03151293098926544,4.2307677666346235,0.0041848863766063005,0.0,0.0,0.00099601608235389,0.00099601608235389,0.00099601608235389,0.9960159659385681,0.00099601608235389
327,2.374200214406308,4.748400428812616,-0.013609410349358619,0.00099601608235389,4.5234375,-0.0390625,0.0390625,6.378765958012082,-8393.7495432773,0.03151293098926544,4.23440021276474,0.005069484555860981,0.0,0.0,0.00099601608235389,0.00099601608235389,0.00099601608235389,0.9960159659385681,0.00099601608235389
328,2.3742258221914487,4.7484516443828975,-0.020585358795500327,0.00099601608235389,4.5546875,-0.421875,0.421875,6.404745000007097,-9285.426457589936,0.03151293098926544,4.217089891433716,0.00524803848626713,0.0,0.0,0.00099601608235389,0.00099601608235389,0.00099601608235389,0.9960159659385681,0.00099601608235389
329,2.3741984308269717,4.748396861653943,-0.01834008810451417,0.00099601608235389,4.40625,0.4296875,-0.4296875,6.212016290985048,-8259.151718538704,0.03151293098926544,4.1294068694114685,0.005444066793036957,0.0,0.0,0.00099601608235389,0.00099601608235389,0.00099601608235389,0.9960159659385681,0.00099601608235389
330,2.374127705128536,4.748255410257072,-0.01595072617742172,0.00099601608235389,4.4765625,-0.1953125,0.1953125,6.324927333043888,-8341.916941897407,0.03151293098926544,4.029635429382324,0.00482866164141645,0.0,0.0,0.00099601608235389,0.00099601608235389,0.00099601608235389,0.9960159659385681,0.00099601608235389
331,2.374075359469847,4.748150718939694,-0.015805052096864863,0.00099601608235389,4.3828125,0.359375,-0.359375,6.211669709009584,-9155.099875091444,0.03151293098926544,4.102323234081268,0.0043981616593858535,0.0,0.0,0.00099601608235389,0.00099601608235389,0.00099601608235389,0.9960159659385681,0.00099601608235389
332,2.3740399835816843,4.748079967163369,-0.01640175562367062,0.00099601608235389,4.203125,0.7890625,-0.7890625,6.046106582973152,-9809.295957302958,0.03151293098926544,4.271055181821187,0.004639720277433905,0.0,0.0,0.00099601608235389,0.00099601608235389,0.00099601608235389,0.9960159659385681,0.00099601608235389
333,2.373992266629033,4.747984533258066,-0.016935871619076066,0.00099601608235389,4.328125,-0.9140625,0.9140625,6.16558279201854,-10039.001845755733,0.03151293098926544,4.3016818563143415,0.004545974312350154,0.0,0.0,0.00099601608235389,0.00099601608235389,0.00099601608235389,0.9960159659385681,0.00099601608235389
334,2.374059464196492,4.748118928392984,-0.006065411061262692,0.00099601608235389,4.5078125,-0.2578125,0.2578125,6.38060612505069,-9440.030583300664,0.03151293098926544,4.419563432534535,0.005005036015063524,0.0,0.0,0.00099601608235389,0.00099601608235389,0.00099601608235389,0.9960159659385681,0.00099601608235389
335,2.3740268165295295,4.748053633059059,-0.012285793060079436,0.00099601608235389,4.5390625,0.2109375,-0.2109375,6.425673709018156,-10205.934370582567,0.03151293098926544,4.23207288980484,0.004981443499370168,0.0,0.0,0.00099601608235389,0.00099601608235389,0.00099601608235389,0.9960159659385681,0.00099601608235389
336,2.3739841919453015,4.747968383890603,-0.012949208669112026,0.00099601608235389,4.265625,-0.09375,0.09375,6.027763666003011,-10710.568783463139,0.03151293098926544,4.273209810256958,0.005278338333785844,0.0,0.0,0.00099601608235389,0.00099601608235389,0.00099601608235389,0.9960159659385681,0.00099601608235389
337,2.3739444628077084,4.747888925615417,-0.009554068388925264,0.00099601608235389,4.390625,0.1953125,-0.1953125,6.197353416006081,-10179.043906934745,0.03151293098926544,4.234671990076701,0.005177190566125016,0.0,0.0,0.00099601608235389,0.00099601608235389,0.00099601608235389,0.9960159659385681,0.00099601608235389
338,2.3738312909290746,4.747662581858149,-0.01492607677662225,0.00099601608235389,4.34375,0.609375,-0.609375,6.1462399999727495,-9375.93194898427,0.03151293098926544,4.2482872406641645,0.005442066923327123,0.0,0.0,0.00099601608235389,0.00099601608235389,0.00099601608235389,0.9960159659385681,0.00099601608235389
339,2.3737873879728912,4.7475747759457825,-0.017527973830677446,0.00099601608235389,4.3671875,0.1328125,-0.1328125,6.2960926669766195,-10335.719652254382,0.03151293098926544,4.247463782628377,0.004574107384542003,0.0,0.0,0.00099601608235389,0.00099601608235389,0.00099601608235389,0.9960159659385681,0.00099601608235389
340,2.3737480957119446,4.747496191423889,-0.011569479495160644,0.00099601608235389,4.4375,-0.2265625,0.2265625,6.2078666249872185,-9442.237156787389,0.03151293098926544,4.386538763840993,0.004496077065899347,0.0,0.0,0.00099601608235389,0.00099601608235389,0.00099601608235389,0.9960159659385681,0.00099601608235389
341,2.373838386038805,4.74767677207761,-0.014348533500074272,0.00099601608235389,4.453125,-0.1015625,0.1015625,6.359741542022675,-10598.313090595446,0.03151293098926544,4.366300185521443,0.00411548411163191,0.0,0.0,0.00099601608235389,0.00099601608235389,0.00099601608235389,0.9960159659385681,0.00099601608235389
342,2.373804344522135,4.74760868904427,-0.01876480579508218,0.00099601608235389,4.3125,-0.2734375,0.2734375,6.095881957968231,-9872.190927305084,0.03151293098926544,4.263244569301605,0.0046342801457891864,0.0,0.0,0.00099601608235389,0.00099601608235389,0.00099601608235389,0.9960159659385681,0.00099601608235389
343,2.373801781046195,4.74760356209239,-0.016899451560691114,0.00099601608235389,4.4921875,-0.2578125,0.2578125,6.41088124999078,-11511.271665868344,0.03151293098926544,4.263251423835754,0.005104286450659856,0.0,0.0,0.00099601608235389,0.00099601608235389,0.00099601608235389,0.9960159659385681,0.00099601608235389
344,2.373691599102651,4.747383198205302,-0.01253509639718022,0.00099601608235389,4.4140625,-0.125,0.125,6.2234467919915915,-10609.175473008958,0.03151293098926544,4.282946944236755,0.005046167798961203,0.0,0.0,0.00099601608235389,0.00099601608235389,0.00099601608235389,0.9960159659385681,0.00099601608235389
345,2.3737352678766626,4.747470535753325,-0.012664237142557445,0.00099601608235389,4.3515625,-0.2890625,0.2890625,6.302566791011486,-11165.327464091713,0.03151293098926544,4.3205017646153765,0.004205992988621195,0.0,0.0,0.00099601608235389,0.00099601608235389,0.00099601608235389,0.9960159659385681,0.00099601608235389
346,2.3737893215766768,4.7475786431533535,-0.008929158856526741,0.00099601608235389,4.4140625,0.921875,-0.921875,6.277948874980211,-10342.488039121374,0.03151293098926544,4.2822917103767395,0.004254684579791501,0.0,0.0,0.00099601608235389,0.00099601608235389,0.00099601608235389,0.9960159659385681,0.00099601608235389
347,2.3739047581623662,4.7478095163247325,-0.012788033568039009,0.00099601608235389,4.3671875,-1.125,1.125,6.14689587499015,-10305.978679500027,0.03151293098926544,4.418722669283549,0.004669698847768207,0.0,0.0,0.00099601608235389,0.00099601608235389,0.00099601608235389,0.9960159659385681,0.00099601608235389
348,2.3739010645003438,4.7478021290006875,-0.024490173140604587,0.00099601608235389,4.65625,-0.4296875,0.4296875,6.567800167016685,-9931.952458592868,0.03151293098926544,4.331877946853638,0.005258242948912084,0.0,0.0,0.00099601608235389,0.00099601608235389,0.00099601608235389,0.9960159659385681,0.00099601608235389
349,2.3739674959811907,4.7479349919623814,-0.0203041046495321,0.00099601608235389,4.3515625,-0.3359375,0.3359375,6.191556749981828,-9863.493819341198,0.03151293098926544,4.398657262325287,0.0054052545844266815,0.0,0.0,0.00099601608235389,0.00099601608235389,0.00099601608235389,0.9960159659385681,0.00099601608235389
350,2.374043496148733,4.748086992297466,-0.020768075619951237,0.00099601608235389,4.5078125,0.1171875,-0.1171875,6.340540624980349,-11894.955329405786,0.03151293098926544,4.2420231103897095,0.004552552544434245,0.0,0.0,0.00099601608235389,0.00099601608235389,0.00099601608235389,0.9960159659385681,0.00099601608235389
351,2.3740050202972123,4.7480100405944246,-0.010976919346626647,0.00099601608235389,4.2890625,0.4140625,-0.4140625,6.058399874949828,-11762.188613655355,0.03151293098926544,4.39742370446523,0.0047631618605616195,0.0,0.0,0.00099601608235389,0.00099601608235389,0.00099601608235389,0.9960159659385681,0.00099601608235389
352,2.374074557272535,4.74814911454507,-0.018986060464497617,0.00099601608235389,4.3515625,0.2890625,-0.2890625,6.164582917001098,-11879.536628860118,0.03151293098926544,4.262809654076894,0.004120527029347916,0.0,0.0,0.00099601608235389,0.00099601608235389,0.00099601608235389,0.9960159659385681,0.00099601608235389
353,2.374223904144185,4.74844780828837,-0.023458780978038715,0.00099601608235389,4.4375,0.859375,-0.859375,6.2494523340137675,-9810.932368479984,0.03151293098926544,4.283298552036285,0.004419520276618035,0.0,0.0,0.00099601608235389,0.00099601608235389,0.00099601608235389,0.9960159659385681,0.00099601608235389
354,2.374282946713644,4.748565893427288,-0.01543877817845987,0.00099601608235389,4.359375,0.3359375,-0.3359375,6.196434499986935,-10689.23929057241,0.03151293098926544,4.323914686838786,0.004817536294770737,0.0,0.0,0.00099601608235389,0.00099601608235389,0.00099601608235389,0.9960159659385681,0.00099601608235389
355,2.374382398357559,4.748764796715118,-0.011936270739446949,0.00099601608235389,4.3828125,-0.9765625,0.9765625,6.191131500003394,-10925.467711667963,0.03151293098926544,4.2847152551015215,0.004834273034551491,0.0,0.0,0.00099601608235389,0.00099601608235389,0.00099601608235389,0.9960159659385681,0.00099601608235389
356,2.3745014480609354,4.749002896121871,-0.012510852426881259,0.00099601608235389,4.4296875,0.3359375,-0.3359375,6.206918750016484,-11586.702471657405,0.03151293098926544,4.362631857395172,0.004860357226183017,0.0,0.0,0.00099601608235389,0.00099601608235389,0.00099601608235389,0.9960159659385681,0.00099601608235389
357,2.3744291116277227,4.7488582232554455,-0.022947918831273513,0.00099601608235389,4.3359375,-0.0703125,0.0703125,6.159440000017639,-12292.406708560979,0.03151293098926544,4.424817065397899,0.004903239624885221,0.0,0.0,0.00099601608235389,0.00099601608235389,0.00099601608235389,0.9960159659385681,0.00099601608235389
358,2.374486450933932,4.748972901867864,-0.028138333939183743,0.00099601608235389,4.3125,-0.4765625,0.4765625,6.214909584028646,-12819.858958050825,0.03151293098926544,4.515841921170552,0.004392866057363183,0.0,0.0,0.00099601608235389,0.00099601608235389,0.00099601608235389,0.9960159659385681,0.00099601608235389
359,2.3746592155571937,4.7493184311143875,-0.020018020751114994,0.00099601608235389,4.5390625,-0.2109375,0.2109375,6.442112124990672,-12024.878953142545,0.03151293098926544,4.419794380664825,0.00477844775984219,0.0,0.0,0.00099601608235389,0.00099601608235389,0.00099601608235389,0.9960159659385681,0.00099601608235389
360,2.3747355780076544,4.749471156015309,-0.013503481970086766,0.00099601608235389,4.5546875,-0.171875,0.171875,6.405617083015386,-10462.860998359798,0.03151293098926544,4.3103476365407305,0.005038542816085585,0.0,0.0,0.00099601608235389,0.00099601608235389,0.00099601608235389,0.9960159659385681,0.00099601608235389
361,2.3748049143221586,4.749609828644317,-0.009163060980570355,0.00099601608235389,4.484375,0.125,-0.125,6.30176554096397,-13025.991548784103,0.03151293098926544,4.236010889212291,0.005374258093070239,0.0,0.0,0.00099601608235389,0.00099601608235389,0.00099601608235389,0.9960159659385681,0.00099601608235389
362,2.374894474891046,4.749788949782092,-0.01695966887757109,0.00099601608235389,4.296875,-0.4453125,0.4453125,6.06975412502652,-12738.304980704568,0.03151293098926544,4.315320988496144,0.005563903907993033,0.0,0.0,0.00099601608235389,0.00099601608235389,0.00099601608235389,0.9960159659385681,0.00099601608235389
363,2.374862388863754,4.749724777727508,-0.023182767365403582,0.00099601608235389,4.421875,0.15625,-0.15625,6.220288457989227,-13199.415743864889,0.03151293098926544,4.234959880510966,0.004980886592723739,0.0,0.0,0.00099601608235389,0.00099601608235389,0.00099601608235389,0.9960159659385681,0.00099601608235389
364,2.374890627372769,4.749781254745538,-0.014576894980932712,0.00099601608235389,4.3984375,0.3046875,-0.3046875,6.155737749999389,-13822.562535274092,0.03151293098926544,4.397676169872284,0.0047246136964531615,0.0,0.0,0.00099601608235389,0.00099601608235389,0.00099601608235389,0.9960159659385681,0.00099601608235389
365,2.3750463219704505,4.750092643940901,-0.02099569876521782,0.00099601608235389,4.3203125,0.421875,-0.421875,6.1445890829782,-13175.884162157829,0.03151293098926544,4.423115332921346,0.004084564240959783,0.0,0.0,0.00099601608235389,0.00099601608235389,0.00099601608235389,0.9960159659385681,0.00099601608235389
366,2.375161620954003,4.750323241908006,-0.02483482217192746,0.00099601608235389,4.390625,0.046875,-0.046875,6.172763708978891,-13567.899871283154,0.03151293098926544,4.4510350823402405,0.0049934421258512884,0.0,0.0,0.00099601608235389,0.00099601608235389,0.00099601608235389,0.9960159659385681,0.00099601608235389
367,2.3751985584896342,4.7503971169792685,-0.011017059647901322,0.00099601608235389,4.359375,-0.03125,0.03125,6.245755959011149,-13597.50737994888,0.03151293098926544,4.443152129650116,0.005472084376378916,0.0,0.0,0.00099601608235389,0.00099601608235389,0.00099601608235389,0.9960159659385681,0.00099601608235389
368,2.3751989352665763,4.750397870533153,-0.019792467618585805,0.00099601608235389,4.453125,0.2421875,-0.2421875,6.39105037500849,-13176.807840046129,0.03151293098926544,4.41263081630071,0.005510920828479963,0.0,0.0,0.00099601608235389,0.00099601608235389,0.00099601608235389,0.9960159659385681,0.00099601608235389
369,2.3751896436483597,4.750379287296719,-0.021388615360226383,0.00099601608235389,4.4140625,0.1640625,-0.1640625,6.171029666962568,-11790.187636991517,0.03151293098926544,4.494038283824921,0.005681822998061155,0.0,0.0,0.00099601608235389,0.00099601608235389,0.00099601608235389,0.9960159659385681,0.00099601608235389
370,2.3752554303398714,4.750510860679743,-0.0018116417283205173,0.00099601608235389,4.59375,0.0859375,-0.0859375,6.513678957999218,-14512.490404946464,0.03151293098926544,4.58589522043864,0.004774538101628423,0.0,0.0,0.00099601608235389,0.00099601608235389,0.00099601608235389,0.9960159659385681,0.00099601608235389
371,2.3753387905007974,4.750677581001595,-0.021335566607696404,0.00099601608235389,4.4296875,-0.9609375,0.9609375,6.307249458972365,-15697.233809980766,0.03151293098926544,4.701695541540782,0.0050544758172084885,0.0,0.0,0.00099601608235389,0.00099601608235389,0.00099601608235389,0.9960159659385681,0.00099601608235389
372,2.375566055602002,4.751132111204004,-0.012809736760149735,0.00099601608235389,4.5859375,-0.109375,0.109375,6.4280127080273814,-13927.775000343128,0.03151293098926544,4.6696732838948565,0.004838151983373488,0.0,0.0,0.00099601608235389,0.00099601608235389,0.00099601608235389,0.9960159659385681,0.00099601608235389
373,2.375687795029692,4.751375590059384,-0.014475433139157175,0.00099601608235389,4.40625,-1.1484375,1.1484375,6.277206833998207,-11730.989154193418,0.03151293098926544,4.554610729217529,0.004849080364995946,0.0,0.0,0.00099601608235389,0.00099601608235389,0.00099601608235389,0.9960159659385681,0.00099601608235389
374,2.3757595746634217,4.751519149326843,-0.026861385290388756,0.00099601608235389,4.3515625,-0.53125,0.53125,6.073307249986101,-11924.5267270018,0.03151293098926544,4.540009121100108,0.005388467553226898,0.0,0.0,0.00099601608235389,0.00099601608235389,0.00099601608235389,0.9960159659385681,0.00099601608235389
375,2.375806754562949,4.751613509125898,-0.01652260475856347,0.00099601608235389,4.4453125,-0.359375,0.359375,6.329132916987874,-11728.884270076383,0.03151293098926544,4.535512566566467,0.0053458609618246555,0.0,0.0,0.00099601608235389,0.00099601608235389,0.00099601608235389,0.9960159659385681,0.00099601608235389
376,2.37590416087201,4.75180832174402,-0.01523842599552135,0.00099601608235389,4.21875,0.53125,-0.53125,5.95209812495159,-12896.067564420347,0.03151293098926544,4.53435750802358,0.005558322765864432,0.0,0.0,0.00099601608235389,0.00099601608235389,0.00099601608235389,0.9960159659385681,0.00099601608235389
377,2.3758558054444237,4.751711610888847,-0.02030693665303884,0.00099601608235389,4.3984375,-0.2578125,0.2578125,6.30428620899329,-13443.657535790127,0.03151293098926544,4.6099200050036115,0.005181497263644512,0.0,0.0,0.00099601608235389,0.00099601608235389,0.00099601608235389,0.9960159659385681,0.00099601608235389
378,2.375930907739204,4.751861815478408,-0.012937531796701145,0.00099601608235389,4.4609375,0.046875,-0.046875,6.29277079104213,-13907.54251091952,0.03151293098926544,4.669192870457967,0.004518184801175569,0.0,0.0,0.00099601608235389,0.00099601608235389,0.00099601608235389,0.9960159659385681,0.00099601608235389
379,2.376098644487607,4.752197288975214,-0.015548570021942206,0.00099601608235389,4.4140625,0.046875,-0.046875,6.192702875006944,-17244.867607346256,0.03151293098926544,4.608603318532308,0.004343447275459766,0.0,0.0,0.00099601608235389,0.00099601608235389,0.00099601608235389,0.9960159659385681,0.00099601608235389
380,2.3761339944685282,4.7522679889370565,-0.017450730479926107,0.00099601608235389,4.53125,-0.1796875,0.1796875,6.368115000019316,-15617.465828126053,0.03151293098926544,4.4967182874679565,0.005061937922922273,0.0,0.0,0.00099601608235389,0.00099601608235389,0.00099601608235389,0.9960159659385681,0.00099601608235389
381,2.3761915059657266,4.752383011931453,-0.027943443971713115,0.00099601608235389,4.421875,-0.6484375,0.6484375,6.23259595799027,-15556.47485176329,0.03151293098926544,4.565242966016133,0.005011179445621868,0.0,0.0,0.00099601608235389,0.00099601608235389,0.00099601608235389,0.9960159659385681,0.00099601608235389
382,2.3762445208290943,4.752489041658189,-0.01009153181525477,0.00099601608235389,4.40625,0.1640625,-0.1640625,6.237765208992641,-12874.505184430602,0.03151293098926544,4.563229461510976,0.005177226010952533,0.0,0.0,0.00099601608235389,0.00099601608235389,0.00099601608235389,0.9960159659385681,0.00099601608235389
383,2.3762419713776155,4.752483942755231,-0.018571109238647437,0.00099601608235389,4.5546875,-0.1328125,0.1328125,6.484096291009337,-15161.51374998796,0.03151293098926544,4.509361565113068,0.004889060781958203,0.0,0.0,0.00099601608235389,0.00099601608235389,0.00099601608235389,0.9960159659385681,0.00099601608235389
384,2.376378660971569,4.752757321943138,-0.01530715595373539,0.00099601608235389,4.5625,-0.890625,0.890625,6.470540791982785,-16748.63282724929,0.03151293098926544,4.438370803991954,0.004354015400167555,0.0,0.0,0.00099601608235389,0.00099601608235389,0.00099601608235389,0.9960159659385681,0.00099601608235389
385,2.376576011810716,4.753152023621432,-0.0141408267228947,0.00099601608235389,4.3984375,0.1640625,-0.1640625,6.156899666006211,-16393.863934288227,0.03151293098926544,4.664012749989827,0.0040260314126499,0.0,0.0,0.00099601608235389,0.00099601608235389,0.00099601608235389,0.9960159659385681,0.00099601608235389
386,2.3766904434665532,4.7533808869331065,-0.0100450891626172,0.00099601608235389,4.3359375,0.1796875,-0.1796875,6.173500375007279,-15460.75488811871,0.03151293098926544,4.632604320844014,0.004275703181823094,0.0,0.0,0.00099601608235389,0.00099601608235389,0.00099601608235389,0.9960159659385681,0.00099601608235389
387,2.3768015869868293,4.753603173973659,-0.02270287444778975,0.00099601608235389,4.453125,-0.484375,0.484375,6.348668207996525,-13282.919346350955,0.03151293098926544,4.6648549636205034,0.005044440001559754,0.0,0.0,0.00099601608235389,0.00099601608235389,0.00099601608235389,0.9960159659385681,0.00099601608235389
388,2.376850718062088,4.753701436124176,-0.01630401818152679,0.00099601608235389,4.53125,0.5546875,-0.5546875,6.374225000035949,-14942.079838259468,0.03151293098926544,4.7000114520390825,0.004974813278143604,0.0,0.0,0.00099601608235389,0.00099601608235389,0.00099601608235389,0.9960159659385681,0.00099601608235389
389,2.377019349928686,4.754038699857372,-0.011691966022429277,0.00099601608235389,4.359375,-0.265625,0.265625,6.254609583993442,-16939.99076238926,0.03151293098926544,4.680564184983571,0.004625873087206855,0.0,0.0,0.00099601608235389,0.00099601608235389,0.00099601608235389,0.9960159659385681,0.00099601608235389
390,2.3770910972806902,4.7541821945613805,-0.014904774707041936,0.00099601608235389,4.5859375,-0.3359375,0.3359375,6.413145959028043,-14692.544828125729,0.03151293098926544,4.723193864027659,0.0040471320583795505,0.0,0.0,0.00099601608235389,0.00099601608235389,0.00099601608235389,0.9960159659385681,0.00099601608235389
391,2.377213816697893,4.754427633395786,-0.021471719944476626,0.00099601608235389,4.546875,-0.5703125,0.5703125,6.436367457965389,-14207.09871539873,0.03151293098926544,4.727863172690074,0.004187730053672567,0.0,0.0,0.00099601608235389,0.00099601608235389,0.00099601608235389,0.9960159659385681,0.00099601608235389
392,2.377478719645023,4.754957439290046,-0.018790413300387485,0.00099601608235389,4.5390625,-0.953125,0.953125,6.377286416012794,-15285.372135956808,0.03151293098926544,4.681499123573303,0.004032714316660228,0.0,0.0,0.00099601608235389,0.00099601608235389,0.00099601608235389,0.9960159659385681,0.00099601608235389
393,2.377623285851223,4.755246571702446,-0.01709052627670764,0.00099601608235389,4.4609375,0.484375,-0.484375,6.3559111669892445,-14809.997514220337,0.03151293098926544,4.66995753844579,0.005224721894289057,0.0,0.0,0.00099601608235389,0.00099601608235389,0.00099601608235389,0.9960159659385681,0.00099601608235389
394,2.3777618818338313,4.755523763667663,-0.003278428726167467,0.00099601608235389,4.625,0.0625,-0.0625,6.531423709006049,-16251.598794163885,0.03151293098926544,4.574986577033997,0.005063899841237192,0.0,0.0,0.00099601608235389,0.00099601608235389,0.00099601608235389,0.9960159659385681,0.00099601608235389
395,2.377901697459265,4.75580339491853,-0.009649551958604622,0.00099601608235389,4.3984375,0.0859375,-0.0859375,6.228068624972366,-15320.037197336635,0.03151293098926544,4.604888737201691,0.004965473897755146,0.0,0.0,0.00099601608235389,0.00099601608235389,0.00099601608235389,0.9960159659385681,0.00099601608235389
396,2.377952359395917,4.755904718791834,-0.023335900306979913,0.00099601608235389,4.4140625,-0.1171875,0.1171875,6.273132250003982,-18390.25550036135,0.03151293098926544,4.569993317127228,0.005127967024842898,0.0,0.0,0.00099601608235389,0.00099601608235389,0.00099601608235389,0.9960159659385681,0.00099601608235389
397,2.378093254764617,4.756186509529234,-0.01033804868288552,0.00099601608235389,4.5625,0.203125,-0.203125,6.433404167008121,-17404.874079508325,0.03151293098926544,4.622423390547435,0.004563761477281029,0.0,0.0,0.00099601608235389,0.00099601608235389,0.00099601608235389,0.9960159659385681,0.00099601608235389
398,2.378312319589069,4.756624639178138,-0.01920524668173886,0.00099601608235389,4.59375,-0.3125,0.3125,6.487543500028551,-17467.459474978805,0.03151293098926544,4.626879731814067,0.004368374713521916,0.0,0.0,0.00099601608235389,0.00099601608235389,0.00099601608235389,0.9960159659385681,0.00099601608235389
399,2.3784225054713204,4.756845010942641,-0.02011367586577586,0.00099601608235389,4.4296875,0.28125,-0.28125,6.22103125002468,-20195.33660479618,0.03151293098926544,4.608748594919841,0.004765574150951579,0.0,0.0,0.00099601608235389,0.00099601608235389,0.00099601608235389,0.9960159659385681,0.00099601608235389
400,2.3785105683695225,4.757021136739045,-0.009454961466351709,0.00099601608235389,4.3984375,-0.1015625,0.1015625,6.243228334002197,-18750.189173032715,0.03151293098926544,4.586742281913757,0.004769763637644549,0.0,0.0,0.00099601608235389,0.00099601608235389,0.00099601608235389,0.9960159659385681,0.00099601608235389
401,2.378527625074576,4.757055250149152,-0.016586831290382128,0.00099601608235389,4.5546875,0.3203125,-0.3203125,6.402478041010909,-17523.63192272677,0.03151293098926544,4.442483842372894,0.0047020057136251125,0.0,0.0,0.00099601608235389,0.00099601608235389,0.00099601608235389,0.9960159659385681,0.00099601608235389
402,2.378619980033729,4.757239960067458,-0.017741357465649834,0.00099601608235389,4.4140625,-1.3046875,1.3046875,6.192121792002581,-18200.71070613355,0.03151293098926544,4.691703021526337,0.004612426176511993,0.0,0.0,0.00099601608235389,0.00099601608235389,0.00099601608235389,0.9960159659385681,0.00099601608235389
403,2.3786947729152947,4.7573895458305895,-0.00734067376863479,0.00099601608235389,4.359375,-0.234375,0.234375,6.1829617919866,-16478.591906694528,0.03151293098926544,4.827497720718384,0.0044324603319788975,0.0,0.0,0.00099601608235389,0.00099601608235389,0.00099601608235389,0.9960159659385681,0.00099601608235389
404,2.37874645101589,4.75749290203178,-0.014342182943068077,0.00099601608235389,4.5703125,-0.609375,0.609375,6.418112249986734,-17679.498914995766,0.03151293098926544,4.854374885559082,0.004570792351538937,0.0,0.0,0.00099601608235389,0.00099601608235389,0.00099601608235389,0.9960159659385681,0.00099601608235389
405,2.3789315339287853,4.757863067857571,-0.025252920930120822,0.00099601608235389,4.6796875,0.359375,-0.359375,6.700366874982137,-17061.1469630399,0.03151293098926544,4.766090452671051,0.004774342955594572,0.0,0.0,0.00099601608235389,0.00099601608235389,0.00099601608235389,0.9960159659385681,0.00099601608235389
406,2.3790390166405047,4.758078033281009,-0.016815269791033677,0.00099601608235389,4.53125,0.28125,-0.28125,6.474690459028352,-17251.94043984249,0.03151293098926544,4.678800443808238,0.004667854790265362,0.0,0.0,0.00099601608235389,0.00099601608235389,0.00099601608235389,0.9960159659385681,0.00099601608235389
407,2.3790616529201043,4.758123305840209,-0.011442247528959419,0.00099601608235389,4.625,0.09375,-0.09375,6.460332624963485,-14670.667194057156,0.03151293098926544,4.642699281374614,0.0053119414709120365,0.0,0.0,0.00099601608235389,0.00099601608235389,0.00099601608235389,0.9960159659385681,0.00099601608235389
408,2.379184925724882,4.758369851449764,-0.010188544200303101,0.00099601608235389,4.5,-0.21875,0.21875,6.366609624994453,-18328.542056255872,0.03151293098926544,4.724155008792877,0.0047321444532523555,0.0,0.0,0.00099601608235389,0.00099601608235389,0.00099601608235389,0.9960159659385681,0.00099601608235389
409,2.379340693977712,4.758681387955424,-0.029466950973704692,0.00099601608235389,4.4609375,-0.296875,0.296875,6.32330487499712,-19537.70269898316,0.03151293098926544,4.811178465684255,0.004952896488248371,0.0,0.0,0.00099601608235389,0.00099601608235389,0.00099601608235389,0.9960159659385681,0.00099601608235389
410,2.379601444659221,4.759202889318442,-0.038614335889398166,0.00099601608235389,4.5390625,-0.3125,0.3125,6.390911041991785,-17542.700901064323,0.03151293098926544,4.738778273264567,0.004157281859079376,0.0,0.0,0.00099601608235389,0.00099601608235389,0.00099601608235389,0.9960159659385681,0.00099601608235389
411,2.379738836101722,4.759477672203444,-0.018667854094522516,0.00099601608235389,4.484375,-0.484375,0.484375,6.398030333977658,-16386.5777319001,0.03151293098926544,4.737838387489319,0.0049808887027514475,0.0,0.0,0.00099601608235389,0.00099601608235389,0.00099601608235389,0.9960159659385681,0.00099601608235389
412,2.37989399703991,4.75978799407982,-0.010280566029938537,0.00099601608235389,4.3671875,0.25,-0.25,6.150738290976733,-19547.39286871076,0.03151293098926544,4.69713540871938,0.005365237040678039,0.0,0.0,0.00099601608235389,0.00099601608235389,0.00099601608235389,0.9960159659385681,0.00099601608235389
413,2.3798961880009424,4.759792376001885,-0.01623412122809104,0.00099601608235389,4.2734375,-0.3515625,0.3515625,6.061155500006862,-19402.2776023265,0.03151293098926544,4.893266379833221,0.00541670381790027,0.0,0.0,0.00099601608235389,0.00099601608235389,0.00099601608235389,0.9960159659385681,0.00099601608235389
414,2.3799783350920514,4.759956670184103,-0.024348232870480137,0.00099601608235389,4.4921875,-0.4453125,0.4453125,6.361204957996961,-19468.32856055218,0.03151293098926544,4.816369811693828,0.004409236168915716,0.0,0.0,0.00099601608235389,0.00099601608235389,0.00099601608235389,0.9960159659385681,0.00099601608235389
415,2.380047763778272,4.760095527556544,-0.009205443361829668,0.00099601608235389,4.578125,-0.3828125,0.3828125,6.496623084007297,-20186.948617824517,0.03151293098926544,4.958771089712779,0.004215139633743092,0.0,0.0,0.00099601608235389,0.00099601608235389,0.00099601608235389,0.9960159659385681,0.00099601608235389
416,2.3802119119381056,4.760423823876211,-0.01352960894636586,0.00099601608235389,4.4921875,-0.8984375,0.8984375,6.400118833989836,-20923.080985518747,0.03151293098926544,5.027936220169067,0.004677287438729157,0.0,0.0,0.00099601608235389,0.00099601608235389,0.00099601608235389,0.9960159659385681,0.00099601608235389
417,2.380323265100725,4.76064653020145,-0.02696781088977755,0.00099601608235389,4.4296875,-0.0390625,0.0390625,6.34572866698727,-20049.85579081271,0.03151293098926544,4.816501021385193,0.004840496302676911,0.0,0.0,0.00099601608235389,0.00099601608235389,0.00099601608235389,0.9960159659385681,0.00099601608235389
418,2.38038573076291,4.76077146152582,-0.028014697195531416,0.00099601608235389,4.390625,-0.828125,0.828125,6.1317454999662,-26242.00901573154,0.03151293098926544,4.888347168763478,0.005498388937364022,0.0,0.0,0.00099601608235389,0.00099601608235389,0.00099601608235389,0.9960159659385681,0.00099601608235389
419,2.380358097800042,4.760716195600084,-0.007749568671507203,0.00099601608235389,4.625,-0.2734375,0.2734375,6.561777249968145,-22155.02470918604,0.03151293098926544,4.796285470326741,0.004398077726364136,0.0,0.0,0.00099601608235389,0.00099601608235389,0.00099601608235389,0.9960159659385681,0.00099601608235389
420,2.380437350936588,4.760874701873176,-0.010815768918705459,0.00099601608235389,4.421875,-0.4140625,0.4140625,6.294067249982618,-24838.315243063884,0.03151293098926544,4.839287082354228,0.004297453861605997,0.0,0.0,0.00099601608235389,0.00099601608235389,0.00099601608235389,0.9960159659385681,0.00099601608235389
421,2.3805092541317836,4.761018508263567,-0.02234407570569096,0.00099601608235389,4.6875,0.0,0.0,6.578060792002361,-24956.078721364338,0.03151293098926544,4.696680665016174,0.004240825107747999,0.0,0.0,0.00099601608235389,0.00099601608235389,0.00099601608235389,0.9960159659385681,0.00099601608235389
422,2.380604833701784,4.761209667403568,-0.012822287021078013,0.00099601608235389,4.453125,-0.109375,0.109375,6.2667225420009345,-22419.04323674252,0.03151293098926544,4.931200901667277,0.005022020709778492,0.0,0.0,0.00099601608235389,0.00099601608235389,0.00099601608235389,0.9960159659385681,0.00099601608235389
423,2.3807659627761573,4.7615319255523145,-0.013540261883179073,0.00099601608235389,4.796875,0.203125,-0.203125,6.797656958049629,-23779.22651923363,0.03151293098926544,4.8191936413447065,0.005099061697061795,0.0,0.0,0.00099601608235389,0.00099601608235389,0.00099601608235389,0.9960159659385681,0.00099601608235389
424,2.380840611672696,4.761681223345392,-0.02417363682428556,0.00099601608235389,4.46875,-0.3125,0.3125,6.26987979200203,-23687.343385469663,0.03151293098926544,4.793992797533671,0.004626260798734923,0.0,0.0,0.00099601608235389,0.00099601608235389,0.00099601608235389,0.9960159659385681,0.00099601608235389
425,2.3809292544280742,4.7618585088561485,-0.018667257948362284,0.00099601608235389,4.4296875,-0.1015625,0.1015625,6.24906587501755,-24584.27082044275,0.03151293098926544,4.857163488864899,0.005407963860003899,0.0,0.0,0.00099601608235389,0.00099601608235389,0.00099601608235389,0.9960159659385681,0.00099601608235389
426,2.381017593622439,4.762035187244878,-0.002081058916284522,0.00099601608235389,4.6015625,-0.5625,0.5625,6.461258457973599,-22456.940732143124,0.03151293098926544,4.826579829057057,0.005459179985336959,0.0,0.0,0.00099601608235389,0.00099601608235389,0.00099601608235389,0.9960159659385681,0.00099601608235389
427,2.3809857825160807,4.7619715650321615,-0.021038528379803526,0.00099601608235389,4.453125,-0.203125,0.203125,6.3414409589604475,-26244.095556854783,0.03151293098926544,4.806229551633199,0.00551792587308834,0.0,0.0,0.00099601608235389,0.00099601608235389,0.00099601608235389,0.9960159659385681,0.00099601608235389
428,2.3810400083634757,4.7620800167269515,-0.01657423747316099,0.00099601608235389,4.3515625,0.3046875,-0.3046875,6.19351504201768,-21646.553320646715,0.03151293098926544,4.949645102024078,0.005224763047105323,0.0,0.0,0.00099601608235389,0.00099601608235389,0.00099601608235389,0.9960159659385681,0.00099601608235389
429,2.381233529402395,4.76246705880479,-0.01058890539660477,0.00099601608235389,4.265625,0.0,0.0,6.02477583399741,-25107.48162987119,0.03151293098926544,5.140509565671285,0.004090186480122308,0.0,0.0,0.00099601608235389,0.00099601608235389,0.00099601608235389,0.9960159659385681,0.00099601608235389
430,2.3813497410120563,4.762699482024113,-0.029368441592920007,0.00099601608235389,4.4609375,-0.1796875,0.1796875,6.233861999993678,-26028.225695047196,0.03151293098926544,5.051081955432892,0.004747490495598565,0.0,0.0,0.00099601608235389,0.00099601608235389,0.00099601608235389,0.9960159659385681,0.00099601608235389
431,2.381474310091348,4.762948620182696,-0.0244896756581011,0.00099601608235389,4.4765625,-0.28125,0.28125,6.3666624169563875,-26486.203707709985,0.03151293098926544,4.929481526215871,0.005124325281940401,0.0,0.0,0.00099601608235389,0.00099601608235389,0.00099601608235389,0.9960159659385681,0.00099601608235389
432,2.3815783387817904,4.763156677563581,-0.01712923117888868,0.00099601608235389,4.375,0.15625,-0.15625,6.162682041001972,-24937.925936589923,0.03151293098926544,4.838529169559479,0.005135292187333107,0.0,0.0,0.00099601608235389,0.00099601608235389,0.00099601608235389,0.9960159659385681,0.00099601608235389
433,2.3816006399541516,4.763201279908303,-0.019931507068628316,0.00099601608235389,4.2421875,-0.4765625,0.4765625,6.05819829198299,-23805.87743272307,0.03151293098926544,4.924104789892833,0.005197238933760673,0.0,0.0,0.00099601608235389,0.00099601608235389,0.00099601608235389,0.9960159659385681,0.00099601608235389
434,2.3817079371559577,4.7634158743119155,-0.01571874221343869,0.00099601608235389,4.484375,0.1796875,-0.1796875,6.3941234170342796,-25026.38746869024,0.03151293098926544,4.8418054183324175,0.004464503314617711,0.0,0.0,0.00099601608235389,0.00099601608235389,0.00099601608235389,0.9960159659385681,0.00099601608235389
435,2.3817695611982974,4.763539122396595,-0.019086290250002816,0.00099601608235389,4.5859375,-0.0859375,0.0859375,6.481767583056353,-26931.98388539303,0.03151293098926544,5.060917437076569,0.0041132460270697875,0.0,0.0,0.00099601608235389,0.00099601608235389,0.00099601608235389,0.9960159659385681,0.00099601608235389
436,2.381938108582493,4.763876217164986,-0.009861531422458556,0.00099601608235389,4.5625,-0.1953125,0.1953125,6.4159954999922775,-26491.807216252368,0.03151293098926544,5.043520092964172,0.004288852505851537,0.0,0.0,0.00099601608235389,0.00099601608235389,0.00099601608235389,0.9960159659385681,0.00099601608235389
437,2.381990616697275,4.76398123339455,-0.01959813223811155,0.00099601608235389,4.5859375,-0.4453125,0.4453125,6.407554125005845,-24624.46821277105,0.03151293098926544,4.896274149417877,0.004374520930772026,0.0,0.0,0.00099601608235389,0.00099601608235389,0.00099601608235389,0.9960159659385681,0.00099601608235389
438,2.3821064468827435,4.764212893765487,-0.021688853030000857,0.00099601608235389,4.40625,-0.5859375,0.5859375,6.293252290983219,-25760.57818441188,0.03151293098926544,4.84092911084493,0.005029848369304091,0.0,0.0,0.00099601608235389,0.00099601608235389,0.00099601608235389,0.9960159659385681,0.00099601608235389
439,2.382036099021293,4.764072198042586,-0.018261198868304157,0.00099601608235389,4.453125,0.03125,-0.03125,6.298790333035868,-28535.293762795965,0.03151293098926544,4.831010500590007,0.005340491343910496,0.0,0.0,0.00099601608235389,0.00099601608235389,0.00099601608235389,0.9960159659385681,0.00099601608235389
440,2.3821020119046965,4.764204023809393,-0.023642324579901945,0.00099601608235389,4.5,-0.3828125,0.3828125,6.36908187501831,-26157.87284631199,0.03151293098926544,4.955015043417613,0.004945449181832373,0.0,0.0,0.00099601608235389,0.00099601608235389,0.00099601608235389,0.9960159659385681,0.00099601608235389
441,2.382151913592712,4.764303827185424,-0.020965230230892022,0.00099601608235389,4.59375,0.046875,-0.046875,6.46998087503016,-26619.459865621968,0.03151293098926544,4.98301629225413,0.00456961925374344,0.0,0.0,0.00099601608235389,0.00099601608235389,0.00099601608235389,0.9960159659385681,0.00099601608235389
442,2.382331578442291,4.764663156884582,-0.020257822869822202,0.00099601608235389,4.5703125,-0.015625,0.015625,6.402665000001434,-28351.373231206388,0.03151293098926544,4.9701915582021075,0.004634674172848463,0.0,0.0,0.00099601608235389,0.00099601608235389,0.00099601608235389,0.9960159659385681,0.00099601608235389
443,2.3824207667950135,4.764841533590027,-0.01776780477702202,0.00099601608235389,4.6015625,0.0078125,-0.0078125,6.492331625020597,-26944.68575062776,0.03151293098926544,5.058540383974711,0.004947017451437811,0.0,0.0,0.00099601608235389,0.00099601608235389,0.00099601608235389,0.9960159659385681,0.00099601608235389
444,2.3825108316889096,4.765021663377819,-0.017715952086816904,0.00099601608235389,4.2734375,-0.25,0.25,6.062897042022087,-27499.638889654463,0.03151293098926544,5.111298342545827,0.0050352617593792575,0.0,0.0,0.00099601608235389,0.00099601608235389,0.00099601608235389,0.9960159659385681,0.00099601608235389
445,2.382589460746628,4.765178921493256,-0.01803133199687994,0.00099601608235389,4.4296875,0.234375,-0.234375,6.176155749999452,-28798.434917981453,0.03151293098926544,5.066963195800781,0.004851038315488647,0.0,0.0,0.00099601608235389,0.00099601608235389,0.00099601608235389,0.9960159659385681,0.00099601608235389
446,2.3825310960068915,4.765062192013783,-0.01683344652701623,0.00099601608235389,4.4609375,0.46875,-0.46875,6.356512541999109,-29560.534065366835,0.03151293098926544,4.9916824499766035,0.004675410358080019,0.0,0.0,0.00099601608235389,0.00099601608235389,0.00099601608235389,0.9960159659385681,0.00099601608235389
447,2.3827129769691315,4.765425953938263,-0.028997986472446346,0.00099601608235389,4.5390625,-0.21875,0.21875,6.34290454199072,-25468.55393199297,0.03151293098926544,5.108961800734202,0.004280158696928993,0.0,0.0,0.00099601608235389,0.00099601608235389,0.00099601608235389,0.9960159659385681,0.00099601608235389
448,2.3828300102342848,4.7656600204685695,-0.028585554459501738,0.00099601608235389,4.53125,-0.0625,0.0625,6.3534924580017105,-25121.85792312622,0.03151293098926544,5.047289391358693,0.004933282791171223,0.0,0.0,0.00099601608235389,0.00099601608235389,0.00099601608235389,0.9960159659385681,0.00099601608235389
449,2.3829707573603383,4.7659415147206765,-0.026615427968646917,0.00099601608235389,4.3359375,-0.2578125,0.2578125,6.085378292016685,-24220.96887660671,0.03151293098926544,5.084450205167134,0.005579883671089192,0.0,0.0,0.00099601608235389,0.00099601608235389,0.00099601608235389,0.9960159659385681,0.00099601608235389
450,2.3831054563421157,4.766210912684231,-0.029336531387360275,0.00099601608235389,4.390625,0.203125,-0.203125,6.259354458015878,-28481.382672482963,0.03151293098926544,5.07100111246109,0.005576629511779174,0.0,0.0,0.00099601608235389,0.00099601608235389,0.00099601608235389,0.9960159659385681,0.00099601608235389
451,2.3831798267958604,4.766359653591721,-0.0191055843424507,0.00099601608235389,4.4765625,-0.0625,0.0625,6.327270167006645,-26157.984178526447,0.03151293098926544,5.059816141923268,0.0051963449028941495,0.0,0.0,0.00099601608235389,0.00099601608235389,0.00099601608235389,0.9960159659385681,0.00099601608235389
452,2.383291368937961,4.766582737875922,-0.02847465064532116,0.00099601608235389,4.8359375,0.0859375,-0.0859375,6.869452791986987,-25476.885235615424,0.03151293098926544,5.036812126636505,0.005397823658616592,0.0,0.0,0.00099601608235389,0.00099601608235389,0.00099601608235389,0.9960159659385681,0.00099601608235389
453,2.3832788009809454,4.766557601961891,-0.015506996139819759,0.00099601608235389,4.71875,-0.28125,0.28125,6.670373041008133,-28647.16021531465,0.03151293098926544,4.904354393482208,0.005182117873725171,0.0,0.0,0.00099601608235389,0.00099601608235389,0.00099601608235389,0.9960159659385681,0.00099601608235389
454,2.3833814498586205,4.766762899717241,-0.023445224405066384,0.00099601608235389,4.46875,-0.453125,0.453125,6.305704333004542,-26657.279748769906,0.03151293098926544,4.962773819764455,0.004429325374076143,0.0,0.0,0.00099601608235389,0.00099601608235389,0.00099601608235389,0.9960159659385681,0.00099601608235389
455,2.3835599559741754,4.767119911948351,-0.021393412431644592,0.00099601608235389,4.3671875,-0.1171875,0.1171875,6.176278666011058,-29665.023195051763,0.03151293098926544,5.026437858740489,0.0036800673503118255,0.0,0.0,0.00099601608235389,0.00099601608235389,0.00099601608235389,0.9960159659385681,0.00099601608235389
456,2.383691791433753,4.767383582867506,-0.02692812651754953,0.00099601608235389,4.5390625,0.34375,-0.34375,6.384845207969192,-25804.441773563984,0.03151293098926544,4.874457577864329,0.004840097890943677,0.0,0.0,0.00099601608235389,0.00099601608235389,0.00099601608235389,0.9960159659385681,0.00099601608235389
457,2.3837927020472023,4.767585404094405,-0.019164494936864875,0.00099601608235389,4.4921875,0.03125,-0.03125,6.31519254198065,-24192.429151213273,0.03151293098926544,4.952872077624003,0.005672032585910832,0.0,0.0,0.00099601608235389,0.00099601608235389,0.00099601608235389,0.9960159659385681,0.00099601608235389
458,2.383829206638328,4.767658413276656,-0.021181145879909484,0.00099601608235389,4.46875,0.109375,-0.109375,6.309044915949926,-25216.70067065579,0.03151293098926544,4.948197841644287,0.0054034796194173396,0.0,0.0,0.00099601608235389,0.00099601608235389,0.00099601608235389,0.9960159659385681,0.00099601608235389
459,2.38397419281428,4.76794838562856,-0.027138147857999423,0.00099601608235389,4.71875,0.40625,-0.40625,6.567279875045642,-25745.579131322193,0.03151293098926544,4.843944509824117,0.004580800872645341,0.0,0.0,0.00099601608235389,0.00099601608235389,0.00099601608235389,0.9960159659385681,0.00099601608235389
460,2.384085989494835,4.76817197898967,-0.018201705408278163,0.00099601608235389,4.6640625,0.359375,-0.359375,6.5445142919779755,-27881.382320666035,0.03151293098926544,4.922562142213185,0.004169243960253273,0.0,0.0,0.00099601608235389,0.00099601608235389,0.00099601608235389,0.9960159659385681,0.00099601608235389
461,2.38433933989391,4.76867867978782,-0.027323612492987245,0.00099601608235389,4.5703125,-0.046875,0.046875,6.410169000038877,-30641.924046469143,0.03151293098926544,5.022393504778544,0.004112349376858522,0.0,0.0,0.00099601608235389,0.00099601608235389,0.00099601608235389,0.9960159659385681,0.00099601608235389
462,2.3844987797168713,4.768997559433743,-0.0227095470480388,0.00099601608235389,4.53125,0.125,-0.125,6.462919832963962,-29937.195492974643,0.03151293098926544,5.064924359321594,0.0044739971635863185,0.0,0.0,0.00099601608235389,0.00099601608235389,0.00099601608235389,0.9960159659385681,0.00099601608235389
463,2.384653971853174,4.769307943706348,-0.026197337004836518,0.00099601608235389,4.5,0.21875,-0.21875,6.517109040985815,-27952.594624969694,0.03151293098926544,5.021043578783671,0.005008052578583981,0.0,0.0,0.00099601608235389,0.00099601608235389,0.00099601608235389,0.9960159659385681,0.00099601608235389
464,2.3847270231671067,4.769454046334213,-0.020180938559725848,0.00099601608235389,4.421875,-0.34375,0.34375,6.21007141697919,-29116.1294023224,0.03151293098926544,5.072701156139374,0.005105212835284571,0.0,0.0,0.00099601608235389,0.00099601608235389,0.00099601608235389,0.9960159659385681,0.00099601608235389
465,2.384907868893319,4.769815737786638,-0.02710639369342107,0.00099601608235389,4.5390625,-0.09375,0.09375,6.379396124975756,-30686.468867159136,0.03151293098926544,5.17536073923111,0.004891189901779096,0.0,0.0,0.00099601608235389,0.00099601608235389,0.00099601608235389,0.9960159659385681,0.00099601608235389
466,2.3851890206156283,4.770378041231257,-0.01951118806457415,0.00099601608235389,4.4296875,0.546875,-0.546875,6.253589833038859,-31015.843080012677,0.03151293098926544,5.133993784586589,0.004636671772459522,0.0,0.0,0.00099601608235389,0.00099601608235389,0.00099601608235389,0.9960159659385681,0.00099601608235389
467,2.3854542529170226,4.770908505834045,-0.029262823146521944,0.00099601608235389,4.6875,-0.46875,0.46875,6.538978416996542,-31572.55778325399,0.03151293098926544,5.171138286590576,0.00488007035649692,0.0,0.0,0.00099601608235389,0.00099601608235389,0.00099601608235389,0.9960159659385681,0.00099601608235389
468,2.385693969162989,4.771387938325978,-0.026055976376387843,0.00099601608235389,4.3671875,-0.453125,0.453125,6.178892958036158,-26725.03062357075,0.03151293098926544,5.20453010002772,0.005403456433365743,0.0,0.0,0.00099601608235389,0.00099601608235389,0.00099601608235389,0.9960159659385681,0.00099601608235389
469,2.385940649794441,4.771881299588882,-0.02323195347687256,0.00099601608235389,4.484375,-0.90625,0.90625,6.298415333963931,-29655.557162161902,0.03151293098926544,5.236775894959767,0.0045557555082875,0.0,0.0,0.00099601608235389,0.00099601608235389,0.00099601608235389,0.9960159659385681,0.00099601608235389
470,2.3860755961794875,4.772151192358975,-0.03635383229945117,0.00099601608235389,4.6953125,-0.1796875,0.1796875,6.545590375026222,-29406.84709642255,0.03151293098926544,5.110568066438039,0.004390678756559889,0.0,0.0,0.00099601608235389,0.00099601608235389,0.00099601608235389,0.9960159659385681,0.00099601608235389
471,2.3862254903745983,4.772450980749197,-0.020081759259989077,0.00099601608235389,4.4296875,-0.3828125,0.3828125,6.3139904999989085,-28138.3100420163,0.03151293098926544,5.168761968612671,0.004497603040363174,0.0,0.0,0.00099601608235389,0.00099601608235389,0.00099601608235389,0.9960159659385681,0.00099601608235389
472,2.3864960314292722,4.7729920628585445,-0.03078586415323863,0.00099601608235389,4.515625,-0.0859375,0.0859375,6.431167541013565,-30839.122605927674,0.03151293098926544,5.2049121260643005,0.00441076562856324,0.0,0.0,0.00099601608235389,0.00099601608235389,0.00099601608235389,0.9960159659385681,0.00099601608235389
473,2.386683735429691,4.773367470859382,-0.015233745276977764,0.00099601608235389,4.7578125,0.2265625,-0.2265625,6.635693374963012,-29648.916666491277,0.03151293098926544,5.079080482323964,0.004730397059271733,0.0,0.0,0.00099601608235389,0.00099601608235389,0.00099601608235389,0.9960159659385681,0.00099601608235389
474,2.386818527684386,4.773637055368772,-0.014590427803519428,0.00099601608235389,4.59375,-0.0078125,0.0078125,6.4935649579856545,-31823.91071799661,0.03151293098926544,5.127792934576671,0.005110392385783295,0.0,0.0,0.00099601608235389,0.00099601608235389,0.00099601608235389,0.9960159659385681,0.00099601608235389
475,2.386988488435202,4.773976976870404,-0.014989307884283614,0.00099601608235389,4.3984375,-0.0390625,0.0390625,6.17731245799223,-28160.91656106573,0.03151293098926544,5.065791348616282,0.0049328774912282825,0.0,0.0,0.00099601608235389,0.00099601608235389,0.00099601608235389,0.9960159659385681,0.00099601608235389
476,2.387175867054993,4.774351734109986,-0.02374724785666045,0.00099601608235389,4.234375,0.0703125,-0.0703125,6.00831029197434,-27964.614482274355,0.03151293098926544,5.067511936028798,0.004408171788478891,0.0,0.0,0.00099601608235389,0.00099601608235389,0.00099601608235389,0.9960159659385681,0.00099601608235389
477,2.3872682155316305,4.774536431063261,-0.017225955787322424,0.00099601608235389,4.546875,0.453125,-0.453125,6.397303749981802,-32974.04344140541,0.03151293098926544,5.146878361701965,0.004830298285620908,0.0,0.0,0.00099601608235389,0.00099601608235389,0.00099601608235389,0.9960159659385681,0.00099601608235389
478,2.387533284225379,4.775066568450758,-0.025682437427143563,0.00099601608235389,4.546875,-0.53125,0.53125,6.361952833016403,-34962.34387002532,0.03151293098926544,5.281937976678212,0.004224405177713682,0.0,0.0,0.00099601608235389,0.00099601608235389,0.00099601608235389,0.9960159659385681,0.00099601608235389
479,2.3877000488810127,4.7754000977620255,-0.021998743557505987,0.00099601608235389,4.59375,-0.7734375,0.7734375,6.538447541999631,-36677.644461521486,0.03151293098926544,5.28758289416631,0.00478247747135659,0.0,0.0,0.00099601608235389,0.00099601608235389,0.00099601608235389,0.9960159659385681,0.00099601608235389
480,2.387831248080687,4.775662496161374,-0.02213765875647954,0.00099601608235389,4.4140625,0.25,-0.25,6.240051833039615,-37424.75864565689,0.03151293098926544,5.179559608300527,0.005089930792261536,0.0,0.0,0.00099601608235389,0.00099601608235389,0.00099601608235389,0.9960159659385681,0.00099601608235389
481,2.3880128919290966,4.776025783858193,-0.03084589972397785,0.00099601608235389,4.53125,-0.21875,0.21875,6.431876499962527,-35047.61905517578,0.03151293098926544,5.065460364023845,0.004762260155985132,0.0,0.0,0.00099601608235389,0.00099601608235389,0.00099601608235389,0.9960159659385681,0.00099601608235389
482,2.388139987242302,4.776279974484604,-0.03150987303073971,0.00099601608235389,4.40625,-0.09375,0.09375,6.237291541998275,-34276.0750343918,0.03151293098926544,5.184911111990611,0.0050338161721204715,0.0,0.0,0.00099601608235389,0.00099601608235389,0.00099601608235389,0.9960159659385681,0.00099601608235389
483,2.3881703845490176,4.776340769098035,-0.025826612288004664,0.00099601608235389,4.546875,-0.5703125,0.5703125,6.39890558400657,-32571.644475825462,0.03151293098926544,5.195447146892548,0.005475250499633451,0.0,0.0,0.00099601608235389,0.00099601608235389,0.00099601608235389,0.9960159659385681,0.00099601608235389
484,2.388274285233803,4.776548570467606,-0.022111621543718957,0.00099601608235389,4.515625,0.7734375,-0.7734375,6.387800458003767,-32913.3287190104,0.03151293098926544,5.347659130891164,0.00431499004480429,0.0,0.0,0.00099601608235389,0.00099601608235389,0.00099601608235389,0.9960159659385681,0.00099601608235389
485,2.3884967828906833,4.776993565781367,-0.024618203354930358,0.00099601608235389,4.484375,0.125,-0.125,6.305243499984499,-36814.214761155825,0.03151293098926544,5.240610102812449,0.004138120450079441,0.0,0.0,0.00099601608235389,0.00099601608235389,0.00099601608235389,0.9960159659385681,0.00099601608235389
486,2.388649601783247,4.777299203566494,-0.019706362483756398,0.00099601608235389,4.53125,-0.109375,0.109375,6.4220205409801565,-29953.117762466958,0.03151293098926544,5.193541705608368,0.004476185461195807,0.0,0.0,0.00099601608235389,0.00099601608235389,0.00099601608235389,0.9960159659385681,0.00099601608235389
487,2.388801225249408,4.777602450498816,-0.027238369185688463,0.00099601608235389,4.5234375,-0.625,0.625,6.38071645796299,-33189.33077122716,0.03151293098926544,5.282683293024699,0.005083872199368973,0.0,0.0,0.00099601608235389,0.00099601608235389,0.00099601608235389,0.9960159659385681,0.00099601608235389
488,2.388933064900431,4.777866129800862,-0.008804496417095827,0.00099601608235389,4.7734375,0.1328125,-0.1328125,6.745169417001307,-32256.816727084144,0.03151293098926544,5.170973598957062,0.004982390557415783,0.0,0.0,0.00099601608235389,0.00099601608235389,0.00099601608235389,0.9960159659385681,0.00099601608235389
489,2.3890218077959204,4.778043615591841,-0.017386017324110287,0.00099601608235389,4.390625,0.3125,-0.3125,6.212509665987454,-36656.65607379085,0.03151293098926544,5.230183998743693,0.005346502487858136,0.0,0.0,0.00099601608235389,0.00099601608235389,0.00099601608235389,0.9960159659385681,0.00099601608235389
490,2.389025613887985,4.77805122777597,-0.027746358195835145,0.00099601608235389,4.4296875,-0.7265625,0.7265625,6.380492000025697,-36787.75388507069,0.03151293098926544,5.258330186208089,0.005014379314767818,0.0,0.0,0.00099601608235389,0.00099601608235389,0.00099601608235389,0.9960159659385681,0.00099601608235389
491,2.3891589020218156,4.778317804043631,-0.01950917287314803,0.00099601608235389,4.5390625,0.25,-0.25,6.384320583951194,-37955.702437908025,0.03151293098926544,5.524905860424042,0.004404260427691042,0.0,0.0,0.00099601608235389,0.00099601608235389,0.00099601608235389,0.9960159659385681,0.00099601608235389
492,2.3893851118759315,4.778770223751863,-0.01390178375942319,0.00099601608235389,4.5859375,-0.390625,0.390625,6.429111375007778,-32854.83040867144,0.03151293098926544,5.503588338692983,0.00425208614130194,0.0,0.0,0.00099601608235389,0.00099601608235389,0.00099601608235389,0.9960159659385681,0.00099601608235389
493,2.3895066890904992,4.7790133781809985,-0.014716986590095677,0.00099601608235389,4.3203125,0.4609375,-0.4609375,6.152559541980736,-41512.10486162679,0.03151293098926544,5.4628275235493975,0.004623111822487165,0.0,0.0,0.00099601608235389,0.00099601608235389,0.00099601608235389,0.9960159659385681,0.00099601608235389
494,2.389576411975095,4.77915282395019,-0.02048935185461637,0.00099601608235389,4.609375,0.2421875,-0.2421875,6.406397583021317,-36440.534551510566,0.03151293098926544,5.3121336698532104,0.0049668926900873584,0.0,0.0,0.00099601608235389,0.00099601608235389,0.00099601608235389,0.9960159659385681,0.00099601608235389
495,2.3896208201266402,4.7792416402532805,-0.02440333255887439,0.00099601608235389,4.8359375,0.9765625,-0.9765625,6.767365417035762,-31863.470649731564,0.03151293098926544,5.26691089073817,0.005433989630546421,0.0,0.0,0.00099601608235389,0.00099601608235389,0.00099601608235389,0.9960159659385681,0.00099601608235389
496,2.3897528537183104,4.779505707436621,-0.024874048147611842,0.00099601608235389,4.390625,0.0234375,-0.0234375,6.1929730830015615,-29566.029578320922,0.03151293098926544,5.4215514461199446,0.005085074245774497,0.0,0.0,0.00099601608235389,0.00099601608235389,0.00099601608235389,0.9960159659385681,0.00099601608235389
497,2.389768111882307,4.779536223764614,-0.02453567640753082,0.00099601608235389,4.3671875,-0.6875,0.6875,6.197213375009596,-33867.61001636048,0.03151293098926544,5.371115048726399,0.0050969568158810334,0.0,0.0,0.00099601608235389,0.00099601608235389,0.00099601608235389,0.9960159659385681,0.00099601608235389
498,2.3899041665026886,4.779808333005377,-0.01910939608810394,0.00099601608235389,4.5625,-0.546875,0.546875,6.346925791993272,-32311.981556409024,0.03151293098926544,5.461408754189809,0.004672621367111181,0.0,0.0,0.00099601608235389,0.00099601608235389,0.00099601608235389,0.9960159659385681,0.00099601608235389
499,2.390097440927277,4.780194881854554,-0.014321929306364044,0.00099601608235389,4.4296875,0.0703125,-0.0703125,6.249706083966885,-35336.41638396194,0.03151293098926544,5.504140079021454,0.003672498899201552,0.0,0.0,0.00099601608235389,0.00099601608235389,0.00099601608235389,0.9960159659385681,0.00099601608235389
500,2.390219412432215,4.78043882486443,-0.015720332032651906,0.00099601608235389,4.296875,-0.015625,0.015625,6.182465583959129,-40345.431164051406,0.03151293098926544,5.379906058311462,0.004450260040660699,0.0,0.0,0.00099601608235389,0.00099601608235389,0.00099601608235389,0.9960159659385681,0.00099601608235389
