iteration,exploitability,nash_conv,actor_loss,average_lambda,mean_episode_length,mean_return_player0,mean_return_player1,wall_time_sec,scheduler_loss,gate_entropy,gate_regret_norm,gate_avg_utility,handoff_frozen_clusters,handoff_missing_clusters,gate_prob_actor,gate_prob_regret,gate_prob_ra,gate_prob_explore,gate_prob_cfr
1,0.4583333275000002,0.9166666550000004,0.0,0.19355557963513492,2.2265625,0.046875,-0.046875,1.9534860830171965,0.00028298675514586076,1.6065817071680437,0.0,0.0,0.0,0.0,0.20896956361176675,0.19355557963513492,0.2236386018364053,0.19110503097375234,0.18273122572062309
2,0.3493225517179396,0.6986451034358792,-1.895324359777905e-05,0.196355279769514,2.234375,0.1796875,-0.1796875,1.9566573750344105,0.0001522567540600935,1.6079057634293616,1.5954709700244925e-09,2.4109744341789416e-12,0.0,0.0,0.20588214830918747,0.196355279769514,0.21702094178099732,0.1935868980167629,0.18715474520113085
3,0.3543132399290375,0.708626479858075,-5.613382815010835e-05,0.19839302601514164,2.234375,0.03125,-0.03125,1.9448622079798952,-0.05731196106261723,1.6087217526835995,0.00874641951789575,-7.209905112752028e-08,0.0,0.0,0.20344381180259732,0.19839302601514164,0.21101795736101123,0.1959985748871223,0.191146637541014
4,0.34459612735018075,0.6891922547003615,-0.00010341084254298196,0.20295976102352142,2.1796875,0.234375,-0.234375,1.874704040994402,-0.05506835011999026,1.6087352460430515,0.021262879784141358,-1.6611452323308147e-06,0.0,0.0,0.2017549366079351,0.20295976102352142,0.20970217851541376,0.19542893334742514,0.19015419798298977
5,0.34955242486919835,0.6991048497383967,-7.179389569344692e-05,0.20760286817532528,2.0546875,0.3125,-0.3125,1.7590504579711705,-0.15735428017553493,1.6086099542139147,0.03406993228903351,-5.172519894625083e-06,0.0,0.0,0.20101863655753915,0.20760286817532528,0.20808452401777638,0.19454777943317428,0.18874619068301676
6,0.34918534390734735,0.6983706878146947,-1.165352352739485e-05,0.21414179752445894,2.2109375,0.2890625,-0.2890625,1.907351166009903,-0.09798578970634474,1.6082122426993435,0.05175290746653142,-1.3319125632923109e-05,0.0,0.0,0.19762423455504563,0.21414179752445894,0.20699524368709052,0.19262537154839654,0.18861336384771568
7,0.3660597857204795,0.732119571440959,-0.00015134882308179203,0.21985063162889887,2.203125,0.1484375,-0.1484375,1.8744928329833783,-0.09625779005784726,1.6076956416698212,0.07123121454302843,-2.3040948974539788e-05,0.0,0.0,0.1951007384357723,0.21985063162889887,0.20544422148390018,0.19025786913244436,0.18934654159114717
8,0.3269744974913804,0.6539489949827608,-0.0001899254884486115,0.2260559071995774,2.296875,-0.03125,0.03125,1.9846617499715649,-0.018480571449360474,1.6068669427819804,0.09525031319693274,-3.937437759198489e-05,0.0,0.0,0.19244668587129943,0.2260559071995774,0.2035912694979687,0.1882076920295248,0.1896984548795791
9,0.3537558998105337,0.7075117996210674,0.00010949823925470608,0.2319266041642741,2.2265625,0.0859375,-0.0859375,1.9243981249746867,-0.22661517113447188,1.6058600664138794,0.11712243510313176,-5.8042404575076034e-05,0.0,0.0,0.1904144096269942,0.2319266041642741,0.2017129140987731,0.18558650194552906,0.1903595774320134
10,0.35268423735525667,0.7053684747105133,-0.00045293292191323143,0.2396781623766229,2.3125,0.0859375,-0.0859375,1.9887148329871707,-0.21867623769149586,1.604181315045099,0.14292760052436884,-8.678542073425888e-05,0.0,0.0,0.1876207706392617,0.2396781623766229,0.19997756268728423,0.18371070342490803,0.1890128035400365
11,0.3208434171256288,0.6416868342512576,0.00013229130202557137,0.24680972216384753,2.1875,0.1875,-0.1875,1.8949438750278205,-0.3185466180622045,1.6023609740393503,0.16225062278681435,-0.00011317994585269275,0.0,0.0,0.18546673149934836,0.24680972216384753,0.19835480371756212,0.1811412203524794,0.18822753189929894
12,0.292243695676468,0.584487391352936,-4.136101219108458e-05,0.25557668270402006,2.1640625,0.0703125,-0.0703125,1.8646376660326496,-0.2747679784867092,1.5997336939353806,0.18797459237976,-0.00015415529227880143,0.0,0.0,0.1827379799706841,0.25557668270402006,0.1964420254480107,0.17877457471100433,0.18646875190605755
13,0.2789795971546334,0.5579591943092668,-4.527134016659658e-05,0.264496276920492,2.1484375,-0.0234375,0.0234375,1.8331177909858525,-0.2834139745682478,1.596597041650252,0.2074656416856063,-0.00018883490591292684,0.0,0.0,0.17995341766964307,0.264496276920492,0.19433898508548736,0.1756696975773031,0.18554163407195698
14,0.28919572142606204,0.5783914428521241,-0.00029706132718665553,0.2749882921734463,2.2109375,-0.0703125,0.0703125,1.8797377920127474,-0.13503957786613766,1.592283186979934,0.23462057951837778,-0.00024346156655496998,0.0,0.0,0.17650807651529885,0.2749882921734463,0.19186180587792143,0.1714732188849904,0.1851686222919727
15,0.2843114537939592,0.5686229075879184,-0.000357956919998808,0.2834093774394166,2.171875,0.25,-0.25,1.8693520000088029,-0.19471294953481114,1.5884047476507777,0.25792376349757734,-0.00029628423316789093,0.0,0.0,0.1736502889677775,0.2834093774394166,0.1896979753062022,0.16819204079161446,0.1850503307881115
16,0.3095184945793549,0.6190369891587097,-0.0003086636047118303,0.2949465492461201,2.2421875,0.0,0.0,1.9294762079953216,-0.20848309981412796,1.582500116334975,0.28802524168107385,-0.00037818864521455,0.0,0.0,0.16969201420450045,0.2949465492461201,0.187050241314991,0.16439148082758076,0.18391972110454213
17,0.29867723210778296,0.5973544642155659,-0.000980004478408715,0.3062514420793447,2.2421875,-0.0703125,0.0703125,1.9362627919763327,-0.2876509414589883,1.5760143380547234,0.32250427325440495,-0.00047794400537674403,0.0,0.0,0.16591015645020515,0.3062514420793447,0.18488994682084392,0.16003012999840313,0.18291833571025304
18,0.29847676682641944,0.5969535336528389,-0.00040107746690381765,0.3191274133872013,2.296875,0.1171875,-0.1171875,1.982260667020455,-0.30563472849982126,1.5679402590608922,0.3538458972470835,-0.0005872867243728782,0.0,0.0,0.16198663342566716,0.3191274133872013,0.18218677825465493,0.15569107650088615,0.1810081064903817
19,0.2974320652679421,0.5948641305358842,-0.0009373462485073931,0.33188485064004597,2.2265625,0.171875,-0.171875,1.8976778750075027,-0.5905649180115576,1.5592935645789432,0.383771086591878,-0.000698514149936121,0.0,0.0,0.15803705385902472,0.33188485064004597,0.17984280915636766,0.15176563430250736,0.1784696625512943
20,0.28566719907880556,0.5713343981576111,-0.0010865522138559212,0.34881573936395477,2.2265625,0.25,-0.25,1.9631671250099316,-0.4705774225261912,1.5465448224753664,0.4169319474603981,-0.0008337257592832733,0.0,0.0,0.15307709260990746,0.34881573936395477,0.1765415889129304,0.14630483629410726,0.17526075845224814
21,0.30905574763993926,0.6181114952798785,-0.0008202199916554558,0.3676861662050368,2.21875,-0.0078125,0.0078125,1.9040192090324126,-0.3822334557870062,1.5309238068654503,0.4527772240010866,-0.000993120155840188,0.0,0.0,0.14758784077327017,0.3676861662050368,0.17293798634913607,0.14039581001434528,0.17139220678470504
22,0.31645862556077875,0.6329172511215575,-0.0006631026162953848,0.3862638254599138,2.1484375,0.15625,-0.15625,1.8380838330485858,-0.5660728127983483,1.5139884021065453,0.48309660955662065,-0.0011300019656630411,0.0,0.0,0.14225763575597242,0.3862638254599138,0.16885918069969524,0.13438169715079396,0.16823767071420495
23,0.283474770849872,0.566949541699744,-0.0009632295375754047,0.4111303599504587,2.1796875,0.0390625,-0.0390625,1.8629935419885442,-0.6637824925871092,1.4888734975596056,0.5186148850577107,-0.001303367243243277,0.0,0.0,0.13527051276630825,0.4111303599504587,0.16377575278923076,0.1271370005223059,0.16268638609558023
24,0.28613694491459185,0.5722738898291837,-0.0016321470952681406,0.43832007206820106,2.234375,0.421875,-0.421875,1.929518790973816,-0.7403510333318915,1.458594475175951,0.5630301947627837,-0.0015471164733185105,0.0,0.0,0.12798160965834465,0.43832007206820106,0.1576914414242431,0.11922784029812246,0.1567790440016693
25,0.30047563504880326,0.6009512700976065,-0.0009765450336721595,0.47079034960594307,2.296875,0.484375,-0.484375,1.963548332976643,-0.540000420399517,1.4183596417206485,0.6144453185067201,-0.0018512611835982777,0.0,0.0,0.11956558092719033,0.47079034960594307,0.1504408639101755,0.10977314845943938,0.14943007511549256
26,0.31934703962952093,0.6386940792590419,-0.0012628262714016892,0.5028226747088236,2.28125,0.3359375,-0.3359375,1.9992746660136618,-0.7646093431075601,1.3744644694132349,0.6661967143882066,-0.0021743628158408987,0.0,0.0,0.11120099107390397,0.5028226747088236,0.14277380518615246,0.10058078652069177,0.1426217514664343
27,0.3269679835815178,0.6539359671630356,-0.0015201614265158824,0.539300204298713,2.1484375,0.1171875,-0.1171875,1.842475250014104,-1.4226556835899298,1.3192987970872359,0.7140100627439097,-0.00250042878193805,0.0,0.0,0.10170965655283494,0.539300204298713,0.1339334350824356,0.09054913447661833,0.1345075822147456
28,0.34271328956390823,0.6854265791278165,-0.0016884067413982585,0.5781860547312071,2.1171875,-0.046875,0.046875,1.8102304579806514,-1.1552509293681856,1.2552732550350063,0.7494925037996533,-0.0027296063140814417,1.0,0.0,0.09223729916384299,0.5781860547312071,0.12414200686440696,0.08041378311345498,0.12502087072582702
29,0.35837543707846786,0.7167508741569357,-0.004727313120406012,0.6140539741864169,2.140625,-0.1015625,0.1015625,1.828809290949721,-1.0793592717845237,1.1644969297773058,0.7781885787844658,-0.002868122597343851,1.0,0.0,0.08099991746627501,0.6140539741864169,0.11170169860668426,0.06898755340898124,0.12425687058019812
30,0.31462403844107967,0.6292480768821593,-0.0014556315815367545,0.6671810836162207,2.0703125,0.1328125,-0.1328125,1.7760719580110162,-1.5324654863760718,1.0851578408817075,0.7823456409281458,-0.0028211607163939334,2.0,1.0,0.07083293587531683,0.6671810836162207,0.10041695658890706,0.05869121409530909,0.1028778185259621
31,0.30169815353100904,0.6033963070620181,-0.0024866847161027646,0.6742169469156686,2.125,-0.2421875,0.2421875,1.8025115830241702,-0.9999667728021878,0.9384999312606669,0.8789389089215547,-0.0033195399004739556,5.0,0.0,0.05754045460044461,0.6742169469156686,0.08334103736149914,0.04626403937992804,0.1386375293299994
32,0.35106038094104264,0.7021207618820853,-0.003850301814752847,0.5324396920554778,2.125,0.3828125,-0.3828125,1.8354824159760028,-1.0059558077739306,0.6543873074885369,0.9051267721224576,-0.0036293130010149484,7.0,1.0,0.038454414701417965,0.5324396920554778,0.056080830940867174,0.029859984136076972,0.34316507913172245
33,0.3604264890245902,0.7208529780491804,-0.0030585528092511647,0.42278866490272626,2.28125,-0.421875,0.421875,1.9776337909861468,-0.6059387133150579,0.4603286164615461,0.9880004586461424,-0.004209049854084283,7.0,1.0,0.025849185029223357,0.42278866490272626,0.03784301262093733,0.019496978037314466,0.4940221735263524
34,0.40411746777116897,0.8082349355423379,-0.0033329409276466803,0.42147996595927645,2.296875,-0.1953125,0.1953125,1.9775140000274405,-0.5786366287989504,0.38296199109061463,1.0652516257144848,-0.004458338564125535,7.0,1.0,0.019958001377732574,0.42147996595927645,0.02992700423006298,0.014554188586771488,0.5140808370775308
35,0.40178359196604824,0.8035671839320965,-0.0020173066418596865,0.35956034279594856,2.0546875,-0.40625,0.40625,1.783433625008911,-1.335376832045937,0.2942047334271624,1.2381720292847604,-0.004919482842888101,8.0,2.0,0.01456056915563549,0.35956034279594856,0.022214487563294603,0.010457843269430413,0.5932067659446268
36,0.3297215116471014,0.6594430232942028,-0.0031910651684650265,0.44707010266403435,2.0234375,-0.109375,0.109375,1.7492220409912989,-0.7417077450047995,0.2959474872297148,1.1728803075172685,-0.004835631206250665,8.0,1.0,0.013433996602375075,0.44707010266403435,0.021001227559615285,0.009237823482876118,0.5092568408884828
37,0.43534844840446796,0.8706968968089359,-0.004657031049133284,0.4886036626559751,2.0078125,0.046875,-0.046875,1.7114215409965254,-0.7772572519672593,0.2515727801878291,1.3154202743433416,-0.005435479813331767,9.0,2.0,0.010316961455785811,0.4886036626559751,0.01665040594797422,0.006787825875882973,0.47764114080294096
38,0.4403052921683206,0.8806105843366412,-0.0031863301732706043,0.38554809821976554,2.109375,-0.015625,0.015625,1.7912934580235742,1.0007282943178089,0.1563980841680476,1.1632250321304634,-0.004457093878752655,9.0,3.0,0.005914238198763794,0.38554809821976554,0.00971686166745645,0.00365358776309424,0.5951672189489559
39,0.4416531725861578,0.8833063451723157,-0.00414626286702237,0.3438490837588346,2.078125,-0.0625,0.0625,1.7669352499651723,1.8221556479042385,0.12015260432242844,1.212389936670661,-0.004626747015410931,9.0,3.0,0.0042396845380054385,0.3438490837588346,0.007058581697957632,0.0025391428927449802,0.6423135000260028
40,0.3655587721001782,0.7311175442003564,-0.00188999207304886,0.3775232775184941,2.1171875,-0.1796875,0.1796875,1.800708915980067,1.6376491358887741,0.12236363501333186,1.2669582185335457,-0.005063066843528456,9.0,3.0,0.004088833005377177,0.3775232775184941,0.006881415689315963,0.002402824091096151,0.6091036425896567
41,0.2737595944155996,0.5475191888311992,-0.0042075172960933035,0.3870843508795126,2.09375,0.03125,-0.03125,1.8108190839993767,0.5577578009901144,0.11716117485951996,1.316612466911061,-0.00506087240784028,9.0,3.0,0.0036983896783594765,0.3870843508795126,0.006330112311572059,0.0021284477969409146,0.600758693743942
42,0.2542488232484166,0.5084976464968332,-0.0027896593041468612,0.4009132427989312,2.0703125,-0.1015625,0.1015625,1.7854449999867938,0.9947975487997404,0.12624533547777042,1.3850736174111564,-0.004953821562884918,9.0,3.0,0.00391674280026049,0.4009132427989312,0.00669815480568499,0.0022501068945341516,0.586221763287794
43,0.20627688896699653,0.41255377793399306,-0.0032281762517513035,0.3325884755867631,2.09375,-0.15625,0.15625,1.780808208975941,1.5381059019455823,0.10731599549090837,1.6531009113416075,-0.006266879729082575,9.0,2.0,0.0032638054612134375,0.3325884755867631,0.005632057945841729,0.0018855385558763102,0.6566301179952475
44,0.15888033751350245,0.3177606750270049,-0.004215596962146527,0.3662252175668798,2.0078125,0.1328125,-0.1328125,1.6988852500217035,2.140766851402976,0.1285568855982205,1.7216438744217157,-0.006179220584454015,9.0,2.0,0.003949854497576734,0.3662252175668798,0.006802129015645396,0.002298936857533884,0.6207238623604237
45,0.1219859295027031,0.2439718590054062,-0.0016482242892117453,0.3426294843807365,2.0625,-0.125,0.125,1.745315500011202,3.2475048315607253,0.13369707206140816,1.6427624916065147,-0.005918715142136286,9.0,1.0,0.004202907790331114,0.3426294843807365,0.00722853372677822,0.0024892604013792043,0.6434498150677731
46,0.15739719393832213,0.31479438787664427,-0.0005135937274807689,0.3595293436665088,2,-0.171875,0.171875,1.6856231670244597,3.9235523879870016,0.15879296862893488,1.681701914096872,-0.0049486861567452755,9.0,3.0,0.005126110878336476,0.3595293436665088,0.00882844443549402,0.0031146115725277923,0.6234014965375536
47,0.18211900998351704,0.3642380199670341,0.00026546620807599985,0.32504576188512146,2,0.109375,-0.109375,1.7046599159948528,3.555309672860176,0.1670821472050874,1.511715604406264,-0.003296622783333684,9.0,3.0,0.005638657639792655,0.32504576188512146,0.009687781901448034,0.003558825221261941,0.6560689698380884
48,0.33594520488249086,0.6718904097649817,-0.00042584237862460726,0.3186401657132439,2.1328125,0.1484375,-0.1484375,1.812144958996214,2.468156075511032,0.1862418468121462,1.4344516902188347,-0.004034390830631971,9.0,1.0,0.006540577101347211,0.3186401657132439,0.011317201388569979,0.004316340234717388,0.6591857198912364
49,0.26872915336279146,0.5374583067255829,6.61802461696151e-05,0.34890588230759134,2.046875,0.1328125,-0.1328125,1.7264262909884565,2.108146412688208,0.2415194153321675,1.3642050841823221,-0.0030764633331273215,9.0,2.0,0.009071143624863325,0.34890588230759134,0.015560407831354905,0.0062525973918328755,0.6202099649164513
50,0.3607762696686314,0.7215525393372628,0.0005091718138900635,0.32522823656046834,2.109375,0.046875,-0.046875,1.862954709038604,-0.02949903122002811,0.27405421844043293,1.2954543130472302,-0.003070487090305753,9.0,1.0,0.011182331921601738,0.32522823656046834,0.018793999886623135,0.008087149138251941,0.6367082764705022
51,0.3546656213730133,0.7093312427460265,-0.0008940081030497241,0.2930620825158714,2.1171875,0.2265625,-0.2265625,1.7953991669928655,1.5938951959507024,0.28249862644650114,1.388352812775834,-0.0032645474371251607,9.0,1.0,0.01220316622007597,0.2930620825158714,0.020439872250125855,0.009238287270399038,0.6650565956681417
52,0.3146109888331008,0.6292219776662016,-0.0003914250165934589,0.3007858088657038,2.09375,0.0625,-0.0625,1.7761418750160374,0.8400232660863896,0.33751502402447014,1.466330470136282,-0.0034330879518827055,9.0,1.0,0.015506998635828495,0.3007858088657038,0.025631093114280877,0.012259006611446835,0.6458170941071724
53,0.2964980821630001,0.5929961643260002,0.0003908370916573889,0.2826086028238361,2.0859375,0.2421875,-0.2421875,1.777420332946349,0.5790483117040791,0.3659419575861126,1.510182957609438,-0.003442504963872621,9.0,1.0,0.017948550245400225,0.2826086028238361,0.029370387618461353,0.014800743461492356,0.6552717248431306
54,0.27168372480635516,0.5433674496127103,0.0007304946295727722,0.2535190318805584,2.15625,0.1875,-0.1875,1.8503630830091424,1.1926262262699099,0.3710223164969222,1.7510434348174992,-0.00514864014022957,9.0,0.0,0.019064302677693573,0.2535190318805584,0.03095264840817106,0.016343243690072628,0.6801207799032547
55,0.26728879927415905,0.5345775985483181,-0.000150496421185174,0.1748078005355701,2.2265625,0.328125,-0.328125,1.8944143339758739,0.5676060991631331,0.2999952260396464,1.8362111525105622,-0.0050560039017000236,9.0,0.0,0.016568453047882046,0.1748078005355701,0.02618259790173748,0.014627883073530698,0.767813273689203
56,0.23029115211776285,0.4605823042355257,-0.0022595536596957456,0.2294407476531504,2.2421875,0.15625,-0.15625,1.9267992920358665,1.1063644247119824,0.4368830294442459,1.9065589442422304,-0.005068772329347364,9.0,0.0,0.02505973678484611,0.2294407476531504,0.03954343258919201,0.022982928486547403,0.6829731554208317
57,0.274438114119668,0.548876228239336,-0.0009352014426700901,0.2002505037906396,2.140625,0.4609375,-0.4609375,1.8113684579730034,0.8607037593270686,0.4302507057637773,1.9413218749687076,-0.005089786311752202,9.0,0.0,0.026133447831129506,0.2002505037906396,0.040563174081544806,0.024678857058939272,0.7083740219691373
58,0.2673484267465269,0.5346968534930538,-0.0010863486918974606,0.18557808583952845,2.1171875,0.015625,-0.015625,1.7956265829852782,1.028163867816157,0.43915993190380614,1.9718665740995978,-0.005220919668772694,9.0,0.0,0.027838526121804635,0.18557808583952845,0.04268899614960505,0.027084777248521572,0.7168096138432457
59,0.26500302530066944,0.5300060506013389,-0.0006092921117425113,0.1540709504714379,2.03125,-0.28125,0.28125,1.7336217910051346,0.2554532364834673,0.4038811710861086,1.8862676367163658,-0.0034602055791765453,9.0,2.0,0.026945334386367065,0.1540709504714379,0.040386226372076915,0.026812180475546763,0.7517853124210467
60,0.2631755336451031,0.5263510672902062,-0.0010866083935116991,0.14950164201167915,2.03125,0.21875,-0.21875,1.7301645830157213,1.0110589784140198,0.4271185533688105,1.7298667069355196,-0.0032423145403299714,9.0,1.0,0.029917935110055482,0.14950164201167915,0.04420993270782324,0.03061666405544831,0.7457538322187387
61,0.25040049584829344,0.5008009916965869,-0.0005887504263326139,0.14332832200696852,2.0859375,-0.078125,0.078125,1.7623288750182837,1.10305813093729,0.4348906231625976,2.0212935026890286,-0.005518399118955131,9.0,0.0,0.031351178800791836,0.14332832200696852,0.0463673078388757,0.03321022755197818,0.7457429670104373
62,0.2531045061049685,0.506209012209937,-0.0013267607179333744,0.1591117016803053,2.078125,0.1796875,-0.1796875,1.7820798750035465,0.37505522845453,0.5380236163177117,1.768857787955891,-0.0035066033094401723,9.0,1.0,0.041461271955106495,0.1591117016803053,0.0594486983534985,0.04444504487223195,0.6955332810941496
63,0.19154279009228858,0.38308558018457717,-0.0019957778988321526,0.15398891287158198,2.0546875,0.21875,-0.21875,1.7756939579849131,0.19440250363583347,0.552131251625944,1.7879158344797113,-0.0036014396060967224,9.0,1.0,0.043766887922250725,0.15398891287158198,0.062024756189534874,0.047564229102869,0.69265520300702
64,0.150360758182072,0.300721516364144,-0.0013465644819764034,0.14343578199093993,2.0625,0.1328125,-0.1328125,1.754967916989699,0.33516606238007435,0.5461948908641613,1.9901905067265033,-0.004088970318844076,9.0,2.0,0.04467036775454427,0.14343578199093993,0.0629124737372904,0.04928000240276257,0.6997013848387834
65,0.21571879788736895,0.4314375957747379,-0.0003094409965546461,0.14235310126166834,2.0546875,0.1796875,-0.1796875,1.7801254160003737,0.26020759593397946,0.564260351729286,1.8233786745166236,-0.0038733406459372914,9.0,1.0,0.046977471489416785,0.14235310126166834,0.06590654516854667,0.05240197071784349,0.6923609232041319
66,0.23094803756072907,0.46189607512145814,-0.0006118507632588832,0.15900987870856742,2.1640625,0.15625,-0.15625,1.8452255830052309,0.1642299447383476,0.6486610857467077,1.8518136197870427,-0.004157465500942304,9.0,1.0,0.05457032111470019,0.15900987870856742,0.07692488065049967,0.062236943776426766,0.6472579845990515
67,0.2607914372230641,0.5215828744461282,-0.00021291126161887767,0.11116015573922736,2.140625,0.25,-0.25,1.8192135840072297,-0.16206442384919437,0.4698252605615033,1.8809574212540279,-0.004430612729431066,9.0,1.0,0.040415526904763965,0.11116015573922736,0.05622189562686168,0.04631505699923439,0.7458873519497197
68,0.24743370530429354,0.4948674106085871,-0.0011189387936208623,0.12325789534697568,2.140625,0.1484375,-0.1484375,1.869350208027754,-0.2855918585445161,0.5334682923124363,1.9171155281364918,-0.005080749351587987,9.0,1.0,0.046470055397409595,0.12325789534697568,0.06469763271564985,0.05404205516959629,0.7115323588687138
69,0.3187551062773081,0.6375102125546162,-0.002229259183462955,0.11138323125364155,2.1171875,0.34375,-0.34375,1.8344594579539262,-0.2377028139342461,0.48944129648097,1.9506900987841866,-0.005563417885572231,9.0,1.0,0.04303943879929856,0.11138323125364155,0.05992965438709048,0.05042094135196447,0.7352267331632741
70,0.3221322965727084,0.6442645931454168,9.68968326690099e-05,0.10691169665442954,2.171875,-0.09375,0.09375,1.8548042919719592,-0.20109190162030055,0.46537009036166077,2.284346590129038,-0.008096931198527576,9.0,0.0,0.04070101061956488,0.10691169665442954,0.056697221754266204,0.0475802869140673,0.7481097856657111
71,0.27549889947563666,0.5509977989512733,-0.0023534618925382185,0.1063949914412065,2.1484375,0.1796875,-0.1796875,1.8578988329973072,-0.042084478485313326,0.4650892351945301,2.3442051289021038,-0.00830607875362451,9.0,0.0,0.04076064120639454,0.1063949914412065,0.05723253618587147,0.04796457919207486,0.7476472606442192
72,0.30911174236031325,0.6182234847206265,-0.0019050968886002888,0.11001157010201927,2.171875,0.171875,-0.171875,1.8586081659886986,0.3166695355451096,0.4758636337147116,2.4097830489627086,-0.00857368832718445,9.0,0.0,0.041413939792475256,0.11001157010201927,0.05873225581088512,0.04892320662951298,0.7409190330252373
73,0.3294896255006077,0.6589792510012153,0.0006823803256326666,0.10284208303148096,2.234375,0.1953125,-0.1953125,1.902562916977331,0.5378793243195054,0.4402459109224666,2.488781326256382,-0.009017364686845516,9.0,0.0,0.03804250592952008,0.10284208303148096,0.05450642760191764,0.04506711958796828,0.7595418678609641
74,0.32866156797352974,0.6573231359470595,0.00022906847690132992,0.11767342654722078,2.1875,0.203125,-0.203125,1.8658409170457162,0.40087784239024454,0.5045898207679508,2.5366659486414087,-0.009384864311262694,9.0,0.0,0.04370653405785561,0.11767342654722078,0.0629324087607009,0.05161634486700807,0.7240712907697473
75,0.3770074936837884,0.7540149873675768,-0.0021082996812097216,0.1047725929745606,2.1875,0.015625,-0.015625,1.9034517499967478,0.45039695658321893,0.44320862591693727,2.587080353909793,-0.009841337348916568,9.0,0.0,0.03797202472175871,0.1047725929745606,0.05529877793576036,0.044901266853724205,0.7570553349597113
76,0.38203110908331817,0.7640622181666363,-0.0004495373198387306,0.1008302843649918,2.3515625,0.234375,-0.234375,2.0285928339581005,-0.323764417911462,0.4276823907465715,2.621064662661714,-0.00994806475949872,9.0,0.0,0.036758853995126746,0.1008302843649918,0.0537778333176014,0.04331529482060493,0.7653177406304699
77,0.38302109843079085,0.7660421968615817,-0.002572566547984304,0.10429674158493678,2.34375,0.34375,-0.34375,2.018019250012003,-0.4683255312001954,0.43871343323562767,2.6520172165085873,-0.010059193900114375,9.0,0.0,0.03762523944179217,0.10429674158493678,0.055244233508904776,0.04395050222675006,0.7588832846283913
78,0.38408722724153144,0.7681744544830629,-0.000865520595980083,0.10569104235433661,2.3515625,0.1640625,-0.1640625,2.051389875006862,-0.6027005253502004,0.4356455620362159,2.684829368527668,-0.010232605477540346,9.0,0.0,0.036870399261035795,0.10569104235433661,0.054957219532557895,0.04308840538378174,0.759392930275182
79,0.39699856968482095,0.7939971393696419,-0.0018256891075805796,0.09781100081377908,2.375,0.3203125,-0.3203125,2.027148208988365,-0.5159698459472949,0.39462730904741505,2.6994169837562367,-0.010217096600172226,9.0,0.0,0.03305464747704958,0.09781100081377908,0.05003036940960508,0.03857381779112314,0.7805301720080408
80,0.3982302608231192,0.7964605216462384,-0.0016757201099195306,0.11853006532296588,2.3203125,0.1875,-0.1875,2.0046506250509992,-0.4638397106461804,0.4622478875554837,2.7031360105999434,-0.01016333160744883,9.0,0.0,0.03809010232438142,0.11853006532296588,0.05856605621700736,0.044160375290045434,0.7406534176783931
81,0.38430125080152955,0.7686025016030591,-0.0017474240762264143,0.10279111515142415,2.375,0.1953125,-0.1953125,2.0334579999907874,-0.5844199172815455,0.3774041616119718,2.657501731223116,-0.009717913729398711,9.0,0.0,0.03014722650282477,0.10279111515142415,0.04697107636418782,0.03431269046115248,0.7857778985543471
82,0.39512467751429514,0.7902493550285903,-0.0015988428780332653,0.13805231072685936,2.1484375,0.28125,-0.28125,1.8267600419931114,-0.6810983164540746,0.48889978898469216,2.0439506223933264,-0.0068219335335015785,9.0,1.0,0.038477413329211146,0.13805231072685936,0.06118061119859869,0.0431703473221172,0.7191193168813532
83,0.3960890822455795,0.792178164491159,-0.001292966404548369,0.14112716752995727,2.1796875,0.140625,-0.140625,1.8791304999613203,-0.4721698928607701,0.4689246100766182,1.9984901896254583,-0.006459184204438564,9.0,1.0,0.035523382593013055,0.14112716752995727,0.05855718890612271,0.039596242796776544,0.7251960222866373
84,0.39715076995191523,0.7943015399038305,-0.001193481175904247,0.15758177104749177,2.2265625,0.1640625,-0.1640625,1.907543832960073,-0.5716658397888144,0.48384479682467585,1.984557381746444,-0.0061530897837656084,9.0,1.0,0.0349957475536748,0.15758177104749177,0.05953728457291921,0.03813167237921765,0.7097535239499911
85,0.39828536417930904,0.7965707283586181,-0.002857259543827589,0.16309259623497516,2.234375,0.0625,-0.0625,1.8992318750242703,-0.5428734183819457,0.45939255534451834,1.981625928797505,-0.0057715647820838385,9.0,1.0,0.03149324918647746,0.16309259623497516,0.05566699688251202,0.03356646324371124,0.7161807099526579
86,0.39957738598233494,0.7991547719646699,-0.0006713851470953149,0.1645873884721236,2.1484375,-0.0234375,0.0234375,1.8627560419845395,-0.689718348057094,0.4236889427443103,1.9838659549978646,-0.00583553465813483,9.0,1.0,0.027537618712945418,0.1645873884721236,0.050170127641070976,0.02839101406660947,0.7293138494816693
87,0.4008187496403448,0.8016374992806896,-0.0018155588645982492,0.1847952411329146,2.171875,0.0,0.0,1.9258297920459881,-0.7273438988829688,0.43051159959759755,1.9962291957979852,-0.005869266897868577,9.0,1.0,0.026340956819786442,0.1847952411329146,0.04959573966564892,0.02619025917897979,0.7130778095812249
88,0.40206924276594413,0.8041384855318883,-0.0019395005043667875,0.18849730642809384,2.15625,0.1875,-0.1875,1.8436530840117484,-0.6187139528253507,0.3966566470388798,2.0122849924320523,-0.005888655622997744,9.0,1.0,0.02277650740807471,0.18849730642809384,0.04460356746246849,0.021860961680826935,0.7222616523504257
89,0.40345434486389764,0.8069086897277953,-0.0018589209845372903,0.18001798680727032,2.15625,0.3203125,-0.3203125,1.8517754169879481,-1.2142520454177377,0.34493126786541767,2.0366870391775262,-0.0062422530212312595,9.0,1.0,0.018639798883510673,0.18001798680727032,0.03803716967071312,0.017271069013446137,0.7460339770422898
90,0.4048449371947398,0.8096898743894796,-0.002965255539118399,0.22701982664210454,2.1875,-0.0078125,0.0078125,1.878366749966517,-0.8056144609365479,0.3776715977339884,2.0615649169141594,-0.006470380060735889,9.0,1.0,0.018544035657708135,0.22701982664210454,0.04012461035911526,0.016517738252878188,0.6977938033640385
91,0.4061440681251703,0.8122881362503406,-0.0010786404079811752,0.24276957987042083,2.1953125,0.03125,-0.03125,1.8856446669669822,-0.6440830861766793,0.35821165560564444,2.085220057347959,-0.006610747743190421,9.0,1.0,0.016228399110222204,0.24276957987042083,0.03730030360489129,0.013960066427115444,0.6897416616727025
92,0.4376334434397996,0.8752668868795992,-0.0034545703841267063,0.23877425805229102,2.1171875,0.0078125,-0.0078125,1.8428428750485182,-1.1825667154116941,0.3043195391641762,2.112755712460388,-0.006910377155608413,9.0,1.0,0.012393121184898038,0.23877425805229102,0.030028155726480307,0.010093084801112154,0.7087113922152573
93,0.43676583823830295,0.8735316764766059,-0.0009235067590929028,0.21969724320210388,2.2578125,0.046875,-0.046875,1.9405640000477433,-1.0666910760546955,0.2386880563521122,2.716469494315485,-0.009921281921075812,9.0,0.0,0.00862562470782587,0.21969724320210388,0.022443476432747494,0.006691241424182707,0.7425424138464317
94,0.4390749842932764,0.8781499685865528,-0.002522822794110881,0.21899057026595287,2.28125,0.1640625,-0.1640625,1.9727940000011586,-1.1084437991870402,0.20225062491242438,2.7548546825225153,-0.009990381859097397,9.0,0.0,0.006468271728196781,0.21899057026595287,0.018035596721384623,0.0047337416661520524,0.751771824485431
95,0.3967507623657387,0.7935015247314774,-0.0016708625390596096,0.20964759547555814,2.2890625,0.421875,-0.421875,1.9873931250185706,-0.9345949891837053,0.16406030159726093,2.789280609538158,-0.01040737497532973,10.0,0.0,0.004618264973138176,0.20964759547555814,0.013786499576051894,0.0031643085842856774,0.7687833338670763
96,0.43631265901288596,0.8726253180257719,-0.0018550710874877597,0.17952442529217508,2.328125,0.0390625,-0.0390625,2.045641084027011,-1.1316634495365636,0.1142552059790289,2.826525538228452,-0.010745344264554054,10.0,0.0,0.0027055992938628134,0.17952442529217508,0.008877765049770375,0.0017513392615013275,0.8071408723574757
97,0.44782698271433313,0.8956539654286663,-0.0008338925866482652,0.22981261125036107,2.453125,0.015625,-0.015625,2.127634125004988,0.8392683080997975,0.11810018213786115,2.867788689211011,-0.010875032490730518,10.0,0.0,0.002338857357360565,0.22981261125036107,0.008486433547868091,0.0014088693902394765,0.7579532246443497
98,0.44939477683664647,0.8987895536732929,-0.0004743882484199512,0.157750083159094,2.28125,0.546875,-0.546875,2.0003217079793103,-1.734067293596139,0.07211668957183577,2.8814576296135783,-0.011551231746125268,10.0,0.0,0.0012396017746515062,0.157750083159094,0.004724929798139285,0.0006948888783457957,0.8355905021961829
99,0.4510903103296067,0.9021806206592135,-0.0015462162676488068,0.2128894881806159,2.2578125,0.15625,-0.15625,1.9526595830102451,-2.1681620164155624,0.08313205608116928,2.892816917349895,-0.012122656322996287,10.0,0.0,0.0012081855824249426,0.2128894881806159,0.005006071457246183,0.0006340750352927455,0.7802621865561264
100,0.4555030924458296,0.9110061848916592,-0.0020890126676668176,0.1484003604666607,2.3125,0.4296875,-0.4296875,1.9899386250181124,-1.0382021123154412,0.04750333215247069,2.9108678555736938,-0.012229501341304664,11.0,0.0,0.0005791753395208838,0.1484003604666607,0.002680240516752206,0.0002852763687228985,0.848054949685025
101,0.4566479673901823,0.9132959347803646,-0.0008234819449980728,0.016583730254256933,2.2265625,0.1796875,-0.1796875,1.9498553340090439,-0.2577481564041431,0.004573475129721996,2.948508983167509,-0.01219633627715666,11.0,0.0,5.08111950598265e-05,0.016583730254256933,0.0002651739734829518,2.3907242473541645e-05,0.983076377330642
102,0.45696929402317454,0.9139385880463491,-0.0024472288911377973,0.016261671676116737,2.296875,0.2578125,-0.2578125,2.0053798330482095,-0.6921123034492227,0.003689453024432645,3.2145107998089357,-0.013276963204604768,11.0,1.0,3.357488364234668e-05,0.016261671676116737,0.0001950289730970957,1.7004401967892435e-05,0.9834927210749007
103,0.4580643408034211,0.9161286816068422,-0.0023546101337381495,0.030571506686613594,2.21875,-0.0546875,0.0546875,1.8984415829763748,-1.1371854458134998,0.005762181551778241,3.2282890303229745,-0.013151671458052244,11.0,1.0,4.19291424971651e-05,0.030571506686613594,0.00027327884880589765,3.167527111273416e-05,0.969081609195072
104,0.45811845336235973,0.9162369067247195,-0.0007995098887044635,0.027364104566439777,2.21875,0.09375,-0.09375,1.9069649580051191,-1.170669295251365,0.004312349853197266,3.232287183657966,-0.01314677374896498,11.0,1.0,2.8146181622861137e-05,0.027364104566439777,0.00018061970321225449,2.8146181622861137e-05,0.9723989829211168
105,0.4164938205788519,0.8329876411577039,-0.0009892531708086717,0.04232785900433858,2.34375,0.5625,-0.5625,2.039749749994371,-1.432066236816075,0.005617520584291545,3.240903624079444,-0.013173711630357006,11.0,1.0,4.327883284228543e-05,0.04232785900433858,0.0002020584853986899,4.327883284228543e-05,0.9573835205969711
106,0.4165228315116032,0.8330456630232064,-0.002519721249117804,0.06585824809618444,2.328125,0.140625,-0.140625,2.000686958024744,-0.7509072829492188,0.0073177395672891846,2.965993713354692,-0.011368254069263154,11.0,0.0,6.701013592115585e-05,0.06585824809618444,0.00022135676516082462,6.701013592115585e-05,0.933786373835482
107,0.3753985290665491,0.7507970581330982,-0.0033296106561537036,0.0724550768683188,2.3359375,0.328125,-0.328125,2.0317062080139294,-1.128077537095029,0.006807890175384218,2.9531141949507096,-0.010942635635728948,11.0,0.0,7.345165549637282e-05,0.0724550768683188,0.00017315088880301318,7.345165549637282e-05,0.9272248676127713
108,0.37502320322756677,0.7500464064551335,-0.0025351108570199465,0.07517235790569476,2.2578125,0.25,-0.25,1.9730376250226982,-2.6784746981774425,0.0059914101428091135,2.3879636654799636,-0.007244821096140764,11.0,1.0,7.598487834307562e-05,0.07517235790569476,0.0001264543886454357,7.598487834307562e-05,0.924549213704044
109,0.41635964747620596,0.8327192949524119,-0.0015517692361794728,0.024754947423934935,2.1875,0.1953125,-0.1953125,1.8789898339891806,-3.3785955364510105,0.0016146907426190182,2.806542877935701,-0.010356943614573942,11.0,3.0,2.495226508472115e-05,0.024754947423934935,2.6906188577413558e-05,2.495226508472115e-05,0.975168242061045
110,0.41641887016228246,0.8328377403245649,-0.0020172281172802344,0.04475601454426471,2.078125,0.2890625,-0.2890625,1.781511082954239,-3.1046384865779633,0.0024677228042743367,2.8513104634152517,-0.01066570459321762,11.0,3.0,4.500881908811573e-05,0.04475601454426471,4.500881908811573e-05,4.500881908811573e-05,0.9551089545501802
111,0.4164626292843237,0.8329252585686474,-0.005207778030197253,0.04765907732762974,2.1171875,0.4765625,-0.4765625,1.8127153749810532,-2.457681970024944,0.0022522709791390908,2.8082661289307804,-0.010183450371389173,11.0,3.0,4.784531102642912e-05,0.04765907732762974,4.784531102642912e-05,4.784531102642912e-05,0.9521973824894874
112,0.4164876985766308,0.8329753971532616,-0.001814694623938318,0.06027602065693249,2.0625,0.0234375,-0.0234375,1.7628474999801256,0.7463699164947553,0.002476644279750651,2.800284266471863,-0.009784647660530431,11.0,3.0,6.043700727097916e-05,0.06027602065693249,6.043700727097916e-05,6.043700727097916e-05,0.9395426662046124
113,0.41650372642667677,0.8330074528533535,-0.0014637355354509265,0.03329502827172829,2.1015625,0.21875,-0.21875,1.8143016250105575,0.3601473028685637,0.0012449242499382625,2.8305951381723085,-0.009834490865210278,11.0,3.0,3.336115089352468e-05,0.03329502827172829,3.336115089352468e-05,3.336115089352468e-05,0.9666048851830116
114,0.4998472121893308,0.9996944243786616,-0.003934133881440112,0.06245032667673822,2.1171875,-0.125,0.125,1.8248956660390832,0.11786248153971529,0.002180974116757798,2.8837646088666387,-0.01014007611795225,11.0,3.0,6.254770959696537e-05,0.06245032667673822,6.254770959696537e-05,6.254770959696537e-05,0.9373620221905953
115,0.4998512462527356,0.9997024925054712,-0.004338873790393646,0.09991014482185594,2.3359375,-0.21875,0.21875,1.979581749998033,4.5700951722886405,0.0033294180970036553,2.546004106375304,-0.007619356096256524,11.0,1.0,0.00010003947441070574,0.09991014482185594,0.00010003947441070574,0.00010003947441070574,0.8997897309614002
116,0.49985025573031117,0.9997005114606223,-0.0035303594546787754,0.09682005064355002,2.25,0.015625,-0.015625,1.9611954590072855,2.4134583402782175,0.003165799730470869,2.5809737091714684,-0.007583173245868899,11.0,1.0,9.693535685073584e-05,0.09682005064355002,9.693535685073584e-05,9.693535685073584e-05,0.9028891362233682
117,0.49960176040735904,0.9992035208147181,-0.0025302200841593736,0.116533876733577,2.203125,0.1484375,-0.1484375,1.900038166961167,2.285703067287462,0.0038328322806376763,2.6086294640871612,-0.007497427604076537,11.0,1.0,0.00011667559676347895,0.116533876733577,0.00011667559676347895,0.00011667559676347895,0.883116087948091
118,0.4916964123952514,0.9833928247905028,-0.003578844792735916,0.07842760318762636,2.28125,0.0625,-0.0625,1.9665997089468874,0.2546824438943703,0.002656657014757404,2.6364143829454076,-0.007391518124760213,11.0,1.0,7.853455592763343e-05,0.07842760318762636,7.853455592763343e-05,7.853455592763343e-05,0.9213367872484737
119,0.47251789161024665,0.9450357832204933,-0.0010332853042142997,0.0879439627323892,2.2109375,0.3359375,-0.3359375,1.9045421250048093,0.387157506030418,0.003074484452288377,2.641242338852449,-0.00709638600660996,11.0,1.0,8.807857784149714e-05,0.0879439627323892,8.807857784149714e-05,8.807857784149714e-05,0.9117917921858948
120,0.41656660420447855,0.8331332084089571,-0.0023888767276849313,0.1239860602316147,2.2578125,0.1640625,-0.1640625,1.9796901249792427,1.1051015818571224,0.0044900726618643414,2.642682957378301,-0.006731583855898035,11.0,1.0,0.00012420035840679205,0.1239860602316147,0.00012420035840679205,0.00012420035840679205,0.8756413163027523
121,0.4165668051448129,0.8331336102896258,-0.00017818035094166123,0.05611295202620944,2.078125,0.2109375,-0.2109375,1.79188149998663,-3.6623953783117447,0.0021266057811456626,2.9454097182800374,-0.009146016134764068,11.0,3.0,5.622514737139743e-05,0.05611295202620944,5.622514737139743e-05,5.622514737139743e-05,0.9437183648443263
122,0.4167785598645004,0.8335571197290008,-0.0008362647793214285,0.03698624642808198,2.1015625,0.109375,-0.109375,1.8196761250146665,-3.884403102266069,0.0014344079032829215,2.9605813837713666,-0.008765416980067029,11.0,3.0,3.706542671169933e-05,0.03698624642808198,3.706542671169933e-05,3.706542671169933e-05,0.9629025551019631
123,0.41648535453399016,0.8329707090679803,-0.0041553801335413535,0.0,2.1484375,0.1171875,-0.1171875,1.8787169590359554,-5.268093762263684,7.368272463281755e-07,2.9509460636311107,-0.00823900358874299,11.0,3.0,0.0,0.0,0.0,0.0,1.0
124,0.41648977500874185,0.8329795500174837,5.272824701316616e-05,0.02393575755181591,2.2734375,0.0390625,-0.0390625,1.9583330409950577,-0.5496822378805414,0.0009114926049598792,2.711098044433377,-0.007126852563074367,11.0,1.0,2.3983938609893175e-05,0.02393575755181591,2.3983938609893175e-05,2.3983938609893175e-05,0.9759922888485196
125,0.41649105063833514,0.8329821012766703,-0.003072423082894506,0.04103688358031597,2.2734375,0.0390625,-0.0390625,1.9606652079964988,0.519687520296952,0.0015360414414169671,2.7017683881250294,-0.009015940476357091,11.0,1.0,4.11150400939676e-05,0.04103688358031597,4.11150400939676e-05,4.11150400939676e-05,0.9588397683614155
126,0.45815779382915284,0.9163155876583057,-0.002085303815113421,0.02707944597516741,2.296875,-0.0078125,0.0078125,1.9817720000282861,-0.3404109599201836,0.0010095076508712143,2.7596052905375306,-0.00997087517382831,11.0,1.0,2.7130231210569136e-05,0.02707944597516741,2.7130231210569136e-05,2.7130231210569136e-05,0.972839159881506
127,0.45816171385155463,0.9163234277031093,-0.0010509533537716804,0.0,2.1875,-0.21875,0.21875,1.8820057080010884,-3.1157498334915608,7.368272463281755e-07,3.131533418264654,-0.012333991613963412,11.0,3.0,0.0,0.0,0.0,0.0,1.0
128,0.4581663719176809,0.9163327438353618,-0.002854582353940511,0.0,2.171875,0.0703125,-0.0703125,1.8905688329832628,-1.608555624025492,7.368272463281755e-07,3.2269780983527503,-0.012340211497050606,11.0,3.0,0.0,0.0,0.0,0.0,1.0
129,0.45816970128482915,0.9163394025696583,-0.001135005854917524,0.0,2.171875,0.1484375,-0.1484375,1.8612948330119252,-0.5517554220644509,7.368272463281755e-07,3.2935708661874137,-0.012347289121761505,11.0,3.0,0.0,0.0,0.0,0.0,1.0
130,0.45817410249130747,0.9163482049826149,-0.0006098393646712465,0.0,2.1640625,0.015625,-0.015625,1.8535195000004023,-1.9185146042339771,7.368272463281755e-07,3.2519827170504465,-0.011602948406814702,11.0,3.0,0.0,0.0,0.0,0.0,1.0
131,0.4165145745958685,0.833029149191737,0.0003096721016763303,0.0,2.140625,0.15625,-0.15625,1.883082333020866,-7.308780917312597,7.368272463281755e-07,3.2125552114513187,-0.010735769417402076,11.0,3.0,0.0,0.0,0.0,0.0,1.0
132,0.4165229914196396,0.8330459828392792,-0.0015398056511058825,0.02437032790450783,2.234375,0.4765625,-0.4765625,1.9573547909967601,-4.853616003313349,0.0008239956789610075,2.9116487008604137,-0.008033462413798341,11.0,1.0,2.440246891790441e-05,0.02437032790450783,2.440246891790441e-05,2.440246891790441e-05,0.9755564611270808
133,0.45823611383709223,0.9164722276741845,-0.0011065268297226654,0.02682556608309248,2.3203125,0.28125,-0.28125,1.9939308339962736,-6.026214992322315,0.0008710979195057282,2.9383881498466837,-0.007850719602588057,11.0,1.0,2.6855564453585783e-05,0.02682556608309248,2.6855564453585783e-05,2.6855564453585783e-05,0.9730938645017017
134,0.45713582094031335,0.9142716418806267,-0.004464622250202892,0.07610724990154026,2.3515625,0.015625,-0.015625,2.0083504999638535,-0.890770400235201,0.002410553974654358,2.9646344198422,-0.007890833316857672,11.0,1.0,7.617635694193186e-05,0.07610724990154026,7.617635694193186e-05,7.617635694193186e-05,0.9236642162240516
135,0.4928214492010756,0.9856428984021512,-0.0024883405584699638,0.0877841848438069,2.3046875,-0.15625,0.15625,1.9714862090186216,1.9946398235602674,0.0027798885720774365,2.987872278148478,-0.007913312959400091,11.0,1.0,8.784932384299019e-05,0.0877841848438069,8.784932384299019e-05,8.784932384299019e-05,0.911952256103504
136,0.4892686874263962,0.9785373748527924,-0.001705102215636495,0.08724202900907418,2.140625,-0.1484375,0.1484375,1.8354800830129534,0.6801008495464418,0.002762530510762004,2.156792780591382,-0.0063093302047087085,11.0,3.0,8.729968328763099e-05,0.08724202900907418,8.729968328763099e-05,8.729968328763099e-05,0.9124960588073753
137,0.48788243874194004,0.9757648774838801,-0.000935891494715628,0.08924851280814003,2.1796875,-0.078125,0.078125,1.877413209003862,0.05199648456582786,0.0028259376418005287,2.1822703455885253,-0.006331113826793929,11.0,3.0,8.930367464366566e-05,0.08924851280814003,8.930367464366566e-05,8.930367464366566e-05,0.9104835689076186
138,0.44826113131627665,0.8965222626325533,-0.0025413015586484284,0.07114382301058088,2.1875,-0.4609375,0.4609375,1.8575960000162013,0.106999751149611,0.0022527730564060483,2.0942770780788527,-0.005169270152691752,11.0,3.0,7.118592371365853e-05,0.07114382301058088,7.118592371365853e-05,7.118592371365853e-05,0.9286426144951422
139,0.4946666219470295,0.989333243894059,-0.0016842331842011422,0.06616873049235844,2.234375,0.0625,-0.0625,1.9303936249925755,-5.471590323474699,0.00209529369755523,2.0800462745957904,-0.003947661310020421,11.0,3.0,6.620812684076128e-05,0.06616873049235844,6.620812684076128e-05,6.620812684076128e-05,0.9336326416932743
140,0.49986282754556094,0.9997256550911219,-0.0009511898113401071,0.05773992123811141,2.15625,0.1640625,-0.1640625,1.8539751250064,-4.38713215680017,0.001828412235769078,2.1278554929627314,-0.003202851745299995,11.0,3.0,5.777166697426119e-05,0.05773992123811141,5.777166697426119e-05,5.777166697426119e-05,0.9420867571742206
141,0.41652968926148276,0.8330593785229655,-0.0022785611151182592,0.1408835506360782,2.375,0.0390625,-0.0390625,2.0320535830105655,8.607434898311464,0.004459976014431196,2.431581073999405,-0.0004369895556010306,11.0,2.0,0.00014095307951241635,0.1408835506360782,0.00014095307951241635,0.00014095307951241635,0.8586935846584598
142,0.4165298651913242,0.8330597303826484,-0.0056781596308691056,0.09536303674921076,2.203125,0.3984375,-0.3984375,1.884106250014156,1.77932410597851,0.003019163670272674,3.017023327675733,-0.005973871797323227,11.0,1.0,9.541012262529198e-05,0.09536303674921076,9.541012262529198e-05,9.541012262529198e-05,0.9043507292715615
143,0.41653001428917386,0.8330600285783477,-0.003940782961427136,0.08026483076396006,2.1328125,0.2109375,-0.2109375,1.843672165996395,0.778898432313231,0.002541429904654884,3.3335750699043274,-0.00871547254630261,11.0,3.0,8.03097442897794e-05,0.08026483076396006,8.03097442897794e-05,8.03097442897794e-05,0.9194942291582092
144,0.4165301407598525,0.833060281519705,-0.0015928256945404121,0.061127161721460224,2.1640625,0.328125,-0.328125,1.8633781250100583,-0.3656507728641092,0.00193584751438691,3.45232594344351,-0.008619760622322146,11.0,3.0,6.116870101474038e-05,0.061127161721460224,6.116870101474038e-05,6.116870101474038e-05,0.93868932754578
145,0.41652558190224026,0.8330511638044805,-0.0014110698293980234,0.08240391260428394,2.171875,0.4453125,-0.4453125,1.8613086660043336,0.4588996875916306,0.002609791724483726,3.5502107027504177,-0.008603010210208595,11.0,3.0,8.247381498326929e-05,0.08240391260428394,8.247381498326929e-05,8.247381498326929e-05,0.917348660865343
146,0.41650962646252115,0.8330192529250423,-0.004526952286203515,0.06855828239434007,2.15625,0.2578125,-0.2578125,1.8652761250268668,-0.0707050929772958,0.002225071774517204,3.6394794715775385,-0.008600681412240697,11.0,3.0,6.863467675377278e-05,0.06855828239434007,6.863467675377278e-05,6.863467675377278e-05,0.9312358071961764
147,0.41097942063553033,0.8219588412710607,-0.0026068567052027394,0.08236254376473187,2.171875,0.328125,-0.328125,1.887414707976859,1.4387793333122783,0.002886516110291566,3.712462698419889,-0.008609107216923602,11.0,3.0,8.248635517473486e-05,0.08236254376473187,8.248635517473486e-05,8.248635517473486e-05,0.9173899859009083
148,0.4034797556197789,0.8069595112395578,-0.005350887542866045,0.06418445417957921,2.1796875,0.4296875,-0.4296875,1.8624332920298912,-0.3096367429105497,0.002517008003469674,3.8053098205063076,-0.009556437829612859,11.0,3.0,6.432316055701625e-05,0.06418445417957921,6.432316055701625e-05,6.432316055701625e-05,0.9356225688130625
149,0.39942282856680517,0.7988456571336103,-0.0037891041101147725,0.08403765716973473,2.125,-0.0234375,0.0234375,1.825462749984581,1.1749302706190627,0.0038113611154382537,3.9020001838604608,-0.010228295163768861,11.0,3.0,8.430591697106138e-05,0.08403765716973473,8.430591697106138e-05,8.430591697106138e-05,0.9157094180409331
150,0.43815578685654377,0.8763115737130875,-0.0024396015192760636,0.06961681131731,2.2265625,0.453125,-0.453125,1.8984024999663234,1.2868085898593755,0.003857416992880708,3.9527359472380743,-0.011777391657233238,11.0,3.0,6.996555123151394e-05,0.06961681131731,6.996555123151394e-05,6.996555123151394e-05,0.9301732839003467
151,0.43677872284895725,0.8735574456979145,-0.0033996654783176364,0.06526809714414893,2.3671875,0.4765625,-0.4765625,2.0233152080327272,1.2572020604792378,0.004698694326793434,4.085020891644738,-0.015021910747071326,11.0,1.0,6.580918185142401e-05,0.06526809714414893,6.580918185142401e-05,6.580918185142401e-05,0.9345344686788497
152,0.43742505731864856,0.8748501146372971,-0.0016942791836081857,0.07973753600507169,2.3125,0.3203125,-0.3203125,1.9935789169976488,2.041493471471995,0.007742507924800717,4.0993117923763664,-0.01578848967751996,11.0,1.0,8.083858552414017e-05,0.07973753600507169,8.083858552414017e-05,8.083858552414017e-05,0.9200199371002413
153,0.4382340913073105,0.876468182614621,-0.0004357134955445748,0.04822515320069719,2.3671875,0.625,-0.625,2.046619040949736,-0.3889504506988418,0.006563115676645695,4.128609692339193,-0.016195306586186318,11.0,1.0,4.935690944110698e-05,0.04822515320069719,4.935690944110698e-05,4.935690944110698e-05,0.9516267728724397
154,0.44200654956779994,0.8840130991355999,-0.003117876382767385,0.09153497176962269,2.2109375,0.078125,-0.078125,1.8902273339917883,0.9278960816534717,0.017530587589135394,4.1730873073366554,-0.01625113352201879,11.0,1.0,9.51210766629227e-05,0.09153497176962269,9.51210766629227e-05,9.51210766629227e-05,0.908179655170904
155,0.44700895110780514,0.8940179022156103,-0.006080921223907893,0.06235857407251994,2.34375,0.609375,-0.609375,2.020952707971446,2.1905124185727134,0.01699377324874452,4.220858630808917,-0.016358800597531212,11.0,1.0,6.646735128015279e-05,0.06235857407251994,6.646735128015279e-05,6.646735128015279e-05,0.9374420185883839
156,0.4186396989138061,0.8372793978276122,-0.004127682141994617,0.06730821921963741,2.2890625,0.3671875,-0.3671875,2.0405017500161193,-0.1330369659606129,0.026258579105560644,4.276203580877998,-0.0164547104743013,11.0,1.0,7.486089177226248e-05,0.06730821921963741,7.486089177226248e-05,7.486089177226248e-05,0.9324671906314206
157,0.44852059162578706,0.8970411832515741,-0.0028252128777853823,0.048970765494681025,2.40625,0.515625,-0.515625,2.058837874967139,-2.16872235702641,0.02695706505161238,4.213155485012314,-0.015508940543937073,11.0,1.0,5.826694277030501e-05,0.048970765494681025,5.826694277030501e-05,5.826694277030501e-05,0.9508544241453146
158,0.44411234473892935,0.8882246894778587,-0.0016707762202211238,0.05418405399934666,2.3125,0.1484375,-0.1484375,1.999469417030923,-0.2156566587069097,0.040160389471137294,4.234545129266652,-0.014919830914798447,11.0,1.0,7.073404314625707e-05,0.05418405399934666,7.073404314625707e-05,7.073404314625707e-05,0.9456037335802574
159,0.4388469902277798,0.8776939804555596,-0.005022563356987111,0.05263480663299561,2.34375,0.390625,-0.390625,2.0282288340386003,-0.27944335974287243,0.0530274971101926,4.271282545544884,-0.014576432819012552,11.0,1.0,7.976113818585872e-05,0.05263480663299561,7.976113818585872e-05,7.976113818585872e-05,0.9471258997917176
160,0.4331602056129924,0.8663204112259848,-0.004444074352168142,0.02071021826236279,2.40625,0.265625,-0.265625,2.0606974590336904,-3.5410500368369475,0.027761894217814803,4.305072655054656,-0.01478132950300774,11.0,1.0,3.884474644074579e-05,0.02071021826236279,3.884474644074579e-05,3.884474644074579e-05,0.9791732426587637
161,0.4212289039640673,0.8424578079281346,-0.004592177370063487,0.03171170515360242,2.3359375,0.0859375,-0.0859375,2.0318678750190884,-1.750475419812951,0.055635307051508175,4.325552088293162,-0.014657956291392276,11.0,1.0,8.002795391158515e-05,0.03171170515360242,8.002795391158515e-05,8.002795391158515e-05,0.9680482057424692
162,0.4139312908282269,0.8278625816564538,-0.0034923278687643317,0.01870709488224425,2.3359375,0.328125,-0.328125,1.9941245000227354,-2.3628252572613615,0.042304587326508866,4.2052115168083795,-0.013914921444004656,11.0,1.0,7.00243942620214e-05,0.01870709488224425,7.00243942620214e-05,7.00243942620214e-05,0.9810828229655391
163,0.3652265179215016,0.7304530358430033,-0.0031334041119772814,0.01081387201944987,2.3203125,0.03125,-0.03125,1.9969962080358528,-4.351901512116394,0.031231181037352337,4.148728892207146,-0.012995545131244316,11.0,1.0,6.713891113396445e-05,0.01081387201944987,6.713891113396445e-05,6.713891113396445e-05,0.9889847084327981
164,0.3608050131388486,0.7216100262776972,-0.001843285546667768,0.006973187206313014,2.25,0.3671875,-0.3671875,1.9237459999858402,-2.7739557911627344,0.025529712108711935,4.1021591412524385,-0.007319846324713176,11.0,3.0,7.96224315611956e-05,0.006973187206313014,7.96224315611956e-05,7.96224315611956e-05,0.9927879352536466
165,0.35869364805744,0.71738729611488,-0.0031779296683199353,0.0035983184288287985,2.265625,0.421875,-0.421875,1.936392874980811,-4.607158990899213,0.01674879219368089,4.159544004334344,-0.007160113535873178,11.0,3.0,8.251120432697493e-05,0.0035983184288287985,8.251120432697493e-05,8.251120432697493e-05,0.9961541389596873
166,0.3582824157211221,0.7165648314422443,-0.002656238430303797,0.0014081881283880113,2.234375,0.5,-0.5,1.9085497499909252,-6.126450157982083,0.008543906567818728,4.157709970242447,-0.008258599218808942,11.0,3.0,6.972095714165614e-05,0.0014081881283880113,6.972095714165614e-05,6.972095714165614e-05,0.9983826467207262
167,0.3590976472084855,0.718195294416971,-0.0013761025834323525,0.0005867582004727192,2.21875,0.09375,-0.09375,1.915879792009946,-7.100194925377008,0.0049448740327262914,4.246469539072779,-0.009341499076173123,12.0,3.0,6.670132894265714e-05,0.0005867582004727192,6.670132894265714e-05,6.670132894265714e-05,0.999213135998014
168,0.3611483328424112,0.7222966656848224,-0.004427015021902872,0.0,2.28125,0.2421875,-0.2421875,1.9843367920257151,-5.933950392633026,7.368272463281755e-07,4.3772447192006645,-0.00956854499397903,12.0,3.0,0.0,0.0,0.0,0.0,1.0
169,0.36460464939923276,0.7292092987984655,-0.002629909362004752,0.0,2.21875,0.1796875,-0.1796875,1.9042080000508577,-8.308547771484061,7.368272463281755e-07,4.495880265202787,-0.009555089059479846,12.0,3.0,0.0,0.0,0.0,0.0,1.0
170,0.36837140282831715,0.7367428056566343,-0.003260277945794013,0.0,2.25,0.453125,-0.453125,1.9557247909833677,-9.087571730733089,7.368272463281755e-07,4.5950605612662105,-0.009547613975074556,12.0,3.0,0.0,0.0,0.0,0.0,1.0
171,0.3705775228199202,0.7411550456398404,-0.0033082160613987803,0.0,2.2421875,0.15625,-0.15625,1.9375249170116149,-8.777631342412626,7.368272463281755e-07,4.644853479332394,-0.00955402565563822,12.0,3.0,0.0,0.0,0.0,0.0,1.0
172,0.37277334086231606,0.7455466817246321,-0.003159665511600662,0.0,2.25,0.1640625,-0.1640625,1.9347154590068385,-7.63786256880495,7.368272463281755e-07,4.691825076109833,-0.009578005690450987,12.0,3.0,0.0,0.0,0.0,0.0,1.0
173,0.37329803853445387,0.7465960770689077,-0.0019152022716146,0.0,2.1875,0.0546875,-0.0546875,1.9441151659702882,-9.141896071268766,7.368272463281755e-07,4.735714675237735,-0.009619018166429467,12.0,3.0,0.0,0.0,0.0,0.0,1.0
174,0.37303454857268115,0.7460690971453623,-0.002877000142932452,0.0,2.2734375,0.328125,-0.328125,1.9619088749750517,-11.029779724394412,7.368272463281755e-07,4.545936053825749,-0.009301851183408871,12.0,3.0,0.0,0.0,0.0,0.0,1.0
175,0.3721024818859087,0.7442049637718174,-0.0020937433914990857,0.0,2.21875,0.171875,-0.171875,1.9192281250143424,-9.4554972140199,7.368272463281755e-07,4.569579699387153,-0.009654502069073109,12.0,3.0,0.0,0.0,0.0,0.0,1.0
176,0.3696236702036313,0.7392473404072626,-0.004569307412581973,0.0,2.2734375,0.2734375,-0.2734375,1.953103625040967,-9.76704598579212,7.368272463281755e-07,4.690457343641254,-0.010711805222349035,12.0,3.0,0.0,0.0,0.0,0.0,1.0
177,0.36762178256579053,0.7352435651315811,-0.005282135208741642,0.0,2.171875,0.3203125,-0.3203125,1.8917663750471547,-10.314160109638314,7.368272463281755e-07,4.813464936696821,-0.010722358846881738,12.0,3.0,0.0,0.0,0.0,0.0,1.0
178,0.4065348480134864,0.8130696960269728,-0.0034164597574961254,0.0,2.2421875,0.34375,-0.34375,1.9375277090002783,-12.49357425753248,7.368272463281755e-07,4.95257520261738,-0.010720047986574678,12.0,3.0,0.0,0.0,0.0,0.0,1.0
179,0.40529595895957715,0.8105919179191543,-0.001896526464419513,0.0,2.3671875,0.15625,-0.15625,2.050595999986399,-12.046014954252998,7.368272463281755e-07,4.985188341953537,-0.015146604853229788,12.0,1.0,0.0,0.0,0.0,0.0,1.0
180,0.4046880818567751,0.8093761637135501,-0.005916912712622242,0.0,2.484375,0.4921875,-0.4921875,2.1489776669768617,-10.0187963668093,7.368272463281755e-07,5.0679008083587345,-0.015075582854809578,12.0,1.0,0.0,0.0,0.0,0.0,1.0
181,0.40443078154031054,0.8088615630806211,-0.0036292219931751456,0.0,2.4375,0.3359375,-0.3359375,2.0903778329957277,-11.446641865353554,7.368272463281755e-07,5.105402500283989,-0.015584151820142077,12.0,1.0,0.0,0.0,0.0,0.0,1.0
182,0.40458587903826293,0.8091717580765259,-0.004031436430477816,0.0,2.46875,0.0546875,-0.0546875,2.1471524580265395,-9.330681409828271,7.368272463281755e-07,5.067897642369974,-0.017849835748413832,12.0,1.0,0.0,0.0,0.0,0.0,1.0
183,0.40544174421042944,0.8108834884208589,-0.00294823045439484,0.0,2.453125,0.359375,-0.359375,2.13614024996059,-8.163754116957355,7.368272463281755e-07,5.148424486206337,-0.019499412893889134,12.0,1.0,0.0,0.0,0.0,0.0,1.0
184,0.4064983383300408,0.8129966766600816,-0.003361357059889116,0.0,2.3671875,0.4140625,-0.4140625,2.070256665989291,-12.538704624860594,7.368272463281755e-07,5.248973483389074,-0.019495891213988547,12.0,1.0,0.0,0.0,0.0,0.0,1.0
185,0.4076210221494047,0.8152420442988094,-0.004959991125002705,0.0,2.3828125,0.09375,-0.09375,2.063734208000824,-16.59175025322398,7.368272463281755e-07,5.327625399286097,-0.019569576913702556,12.0,1.0,0.0,0.0,0.0,0.0,1.0
186,0.40843452312724415,0.8168690462544883,-0.0023900606228887083,0.0,2.4453125,0.1953125,-0.1953125,2.100194750004448,-16.460162122980854,7.368272463281755e-07,5.289963783188299,-0.01851501689419489,12.0,1.0,0.0,0.0,0.0,0.0,1.0
187,0.409533976464471,0.819067952928942,-0.002725106282051553,0.0,2.3671875,0.3046875,-0.3046875,2.0276464999769814,-18.027065712429902,7.368272463281755e-07,5.26252583143386,-0.017086408884179862,12.0,1.0,0.0,0.0,0.0,0.0,1.0
188,0.4102917748463607,0.8205835496927214,-0.0030980339302747882,0.0,2.3203125,-0.0390625,0.0390625,2.0270961659844033,-20.829785704211353,7.368272463281755e-07,5.291329326954755,-0.01645808150219223,12.0,1.0,0.0,0.0,0.0,0.0,1.0
189,0.41101743223938825,0.8220348644787765,-0.0017750615518327532,0.0,2.4609375,0.3828125,-0.3828125,2.1411404170212336,-19.55317979388767,7.368272463281755e-07,5.22823708335107,-0.015294890707909044,12.0,1.0,0.0,0.0,0.0,0.0,1.0
190,0.41103631332787766,0.8220726266557553,-0.00149790347662139,0.0,2.3828125,0.1875,-0.1875,2.0334415830438957,-23.241808247957074,7.368272463281755e-07,5.233926049687645,-0.013806982153751464,12.0,1.0,0.0,0.0,0.0,0.0,1.0
191,0.410880619305664,0.821761238611328,-0.00374403103793506,0.0,2.390625,0.421875,-0.421875,2.0689105420024134,-24.37044427441616,7.368272463281755e-07,5.19006901065057,-0.012709784764658914,12.0,1.0,0.0,0.0,0.0,0.0,1.0
192,0.3685223039197034,0.7370446078394068,-0.0015303530589146892,0.0,2.3984375,0.40625,-0.40625,2.0530001670122147,-24.134554953256725,7.368272463281755e-07,5.2142650275067846,-0.011976104687412524,12.0,1.0,0.0,0.0,0.0,0.0,1.0
193,0.36818350949533873,0.7363670189906775,-0.002983715026022357,0.0,2.234375,0.2265625,-0.2265625,1.9179067920194939,-23.13311466157853,7.368272463281755e-07,5.464524160656664,-0.00589289110535497,12.0,3.0,0.0,0.0,0.0,0.0,1.0
194,0.36863374997006915,0.7372674999401383,-0.006423262245819919,0.0,2.2734375,0.125,-0.125,2.0119764169794507,-18.569556483698054,7.368272463281755e-07,5.53316093981266,-0.005848251613012205,12.0,3.0,0.0,0.0,0.0,0.0,1.0
195,0.37015730449486717,0.7403146089897343,-0.004272930894417286,0.0,2.2734375,0.703125,-0.703125,1.9771749579813331,-35.3028984516347,7.368272463281755e-07,5.441478797131115,-0.007367838445740442,12.0,3.0,0.0,0.0,0.0,0.0,1.0
196,0.37079844973225695,0.7415968994645139,-0.003914270623217792,0.0,2.28125,0.2734375,-0.2734375,1.9997057089931332,-29.032365812014227,7.368272463281755e-07,5.467003698978159,-0.008646811526786122,12.0,3.0,0.0,0.0,0.0,0.0,1.0
197,0.37199024784948787,0.7439804956989757,-0.005128418778477467,0.0,2.21875,0.2421875,-0.2421875,1.9250875419820659,-38.82034499460543,7.368272463281755e-07,5.529153308934635,-0.008592510511839969,12.0,3.0,0.0,0.0,0.0,0.0,1.0
198,0.37238759149839185,0.7447751829967837,-0.0033174231193108363,0.0,2.2265625,0.1640625,-0.1640625,1.9454561669845134,-46.912462784742054,7.368272463281755e-07,5.470138253437148,-0.009919950667406537,12.0,3.0,0.0,0.0,0.0,0.0,1.0
199,0.3720652363139997,0.7441304726279994,-0.007044395697395164,0.0,2.2265625,0.1484375,-0.1484375,1.9226961670210585,-36.21793634661457,7.368272463281755e-07,5.521711872683631,-0.01089575058237339,12.0,3.0,0.0,0.0,0.0,0.0,1.0
200,0.3719964616843032,0.7439929233686065,-0.0038780377553906693,0.0,2.328125,0.1875,-0.1875,2.031050249992404,-40.39847684986639,7.368272463281755e-07,5.601648574074109,-0.011859079014458176,12.0,3.0,0.0,0.0,0.0,0.0,1.0
201,0.3720306507229985,0.744061301445997,-0.0037721145670609195,0.0,2.3203125,0.421875,-0.421875,2.0086386250332,-42.33394757083771,7.368272463281755e-07,5.678247286213769,-0.011781603958095528,12.0,3.0,0.0,0.0,0.0,0.0,1.0
202,0.3721626507330122,0.7443253014660244,-0.003342385013323716,0.0,2.234375,0.2265625,-0.2265625,1.9401883329846896,-48.85602534275789,7.368272463281755e-07,5.639434817764494,-0.01026071223249245,12.0,3.0,0.0,0.0,0.0,0.0,1.0
203,0.3723884037344335,0.744776807468867,-0.002452218059527061,0.0,2.21875,-0.0234375,0.0234375,1.91891399997985,-42.39508176941267,7.368272463281755e-07,5.668993189930916,-0.009396128143028667,12.0,3.0,0.0,0.0,0.0,0.0,1.0
204,0.37233449576867705,0.7446689915373541,-0.0052424714582751985,0.0,2.2578125,0.578125,-0.578125,1.9497976659913547,-46.156900230576014,7.368272463281755e-07,5.758732004298104,-0.009301880445693515,12.0,3.0,0.0,0.0,0.0,0.0,1.0
205,0.37258489823692975,0.7451697964738595,-0.0023098589118881554,0.0,2.25,0.1796875,-0.1796875,1.9331908749882132,-41.7858824506402,7.368272463281755e-07,5.863928039868672,-0.009242721574587954,12.0,3.0,0.0,0.0,0.0,0.0,1.0
206,0.3729840697394191,0.7459681394788382,-0.0034105065435266527,0.0,2.21875,0.234375,-0.234375,1.935738250031136,-51.46794988865584,7.368272463281755e-07,5.95598129928112,-0.00917788657049338,12.0,3.0,0.0,0.0,0.0,0.0,1.0
207,0.3739584258199244,0.7479168516398488,-0.002451996638342561,0.0,2.3359375,0.3046875,-0.3046875,2.0355284169781953,-42.872244696154645,7.368272463281755e-07,6.010136309597227,-0.009144698644781278,12.0,3.0,0.0,0.0,0.0,0.0,1.0
208,0.4166666608333334,0.8333333216666668,-0.0041186601084640005,0.0,2.265625,0.1953125,-0.1953125,1.9569957499625161,-55.47079563264189,7.368272463281755e-07,6.05289604432053,-0.009055419656861987,12.0,3.0,0.0,0.0,0.0,0.0,1.0
209,0.4166666608333334,0.8333333216666668,-0.004294225625094018,0.0,2.3515625,0.171875,-0.171875,2.0175275419605896,-58.347284300382746,7.368272463281755e-07,5.564390930262479,-0.014167277722373745,12.0,1.0,0.0,0.0,0.0,0.0,1.0
210,0.4166666608333334,0.8333333216666668,-0.0020274678734125778,0.0,2.40625,0.34375,-0.34375,2.0795294159906916,-52.78890251571482,7.368272463281755e-07,5.569406055929986,-0.014208339283041741,12.0,1.0,0.0,0.0,0.0,0.0,1.0
211,0.4166666608333334,0.8333333216666668,-0.0030658380545357648,0.0,2.3984375,0.109375,-0.109375,2.052754541975446,-55.38730032242082,7.368272463281755e-07,5.667230247435245,-0.013542212323624302,12.0,1.0,0.0,0.0,0.0,0.0,1.0
212,0.4166666608333334,0.8333333216666668,-0.004211288225467424,0.0,2.34375,-0.1171875,0.1171875,2.046936040977016,-64.4870544441541,7.368272463281755e-07,5.817414964125915,-0.013377910916460678,12.0,1.0,0.0,0.0,0.0,0.0,1.0
213,0.4166666608333334,0.8333333216666668,-0.0039125966425058,0.0,2.40625,0.328125,-0.328125,2.06309762498131,-49.29942829964997,7.368272463281755e-07,5.996855988421223,-0.013767568405124952,12.0,1.0,0.0,0.0,0.0,0.0,1.0
214,0.4166666608333334,0.8333333216666668,-0.0035142273323840794,0.0,2.5,0.2421875,-0.2421875,2.1435728750075214,-56.440217768028376,7.368272463281755e-07,6.065244147046045,-0.014023544010177086,12.0,1.0,0.0,0.0,0.0,0.0,1.0
215,0.4166666608333334,0.8333333216666668,-0.004726373894489601,0.0,2.484375,0.453125,-0.453125,2.1461109170340933,-49.96036121155481,7.368272463281755e-07,5.99983214316043,-0.012271015836052935,12.0,1.0,0.0,0.0,0.0,0.0,1.0
216,0.4166666608333334,0.8333333216666668,-0.005768753170272189,0.0,2.453125,0.40625,-0.40625,2.1218756249872968,-47.92797029929556,7.368272463281755e-07,6.043530773032796,-0.01097456180617552,12.0,1.0,0.0,0.0,0.0,0.0,1.0
217,0.4166666608333334,0.8333333216666668,-0.004711987143366469,0.0,2.3515625,0.1015625,-0.1015625,2.016737833037041,-70.26328735335721,7.368272463281755e-07,6.045681021430275,-0.010252563732633875,12.0,1.0,0.0,0.0,0.0,0.0,1.0
218,0.4166666608333334,0.8333333216666668,-0.00290444238647121,0.0,2.453125,0.3671875,-0.3671875,2.1388450830127113,-66.99146371776132,7.368272463281755e-07,5.993810239163312,-0.010691849700048228,12.0,1.0,0.0,0.0,0.0,0.0,1.0
219,0.4166666608333334,0.8333333216666668,-0.005455183516376741,0.0,2.3828125,0.2578125,-0.2578125,2.0581902919802815,-87.27711280955643,7.368272463281755e-07,6.012559841979634,-0.01119682570093904,12.0,1.0,0.0,0.0,0.0,0.0,1.0
220,0.4166666608333334,0.8333333216666668,-0.0025888210013175154,0.0,2.421875,0.4375,-0.4375,2.077326208993327,-71.86916904064917,7.368272463281755e-07,5.854064487598159,-0.01434984916969287,12.0,1.0,0.0,0.0,0.0,0.0,1.0
221,0.4166666608333334,0.8333333216666668,-0.005177665686233895,0.0,2.5,0.3046875,-0.3046875,2.142872041964438,-61.4570701085031,7.368272463281755e-07,5.894200421192429,-0.016455415117723696,12.0,1.0,0.0,0.0,0.0,0.0,1.0
222,0.4166666608333334,0.8333333216666668,-0.002421522623405882,0.0,2.390625,0.015625,-0.015625,2.082969375012908,-91.92358729418586,7.368272463281755e-07,6.012389804829251,-0.01754156034439802,12.0,1.0,0.0,0.0,0.0,0.0,1.0
223,0.4166666608333334,0.8333333216666668,-0.007110692230358089,0.0,2.375,0.3359375,-0.3359375,2.0381717499694787,-134.96670035782614,7.368272463281755e-07,6.196460928429257,-0.01786637612068179,12.0,1.0,0.0,0.0,0.0,0.0,1.0
224,0.4166666608333334,0.8333333216666668,-0.005950529768524233,0.0,2.390625,0.296875,-0.296875,2.0890042500104755,-103.4399361446792,7.368272463281755e-07,6.289882391691208,-0.017841090516991575,12.0,1.0,0.0,0.0,0.0,0.0,1.0
225,0.4166666608333334,0.8333333216666668,-0.004109759078127774,0.0,2.4453125,0.3828125,-0.3828125,2.0998397499788553,-109.39409716517781,7.368272463281755e-07,6.315130283886736,-0.017812798529948024,12.0,1.0,0.0,0.0,0.0,0.0,1.0
226,0.4166666608333334,0.8333333216666668,-0.0044803758767316074,0.0,2.328125,0.1796875,-0.1796875,2.0026251249946654,-96.92461079079033,7.368272463281755e-07,6.264723761515184,-0.017018975557717073,12.0,1.0,0.0,0.0,0.0,0.0,1.0
227,0.4166666608333334,0.8333333216666668,-0.0033302214460779697,0.0,2.4375,0.3125,-0.3125,2.1121396250091493,-107.87251025514725,7.368272463281755e-07,6.133692349899899,-0.01454894372727722,12.0,1.0,0.0,0.0,0.0,0.0,1.0
228,0.4166666608333334,0.8333333216666668,-0.003987526760832458,0.0,2.3984375,0.171875,-0.171875,2.0855262500117533,-99.24746962711943,7.368272463281755e-07,6.165812625126406,-0.012655111214950342,12.0,1.0,0.0,0.0,0.0,0.0,1.0
229,0.4166666608333334,0.8333333216666668,-0.003415153156780674,0.0,2.4921875,0.4453125,-0.4453125,2.1817002079915255,-89.91188890283757,7.368272463281755e-07,6.329419843175194,-0.013112208980601281,12.0,1.0,0.0,0.0,0.0,0.0,1.0
230,0.4166666608333334,0.8333333216666668,-0.007658193169363079,0.0,2.3515625,0.2265625,-0.2265625,2.0224925419897772,-100.30949618570828,7.368272463281755e-07,6.490103618665175,-0.01339303848693486,12.0,1.0,0.0,0.0,0.0,0.0,1.0
231,0.4166666608333334,0.8333333216666668,-0.005576040584706204,0.0,2.3828125,0.21875,-0.21875,2.0580810410319827,-113.39294324546564,7.368272463281755e-07,6.569351278922775,-0.013357243781105022,12.0,1.0,0.0,0.0,0.0,0.0,1.0
232,0.4166666608333334,0.8333333216666668,-0.0022691893701503605,0.0,2.4296875,0.40625,-0.40625,2.0860047090100124,-66.45126459222898,7.368272463281755e-07,6.422134930437261,-0.013943681197071617,12.0,1.0,0.0,0.0,0.0,0.0,1.0
233,0.4166666608333334,0.8333333216666668,-0.0069854637465654465,0.0,2.4375,0.125,-0.125,2.1297986669815145,-96.57105777431757,7.368272463281755e-07,6.405529943379489,-0.014248775879175148,12.0,1.0,0.0,0.0,0.0,0.0,1.0
234,0.4166666608333334,0.8333333216666668,-0.005705962425213413,0.0,2.4765625,0.2265625,-0.2265625,2.1479395829956047,-90.11661529240172,7.368272463281755e-07,6.406508522954854,-0.01442324441053312,12.0,1.0,0.0,0.0,0.0,0.0,1.0
235,0.4166666608333334,0.8333333216666668,-0.007869670117965629,0.0,2.375,0.1875,-0.1875,2.052095042017754,-94.06735461636593,7.368272463281755e-07,6.502411423759027,-0.014823583579114214,12.0,1.0,0.0,0.0,0.0,0.0,1.0
236,0.4166666608333334,0.8333333216666668,-0.004967550964849338,0.0,2.3359375,0.1171875,-0.1171875,2.0380388750345446,-108.04363600306687,7.368272463281755e-07,6.602916649796746,-0.015592306561302394,12.0,1.0,0.0,0.0,0.0,0.0,1.0
237,0.4166666608333334,0.8333333216666668,-0.00575674618721767,0.0,2.3671875,0.203125,-0.203125,2.0437978329719044,-143.35790381573216,7.368272463281755e-07,6.583081413399089,-0.014917687343602831,12.0,1.0,0.0,0.0,0.0,0.0,1.0
238,0.4166666608333334,0.8333333216666668,-0.010046663195727926,0.0,2.34375,0.3984375,-0.3984375,2.019872958015185,-107.60062208811442,7.368272463281755e-07,6.550869221037084,-0.012986577147702601,12.0,1.0,0.0,0.0,0.0,0.0,1.0
239,0.4166666608333334,0.8333333216666668,-0.006438445518045932,0.0,2.4609375,0.171875,-0.171875,2.155060750024859,-165.7407467940497,7.368272463281755e-07,6.6152012700384315,-0.01167640036014332,12.0,1.0,0.0,0.0,0.0,0.0,1.0
240,0.4166666608333334,0.8333333216666668,-0.007260583424523797,0.0,2.3359375,0.4140625,-0.4140625,2.042594750004355,-103.07830049361672,7.368272463281755e-07,6.671663603999398,-0.011560000024143268,12.0,1.0,0.0,0.0,0.0,0.0,1.0
241,0.4166666608333334,0.8333333216666668,-0.005363884793141401,0.0,2.4375,0.28125,-0.28125,2.0986663750372827,-117.19903878447337,7.368272463281755e-07,6.736937130039388,-0.011477819040671668,12.0,1.0,0.0,0.0,0.0,0.0,1.0
242,0.4166666608333334,0.8333333216666668,-0.00483949471983967,0.0,2.5,0.421875,-0.421875,2.1519549589720555,-131.97162351161242,7.368272463281755e-07,6.784858007322658,-0.010351531842554157,12.0,1.0,0.0,0.0,0.0,0.0,1.0
243,0.4166666608333334,0.8333333216666668,-0.008094251753759723,0.0,2.4453125,0.2890625,-0.2890625,2.1111539999837987,-152.2318878752736,7.368272463281755e-07,6.55195706540888,-0.011895476374775171,12.0,1.0,0.0,0.0,0.0,0.0,1.0
244,0.4166666608333334,0.8333333216666668,-0.00526059920024561,0.0,2.375,0.1171875,-0.1171875,2.0373808330041356,-177.534480904278,7.368272463281755e-07,6.592802259055051,-0.013328536286611448,12.0,1.0,0.0,0.0,0.0,0.0,1.0
245,0.4166666608333334,0.8333333216666668,-0.004421162591695373,0.0,2.4609375,0.3125,-0.3125,2.1397343749995343,-176.49330745424544,7.368272463281755e-07,6.72495351460847,-0.013234097648157993,12.0,1.0,0.0,0.0,0.0,0.0,1.0
246,0.4166666608333334,0.8333333216666668,-0.005703291735240691,0.0,2.4453125,0.5078125,-0.5078125,2.132244458014611,-198.54267931289186,7.368272463281755e-07,6.84880912845785,-0.012850164652759717,12.0,1.0,0.0,0.0,0.0,0.0,1.0
247,0.4166666608333334,0.8333333216666668,-0.006401976995433732,0.0,2.4609375,0.34375,-0.34375,2.105111916025635,-177.47046647601658,7.368272463281755e-07,6.977171444080093,-0.012724182298618623,12.0,1.0,0.0,0.0,0.0,0.0,1.0
248,0.4166666608333334,0.8333333216666668,-0.006806963465849676,0.0,2.46875,0.453125,-0.453125,2.157149417034816,-180.87584212007403,7.368272463281755e-07,6.918317759578878,-0.010897080297581851,12.0,1.0,0.0,0.0,0.0,0.0,1.0
249,0.4166666608333334,0.8333333216666668,-0.008847392815073421,0.0,2.4375,0.1953125,-0.1953125,2.0850556250079535,-167.00298537352145,7.368272463281755e-07,6.883609537373889,-0.010247716367964378,12.0,1.0,0.0,0.0,0.0,0.0,1.0
250,0.4166666608333334,0.8333333216666668,-0.0071648963185095916,0.0,2.4140625,0.5546875,-0.5546875,2.0795154580264352,-219.76888232400887,7.368272463281755e-07,6.917199461297556,-0.011514378764497285,12.0,1.0,0.0,0.0,0.0,0.0,1.0
251,0.4166666608333334,0.8333333216666668,-0.008306900800739111,0.0,2.421875,0.3125,-0.3125,2.1454979589907452,-172.67952600909817,7.368272463281755e-07,7.002507125789469,-0.012232142945074222,12.0,1.0,0.0,0.0,0.0,0.0,1.0
252,0.4166666608333334,0.8333333216666668,-0.004902384649331252,0.0,2.4140625,0.1484375,-0.1484375,2.109524000028614,-196.3878303746961,7.368272463281755e-07,7.056466643105853,-0.012155384772499516,12.0,1.0,0.0,0.0,0.0,0.0,1.0
253,0.4166666608333334,0.8333333216666668,-0.0018072882606771977,0.0,2.4453125,0.421875,-0.421875,2.120508957945276,-257.61037210458386,7.368272463281755e-07,7.014818557284095,-0.013568137695653026,12.0,1.0,0.0,0.0,0.0,0.0,1.0
254,0.4166666608333334,0.8333333216666668,-0.005838245872074121,0.0,2.3984375,0.359375,-0.359375,2.087846542010084,-170.06552028656006,7.368272463281755e-07,6.907250389456749,-0.015069130900718103,12.0,1.0,0.0,0.0,0.0,0.0,1.0
255,0.37499999458333344,0.7499999891666669,-0.005259076481458593,0.0,2.4140625,-0.0078125,0.0078125,2.071750000002794,-230.06940091852232,7.368272463281755e-07,6.937985534017736,-0.014032265967795287,12.0,1.0,0.0,0.0,0.0,0.0,1.0
256,0.37499999458333344,0.7499999891666669,-0.007657706699246248,0.0,2.2265625,0.359375,-0.359375,1.9216560000204481,-258.1171774194952,7.368272463281755e-07,7.161380897793505,-0.003720853974098443,12.0,3.0,0.0,0.0,0.0,0.0,1.0
257,0.37499999458333344,0.7499999891666669,-0.008946344072995216,0.0,2.203125,0.15625,-0.15625,1.892629083013162,-273.4659408914282,7.368272463281755e-07,7.152347975720962,-0.0020533265972820423,12.0,3.0,0.0,0.0,0.0,0.0,1.0
258,0.37499999458333344,0.7499999891666669,-0.008786076922626954,0.0,2.2265625,0.1796875,-0.1796875,1.9255659590126015,-308.896088648679,7.368272463281755e-07,7.174652181565762,-0.0001736074466154807,12.0,3.0,0.0,0.0,0.0,0.0,1.0
259,0.37499999458333344,0.7499999891666669,-0.005856027725419204,0.0,2.2265625,0.2109375,-0.2109375,1.9051256669918075,-219.3116251727991,7.368272463281755e-07,7.235138583514425,0.000521212082175124,12.0,3.0,0.0,0.0,0.0,0.0,1.0
260,0.37499999458333344,0.7499999891666669,-0.00872026600687894,0.0,2.203125,0.1171875,-0.1171875,1.936380792001728,-271.60673934348085,7.368272463281755e-07,7.306127437286907,0.0006428680482915499,12.0,3.0,0.0,0.0,0.0,0.0,1.0
261,0.37499999458333344,0.7499999891666669,-0.007816553850833569,0.0,2.25,0.140625,-0.140625,1.9521241670008749,-249.93330099847583,7.368272463281755e-07,7.384252751039134,0.0007539797370554879,12.0,3.0,0.0,0.0,0.0,0.0,1.0
262,0.37499999458333344,0.7499999891666669,-0.01070114051239908,0.0,2.2109375,0.4296875,-0.4296875,1.9045530839939602,-315.00876545147844,7.368272463281755e-07,7.383946448978451,-0.001738481896205081,12.0,3.0,0.0,0.0,0.0,0.0,1.0
263,0.37499999458333344,0.7499999891666669,-0.008989058144315413,0.0,2.2421875,-0.1953125,0.1953125,1.9704064579564147,-313.5416670908911,7.368272463281755e-07,7.421242214739323,-0.004172873217612505,12.0,3.0,0.0,0.0,0.0,0.0,1.0
264,0.37499999458333344,0.7499999891666669,-0.007722839984039976,0.0,2.203125,-0.0625,0.0625,1.906047667027451,-296.18775848970347,7.368272463281755e-07,7.4940497651696205,-0.004402433687573648,12.0,3.0,0.0,0.0,0.0,0.0,1.0
265,0.3967816506277061,0.7935633012554122,-0.00706250251143025,0.0,2.2109375,0.2421875,-0.2421875,1.9156894159968942,-392.95262406150357,7.368272463281755e-07,7.458560052431292,-0.00549881470700105,12.0,3.0,0.0,0.0,0.0,0.0,1.0
266,0.3959762500643181,0.7919525001286362,-0.005472411257209897,0.0,2.3515625,0.2421875,-0.2421875,2.060551042028237,-356.70127584451063,7.368272463281755e-07,7.072196843102574,-0.012233508302332748,12.0,1.0,0.0,0.0,0.0,0.0,1.0
267,0.37499999458333344,0.7499999891666669,-0.007547449558482886,0.0,2.3125,0.296875,-0.296875,2.072448874998372,-429.0980989288639,7.368272463281755e-07,7.145403515378183,-0.011126492562074087,12.0,1.0,0.0,0.0,0.0,0.0,1.0
268,0.37499999458333344,0.7499999891666669,-0.008059367559496444,0.0,2.2734375,0.3828125,-0.3828125,1.973352207976859,-371.69175220109344,7.368272463281755e-07,7.444162550899717,-0.0010606068503370301,12.0,3.0,0.0,0.0,0.0,0.0,1.0
269,0.37499999458333344,0.7499999891666669,-0.006122231918968327,0.0,2.1796875,0.3828125,-0.3828125,1.8989206670084968,-542.4107820893702,7.368272463281755e-07,7.553577785690625,-0.0007376942343802915,12.0,3.0,0.0,0.0,0.0,0.0,1.0
270,0.37499999458333344,0.7499999891666669,-0.008412505328033145,0.0,2.25,0.2421875,-0.2421875,1.9658344999770634,-443.1421154141426,7.368272463281755e-07,7.664953235122892,-0.0005256370641291142,12.0,3.0,0.0,0.0,0.0,0.0,1.0
271,0.37499999458333344,0.7499999891666669,-0.004335384654525421,0.0,2.265625,0.1953125,-0.1953125,1.9895234170253389,-524.620678602416,7.368272463281755e-07,7.551800234450234,-0.0024730213206364876,12.0,3.0,0.0,0.0,0.0,0.0,1.0
272,0.4583333270833334,0.9166666541666668,-0.008205558996417074,0.0,2.3125,0.28125,-0.28125,2.0410237920004874,-447.7926182392481,7.368272463281755e-07,7.624758986963166,-0.004161566094909277,12.0,3.0,0.0,0.0,0.0,0.0,1.0
273,0.4583333270833334,0.9166666541666668,-0.01043742972615476,0.0,2.546875,0.2890625,-0.2890625,2.1871711669955403,-231.2354828331368,7.368272463281755e-07,7.303593055903912,-0.01579202454595361,12.0,2.0,0.0,0.0,0.0,0.0,1.0
274,0.4583333270833334,0.9166666541666668,-0.008657403900685917,0.0,2.5,0.0234375,-0.0234375,2.15675454196753,-345.4723065435886,7.368272463281755e-07,7.4504586398601536,-0.014610237500164658,12.0,2.0,0.0,0.0,0.0,0.0,1.0
275,0.4583333270833334,0.9166666541666668,-0.006496847110528465,0.0,2.609375,0.34375,-0.34375,2.245417041995097,-272.81081850371675,7.368272463281755e-07,7.55773805975914,-0.01439736724132672,12.0,2.0,0.0,0.0,0.0,0.0,1.0
276,0.45006996327778415,0.9001399265555683,-0.01104823621019067,0.0,2.6015625,0.2265625,-0.2265625,2.2277124999673106,-152.24626278519273,7.368272463281755e-07,7.474632668495178,-0.01221636647824198,12.0,2.0,0.0,0.0,0.0,0.0,1.0
277,0.37499999458333344,0.7499999891666669,-0.01236120701925798,0.0,2.5,0.09375,-0.09375,2.1660233340226114,-261.37420849502087,7.368272463281755e-07,7.625006499615583,-0.006330865244804459,12.0,1.0,0.0,0.0,0.0,0.0,1.0
278,0.37499999458333344,0.7499999891666669,-0.011560813260367042,0.0,2.2421875,0.1796875,-0.1796875,1.953830457990989,-387.0860643320383,7.368272463281755e-07,7.496466103527281,0.0007174458264166282,12.0,3.0,0.0,0.0,0.0,0.0,1.0
279,0.37499999458333344,0.7499999891666669,-0.006789872642383117,0.0,2.3046875,0.4296875,-0.4296875,2.008207292004954,-341.8255969451646,7.368272463281755e-07,7.384668122563097,-0.0020671922118506497,12.0,3.0,0.0,0.0,0.0,0.0,1.0
280,0.37499999458333344,0.7499999891666669,-0.00752611060332574,0.0,2.1796875,0.3359375,-0.3359375,1.8791274579707533,-501.5719694971611,7.368272463281755e-07,7.563608467578888,-0.002398218894894752,12.0,3.0,0.0,0.0,0.0,0.0,1.0
281,0.37499999458333344,0.7499999891666669,-0.009311018782651063,0.0,2.3125,0.375,-0.375,2.0180129159707576,-533.1947690119614,7.368272463281755e-07,7.767322563462788,-0.0017000489299082095,12.0,3.0,0.0,0.0,0.0,0.0,1.0
282,0.37499999458333344,0.7499999891666669,-0.009310532594907724,0.0,2.2734375,0.4375,-0.4375,1.9712518749875017,-474.6865493702315,7.368272463281755e-07,7.875544832812415,-0.0015210154750901791,12.0,3.0,0.0,0.0,0.0,0.0,1.0
283,0.37499999458333344,0.7499999891666669,-0.00980560001257023,0.0,2.1953125,-0.0546875,0.0546875,1.8920301250182092,-641.9394041346485,7.368272463281755e-07,7.895626763502757,-0.0013435244974162844,12.0,3.0,0.0,0.0,0.0,0.0,1.0
284,0.37499999458333344,0.7499999891666669,-0.007018910024932886,0.0,2.234375,0.4609375,-0.4609375,1.9224285410018638,-554.7543342830418,7.368272463281755e-07,7.909622490406036,-0.0011535973236378697,12.0,3.0,0.0,0.0,0.0,0.0,1.0
285,0.37499999458333344,0.7499999891666669,-0.007213976741782252,0.0,2.296875,0.40625,-0.40625,2.0396842919872142,-402.8981180612733,7.368272463281755e-07,7.769091261757745,0.0015374707161552375,12.0,3.0,0.0,0.0,0.0,0.0,1.0
286,0.37499999458333344,0.7499999891666669,-0.007057171204143997,0.0,2.3046875,0.21875,-0.21875,2.0021960419835523,-523.0451782970105,7.368272463281755e-07,7.873694472842747,0.0034327811509784725,12.0,3.0,0.0,0.0,0.0,0.0,1.0
287,0.40947521712210366,0.8189504342442073,-0.00790197696962924,0.0,2.2421875,0.4765625,-0.4765625,1.9519272499601357,-519.9905336160693,7.368272463281755e-07,7.702672633859846,0.004111267264104552,12.0,3.0,0.0,0.0,0.0,0.0,1.0
288,0.4386770487049083,0.8773540974098166,-0.004903431266932177,0.0,2.375,0.2578125,-0.2578125,2.145645833981689,-674.5797940618113,7.368272463281755e-07,7.575986732136119,-0.0050222469091584735,12.0,1.0,0.0,0.0,0.0,0.0,1.0
289,0.4473958654534867,0.8947917309069734,-0.009288058622059432,0.0,2.5546875,0.5703125,-0.5703125,2.455899833003059,-397.72912561784096,7.368272463281755e-07,7.6304585120894695,-0.007862413661893119,12.0,1.0,0.0,0.0,0.0,0.0,1.0
290,0.45024772995099266,0.9004954599019853,-0.006388339263024249,0.0,2.6171875,0.359375,-0.359375,2.30375533294864,-368.7751949538046,7.368272463281755e-07,7.775250174782493,-0.008333769521083344,12.0,1.0,0.0,0.0,0.0,0.0,1.0
291,0.4516336573880412,0.9032673147760824,-0.007506727276831181,0.0,2.4921875,0.3203125,-0.3203125,2.148731041990686,-532.8242904250525,7.368272463281755e-07,7.85255735299804,-0.008596651086753065,12.0,1.0,0.0,0.0,0.0,0.0,1.0
292,0.4521757781432797,0.9043515562865594,-0.0033182927946873277,0.0,2.546875,0.0703125,-0.0703125,2.3964330829912797,-567.9810783438887,7.368272463281755e-07,7.980319938876412,-0.010075652844865213,12.0,1.0,0.0,0.0,0.0,0.0,1.0
293,0.45203651772201237,0.9040730354440247,-0.01429265163428331,0.0,2.53125,0.359375,-0.359375,2.2101234999718145,-459.2110958982397,7.368272463281755e-07,7.904725123535503,-0.008289945460009303,12.0,1.0,0.0,0.0,0.0,0.0,1.0
294,0.4507893028227351,0.9015786056454702,-0.008046364395132287,0.0,2.578125,0.5234375,-0.5234375,2.2357375840074383,-444.7095232530074,7.368272463281755e-07,7.958393974737688,-0.006452519234947183,12.0,1.0,0.0,0.0,0.0,0.0,1.0
295,0.44537478875665515,0.8907495775133103,-0.004822052474513663,0.0,2.515625,0.2890625,-0.2890625,2.165187791979406,-536.9170954034936,7.368272463281755e-07,8.055638470432974,-0.006193406922234731,12.0,1.0,0.0,0.0,0.0,0.0,1.0
296,0.37499999458333344,0.7499999891666669,-0.007979128530720825,0.0,2.5546875,0.4921875,-0.4921875,2.2572765829972923,-461.74531158540594,7.368272463281755e-07,7.9621881300752815,-0.007697609380226244,12.0,1.0,0.0,0.0,0.0,0.0,1.0
297,0.37499999458333344,0.7499999891666669,-0.0030261081901181352,0.0,2.3046875,0.46875,-0.46875,2.0162454579840414,-722.800551175263,7.368272463281755e-07,7.770979376302825,0.0008543072423587242,12.0,3.0,0.0,0.0,0.0,0.0,1.0
298,0.37499999458333344,0.7499999891666669,-0.007116607491566465,0.0,2.2890625,0.1484375,-0.1484375,2.001047958037816,-677.9617832951985,7.368272463281755e-07,7.822600893676281,0.001159704238590267,12.0,3.0,0.0,0.0,0.0,0.0,1.0
299,0.37499999458333344,0.7499999891666669,-0.0022718925067156366,0.0,2.2421875,0.3125,-0.3125,1.9674121660063975,-775.732790996804,7.368272463281755e-07,7.92092787888315,0.001475763533057438,12.0,3.0,0.0,0.0,0.0,0.0,1.0
300,0.37499999458333344,0.7499999891666669,-0.011923484494755554,0.0,2.2421875,0.21875,-0.21875,1.958219917025417,-939.8320383344378,7.368272463281755e-07,7.968867162863414,0.001761317253112793,12.0,3.0,0.0,0.0,0.0,0.0,1.0
301,0.37499999458333344,0.7499999891666669,-0.005464925270469318,0.0,2.203125,0.1328125,-0.1328125,1.9058761250344105,-911.671927573833,7.368272463281755e-07,7.990740372074975,0.001946544869699412,12.0,3.0,0.0,0.0,0.0,0.0,1.0
302,0.37499999458333344,0.7499999891666669,-0.005683891731292787,0.0,2.234375,0.203125,-0.203125,1.937853040988557,-954.7568654147061,7.368272463281755e-07,7.85985126097997,0.0041951498327155905,12.0,3.0,0.0,0.0,0.0,0.0,1.0
303,0.37499999458333344,0.7499999891666669,-0.00688560719463316,0.0,2.2109375,0.40625,-0.40625,1.937523125030566,-839.8662630222711,7.368272463281755e-07,7.666787611113654,0.006338068801495764,12.0,3.0,0.0,0.0,0.0,0.0,1.0
304,0.37499999458333344,0.7499999891666669,-0.006925985342347482,0.0,2.28125,0.5390625,-0.5390625,1.9695317500154488,-980.8492127379326,7.368272463281755e-07,7.590976251496209,0.005071484768349264,12.0,3.0,0.0,0.0,0.0,0.0,1.0
305,0.37499999458333344,0.7499999891666669,-0.012604971790811987,0.0,2.2421875,0.203125,-0.203125,1.948942790972069,-824.0204357519383,7.368272463281755e-07,7.712054199642605,0.004747540483044254,12.0,3.0,0.0,0.0,0.0,0.0,1.0
306,0.37499999458333344,0.7499999891666669,-0.016337678608614258,0.0,2.234375,0.21875,-0.21875,2.028941916010808,-971.477688049103,7.368272463281755e-07,7.849552571773529,0.005287418943933315,12.0,3.0,0.0,0.0,0.0,0.0,1.0
307,0.37499999458333344,0.7499999891666669,-0.008078045020911305,0.0,2.25,0.3828125,-0.3828125,1.9621729999780655,-871.1962006092072,7.368272463281755e-07,7.830551458729638,0.004207744444203045,12.0,3.0,0.0,0.0,0.0,0.0,1.0
308,0.37499999458333344,0.7499999891666669,-0.013176562845381535,0.0,2.3203125,0.234375,-0.234375,2.031120292027481,-849.4494342739735,7.368272463281755e-07,7.839708069960277,0.0032524619406710067,12.0,3.0,0.0,0.0,0.0,0.0,1.0
309,0.37499999458333344,0.7499999891666669,-0.009830702394696572,0.0,2.234375,0.1953125,-0.1953125,1.9572538750362583,-1103.2099229639227,7.368272463281755e-07,7.835635410414802,0.0019093961972329351,12.0,3.0,0.0,0.0,0.0,0.0,1.0
310,0.37499999458333344,0.7499999891666669,-0.0058253063666899255,0.0,2.3125,0.359375,-0.359375,2.0108847089577466,-850.3237273628647,7.368272463281755e-07,7.712184045049879,0.0043206295360707575,12.0,3.0,0.0,0.0,0.0,0.0,1.0
311,0.37499999458333344,0.7499999891666669,-0.009806556780869627,0.0,2.25,0.0625,-0.0625,1.9944605830241926,-1051.837126367622,7.368272463281755e-07,7.755270759264628,0.0025190910738375452,12.0,3.0,0.0,0.0,0.0,0.0,1.0
312,0.37499999458333344,0.7499999891666669,-0.012151731373148863,0.0,2.265625,0.1953125,-0.1953125,2.01366258302005,-875.1772702907693,7.368272463281755e-07,7.819983740647634,-0.0002739104287077983,12.0,3.0,0.0,0.0,0.0,0.0,1.0
313,0.37499999458333344,0.7499999891666669,-0.001237230393559733,0.0,2.2421875,0.2890625,-0.2890625,1.9446831669774838,-902.5859993459455,7.368272463281755e-07,7.885321491294437,-5.590872994313637e-05,12.0,3.0,0.0,0.0,0.0,0.0,1.0
314,0.37499999458333344,0.7499999891666669,-0.010610227122437626,0.0,2.2890625,0.40625,-0.40625,2.0166809580405243,-948.2072647537387,7.368272463281755e-07,7.950647658771938,0.00015133289465059838,12.0,3.0,0.0,0.0,0.0,0.0,1.0
315,0.37499999458333344,0.7499999891666669,-0.004037046587872403,0.0,2.234375,0.1875,-0.1875,1.922128041042015,-1042.6650135533794,7.368272463281755e-07,7.898235466745165,0.001527970941323373,12.0,3.0,0.0,0.0,0.0,0.0,1.0
316,0.37499999458333344,0.7499999891666669,-0.010509477083309567,0.0,2.2578125,0.0234375,-0.0234375,1.943512792000547,-1221.4961216936474,7.368272463281755e-07,7.859272165430917,0.0034803824447509316,12.0,3.0,0.0,0.0,0.0,0.0,1.0
317,0.37499999458333344,0.7499999891666669,-0.011101895619940117,0.0,2.25,0.359375,-0.359375,1.9681174579891376,-1151.2471871177356,7.368272463281755e-07,7.966339925924937,0.004446712697649168,12.0,3.0,0.0,0.0,0.0,0.0,1.0
318,0.37499999458333344,0.7499999891666669,-0.015881572253111223,0.0,2.265625,0.140625,-0.140625,1.9534634999581613,-1063.759864419082,7.368272463281755e-07,7.992661088705063,0.00482772938751926,12.0,3.0,0.0,0.0,0.0,0.0,1.0
319,0.37499999458333344,0.7499999891666669,-0.015198718712388589,0.0,2.2734375,0.4375,-0.4375,1.9738854999886826,-1297.334293922608,7.368272463281755e-07,7.99074089858267,0.0050847260410793954,12.0,3.0,0.0,0.0,0.0,0.0,1.0
320,0.37499999458333344,0.7499999891666669,-0.007616719905672766,0.0,2.25,0.25,-0.25,1.976620958012063,-1294.9381676779853,7.368272463281755e-07,7.986199736595154,0.005313162724228783,12.0,3.0,0.0,0.0,0.0,0.0,1.0
321,0.37499999458333344,0.7499999891666669,-0.01745039291566884,0.0,2.25,0.0,0.0,1.976113583019469,-1161.8051827748616,7.368272463281755e-07,7.982636812660429,0.00554898217605013,12.0,3.0,0.0,0.0,0.0,0.0,1.0
322,0.37499999458333344,0.7499999891666669,-0.006816851459746981,0.0,2.2734375,0.4609375,-0.4609375,1.9845423750230111,-1375.3865920587914,7.368272463281755e-07,7.979628011584282,0.005721308829379268,12.0,3.0,0.0,0.0,0.0,0.0,1.0
323,0.37499999458333344,0.7499999891666669,-0.0062811808173936015,0.0,2.21875,0.2578125,-0.2578125,1.9220926249981858,-1356.5007323211348,7.368272463281755e-07,7.975548499160343,0.00590473341031207,12.0,3.0,0.0,0.0,0.0,0.0,1.0
324,0.3333333283333334,0.6666666566666668,-0.01433496364885338,0.0,2.25,-0.03125,0.03125,1.9461545830126852,-1115.0101272000206,7.368272463281755e-07,7.969291273090574,0.005971421974310134,12.0,3.0,0.0,0.0,0.0,0.0,1.0
325,0.3333333283333334,0.6666666566666668,-0.0053365638018261965,0.0,2.3046875,0.1484375,-0.1484375,2.0029109999886714,-1325.0459936691543,7.368272463281755e-07,7.946433251930608,0.005981317533749259,12.0,3.0,0.0,0.0,0.0,0.0,1.0
326,0.3333333283333334,0.6666666566666668,-0.007891044204449974,0.0,2.2890625,0.2421875,-0.2421875,2.0293480419786647,-1564.2066263192344,7.368272463281755e-07,7.889721751213074,0.005667722868060486,12.0,3.0,0.0,0.0,0.0,0.0,1.0
327,0.37499999458333344,0.7499999891666669,-0.004338275125703548,0.0,2.3046875,0.2890625,-0.2890625,2.0238787500420585,-1387.567651703398,7.368272463281755e-07,7.849151636163394,0.00367076650986241,12.0,3.0,0.0,0.0,0.0,0.0,1.0
328,0.37499999458333344,0.7499999891666669,-0.013198975775857732,0.0,2.2890625,0.390625,-0.390625,1.9861162080196664,-929.8613167720443,7.368272463281755e-07,7.9775610119104385,0.0026690570844544303,12.0,3.0,0.0,0.0,0.0,0.0,1.0
329,0.37499999458333344,0.7499999891666669,-0.009716328698980625,0.0,2.21875,0.484375,-0.484375,1.9321673750528134,-1180.1635548900551,7.368272463281755e-07,7.981691393587324,0.002914748219255772,12.0,3.0,0.0,0.0,0.0,0.0,1.0
330,0.37499999458333344,0.7499999891666669,-0.004319769460057784,0.0,2.265625,0.6484375,-0.6484375,1.979941957979463,-1073.023685547401,7.368272463281755e-07,7.984947666525841,0.0031709431463645566,12.0,3.0,0.0,0.0,0.0,0.0,1.0
331,0.37499999458333344,0.7499999891666669,-0.009295420783437876,0.0,2.1953125,0.328125,-0.328125,1.8926678340067156,-1359.2086901953212,7.368272463281755e-07,7.990793248017629,0.0033743271487765014,12.0,3.0,0.0,0.0,0.0,0.0,1.0
332,0.37499999458333344,0.7499999891666669,-0.00852683040634063,0.0,2.2265625,0.296875,-0.296875,1.9556236249627545,-1361.7550543868751,7.368272463281755e-07,7.882415155569713,0.005020775502392401,12.0,3.0,0.0,0.0,0.0,0.0,1.0
333,0.3333333283333334,0.6666666566666668,-0.010253959977239605,0.0,2.265625,0.3671875,-0.3671875,1.9809888749732636,-1391.8944302789096,7.368272463281755e-07,7.85573164621989,0.006139643749015199,12.0,3.0,0.0,0.0,0.0,0.0,1.0
334,0.3333333283333334,0.6666666566666668,-0.007486203305315783,0.0,2.359375,0.046875,-0.046875,2.058593167050276,-1341.2488745822022,7.368272463281755e-07,7.879296594195896,0.006146517427017291,12.0,3.0,0.0,0.0,0.0,0.0,1.0
335,0.3333333283333334,0.6666666566666668,-0.011499937054545339,0.0,2.2734375,0.0625,-0.0625,2.021046083944384,-1887.5825257907618,7.368272463281755e-07,7.905001786020067,0.006219645806898673,12.0,3.0,0.0,0.0,0.0,0.0,1.0
336,0.3333333283333334,0.6666666566666668,-0.01309077932389735,0.0,2.2578125,-0.21875,0.21875,1.9608335419907235,-1716.5435056059418,7.368272463281755e-07,7.933637360731761,0.006138255509237449,12.0,3.0,0.0,0.0,0.0,0.0,1.0
337,0.3333333283333334,0.6666666566666668,-0.006784200167433703,0.0,2.2734375,0.0390625,-0.0390625,1.9850961249903776,-1926.185293368048,7.368272463281755e-07,7.959438423315684,0.0062308224021560615,12.0,3.0,0.0,0.0,0.0,0.0,1.0
338,0.3333333283333334,0.6666666566666668,-0.01302475457776644,0.0,2.3046875,0.125,-0.125,1.9952020829659887,-1796.0974398984747,7.368272463281755e-07,7.979773031340705,0.0064052385795447565,12.0,3.0,0.0,0.0,0.0,0.0,1.0
339,0.3333333283333334,0.6666666566666668,-0.01263750415684636,0.0,2.3984375,0.2109375,-0.2109375,2.0989832089981064,-1882.2288326921991,7.368272463281755e-07,8.115590704811943,0.008403984726303153,12.0,3.0,0.0,0.0,0.0,0.0,1.0
340,0.3333333283333334,0.6666666566666668,-0.010988089336457571,0.0,2.25,0.1484375,-0.1484375,1.9556882089818828,-2104.504774530729,7.368272463281755e-07,8.13215274280972,0.009042459229628244,12.0,3.0,0.0,0.0,0.0,0.0,1.0
341,0.37499999458333344,0.7499999891666669,-0.012307847458284093,0.0,2.34375,0.1171875,-0.1171875,2.070947124972008,-1942.480015970866,7.368272463281755e-07,8.158034669028389,0.009096772306495242,12.0,3.0,0.0,0.0,0.0,0.0,1.0
342,0.37499999458333344,0.7499999891666669,-0.019389400817144496,0.0,2.2890625,0.3671875,-0.3671875,2.0223021249985322,-1972.9565875082699,7.368272463281755e-07,8.148360225889418,0.009442490473803546,12.0,3.0,0.0,0.0,0.0,0.0,1.0
343,0.37499999458333344,0.7499999891666669,-0.019893472581290886,0.0,2.2109375,0.25,-0.25,1.9141901659895666,-1842.7375595308445,7.368272463281755e-07,8.139584170447456,0.009772902251117759,12.0,3.0,0.0,0.0,0.0,0.0,1.0
344,0.37499999458333344,0.7499999891666669,-0.021357668686205915,0.0,2.2734375,0.265625,-0.265625,1.984142208006233,-1526.949678073634,7.368272463281755e-07,8.117081456714207,0.010271807511647543,12.0,3.0,0.0,0.0,0.0,0.0,1.0
345,0.37499999458333344,0.7499999891666669,-0.009655961106534298,0.0,2.2265625,0.21875,-0.21875,1.9877780409879051,-1705.2318742049367,7.368272463281755e-07,8.09980563322703,0.0107626063335273,12.0,3.0,0.0,0.0,0.0,0.0,1.0
346,0.37499999458333344,0.7499999891666669,-0.00886038283756571,0.0,2.25,0.1171875,-0.1171875,1.9524984169984236,-1640.3010050853093,7.368272463281755e-07,8.089880492952135,0.011074393664279746,12.0,3.0,0.0,0.0,0.0,0.0,1.0
347,0.37499999458333344,0.7499999891666669,-0.010390977225862302,0.0,2.25,0.0234375,-0.0234375,2.067114167031832,-1561.9374194410111,7.368272463281755e-07,8.088682492574057,0.011281802965742018,12.0,3.0,0.0,0.0,0.0,0.0,1.0
348,0.37499999458333344,0.7499999891666669,-0.010978874963018248,0.0,2.21875,0.1640625,-0.1640625,1.9495359580032527,-1905.8142607379966,7.368272463281755e-07,8.092714428901672,0.011501571603326334,12.0,3.0,0.0,0.0,0.0,0.0,1.0
349,0.37499999458333344,0.7499999891666669,-0.011263934543582214,0.0,2.2890625,0.4765625,-0.4765625,1.990006500040181,-1908.5593260677194,7.368272463281755e-07,8.098018513785469,0.011742002395395603,12.0,3.0,0.0,0.0,0.0,0.0,1.0
350,0.37499999458333344,0.7499999891666669,-0.007366036893393937,0.0,2.2109375,0.3515625,-0.3515625,1.9501886669895612,-1797.8215271508316,7.368272463281755e-07,7.971427122751872,0.010568486746504076,12.0,3.0,0.0,0.0,0.0,0.0,1.0
351,0.37499999458333344,0.7499999891666669,-0.010189653697106208,0.0,2.2890625,0.234375,-0.234375,1.9965430829906836,-1536.0244076829722,7.368272463281755e-07,7.971776591406928,0.00965809888051202,12.0,3.0,0.0,0.0,0.0,0.0,1.0
352,0.37499999458333344,0.7499999891666669,-0.014990910726245843,0.0,2.265625,0.234375,-0.234375,1.9720708329696208,-1856.7614525630556,7.368272463281755e-07,8.023996856477526,0.00984639144088659,12.0,3.0,0.0,0.0,0.0,0.0,1.0
353,0.37499999458333344,0.7499999891666669,-0.010974457217022466,0.0,2.2265625,0.0234375,-0.0234375,1.9310946670011617,-1955.8784794322232,7.368272463281755e-07,8.08331557114919,0.010033179152136048,12.0,3.0,0.0,0.0,0.0,0.0,1.0
354,0.37499999458333344,0.7499999891666669,-0.008054009970807302,0.0,2.2265625,-0.1015625,0.1015625,1.9508591659832746,-1675.7966808921412,7.368272463281755e-07,8.129908561706543,0.01023455934288601,12.0,3.0,0.0,0.0,0.0,0.0,1.0
355,0.37499999458333344,0.7499999891666669,-0.014930229606640444,0.0,2.3203125,0.234375,-0.234375,1.9962485840078443,-1729.2663722182765,7.368272463281755e-07,8.142114904191759,0.01044811502409478,12.0,3.0,0.0,0.0,0.0,0.0,1.0
356,0.37499999458333344,0.7499999891666669,-0.012406859147230996,0.0,2.25,0.5546875,-0.5546875,1.972679666010663,-1840.0610911978615,7.368272463281755e-07,8.145785106552971,0.010692647852314016,12.0,3.0,0.0,0.0,0.0,0.0,1.0
357,0.37499999458333344,0.7499999891666669,-0.015906462294572838,0.0,2.3125,0.25,-0.25,2.0036692499998026,-1978.893122892122,7.368272463281755e-07,8.15158744653066,0.010905763535346422,12.0,3.0,0.0,0.0,0.0,0.0,1.0
358,0.37499999458333344,0.7499999891666669,-0.011851606089545266,0.0,2.3046875,0.1875,-0.1875,1.985421875026077,-1730.9725388737047,7.368272463281755e-07,8.15745668941074,0.011110421037301421,12.0,3.0,0.0,0.0,0.0,0.0,1.0
359,0.37499999458333344,0.7499999891666669,-0.008781153560576922,0.0,2.3203125,0.515625,-0.515625,2.0091864159912802,-2148.555095197376,7.368272463281755e-07,8.160369965765211,0.01132879679143015,12.0,3.0,0.0,0.0,0.0,0.0,1.0
360,0.37499999458333344,0.7499999891666669,-0.012968910291331084,0.0,2.3125,0.484375,-0.484375,2.0260819170507602,-1865.273103945964,7.368272463281755e-07,8.165118972460428,0.011527988167169193,12.0,3.0,0.0,0.0,0.0,0.0,1.0
361,0.37499999458333344,0.7499999891666669,-0.021986730129311946,0.0,2.2578125,0.0859375,-0.0859375,1.9576229589874856,-1791.4581941914805,7.368272463281755e-07,8.169013023376465,0.010007038647826347,12.0,3.0,0.0,0.0,0.0,0.0,1.0
362,0.37499999458333344,0.7499999891666669,-0.01523623793676332,0.0,2.2109375,0.109375,-0.109375,1.9747022080118768,-2203.4165098507074,7.368272463281755e-07,8.082487675878737,0.011081487108539376,12.0,3.0,0.0,0.0,0.0,0.0,1.0
363,0.37499999458333344,0.7499999891666669,-0.014407671568623106,0.0,2.25,0.375,-0.375,1.968372041999828,-2319.895587033696,7.368272463281755e-07,8.025696502791511,0.013194300622368852,12.0,3.0,0.0,0.0,0.0,0.0,1.0
364,0.37499999458333344,0.7499999891666669,-0.01452026532796023,0.0,2.296875,0.1640625,-0.1640625,1.9876281669712625,-2146.1593739905325,7.368272463281755e-07,8.06706776883867,0.014019637666125264,12.0,3.0,0.0,0.0,0.0,0.0,1.0
365,0.37499999458333344,0.7499999891666669,-0.007521391224699113,0.0,2.25,0.2421875,-0.2421875,1.9629101669997908,-2373.525410268042,7.368272463281755e-07,8.142478929625618,0.01439490596142908,12.0,3.0,0.0,0.0,0.0,0.0,1.0
366,0.37499999458333344,0.7499999891666669,-0.01373475007384986,0.0,2.28125,0.2578125,-0.2578125,1.9861542499857023,-1853.8958908499103,7.368272463281755e-07,8.187285515997145,0.01468875184137788,12.0,3.0,0.0,0.0,0.0,0.0,1.0
367,0.37499999458333344,0.7499999891666669,-0.015307299411350077,0.0,2.2421875,0.421875,-0.421875,1.9414863749989308,-2452.9050811076413,7.368272463281755e-07,8.18880808353424,0.01492577224659423,12.0,3.0,0.0,0.0,0.0,0.0,1.0
368,0.37499999458333344,0.7499999891666669,-0.014282555945935044,0.0,2.21875,0.4140625,-0.4140625,1.9220749160158448,-2536.6781594719687,7.368272463281755e-07,8.189624627431234,0.015150609258044925,12.0,3.0,0.0,0.0,0.0,0.0,1.0
369,0.37499999458333344,0.7499999891666669,-0.01271592114466737,0.0,2.21875,0.3984375,-0.3984375,1.946951000019908,-2759.480459320713,7.368272463281755e-07,8.191684471236336,0.01531773513286478,12.0,3.0,0.0,0.0,0.0,0.0,1.0
370,0.37499999458333344,0.7499999891666669,-0.016188418446618384,0.0,2.3046875,0.2421875,-0.2421875,1.9912402909831144,-2021.179639771025,7.368272463281755e-07,8.196079651514689,0.015419869787163205,12.0,3.0,0.0,0.0,0.0,0.0,1.0
371,0.37499999458333344,0.7499999891666669,-0.015553847942697341,0.0,2.2421875,0.4921875,-0.4921875,1.9752608330454677,-2562.063156260846,7.368272463281755e-07,8.188054084777832,0.015457822294491861,12.0,3.0,0.0,0.0,0.0,0.0,1.0
372,0.37499999458333344,0.7499999891666669,-0.01712010912298364,0.0,2.2421875,0.3359375,-0.3359375,1.9497391660115682,-2103.4312730848997,7.368272463281755e-07,8.140854318936666,0.015211056775620414,12.0,3.0,0.0,0.0,0.0,0.0,1.0
373,0.37499999458333344,0.7499999891666669,-0.008531763980986514,0.0,2.3125,0.34375,-0.34375,1.995500082965009,-2369.663149833679,7.368272463281755e-07,8.062379850281609,0.014325809600349102,12.0,3.0,0.0,0.0,0.0,0.0,1.0
374,0.37499999458333344,0.7499999891666669,-0.014824197697163954,0.0,2.265625,0.1796875,-0.1796875,1.9865365829900838,-2332.997370331863,7.368272463281755e-07,8.06096233261956,0.01417459397473269,12.0,3.0,0.0,0.0,0.0,0.0,1.0
375,0.37499999458333344,0.7499999891666669,-0.01692213612417414,0.0,2.2421875,0.1875,-0.1875,1.9551232910016552,-2565.2140558754527,7.368272463281755e-07,8.078102959526909,0.01434348901319835,12.0,3.0,0.0,0.0,0.0,0.0,1.0
376,0.37499999458333344,0.7499999891666669,-0.007921171487202382,0.0,2.2265625,0.28125,-0.28125,1.9263711249805056,-2317.378261686626,7.368272463281755e-07,8.098187764485678,0.014540353479484716,12.0,3.0,0.0,0.0,0.0,0.0,1.0
377,0.37499999458333344,0.7499999891666669,-0.012373670377759527,0.0,2.3125,0.5,-0.5,1.9856544170179404,-2190.8611304953292,7.368272463281755e-07,8.11603734228346,0.014744329654301206,12.0,3.0,0.0,0.0,0.0,0.0,1.0
378,0.37499999458333344,0.7499999891666669,-0.018975009245264025,0.0,2.328125,0.2265625,-0.2265625,2.055395375005901,-2084.6193505613596,7.368272463281755e-07,8.134801692432827,0.014910221772475375,12.0,3.0,0.0,0.0,0.0,0.0,1.0
379,0.37499999458333344,0.7499999891666669,-0.019881158269005394,0.0,2.296875,0.2734375,-0.2734375,2.016507999971509,-2526.7059733591923,7.368272463281755e-07,8.144803643226624,0.01512068281105409,12.0,3.0,0.0,0.0,0.0,0.0,1.0
380,0.37499999458333344,0.7499999891666669,-0.01647718199737528,0.0,2.2421875,0.4296875,-0.4296875,1.9733331250026822,-2445.018338711835,7.368272463281755e-07,8.15163000424703,0.015320678112200566,12.0,3.0,0.0,0.0,0.0,0.0,1.0
381,0.37499999458333344,0.7499999891666669,-0.01753116141158653,0.0,2.3359375,0.1953125,-0.1953125,1.996775957988575,-2033.6868732158955,7.368272463281755e-07,8.15864904721578,0.015502944148869978,12.0,3.0,0.0,0.0,0.0,0.0,1.0
382,0.37499999458333344,0.7499999891666669,-0.016623640896657424,0.0,2.2890625,0.2421875,-0.2421875,1.991349124989938,-2370.7147517155463,7.368272463281755e-07,8.164293991194832,0.015729117271904316,12.0,3.0,0.0,0.0,0.0,0.0,1.0
383,0.37499999458333344,0.7499999891666669,-0.01577809621283532,0.0,2.2578125,0.0625,-0.0625,1.980744709027931,-2765.9316032832057,7.368272463281755e-07,8.169608732064566,0.015922513712818425,12.0,3.0,0.0,0.0,0.0,0.0,1.0
384,0.37499999458333344,0.7499999891666669,-0.01971074276555247,0.0,2.28125,0.1328125,-0.1328125,2.0064503750181757,-2718.6791915370995,7.368272463281755e-07,8.172243297100067,0.016097288358853094,12.0,3.0,0.0,0.0,0.0,0.0,1.0
385,0.37499999458333344,0.7499999891666669,-0.02408596378363879,0.0,2.2109375,0.3828125,-0.3828125,1.9291432909667492,-3030.888872126387,7.368272463281755e-07,8.17373945315679,0.016260595319585666,12.0,3.0,0.0,0.0,0.0,0.0,1.0
386,0.37499999458333344,0.7499999891666669,-0.015949138158174402,0.0,2.2734375,0.3671875,-0.3671875,1.9959230829845183,-2846.1791404907644,7.368272463281755e-07,8.084641661908892,0.018158279178250167,12.0,3.0,0.0,0.0,0.0,0.0,1.0
387,0.37499999458333344,0.7499999891666669,-0.01685199041036985,0.0,2.203125,0.265625,-0.265625,1.90075470804004,-3240.944165520634,7.368272463281755e-07,8.129716323481667,0.0193384815292019,12.0,3.0,0.0,0.0,0.0,0.0,1.0
388,0.37499999458333344,0.7499999891666669,-0.01801170902247589,0.0,2.203125,0.0859375,-0.0859375,1.9211640830035321,-3513.0338121779423,7.368272463281755e-07,8.19971607128779,0.019518949311330087,12.0,3.0,0.0,0.0,0.0,0.0,1.0
389,0.37499999458333344,0.7499999891666669,-0.013928041819927704,0.0,2.234375,0.234375,-0.234375,1.9703677909565158,-3298.135648954165,7.368272463281755e-07,8.2345719271236,0.01972033678450518,12.0,3.0,0.0,0.0,0.0,0.0,1.0
390,0.37499999458333344,0.7499999891666669,-0.01941298912113773,0.0,2.2421875,0.1953125,-0.1953125,1.9518772920127958,-2319.4017748151505,7.368272463281755e-07,8.236641267935434,0.019895105648578867,12.0,3.0,0.0,0.0,0.0,0.0,1.0
391,0.37499999458333344,0.7499999891666669,-0.017130378547080122,0.0,2.265625,0.1875,-0.1875,1.9651222079992294,-3312.102473239241,7.368272463281755e-07,8.237598882781136,0.020088147760058444,12.0,3.0,0.0,0.0,0.0,0.0,1.0
392,0.37499999458333344,0.7499999891666669,-0.017761945808561434,0.0,2.328125,0.3046875,-0.3046875,2.009444832976442,-3307.5207388193016,7.368272463281755e-07,8.239403287569681,0.02029794894365801,12.0,3.0,0.0,0.0,0.0,0.0,1.0
393,0.37499999458333344,0.7499999891666669,-0.020595649342774906,0.0,2.2578125,0.2265625,-0.2265625,1.9816617079777643,-3605.8435178710515,7.368272463281755e-07,8.239363696840075,0.020505677132556837,12.0,3.0,0.0,0.0,0.0,0.0,1.0
394,0.37499999458333344,0.7499999891666669,-0.01762035840609045,0.0,2.25,0.15625,-0.15625,1.9534555000136606,-2492.9777964221107,7.368272463281755e-07,8.094558987352583,0.018617862667371,12.0,3.0,0.0,0.0,0.0,0.0,1.0
395,0.37499999458333344,0.7499999891666669,-0.020704178575044564,0.0,2.234375,0.0234375,-0.0234375,1.9558499159757048,-3294.397598079868,7.368272463281755e-07,8.119412302970886,0.01811530591092176,12.0,3.0,0.0,0.0,0.0,0.0,1.0
396,0.41842766902504525,0.8368553380500905,-0.019193820478058947,0.0,2.2578125,0.2734375,-0.2734375,1.98766116600018,-3233.2735391372626,7.368272463281755e-07,8.173903856012556,0.01829898700169805,12.0,3.0,0.0,0.0,0.0,0.0,1.0
397,0.43848965108198706,0.8769793021639741,-0.012785497859055363,0.0,2.390625,0.125,-0.125,2.0619717910303734,-2381.16257489273,7.368272463281755e-07,8.336600544777783,0.005369362061504613,12.0,1.0,0.0,0.0,0.0,0.0,1.0
398,0.44399967684281066,0.8879993536856213,-0.02799407015146927,0.0,2.5546875,0.5625,-0.5625,2.25709608301986,-2245.8818395072167,7.368272463281755e-07,8.466935935345562,0.005115317617310211,12.0,1.0,0.0,0.0,0.0,0.0,1.0
399,0.4478033568506586,0.8956067137013172,-0.018482777270917766,0.0,2.5390625,0.296875,-0.296875,2.230534708010964,-1984.5550509878306,7.368272463281755e-07,8.54102112081918,0.006329979170748795,12.0,1.0,0.0,0.0,0.0,0.0,1.0
400,0.4494387783519592,0.8988775567039184,-0.017849693098611143,0.0,2.484375,0.140625,-0.140625,2.1236011249711737,-2066.1673723136855,7.368272463281755e-07,8.541931161826307,0.007835513113108887,12.0,1.0,0.0,0.0,0.0,0.0,1.0
401,0.45012395184009235,0.9002479036801847,-0.018222005006276257,0.0,2.5078125,0.25,-0.25,2.173621916968841,-2373.693504048285,7.368272463281755e-07,8.543735496022485,0.008001146589363501,12.0,1.0,0.0,0.0,0.0,0.0,1.0
402,0.45033894480793,0.90067788961586,-0.020955170896055888,0.0,2.625,0.7265625,-0.7265625,2.2653094589477405,-2744.142704759325,7.368272463281755e-07,8.544852075251667,0.008139734077055684,12.0,1.0,0.0,0.0,0.0,0.0,1.0
403,0.4501388147481735,0.900277629496347,-0.017383370604962894,0.0,2.5234375,0.2265625,-0.2265625,2.1678597079589963,-1889.8704784853908,7.368272463281755e-07,8.547491803087972,0.008282552522194403,12.0,1.0,0.0,0.0,0.0,0.0,1.0
404,0.44984130135689404,0.8996826027137881,-0.017251958129169378,0.0,2.609375,0.421875,-0.421875,2.26967212499585,-1656.0463726706134,7.368272463281755e-07,8.550515773621472,0.008428741005032365,12.0,1.0,0.0,0.0,0.0,0.0,1.0
405,0.4518566793654538,0.9037133587309076,-0.02366688853586862,0.0,2.5703125,0.34375,-0.34375,2.2337249999982305,-1344.2447531563896,7.368272463281755e-07,8.554296844215555,0.00858955934315666,12.0,1.0,0.0,0.0,0.0,0.0,1.0
406,0.4578008380284649,0.9156016760569298,-0.02186057469109352,0.0,2.578125,0.28125,-0.28125,2.213887708960101,-1712.8713316021544,7.368272463281755e-07,8.559871179136364,0.00876675385569053,12.0,1.0,0.0,0.0,0.0,0.0,1.0
407,0.4583333270833334,0.9166666541666668,-0.015574333961765512,0.0,2.671875,0.53125,-0.53125,2.301693791989237,-1305.6806907430728,7.368272463281755e-07,8.424992502480745,-0.000680073571857065,12.0,2.0,0.0,0.0,0.0,0.0,1.0
408,0.4583333270833334,0.9166666541666668,-0.017670069455577767,0.0,2.6328125,0.4375,-0.4375,2.259877124975901,-1447.7045578093487,7.368272463281755e-07,8.434479470551015,-0.0005179158935789019,12.0,2.0,0.0,0.0,0.0,0.0,1.0
409,0.4583333270833334,0.9166666541666668,-0.018449560365273305,0.0,2.625,0.4921875,-0.4921875,2.2544369170209393,-1637.4715464455742,7.368272463281755e-07,8.443477796018124,-0.00035161409759894014,12.0,2.0,0.0,0.0,0.0,0.0,1.0
410,0.4166666608333334,0.8333333216666668,-0.0012563744503230724,0.0,2.53125,0.2890625,-0.2890625,2.2807917920290492,-1279.6503682313141,7.368272463281755e-07,8.453030629456043,-0.00016851393738761544,12.0,2.0,0.0,0.0,0.0,0.0,1.0
411,0.4166666608333334,0.8333333216666668,-0.020859973438742,0.0,2.4375,0.2578125,-0.2578125,2.1474164579994977,-2150.6394538879395,7.368272463281755e-07,8.479761604558337,0.010984920674342324,12.0,1.0,0.0,0.0,0.0,0.0,1.0
412,0.4166666608333334,0.8333333216666668,-0.019815616275548467,0.0,2.3671875,0.2421875,-0.2421875,2.052099458000157,-2348.050037875034,7.368272463281755e-07,8.484837300398134,0.011724791396938434,12.0,1.0,0.0,0.0,0.0,0.0,1.0
413,0.4166666608333334,0.8333333216666668,-0.032821112290083124,0.0,2.390625,0.1640625,-0.1640625,2.0874050409765914,-2901.377303977418,7.368272463281755e-07,8.486952807415616,0.010773140571969137,12.0,1.0,0.0,0.0,0.0,0.0,1.0
414,0.4166666608333334,0.8333333216666668,-0.018933229006503995,0.0,2.4296875,0.3046875,-0.3046875,2.092336500005331,-2095.9660064108502,7.368272463281755e-07,8.519887787374584,0.01036593669877303,12.0,1.0,0.0,0.0,0.0,0.0,1.0
415,0.4166666608333334,0.8333333216666668,-0.018732025004860847,0.0,2.4453125,0.328125,-0.328125,2.1156454579904675,-3050.671280394728,7.368272463281755e-07,8.555486796931786,0.010635577539109032,12.0,1.0,0.0,0.0,0.0,0.0,1.0
416,0.4166666608333334,0.8333333216666668,-0.014683873181960348,0.0,2.421875,0.375,-0.375,2.1147217089892365,-3559.7944753339216,7.368272463281755e-07,8.57789644869891,0.010834449415349147,12.0,1.0,0.0,0.0,0.0,0.0,1.0
417,0.4166666608333334,0.8333333216666668,-0.0065605088248020275,0.0,2.46875,0.1640625,-0.1640625,2.134135917003732,-2288.1498034754886,7.368272463281755e-07,8.600880912759088,0.010991095898630605,12.0,1.0,0.0,0.0,0.0,0.0,1.0
418,0.4166666608333334,0.8333333216666668,-0.024388339349401125,0.0,2.40625,0.21875,-0.21875,2.079061249969527,-3113.480741897187,7.368272463281755e-07,8.615784059871327,0.011163825084539976,12.0,1.0,0.0,0.0,0.0,0.0,1.0
419,0.4166666608333334,0.8333333216666668,-0.022279026462327888,0.0,2.46875,0.3359375,-0.3359375,2.1390402079559863,-2809.608262532874,7.368272463281755e-07,8.62774598463015,0.011337666380727156,12.0,1.0,0.0,0.0,0.0,0.0,1.0
420,0.4583333270833334,0.9166666541666668,-0.02288900901617946,0.0,2.40625,0.359375,-0.359375,2.099194874987006,-3332.8693310378435,7.368272463281755e-07,8.631500399925493,0.011520818722519007,12.0,1.0,0.0,0.0,0.0,0.0,1.0
421,0.4583333270833334,0.9166666541666668,-0.02166759841846718,0.0,2.6015625,0.1953125,-0.1953125,2.2370312500279397,-1390.2862049595371,7.368272463281755e-07,8.52575301527977,0.0014238909061532468,12.0,2.0,0.0,0.0,0.0,0.0,1.0
422,0.4583333270833334,0.9166666541666668,-0.023445029738969028,0.0,2.625,0.5703125,-0.5703125,2.281631666002795,-1925.9310644013542,7.368272463281755e-07,8.551423323154449,0.0017195337626617403,12.0,2.0,0.0,0.0,0.0,0.0,1.0
423,0.4583333270833334,0.9166666541666668,-0.01957391705661532,0.0,2.53125,0.140625,-0.140625,2.182958708028309,-2284.319192674425,7.368272463281755e-07,8.568592524528503,0.001891045330557972,12.0,2.0,0.0,0.0,0.0,0.0,1.0
424,0.4583333270833334,0.9166666541666668,-0.015049502737915296,0.0,2.5546875,0.125,-0.125,2.190798665978946,-2089.636909088228,7.368272463281755e-07,8.585540199279786,0.002061098237754777,12.0,2.0,0.0,0.0,0.0,0.0,1.0
425,0.4583333270833334,0.9166666541666668,-0.03334305499367712,0.0,2.5546875,0.390625,-0.390625,2.226811832981184,-2069.849004599662,7.368272463281755e-07,8.601532173156738,0.0022547819011379034,12.0,2.0,0.0,0.0,0.0,0.0,1.0
426,0.4583333270833334,0.9166666541666668,-0.020052793132060646,0.0,2.640625,0.453125,-0.453125,2.2856210420140997,-2047.1064503686669,7.368272463281755e-07,8.61655467748642,0.0024130839679855852,12.0,2.0,0.0,0.0,0.0,0.0,1.0
427,0.4583333270833334,0.9166666541666668,-0.02462119069229031,0.0,2.578125,0.515625,-0.515625,2.2188312910147943,-1790.6246679363828,7.368272463281755e-07,8.629815590381622,0.0026112618099432437,12.0,2.0,0.0,0.0,0.0,0.0,1.0
428,0.4583333270833334,0.9166666541666668,-0.028402638967413383,0.0,2.6015625,0.2734375,-0.2734375,2.227243917004671,-1303.842746104564,7.368272463281755e-07,8.642123436927795,0.0027807246311567723,12.0,2.0,0.0,0.0,0.0,0.0,1.0
429,0.4583333270833334,0.9166666541666668,-0.013967333090815154,0.0,2.5703125,0.2109375,-0.2109375,2.2036339579499327,-2248.850141739773,7.368272463281755e-07,8.651649391651153,0.0029491284396499394,12.0,2.0,0.0,0.0,0.0,0.0,1.0
430,0.4583333270833334,0.9166666541666668,-0.026450749714739482,0.0,2.5703125,0.2421875,-0.2421875,2.1985197080066428,-1483.8300579268157,7.368272463281755e-07,8.661873364448548,0.003106962741003372,12.0,2.0,0.0,0.0,0.0,0.0,1.0
431,0.4583333270833334,0.9166666541666668,-0.030144280660105147,0.0,2.6328125,0.3203125,-0.3203125,2.2847997499629855,-1500.8145080023066,7.368272463281755e-07,8.670466887950898,0.003266359624103643,12.0,2.0,0.0,0.0,0.0,0.0,1.0
432,0.4583333270833334,0.9166666541666668,-0.016316385110763956,0.0,2.53125,0.046875,-0.046875,2.1907393330475315,-2561.512339980514,7.368272463281755e-07,8.677985167503357,0.003415789167047478,12.0,2.0,0.0,0.0,0.0,0.0,1.0
433,0.4583333270833334,0.9166666541666668,-0.017878339493111375,0.0,2.5703125,0.515625,-0.515625,2.214521332993172,-1807.8446328995076,7.368272463281755e-07,8.684738552570343,0.003573428830713965,12.0,2.0,0.0,0.0,0.0,0.0,1.0
434,0.4583333270833334,0.9166666541666668,-0.02647701571591816,0.0,2.59375,0.3984375,-0.3984375,2.227476082975045,-1339.4536014924568,7.368272463281755e-07,8.692628395557403,0.00370236630551517,12.0,2.0,0.0,0.0,0.0,0.0,1.0
435,0.4583333270833334,0.9166666541666668,-0.01119970994855447,0.0,2.5703125,0.3515625,-0.3515625,2.2178173330030404,-2644.858222358495,7.368272463281755e-07,8.698741257190704,0.0038467551858047955,12.0,2.0,0.0,0.0,0.0,0.0,1.0
436,0.4583333270833334,0.9166666541666668,-0.012169596376906499,0.0,2.6015625,0.46875,-0.46875,2.2274725409806706,-1848.5399608211117,7.368272463281755e-07,8.70526248216629,0.003964835107399267,12.0,2.0,0.0,0.0,0.0,0.0,1.0
437,0.4583333270833334,0.9166666541666668,-0.013792589757014861,0.0,2.5859375,0.234375,-0.234375,2.3343074999866076,-1530.0338091893498,7.368272463281755e-07,8.711988127231598,0.004097542613817495,12.0,2.0,0.0,0.0,0.0,0.0,1.0
438,0.4583333270833334,0.9166666541666668,-0.0198625632704159,0.0,2.5390625,0.0859375,-0.0859375,2.2080770409666,-2837.014406573956,7.368272463281755e-07,8.717128336429596,0.004246883951418567,12.0,2.0,0.0,0.0,0.0,0.0,1.0
439,0.4583333270833334,0.9166666541666668,-0.027733118991947987,0.0,2.640625,0.546875,-0.546875,2.2646647919900715,-1770.929979719354,7.368272463281755e-07,8.721356689929962,0.0044126946100732315,12.0,2.0,0.0,0.0,0.0,0.0,1.0
440,0.4583333270833334,0.9166666541666668,-0.019604191343367328,0.0,2.5078125,0.09375,-0.09375,2.1817621670197695,-1860.5559723280671,7.368272463281755e-07,8.725995302200317,0.004591403185622766,12.0,2.0,0.0,0.0,0.0,0.0,1.0
441,0.4583333270833334,0.9166666541666668,-0.0162075126250672,0.0,2.53125,0.046875,-0.046875,2.1770048330072314,-1849.0180206769778,7.368272463281755e-07,8.729710471630096,0.004739988912479021,12.0,2.0,0.0,0.0,0.0,0.0,1.0
442,0.4583333270833334,0.9166666541666668,-0.023259002341153624,0.0,2.5546875,0.109375,-0.109375,2.2006030830089003,-2495.5407532158247,7.368272463281755e-07,8.733317005634309,0.004849815863417461,12.0,2.0,0.0,0.0,0.0,0.0,1.0
443,0.4583333270833334,0.9166666541666668,-0.011950075032482101,0.0,2.5546875,0.078125,-0.078125,2.2570841669803485,-1873.2512087574064,7.368272463281755e-07,8.737365329265595,0.00500013047712855,12.0,2.0,0.0,0.0,0.0,0.0,1.0
444,0.4583333270833334,0.9166666541666668,-0.028789986851383752,0.0,2.5390625,0.1796875,-0.1796875,2.171753540984355,-2194.955646503155,7.368272463281755e-07,8.740516924858094,0.005185726971831173,12.0,2.0,0.0,0.0,0.0,0.0,1.0
445,0.4583333270833334,0.9166666541666668,-0.017528777938439332,0.0,2.59375,0.421875,-0.421875,2.226765958010219,-2013.304564004921,7.368272463281755e-07,8.744793570041656,0.005317842756630853,12.0,2.0,0.0,0.0,0.0,0.0,1.0
446,0.4583333270833334,0.9166666541666668,-0.033388252629477255,0.0,2.5234375,0.1796875,-0.1796875,2.1825056659872644,-2648.011669525052,7.368272463281755e-07,8.74812717437744,0.005473130411701277,12.0,2.0,0.0,0.0,0.0,0.0,1.0
447,0.4583333270833334,0.9166666541666668,-0.02628836868796712,0.0,2.59375,0.4609375,-0.4609375,2.239021542016417,-1812.1840217774172,7.368272463281755e-07,8.750864899158477,0.005633965332526714,12.0,2.0,0.0,0.0,0.0,0.0,1.0
448,0.4583333270833334,0.9166666541666668,-0.02168722666546013,0.0,2.5390625,0.265625,-0.265625,2.190984374959953,-2352.766007033128,7.368272463281755e-07,8.751604104042054,0.005845057422993705,12.0,2.0,0.0,0.0,0.0,0.0,1.0
449,0.4583333270833334,0.9166666541666668,-0.02375953980826843,0.0,2.59375,0.421875,-0.421875,2.248505625000689,-2936.978236095015,7.368272463281755e-07,8.750578236579894,0.006004520889837295,12.0,2.0,0.0,0.0,0.0,0.0,1.0
450,0.4583333270833334,0.9166666541666668,-0.015680383098889056,0.0,2.6015625,0.2109375,-0.2109375,2.2253227500477806,-1510.2593231201172,7.368272463281755e-07,8.749348270893098,0.006143021665047854,12.0,2.0,0.0,0.0,0.0,0.0,1.0
451,0.4583333270833334,0.9166666541666668,-0.015346757188941625,0.0,2.6328125,0.5078125,-0.5078125,2.2745659579522908,-687.8367752844927,7.368272463281755e-07,8.747541320323943,0.006323122698813677,12.0,2.0,0.0,0.0,0.0,0.0,1.0
452,0.4583333270833334,0.9166666541666668,-0.02396502519728037,0.0,2.609375,0.3125,-0.3125,2.2551699579926208,-3304.846009899756,7.368272463281755e-07,8.745603847503663,0.006447244505397976,12.0,2.0,0.0,0.0,0.0,0.0,1.0
453,0.4583333270833334,0.9166666541666668,-0.03363024260515981,0.0,2.6484375,0.59375,-0.59375,2.300830749969464,-1633.4681030993615,7.368272463281755e-07,8.743418443202973,0.006607497832737863,12.0,2.0,0.0,0.0,0.0,0.0,1.0
454,0.4583333270833334,0.9166666541666668,-0.027846316624992547,0.0,2.578125,0.3203125,-0.3203125,2.213768333022017,-2622.755177214651,7.368272463281755e-07,8.741244006156922,0.006788731436245143,12.0,2.0,0.0,0.0,0.0,0.0,1.0
455,0.4583333270833334,0.9166666541666668,-0.02752753998632944,0.0,2.6484375,0.4609375,-0.4609375,2.293581666017417,-1813.996530448441,7.368272463281755e-07,8.737956368923188,0.0069272692780941725,12.0,2.0,0.0,0.0,0.0,0.0,1.0
456,0.4583333270833334,0.9166666541666668,-0.020627953069031625,0.0,2.609375,0.453125,-0.453125,2.233949500019662,-1991.8003805468895,7.368272463281755e-07,8.734607195854187,0.0071201659389771525,12.0,2.0,0.0,0.0,0.0,0.0,1.0
457,0.4583333270833334,0.9166666541666668,-0.015849426915869318,0.0,2.65625,0.6171875,-0.6171875,2.2694522090023383,-2067.2906850927016,7.368272463281755e-07,8.731240272521973,0.007297265890520066,12.0,2.0,0.0,0.0,0.0,0.0,1.0
458,0.4583333270833334,0.9166666541666668,-0.02888306597922182,0.0,2.5,0.109375,-0.109375,2.1595434580231085,-2423.6938413143157,7.368272463281755e-07,8.727550053596497,0.00744727710261941,12.0,2.0,0.0,0.0,0.0,0.0,1.0
459,0.4583333270833334,0.9166666541666668,-0.01576267398491025,0.0,2.5390625,0.1640625,-0.1640625,2.178978084004484,-3024.257334735577,7.368272463281755e-07,8.723144698143006,0.007574094331357628,12.0,2.0,0.0,0.0,0.0,0.0,1.0
460,0.4583333270833334,0.9166666541666668,-0.018789449417317083,0.0,2.5859375,0.3359375,-0.3359375,2.2093795409891754,-3223.8090361165855,7.368272463281755e-07,8.718544018268584,0.007755223172716796,12.0,2.0,0.0,0.0,0.0,0.0,1.0
461,0.4583333270833334,0.9166666541666668,-0.018392208056921336,0.0,2.578125,0.265625,-0.265625,2.219327249971684,-1649.6227552934126,7.368272463281755e-07,8.714058899879456,0.007951706578023732,12.0,2.0,0.0,0.0,0.0,0.0,1.0
462,0.4583333270833334,0.9166666541666668,-0.02883144731377811,0.0,2.578125,0.1796875,-0.1796875,2.2402695000055246,-2174.7790181015475,7.368272463281755e-07,8.709121751785279,0.008117399527691305,12.0,2.0,0.0,0.0,0.0,0.0,1.0
463,0.4583333270833334,0.9166666541666668,-0.02192138595037762,0.0,2.609375,0.265625,-0.265625,2.234746041998733,-3055.627043992459,7.368272463281755e-07,8.702825295925141,0.00825552800670266,12.0,2.0,0.0,0.0,0.0,0.0,1.0
464,0.4583333270833334,0.9166666541666668,-0.0334569547956006,0.0,2.5703125,0.453125,-0.453125,2.224375457968563,-2771.3258493997405,7.368272463281755e-07,8.696117639541626,0.008420080505311489,12.0,2.0,0.0,0.0,0.0,0.0,1.0
465,0.4583333270833334,0.9166666541666668,-0.023036924678537737,0.0,2.5703125,0.296875,-0.296875,2.210919915989507,-2720.6060132429593,7.368272463281755e-07,8.688389563560486,0.008588532567955554,12.0,2.0,0.0,0.0,0.0,0.0,1.0
466,0.4583333270833334,0.9166666541666668,-0.007184030685895987,0.0,2.5546875,0.4375,-0.4375,2.1910322919720784,-1928.3708300109304,7.368272463281755e-07,8.680152499675751,0.008755923341959715,12.0,2.0,0.0,0.0,0.0,0.0,1.0
467,0.4583333270833334,0.9166666541666668,-0.026121780303371294,0.0,2.59375,0.4375,-0.4375,2.243894791987259,-3524.6708820756658,7.368272463281755e-07,8.672612833976746,0.008910624799318612,12.0,2.0,0.0,0.0,0.0,0.0,1.0
468,0.4583333270833334,0.9166666541666668,-0.014537118466877141,0.0,2.6328125,0.609375,-0.609375,2.250160166993737,-2764.831228556194,7.368272463281755e-07,8.662967538833618,0.009032016131095588,12.0,2.0,0.0,0.0,0.0,0.0,1.0
469,0.4583333270833334,0.9166666541666668,-0.024653096901635065,0.0,2.6171875,0.421875,-0.421875,2.2514855840126984,-1893.5587827312413,7.368272463281755e-07,8.65378770828247,0.009180383174680173,12.0,2.0,0.0,0.0,0.0,0.0,1.0
470,0.4583333270833334,0.9166666541666668,-0.01992188369284893,0.0,2.59375,0.390625,-0.390625,2.2465124169830233,-2997.3388418634254,7.368272463281755e-07,8.644580018520355,0.00933011162560433,12.0,2.0,0.0,0.0,0.0,0.0,1.0
471,0.4583333270833334,0.9166666541666668,-0.03043700018948172,0.0,2.6796875,0.4140625,-0.4140625,2.3155209579854272,-1701.5645163399834,7.368272463281755e-07,8.633406221866608,0.009473564731888474,12.0,2.0,0.0,0.0,0.0,0.0,1.0
472,0.45193701434552996,0.9038740286910599,-0.018586005189228955,0.0,2.6015625,0.2421875,-0.2421875,2.2810071249841712,-2715.6740375324052,7.368272463281755e-07,8.622615194320678,0.00963312666863203,12.0,2.0,0.0,0.0,0.0,0.0,1.0
473,0.41221327181599965,0.8244265436319993,-0.02661427370394009,0.0,2.578125,0.3984375,-0.3984375,2.2354372500558384,-3681.0821289987275,7.368272463281755e-07,8.735799989917062,0.019486785273660313,12.0,1.0,0.0,0.0,0.0,0.0,1.0
474,0.3994363701425495,0.798872740285099,-0.01625258887069335,0.0,2.3671875,0.0078125,-0.0078125,2.0410851670312695,-4953.5935140678985,7.368272463281755e-07,8.720571041107178,0.01981257274746895,12.0,1.0,0.0,0.0,0.0,0.0,1.0
475,0.39189717846475675,0.7837943569295135,-0.032633207030788765,0.0,2.40625,0.546875,-0.546875,2.0877548329881392,-4284.260992273108,7.368272463281755e-07,8.699935883283615,0.02070631583377359,12.0,1.0,0.0,0.0,0.0,0.0,1.0
476,0.3877344659814379,0.7754689319628758,-0.01639692007472396,0.0,2.421875,0.2890625,-0.2890625,2.139320874994155,-4900.264674672773,7.368272463281755e-07,8.689049980857156,0.02136863629262238,12.0,1.0,0.0,0.0,0.0,0.0,1.0
477,0.3857827069730564,0.7715654139461128,-0.02486378357533688,0.0,2.3125,0.5390625,-0.5390625,2.0488923330558464,-3905.7376360506623,7.368272463281755e-07,8.679661401293494,0.022149647467647974,12.0,1.0,0.0,0.0,0.0,0.0,1.0
478,0.384842021125607,0.769684042251214,-0.03628948489321021,0.0,2.21875,0.2109375,-0.2109375,1.9212515000253916,-4117.228927934673,7.368272463281755e-07,8.672627772119911,0.022538413860936336,12.0,1.0,0.0,0.0,0.0,0.0,1.0
479,0.38048388545684064,0.7609677709136813,-0.02447721476352167,0.0,2.3125,0.0703125,-0.0703125,2.01355654199142,-6407.621281134116,7.368272463281755e-07,8.669579939408736,0.022696065005385953,12.0,1.0,0.0,0.0,0.0,0.0,1.0
480,0.37499999458333344,0.7499999891666669,-0.026644040496820495,0.0,2.2734375,0.21875,-0.21875,1.9581150410231203,-8396.960851715192,7.368272463281755e-07,8.669914388521152,0.0228990447120106,12.0,1.0,0.0,0.0,0.0,0.0,1.0
481,0.37499999458333344,0.7499999891666669,-0.034000205251965995,0.0,2.2421875,0.546875,-0.546875,1.9403219590312801,-7260.223789813211,7.368272463281755e-07,8.378863978717062,0.03553316839194546,12.0,3.0,0.0,0.0,0.0,0.0,1.0
482,0.37499999458333344,0.7499999891666669,-0.02152192795235404,0.0,2.265625,0.640625,-0.640625,1.9931042090174742,-8495.929674661571,7.368272463281755e-07,8.384632557630539,0.03580578896475749,12.0,3.0,0.0,0.0,0.0,0.0,1.0
483,0.37499999458333344,0.7499999891666669,-0.023207770256292722,0.0,2.2421875,0.3203125,-0.3203125,1.9581418340094388,-6610.550652321207,7.368272463281755e-07,8.390861262877783,0.03603733872943041,12.0,3.0,0.0,0.0,0.0,0.0,1.0
484,0.37499999458333344,0.7499999891666669,-0.014066152893126268,0.0,2.3203125,-0.1953125,0.1953125,2.0206940419739112,-5959.073628332479,7.368272463281755e-07,8.392592748006185,0.0362448504117007,12.0,3.0,0.0,0.0,0.0,0.0,1.0
485,0.37499999458333344,0.7499999891666669,-0.024706071238805503,0.0,2.2421875,0.453125,-0.453125,1.9344360419781879,-5613.515939905253,7.368272463281755e-07,8.400688270727793,0.036511313946296774,12.0,3.0,0.0,0.0,0.0,0.0,1.0
486,0.4166666608333334,0.8333333216666668,-0.011976885749930421,0.0,2.21875,0.640625,-0.640625,1.9194772909977473,-8279.512532140168,7.368272463281755e-07,8.41206693649292,0.03675478319120076,12.0,3.0,0.0,0.0,0.0,0.0,1.0
487,0.4166666608333334,0.8333333216666668,-0.020626511786123673,0.0,2.421875,0.328125,-0.328125,2.0954964170232415,-5712.490382631363,7.368272463281755e-07,8.689635233445602,0.0241333969487724,12.0,1.0,0.0,0.0,0.0,0.0,1.0
488,0.4166666608333334,0.8333333216666668,-0.010419172407186227,0.0,2.3828125,0.40625,-0.40625,2.119327709020581,-7641.231934744413,7.368272463281755e-07,8.685277312994003,0.02420287894280839,12.0,1.0,0.0,0.0,0.0,0.0,1.0
489,0.4166666608333334,0.8333333216666668,-0.017745994218127618,0.0,2.3671875,0.078125,-0.078125,2.0661085000028834,-6948.811476502875,7.368272463281755e-07,8.685005090453409,0.02439318626155992,12.0,1.0,0.0,0.0,0.0,0.0,1.0
490,0.4166666608333334,0.8333333216666668,-0.02992655808183215,0.0,2.46875,0.421875,-0.421875,2.123642165970523,-7873.0736389643025,7.368272463281755e-07,8.686247473413294,0.02463124342664907,12.0,1.0,0.0,0.0,0.0,0.0,1.0
491,0.4166666608333334,0.8333333216666668,-0.03302504929561883,0.0,2.375,0.3046875,-0.3046875,2.043110166967381,-5926.608083373622,7.368272463281755e-07,8.687221535227515,0.024923726137124257,12.0,1.0,0.0,0.0,0.0,0.0,1.0
492,0.4166666608333334,0.8333333216666668,-0.02650018207945597,0.0,2.375,0.40625,-0.40625,2.050570458988659,-5872.164323355022,7.368272463281755e-07,8.687197617509149,0.025185858619145372,12.0,1.0,0.0,0.0,0.0,0.0,1.0
493,0.4166666608333334,0.8333333216666668,-0.01971345063509283,0.0,2.40625,0.1328125,-0.1328125,2.0817422089749016,-7933.409148426799,7.368272463281755e-07,8.686899084936488,0.02542843479998489,12.0,1.0,0.0,0.0,0.0,0.0,1.0
494,0.4166666608333334,0.8333333216666668,-0.031538406469156476,0.0,2.4453125,0.53125,-0.53125,2.1392659170087427,-5690.526196464563,7.368272463281755e-07,8.686862864277579,0.025647614447569304,12.0,1.0,0.0,0.0,0.0,0.0,1.0
495,0.4166666608333334,0.8333333216666668,-0.03901258329605032,0.0,2.375,0.3359375,-0.3359375,2.0557850420009345,-6980.317939206174,7.368272463281755e-07,8.68703649260781,0.02584829091673865,12.0,1.0,0.0,0.0,0.0,0.0,1.0
496,0.37499999458333344,0.7499999891666669,-0.019632612600904722,0.0,2.40625,0.4140625,-0.4140625,2.0729584170039743,-8106.533998712317,7.368272463281755e-07,8.688126301223582,0.026062293943224093,12.0,1.0,0.0,0.0,0.0,0.0,1.0
497,0.37499999458333344,0.7499999891666669,-0.024822983343235967,0.0,2.2734375,0.1796875,-0.1796875,2.0253225410124287,-6933.831959937446,7.368272463281755e-07,8.418807764848074,0.039098136954837374,12.0,3.0,0.0,0.0,0.0,0.0,1.0
498,0.37499999458333344,0.7499999891666669,-0.027929724133017697,0.0,2.25,0.34375,-0.34375,1.9784535839571618,-7406.733365217845,7.368272463281755e-07,8.453617122438219,0.03955882627310024,12.0,3.0,0.0,0.0,0.0,0.0,1.0
499,0.37499999458333344,0.7499999891666669,-0.046543918024047,0.0,2.2890625,0.4765625,-0.4765625,1.9869422079646029,-6841.790436884649,7.368272463281755e-07,8.482551707161797,0.0398048542232977,12.0,3.0,0.0,0.0,0.0,0.0,1.0
500,0.37499999458333344,0.7499999891666669,-0.020554883308084644,0.0,2.15625,0.1875,-0.1875,1.8794690420036204,-9005.583604066269,7.368272463281755e-07,8.506532682312859,0.04005970624792907,12.0,3.0,0.0,0.0,0.0,0.0,1.0
