iteration,exploitability,nash_conv,actor_loss,average_lambda,mean_episode_length,mean_return_player0,mean_return_player1,wall_time_sec,scheduler_loss,gate_entropy,gate_regret_norm,gate_avg_utility,handoff_frozen_clusters,handoff_missing_clusters,gate_prob_actor,gate_prob_regret,gate_prob_ra,gate_prob_explore,gate_prob_cfr
1,0.4583333274999997,0.9166666549999994,0.0,0.21851894871829308,2.28125,0.2578125,-0.2578125,2.063024625007529,0.0002466131283828673,1.6069700832236302,0.0,0.0,0.0,0.0,0.18752564719482645,0.21851894871829308,0.18322862118278463,0.20141005669146367,0.20931673238742843
2,0.3481036709711204,0.6962073419422408,-8.12282281038381e-06,0.21303757256747122,2.2421875,0.015625,-0.015625,1.967672583006788,0.00012632440392060598,1.6081722576028379,1.4654627221104384e-09,1.5911104050287311e-12,0.0,0.0,0.19283893766718874,0.21303757256747122,0.18790317033433748,0.20051557121584224,0.20570476041645955
3,0.342713327135439,0.685426654270878,-3.964750252869756e-05,0.20719261619082668,2.2265625,-0.0546875,0.0546875,1.9421974999713711,-0.14475287469594103,1.6088694400954664,0.00924564463336234,-1.5179015120334964e-06,0.0,0.0,0.19772133889951204,0.20719261619082668,0.19238040562261616,0.20031218528747557,0.20239346241741848
4,0.3507573301285603,0.7015146602571206,-2.8025688415386135e-05,0.21263971497581274,2.2890625,-0.046875,0.046875,2.127021749969572,-0.1678737468648791,1.608511715211966,0.022466979530387714,-5.271449479223496e-06,0.0,0.0,0.19528399601120996,0.21263971497581274,0.19066240010408003,0.19895628257416215,0.20245761711646265
5,0.342769040006234,0.685538080012468,-8.139326219854132e-05,0.21804228786911284,2.1875,0.3203125,-0.3203125,1.9081963750068098,-0.17863462310550468,1.6080038045133864,0.037101951466562845,-1.0746900525345401e-05,0.0,0.0,0.19349556948457444,0.21804228786911284,0.18890855168657644,0.19806010627320836,0.20149349527699606
6,0.33219776426491865,0.6643955285298373,-7.914115950506956e-05,0.2239404303154775,2.1875,0.21875,-0.21875,1.8758104580338113,-0.15339137591820742,1.6072277077606747,0.05303461744915694,-1.9823799531100878e-05,0.0,0.0,0.19114189924938338,0.2239404303154775,0.18713026738592556,0.19712380825408868,0.200663598254323
7,0.35937686995735496,0.7187537399147099,-0.00022387068589536374,0.23056592615609317,2.2734375,0.1640625,-0.1640625,2.02485062496271,-0.11378160064649541,1.606028091047228,0.07358905068637493,-3.467842453197534e-05,0.0,0.0,0.1885880649704294,0.23056592615609317,0.1849553330554995,0.19478913813931836,0.20110154023899654
8,0.36162941031038365,0.7232588206207673,-0.00030755395166493237,0.23690072732013567,2.2265625,0.1484375,-0.1484375,1.9487790000275709,-0.1229928147113114,1.6046859155621445,0.09447572266799398,-5.5648599363244955e-05,0.0,0.0,0.18650910451746824,0.23690072732013567,0.1828316979240953,0.19336157660735281,0.20039689697717367
9,0.33611664058937474,0.6722332811787495,-0.0005098778475266407,0.2439617780330298,2.234375,0.2109375,-0.2109375,1.947588499984704,-0.3971818716597411,1.6029134030108685,0.11486028737272136,-8.122686014644387e-05,0.0,0.0,0.18401725918471395,0.2439617780330298,0.1807409524396583,0.19160922939752364,0.19967077979883113
10,0.347792287049934,0.695584574099868,-0.00012114270677188726,0.2513966716773121,2.203125,0.1796875,-0.1796875,1.9361862080404535,-0.2594398130061673,1.6007640801422984,0.1349247899003482,-0.00010782419472358622,0.0,0.0,0.1816752551929325,0.2513966716773121,0.17851594930633585,0.19005664189656576,0.19835549899449584
11,0.30608204131617794,0.6121640826323559,-0.00016535678123930257,0.25968704998925113,2.15625,0.59375,-0.59375,1.8447110419510864,-0.38953835601526976,1.5980209893938424,0.15323389055750644,-0.00013368877357559464,0.0,0.0,0.17878571449630504,0.25968704998925113,0.17609900889405306,0.1885386885724206,0.19688954209719878
12,0.313865659333234,0.627731318666468,-0.0008587358722569014,0.2686984978055441,2.1796875,0.0078125,-0.0078125,1.8636251660063863,-0.32439641693880694,1.5944838575137559,0.17189450511553636,-0.00017529851666372073,0.0,0.0,0.17535307170242392,0.2686984978055441,0.1732782613632927,0.1860560989508065,0.1966140688427033
13,0.28820776018929906,0.5764155203785981,-0.0005581912123458863,0.2777965651952833,2.1640625,0.28125,-0.28125,1.909608667017892,-0.3498456537293183,1.5905206823176856,0.20305331244405048,-0.00022575614636129634,0.0,0.0,0.17191056267018784,0.2777965651952833,0.17065444438035737,0.18365585309073382,0.19598257423307922
14,0.31006853990850897,0.6201370798170179,-0.0004918738367684276,0.28819660812213616,2.3125,-0.03125,0.03125,2.060685791017022,-0.3392671777149411,1.5853814261185157,0.24100564287315743,-0.000295594283443279,0.0,0.0,0.16834123397397027,0.28819660812213616,0.16758353313481486,0.18006370991871162,0.1958149235594917
15,0.30871080793841355,0.6174216158768271,-0.00025892123699849376,0.29873366477125785,2.3046875,0.03125,-0.03125,2.0366757080191746,-0.43858571911262256,1.5797570216453682,0.27439278045009513,-0.00036696089325497877,0.0,0.0,0.1647764541335025,0.29873366477125785,0.1645805593264305,0.17750933695647675,0.19440000476473468
16,0.28768229756760877,0.5753645951352175,-0.000462305580086853,0.31045470863580704,2.34375,-0.046875,0.046875,2.036707666993607,-0.3144207443917791,1.5728398724397024,0.30963638618898887,-0.0004567752173751198,0.0,0.0,0.16115496282776196,0.31045470863580704,0.16128246376911798,0.1742047260204951,0.19290314798553784
17,0.3302625105720862,0.6605250211441724,-0.0006378758139807536,0.3214444330137366,2.2421875,0.34375,-0.34375,2.0037498329766095,-0.5143640093726044,1.5659521747549237,0.3307868846944378,-0.0005428446853367556,0.0,0.0,0.15800555455352372,0.3214444330137366,0.15825059999572275,0.17248008106851412,0.18981934009113377
18,0.3240996210270758,0.6481992420541516,-0.0004067693113153184,0.3355052173137665,2.2890625,0.3125,-0.3125,2.056389292003587,-0.6552335389161883,1.5562106676069136,0.35894922916971456,-0.0006551653337965035,0.0,0.0,0.15393752663208762,0.3355052173137665,0.1546501736490393,0.1690399391964434,0.18686716192411482
19,0.2889993029693704,0.5779986059387408,-0.0013261822778979889,0.3515038157269459,2.328125,0.296875,-0.296875,2.0055227910052054,-0.6438575818815937,1.5440665139447922,0.389410920557566,-0.0007801702446386116,0.0,0.0,0.1492618034349992,0.3515038157269459,0.1506632881476575,0.16530182312598965,0.18326927301467666
20,0.2509078346797089,0.5018156693594178,-0.0009643512369440832,0.36814832165586425,2.3203125,-0.125,0.125,2.0066732080304064,-0.4673799874687486,1.5301317682972662,0.41933678889957565,-0.0009115208797917754,0.0,0.0,0.14471422542225232,0.36814832165586425,0.1461668397842433,0.16104496689356537,0.17992565311767436
21,0.22552150106802515,0.4510430021360503,-0.0007549880453612283,0.38481548628621726,2.2109375,0.1015625,-0.1015625,1.9295962500036694,-0.2922155368816463,1.5150050573551193,0.4500922035270681,-0.0010459320118722342,0.0,0.0,0.1400616275864018,0.38481548628621726,0.14140557295020814,0.1576827535464991,0.1760345728995522
22,0.243837522451934,0.487675044903868,-0.0007417852154205526,0.40690697478775933,2.3671875,0.0078125,-0.0078125,2.047875291958917,-0.517362965326203,1.4926522549229486,0.4959810064950337,-0.0012195507749008054,0.0,0.0,0.13324330061083972,0.40690697478775933,0.13517263871018248,0.15086828378757627,0.173808812455769
23,0.266814490364752,0.533628980729504,-0.0007652222531151823,0.42740189590581684,2.3359375,0.140625,-0.140625,2.0135462500038557,-0.48956581913744623,1.4701838210274942,0.53878295479808,-0.0013993567810454504,0.0,0.0,0.1273180783592339,0.42740189590581684,0.1293412469651388,0.14528958848288226,0.17064920072770837
24,0.28218442947236533,0.5643688589447307,-0.0009097024181378183,0.4491124932896601,2.28125,0.4375,-0.4375,2.0028075840091333,-0.8782816787939264,1.4447835504192195,0.586808800464496,-0.0016154294167449734,0.0,0.0,0.12115712565918492,0.4491124932896601,0.12326931606416833,0.14025058671321772,0.1662104818714808
25,0.2608919506157219,0.5217839012314438,-0.0012121637585193624,0.47533187078865796,2.3125,0.2265625,-0.2265625,2.0040402080048807,-1.3711033531596784,1.411172843865446,0.6402862084408601,-0.0019008470784077265,0.0,0.0,0.1142810748739017,0.47533187078865796,0.11633484244245935,0.13327170644156835,0.16078051667962526
26,0.2576009869166077,0.5152019738332154,-0.0004876125872482316,0.504857081602051,2.2890625,0.3046875,-0.3046875,1.9782928750501014,-1.1360121079189736,1.370338052206072,0.6982977300261458,-0.0022335282859179038,0.0,0.0,0.10657546903187912,0.504857081602051,0.10845694286627981,0.12591436907089612,0.1541961468629056
27,0.23693455229392169,0.47386910458784337,-0.001998210397428567,0.5360919454424676,2.3359375,0.4609375,-0.4609375,2.035528125008568,-0.9430192702303463,1.3237236574740714,0.748760043643415,-0.0025470782408471373,0.0,0.0,0.09892165830302796,0.5360919454424676,0.10077904189709437,0.11785690219804994,0.14635046359687345
28,0.2097178129154856,0.4194356258309712,-0.0020201994224922893,0.5697462595138613,2.3671875,0.0703125,-0.0703125,2.1785509579931386,-0.5408877374038789,1.2682446296458985,0.7822003882999221,-0.002857943347407854,0.0,0.0,0.09073719969972133,0.5697462595138613,0.09221449105849754,0.10899567117195318,0.1383063854901704
29,0.25796167826768096,0.5159233565353619,-0.002896863828582615,0.6023193908409333,2.21875,-0.0234375,0.0234375,1.9251808329718187,-0.5589316089827777,1.2112893483168643,0.8206166125213107,-0.003160243103062991,1.0,0.0,0.08304212730325444,0.6023193908409333,0.0842515751194786,0.1016208326155451,0.12876608755282112
30,0.21300922656085264,0.4260184531217053,-0.003002019611482014,0.6260540986984549,2.21875,0.0,0.0,1.9320082089980133,-0.48570046004098116,1.124803023399087,0.8525936605098346,-0.003376185404097972,1.0,0.0,0.07345507934059896,0.6260540986984549,0.07451768046323683,0.09109488308009966,0.1348782705903893
31,0.2459033863502536,0.4918067727005072,-0.0016536844537896824,0.6621357190112273,2.25,0.0625,-0.0625,1.9257670840015635,-0.6331735042072574,1.050888566881739,0.8805234744213521,-0.003473291740495673,4.0,0.0,0.06491232411159824,0.6621357190112273,0.06577066669706255,0.08136550203845319,0.12581580010656682
32,0.26723530940670304,0.5344706188134061,-0.004011927471495978,0.5386849030567582,2.453125,0.3515625,-0.3515625,2.1303354160045274,-0.9393342559516524,0.7803643423769714,0.9701521813403815,-0.003979541789628153,6.0,0.0,0.046173979379948535,0.5386849030567582,0.04667555665371904,0.05805434707765746,0.31041122498405965
33,0.2561637955296989,0.5123275910593978,-0.0038934675355465106,0.5356380669091712,2.359375,0.171875,-0.171875,2.019143957993947,-1.1875091152657318,0.721001583193126,1.0543404156342149,-0.004523126179265091,8.0,0.0,0.04118781177857459,0.5356380669091712,0.0416634702647956,0.051719817746159254,0.329790852766558
34,0.2598816344082298,0.5197632688164596,-0.003798606338897683,0.37647967526787207,2.2265625,0.171875,-0.171875,1.9623839170089923,-1.6118717267455762,0.47616811244225743,1.1582865991037001,-0.005222626687596362,8.0,1.0,0.026295272378545058,0.37647967526787207,0.02642566917235391,0.03317878974372881,0.5376206064171959
35,0.23518136933918082,0.47036273867836165,-0.004453131779370646,0.3951056818751728,2.125,-0.1796875,0.1796875,1.8384341669734567,-1.7661732003453996,0.44574822078079696,1.2531755689362234,-0.005644416868356281,8.0,1.0,0.023591943112585473,0.3951056818751728,0.023602411575505838,0.030064202160300577,0.5276357557980672
36,0.1947932285241447,0.3895864570482894,-0.004807581245243696,0.4743055550230516,2.3125,0.328125,-0.328125,2.0032130829640664,-0.5750910668422285,0.4258346794253494,1.3173721637576818,-0.005957304199992822,10.0,1.0,0.0202837924510744,0.4743055550230516,0.02032750707144874,0.02627470249914237,0.4588084407654163
37,0.23570961884193825,0.4714192376838765,-0.0038609981475282076,0.23476266820958797,2.328125,0.359375,-0.359375,2.051834499987308,-0.2906915871508501,0.21806587776141315,1.37028727781338,-0.005963911240339965,10.0,3.0,0.010550774596381507,0.23476266820958797,0.010496140576449016,0.01304301510771249,0.7311473983846255
38,0.2964321165546292,0.5928642331092584,-0.0033228263490398973,0.17864273666044436,2.1640625,0.0703125,-0.0703125,1.8968710000044666,-1.5858859560357421,0.16009583007827372,1.4691892505183608,-0.006818180471681343,10.0,3.0,0.007559710905117248,0.17864273666044436,0.007473605869855691,0.009406675231585865,0.796917280041031
39,0.2672670538502817,0.5345341077005634,-0.0032454198800118714,0.11518133846858075,2.046875,0.2734375,-0.2734375,1.8902997500263155,-2.6204918252578793,0.10117136668379069,1.5843339236453176,-0.007895875779569097,10.0,3.0,0.004657081179036439,0.11518133846858075,0.004573629813567372,0.005842998168850673,0.869744953422146
40,0.23733297527690586,0.4746659505538117,-0.003013667640102577,0.15449018845191367,2.03125,-0.34375,0.34375,1.8193840000312775,-2.2161802199787837,0.12095564437024678,1.7054198624359236,-0.008174904686004285,10.0,3.0,0.005217792179722052,0.15449018845191367,0.005102069102800809,0.006632263270708231,0.8285576940155946
41,0.24205217629069561,0.48410435258139123,-0.0018959530615367556,0.1636874421622402,2.015625,-0.453125,0.453125,1.7567539170267992,-1.9010845317249006,0.1097917103118587,1.8201918481952615,-0.008289362902158044,10.0,3.0,0.004380510903375093,0.1636874421622402,0.004267710708659287,0.005651960828045542,0.8220123764733935
42,0.28593828445031944,0.5718765689006389,-0.0022053775162655226,0.19293775484543438,2.015625,-0.1953125,0.1953125,1.763466625008732,-0.8779087424647246,0.10607478914468625,1.7346084678752556,-0.0070613779890764915,10.0,3.0,0.003865135404057512,0.19293775484543438,0.003754063574380653,0.00506843173111132,0.7943746224190145
43,0.21191663453975124,0.4238332690795025,-0.0035290506076955082,0.1566373087493668,2.0859375,0.0234375,-0.0234375,1.835749791993294,-1.6176454610944389,0.07193993159940637,1.9589616978644497,-0.008137770698845593,11.0,3.0,0.0024076024914502204,0.1566373087493668,0.00233223582949308,0.0032083378748947317,0.835414523879687
44,0.3748745248118013,0.7497490496236026,-0.001603790224137705,0.0,2.046875,-0.1796875,0.1796875,1.7839245829964057,-1.520654653894121,7.368272463281755e-07,1.9194602976139221,-0.007783683774808499,11.0,3.0,0.0,0.0,0.0,0.0,1.0
45,0.37499999625,0.7499999925,-0.0013065949052219823,0.0,2.109375,-0.171875,0.171875,1.8344321660115384,-1.9834125446343496,7.368272463281755e-07,1.972274984129601,-0.007871747793615214,11.0,3.0,0.0,0.0,0.0,0.0,1.0
46,0.29176842418286875,0.5835368483657375,-0.002969482061976957,0.0,2.140625,0.0625,-0.0625,1.8524249999900348,-2.979447467460614,7.368272463281755e-07,2.079897968460702,-0.00817022459539708,11.0,3.0,0.0,0.0,0.0,0.0,1.0
47,0.3735050498230915,0.747010099646183,-0.001461303423326965,0.01771645365859107,2.171875,0.25,-0.25,1.8913575420156121,-2.139008278821944,0.0016677971476688465,1.8517582303505729,-0.007279913223995168,11.0,1.0,2.6548269167944468e-05,0.01771645365859107,2.581924752821382e-05,3.7601156488543364e-05,0.9821935771133671
48,0.5403915692235914,1.0807831384471829,0.0016072590064080724,0.08964489590401617,2.328125,-0.09375,0.09375,1.9996491250349209,-0.9169928250033771,0.006240552569310493,1.9402827234430746,-0.007351144208521212,11.0,1.0,9.058504529459864e-05,0.08964489590401617,9.058504529459864e-05,0.00011917804805374385,0.9100547538267061
49,0.5399055524842954,1.0798111049685908,0.0005387314222522761,0.07347355507038257,2.3203125,0.0546875,-0.0546875,1.9932660830090754,-0.2137390060604051,0.004129692189663998,1.890247861600735,-0.006163764130509331,11.0,1.0,7.399118125990585e-05,0.07347355507038257,7.399118125990585e-05,7.399118125990585e-05,0.9263044608136018
50,0.49950322099369,0.99900644198738,0.002211011262820585,0.07947738647460938,2.34375,0.3984375,-0.3984375,2.1023840840207413,-0.9065893923303793,0.003774416026894869,1.7823794251307845,-0.005019961160238988,12.0,0.0,7.985141128301621e-05,0.07947738647460938,7.985141128301621e-05,7.985141128301621e-05,0.9202830562181771
51,0.4017428242639033,0.8034856485278066,0.005381407749391958,0.0,2.5859375,0.0625,-0.0625,2.2261241669766605,3.282026279285943,7.368272463281755e-07,1.2295522530647842,-0.0008419021323788911,12.0,1.0,0.0,0.0,0.0,0.0,1.0
52,0.4166666604166668,0.8333333208333336,0.008510499829622879,0.0,2.4609375,0.0859375,-0.0859375,2.0992012919741683,3.410656495919275,7.368272463281755e-07,0.6173206090927124,0.003862204067991115,12.0,2.0,0.0,0.0,0.0,0.0,1.0
53,0.37499999541666673,0.7499999908333335,0.005596736061243109,0.0,2.3515625,-0.1875,0.1875,2.0905532920151018,1.5419248175572704,7.368272463281755e-07,1.1209996908225797,0.0036204054882876912,12.0,1.0,0.0,0.0,0.0,0.0,1.0
54,0.37499999583333343,0.7499999916666669,0.004720615454006185,0.0,2.1640625,0.1796875,-0.1796875,1.913119166973047,2.1585295497048973,7.368272463281755e-07,1.3001216443048582,0.005072925994075679,12.0,3.0,0.0,0.0,0.0,0.0,1.0
55,0.3333333295833334,0.6666666591666668,0.0022079024281494233,0.0,2.0703125,0.2578125,-0.2578125,1.7848820830113254,0.9745840803417924,7.368272463281755e-07,1.1350661743846204,0.003560592210204858,12.0,3.0,0.0,0.0,0.0,0.0,1.0
56,0.33258776229134057,0.6651755245826811,0.004924022863359798,0.0,2.0546875,0.1953125,-0.1953125,1.78136716701556,1.8174287816982309,7.368272463281755e-07,1.1071045390433736,0.002770478054622395,12.0,3.0,0.0,0.0,0.0,0.0,1.0
57,0.41666666161636057,0.8333333232327211,0.004234117760236567,0.0,2.09375,0.3125,-0.3125,1.8078877910156734,4.142980326573082,7.368272463281755e-07,1.3397403342856302,0.004622803502974825,12.0,3.0,0.0,0.0,0.0,0.0,1.0
58,0.4999999941099551,0.9999999882199102,0.0033960544753666973,0.0,2.0390625,0.515625,-0.515625,1.744403125019744,2.142155597775088,7.368272463281755e-07,1.5203653540876176,0.005195307622974117,12.0,3.0,0.0,0.0,0.0,0.0,1.0
59,0.49997876635953,0.99995753271906,0.007153992115336683,0.0,2.1015625,0.2734375,-0.2734375,1.7890909589477815,3.0060862333973555,7.368272463281755e-07,1.6115485548973083,0.005054032134648878,12.0,2.0,0.0,0.0,0.0,0.0,1.0
60,0.4998241407641748,0.9996482815283496,0.004473945952071478,0.0,2.0546875,0.328125,-0.328125,1.782102917029988,1.8165629391036429,7.368272463281755e-07,1.7471820910771687,0.005327415458547573,12.0,3.0,0.0,0.0,0.0,0.0,1.0
61,0.49995367028977133,0.9999073405795427,0.00473572032504759,0.0,2.1015625,0.390625,-0.390625,1.8228348750271834,1.3773709633915572,7.368272463281755e-07,1.8211354882352881,0.005430226602281134,12.0,3.0,0.0,0.0,0.0,0.0,1.0
62,0.49999999500000003,0.9999999900000001,0.005076711931385747,0.0,2.1484375,0.2578125,-0.2578125,1.8903585840016603,2.693634935455272,7.368272463281755e-07,2.056545161331693,0.0018738142074046966,12.0,0.0,0.0,0.0,0.0,0.0,1.0
63,0.41666666208333336,0.8333333241666667,0.003923185921234129,0.0,2.1328125,0.3515625,-0.3515625,1.8390335419680923,3.1965895385770926,7.368272463281755e-07,2.2839245782657103,0.0022324075133920733,12.0,1.0,0.0,0.0,0.0,0.0,1.0
64,0.37499999541666673,0.7499999908333335,0.0038627122803497793,0.0,2.265625,0.109375,-0.109375,1.9462661249563098,4.513519348223078,7.368272463281755e-07,2.1234656050801277,0.0023401001478002095,12.0,0.0,0.0,0.0,0.0,0.0,1.0
65,0.29166666291666676,0.5833333258333335,0.005425395451433238,0.0,2.3125,0.2109375,-0.2109375,2.0012766669970006,6.119633169088428,7.368272463281755e-07,1.8950769102031535,0.001511037357638336,12.0,1.0,0.0,0.0,0.0,0.0,1.0
66,0.29166666291666676,0.5833333258333335,0.005007734544104431,0.0,2.328125,0.078125,-0.078125,2.032954875030555,5.8539059914010005,7.368272463281755e-07,1.9275813167068092,0.0017008056694811041,12.0,1.0,0.0,0.0,0.0,0.0,1.0
67,0.29166666291666676,0.5833333258333335,0.006253143404347348,0.0,2.5390625,-0.2421875,0.2421875,2.229799709049985,4.724714172261458,7.368272463281755e-07,1.940960774367506,0.001993079698877409,12.0,1.0,0.0,0.0,0.0,0.0,1.0
68,0.33333332875000005,0.6666666575000001,0.004008965401387342,0.0,2.5078125,0.0234375,-0.0234375,2.1439387500286102,3.3862955510974535,7.368272463281755e-07,1.9882275438444181,0.001995725284690376,12.0,1.0,0.0,0.0,0.0,0.0,1.0
69,0.29166666250000006,0.5833333250000001,0.00673110397920788,0.0,2.546875,0.0,0.0,2.167046374990605,2.7442580716446385,7.368272463281755e-07,2.074066152626818,0.0017571855410510166,12.0,1.0,0.0,0.0,0.0,0.0,1.0
70,0.31249999625,0.6249999925,0.004828647025897093,0.0,2.421875,-0.09375,0.09375,2.0775102920015343,3.466729501966667,7.368272463281755e-07,2.106971127743071,0.00134136275367134,12.0,1.0,0.0,0.0,0.0,0.0,1.0
71,0.29166666250000006,0.5833333250000001,0.005930041391849568,0.0,2.40625,0.078125,-0.078125,2.0453358339727856,2.5196536023433107,7.368272463281755e-07,2.3830312751233578,0.0020067853474756703,12.0,0.0,0.0,0.0,0.0,0.0,1.0
72,0.33571423837368064,0.6714284767473613,0.0031796949557591266,0.0,2.4140625,-0.1875,0.1875,2.075979333021678,3.186262042792758,7.368272463281755e-07,2.170261029492725,0.0007093876007605683,12.0,1.0,0.0,0.0,0.0,0.0,1.0
73,0.4226900174835223,0.8453800349670446,0.004842541403703766,0.0,2.5703125,-0.0234375,0.0234375,2.190921583038289,2.369913017973399,7.368272463281755e-07,2.2345099286599592,0.0008926067596555433,12.0,1.0,0.0,0.0,0.0,0.0,1.0
74,0.42685141098557455,0.8537028219711491,0.004952807064632606,0.0,2.484375,0.21875,-0.21875,2.1359826250118203,1.981138951126076,7.368272463281755e-07,2.2952539013190703,0.0009795394302769141,12.0,1.0,0.0,0.0,0.0,0.0,1.0
75,0.4977574972780364,0.9955149945560728,0.003410026242879481,0.0,2.4609375,0.40625,-0.40625,2.14584916702006,0.33591117102838497,7.368272463281755e-07,2.5579467372347913,0.002126713714460493,12.0,0.0,0.0,0.0,0.0,0.0,1.0
76,0.49922408998982104,0.9984481799796421,0.0027799381037333037,0.0,2.34375,0.2109375,-0.2109375,2.024438916007057,0.6891887538836454,7.368272463281755e-07,2.7843723622235386,0.0024469736460807985,12.0,1.0,0.0,0.0,0.0,0.0,1.0
77,0.49961596289625865,0.9992319257925173,0.006247747288277233,0.0,2.3515625,0.2734375,-0.2734375,2.025393875024747,0.5268686600096185,7.368272463281755e-07,2.8015232729640873,0.0025737190100533717,12.0,1.0,0.0,0.0,0.0,0.0,1.0
78,0.49998877764885674,0.9999775552977135,0.0037349389958237335,0.0,2.3984375,0.2421875,-0.2421875,2.140646249987185,0.23049816994365466,7.368272463281755e-07,2.8127173456278713,0.002679034267202951,12.0,1.0,0.0,0.0,0.0,0.0,1.0
79,0.45832441805230784,0.9166488361046157,0.003161800220622117,0.0,2.2265625,0.4765625,-0.4765625,1.917817500012461,0.030898237867248164,7.368272463281755e-07,1.9287495782429522,0.006952214538283773,12.0,1.0,0.0,0.0,0.0,0.0,1.0
80,0.41665079621109413,0.8333015924221883,0.005440767387537358,0.0,2.2734375,0.03125,-0.03125,2.020582375000231,0.3540702801811048,7.368272463281755e-07,2.184676986601618,0.008031232806388289,12.0,3.0,0.0,0.0,0.0,0.0,1.0
81,0.41664131300100593,0.8332826260020119,0.0012581496244340234,0.0,2.1640625,0.1796875,-0.1796875,1.8539261250407435,0.35703874236525,7.368272463281755e-07,2.191529020667076,0.007881489116698503,12.0,3.0,0.0,0.0,0.0,0.0,1.0
82,0.4166490398442405,0.833298079688481,0.0034222230603024764,0.0,2.140625,0.21875,-0.21875,1.8568421669770032,0.39400173514914855,7.368272463281755e-07,1.963010542772033,0.006748491303369519,12.0,1.0,0.0,0.0,0.0,0.0,1.0
83,0.45833332787622116,0.9166666557524423,0.0043190630510741455,0.0,2.171875,0.296875,-0.296875,1.899335709051229,0.7149793851296518,7.368272463281755e-07,2.1437397345900537,0.0072695494163781404,12.0,2.0,0.0,0.0,0.0,0.0,1.0
84,0.45833332786515824,0.9166666557303165,0.004789435666843522,0.0,2.3046875,0.21875,-0.21875,1.9976354170357808,0.441754471973153,7.368272463281755e-07,1.9926649779081345,0.006842678201130845,12.0,1.0,0.0,0.0,0.0,0.0,1.0
85,0.4999999941086779,0.9999999882173558,0.0036068456466170577,0.0,2.2421875,0.375,-0.375,1.9485634589800611,0.1968129789598695,7.368272463281755e-07,2.2683054308096566,0.008104480292078935,12.0,3.0,0.0,0.0,0.0,0.0,1.0
86,0.4977343508898159,0.9954687017796318,0.004874350406615468,0.0,2.21875,0.3671875,-0.3671875,1.9936349170166068,0.08687252375792423,7.368272463281755e-07,2.0978410795331,0.007594391901511699,12.0,2.0,0.0,0.0,0.0,0.0,1.0
87,0.49999999166666675,0.9999999833333335,0.0016708210778690396,0.0,2.234375,-0.0859375,0.0859375,1.9529840829782188,0.2843230293772242,7.368272463281755e-07,2.3460147049691944,0.008683374410288202,12.0,3.0,0.0,0.0,0.0,0.0,1.0
88,0.49999999166666675,0.9999999833333335,0.004692088085623263,0.0,2.3671875,0.1171875,-0.1171875,2.008752416993957,0.8706564706014069,7.368272463281755e-07,1.7635221183300018,0.006324461445910856,12.0,2.0,0.0,0.0,0.0,0.0,1.0
89,0.4166666608333334,0.8333333216666668,0.005015272372117069,0.0,2.3984375,0.09375,-0.09375,2.163060625025537,0.8883578974597387,7.368272463281755e-07,1.7810025535523892,0.006491103244479745,12.0,2.0,0.0,0.0,0.0,0.0,1.0
90,0.4166666608333334,0.8333333216666668,0.004063973170396087,0.0,2.4140625,0.25,-0.25,2.0577117080101743,1.2690393300689335,7.368272463281755e-07,1.8296238869428634,0.006761733413441107,12.0,2.0,0.0,0.0,0.0,0.0,1.0
91,0.4166666608333334,0.8333333216666668,0.0064704047249018225,0.0,2.5,-0.046875,0.046875,2.1298681250191294,1.252340345322591,7.368272463281755e-07,1.8825532853603364,0.007046655972953886,12.0,2.0,0.0,0.0,0.0,0.0,1.0
92,0.4166666608333334,0.8333333216666668,0.004990153826271134,0.0,2.3984375,0.03125,-0.03125,2.0942359999753535,1.264319109420993,7.368272463281755e-07,1.9300791412591933,0.0073107977979816495,12.0,2.0,0.0,0.0,0.0,0.0,1.0
93,0.33333332916666675,0.6666666583333335,0.0047130580022227715,0.0,2.4921875,0.0,0.0,2.2698727080132812,1.3339662515663404,7.368272463281755e-07,1.972808265686035,0.007436088635586202,12.0,2.0,0.0,0.0,0.0,0.0,1.0
94,0.33333332916666675,0.6666666583333335,0.0030709193508056294,0.0,2.515625,0.09375,-0.09375,2.266708542010747,1.4545773335339165,7.368272463281755e-07,2.6970088481903076,0.002458126363556155,12.0,1.0,0.0,0.0,0.0,0.0,1.0
95,0.33333332916666675,0.6666666583333335,0.004102403941639904,0.0,2.5078125,-0.0546875,0.0546875,2.1944913750048727,1.4424916125407494,7.368272463281755e-07,2.701538549228148,0.0024546641613018105,12.0,1.0,0.0,0.0,0.0,0.0,1.0
96,0.33333332916666675,0.6666666583333335,0.004834558150885494,0.0,2.484375,-0.0234375,0.0234375,2.156251374981366,1.5299322324301228,7.368272463281755e-07,2.7112418575720354,0.0023666826971086925,12.0,1.0,0.0,0.0,0.0,0.0,1.0
97,0.33333332916666675,0.6666666583333335,0.001981294507475891,0.0,2.5546875,0.171875,-0.171875,2.2663547919946723,1.3212420763148833,7.368272463281755e-07,2.7237905805761162,0.0021945249490355227,12.0,1.0,0.0,0.0,0.0,0.0,1.0
98,0.37499999541666673,0.7499999908333335,0.004809956386446848,0.0,2.578125,0.1171875,-0.1171875,2.2172952920082025,1.427410949010289,7.368272463281755e-07,2.756153380328959,0.002144358612977984,12.0,1.0,0.0,0.0,0.0,0.0,1.0
99,0.37499999541666673,0.7499999908333335,0.005653414531506096,0.0,2.4921875,0.2109375,-0.2109375,2.116806624981109,1.1905991905835986,7.368272463281755e-07,2.7909173396500675,0.002265889721456915,12.0,1.0,0.0,0.0,0.0,0.0,1.0
100,0.41666666125000007,0.8333333225000001,0.00444509910814164,0.0,2.4609375,0.359375,-0.359375,2.144052791001741,1.0707487067207695,7.368272463281755e-07,2.820849220861088,0.0024164896035058932,12.0,1.0,0.0,0.0,0.0,0.0,1.0
101,0.41666666125000007,0.8333333225000001,0.004343217353458207,0.0,2.5625,0.0078125,-0.0078125,2.2018397920182906,1.1214293825692816,7.368272463281755e-07,2.8321905109015377,0.0024275216697291894,12.0,1.0,0.0,0.0,0.0,0.0,1.0
102,0.41666666125000007,0.8333333225000001,0.004081385511635202,0.0,2.609375,0.0546875,-0.0546875,2.234599707997404,0.9924525926614592,7.368272463281755e-07,2.8408406133001503,0.0023788834011859513,12.0,1.0,0.0,0.0,0.0,0.0,1.0
103,0.37499999541666673,0.7499999908333335,0.004422491151031478,0.0,2.484375,0.078125,-0.078125,2.1395173330092803,1.0608053426082544,7.368272463281755e-07,2.8578286414796654,0.002423022873699665,12.0,1.0,0.0,0.0,0.0,0.0,1.0
104,0.37499999541666673,0.7499999908333335,0.0023707204708076387,0.0,2.6015625,0.1640625,-0.1640625,2.2242454169900157,1.1692797439116929,7.368272463281755e-07,2.8877808451652527,0.002580982796974819,12.0,1.0,0.0,0.0,0.0,0.0,1.0
105,0.37499999541666673,0.7499999908333335,0.0034816708874475257,0.0,2.4921875,0.359375,-0.359375,2.125700875010807,1.0311933396833723,7.368272463281755e-07,2.9158477891575205,0.0027418645490384238,12.0,1.0,0.0,0.0,0.0,0.0,1.0
106,0.37499999541666673,0.7499999908333335,0.0025286311600623505,0.0,2.7421875,-0.125,0.125,2.3337088340194896,1.2226244578551915,7.368272463281755e-07,2.943453485315496,0.002922054740007628,12.0,1.0,0.0,0.0,0.0,0.0,1.0
107,0.37499999541666673,0.7499999908333335,0.003037686666101635,0.0,2.6484375,-0.125,0.125,2.267664082988631,1.2169598087140945,7.368272463281755e-07,2.9374047531323,0.0032421441124328835,12.0,1.0,0.0,0.0,0.0,0.0,1.0
108,0.37499999541666673,0.7499999908333335,0.00626952374800274,0.0,2.65625,-0.0703125,0.0703125,2.3163155419752,1.2638767417246366,7.368272463281755e-07,2.9354772540656002,0.0036262151393616064,12.0,1.0,0.0,0.0,0.0,0.0,1.0
109,0.37499999541666673,0.7499999908333335,0.006950644831735733,0.0,2.7578125,0.0703125,-0.0703125,2.4427181250066496,1.159825929311281,7.368272463281755e-07,2.9307290464639664,0.004138900580900637,12.0,1.0,0.0,0.0,0.0,0.0,1.0
110,0.37499999541666673,0.7499999908333335,0.003916040451108979,0.0,2.7265625,0.0703125,-0.0703125,2.308432875026483,0.9905350444849079,7.368272463281755e-07,2.935716994784095,0.004737590825904838,12.0,1.0,0.0,0.0,0.0,0.0,1.0
111,0.37499999541666673,0.7499999908333335,0.004219716251295999,0.0,2.734375,0.1171875,-0.1171875,2.3093620839645155,1.059430440579142,7.368272463281755e-07,2.950100061568347,0.00489624438341707,12.0,1.0,0.0,0.0,0.0,0.0,1.0
112,0.37499999541666673,0.7499999908333335,0.004097622383008762,0.0,2.6953125,0.0078125,-0.0078125,2.3497867500409484,1.1670539156196342,7.368272463281755e-07,2.9711387116800654,0.005013466082428667,12.0,1.0,0.0,0.0,0.0,0.0,1.0
113,0.37499999541666673,0.7499999908333335,0.005123558024731891,0.0,2.515625,0.1015625,-0.1015625,2.221092874999158,1.284925935489143,7.368272463281755e-07,2.979753152890639,0.005147492858337831,12.0,1.0,0.0,0.0,0.0,0.0,1.0
114,0.4166666608333334,0.8333333216666668,0.0019381624527138044,0.0,2.578125,0.140625,-0.140625,2.2088268749648705,1.204503988409697,7.368272463281755e-07,2.9972053982994775,0.00529584345944882,12.0,1.0,0.0,0.0,0.0,0.0,1.0
115,0.4166666608333334,0.8333333216666668,0.0018995903065278487,0.0,2.4921875,-0.0546875,0.0546875,2.1262297080247663,1.299833446800954,7.368272463281755e-07,2.43793046977371,0.010471499917912297,12.0,2.0,0.0,0.0,0.0,0.0,1.0
116,0.4166666608333334,0.8333333216666668,0.0019166020727489196,0.0,2.4140625,0.3515625,-0.3515625,2.0664939580019563,1.1018828784739507,7.368272463281755e-07,2.466570786386728,0.010499598435126245,12.0,2.0,0.0,0.0,0.0,0.0,1.0
117,0.4166666608333334,0.8333333216666668,0.004009003539331755,0.0,2.4375,0.078125,-0.078125,2.071601083036512,1.1802896819068478,7.368272463281755e-07,2.5004222221672534,0.01069339148234576,12.0,2.0,0.0,0.0,0.0,0.0,1.0
118,0.4166666608333334,0.8333333216666668,0.002474559991556904,0.0,2.4296875,0.2265625,-0.2265625,2.176851790980436,1.079309792942113,7.368272463281755e-07,2.5323149770498277,0.010882775136269628,12.0,2.0,0.0,0.0,0.0,0.0,1.0
119,0.4166666608333334,0.8333333216666668,0.00348776075062519,0.0,2.296875,0.3203125,-0.3203125,1.967157875013072,0.8794137240390667,7.368272463281755e-07,2.5588713228702544,0.011060238334175665,12.0,2.0,0.0,0.0,0.0,0.0,1.0
120,0.4166666608333334,0.8333333216666668,0.006723180932766617,0.0,2.421875,0.2109375,-0.2109375,2.06318229198223,1.2128132738879012,7.368272463281755e-07,2.5868543833494186,0.011249966255854815,12.0,2.0,0.0,0.0,0.0,0.0,1.0
121,0.4166666608333334,0.8333333216666668,0.002665172026120909,0.0,2.5078125,0.328125,-0.328125,2.1791010000160895,0.7876104216419184,7.368272463281755e-07,2.6180953945964576,0.011371452417370165,12.0,2.0,0.0,0.0,0.0,0.0,1.0
122,0.4166666608333334,0.8333333216666668,0.003605707119456154,0.0,2.5703125,0.0703125,-0.0703125,2.167970874987077,1.139178237423448,7.368272463281755e-07,2.6495973322540523,0.01151672517589759,12.0,2.0,0.0,0.0,0.0,0.0,1.0
123,0.4166666608333334,0.8333333216666668,0.0006338336833850853,0.0,2.578125,0.0234375,-0.0234375,2.2049825419671834,1.0403258940670639,7.368272463281755e-07,2.6806570306420325,0.011721691236016341,12.0,2.0,0.0,0.0,0.0,0.0,1.0
124,0.4166666608333334,0.8333333216666668,0.0043790692688493935,0.0,2.59375,0.078125,-0.078125,2.196250125009101,1.0860082634012158,7.368272463281755e-07,2.7102344568818806,0.011903927268576808,12.0,2.0,0.0,0.0,0.0,0.0,1.0
125,0.4166666608333334,0.8333333216666668,0.00274453772396452,0.0,2.640625,-0.09375,0.09375,2.2634955830289982,1.078452737574857,7.368272463281755e-07,2.739984154701233,0.012103018062771299,12.0,2.0,0.0,0.0,0.0,0.0,1.0
126,0.4166666608333334,0.8333333216666668,0.005111049969652485,0.0,2.5859375,0.09375,-0.09375,2.219397500040941,1.0896776967718522,7.368272463281755e-07,2.768794268742204,0.012295470228127669,12.0,2.0,0.0,0.0,0.0,0.0,1.0
127,0.4166666608333334,0.8333333216666668,0.00181589645482691,0.0,2.6484375,-0.296875,0.296875,2.2731134580099024,1.3102261591304347,7.368272463281755e-07,2.79890823289752,0.012510815679706865,12.0,2.0,0.0,0.0,0.0,0.0,1.0
128,0.4166666608333334,0.8333333216666668,0.004578487794121554,0.0,2.5703125,0.09375,-0.09375,2.25440262502525,1.1480523957913362,7.368272463281755e-07,2.8263203404843806,0.012709317573171574,12.0,2.0,0.0,0.0,0.0,0.0,1.0
129,0.4166666608333334,0.8333333216666668,0.004692397261788443,0.0,2.4140625,0.203125,-0.203125,2.0423757909447886,1.329425121170791,7.368272463281755e-07,2.8457917368039487,0.012911298489234469,12.0,2.0,0.0,0.0,0.0,0.0,1.0
130,0.4166666608333334,0.8333333216666668,0.005283902196532052,0.0,2.375,0.171875,-0.171875,2.0399034580332227,1.1335044679152289,7.368272463281755e-07,2.865530866757035,0.013113709143362939,12.0,2.0,0.0,0.0,0.0,0.0,1.0
131,0.4166666608333334,0.8333333216666668,0.0016973979623451407,0.0,2.453125,0.078125,-0.078125,2.1038088749628514,1.0452467761162645,7.368272463281755e-07,2.887520923279226,0.0133160512894392,12.0,2.0,0.0,0.0,0.0,0.0,1.0
132,0.37499999541666673,0.7499999908333335,0.006343771384376336,0.0,2.2421875,0.2734375,-0.2734375,1.9115666249999776,1.617842102197781,7.368272463281755e-07,2.90554781537503,0.013466293825695174,12.0,2.0,0.0,0.0,0.0,0.0,1.0
133,0.37499999541666673,0.7499999908333335,0.0031216531081143446,0.0,2.328125,0.1328125,-0.1328125,2.0266111659584567,1.8899599062607018,7.368272463281755e-07,3.4321686517955228,0.00818234243607466,12.0,1.0,0.0,0.0,0.0,0.0,1.0
134,0.37499999541666673,0.7499999908333335,0.004008542162928656,0.0,2.4921875,0.140625,-0.140625,2.135026875010226,1.3465835745081445,7.368272463281755e-07,3.4396514730020002,0.008336765962502051,12.0,1.0,0.0,0.0,0.0,0.0,1.0
135,0.37499999541666673,0.7499999908333335,0.002157276953432547,0.0,2.4921875,-0.1015625,0.1015625,2.133590124954935,1.537719065021303,7.368272463281755e-07,3.456605852666226,0.008431638459693535,12.0,1.0,0.0,0.0,0.0,0.0,1.0
136,0.37499999541666673,0.7499999908333335,0.006812942424879342,0.0,2.671875,0.09375,-0.09375,2.261054457980208,1.0610981945660543,7.368272463281755e-07,3.47779394662939,0.00853994492023379,12.0,1.0,0.0,0.0,0.0,0.0,1.0
137,0.37499999541666673,0.7499999908333335,0.005113784027437918,0.0,2.65625,0.0078125,-0.0078125,2.3458955839741975,1.1176714114481858,7.368272463281755e-07,3.5096181819046084,0.00865814293832624,12.0,1.0,0.0,0.0,0.0,0.0,1.0
138,0.37499999541666673,0.7499999908333335,0.003091323402951664,0.0,2.625,0.2265625,-0.2265625,2.2310174589511007,1.1885819781628448,7.368272463281755e-07,3.538885842924091,0.008805702495341062,12.0,1.0,0.0,0.0,0.0,0.0,1.0
139,0.37499999541666673,0.7499999908333335,0.002769025936042993,0.0,2.65625,-0.171875,0.171875,2.269805832998827,1.228603175542016,7.368272463281755e-07,3.566288515290415,0.008959714695844345,12.0,1.0,0.0,0.0,0.0,0.0,1.0
140,0.37499999541666673,0.7499999908333335,0.0020448280918562503,0.0,2.640625,0.0625,-0.0625,2.3721226250054315,0.9747080583533151,7.368272463281755e-07,3.591199857987125,0.009099508754264785,12.0,1.0,0.0,0.0,0.0,0.0,1.0
141,0.37499999541666673,0.7499999908333335,0.0011901328876406463,0.0,2.640625,0.046875,-0.046875,2.3241324159898795,1.064429336711048,7.368272463281755e-07,3.6169554679442872,0.009277203111826731,12.0,1.0,0.0,0.0,0.0,0.0,1.0
142,0.37499999541666673,0.7499999908333335,0.003992302706109013,0.0,2.7265625,-0.0078125,0.0078125,2.369727374985814,1.1675869596035975,7.368272463281755e-07,3.643170265412085,0.009452480962533049,12.0,1.0,0.0,0.0,0.0,0.0,1.0
143,0.37499999541666673,0.7499999908333335,0.004860007452916935,0.0,2.7578125,-0.0859375,0.0859375,2.342600208008662,1.2531891991041348,7.368272463281755e-07,3.6438759869303214,0.009138641764531547,12.0,1.0,0.0,0.0,0.0,0.0,1.0
144,0.37499999541666673,0.7499999908333335,0.0014721026572405817,0.0,2.703125,0.1015625,-0.1015625,2.3015511659905314,1.1631547087935377,7.368272463281755e-07,3.6668578567491337,0.008857182053775019,12.0,1.0,0.0,0.0,0.0,0.0,1.0
145,0.37499999541666673,0.7499999908333335,0.0038865249703903355,0.0,2.5546875,0.3046875,-0.3046875,2.25426920800237,1.1963878883659806,7.368272463281755e-07,3.6998437878421764,0.008507245890954933,12.0,1.0,0.0,0.0,0.0,0.0,1.0
146,0.37499999541666673,0.7499999908333335,0.0043041271152197864,0.0,2.4140625,0.2890625,-0.2890625,2.0977296250057407,1.5175204796552308,7.368272463281755e-07,3.739426175979051,0.008185047840180976,12.0,1.0,0.0,0.0,0.0,0.0,1.0
147,0.37499999541666673,0.7499999908333335,0.0041303591214078405,0.0,2.2734375,-0.140625,0.140625,1.9507603339734487,2.0563549612019902,7.368272463281755e-07,3.781891430643472,0.008315499877260829,12.0,1.0,0.0,0.0,0.0,0.0,1.0
148,0.37499999541666673,0.7499999908333335,0.0015060286266985329,0.0,2.46875,0.0390625,-0.0390625,2.0834217500523664,1.6093990668695703,7.368272463281755e-07,3.831971512938088,0.008509097784884612,12.0,1.0,0.0,0.0,0.0,0.0,1.0
149,0.37499999541666673,0.7499999908333335,0.004021424845760272,0.0,2.3984375,0.3125,-0.3125,2.0411983329686336,1.618027169180045,7.368272463281755e-07,3.884349574419585,0.008637445169204677,12.0,1.0,0.0,0.0,0.0,0.0,1.0
150,0.37499999541666673,0.7499999908333335,0.003506509065817679,0.0,2.4765625,0.0703125,-0.0703125,2.1745269169914536,1.3520696283074254,7.368272463281755e-07,3.920945108275522,0.008798849550657906,12.0,1.0,0.0,0.0,0.0,0.0,1.0
151,0.37499999541666673,0.7499999908333335,0.0005092720761361346,0.0,2.59375,0.3359375,-0.3359375,2.197589292016346,1.0677897153984677,7.368272463281755e-07,3.9499714090065523,0.008958997230034915,12.0,1.0,0.0,0.0,0.0,0.0,1.0
152,0.37499999541666673,0.7499999908333335,0.004516343827842335,0.0,2.625,0.265625,-0.265625,2.262806124985218,1.2882543282418435,7.368272463281755e-07,3.9792503128674896,0.009134853110564027,12.0,1.0,0.0,0.0,0.0,0.0,1.0
153,0.37499999541666673,0.7499999908333335,0.0010435207924390628,0.0,2.7578125,0.1640625,-0.1640625,2.3690396249876358,1.1263233841507017,7.368272463281755e-07,4.0083631393923005,0.009291848417474697,12.0,1.0,0.0,0.0,0.0,0.0,1.0
154,0.4166666608333334,0.8333333216666668,0.005742813239314914,0.0,2.6640625,0.1640625,-0.1640625,2.2747005420387723,0.9670241951438546,7.368272463281755e-07,3.961197411726144,0.010216507000388281,12.0,1.0,0.0,0.0,0.0,0.0,1.0
155,0.4166666608333334,0.8333333216666668,-0.0004766012840585127,0.0,2.484375,0.140625,-0.140625,2.098911250010133,1.120558175903748,7.368272463281755e-07,3.4665102825965732,0.018404961136366183,12.0,2.0,0.0,0.0,0.0,0.0,1.0
156,0.4166666608333334,0.8333333216666668,0.003200132660781758,0.0,2.609375,0.015625,-0.015625,2.2390279170358554,1.1487714129062314,7.368272463281755e-07,3.5038615280529486,0.018598519233091793,12.0,2.0,0.0,0.0,0.0,0.0,1.0
157,0.4166666608333334,0.8333333216666668,0.0029614260343814687,0.0,2.5078125,0.1640625,-0.1640625,2.1285900420043617,0.946409389321878,7.368272463281755e-07,3.5432443250669166,0.018829483287481706,12.0,2.0,0.0,0.0,0.0,0.0,1.0
158,0.4166666608333334,0.8333333216666668,0.0056454768413068965,0.0,2.6484375,0.015625,-0.015625,2.26103245804552,1.1972053960246614,7.368272463281755e-07,3.585659563844092,0.01909563678309496,12.0,2.0,0.0,0.0,0.0,0.0,1.0
159,0.4166666608333334,0.8333333216666668,0.003628741587262963,0.0,2.671875,-0.21875,0.21875,2.3658507079817355,1.2534280337892985,7.368272463281755e-07,3.626492268801667,0.019348268560133875,12.0,2.0,0.0,0.0,0.0,0.0,1.0
160,0.4166666608333334,0.8333333216666668,0.0038714869169972138,0.0,2.5546875,0.2421875,-0.2421875,2.2143237499985844,0.8482541727359244,7.368272463281755e-07,3.665561389224604,0.019577236811164765,12.0,2.0,0.0,0.0,0.0,0.0,1.0
161,0.4166666608333334,0.8333333216666668,-0.001142548137364585,0.0,2.3515625,0.1953125,-0.1953125,2.031232709006872,0.9940904883232333,7.368272463281755e-07,3.695664905477315,0.019777796224298073,12.0,2.0,0.0,0.0,0.0,0.0,1.0
162,0.4166666608333334,0.8333333216666668,0.0024455482061179167,0.0,2.25,0.2734375,-0.2734375,1.930988832958974,1.5156898237853764,7.368272463281755e-07,3.724167903745547,0.01996253195211466,12.0,2.0,0.0,0.0,0.0,0.0,1.0
163,0.4166666608333334,0.8333333216666668,0.004405211224470875,0.0,2.1875,0.046875,-0.046875,1.8524403750197962,1.7739965304229242,7.368272463281755e-07,3.752590401377529,0.02014790754983551,12.0,2.0,0.0,0.0,0.0,0.0,1.0
164,0.4166666608333334,0.8333333216666668,0.0027860615398909673,0.0,2.3046875,0.0625,-0.0625,1.9535118750063702,1.8792385113654437,7.368272463281755e-07,3.787121903523803,0.0203895781232859,12.0,2.0,0.0,0.0,0.0,0.0,1.0
165,0.4166666608333334,0.8333333216666668,0.003333666666561601,0.0,2.2109375,0.2890625,-0.2890625,1.890175584005192,1.5364916048048873,7.368272463281755e-07,3.8185168195515873,0.020602462234091946,12.0,2.0,0.0,0.0,0.0,0.0,1.0
166,0.4166666608333334,0.8333333216666668,0.0014295632018227874,0.0,2.265625,0.2109375,-0.2109375,1.9518741250503808,1.5295082011810055,7.368272463281755e-07,3.851211394369602,0.02083351137698628,12.0,2.0,0.0,0.0,0.0,0.0,1.0
167,0.4166666608333334,0.8333333216666668,0.0018160696069599758,0.0,2.4453125,0.109375,-0.109375,2.1733825420378707,1.2357143040306824,7.368272463281755e-07,3.8909174744039774,0.021083879997604527,12.0,2.0,0.0,0.0,0.0,0.0,1.0
168,0.4166666608333334,0.8333333216666668,0.0015919396347356452,0.0,2.4921875,-0.0390625,0.0390625,2.1565451250062324,1.4736856443027975,7.368272463281755e-07,3.9297611210495234,0.02129369562244392,12.0,2.0,0.0,0.0,0.0,0.0,1.0
169,0.4166666608333334,0.8333333216666668,0.0035748661715425166,0.0,2.40625,0.109375,-0.109375,2.226787667023018,1.2468993807409576,7.368272463281755e-07,3.9625183187425135,0.021473651705309748,12.0,2.0,0.0,0.0,0.0,0.0,1.0
170,0.4166666608333334,0.8333333216666668,0.000570856323702456,0.0,2.546875,0.125,-0.125,2.2021324589732103,0.9677029961075182,7.368272463281755e-07,3.9984233680181207,0.02168917385133682,12.0,2.0,0.0,0.0,0.0,0.0,1.0
171,0.37499999541666673,0.7499999908333335,0.0037398926898950576,0.0,2.5859375,-0.0078125,0.0078125,2.2069751659873873,1.435379448596858,7.368272463281755e-07,4.037404173798859,0.021896679585188393,12.0,2.0,0.0,0.0,0.0,0.0,1.0
172,0.37499999541666673,0.7499999908333335,0.002258217884521968,0.0,2.65625,0.03125,-0.03125,2.2878682499867864,1.1927189257862183,7.368272463281755e-07,4.5483548533679405,0.013586222188182133,12.0,1.0,0.0,0.0,0.0,0.0,1.0
173,0.37499999541666673,0.7499999908333335,0.0030777563898591294,0.0,2.6171875,0.1484375,-0.1484375,2.2428147090249695,1.1897882070593926,7.368272463281755e-07,4.592014754360372,0.013728130684863903,12.0,1.0,0.0,0.0,0.0,0.0,1.0
174,0.37499999541666673,0.7499999908333335,0.003985292976390828,0.0,2.609375,0.140625,-0.140625,2.2630640830029733,1.2364348756389212,7.368272463281755e-07,4.644873907535591,0.01367108333083293,12.0,1.0,0.0,0.0,0.0,0.0,1.0
175,0.37499999541666673,0.7499999908333335,-0.001620431165429319,0.0,2.7734375,-0.0078125,0.0078125,2.3781208749860525,1.2503671222431978,7.368272463281755e-07,4.688981911379167,0.01311221188250949,12.0,1.0,0.0,0.0,0.0,0.0,1.0
176,0.37499999541666673,0.7499999908333335,0.0032800067661396966,0.0,2.7578125,-0.1953125,0.1953125,2.3454608749598265,1.2668043938125735,7.368272463281755e-07,4.676986974801614,0.013566856799694837,12.0,1.0,0.0,0.0,0.0,0.0,1.0
177,0.37499999541666673,0.7499999908333335,7.568106893164447e-05,0.0,2.6875,0.0234375,-0.0234375,2.2958237919956446,1.3396898947431446,7.368272463281755e-07,4.689451758749783,0.014082750626336994,12.0,1.0,0.0,0.0,0.0,0.0,1.0
178,0.37499999541666673,0.7499999908333335,0.002501873210149572,0.0,2.609375,0.1953125,-0.1953125,2.380827374989167,1.2074824123403538,7.368272463281755e-07,4.68611707072705,0.014976233307441527,12.0,1.0,0.0,0.0,0.0,0.0,1.0
179,0.37499999541666673,0.7499999908333335,0.004566132743473554,0.0,2.4765625,0.03125,-0.03125,2.1366613329737447,1.3877353228030767,7.368272463281755e-07,4.705323225649243,0.01564138454217424,12.0,1.0,0.0,0.0,0.0,0.0,1.0
180,0.37499999541666673,0.7499999908333335,0.003485944182860077,0.0,2.3359375,-0.1640625,0.1640625,2.002781958959531,2.0550963864140024,7.368272463281755e-07,4.725882323120128,0.016120507656358477,12.0,1.0,0.0,0.0,0.0,0.0,1.0
181,0.37499999541666673,0.7499999908333335,0.0014947198396023033,0.0,2.421875,0.1640625,-0.1640625,2.096390250022523,1.7361328822098703,7.368272463281755e-07,4.7541587209667675,0.01628205948641566,12.0,1.0,0.0,0.0,0.0,0.0,1.0
182,0.37499999541666673,0.7499999908333335,0.00010444386836923985,0.0,2.375,0.140625,-0.140625,2.027407374989707,1.7890545725719054,7.368272463281755e-07,4.790391725064679,0.016489588847352108,12.0,1.0,0.0,0.0,0.0,0.0,1.0
183,0.37499999541666673,0.7499999908333335,0.004467706809927337,0.0,2.296875,0.1171875,-0.1171875,2.025433625036385,1.9240133616963218,7.368272463281755e-07,4.827083977447315,0.01665594638457564,12.0,1.0,0.0,0.0,0.0,0.0,1.0
184,0.37499999541666673,0.7499999908333335,-0.00016020280186182498,0.0,2.34375,0.0078125,-0.0078125,2.027712207986042,1.9191395506212332,7.368272463281755e-07,4.863320842893287,0.016863417260041882,12.0,1.0,0.0,0.0,0.0,0.0,1.0
185,0.37499999541666673,0.7499999908333335,0.00016180451930906345,0.0,2.578125,0.109375,-0.109375,2.187966542027425,1.3544610072964465,7.368272463281755e-07,4.9154871079054745,0.01710386416148553,12.0,1.0,0.0,0.0,0.0,0.0,1.0
186,0.37499999541666673,0.7499999908333335,0.0029299373295149167,0.0,2.7578125,-0.1328125,0.1328125,2.346121000009589,1.4119436859572703,7.368272463281755e-07,4.9691408866254445,0.017368003406855594,12.0,1.0,0.0,0.0,0.0,0.0,1.0
187,0.37499999541666673,0.7499999908333335,0.003844634569674242,0.0,2.7734375,0.0234375,-0.0234375,2.376468332950026,1.224799314459694,7.368272463281755e-07,4.963003922846507,0.01668967717507092,12.0,1.0,0.0,0.0,0.0,0.0,1.0
188,0.4166666608333334,0.8333333216666668,-0.004741133781896959,0.0,2.71875,0.015625,-0.015625,2.335624583007302,1.050927503611531,7.368272463281755e-07,4.991134028881788,0.016314804606901653,12.0,1.0,0.0,0.0,0.0,0.0,1.0
189,0.4166666608333334,0.8333333216666668,-1.69822628653716e-05,0.0,2.5703125,0.1484375,-0.1484375,2.2116795419715345,0.9699349948049362,7.368272463281755e-07,4.6546518668532375,0.02619890387431951,12.0,2.0,0.0,0.0,0.0,0.0,1.0
190,0.4166666608333334,0.8333333216666668,-7.977321462931302e-05,0.0,2.5859375,0.0078125,-0.0078125,2.2850880000041798,1.1308528935057365,7.368272463281755e-07,4.689425580576062,0.02643379315122729,12.0,2.0,0.0,0.0,0.0,0.0,1.0
191,0.4166666608333334,0.8333333216666668,-0.0014122976701923108,0.0,2.6171875,-0.15625,0.15625,2.2141005000448786,1.0934162924062711,7.368272463281755e-07,4.729638566076756,0.026697880654228356,12.0,2.0,0.0,0.0,0.0,0.0,1.0
192,0.4166666608333334,0.8333333216666668,-0.00021807362848640433,0.0,2.46875,0.21875,-0.21875,2.161198667017743,0.9177281209525557,7.368272463281755e-07,4.757484971731901,0.02688808004022576,12.0,2.0,0.0,0.0,0.0,0.0,1.0
193,0.4166666608333334,0.8333333216666668,0.0017203041251941905,0.0,2.2734375,0.1640625,-0.1640625,1.9837762499810196,1.0902157368140832,7.368272463281755e-07,4.783984542638064,0.027004072806448676,12.0,2.0,0.0,0.0,0.0,0.0,1.0
194,0.4166666608333334,0.8333333216666668,0.0035249961195521324,0.0,2.2265625,0.25,-0.25,1.9049465410062112,1.558859374263046,7.368272463281755e-07,4.809050331264734,0.02714986839273479,12.0,2.0,0.0,0.0,0.0,0.0,1.0
195,0.4166666608333334,0.8333333216666668,0.0015084275222496581,0.0,2.3046875,0.078125,-0.078125,1.9690915829851292,1.5448037846842624,7.368272463281755e-07,4.83995056822896,0.02742004871543031,12.0,2.0,0.0,0.0,0.0,0.0,1.0
196,0.4166666608333334,0.8333333216666668,-0.0013491809051424557,0.0,2.2265625,0.03125,-0.03125,1.8870100839994848,1.8505162714992798,7.368272463281755e-07,4.876807084679603,0.027698602339660282,12.0,2.0,0.0,0.0,0.0,0.0,1.0
197,0.4166666608333334,0.8333333216666668,-0.004629578943942213,0.0,2.296875,0.078125,-0.078125,1.9464836250408553,1.8393271777439912,7.368272463281755e-07,4.917471002787352,0.028008508251514286,12.0,2.0,0.0,0.0,0.0,0.0,1.0
198,0.4166666608333334,0.8333333216666668,0.0031492296276166027,0.0,2.453125,-0.171875,0.171875,2.1086306250072084,1.5841261889030311,7.368272463281755e-07,4.962190935015679,0.028388442493451294,12.0,2.0,0.0,0.0,0.0,0.0,1.0
199,0.4166666608333334,0.8333333216666668,-0.0012285762835205175,0.0,2.4140625,0.2421875,-0.2421875,2.0532247500377707,1.0636111332550433,7.368272463281755e-07,4.999424776434898,0.02870740464204573,12.0,2.0,0.0,0.0,0.0,0.0,1.0
200,0.4166666608333334,0.8333333216666668,-0.003230450661754661,0.0,2.3359375,0.3828125,-0.3828125,2.010261207993608,0.8972789974527723,7.368272463281755e-07,5.033520657941699,0.02898653537095015,12.0,2.0,0.0,0.0,0.0,0.0,1.0
201,0.4166666608333334,0.8333333216666668,-0.00084356072228812,0.0,2.5390625,0.015625,-0.015625,2.32240374997491,1.10685915648185,7.368272463281755e-07,5.082985563576221,0.029209985204215628,12.0,2.0,0.0,0.0,0.0,0.0,1.0
202,0.4166666608333334,0.8333333216666668,-0.00240277521323291,0.0,2.5234375,0.2109375,-0.2109375,2.2544343330082484,0.8838305920668829,7.368272463281755e-07,5.136791674792766,0.029417043699504576,12.0,2.0,0.0,0.0,0.0,0.0,1.0
203,0.4166666608333334,0.8333333216666668,-0.0005319919949262894,0.0,2.4765625,0.1875,-0.1875,2.1051972919958644,1.0123508774570031,7.368272463281755e-07,5.187363379262388,0.02955314499213273,12.0,2.0,0.0,0.0,0.0,0.0,1.0
204,0.4166666608333334,0.8333333216666668,-0.0031225393254573695,0.0,2.5,0.015625,-0.015625,2.1379421249730512,1.2586407720140413,7.368272463281755e-07,5.234405670687556,0.029719179399580752,12.0,2.0,0.0,0.0,0.0,0.0,1.0
205,0.37499999416666674,0.7499999883333335,-0.006208739665006129,0.0,2.2734375,0.171875,-0.171875,1.968494540953543,1.2421771721051098,7.368272463281755e-07,5.2610456923954185,0.02981182570583769,12.0,2.0,0.0,0.0,0.0,0.0,1.0
206,0.37499999416666674,0.7499999883333335,-0.0027628485303041127,0.0,2.3828125,0.1640625,-0.1640625,2.0038855419843458,1.767074365669205,7.368272463281755e-07,5.618089816279032,0.019633339827123564,12.0,1.0,0.0,0.0,0.0,0.0,1.0
207,0.37499999416666674,0.7499999883333335,-0.0041307497442336786,0.0,2.3359375,0.1875,-0.1875,2.022180500032846,2.5098845822215674,7.368272463281755e-07,5.603392995428294,0.017243200996745145,12.0,4.0,0.0,0.0,0.0,0.0,1.0
208,0.37499999541666673,0.7499999908333335,-0.005671122329666144,0.0,2.375,0.1796875,-0.1796875,2.025918833038304,2.3494854742771407,7.368272463281755e-07,5.738256981130689,0.016525597202416975,12.0,4.0,0.0,0.0,0.0,0.0,1.0
209,0.37499999541666673,0.7499999908333335,-0.00462700264306524,0.0,2.359375,0.2421875,-0.2421875,2.0236297080409713,1.7136457889989969,7.368272463281755e-07,5.837628370320255,0.018678311220190317,12.0,1.0,0.0,0.0,0.0,0.0,1.0
210,0.37499999541666673,0.7499999908333335,-0.0018552622769990915,0.0,2.578125,-0.046875,0.046875,2.1946920420159586,1.6270772741913484,7.368272463281755e-07,5.858512342314828,0.019386294494655554,12.0,1.0,0.0,0.0,0.0,0.0,1.0
211,0.37499999416666674,0.7499999883333335,-0.006034247070490946,0.0,2.5546875,0.15625,-0.15625,2.2081657499657013,0.9751305798882481,7.368272463281755e-07,5.854133586991917,0.019897705657058395,12.0,1.0,0.0,0.0,0.0,0.0,1.0
212,0.37499999416666674,0.7499999883333335,-0.00304443729156335,0.0,2.640625,0.2109375,-0.2109375,2.2643754999735393,1.2613860784932356,7.368272463281755e-07,6.138894107192755,0.020776140750967897,12.0,3.0,0.0,0.0,0.0,0.0,1.0
213,0.37499999416666674,0.7499999883333335,-0.0016304851680554572,0.0,2.6953125,0.125,-0.125,2.401750417018775,1.2433230637484973,7.368272463281755e-07,6.177437741723326,0.021061583274988353,12.0,3.0,0.0,0.0,0.0,0.0,1.0
214,0.37499999416666674,0.7499999883333335,-0.0046935901441862325,0.0,2.609375,0.265625,-0.265625,2.2511364999809302,1.2586356820141293,7.368272463281755e-07,6.225155267450544,0.021315426724160917,12.0,3.0,0.0,0.0,0.0,0.0,1.0
215,0.37499999416666674,0.7499999883333335,-0.003617814569625953,0.0,2.8515625,0.140625,-0.140625,2.4506530000362545,1.2096102267108246,7.368272463281755e-07,6.284697310792075,0.02175691694719717,12.0,3.0,0.0,0.0,0.0,0.0,1.0
216,0.4166666608333334,0.8333333216666668,-0.003900773988828286,0.0,2.8671875,0.1015625,-0.1015625,2.453080042032525,1.2101615334737903,7.368272463281755e-07,6.342965440617667,0.022125841344758455,12.0,3.0,0.0,0.0,0.0,0.0,1.0
217,0.4166666608333334,0.8333333216666668,-0.005414589064838659,0.0,2.5859375,0.0078125,-0.0078125,2.269198750029318,0.7632025326253971,7.368272463281755e-07,5.680749803781509,0.034181314092711544,12.0,2.0,0.0,0.0,0.0,0.0,1.0
218,0.4166666608333334,0.8333333216666668,-0.008596413352284088,0.0,2.59375,0.0234375,-0.0234375,2.2018439999665134,0.6957259754673437,7.368272463281755e-07,5.731055626831949,0.034654588357079776,12.0,2.0,0.0,0.0,0.0,0.0,1.0
219,0.4166666608333334,0.8333333216666668,-0.006774711804820981,0.0,2.5625,0.1015625,-0.1015625,2.216186416975688,0.5365444259272985,7.368272463281755e-07,5.786114560812711,0.035042832227190956,12.0,2.0,0.0,0.0,0.0,0.0,1.0
220,0.4166666608333334,0.8333333216666668,-0.0034922039838373407,0.0,2.640625,0.109375,-0.109375,2.2979907499975525,0.752664534789758,7.368272463281755e-07,5.836756198853254,0.03542585838004016,12.0,2.0,0.0,0.0,0.0,0.0,1.0
221,0.4166666608333334,0.8333333216666668,-0.0033923441424204143,0.0,2.4453125,0.109375,-0.109375,2.101744207961019,0.8031304196685928,7.368272463281755e-07,5.865060140192509,0.03560493900440633,12.0,2.0,0.0,0.0,0.0,0.0,1.0
222,0.3944838389565415,0.788967677913083,-0.002618524336635588,0.0,2.2578125,0.078125,-0.078125,1.9454077500267886,1.2357408398606051,7.368272463281755e-07,5.888063435256481,0.03570918657933362,12.0,2.0,0.0,0.0,0.0,0.0,1.0
223,0.37499999416666674,0.7499999883333335,-0.005644795541422521,0.0,2.28125,-0.015625,0.015625,2.0665244580013677,1.234330530903519,7.368272463281755e-07,6.244240712035786,0.02370258275186643,12.0,1.0,0.0,0.0,0.0,0.0,1.0
224,0.3749999941666668,0.7499999883333336,-0.0016907449551684117,0.0,2.3828125,0.1796875,-0.1796875,2.09536570799537,1.5631498841622264,7.368272463281755e-07,6.225133936513554,0.024515486946752804,12.0,1.0,0.0,0.0,0.0,0.0,1.0
225,0.37499999416666674,0.7499999883333335,-0.002955914630414032,0.0,2.4765625,0.1484375,-0.1484375,2.1691955419955775,1.2827661839473188,7.368272463281755e-07,6.2471971376375715,0.025526839807835957,12.0,1.0,0.0,0.0,0.0,0.0,1.0
226,0.3749999941666668,0.7499999883333336,-0.005300474807519046,0.0,2.328125,0.015625,-0.015625,1.9782950419466943,2.0375950678900954,7.368272463281755e-07,6.289569672535766,0.026397032538873398,12.0,1.0,0.0,0.0,0.0,0.0,1.0
227,0.37993370222748307,0.7598674044549661,-0.002022643456988689,0.0,2.3125,-0.0234375,0.0234375,1.9712280000094324,1.8056517332592488,7.368272463281755e-07,6.34094568409703,0.02675802595595914,12.0,1.0,0.0,0.0,0.0,0.0,1.0
228,0.4166666608333334,0.8333333216666668,-0.004918992963096956,0.0,2.765625,-0.125,0.125,2.3582115420140326,1.1383271956629526,7.368272463281755e-07,6.316060255535624,0.02715130156271202,12.0,1.0,0.0,0.0,0.0,0.0,1.0
229,0.4166666608333334,0.8333333216666668,-0.006915662858384899,0.0,2.5546875,0.265625,-0.265625,2.30189129099017,0.846567745494944,7.368272463281755e-07,6.081509277969599,0.0384801605832763,12.0,2.0,0.0,0.0,0.0,0.0,1.0
230,0.4166666608333334,0.8333333216666668,-0.004072244187939665,0.0,2.484375,0.3828125,-0.3828125,2.168068624974694,0.4958176262271825,7.368272463281755e-07,6.108979570865631,0.03894455936388112,12.0,2.0,0.0,0.0,0.0,0.0,1.0
231,0.4166666608333334,0.8333333216666668,-0.0007381289231126081,0.0,2.5078125,0.328125,-0.328125,2.1382197919883765,0.5119995897105601,7.368272463281755e-07,6.157937724888325,0.03942805175902322,12.0,2.0,0.0,0.0,0.0,0.0,1.0
232,0.4166666608333334,0.8333333216666668,-0.003941054366518707,0.0,2.6015625,0.015625,-0.015625,2.2691664999583736,0.5685233835081287,7.368272463281755e-07,6.205197662115097,0.039848490199074146,12.0,2.0,0.0,0.0,0.0,0.0,1.0
233,0.4166666608333334,0.8333333216666668,-0.0037811570437158285,0.0,2.390625,-0.1015625,0.1015625,2.021965083957184,0.9934551173735873,7.368272463281755e-07,6.217826271057129,0.03994904871797189,12.0,2.0,0.0,0.0,0.0,0.0,1.0
234,0.4166666608333334,0.8333333216666668,-0.005744155762478749,0.0,2.421875,0.109375,-0.109375,2.076569000026211,0.6815388964398974,7.368272463281755e-07,6.240876868367195,0.04024229114584159,12.0,2.0,0.0,0.0,0.0,0.0,1.0
235,0.4166666608333334,0.8333333216666668,-0.003630814648368753,0.0,2.390625,0.2421875,-0.2421875,2.088180332968477,0.4398080374242044,7.368272463281755e-07,6.264799824357032,0.04062269745045342,12.0,2.0,0.0,0.0,0.0,0.0,1.0
236,0.4166666608333334,0.8333333216666668,-0.009425763719420973,0.0,2.453125,-0.0390625,0.0390625,2.116376791964285,0.7915619625235392,7.368272463281755e-07,6.2892771422863,0.04105322424438782,12.0,2.0,0.0,0.0,0.0,0.0,1.0
237,0.4166666608333334,0.8333333216666668,-0.004223502050374975,0.0,2.40625,0.2109375,-0.2109375,2.094358625006862,0.3529513030170838,7.368272463281755e-07,6.3157494276762005,0.04143686266615987,12.0,2.0,0.0,0.0,0.0,0.0,1.0
238,0.3749999941666668,0.7499999883333336,-0.008460884528865394,0.0,2.5078125,0.2578125,-0.2578125,2.1788784170057625,0.12979353992036338,7.368272463281755e-07,6.341041371226311,0.04184511058265343,12.0,2.0,0.0,0.0,0.0,0.0,1.0
239,0.3749999941666668,0.7499999883333336,-0.003704262174578001,0.0,2.6015625,0.3515625,-0.3515625,2.2391713749966584,0.44198657352723425,7.368272463281755e-07,6.610912642695687,0.030819807506552686,12.0,1.0,0.0,0.0,0.0,0.0,1.0
240,0.37499999416666674,0.7499999883333335,-0.007920107140403225,0.0,2.515625,0.3671875,-0.3671875,2.1704438329907134,0.874691866707022,7.368272463281755e-07,6.66933820057999,0.03075078488539227,12.0,1.0,0.0,0.0,0.0,0.0,1.0
241,0.37499999416666674,0.7499999883333335,-0.010865745804977183,0.0,2.5,0.125,-0.125,2.1399390830192715,1.0447478064394091,7.368272463281755e-07,6.705265866084532,0.03121454929086295,12.0,1.0,0.0,0.0,0.0,0.0,1.0
242,0.3749999941666668,0.7499999883333336,-0.005280865361548147,0.0,2.4375,0.0234375,-0.0234375,2.168799167033285,1.5693639075407424,7.368272463281755e-07,6.7282847653735764,0.031434851021251896,12.0,1.0,0.0,0.0,0.0,0.0,1.0
243,0.37499999416666674,0.7499999883333335,-0.009733090786030654,0.0,2.5234375,0.1640625,-0.1640625,2.153277750010602,1.4911716587137973,7.368272463281755e-07,6.580751636624337,0.03107918268069625,12.0,2.0,0.0,0.0,0.0,0.0,1.0
244,0.37499999416666674,0.7499999883333335,-0.004746332437506344,0.0,2.5234375,0.125,-0.125,2.1462046669912525,1.2204281153898375,7.368272463281755e-07,7.201779985427857,0.034339412301778796,12.0,2.0,0.0,0.0,0.0,0.0,1.0
245,0.3749999941666668,0.7499999883333336,-0.004183411055099391,0.0,2.453125,0.0703125,-0.0703125,2.0930161669966765,1.4763792971301837,7.368272463281755e-07,6.778486544435674,0.03215200610628182,12.0,1.0,0.0,0.0,0.0,0.0,1.0
246,0.3749999941666668,0.7499999883333336,-0.007055431953755914,0.0,2.46875,0.09375,-0.09375,2.116844292031601,1.438065157915153,7.368272463281755e-07,6.79332728006623,0.03241962824143808,12.0,1.0,0.0,0.0,0.0,0.0,1.0
247,0.4166666608333334,0.8333333216666668,-0.007282641509746241,0.0,2.421875,0.2265625,-0.2265625,2.0667472499771975,1.4476102706375382,7.368272463281755e-07,6.685287367213856,0.03113604161295701,12.0,1.0,0.0,0.0,0.0,0.0,1.0
248,0.4166666608333334,0.8333333216666668,-0.00459426674715446,0.0,2.2421875,0.1171875,-0.1171875,1.916888082982041,1.3497661154162308,7.368272463281755e-07,6.490337169170379,0.044575677844659364,12.0,2.0,0.0,0.0,0.0,0.0,1.0
249,0.4166666608333334,0.8333333216666668,-0.007117260504325929,0.0,2.1875,0.0,0.0,1.9073270829976536,1.7766786636273277,7.368272463281755e-07,6.508497899025679,0.044989260990405455,12.0,2.0,0.0,0.0,0.0,0.0,1.0
250,0.4166666608333334,0.8333333216666668,-0.005070643573518052,0.0,2.1953125,0.125,-0.125,1.8833572920411825,1.6395435879011953,7.368272463281755e-07,6.533416098356247,0.04534282794338651,12.0,2.0,0.0,0.0,0.0,0.0,1.0
251,0.4166666608333334,0.8333333216666668,-0.009780405085715649,0.0,2.296875,0.0390625,-0.0390625,1.9624944159877487,1.9122188041369956,7.368272463281755e-07,6.553729881346226,0.04582035940838978,12.0,2.0,0.0,0.0,0.0,0.0,1.0
252,0.4166666608333334,0.8333333216666668,-0.009289621757801729,0.0,2.2578125,0.1171875,-0.1171875,1.961673499958124,1.7769571861306972,7.368272463281755e-07,6.582348868250847,0.046256222878582776,12.0,2.0,0.0,0.0,0.0,0.0,1.0
253,0.4166666608333334,0.8333333216666668,-0.003913527561391296,0.0,2.2734375,0.0390625,-0.0390625,2.1024535420001484,1.8214643509111197,7.368272463281755e-07,6.6050872057676315,0.04663853097008541,12.0,2.0,0.0,0.0,0.0,0.0,1.0
254,0.4166666608333334,0.8333333216666668,-0.006712064108507376,0.0,2.4140625,0.046875,-0.046875,2.11716962500941,1.228960044109368,7.368272463281755e-07,6.591019129753112,0.047339142742566766,12.0,2.0,0.0,0.0,0.0,0.0,1.0
255,0.4166666608333334,0.8333333216666668,-0.003599359791694038,0.0,2.4375,0.03125,-0.03125,2.101170416979585,1.0803739299567847,7.368272463281755e-07,6.562815609574318,0.04800781123922206,12.0,2.0,0.0,0.0,0.0,0.0,1.0
256,0.4166666608333334,0.8333333216666668,-0.008414955540220152,0.0,2.4765625,-0.1328125,0.1328125,2.1345967919914983,1.0609515215746166,7.368272463281755e-07,6.546151754260063,0.04842769472743384,12.0,2.0,0.0,0.0,0.0,0.0,1.0
257,0.4166666608333334,0.8333333216666668,-0.0042320095985416625,0.0,2.4609375,0.015625,-0.015625,2.0875702500343323,0.6298608314090719,7.368272463281755e-07,6.531812445819378,0.04885871681617573,12.0,2.0,0.0,0.0,0.0,0.0,1.0
258,0.4166666608333334,0.8333333216666668,-0.0044528303914725,0.0,2.3984375,0.15625,-0.15625,2.0774819580256008,0.2906993725746627,7.368272463281755e-07,6.543624067306519,0.049223700660513715,12.0,2.0,0.0,0.0,0.0,0.0,1.0
259,0.4166666608333334,0.8333333216666668,-0.009950813818054646,0.0,2.375,0.234375,-0.234375,2.0559859999921173,-0.008063129171588164,7.368272463281755e-07,6.561385402083397,0.04955533171305433,12.0,2.0,0.0,0.0,0.0,0.0,1.0
260,0.4166666608333334,0.8333333216666668,-0.0011615593393512352,0.0,2.421875,0.140625,-0.140625,2.086031708982773,-0.1969614767619679,7.368272463281755e-07,6.578090560436249,0.04992003283114173,12.0,2.0,0.0,0.0,0.0,0.0,1.0
261,0.37499999416666674,0.7499999883333335,-0.003621551014632884,0.0,2.359375,0.1171875,-0.1171875,2.045263084000908,-0.02317345029803992,7.368272463281755e-07,6.592795372009277,0.050250508391764016,12.0,2.0,0.0,0.0,0.0,0.0,1.0
262,0.37499999416666674,0.7499999883333335,-0.01215568811179174,0.0,2.59375,-0.046875,0.046875,2.2042506669531576,0.3121577841580385,7.368272463281755e-07,6.786611567844044,0.03698417135852982,12.0,1.0,0.0,0.0,0.0,0.0,1.0
263,0.37499999416666674,0.7499999883333335,-0.008954584482561416,0.0,2.5625,0.09375,-0.09375,2.181256084004417,0.4520120141309368,7.368272463281755e-07,6.802178279920057,0.03753939640327272,12.0,1.0,0.0,0.0,0.0,0.0,1.0
264,0.37499999416666674,0.7499999883333335,-0.007674477536060309,0.0,2.65625,-0.0234375,0.0234375,2.3613593750051223,0.5577582018107504,7.368272463281755e-07,6.777829899029299,0.03755760795055804,12.0,1.0,0.0,0.0,0.0,0.0,1.0
265,0.37499999416666674,0.7499999883333335,-0.008294364697587068,0.0,2.609375,0.03125,-0.03125,2.274367499980144,0.7087789708734518,7.368272463281755e-07,6.823032552545721,0.03667790038426491,12.0,1.0,0.0,0.0,0.0,0.0,1.0
266,0.37499999416666674,0.7499999883333335,-0.010666509655292191,0.0,2.625,-0.0078125,0.0078125,2.2774050420266576,0.381344228371745,7.368272463281755e-07,7.389319211244583,0.038991362450178715,12.0,2.0,0.0,0.0,0.0,0.0,1.0
267,0.37499999416666674,0.7499999883333335,-0.012780051576420525,0.0,2.578125,0.28125,-0.28125,2.2414746250142343,0.22912970845672218,7.368272463281755e-07,6.926425960930911,0.036209255160594526,12.0,1.0,0.0,0.0,0.0,0.0,1.0
268,0.37499999416666674,0.7499999883333335,-0.008951080609058413,0.0,2.6640625,0.1328125,-0.1328125,2.2940092079807073,0.21505135814645643,7.368272463281755e-07,6.936682608994571,0.03650894757910547,12.0,1.0,0.0,0.0,0.0,0.0,1.0
269,0.3749999941666668,0.7499999883333336,-0.010633835907573039,0.0,2.625,-0.0546875,0.0546875,2.221493208024185,0.4988829207736888,7.368272463281755e-07,6.944704529913989,0.036830496582710606,12.0,1.0,0.0,0.0,0.0,0.0,1.0
270,0.37499999416666674,0.7499999883333335,-0.01092632933104496,0.0,2.59375,0.0859375,-0.0859375,2.2214412089670077,0.021123764493659766,7.368272463281755e-07,6.950630605220795,0.03706557951359586,12.0,1.0,0.0,0.0,0.0,0.0,1.0
271,0.4166666608333334,0.8333333216666668,-0.004299103352266269,0.0,2.5625,0.2265625,-0.2265625,2.191733749990817,0.26850314340241843,7.368272463281755e-07,6.957448566501791,0.037304007935083726,12.0,1.0,0.0,0.0,0.0,0.0,1.0
272,0.4166666608333334,0.8333333216666668,-0.008674470563927611,0.0,2.359375,0.15625,-0.15625,1.9987978750141338,-0.0727235646425,7.368272463281755e-07,6.636659456789493,0.053925152533338405,12.0,2.0,0.0,0.0,0.0,0.0,1.0
273,0.4166666608333334,0.8333333216666668,-0.015853234795472168,0.0,2.46875,0.046875,-0.046875,2.1216892499942333,-0.20694452326426493,7.368272463281755e-07,6.631535363197327,0.0545009883120656,12.0,2.0,0.0,0.0,0.0,0.0,1.0
274,0.4166666608333334,0.8333333216666668,-0.010534873956160953,0.0,2.40625,-0.109375,0.109375,2.1395420000189915,-0.016773442455035235,7.368272463281755e-07,6.636763726174832,0.05491725261090323,12.0,2.0,0.0,0.0,0.0,0.0,1.0
275,0.4166666608333334,0.8333333216666668,-0.00672001478140174,0.0,2.40625,0.0859375,-0.0859375,2.0930466250283644,-0.45279653027408767,7.368272463281755e-07,6.647686237096787,0.05534300277940929,12.0,2.0,0.0,0.0,0.0,0.0,1.0
276,0.4166666608333334,0.8333333216666668,-0.01593121215218495,0.0,2.4921875,0.0390625,-0.0390625,2.1243496669922024,-0.26020016011031677,7.368272463281755e-07,6.661806964874268,0.055751529417466375,12.0,2.0,0.0,0.0,0.0,0.0,1.0
277,0.4166666608333334,0.8333333216666668,-0.008076645018460778,0.0,2.3984375,-0.03125,0.03125,2.0540806250064634,-0.5692964990021121,7.368272463281755e-07,6.672372585535049,0.05607067557284608,12.0,2.0,0.0,0.0,0.0,0.0,1.0
278,0.4166666608333334,0.8333333216666668,-0.008358481325989509,0.0,2.421875,0.2265625,-0.2265625,2.081448500044644,-1.008873144882701,7.368272463281755e-07,6.6823012173175815,0.05643656065221876,12.0,2.0,0.0,0.0,0.0,0.0,1.0
279,0.4166666608333334,0.8333333216666668,-0.008406623314029287,0.0,2.3984375,0.3046875,-0.3046875,2.0445233749924228,-0.9120526357632773,7.368272463281755e-07,6.691381859779358,0.05678429759573191,12.0,2.0,0.0,0.0,0.0,0.0,1.0
280,0.4166666608333334,0.8333333216666668,-0.00899228272348391,0.0,2.4296875,0.109375,-0.109375,2.10925108398078,-1.1424301507309307,7.368272463281755e-07,6.698758625984192,0.05713491571368649,12.0,2.0,0.0,0.0,0.0,0.0,1.0
281,0.4166666608333334,0.8333333216666668,-0.007448014194589152,0.0,2.4296875,0.1796875,-0.1796875,2.1614601250039414,-1.3157080478488596,7.368272463281755e-07,6.7058992147445675,0.057509403850417584,12.0,2.0,0.0,0.0,0.0,0.0,1.0
282,0.4166666608333334,0.8333333216666668,-0.0030666326244384846,0.0,2.3671875,0.2421875,-0.2421875,2.123084083024878,-1.7006230617025422,7.368272463281755e-07,6.712648475170136,0.05784209403209388,12.0,2.0,0.0,0.0,0.0,0.0,1.0
283,0.4166666608333334,0.8333333216666668,-0.015265125050571577,0.0,2.40625,0.171875,-0.171875,2.07681841700105,-1.6166985825206117,7.368272463281755e-07,6.718656295537949,0.05819408214883879,12.0,2.0,0.0,0.0,0.0,0.0,1.0
284,0.4166666608333334,0.8333333216666668,-0.007192587230415007,0.0,2.4609375,0.1484375,-0.1484375,2.12138316599885,-1.482929439821081,7.368272463281755e-07,6.7246753692626955,0.05855972438585013,12.0,2.0,0.0,0.0,0.0,0.0,1.0
285,0.4166666608333334,0.8333333216666668,-0.01643187265032774,0.0,2.3671875,0.0703125,-0.0703125,2.11109162500361,-1.3693142483014153,7.368272463281755e-07,6.733431762456894,0.058910709666088225,12.0,2.0,0.0,0.0,0.0,0.0,1.0
286,0.4166666608333334,0.8333333216666668,-0.011571791972602209,0.0,2.3984375,0.1953125,-0.1953125,2.044997333025094,-1.4794943717132771,7.368272463281755e-07,6.73848106265068,0.05925431319046766,12.0,2.0,0.0,0.0,0.0,0.0,1.0
287,0.4166666608333334,0.8333333216666668,-0.00983765264495566,0.0,2.4140625,0.1328125,-0.1328125,2.1031488750013523,-2.349497126046912,7.368272463281755e-07,6.744687300920487,0.05962732471525669,12.0,2.0,0.0,0.0,0.0,0.0,1.0
288,0.4166666608333334,0.8333333216666668,-0.013071894635380549,0.0,2.4375,0.078125,-0.078125,2.1006346250069328,-2.359411577111995,7.368272463281755e-07,6.75001807808876,0.05999955972656608,12.0,2.0,0.0,0.0,0.0,0.0,1.0
289,0.4166666608333334,0.8333333216666668,-0.007628085601016743,0.0,2.390625,0.0625,-0.0625,2.107704374997411,-3.046356870994393,7.368272463281755e-07,6.754794013500214,0.06036966333631426,12.0,2.0,0.0,0.0,0.0,0.0,1.0
290,0.4166666608333334,0.8333333216666668,-0.005804373986087983,0.0,2.3515625,0.34375,-0.34375,2.0462670840206556,-2.6475759053379604,7.368272463281755e-07,6.758123397827148,0.0606728287646547,12.0,2.0,0.0,0.0,0.0,0.0,1.0
291,0.4166666608333334,0.8333333216666668,-0.008094387360737998,0.0,2.421875,0.328125,-0.328125,2.0986217909958214,-3.3106703655980385,7.368272463281755e-07,6.760828757286072,0.061051726900041105,12.0,2.0,0.0,0.0,0.0,0.0,1.0
292,0.4166666608333334,0.8333333216666668,-0.01157960512136285,0.0,2.390625,0.0078125,-0.0078125,2.0704358750372194,-3.340775556562554,7.368272463281755e-07,6.765141868591309,0.06140462898183614,12.0,2.0,0.0,0.0,0.0,0.0,1.0
293,0.4166666608333334,0.8333333216666668,-0.0017683009121640095,0.0,2.4453125,0.0625,-0.0625,2.1879081249935552,-2.2287247242018062,7.368272463281755e-07,6.769042915105819,0.06174902985803783,12.0,2.0,0.0,0.0,0.0,0.0,1.0
294,0.4166666608333334,0.8333333216666668,-0.007994741961386815,0.0,2.3828125,0.0625,-0.0625,2.048018250032328,-2.816795553736361,7.368272463281755e-07,6.773124974966049,0.06207057109568268,12.0,2.0,0.0,0.0,0.0,0.0,1.0
295,0.4166666608333334,0.8333333216666668,-0.008609720492732568,0.0,2.421875,0.484375,-0.484375,2.0875503750285134,-3.9597215344800545,7.368272463281755e-07,6.776165801286697,0.062434067344293,12.0,2.0,0.0,0.0,0.0,0.0,1.0
296,0.4166666608333334,0.8333333216666668,-0.007443086351619122,0.0,2.390625,0.03125,-0.03125,2.100369749998208,-3.687753646538862,7.368272463281755e-07,6.779897928237915,0.06276308633387088,12.0,2.0,0.0,0.0,0.0,0.0,1.0
297,0.4166666608333334,0.8333333216666668,-0.0058373634651112255,0.0,2.4921875,0.046875,-0.046875,2.1410031670238823,-4.471261839465049,7.368272463281755e-07,6.7838388085365295,0.06315274664666504,12.0,2.0,0.0,0.0,0.0,0.0,1.0
298,0.4166666608333334,0.8333333216666668,-0.005311570168038138,0.0,2.4140625,-0.0078125,0.0078125,2.0802624999778345,-3.6295512094573117,7.368272463281755e-07,6.787887442111969,0.06349545363336802,12.0,2.0,0.0,0.0,0.0,0.0,1.0
299,0.4166666608333334,0.8333333216666668,-0.008070915456730141,0.0,2.4765625,0.0,0.0,2.113668999983929,-3.627121445257093,7.368272463281755e-07,6.791484451293945,0.06384021567646414,12.0,2.0,0.0,0.0,0.0,0.0,1.0
300,0.4166666608333334,0.8333333216666668,-0.008352756325594232,0.0,2.3515625,0.3125,-0.3125,2.014812459005043,-5.155246943851625,7.368272463281755e-07,6.79499431848526,0.0641582194948569,12.0,2.0,0.0,0.0,0.0,0.0,1.0
301,0.4166666608333334,0.8333333216666668,-0.006432686514583548,0.0,2.375,-0.03125,0.03125,2.1065285830409266,-4.425907093376934,7.368272463281755e-07,6.799913251399994,0.0644984417129308,12.0,2.0,0.0,0.0,0.0,0.0,1.0
302,0.4166666608333334,0.8333333216666668,-0.01524232548866,0.0,2.453125,0.0546875,-0.0546875,2.1241592920268886,-6.559019436307078,7.368272463281755e-07,6.804197061061859,0.06488659414462745,12.0,2.0,0.0,0.0,0.0,0.0,1.0
303,0.4166666608333334,0.8333333216666668,-0.01505714025370219,0.0,2.375,0.0703125,-0.0703125,2.124181042017881,-5.659632595536373,7.368272463281755e-07,6.807487595081329,0.06523046446964145,12.0,2.0,0.0,0.0,0.0,0.0,1.0
304,0.4166666608333334,0.8333333216666668,-0.01045030385628682,0.0,2.375,0.171875,-0.171875,2.170610833039973,-5.429579934869868,7.368272463281755e-07,6.809591066837311,0.06554619558155536,12.0,2.0,0.0,0.0,0.0,0.0,1.0
305,0.4166666608333334,0.8333333216666668,-0.007402370242784989,0.0,2.421875,0.0390625,-0.0390625,2.077545208041556,-4.575106555460698,7.368272463281755e-07,6.812734699249267,0.0659067704807967,12.0,2.0,0.0,0.0,0.0,0.0,1.0
306,0.4166666608333334,0.8333333216666668,-0.01064142507878341,0.0,2.4375,0.1015625,-0.1015625,2.1188953339587897,-5.884043343401043,7.368272463281755e-07,6.814859223365784,0.06627971329726279,12.0,2.0,0.0,0.0,0.0,0.0,1.0
307,0.4166666608333334,0.8333333216666668,-0.020312113602924786,0.0,2.375,-0.046875,0.046875,2.029292249993887,-5.863218820581114,7.368272463281755e-07,6.818017768859863,0.06662857567425817,12.0,2.0,0.0,0.0,0.0,0.0,1.0
308,0.4166666608333334,0.8333333216666668,-0.011014529276376106,0.0,2.453125,0.0390625,-0.0390625,2.111242124985438,-7.357127794669213,7.368272463281755e-07,6.822582376003266,0.06704025575891137,12.0,2.0,0.0,0.0,0.0,0.0,1.0
309,0.4166666608333334,0.8333333216666668,-0.006666924937011028,0.0,2.421875,0.0,0.0,2.1221144589944743,-6.892183990211813,7.368272463281755e-07,6.824459028244019,0.06736334685701877,12.0,2.0,0.0,0.0,0.0,0.0,1.0
310,0.4166666608333334,0.8333333216666668,-0.007519798479460811,0.0,2.46875,0.1015625,-0.1015625,2.1063642089720815,-7.272850650369508,7.368272463281755e-07,6.82720388174057,0.06774224441032857,12.0,2.0,0.0,0.0,0.0,0.0,1.0
311,0.4166666608333334,0.8333333216666668,-0.02277484797372084,0.0,2.375,0.2890625,-0.2890625,2.035264541977085,-8.885689513987774,7.368272463281755e-07,6.829192084074021,0.06807942555751652,12.0,2.0,0.0,0.0,0.0,0.0,1.0
312,0.4166666608333334,0.8333333216666668,-0.009606306926891187,0.0,2.390625,0.28125,-0.28125,2.0719055410008878,-10.536028387624679,7.368272463281755e-07,6.830471825599671,0.06842754944227636,12.0,2.0,0.0,0.0,0.0,0.0,1.0
313,0.4166666608333334,0.8333333216666668,-0.0037770551338836104,0.0,2.4296875,0.0859375,-0.0859375,2.0633699590107426,-9.009810298417008,7.368272463281755e-07,6.831368684768677,0.0687680579489097,12.0,2.0,0.0,0.0,0.0,0.0,1.0
314,0.4166666608333334,0.8333333216666668,-0.012905978856423014,0.0,2.453125,0.03125,-0.03125,2.1079740000423044,-9.192034707190968,7.368272463281755e-07,6.831517291069031,0.06911131599918008,12.0,2.0,0.0,0.0,0.0,0.0,1.0
315,0.4166666608333334,0.8333333216666668,-0.012057501981170086,0.0,2.46875,0.1796875,-0.1796875,2.228349333978258,-9.627929308547635,7.368272463281755e-07,6.83167804479599,0.06945348663721233,12.0,2.0,0.0,0.0,0.0,0.0,1.0
316,0.4166666608333334,0.8333333216666668,-0.010404448770194646,0.0,2.46875,0.0078125,-0.0078125,2.132085166987963,-9.51708485443251,7.368272463281755e-07,6.833838760852814,0.06980707680340856,12.0,2.0,0.0,0.0,0.0,0.0,1.0
317,0.4166666608333334,0.8333333216666668,-0.009800686509544835,0.0,2.4140625,0.1640625,-0.1640625,2.0889713329961523,-9.710753160862332,7.368272463281755e-07,6.831903964281082,0.07012807035353034,12.0,2.0,0.0,0.0,0.0,0.0,1.0
318,0.4166666608333334,0.8333333216666668,-0.013840664328225472,0.0,2.3984375,0.2109375,-0.2109375,2.088134625053499,-9.897626206788159,7.368272463281755e-07,6.828733915090561,0.07043480472639203,12.0,2.0,0.0,0.0,0.0,0.0,1.0
319,0.4166666608333334,0.8333333216666668,-0.015129018451150306,0.0,2.421875,0.0234375,-0.0234375,2.0638935000170022,-11.174500980647235,7.368272463281755e-07,6.826828372478485,0.07077167760580778,12.0,2.0,0.0,0.0,0.0,0.0,1.0
320,0.4166666608333334,0.8333333216666668,-0.007270681995699501,0.0,2.375,-0.0390625,0.0390625,2.045771458011586,-12.928045043818585,7.368272463281755e-07,6.825663846731186,0.07110757771879435,12.0,2.0,0.0,0.0,0.0,0.0,1.0
321,0.4166666608333334,0.8333333216666668,-0.015321211215346233,0.0,2.421875,0.2265625,-0.2265625,2.074366499960888,-14.04207243908982,7.368272463281755e-07,6.8231004774570465,0.07146000154316426,12.0,2.0,0.0,0.0,0.0,0.0,1.0
322,0.4166666608333334,0.8333333216666668,-0.004690821589745446,0.0,2.3671875,0.1171875,-0.1171875,2.0433947920100763,-13.162533739082232,7.368272463281755e-07,6.820304983854294,0.07177893777843565,12.0,2.0,0.0,0.0,0.0,0.0,1.0
323,0.4166666608333334,0.8333333216666668,-0.016269933593057655,0.0,2.390625,0.09375,-0.09375,2.053675499977544,-12.800095666202276,7.368272463281755e-07,6.8169353067874905,0.07211048079188913,12.0,2.0,0.0,0.0,0.0,0.0,1.0
324,0.4166666608333334,0.8333333216666668,-0.024527045994415596,0.0,2.375,0.265625,-0.265625,2.0550042500253767,-14.319922027974455,7.368272463281755e-07,6.8142791271209715,0.07245464862789959,12.0,2.0,0.0,0.0,0.0,0.0,1.0
325,0.4166666608333334,0.8333333216666668,-0.009613940523084698,0.0,2.4140625,0.2109375,-0.2109375,2.197840000037104,-15.762221675014422,7.368272463281755e-07,6.812084531784057,0.07282835051883012,12.0,2.0,0.0,0.0,0.0,0.0,1.0
326,0.4166666608333334,0.8333333216666668,-0.016209749393804304,0.0,2.3125,0.3046875,-0.3046875,2.0037842920282856,-15.377526208212704,7.368272463281755e-07,6.808466398715973,0.07313003663439303,12.0,2.0,0.0,0.0,0.0,0.0,1.0
327,0.4166666608333334,0.8333333216666668,-0.01089401868883046,0.0,2.3828125,-0.0703125,0.0703125,2.0555435830028728,-12.549131043202463,7.368272463281755e-07,6.80558340549469,0.07346602943725884,12.0,2.0,0.0,0.0,0.0,0.0,1.0
328,0.4166666608333334,0.8333333216666668,-0.01509602408562976,0.0,2.40625,-0.0234375,0.0234375,2.0962304580025375,-14.010377400104504,7.368272463281755e-07,6.803209257125855,0.07381936713354662,12.0,2.0,0.0,0.0,0.0,0.0,1.0
329,0.4166666608333334,0.8333333216666668,-0.015864640535930216,0.0,2.4375,-0.03125,0.03125,2.096220124978572,-16.86588226552727,7.368272463281755e-07,6.800304794311524,0.07416543407598511,12.0,2.0,0.0,0.0,0.0,0.0,1.0
330,0.4166666608333334,0.8333333216666668,-0.00978703622542873,0.0,2.3984375,0.0234375,-0.0234375,2.0678788339719176,-13.972866350188148,7.368272463281755e-07,6.79577721953392,0.07448403260204942,12.0,2.0,0.0,0.0,0.0,0.0,1.0
331,0.4166666608333334,0.8333333216666668,-0.0153998397633681,0.0,2.4375,-0.1484375,0.1484375,2.138816999970004,-15.919865854845044,7.368272463281755e-07,6.79350191950798,0.07484193936688825,12.0,2.0,0.0,0.0,0.0,0.0,1.0
332,0.4166666608333334,0.8333333216666668,-0.014971856299506245,0.0,2.4453125,0.0,0.0,2.124033666041214,-18.420865427966042,7.368272463281755e-07,6.790601378679275,0.07518777184886857,12.0,2.0,0.0,0.0,0.0,0.0,1.0
333,0.4166666608333334,0.8333333216666668,-0.010251659391563108,0.0,2.421875,-0.0078125,0.0078125,2.195274292025715,-15.879436642651791,7.368272463281755e-07,6.78556535243988,0.0755199086619541,12.0,2.0,0.0,0.0,0.0,0.0,1.0
334,0.4166666608333334,0.8333333216666668,-0.012609551240142576,0.0,2.5,-0.3671875,0.3671875,2.19845012499718,-16.491694583820365,7.368272463281755e-07,6.784010112285614,0.07588699375046418,12.0,2.0,0.0,0.0,0.0,0.0,1.0
335,0.4166666608333334,0.8333333216666668,-0.011268006990826111,0.0,2.3984375,0.265625,-0.265625,2.0727829160168767,-20.934984807690196,7.368272463281755e-07,6.77997373342514,0.07623703263234347,12.0,2.0,0.0,0.0,0.0,0.0,1.0
336,0.4166666608333334,0.8333333216666668,-0.010355652248222451,0.0,2.40625,-0.0625,0.0625,2.0536678330390714,-17.46403340447063,7.368272463281755e-07,6.776396957039833,0.07657819824526087,12.0,2.0,0.0,0.0,0.0,0.0,1.0
337,0.4166666608333334,0.8333333216666668,-0.025407557525777988,0.0,2.4296875,0.21875,-0.21875,2.09465458401246,-19.859605664387363,7.368272463281755e-07,6.772988128662109,0.07693044241750613,12.0,2.0,0.0,0.0,0.0,0.0,1.0
338,0.4166666608333334,0.8333333216666668,-0.009243799231526961,0.0,2.4609375,0.1171875,-0.1171875,2.1829656670452096,-20.026048462606454,7.368272463281755e-07,6.769815546274185,0.0772816218319349,12.0,2.0,0.0,0.0,0.0,0.0,1.0
339,0.4166666608333334,0.8333333216666668,-0.01294985948340843,0.0,2.3203125,0.0703125,-0.0703125,2.068987999984529,-19.856374429640255,7.368272463281755e-07,6.765894937515259,0.07756849771249108,12.0,2.0,0.0,0.0,0.0,0.0,1.0
340,0.4166666608333334,0.8333333216666668,-0.018133614676431296,0.0,2.453125,-0.03125,0.03125,2.1139408340095542,-20.929565955837226,7.368272463281755e-07,6.763372251391411,0.0779150293848943,12.0,2.0,0.0,0.0,0.0,0.0,1.0
341,0.4166666608333334,0.8333333216666668,-0.013800616762277406,0.0,2.4140625,0.1015625,-0.1015625,2.084849708015099,-18.519304271754994,7.368272463281755e-07,6.758579024672509,0.0782304013002431,12.0,2.0,0.0,0.0,0.0,0.0,1.0
342,0.4166666608333334,0.8333333216666668,-0.017951815786693255,0.0,2.4765625,-0.2734375,0.2734375,2.1472525839926675,-21.589486180793287,7.368272463281755e-07,6.757842817902565,0.07859551848086994,12.0,2.0,0.0,0.0,0.0,0.0,1.0
343,0.4166666608333334,0.8333333216666668,-0.009101718759537915,0.0,2.390625,0.25,-0.25,2.0559419579803944,-25.236802196636145,7.368272463281755e-07,6.753087730705738,0.07891681169130607,12.0,2.0,0.0,0.0,0.0,0.0,1.0
344,0.4166666608333334,0.8333333216666668,-0.009678046924748121,0.0,2.390625,0.21875,-0.21875,2.132646208978258,-24.017415839566976,7.368272463281755e-07,6.747777463495732,0.0792399897967698,12.0,2.0,0.0,0.0,0.0,0.0,1.0
345,0.4166666608333334,0.8333333216666668,-0.009378065687300478,0.0,2.484375,-0.15625,0.15625,2.15660529199522,-20.45124800129114,7.368272463281755e-07,6.744375438243151,0.07955666520865634,12.0,2.0,0.0,0.0,0.0,0.0,1.0
346,0.5179520385037918,1.0359040770075836,-0.023533549315205734,0.0,2.484375,-0.015625,0.015625,2.155077083967626,-24.279853151280157,7.368272463281755e-07,6.74166212528944,0.07985482885037527,12.0,2.0,0.0,0.0,0.0,0.0,1.0
347,0.49999999291666675,0.9999999858333335,-0.009753980250423773,0.0,2.4296875,0.21875,-0.21875,2.1019451249740086,-26.871040695599937,7.368272463281755e-07,7.029043964025649,0.061433054362582465,12.0,1.0,0.0,0.0,0.0,0.0,1.0
348,0.4999999929166668,0.9999999858333336,-0.013570215028155946,0.0,2.5390625,0.0,0.0,2.16546908399323,-20.766480102117814,7.368272463281755e-07,7.021149995990775,0.06095863772101107,12.0,1.0,0.0,0.0,0.0,0.0,1.0
349,0.37499999416666674,0.7499999883333335,-0.019159678277348716,0.0,2.6640625,0.125,-0.125,2.3056257920106873,-22.919925320142454,7.368272463281755e-07,7.017038254236633,0.06039803255936766,12.0,1.0,0.0,0.0,0.0,0.0,1.0
350,0.37499999416666674,0.7499999883333335,-0.019985027226139655,0.0,2.640625,-0.0234375,0.0234375,2.2490064590238035,-25.566800897213568,7.368272463281755e-07,7.015920181504705,0.060387853540966964,12.0,1.0,0.0,0.0,0.0,0.0,1.0
351,0.37499999416666674,0.7499999883333335,-0.01983861192396927,0.0,2.5546875,0.078125,-0.078125,2.1651262079831213,-25.666915179475208,7.368272463281755e-07,7.0163787489926275,0.06061838273506675,12.0,1.0,0.0,0.0,0.0,0.0,1.0
352,0.37499999416666674,0.7499999883333335,-0.012066236197696114,0.0,2.609375,0.0390625,-0.0390625,2.2149759579915553,-28.775973427676856,7.368272463281755e-07,7.017481781203639,0.06088926400248469,12.0,1.0,0.0,0.0,0.0,0.0,1.0
353,0.37499999416666674,0.7499999883333335,-0.015660047314925003,0.0,2.609375,0.1484375,-0.1484375,2.257837583019864,-22.383960943449495,7.368272463281755e-07,7.021033672785217,0.06112868934128941,12.0,1.0,0.0,0.0,0.0,0.0,1.0
354,0.4999999929166668,0.9999999858333336,-0.012239097153157241,0.0,2.546875,0.1796875,-0.1796875,2.3088202080107294,-22.628852305181777,7.368272463281755e-07,7.027462649074468,0.06137131056377918,12.0,1.0,0.0,0.0,0.0,0.0,1.0
355,0.49999999291666675,0.9999999858333335,-0.02330609213309632,0.0,2.6796875,0.2890625,-0.2890625,2.3025398749741726,-24.541293042887045,7.368272463281755e-07,7.7303828850388525,0.06786035929690115,12.0,2.0,0.0,0.0,0.0,0.0,1.0
356,0.49999999291666675,0.9999999858333335,-0.02198011187651956,0.0,2.6015625,-0.0703125,0.0703125,2.2017749170190655,-26.789141392634548,7.368272463281755e-07,7.486925712890095,0.0652944781532925,12.0,3.0,0.0,0.0,0.0,0.0,1.0
357,0.49999999291666675,0.9999999858333335,-0.02387665383264736,0.0,2.6328125,0.0078125,-0.0078125,2.2362927500507794,-28.192458248360065,7.368272463281755e-07,7.495133163200484,0.06560664389851606,12.0,3.0,0.0,0.0,0.0,0.0,1.0
358,0.49999999291666675,0.9999999858333335,-0.022482597331843934,0.0,2.75,0.2421875,-0.2421875,2.381616790953558,-26.394286562080115,7.368272463281755e-07,7.503641386826833,0.06590547888643211,12.0,3.0,0.0,0.0,0.0,0.0,1.0
359,0.49999999291666675,0.9999999858333335,-0.015922748704562884,0.0,2.65625,0.1328125,-0.1328125,2.2499250000109896,-28.223667372604286,7.368272463281755e-07,7.512274672587712,0.06619643121181677,12.0,3.0,0.0,0.0,0.0,0.0,1.0
360,0.37499999541666673,0.7499999908333335,-0.016241538135854768,0.0,2.6953125,0.1640625,-0.1640625,2.310980791982729,-28.627653604397633,7.368272463281755e-07,7.52011873986986,0.06648292420949373,12.0,3.0,0.0,0.0,0.0,0.0,1.0
361,0.37499999541666673,0.7499999908333335,-0.025326439333838317,0.0,2.5390625,-0.0234375,0.0234375,2.2020028330152854,-30.612119196593188,7.368272463281755e-07,7.066700780256228,0.06317526186731728,12.0,1.0,0.0,0.0,0.0,0.0,1.0
362,0.37499999541666673,0.7499999908333335,-0.027666682680135155,0.0,2.546875,-0.1015625,0.1015625,2.186703084036708,-32.60918211449577,7.368272463281755e-07,7.067803681574085,0.06347369582826187,12.0,1.0,0.0,0.0,0.0,0.0,1.0
363,0.37499999541666673,0.7499999908333335,-0.01709151666546492,0.0,2.4921875,0.0546875,-0.0546875,2.2014906250406057,-34.578352695272585,7.368272463281755e-07,7.072349108078263,0.06382418107188476,12.0,1.0,0.0,0.0,0.0,0.0,1.0
364,0.37499999541666673,0.7499999908333335,-0.014903063905304033,0.0,2.5390625,0.125,-0.125,2.3103092910023406,-32.878120224734126,7.368272463281755e-07,7.078061325983568,0.06413904516375624,12.0,1.0,0.0,0.0,0.0,0.0,1.0
365,0.37499999541666673,0.7499999908333335,-0.01739879515090467,0.0,2.5078125,0.03125,-0.03125,2.210627500026021,-32.05402687081169,7.368272463281755e-07,7.083159242164005,0.06442638302740472,12.0,1.0,0.0,0.0,0.0,0.0,1.0
366,0.37499999541666673,0.7499999908333335,-0.021203233085349788,0.0,2.609375,0.046875,-0.046875,2.2674497080151923,-35.92297936726883,7.368272463281755e-07,7.0880127494985405,0.06478828690358734,12.0,1.0,0.0,0.0,0.0,0.0,1.0
367,0.37499999541666673,0.7499999908333335,-0.0255710347886091,0.0,2.546875,0.09375,-0.09375,2.2130948329577222,-35.99341848923609,7.368272463281755e-07,7.091641096906229,0.06522288276623427,12.0,1.0,0.0,0.0,0.0,0.0,1.0
368,0.37499999541666673,0.7499999908333335,-0.015837532387372944,0.0,2.5390625,0.1015625,-0.1015625,2.165836790984031,-36.49502396376087,7.368272463281755e-07,7.096220605752685,0.0654737269578618,12.0,1.0,0.0,0.0,0.0,0.0,1.0
369,0.37499999541666673,0.7499999908333335,-0.018907746595443364,0.0,2.53125,0.1953125,-0.1953125,2.1693127500475384,-41.231325382016095,7.368272463281755e-07,7.099730980667201,0.06579275993135525,12.0,1.0,0.0,0.0,0.0,0.0,1.0
370,0.49999999291666675,0.9999999858333335,-0.020065428018058037,0.0,2.6015625,0.203125,-0.203125,2.228262791002635,-39.57875260559027,7.368272463281755e-07,7.103304842656309,0.06606347080874415,12.0,1.0,0.0,0.0,0.0,0.0,1.0
371,0.49999999291666675,0.9999999858333335,-0.012624196152386908,0.0,2.6171875,0.2890625,-0.2890625,2.2542367090354674,-34.66056213772564,7.368272463281755e-07,7.5484542813566,0.06951945789882706,12.0,3.0,0.0,0.0,0.0,0.0,1.0
372,0.49999999291666675,0.9999999858333335,-0.02153600268748316,0.0,2.640625,-0.1015625,0.1015625,2.3058082920033485,-40.58402762173664,7.368272463281755e-07,7.559342987007565,0.06984959991597053,12.0,3.0,0.0,0.0,0.0,0.0,1.0
373,0.49999999291666675,0.9999999858333335,-0.030580923581200903,0.0,2.6875,0.1640625,-0.1640625,2.317639625049196,-38.14053206784711,7.368272463281755e-07,7.568928483459684,0.07012635014123386,12.0,3.0,0.0,0.0,0.0,0.0,1.0
374,0.49999999291666675,0.9999999858333335,-0.028598708787226146,0.0,2.625,0.0703125,-0.0703125,2.3445038750069216,-37.279047427452454,7.368272463281755e-07,7.577230238252216,0.07039440137385908,12.0,3.0,0.0,0.0,0.0,0.0,1.0
375,0.49999999291666675,0.9999999858333335,-0.019650047711144196,0.0,2.703125,0.0546875,-0.0546875,2.3346810420043766,-37.82815258860698,7.368272463281755e-07,7.584785295857324,0.07067120721977618,12.0,3.0,0.0,0.0,0.0,0.0,1.0
376,0.49999999291666675,0.9999999858333335,-0.016538096423359943,0.0,2.671875,-0.125,0.125,2.296177666983567,-42.10316104433814,7.368272463281755e-07,7.590839839643902,0.07096061107909514,12.0,3.0,0.0,0.0,0.0,0.0,1.0
377,0.49999999291666675,0.9999999858333335,-0.020536805454830886,0.0,2.671875,0.046875,-0.046875,2.328322166984435,-41.39674821000326,7.368272463281755e-07,7.5973611705833015,0.07120397239406076,12.0,3.0,0.0,0.0,0.0,0.0,1.0
378,0.49999999291666675,0.9999999858333335,-0.016887919917971374,0.0,2.6953125,0.1171875,-0.1171875,2.348331541987136,-40.64478599872049,7.368272463281755e-07,7.603077285819584,0.07145967469033268,12.0,3.0,0.0,0.0,0.0,0.0,1.0
379,0.49999999291666675,0.9999999858333335,-0.018598327694573064,0.0,2.6484375,0.0625,-0.0625,2.287481500010472,-40.692518473218215,7.368272463281755e-07,7.60892457432217,0.07171133308050533,12.0,3.0,0.0,0.0,0.0,0.0,1.0
380,0.49999999291666675,0.9999999858333335,-0.010086901668365116,0.0,2.671875,0.125,-0.125,2.265822166984435,-44.20393994429056,7.368272463281755e-07,7.613672090901269,0.0719962464645505,12.0,3.0,0.0,0.0,0.0,0.0,1.0
381,0.37499999416666674,0.7499999883333335,-0.02621452088341775,0.0,2.625,0.203125,-0.203125,2.2350448329816572,-42.50791361471749,7.368272463281755e-07,7.618109736177656,0.07225832146488959,12.0,3.0,0.0,0.0,0.0,0.0,1.0
382,0.37499999416666674,0.7499999883333335,-0.020888740300288724,0.0,2.71875,-0.09375,0.09375,2.304753292002715,-41.78524574821938,7.368272463281755e-07,7.622335480319129,0.07257148677793641,12.0,3.0,0.0,0.0,0.0,0.0,1.0
383,0.37499999416666674,0.7499999883333335,-0.014694252763994105,0.0,2.609375,0.046875,-0.046875,2.3409741249633953,-42.71025825418535,7.368272463281755e-07,7.6259918279118,0.07281007141702706,12.0,3.0,0.0,0.0,0.0,0.0,1.0
384,0.37499999416666674,0.7499999883333335,-0.009908863117234906,0.0,2.6875,0.109375,-0.109375,2.325643166026566,-50.66830022368908,7.368272463281755e-07,7.628717541694641,0.0730941280360437,12.0,3.0,0.0,0.0,0.0,0.0,1.0
385,0.37499999416666674,0.7499999883333335,-0.025256293363256244,0.0,2.6171875,0.0625,-0.0625,2.252593707991764,-45.41761593631705,7.368272463281755e-07,7.6317966845300464,0.07336720368928379,12.0,3.0,0.0,0.0,0.0,0.0,1.0
386,0.37499999416666674,0.7499999883333335,-0.03058040184501087,0.0,2.71875,0.234375,-0.234375,2.359087291988544,-51.32288118506428,7.368272463281755e-07,7.633755690521664,0.0736342462607556,12.0,3.0,0.0,0.0,0.0,0.0,1.0
387,0.37499999416666674,0.7499999883333335,-0.024400835702998214,0.0,2.6328125,0.09375,-0.09375,2.25261295796372,-45.67380327525623,7.368272463281755e-07,7.636304842101203,0.07391489705898696,12.0,3.0,0.0,0.0,0.0,0.0,1.0
388,0.37499999416666674,0.7499999883333335,-0.02664530590410733,0.0,2.6484375,0.1328125,-0.1328125,2.269673916976899,-48.95798968063025,7.368272463281755e-07,7.638776633474562,0.074218175930178,12.0,3.0,0.0,0.0,0.0,0.0,1.0
389,0.37499999416666674,0.7499999883333335,-0.017040702190174447,0.0,2.6796875,-0.0234375,0.0234375,2.277541624964215,-44.79400505240733,7.368272463281755e-07,7.641451418399811,0.07450159745187396,12.0,3.0,0.0,0.0,0.0,0.0,1.0
390,0.37499999416666674,0.7499999883333335,-0.030568098117891195,0.0,2.6796875,-0.0390625,0.0390625,2.2735151250381023,-53.145465473691274,7.368272463281755e-07,7.64392947157224,0.07480348642760266,12.0,3.0,0.0,0.0,0.0,0.0,1.0
391,0.37499999416666674,0.7499999883333335,-0.023151693114249524,0.0,2.640625,-0.078125,0.078125,2.356169625010807,-53.515845174948026,7.368272463281755e-07,7.646055751376682,0.07506923166672802,12.0,3.0,0.0,0.0,0.0,0.0,1.0
392,0.39019037070885837,0.7803807414177167,-0.01610850058760144,0.0,2.625,0.09375,-0.09375,2.4346222919994034,-55.77724652073812,7.368272463281755e-07,7.647348652283351,0.07531863509211689,12.0,3.0,0.0,0.0,0.0,0.0,1.0
393,0.4029077228820703,0.8058154457641405,-0.021381764652812846,0.0,2.3671875,0.3203125,-0.3203125,2.247157125035301,-63.01502816958842,7.368272463281755e-07,7.196071860465136,0.07150677163868253,12.0,1.0,0.0,0.0,0.0,0.0,1.0
394,0.40496549004340626,0.8099309800868125,-0.02090452184269857,0.0,2.4453125,0.09375,-0.09375,2.1707612500176765,-59.48420540201545,7.368272463281755e-07,7.196421567689288,0.07206829541643277,12.0,1.0,0.0,0.0,0.0,0.0,1.0
395,0.4058501544655665,0.811700308931133,-0.018482695532017104,0.0,2.40625,0.375,-0.375,2.0559015829931013,-67.62851941164499,7.368272463281755e-07,7.201252353462306,0.07265756148792041,12.0,1.0,0.0,0.0,0.0,0.0,1.0
396,0.4061769598876419,0.8123539197752838,-0.01600704241575602,0.0,2.4375,0.046875,-0.046875,2.0818984999787062,-64.14894669874066,7.368272463281755e-07,7.207941854541952,0.0730960558840624,12.0,1.0,0.0,0.0,0.0,0.0,1.0
397,0.4060948307544952,0.8121896615089904,-0.014930167797040128,0.0,2.5078125,0.0703125,-0.0703125,2.130999959015753,-61.86027403215452,7.368272463281755e-07,7.215639965778047,0.07340682740786261,12.0,1.0,0.0,0.0,0.0,0.0,1.0
398,0.40581889089242656,0.8116377817848531,-0.0211528019956392,0.0,2.46875,0.0859375,-0.0859375,2.0854728749836795,-69.03123086476069,7.368272463281755e-07,7.221826887604865,0.07368231953428635,12.0,1.0,0.0,0.0,0.0,0.0,1.0
399,0.40524231427848384,0.8104846285569677,-0.021222552102680974,0.0,2.46875,-0.15625,0.15625,2.1218283750349656,-70.02532176927684,7.368272463281755e-07,6.949549515172839,0.09736676012180397,12.0,2.0,0.0,0.0,0.0,0.0,1.0
400,0.40453494182792604,0.8090698836558521,-0.022282004577157767,0.0,2.4140625,0.1796875,-0.1796875,2.133172250003554,-75.04170199200394,7.368272463281755e-07,7.232149232009595,0.07426781748323595,12.0,1.0,0.0,0.0,0.0,0.0,1.0
401,0.405440964123181,0.810881928246362,-0.02606681745964056,0.0,2.5078125,0.0546875,-0.0546875,2.1784301250008866,-74.70316746572723,7.368272463281755e-07,7.236467256549407,0.07456588787483104,12.0,1.0,0.0,0.0,0.0,0.0,1.0
402,0.4088185812888358,0.8176371625776716,-0.01988795720470048,0.0,2.4765625,0.0859375,-0.0859375,2.140065459010657,-77.76302122748942,7.368272463281755e-07,7.241897875612432,0.07482417368869805,12.0,1.0,0.0,0.0,0.0,0.0,1.0
403,0.4166666608333334,0.8333333216666668,-0.030505581475075486,0.0,2.4453125,0.0703125,-0.0703125,2.13132449996192,-79.98269454656413,7.368272463281755e-07,7.248823850669644,0.07508798999399667,12.0,1.0,0.0,0.0,0.0,0.0,1.0
404,0.4166666608333334,0.8333333216666668,-0.03038563523424165,0.0,2.4140625,0.34375,-0.34375,2.06386500003282,-84.93148789548053,7.368272463281755e-07,6.9840055257081985,0.09898750139254844,12.0,2.0,0.0,0.0,0.0,0.0,1.0
405,0.4166666608333334,0.8333333216666668,-0.018454897979304635,0.0,2.4375,0.0625,-0.0625,2.126501917024143,-80.51582101658427,7.368272463281755e-07,6.993877904862165,0.09931492269242881,12.0,2.0,0.0,0.0,0.0,0.0,1.0
406,0.4166666608333334,0.8333333216666668,-0.02120203812471608,0.0,2.3984375,0.2109375,-0.2109375,2.0983738329960033,-83.20842638182157,7.368272463281755e-07,7.004425917565823,0.09962164701209986,12.0,2.0,0.0,0.0,0.0,0.0,1.0
407,0.37499999541666673,0.7499999908333335,-0.012765196340700552,0.0,2.4375,0.109375,-0.109375,2.1099042499554344,-83.66629029753415,7.368272463281755e-07,7.013767148554325,0.09993167942593573,12.0,2.0,0.0,0.0,0.0,0.0,1.0
408,0.37499999541666673,0.7499999908333335,-0.03166360070714853,0.0,2.5703125,0.171875,-0.171875,2.212750540988054,-84.29752001079156,7.368272463281755e-07,7.286042271689936,0.07625840793083295,12.0,1.0,0.0,0.0,0.0,0.0,1.0
409,0.37499999541666673,0.7499999908333335,-0.024500302924848904,0.0,2.59375,0.15625,-0.15625,2.4453922910033725,-83.59760897225387,7.368272463281755e-07,7.289277099750259,0.07637800770647697,12.0,1.0,0.0,0.0,0.0,0.0,1.0
410,0.37499999541666673,0.7499999908333335,-0.031155978026580145,0.0,2.5546875,0.3125,-0.3125,2.2083676250185817,-87.1825966083926,7.368272463281755e-07,7.294065975330093,0.07647402781797362,12.0,1.0,0.0,0.0,0.0,0.0,1.0
411,0.37499999541666673,0.7499999908333335,-0.023991278061190998,0.0,2.609375,0.15625,-0.15625,2.2561304999981076,-87.59667006614869,7.368272463281755e-07,7.299062536521391,0.07667584659727501,12.0,1.0,0.0,0.0,0.0,0.0,1.0
412,0.37499999541666673,0.7499999908333335,-0.024500119815090548,0.0,2.5546875,0.09375,-0.09375,2.1732557500363328,-90.74307611071367,7.368272463281755e-07,7.3029567490924485,0.0768901522017338,12.0,1.0,0.0,0.0,0.0,0.0,1.0
413,0.37499999541666673,0.7499999908333335,-0.028963668353404092,0.0,2.5,-0.1171875,0.1171875,2.194124582980294,-88.15000352388014,7.368272463281755e-07,7.307003762234341,0.07712049295448443,12.0,1.0,0.0,0.0,0.0,0.0,1.0
414,0.37499999541666673,0.7499999908333335,-0.02264801004303504,0.0,2.5234375,-0.0234375,0.0234375,2.2008023749804124,-87.42572415826537,7.368272463281755e-07,7.310256051746282,0.07731485691940841,12.0,1.0,0.0,0.0,0.0,0.0,1.0
415,0.37499999541666673,0.7499999908333335,-0.024470243616290892,0.0,2.6328125,0.4296875,-0.4296875,2.2627765420475043,-92.78577202355395,7.368272463281755e-07,7.312763887372884,0.07752030024477624,12.0,1.0,0.0,0.0,0.0,0.0,1.0
416,0.37499999541666673,0.7499999908333335,-0.029506372775081825,0.0,2.453125,0.0703125,-0.0703125,2.0858051670365967,-90.77330329412725,7.368272463281755e-07,7.3172410401431,0.07774462643150896,12.0,1.0,0.0,0.0,0.0,0.0,1.0
417,0.4166666608333334,0.8333333216666668,-0.02853284613555544,0.0,2.578125,0.09375,-0.09375,2.333951917011291,-87.15210719996584,7.368272463281755e-07,7.321614276279103,0.077969299443463,12.0,1.0,0.0,0.0,0.0,0.0,1.0
418,0.4166666608333334,0.8333333216666668,-0.03767430109807115,0.0,2.46875,0.1171875,-0.1171875,2.1164963750052266,-100.77888786312653,7.368272463281755e-07,7.06839294731617,0.10305533682694659,12.0,2.0,0.0,0.0,0.0,0.0,1.0
419,0.4166666608333334,0.8333333216666668,-0.030201658631203138,0.0,2.375,0.1953125,-0.1953125,2.150844874966424,-107.71977732313098,7.368272463281755e-07,7.085501623153687,0.10346993438433856,12.0,2.0,0.0,0.0,0.0,0.0,1.0
420,0.4166666608333334,0.8333333216666668,-0.02023115347056921,0.0,2.4140625,0.2578125,-0.2578125,2.1335509999771602,-105.72742049449235,7.368272463281755e-07,7.0994761973619465,0.10380431864396086,12.0,2.0,0.0,0.0,0.0,0.0,1.0
421,0.4166666608333334,0.8333333216666668,-0.014132456049651894,0.0,2.421875,0.0703125,-0.0703125,2.0599044160335325,-107.19956510273605,7.368272463281755e-07,7.111678272485733,0.10412797467797645,12.0,2.0,0.0,0.0,0.0,0.0,1.0
422,0.4166666608333334,0.8333333216666668,-0.01235702870188155,0.0,2.40625,0.3125,-0.3125,2.0578841249807738,-103.67326195651889,7.368272463281755e-07,7.125052040815353,0.10444785763975233,12.0,2.0,0.0,0.0,0.0,0.0,1.0
423,0.4166666608333334,0.8333333216666668,-0.0191902255800855,0.0,2.3984375,0.2421875,-0.2421875,2.0741375000216067,-113.3512501292589,7.368272463281755e-07,7.136270231008529,0.10477401393000037,12.0,2.0,0.0,0.0,0.0,0.0,1.0
424,0.4166666608333334,0.8333333216666668,-0.013201046483068172,0.0,2.3984375,0.15625,-0.15625,2.0412796669988893,-109.02971686932018,7.368272463281755e-07,7.148420023918152,0.1050859584054706,12.0,2.0,0.0,0.0,0.0,0.0,1.0
425,0.4166666608333334,0.8333333216666668,-0.02922521296697136,0.0,2.3671875,0.1953125,-0.1953125,2.0759420419926755,-123.11889523344588,7.368272463281755e-07,7.1595090448856356,0.1054003674442356,12.0,2.0,0.0,0.0,0.0,0.0,1.0
426,0.4166666608333334,0.8333333216666668,-0.024090747651722772,0.0,2.4453125,0.1484375,-0.1484375,2.127186958969105,-119.87572403092639,7.368272463281755e-07,7.170085018873214,0.1057468309347314,12.0,2.0,0.0,0.0,0.0,0.0,1.0
427,0.4166666608333334,0.8333333216666668,-0.03221646116562455,0.0,2.4375,0.375,-0.375,2.1226773749804124,-114.89169416623488,7.368272463281755e-07,7.180482268333435,0.10605553033747128,12.0,2.0,0.0,0.0,0.0,0.0,1.0
428,0.4166666608333334,0.8333333216666668,-0.02840224488140264,0.0,2.421875,0.1328125,-0.1328125,2.2090501250349917,-121.47730283783298,7.368272463281755e-07,7.189564502239227,0.10636872274808411,12.0,2.0,0.0,0.0,0.0,0.0,1.0
429,0.4166666608333334,0.8333333216666668,-0.019506660414573596,0.0,2.375,0.3671875,-0.3671875,2.0417662079562433,-127.5063708925154,7.368272463281755e-07,7.199632126092911,0.10665251767713926,12.0,2.0,0.0,0.0,0.0,0.0,1.0
430,0.4166666608333334,0.8333333216666668,-0.029648697198002852,0.0,2.4140625,0.109375,-0.109375,2.1023127080406994,-121.5327003957571,7.368272463281755e-07,7.209144711494446,0.10696021177791408,12.0,2.0,0.0,0.0,0.0,0.0,1.0
431,0.4166666608333334,0.8333333216666668,-0.029470323996893356,0.0,2.4296875,0.0234375,-0.0234375,2.082577958004549,-132.02796545463625,7.368272463281755e-07,7.216567480564118,0.10727043020524434,12.0,2.0,0.0,0.0,0.0,0.0,1.0
432,0.4166666608333334,0.8333333216666668,-0.03314565064959361,0.0,2.484375,0.1015625,-0.1015625,2.203026208037045,-131.2544728167408,7.368272463281755e-07,7.224385190010071,0.10758893449783499,12.0,2.0,0.0,0.0,0.0,0.0,1.0
433,0.4166666608333334,0.8333333216666668,-0.03506896451038532,0.0,2.4609375,0.0546875,-0.0546875,2.1480585410026833,-126.34780502279717,7.368272463281755e-07,7.2316630482673645,0.10789242209866642,12.0,2.0,0.0,0.0,0.0,0.0,1.0
434,0.4166666608333334,0.8333333216666668,-0.03365304274139714,0.0,2.4296875,0.0234375,-0.0234375,2.0928483749739826,-117.60491134181103,7.368272463281755e-07,7.239484560489655,0.10816578363992449,12.0,2.0,0.0,0.0,0.0,0.0,1.0
435,0.4166666608333334,0.8333333216666668,-0.027078301990134904,0.0,2.3671875,0.109375,-0.109375,2.020598874951247,-137.55613750378254,7.368272463281755e-07,7.247440588474274,0.10843117766089563,12.0,2.0,0.0,0.0,0.0,0.0,1.0
436,0.4166666608333334,0.8333333216666668,-0.01932728149648078,0.0,2.4296875,0.1796875,-0.1796875,2.0936753339483403,-138.82567009442093,7.368272463281755e-07,7.2550013065338135,0.10874541399061854,12.0,2.0,0.0,0.0,0.0,0.0,1.0
437,0.4166666608333334,0.8333333216666668,-0.027735391769941466,0.0,2.4296875,-0.1171875,0.1171875,2.055250375007745,-132.14574330507918,7.368272463281755e-07,7.262039971351624,0.10901079655623107,12.0,2.0,0.0,0.0,0.0,0.0,1.0
438,0.4166666608333334,0.8333333216666668,-0.031533565100266676,0.0,2.4609375,0.0234375,-0.0234375,2.1240720829810016,-137.7757327887895,7.368272463281755e-07,7.268424141407013,0.10927991190928879,12.0,2.0,0.0,0.0,0.0,0.0,1.0
439,0.4166666608333334,0.8333333216666668,-0.016041593320554992,0.0,2.4140625,0.109375,-0.109375,2.177313874999527,-142.5153616195421,7.368272463281755e-07,7.27519599199295,0.10953445109538507,12.0,2.0,0.0,0.0,0.0,0.0,1.0
440,0.4166666608333334,0.8333333216666668,-0.026003379050005083,0.0,2.484375,0.0859375,-0.0859375,2.162556208029855,-149.2420640757971,7.368272463281755e-07,7.279940950870514,0.10981657981872103,12.0,2.0,0.0,0.0,0.0,0.0,1.0
441,0.4166666608333334,0.8333333216666668,-0.039958843323558244,0.0,2.4296875,0.171875,-0.171875,2.1372039160341956,-141.11996811626244,7.368272463281755e-07,7.286153614521027,0.1100629835482323,12.0,2.0,0.0,0.0,0.0,0.0,1.0
442,0.4166666608333334,0.8333333216666668,-0.033128156629666394,0.0,2.421875,-0.0546875,0.0546875,2.0732504159677774,-144.01451169344926,7.368272463281755e-07,7.291723394393921,0.11029448202807543,12.0,2.0,0.0,0.0,0.0,0.0,1.0
443,0.4166666608333334,0.8333333216666668,-0.01378045870931224,0.0,2.421875,0.234375,-0.234375,2.0919970420072787,-158.98892722331107,7.368272463281755e-07,7.297499561309815,0.11056354345746514,12.0,2.0,0.0,0.0,0.0,0.0,1.0
444,0.4166666608333334,0.8333333216666668,-0.01956311599398787,0.0,2.3984375,0.25,-0.25,2.090248124965001,-155.19550170569076,7.368272463281755e-07,7.303369116783142,0.110840041022675,12.0,2.0,0.0,0.0,0.0,0.0,1.0
445,0.4166666608333334,0.8333333216666668,-0.0300047571942113,0.0,2.390625,0.0,0.0,2.0923595409840345,-159.76977520289577,7.368272463281755e-07,7.3092164397239685,0.11109054091393773,12.0,2.0,0.0,0.0,0.0,0.0,1.0
446,0.4166666608333334,0.8333333216666668,-0.026411835264352267,0.0,2.484375,0.1875,-0.1875,2.1535463749896735,-150.4367487016002,7.368272463281755e-07,7.31494380235672,0.11137240808457136,12.0,2.0,0.0,0.0,0.0,0.0,1.0
447,0.4166666608333334,0.8333333216666668,-0.01997479208404102,0.0,2.4296875,0.0,0.0,2.1736972920480184,-153.55418541220428,7.368272463281755e-07,7.321423792839051,0.11161020590916451,12.0,2.0,0.0,0.0,0.0,0.0,1.0
448,0.4166666608333334,0.8333333216666668,-0.042582466832546205,0.0,2.3671875,0.15625,-0.15625,2.097533583000768,-165.9098320623534,7.368272463281755e-07,7.327566647529602,0.11189041255056509,12.0,2.0,0.0,0.0,0.0,0.0,1.0
449,0.4166666608333334,0.8333333216666668,-0.0214123367529805,0.0,2.4375,0.3359375,-0.3359375,2.0969782500178553,-165.7166560910648,7.368272463281755e-07,7.332519936561584,0.11218700284152874,12.0,2.0,0.0,0.0,0.0,0.0,1.0
450,0.4166666608333334,0.8333333216666668,-0.03408086558867167,0.0,2.5078125,0.1328125,-0.1328125,2.2514775000163354,-164.1658411502571,7.368272463281755e-07,7.336724209785461,0.11246578913196573,12.0,2.0,0.0,0.0,0.0,0.0,1.0
451,0.4166666608333334,0.8333333216666668,-0.025663452149039458,0.0,2.359375,0.1015625,-0.1015625,2.0608131660264917,-165.92735141315205,7.368272463281755e-07,7.3422675132751465,0.11271179995528655,12.0,2.0,0.0,0.0,0.0,0.0,1.0
452,0.4166666608333334,0.8333333216666668,-0.03346850067346468,0.0,2.390625,0.234375,-0.234375,2.059126375010237,-168.34825859387448,7.368272463281755e-07,7.348987007141114,0.11297600869074813,12.0,2.0,0.0,0.0,0.0,0.0,1.0
453,0.4166666608333334,0.8333333216666668,-0.032976832712605396,0.0,2.46875,0.1953125,-0.1953125,2.1303323329775594,-165.95819404004754,7.368272463281755e-07,7.35480672121048,0.1132684446311032,12.0,2.0,0.0,0.0,0.0,0.0,1.0
454,0.4166666608333334,0.8333333216666668,-0.019525715798621845,0.0,2.4609375,0.1328125,-0.1328125,2.171338915999513,-167.0454246635438,7.368272463281755e-07,7.360804629325867,0.11356759992413572,12.0,2.0,0.0,0.0,0.0,0.0,1.0
455,0.4166666608333334,0.8333333216666668,-0.041331545654622256,0.0,2.40625,0.21875,-0.21875,2.0952263749786653,-187.2272226777073,7.368272463281755e-07,7.366238212585449,0.1138546547757869,12.0,2.0,0.0,0.0,0.0,0.0,1.0
456,0.4166666608333334,0.8333333216666668,-0.01987453437186346,0.0,2.390625,0.1640625,-0.1640625,2.04721733299084,-181.13651899217317,7.368272463281755e-07,7.371706795692444,0.11412495818949538,12.0,2.0,0.0,0.0,0.0,0.0,1.0
457,0.4166666608333334,0.8333333216666668,-0.028234017008314377,0.0,2.3984375,-0.015625,0.015625,2.0656816660193726,-156.59985841042894,7.368272463281755e-07,7.377017092704773,0.11437737771339015,12.0,2.0,0.0,0.0,0.0,0.0,1.0
458,0.4166666608333334,0.8333333216666668,-0.014910540781764552,0.0,2.4140625,-0.0078125,0.0078125,2.068979582982138,-169.64823980148714,7.368272463281755e-07,7.381030488014221,0.11463548830652144,12.0,2.0,0.0,0.0,0.0,0.0,1.0
459,0.4166666608333334,0.8333333216666668,-0.04092361447741255,0.0,2.421875,0.140625,-0.140625,2.138997791975271,-181.83826220137396,7.368272463281755e-07,7.385079872608185,0.11490686424949673,12.0,2.0,0.0,0.0,0.0,0.0,1.0
460,0.4166666608333334,0.8333333216666668,-0.024807029934384894,0.0,2.4296875,0.0078125,-0.0078125,2.076093583018519,-169.4293502916004,7.368272463281755e-07,7.3891552805900576,0.11519677442556712,12.0,2.0,0.0,0.0,0.0,0.0,1.0
461,0.4166666608333334,0.8333333216666668,-0.03400803789799039,0.0,2.3984375,0.1953125,-0.1953125,2.0703044590190984,-201.71992737599663,7.368272463281755e-07,7.393034970760345,0.11547864379390375,12.0,2.0,0.0,0.0,0.0,0.0,1.0
462,0.4166666608333334,0.8333333216666668,-0.017020675997488577,0.0,2.3046875,0.3125,-0.3125,2.0139393330318853,-186.2061226824251,7.368272463281755e-07,7.3974254488945,0.11572696807852481,12.0,2.0,0.0,0.0,0.0,0.0,1.0
463,0.4166666608333334,0.8333333216666668,-0.029374098636376852,0.0,2.4453125,0.375,-0.375,2.136200875043869,-185.5825018470024,7.368272463281755e-07,7.4013095021247866,0.11601844462566077,12.0,2.0,0.0,0.0,0.0,0.0,1.0
464,0.4166666608333334,0.8333333216666668,-0.016521241318458328,0.0,2.4296875,0.2109375,-0.2109375,2.1063848750200123,-203.24668859849348,7.368272463281755e-07,7.4046605110168455,0.11629416430369019,12.0,2.0,0.0,0.0,0.0,0.0,1.0
465,0.4166666608333334,0.8333333216666668,-0.0333043772896873,0.0,2.4296875,0.1953125,-0.1953125,2.089270166005008,-204.0305722637081,7.368272463281755e-07,7.4080735206604,0.11660615644359495,12.0,2.0,0.0,0.0,0.0,0.0,1.0
466,0.4166666608333334,0.8333333216666668,-0.04082421242662922,0.0,2.34375,0.328125,-0.328125,2.005942750023678,-216.92837875219683,7.368272463281755e-07,7.4119600534439085,0.11686139484809246,12.0,2.0,0.0,0.0,0.0,0.0,1.0
467,0.4166666608333334,0.8333333216666668,-0.03152726347040791,0.0,2.390625,0.1796875,-0.1796875,2.070344000007026,-214.81624862716953,7.368272463281755e-07,7.415841102600098,0.11714024927496211,12.0,2.0,0.0,0.0,0.0,0.0,1.0
468,0.4166666608333334,0.8333333216666668,-0.04136286793975486,0.0,2.3515625,0.25,-0.25,2.052472624985967,-220.21877051323986,7.368272463281755e-07,7.419837570190429,0.11738449191616382,12.0,2.0,0.0,0.0,0.0,0.0,1.0
469,0.4166666608333334,0.8333333216666668,-0.024671431027912295,0.0,2.40625,0.1171875,-0.1171875,2.216442000004463,-198.59592552582941,7.368272463281755e-07,7.423793864250183,0.11767321576480753,12.0,2.0,0.0,0.0,0.0,0.0,1.0
470,0.4166666608333334,0.8333333216666668,-0.04138788961575097,0.0,2.4296875,0.1484375,-0.1484375,2.0903995420085266,-198.24210768488126,7.368272463281755e-07,7.428124976158142,0.11796725234016776,12.0,2.0,0.0,0.0,0.0,0.0,1.0
471,0.4166666608333334,0.8333333216666668,-0.031212485937928643,0.0,2.4296875,0.078125,-0.078125,2.07982120802626,-200.8644707824472,7.368272463281755e-07,7.432327830791474,0.11825851636822335,12.0,2.0,0.0,0.0,0.0,0.0,1.0
472,0.4166666608333334,0.8333333216666668,-0.04474913611070424,0.0,2.4296875,0.0546875,-0.0546875,2.086427874979563,-217.59914998309176,7.368272463281755e-07,7.436123538017273,0.11854039305762853,12.0,2.0,0.0,0.0,0.0,0.0,1.0
473,0.4166666608333334,0.8333333216666668,-0.03352650065073743,0.0,2.3984375,0.140625,-0.140625,2.1017025409964845,-233.63886446250203,7.368272463281755e-07,7.439627897739411,0.11881676716729998,12.0,2.0,0.0,0.0,0.0,0.0,1.0
474,0.4166666608333334,0.8333333216666668,-0.033352901630778545,0.0,2.3828125,0.2109375,-0.2109375,2.0563565000193194,-224.6451182173214,7.368272463281755e-07,7.443095374107361,0.11907459321373608,12.0,2.0,0.0,0.0,0.0,0.0,1.0
475,0.4166666608333334,0.8333333216666668,-0.03168696230035515,0.0,2.53125,0.140625,-0.140625,2.1877188329817727,-211.12282741743243,7.368272463281755e-07,7.446399807929993,0.11938977708050516,12.0,2.0,0.0,0.0,0.0,0.0,1.0
476,0.4166666608333334,0.8333333216666668,-0.035590954226329186,0.0,2.3515625,0.1015625,-0.1015625,2.1057835829560645,-215.49648659420643,7.368272463281755e-07,7.450615549087525,0.11963950578938239,12.0,2.0,0.0,0.0,0.0,0.0,1.0
477,0.4166666608333334,0.8333333216666668,-0.03702534083642291,0.0,2.4375,0.0390625,-0.0390625,2.201295167033095,-226.22680925500046,7.368272463281755e-07,7.454018938541412,0.11993640710716136,12.0,2.0,0.0,0.0,0.0,0.0,1.0
478,0.4166666608333334,0.8333333216666668,-0.028784085090514097,0.0,2.390625,0.1875,-0.1875,2.0916901670279913,-230.89219807459838,7.368272463281755e-07,7.457491016387939,0.12021828741708304,12.0,2.0,0.0,0.0,0.0,0.0,1.0
479,0.4166666608333334,0.8333333216666668,-0.04108071699935966,0.0,2.453125,0.203125,-0.203125,2.0958783749956638,-217.42625909845736,7.368272463281755e-07,7.460771214962006,0.12052240936027374,12.0,2.0,0.0,0.0,0.0,0.0,1.0
480,0.4166666608333334,0.8333333216666668,-0.023088040992241585,0.0,2.375,0.140625,-0.140625,2.051570166950114,-236.88029030597107,7.368272463281755e-07,7.46334582567215,0.12080028241616673,12.0,2.0,0.0,0.0,0.0,0.0,1.0
481,0.4166666608333334,0.8333333216666668,-0.021097787468950153,0.0,2.359375,0.2578125,-0.2578125,2.114246292039752,-227.76958382270138,7.368272463281755e-07,7.46589640378952,0.1210804001253564,12.0,2.0,0.0,0.0,0.0,0.0,1.0
482,0.4166666608333334,0.8333333216666668,-0.03572583479797846,0.0,2.3046875,0.078125,-0.078125,2.0073144159978256,-261.43397883457226,7.368272463281755e-07,7.468247520923614,0.12136016024160198,12.0,2.0,0.0,0.0,0.0,0.0,1.0
483,0.4166666608333334,0.8333333216666668,-0.03772541631337232,0.0,2.40625,0.171875,-0.171875,2.109682750015054,-244.02678258383443,7.368272463281755e-07,7.470774626731872,0.1216796677268576,12.0,2.0,0.0,0.0,0.0,0.0,1.0
484,0.4166666608333334,0.8333333216666668,-0.006453253194593587,0.0,2.421875,0.0390625,-0.0390625,2.1012075420003384,-235.5690232746303,7.368272463281755e-07,7.47393307685852,0.12198997267405502,12.0,2.0,0.0,0.0,0.0,0.0,1.0
485,0.4166666608333334,0.8333333216666668,-0.026043147865325147,0.0,2.4296875,0.1796875,-0.1796875,2.1165638329694048,-256.29402239172094,7.368272463281755e-07,7.476347076892853,0.12229536921659019,12.0,2.0,0.0,0.0,0.0,0.0,1.0
486,0.4166666608333334,0.8333333216666668,-0.034155397724358307,0.0,2.4296875,0.140625,-0.140625,2.096551000024192,-249.01885322999462,7.368272463281755e-07,7.479568207263947,0.12257314852322451,12.0,2.0,0.0,0.0,0.0,0.0,1.0
487,0.4166666608333334,0.8333333216666668,-0.03196025862340891,0.0,2.421875,0.046875,-0.046875,2.112683042010758,-248.11469800806935,7.368272463281755e-07,7.482894384860993,0.12284106925362721,12.0,2.0,0.0,0.0,0.0,0.0,1.0
488,0.4166666608333334,0.8333333216666668,-0.018081294382970844,0.0,2.3828125,0.046875,-0.046875,2.0596398749621585,-233.9725088288847,7.368272463281755e-07,7.486361289024353,0.12307948766974733,12.0,2.0,0.0,0.0,0.0,0.0,1.0
489,0.4166666608333334,0.8333333216666668,-0.030809050024397884,0.0,2.453125,0.0703125,-0.0703125,2.100628832995426,-260.59638762943393,7.368272463281755e-07,7.48940212726593,0.12336266750353389,12.0,2.0,0.0,0.0,0.0,0.0,1.0
490,0.4166666608333334,0.8333333216666668,-0.031201883592035108,0.0,2.359375,0.390625,-0.390625,2.0453078339924105,-270.75356707296686,7.368272463281755e-07,7.493209111690521,0.12361121822032146,12.0,2.0,0.0,0.0,0.0,0.0,1.0
491,0.4166666608333334,0.8333333216666668,-0.05764530635877704,0.0,2.4453125,0.09375,-0.09375,2.1333575409953482,-257.2429369738669,7.368272463281755e-07,7.497556388378143,0.12387387387570925,12.0,2.0,0.0,0.0,0.0,0.0,1.0
492,0.4166666608333334,0.8333333216666668,-0.028788218746771167,0.0,2.421875,0.0390625,-0.0390625,2.102451667014975,-254.63970485779967,7.368272463281755e-07,7.501829922199249,0.12413494602078572,12.0,2.0,0.0,0.0,0.0,0.0,1.0
493,0.4166666608333334,0.8333333216666668,-0.03563737931819994,0.0,2.4375,-0.0078125,0.0078125,2.2073363339877687,-263.5938241799983,7.368272463281755e-07,7.506585574150085,0.12439746477757581,12.0,2.0,0.0,0.0,0.0,0.0,1.0
494,0.4166666608333334,0.8333333216666668,-0.017907956468391942,0.0,2.453125,0.125,-0.125,2.125422334007453,-264.31911709633727,7.368272463281755e-07,7.5119901418685915,0.12466758554801345,12.0,2.0,0.0,0.0,0.0,0.0,1.0
495,0.4166666608333334,0.8333333216666668,-0.06810777287443233,0.0,2.2890625,0.3671875,-0.3671875,2.0091001669643447,-271.71452105012145,7.368272463281755e-07,7.518858003616333,0.12493371699820273,12.0,2.0,0.0,0.0,0.0,0.0,1.0
496,0.4166666608333334,0.8333333216666668,-0.053890126983916445,0.0,2.4296875,-0.1328125,0.1328125,2.0778052079840563,-258.9007455900855,7.368272463281755e-07,7.525832653045654,0.12523285869392567,12.0,2.0,0.0,0.0,0.0,0.0,1.0
497,0.4166666608333334,0.8333333216666668,-0.04724006918434254,0.0,2.40625,0.015625,-0.015625,2.05880724999588,-261.78674462570564,7.368272463281755e-07,7.530923426151276,0.12552213253220543,12.0,2.0,0.0,0.0,0.0,0.0,1.0
498,0.4166666608333334,0.8333333216666668,-0.03739764369953012,0.0,2.4609375,0.2265625,-0.2265625,2.1296871249796823,-277.03762381472404,7.368272463281755e-07,7.536006236076355,0.12581374906003476,12.0,2.0,0.0,0.0,0.0,0.0,1.0
499,0.4166666608333334,0.8333333216666668,-0.029465398912874564,0.0,2.421875,0.203125,-0.203125,2.0741863750154153,-250.5968544139617,7.368272463281755e-07,7.540959227085113,0.12609904239070602,12.0,2.0,0.0,0.0,0.0,0.0,1.0
500,0.4166666608333334,0.8333333216666668,-0.023257972703731658,0.0,2.4375,0.03125,-0.03125,2.161260166030843,-276.0963641841096,7.368272463281755e-07,7.545654344558716,0.12637621693429538,12.0,2.0,0.0,0.0,0.0,0.0,1.0
