{
  "ablation_type": "fixed_lambda",
  "config": {
    "state_dim": 10,
    "num_actions": 2,
    "hidden_dims": [
      64,
      64
    ],
    "dropout": 0.0,
    "activation": "relu",
    "batch_size": 32,
    "mixture_weight": 0.1,
    "lambda_mode": "adaptive",
    "lambda_alpha": 0.5,
    "actor_lr": 0.0001,
    "critic_lr": 0.001,
    "regret_lr": 0.001
  },
  "num_iterations": 50,
  "total_time": 0.2127540111541748,
  "lambda_stats": {
    "initial_lambda": 0.1,
    "final_lambda": 0.1,
    "min_lambda": 0.1,
    "max_lambda": 0.1,
    "mean_lambda": 0.09999999999999998,
    "std_lambda": 2.7755575615628914e-17
  },
  "final_losses": {
    "actor_loss": 0.6322287321090698,
    "critic_loss": 1.3600767850875854,
    "regret_loss": 0.020455116406083107,
    "total_loss": 2.012760639190674
  },
  "results_data": {
    "iterations": [
      0,
      1,
      2,
      3,
      4,
      5,
      6,
      7,
      8,
      9,
      10,
      11,
      12,
      13,
      14,
      15,
      16,
      17,
      18,
      19,
      20,
      21,
      22,
      23,
      24,
      25,
      26,
      27,
      28,
      29,
      30,
      31,
      32,
      33,
      34,
      35,
      36,
      37,
      38,
      39,
      40,
      41,
      42,
      43,
      44,
      45,
      46,
      47,
      48,
      49
    ],
    "lambda_values": [
      0.1,
      0.1,
      0.1,
      0.1,
      0.1,
      0.1,
      0.1,
      0.1,
      0.1,
      0.1,
      0.1,
      0.1,
      0.1,
      0.1,
      0.1,
      0.1,
      0.1,
      0.1,
      0.1,
      0.1,
      0.1,
      0.1,
      0.1,
      0.1,
      0.1,
      0.1,
      0.1,
      0.1,
      0.1,
      0.1,
      0.1,
      0.1,
      0.1,
      0.1,
      0.1,
      0.1,
      0.1,
      0.1,
      0.1,
      0.1,
      0.1,
      0.1,
      0.1,
      0.1,
      0.1,
      0.1,
      0.1,
      0.1,
      0.1,
      0.1
    ],
    "actor_losses": [
      0.6640009880065918,
      0.6866828203201294,
      0.6419492363929749,
      0.6449838876724243,
      0.616369366645813,
      0.7031615972518921,
      0.6573446393013,
      0.5920133590698242,
      0.594621479511261,
      0.6407362818717957,
      0.6632198691368103,
      0.6641468405723572,
      0.6602356433868408,
      0.636025071144104,
      0.6376272439956665,
      0.6541537642478943,
      0.6167674660682678,
      0.6331263780593872,
      0.6373652219772339,
      0.6814509630203247,
      0.6852321028709412,
      0.6569197177886963,
      0.6602835655212402,
      0.6428266763687134,
      0.6584006547927856,
      0.6783825159072876,
      0.5929056406021118,
      0.6753417253494263,
      0.6131020188331604,
      0.6589407324790955,
      0.6125668883323669,
      0.6747394800186157,
      0.6149519085884094,
      0.6769249439239502,
      0.5891788005828857,
      0.6779541969299316,
      0.6094073057174683,
      0.5481625199317932,
      0.5876080393791199,
      0.6763560175895691,
      0.6315315961837769,
      0.6568136215209961,
      0.6348848342895508,
      0.610056459903717,
      0.6553046107292175,
      0.6546528339385986,
      0.609382152557373,
      0.6749414205551147,
      0.631513237953186,
      0.6322287321090698
    ],
    "critic_losses": [
      0.9914005994796753,
      1.1343493461608887,
      1.0644038915634155,
      1.5845845937728882,
      0.8287079930305481,
      0.6701361536979675,
      1.3365495204925537,
      0.9929608702659607,
      1.1126482486724854,
      0.7372270822525024,
      1.2450287342071533,
      0.6872302293777466,
      0.7115527987480164,
      0.822035551071167,
      1.6048154830932617,
      1.0425266027450562,
      1.2768983840942383,
      0.9140769839286804,
      1.089365005493164,
      1.1600806713104248,
      0.7174162268638611,
      1.1107226610183716,
      1.2468799352645874,
      0.771315336227417,
      1.5624748468399048,
      1.019136667251587,
      1.2309489250183105,
      0.7522419691085815,
      1.3498591184616089,
      1.1267497539520264,
      1.5318264961242676,
      0.912956178188324,
      1.257966160774231,
      0.8233141899108887,
      1.2177045345306396,
      1.0841174125671387,
      0.9283960461616516,
      1.118411660194397,
      0.8724596500396729,
      1.0282788276672363,
      1.4050283432006836,
      0.8409528732299805,
      0.7973093390464783,
      1.3072593212127686,
      1.1730493307113647,
      1.2717961072921753,
      1.2422937154769897,
      1.2090725898742676,
      0.7076548337936401,
      1.3600767850875854
    ],
    "regret_losses": [
      0.11964274942874908,
      0.14665888249874115,
      0.1625710427761078,
      0.08810510486364365,
      0.0637146607041359,
      0.1016160398721695,
      0.03713105618953705,
      0.07087862491607666,
      0.06425084173679352,
      0.06028619036078453,
      0.07076678425073624,
      0.05586405470967293,
      0.04612308368086815,
      0.04415396228432655,
      0.03727824613451958,
      0.02685152366757393,
      0.03690428286790848,
      0.027396060526371002,
      0.028641896322369576,
      0.02348230965435505,
      0.022401442751288414,
      0.021514765918254852,
      0.020833948627114296,
      0.021077441051602364,
      0.02640177495777607,
      0.034956250339746475,
      0.028805535286664963,
      0.020554864779114723,
      0.01866762898862362,
      0.03582200035452843,
      0.025653976947069168,
      0.02314280904829502,
      0.02795066311955452,
      0.0283408984541893,
      0.03302018344402313,
      0.01299182791262865,
      0.03444153815507889,
      0.021933099254965782,
      0.01590149849653244,
      0.026973042637109756,
      0.021392256021499634,
      0.022762946784496307,
      0.01975681073963642,
      0.01885078474879265,
      0.020840443670749664,
      0.020550115033984184,
      0.020090309903025627,
      0.01881023496389389,
      0.019939620047807693,
      0.020455116406083107
    ],
    "total_losses": [
      1.775044322013855,
      1.9676910638809204,
      1.8689242601394653,
      2.317673683166504,
      1.5087920427322388,
      1.4749137163162231,
      2.0310251712799072,
      1.6558529138565063,
      1.7715204954147339,
      1.4382494688034058,
      1.9790154695510864,
      1.4072411060333252,
      1.4179115295410156,
      1.5022145509719849,
      2.2797207832336426,
      1.7235318422317505,
      1.930570125579834,
      1.5745993852615356,
      1.755372166633606,
      1.8650139570236206,
      1.4250497817993164,
      1.7891571521759033,
      1.9279974699020386,
      1.435219407081604,
      2.24727725982666,
      1.7324753999710083,
      1.852660059928894,
      1.4481385946273804,
      1.9816287755966187,
      1.8215125799179077,
      2.1700475215911865,
      1.6108384132385254,
      1.9008687734603882,
      1.5285800695419312,
      1.839903473854065,
      1.775063395500183,
      1.5722450017929077,
      1.688507318496704,
      1.4759691953659058,
      1.7316079139709473,
      2.057952404022217,
      1.5205293893814087,
      1.451951026916504,
      1.936166524887085,
      1.8491942882537842,
      1.9469990730285645,
      1.871766209602356,
      1.9028242826461792,
      1.3591077327728271,
      2.012760639190674
    ],