{
  "baseline": {
    "iterations": [
      0,
      25,
      50,
      75,
      100,
      125,
      150,
      175,
      200,
      225,
      250,
      275,
      300,
      325,
      350,
      375,
      400,
      425,
      450,
      475
    ],
    "exploitability": [
      1.31,
      1.33,
      1.442,
      1.4,
      1.428,
      1.518,
      1.522,
      1.546,
      1.49,
      1.584,
      1.526,
      1.504,
      1.506,
      1.522,
      1.49,
      1.492,
      1.526,
      1.516,
      1.534,
      1.52
    ],
    "nashconv": [
      1.31,
      1.33,
      1.442,
      1.4,
      1.428,
      1.518,
      1.522,
      1.546,
      1.49,
      1.584,
      1.526,
      1.504,
      1.506,
      1.522,
      1.49,
      1.492,
      1.526,
      1.516,
      1.534,
      1.52
    ],
    "regret_loss": [
      0.0,
      0.0,
      1.8865679502487183,
      1.8116745948791504,
      1.4822155237197876,
      0.8434597849845886,
      1.1471993923187256,
      1.0989607572555542,
      1.2016031742095947,
      0.841910719871521,
      1.0607444047927856,
      1.0877957344055176,
      0.9791427850723267,
      0.6315032243728638,
      1.0225989818572998,
      0.7757856845855713,
      0.9275380373001099,
      0.7638657689094543,
      1.0788500308990479,
      0.6363628506660461
    ],
    "strategy_loss": [
      0.0,
      0.0,
      0.007469498552381992,
      0.004777833353728056,
      0.01039998047053814,
      0.008215478621423244,
      0.00953985657542944,
      0.005278823897242546,
      0.00421520322561264,
      0.005762727931141853,
      0.005903125274926424,
      0.007013231515884399,
      0.00411721458658576,
      0.006150815635919571,
      0.008183687925338745,
      0.004594665486365557,
      0.006282799877226353,
      0.00691508874297142,
      0.00553236436098814,
      0.006240371149033308
    ],
    "architecture": "baseline",
    "config": {
      "hidden_sizes": [
        64,
        64
      ],
      "activation": "relu",
      "learning_rate": 0.01,
      "description": "Standard MLP baseline"
    },
    "wall_clock_s": 1.7663788795471191,
    "final_exploitability": 1.52,
    "final_nashconv": 1.52,
    "parameter_count": 5058,
    "losses": {
      "regret": [
        2.1467902660369873,
        1.9757623672485352,
        1.8865679502487183,
        1.8026885986328125,
        1.8116745948791504,
        1.0179424285888672,
        1.1859210729599,
        1.4822155237197876,
        0.5940575003623962,
        0.8434597849845886,
        1.1503112316131592,
        1.3058527708053589,
        1.1471993923187256,
        1.03618586063385,
        1.0989607572555542,
        1.40299391746521,
        0.9032949805259705,
        1.2016031742095947,
        1.0728025436401367,
        0.841910719871521,
        1.0651233196258545,
        0.9094563126564026,
        1.0607444047927856,
        1.0618103742599487,
        1.0877957344055176,
        0.5240086913108826,
        0.7670726180076599,
        0.9791427850723267,
        0.9188756346702576,
        0.6315032243728638,
        1.1065059900283813,
        0.8298910856246948,
        1.0225989818572998,
        0.9130502939224243,
        0.7757856845855713,
        1.2576303482055664,
        0.8028462529182434,
        0.9275380373001099,
        0.7288680076599121,
        0.7638657689094543,
        0.9138380885124207,
        0.8355696201324463,
        1.0788500308990479,
        1.0687062740325928,
        0.6363628506660461,
        0.7236688733100891,
        0.761511504650116
      ],
      "strategy": [
        0.0,
        0.0,
        0.007469498552381992,
        0.002941349521279335,
        0.004777833353728056,
        0.003783972468227148,
        0.005521625746041536,
        0.01039998047053814,
        0.007362492848187685,
        0.008215478621423244,
        0.009180140681564808,
        0.011997345834970474,
        0.00953985657542944,
        0.008049444295465946,
        0.005278823897242546,
        0.006680679507553577,
        0.007798271253705025,
        0.00421520322561264,
        0.00524448836222291,
        0.005762727931141853,
        0.006602128967642784,
        0.0054645235650241375,
        0.005903125274926424,
        0.00483899749815464,
        0.007013231515884399,
        0.006261639297008514,
        0.006098066456615925,
        0.00411721458658576,
        0.006471507251262665,
        0.006150815635919571,
        0.006165294907987118,
        0.008740891702473164,
        0.008183687925338745,
        0.005953709129244089,
        0.004594665486365557,
        0.006138600409030914,
        0.008869738318026066,
        0.006282799877226353,
        0.007618741597980261,
        0.00691508874297142,
        0.006916007958352566,
        0.006295354105532169,
        0.00553236436098814,
        0.008360381238162518,
        0.006240371149033308,
        0.005314949434250593,
        0.006288834381848574
      ]
    }
  },
  "wide": {
    "iterations": [
      0,
      25,
      50,
      75,
      100,
      125,
      150,
      175,
      200,
      225,
      250,
      275,
      300,
      325,
      350,
      375,
      400,
      425,
      450,
      475
    ],
    "exploitability": [
      1.33,
      1.314,
      1.686,
      1.422,
      1.436,
      1.468,
      1.53,
      1.5,
      1.458,
      1.45,
      1.498,
      1.464,
      1.454,
      1.528,
      1.508,
      1.46,
      1.508,
      1.524,
      1.49,
      1.472
    ],
    "nashconv": [
      1.33,
      1.314,
      1.686,
      1.422,
      1.436,
      1.468,
      1.53,
      1.5,
      1.458,
      1.45,
      1.498,
      1.464,
      1.454,
      1.528,
      1.508,
      1.46,
      1.508,
      1.524,
      1.49,
      1.472
    ],
    "regret_loss": [
      0.0,
      0.0,
      1.571977972984314,
      1.3409905433654785,
      1.5592961311340332,
      1.332739233970642,
      0.9479687213897705,
      1.443833589553833,
      1.1224091053009033,
      0.970630943775177,
      1.3204491138458252,
      0.8513041734695435,
      1.2291936874389648,
      0.9953196048736572,
      1.1460888385772705,
      1.0218127965927124,
      1.2530999183654785,
      1.4086343050003052,
      1.0460715293884277,
      0.9330348968505859
    ],
    "strategy_loss": [
      0.0,
      0.0,
      0.008373929187655449,
      0.011840205639600754,
      0.02116994559764862,
      0.012076669372618198,
      0.010572122409939766,
      0.013186291791498661,
      0.008319123648107052,
      0.006430278532207012,
      0.011597386561334133,
      0.007962930016219616,
      0.006662157364189625,
      0.007723455782979727,
      0.007054339163005352,
      0.007154840975999832,
      0.0031109789852052927,
      0.007837658748030663,
      0.00727749103680253,
      0.007147492840886116
    ],
    "architecture": "wide",
    "config": {
      "hidden_sizes": [
        128,
        128
      ],
      "activation": "relu",
      "learning_rate": 0.01,
      "description": "Wider network for more capacity"
    },
    "wall_clock_s": 2.151792049407959,
    "final_exploitability": 1.472,
    "final_nashconv": 1.472,
    "parameter_count": 18306,