iteration,exploitability,nash_conv,actor_loss,average_lambda,mean_episode_length,mean_return_player0,mean_return_player1,wall_time_sec,scheduler_loss,gate_entropy,gate_regret_norm,gate_avg_utility,handoff_frozen_clusters,handoff_missing_clusters,gate_prob_actor,gate_prob_regret,gate_prob_ra,gate_prob_explore,gate_prob_cfr
1,2.3736110412500016,4.747222082500003,0.0,0.17658555761236078,4.0859375,0.5546875,-0.5546875,5.803511957987212,0.000285789369827294,1.6066208280067371,0.0,0.0,0.0,0.0,0.1929974070755519,0.17658555761236078,0.21460497644275825,0.2026045948665867,0.21320747551339078
2,2.3607939896634,4.7215879793268,-1.1010223389920495e-05,0.18477793159111153,3.9375,0.4140625,-0.4140625,5.61729445902165,0.0001488286198684999,1.607957896259096,6.431797061224407e-10,1.8798702919118012e-12,0.0,0.0,0.19515011175757363,0.18477793159111153,0.20896739426941152,0.19918155684948913,0.21192301570304803
3,2.371370775943608,4.742741551887216,-3.570465469396189e-05,0.19195221879876645,4.15625,0.8359375,-0.8359375,5.966278290958144,-0.5745012409760988,1.6086567053221221,0.016494248411618173,3.720331577028446e-06,0.0,0.0,0.1975140036048746,0.19195221879876645,0.20434769397055297,0.19624272560266623,0.20994336905896216
4,2.3746243191031664,4.749248638206333,-0.00010633600168441967,0.18976238115665015,4.2578125,-0.2109375,0.2109375,6.059212332998868,-0.8914142634993026,1.6085425044418475,0.03758300328627229,1.0143184605719094e-05,0.0,0.0,0.19847342669963836,0.18976238115665015,0.20520747156318175,0.196949396084208,0.20960733165981574
5,2.3967586529556684,4.793517305911337,-0.00017408508777674742,0.18444828506579564,4.2734375,-0.109375,0.109375,6.009879499964882,-0.6133581766998311,1.608227978676721,0.05527739708001415,1.5545145060968935e-05,0.0,0.0,0.2004766405663935,0.18444828506579564,0.20782253497588352,0.19933108391556922,0.20792146343090853
6,2.372330759218276,4.744661518436552,-7.90512923377832e-05,0.18011505233452602,4.25,-0.140625,0.140625,6.112721958954353,-0.7695081522106193,1.6077744925723356,0.07073545611153047,2.1123243489758654e-05,0.0,0.0,0.2019491069676245,0.18011505233452602,0.21060456803945057,0.2020802382270203,0.2052510417997837
7,2.3564731233126697,4.712946246625339,-0.0001945203620633154,0.1767560927531658,4.265625,0.5078125,-0.5078125,6.0357011670130305,-0.741805517053293,1.6071894941749154,0.09372703575839599,3.209825392029112e-05,0.0,0.0,0.20355098080504072,0.1767560927531658,0.2141345453076747,0.20421880041504956,0.20133958609549554
8,2.368346882699274,4.736693765398548,-0.00012532950162115746,0.17395692728999732,4.3125,-0.078125,0.078125,6.0651510410243645,-0.9997556542781978,1.6065228663492894,0.11723397982617219,4.4007812145234006e-05,0.0,0.0,0.20513992273397202,0.17395692728999732,0.2164707962639522,0.20657145850144434,0.197860903929973
9,2.345775674614024,4.691551349228048,-0.00010039430745923026,0.16940527194076113,4.21875,0.09375,-0.09375,6.005260957987048,-0.8002845663301371,1.6052982005808087,0.13413149118423462,5.4081676504817246e-05,0.0,0.0,0.20744948439576008,0.16940527194076113,0.21937009460396237,0.20979209415338657,0.193983062080763
10,2.3798536725922244,4.759707345184449,-0.0002895793730613056,0.16645904199944603,4.21875,0.4140625,-0.4140625,5.902291000005789,-0.7151736032804129,1.604041600448114,0.15524092689156532,7.245547719018457e-05,0.0,0.0,0.20891631745077946,0.16645904199944603,0.22194421801854064,0.2134498603090092,0.1892305731497429
11,2.4199374143697163,4.839874828739433,-3.39753308738353e-06,0.1625223851514806,4.34375,-0.328125,0.328125,6.161266249953769,-1.1002931221281078,1.6023027155039122,0.17063461430370808,8.534377138857963e-05,0.0,0.0,0.21127740132937328,0.1625223851514806,0.224268546716558,0.21693849576998958,0.1849931784563785
12,2.4293726863940313,4.8587453727880625,4.234904321575371e-05,0.15813610736978348,4.421875,-0.3203125,0.3203125,6.235399957979098,-1.0334974216468396,1.6001239189410799,0.1835256547977527,9.644120230708116e-05,0.0,0.0,0.21390574659770453,0.15813610736978348,0.2272906723586915,0.21996849814805042,0.1806989853457933
13,2.412811750264444,4.825623500528888,0.00018143986795639207,0.15369222332481985,4.21875,0.125,-0.125,6.037763041967992,-0.7995722383709142,1.597473175878878,0.20667998554805914,0.00012084748959750868,0.0,0.0,0.21632918767907,0.15369222332481985,0.23048364238606558,0.2237513992521498,0.17574355668491787
14,2.4134068644476185,4.826813728895237,-0.00023922561294316565,0.14959360135722755,4.0703125,-0.3828125,0.3828125,5.76999216695549,-1.0041766447370832,1.5946359215679644,0.22767177720864615,0.0001418302763340762,0.0,0.0,0.21869588999395864,0.14959360135722755,0.23343379844173132,0.22700043177078416,0.1712762850145461
15,2.4055133653679803,4.811026730735961,-0.00035065771287497117,0.14472211218014444,4.1640625,0.0703125,-0.0703125,5.888402416952886,-0.9612902084690489,1.5907977868647334,0.23914452642202377,0.00015609942905333204,0.0,0.0,0.22185685101190605,0.14472211218014444,0.23556907771340455,0.2319977641329309,0.16585420259391612
16,2.410033541180759,4.820067082361518,4.72623254653395e-05,0.14015301167964936,4.3359375,-0.421875,0.421875,6.130006666004192,-0.8153630567160812,1.5864754126952576,0.25092343303064507,0.00017035434636151572,0.0,0.0,0.22480520404673912,0.14015301167964936,0.23925274256113413,0.23575811931141863,0.16003092632100388
17,2.380108339516921,4.760216679033842,-0.00029267860934601483,0.13486535619457282,4.421875,-0.03125,0.03125,6.255564874969423,-1.113244299108801,1.5812093756645391,0.26339620413879555,0.00019165766085886085,0.0,0.0,0.22797439344780185,0.13486535619457282,0.24203751223036762,0.2408787145578819,0.15424403166497133
18,2.387743077194937,4.775486154389874,-1.601164532315948e-05,0.12986634239667721,4.109375,0.734375,-0.734375,5.7989205829799175,-0.6742120107720844,1.5754869800103481,0.28203880600631237,0.0002257970263599418,0.0,0.0,0.23130331953328825,0.12986634239667721,0.2451768430806838,0.24518685634938484,0.14846664788945094
19,2.3625378976988354,4.725075795397671,0.00020676211133068012,0.12327378210629347,4.109375,-0.5390625,0.5390625,5.8742029999848455,-0.9305183284140471,1.5674987666507185,0.2957884930074215,0.00025826351581296575,0.0,0.0,0.2351667568540845,0.12327378210629347,0.24884100521811967,0.2511376069695777,0.14158086089183622
20,2.351047512116505,4.70209502423301,-0.0004276427755634828,0.11764734517782927,4.25,0.0625,-0.0625,5.963153207965661,-0.8671751648790258,1.559230170924874,0.3070830355087916,0.0002723962697928073,0.0,0.0,0.23879100001581452,0.11764734517782927,0.25195011693765135,0.25679387133020687,0.134817678207422
21,2.36683401224698,4.73366802449396,-0.0002554083925506482,0.11099726479008512,4.140625,-0.8125,0.8125,5.8462526660296135,-0.619671892722682,1.5490038140764777,0.3296026649574439,0.0003318349869611363,0.0,0.0,0.2426422489701577,0.11099726479008512,0.2562628276786714,0.2627212766487643,0.12737639365050027
22,2.3765540166024475,4.753108033204895,0.00047049542285279117,0.10349000172676347,4.40625,-0.046875,0.046875,6.182087374967523,-0.668238595349331,1.5355317007142602,0.336941401163737,0.00037721326467969146,0.0,0.0,0.2473496378313565,0.10349000172676347,0.2592660644956937,0.27134902495230345,0.11854528140355931
23,2.37337188211862,4.74674376423724,-0.0006175095371610366,0.09749519421525721,4.140625,0.2265625,-0.2265625,5.940604540985078,-1.162962559575461,1.5236531163161655,0.34963156282901764,0.000400735067766315,0.0,0.0,0.2508743521458698,0.09749519421525721,0.2631520123414274,0.2770239391979182,0.11145451365495627
24,2.3688823853207452,4.7377647706414905,2.781038509540965e-05,0.08951682767038571,4.2890625,-0.015625,0.015625,6.075977291970048,-1.2982720792469975,1.506909493974432,0.36314419905344647,0.00044373999602006126,0.0,0.0,0.25601681833493034,0.08951682767038571,0.2670338670629838,0.2847133169191565,0.10271917952594427
25,2.3689511726574617,4.737902345314923,-0.0003945003872228308,0.0795067314461652,4.1875,-0.21875,0.21875,5.9532355410046875,-1.344694799423885,1.4840723656451524,0.37554070353507996,0.00046953188575571403,0.0,0.0,0.2622741015989389,0.0795067314461652,0.2708927339582301,0.2946074750663629,0.0927189708645664
26,2.3678795606429413,4.7357591212858825,1.8998452027638146e-05,0.07233006190782522,4.25,-0.6875,0.6875,6.013797374966089,-1.0427104186280356,1.4648971130304478,0.38789166261752445,0.0005321157732396387,0.0,0.0,0.2674091663759421,0.07233006190782522,0.27323825597105655,0.3024813937680686,0.08454113602227367
27,2.3624516850231276,4.724903370046255,-6.843850645017207e-05,0.06398420649456367,4.2734375,-0.3359375,0.3359375,6.035503583960235,-0.9898190402393476,1.4397989480979263,0.41667753209670383,0.0006082012187107466,0.0,0.0,0.27216618593911585,0.06398420649456367,0.2770966596533655,0.3119740826120324,0.07477887853353507
28,2.3545186840309156,4.709037368061831,-7.148370104869611e-05,0.056202646845573544,4.15625,0.3828125,-0.3828125,5.837462791998405,-1.1758134023013307,1.414711178245401,0.43997278561194736,0.0006586988311028108,0.0,0.0,0.2776100530772281,0.056202646845573544,0.2796201892477229,0.3203891140962006,0.06617800845883619
29,2.3532296676254383,4.706459335250877,0.00021844404837419027,0.04693912197280368,4.2578125,0.515625,-0.515625,6.033541583979968,-1.158459421865847,1.3813312040556462,0.4486282641688983,0.0006587934112758376,0.0,0.0,0.28377977215915645,0.04693912197280368,0.28109263449633887,0.3320449365935194,0.05614354724594212
30,2.3549348640118817,4.709869728023763,0.0002511236312389936,0.04087479373586727,4.0703125,-0.4453125,0.4453125,5.733424624952022,-0.9405426765879663,1.3561532820026156,0.4722003862261772,0.0007541750722642367,0.0,0.0,0.28807251592972916,0.04087479373586727,0.28270195610463733,0.33950004851063015,0.048850698171330045
31,2.3542880341103287,4.708576068220657,0.00012543424377065165,0.033207231306664226,4.140625,-0.53125,0.53125,5.897168833005708,-2.010305064653029,1.3219650365271658,0.4886444980899493,0.0007690369893680327,0.0,0.0,0.29323871056988554,0.033207231306664226,0.2826612312838716,0.3506804759210011,0.040212360161514776
32,2.3594607564316528,4.7189215128633055,0.0004129955600115711,0.026989496023709175,4.25,0.0078125,-0.0078125,5.983542958972976,-1.883206522621228,1.2907075399861616,0.5065461571017901,0.0008392237165632347,0.0,0.0,0.2973192923099679,0.026989496023709175,0.2825910749242586,0.3601323252215105,0.03296782311415026
33,2.357187715783425,4.71437543156685,0.0005660846688832115,0.021619995383634454,4.1015625,0.3046875,-0.3046875,5.8785385839873925,-1.9617584368036616,1.2600800037384032,0.5252660562594732,0.0009080861006320143,0.0,0.0,0.30087132533391314,0.021619995383634454,0.28171805268242245,0.3693107230890365,0.026479915096646264
34,2.3606100869894666,4.721220173978933,0.0011447763296108776,0.017125378414278938,4.1015625,0.203125,-0.203125,5.7804262500139885,-2.2406358551908108,1.2323110219410487,0.5410492618878683,0.0009821240552507031,0.0,0.0,0.3041495228381384,0.017125378414278938,0.279818585117658,0.37776056272642955,0.021145963945559093
35,2.3621574894944906,4.724314978988981,0.00017570967231960957,0.01227680418665546,4.3359375,0.609375,-0.609375,6.113958208006807,-2.8497581376769654,1.198102615975045,0.5436282083392143,0.0010131724120583385,0.0,0.0,0.30686396118756887,0.01227680418665546,0.27447848481100956,0.3908488209183152,0.01553194187749345
36,2.362347243614793,4.724694487229586,-4.0468606191854945e-05,0.009337994555211088,4.1171875,0.3984375,-0.3984375,5.854485541989561,-1.9375644575493443,1.175285031944796,0.5638191203276316,0.0010898502805503085,0.0,0.0,0.30846245934660116,0.009337994555211088,0.2721237063803754,0.39820346513328336,0.01187238303513268
37,2.362730380221614,4.725460760443228,-0.00018549206287671985,0.0062478013771672955,4.2734375,-0.2890625,0.2890625,6.042940791987348,-1.7768871960906105,1.1470071439115395,0.5692010199030241,0.0010899242188315839,0.0,0.0,0.3097107978690913,0.0062478013771672955,0.26433539987155247,0.4114279775885385,0.008278037359473215
38,2.363308966023821,4.726617932047642,-0.0009314850754054921,0.004733918961853935,4.0625,0.5078125,-0.5078125,5.7015570839867,-1.839673182520514,1.1300332823624977,0.5882012471556664,0.0010983961450013642,0.0,0.0,0.31015779461998205,0.004733918961853935,0.26012940785059563,0.4188433168026117,0.006135576298290219
39,2.3641298479697084,4.728259695939417,6.823722724048963e-05,0.003404049286374221,4.015625,0.3125,-0.3125,5.671316708030645,-2.6144592149911543,1.1139434733743334,0.6134174565474192,0.0011360110074747354,0.0,0.0,0.3099582988464415,0.003404049286374221,0.2553962885115861,0.42691406456876824,0.004327313523333708
40,2.364585793858595,4.72917158771719,-0.00012273420163565484,0.002265667708854031,3.8671875,0.234375,-0.234375,5.515740000002552,-1.7047375854292903,1.0969719159482705,0.6253228088219961,0.0011225670095882379,0.0,0.0,0.31041235038728426,0.002265667708854031,0.24591589247939563,0.4384869290722741,0.002919175258292017
41,2.3645745162019924,4.729149032403985,-0.0002451163308784266,0.0017524064312289867,4.1015625,0.421875,-0.421875,5.815432165982202,-3.9166213134037595,1.085210991814023,0.64553269247214,0.0010652947845907572,0.0,0.0,0.3083968012673514,0.0017524064312289867,0.23987219174702962,0.44791422622544425,0.0020643914320195716
42,2.3646943358412287,4.729388671682457,0.0008151097762802336,0.0013272951619571769,3.984375,-0.3046875,0.3046875,5.5999037500005215,-2.064087080099054,1.0746316137267093,0.6601167693734169,0.0011439728211068239,0.0,0.0,0.30727930781888024,0.0013272951619571769,0.23239920104251188,0.4574832402607974,0.001510968096965157
43,2.3647019680652406,4.729403936130481,-2.0377170599268502e-05,0.0011352655044783643,4.0703125,-0.9140625,0.9140625,5.9110023329849355,-3.6501678844713634,1.062015651512512,0.6648715461293856,0.0012557187437778339,0.0,0.0,0.30532515220587175,0.0011352655044783643,0.2207380978537155,0.4716269681641328,0.0011745393942083427
44,2.364732120432625,4.72946424086525,-3.806884712638086e-05,0.0010488183094768681,4.1640625,0.0703125,-0.0703125,5.9253368329955265,-3.6580426247779974,1.05265902544723,0.6665227139989535,0.0012316235273222749,0.0,0.0,0.3041928259002335,0.0010488183094768681,0.21149010573274424,0.48221495093368905,0.0010533238589452618
45,2.364795854243314,4.729591708486628,0.000792670536429035,0.0010040268035251092,4.1875,-0.3125,0.3125,5.869154750020243,-4.660329889116892,1.0436170096717663,0.6841641838351885,0.001287575743238752,0.0,0.0,0.301087767608575,0.0010040268035251092,0.20360083422109262,0.4932975417642451,0.0010098596603032757
46,2.364949768074439,4.729899536148878,-0.00034221708414193487,0.000998238035558293,4.0625,-0.53125,0.53125,5.783300499955658,-5.799212551675737,1.027352745143267,0.7031164020299911,0.001313514376912887,0.0,0.0,0.2976143162697554,0.000998238035558293,0.18897182985853692,0.5114174122420642,0.000998238035558293
47,2.3650002444621814,4.730000488924363,-0.00023100072993278926,0.00099811875141167,4.0859375,0.390625,-0.390625,5.732683458947577,-5.670946961099613,1.0130517491874913,0.7112302631139755,0.0013281802530400455,0.0,0.0,0.2943916924824906,0.00099811875141167,0.17699362836194085,0.5266184692856914,0.00099811875141167
48,2.3648573221260536,4.729714644252107,-0.0006679886428082671,0.000998061466041502,4.0703125,0.03125,-0.03125,5.801952334004454,-7.992422853769902,0.9967389751990788,0.719392865896225,0.0013292561294899012,0.0,0.0,0.28953136838329047,0.000998061466041502,0.16590534071947471,0.5425671917348814,0.000998061466041502
49,2.364795025078715,4.72959005015743,0.0009933543449178823,0.0009980331860342116,4.140625,-0.3203125,0.3203125,5.8367886249907315,-7.318875705739835,0.9758149800435552,0.7261369551221529,0.0013021346191332366,0.0,0.0,0.2838530644774437,0.0009980331860342116,0.15281693648617223,0.561333951016642,0.0009980331860342116
50,2.3647490739363235,4.729498147872647,-0.00026662780007463823,0.0009980168856910223,4.2421875,0.28125,-0.28125,5.984949000005145,-5.059040262108295,0.9546541020576027,0.7387651850779852,0.0013499266739624243,0.0,0.0,0.27834364406860557,0.0009980168856910223,0.14017933973455957,0.5794810080835613,0.0009980168856910223
51,2.364815829792156,4.729631659584312,0.0006788882236574725,0.0009980104734816397,4.25,-0.2421875,0.2421875,6.004595457983669,-3.6051288416227396,0.9324435397763463,0.7465462560455004,0.0013206906102520104,0.0,0.0,0.2729710062198779,0.0009980104734816397,0.1286315970150206,0.5964013952761889,0.0009980104734816397
52,2.365112943953327,4.730225887906654,0.00033490132747788706,0.0009980063604061457,4.3828125,-0.7578125,0.7578125,6.188658333034255,-6.972388757957202,0.9062542678413119,0.7487429479757944,0.0012752958233856286,0.0,0.0,0.26620873521993504,0.0009980063604061457,0.11579299570723652,0.616002267482234,0.0009980063604061457
53,2.3650656877888263,4.730131375577653,9.376524637929844e-05,0.000998005484997141,3.96875,0.1953125,-0.1953125,5.640888207999524,-6.853689321415778,0.8902584566610066,0.7697200228770574,0.0013883282469275098,0.0,0.0,0.2619018168078633,0.000998005484997141,0.10910899711288805,0.6269931986810654,0.000998005484997141
54,2.365141145072263,4.730282290144526,0.0004473728875459606,0.0009980044985952025,4.296875,0.0703125,-0.0703125,6.152912916964851,-10.173063816326586,0.854077137817036,0.8027931253115336,0.0015159730634574469,0.0,0.0,0.25228338970379394,0.0009980044985952025,0.09434200509705326,0.6513786163113334,0.0009980044985952025
55,2.3652861491074666,4.730572298214933,-9.810574662859499e-05,0.000998004244909597,4.109375,-0.1953125,0.1953125,5.816263791988604,-8.487155324294314,0.8225823915050057,0.8213188598553339,0.001510834597866051,0.0,0.0,0.24475477210922386,0.000998004244909597,0.08255143490524347,0.670697803393063,0.000998004244909597
56,2.365134923335649,4.730269846671298,-0.0012373125889563942,0.0009980041334328078,4.1328125,-0.828125,0.828125,5.82287783396896,-8.576111550339004,0.7907292935257824,0.8338694969813029,0.0015412696520797908,0.0,0.0,0.23712666805953295,0.0009980041334328078,0.0717757222769053,0.6891016027201777,0.0009980041334328078
57,2.3649476605774034,4.729895321154807,-0.0002910975341712437,0.000998004105278685,4.171875,-0.2109375,0.2109375,5.957918874977622,-11.298095753736453,0.7485119303625621,0.8382848699887594,0.0013993127746895577,0.0,0.0,0.22442136478892874,0.000998004105278685,0.060374015722465646,0.7132086120964436,0.000998004105278685
58,2.36488333902121,4.72976667804242,0.0012293909288027549,0.0009980040835216642,3.9453125,0.5,-0.5,5.589179375034291,-8.539449602811791,0.7297572299985602,0.8679324686527252,0.0014658401002331327,0.0,0.0,0.21809870144813367,0.0009980040835216642,0.05622873445142909,0.7236765514505972,0.0009980040835216642
59,2.3649195808324768,4.7298391616649536,-0.00047897373561961237,0.0009980040552587323,4.1640625,-0.0546875,0.0546875,5.8680355830001645,-11.114041273033083,0.6654746758333961,0.8779810021320978,0.001499489556105497,0.0,0.0,0.1973514898101787,0.0009980040552587323,0.04230551807101515,0.75834696612707,0.0009980040552587323
60,2.3649041880039903,4.7298083760079805,0.0006925471070834971,0.000998004083430892,4.0078125,0.5390625,-0.5390625,5.72838004201185,-14.674255577157494,0.6267092589281689,0.8815254519383112,0.001468593846463288,0.0,0.0,0.18345244333409427,0.000998004083430892,0.03581254694204175,0.7787389995758993,0.000998004083430892
61,2.3647369020812943,4.729473804162589,0.0001567950086376512,0.0009980040684671526,3.890625,0.6640625,-0.6640625,5.4966431250213645,-11.788832386833594,0.5788527459624302,0.9025506575902303,0.0016558828162184607,0.0,0.0,0.1669363727172216,0.0009980040684671526,0.028459171123099494,0.8026084337368548,0.0009980040684671526
62,2.3647306026310497,4.7294612052620995,-8.994717438918594e-06,0.0009980040798728256,4.1875,-0.390625,0.390625,5.958661457989365,-13.049769207202297,0.5183116585683467,0.9196180005868276,0.0016998296196106821,0.0,0.0,0.14539209302208983,0.0009980040798728256,0.021579640876213366,0.831032257693917,0.0009980040798728256
63,2.364670485929834,4.729340971859668,-0.0008635298346828903,0.0009980040999701695,3.9921875,-0.328125,0.328125,5.6255467079463415,-12.971657717571304,0.4697827064302803,0.9338694860537847,0.001714863974484615,0.0,0.0,0.12779435931673955,0.0009980040999701695,0.017340449481899986,0.8528691832333395,0.0009980040999701695
64,2.3645224822262856,4.729044964452571,-0.0024078653940198032,0.000998003253580922,4.34375,-0.1171875,0.1171875,6.193818792002276,-9.218614248755486,0.40860798142904,0.9320000261068344,0.0016134662679784622,0.0,0.0,0.10702250481804283,0.000998003253580922,0.012105409387815676,0.8788760738621513,0.000998003253580922
65,2.364537240735773,4.729074481471546,0.00031161663039261004,0.000997997479231854,3.9296875,0.2109375,-0.2109375,5.585083624988329,-11.995500578840353,0.36809764989090726,0.9633710980415344,0.0017338531518665452,0.0,0.0,0.09286886224408392,0.000997997479231854,0.009873173244030883,0.8952619615890397,0.000997997479231854
66,2.3643569764792183,4.7287139529584366,0.0002940879816953439,0.0009979604009208365,4.2265625,-0.265625,0.265625,5.938446291023865,-16.866036179793852,0.3115285578116692,0.9708797782659531,0.0017211582550468545,0.0,0.0,0.07470134003242812,0.0009979604009208365,0.006969970373596907,0.9163327722805045,0.0009979604009208365
67,2.3641620036456947,4.7283240072913895,0.00012681849532615109,0.0009979115607737655,4.1640625,-0.0703125,0.0703125,5.924724458018318,-21.805793538954223,0.2690889363860324,0.9820511440436045,0.0016400019182280328,0.0,0.0,0.06113049251116519,0.0009979115607737655,0.005368130147897448,0.9315055492447644,0.0009979115607737655
68,2.363936102414713,4.727872204829426,0.0001971573268450288,0.0009978451076072719,4.0703125,-0.25,0.25,5.834329750039615,-21.800158325917465,0.22483714076470504,0.9975360631942749,0.0017192695280148957,0.0,0.0,0.047932240085930146,0.0009978451076072719,0.0039509906547033225,0.9461210816240585,0.0009978451076072719
69,2.3637853919728427,4.727570783945685,-0.0002481138955336217,0.0009977641492503499,4.125,-0.0703125,0.0703125,5.867271625029389,-26.88943434308881,0.18764005803898204,1.0006835808356602,0.0017709607248737786,0.0,0.0,0.037305101212537425,0.0009977641492503499,0.0030599432504845245,0.9576394355884104,0.0009977641492503499
70,2.3635503166449228,4.7271006332898455,-0.000809183663421518,0.0009977074969707337,4.046875,-0.6796875,0.6796875,5.730115250044037,-20.207232088685313,0.15016475782287397,1.001911237835884,0.0017315691705637921,0.0,0.0,0.02724791973969507,0.0009977074969707337,0.00217165652294841,0.9685850082447169,0.0009977074969707337
71,2.3632752187201813,4.726550437440363,-0.0005563002577664454,0.0009976009096690803,4.09375,-0.1484375,0.1484375,5.776495291036554,-25.560054807393367,0.11605408715923096,1.0056901623805363,0.001775863318471238,0.0,0.0,0.01878892741355341,0.0009976009096690803,0.0015664001069660833,0.977649470777002,0.0009976009096690803
72,2.3628920012956653,4.725784002591331,0.0020570170369154086,0.0009974909158987238,4.15625,-0.484375,0.484375,5.948494334006682,-22.617103507311775,0.09471914944540065,1.0200806359450023,0.0017770172271411866,0.0,0.0,0.01378872118259192,0.0009974909158987238,0.0014170100100608053,0.9827992890338252,0.0009974909158987238
73,2.362603010542247,4.725206021084494,-0.0017590785919205584,0.0009973620617808685,4.0703125,0.5390625,-0.5390625,5.7371064579929225,-13.258326724245443,0.07193744206182559,1.033933311700821,0.00181866326117112,0.0,0.0,0.008774127347319746,0.0009973620617808685,0.0011333247810698718,0.9880978236271644,0.0009973620617808685
74,2.362677718135516,4.725355436271032,-0.000800261821926945,0.0009971827840907954,4.46875,0.4140625,-0.4140625,6.374663916998543,-15.59117197679879,0.055733907772423506,1.0385573953390121,0.0017804295178696823,0.0,0.0,0.005417316574831265,0.0009971827840907954,0.0010537015725174672,0.9915346182309664,0.0009971827840907954
75,2.3625590262243077,4.725118052448615,-0.0006363916690028379,0.0009970341317074478,4.140625,-0.6015625,0.6015625,5.8912285410333425,-21.666081294145684,0.046986830846037504,1.040815865000089,0.0017190785583807155,0.0,0.0,0.003694500203929701,0.0009970341317074478,0.001017283647813184,0.9932941608833816,0.0009970341317074478
76,2.362391725735007,4.724783451470014,-0.0004043776434470102,0.0009969274840081362,4.1875,-0.1953125,0.1953125,5.902324208989739,-25.231081980375187,0.0416387266952044,1.0700101852416992,0.0017931104133216043,0.0,0.0,0.0027138818617486187,0.0009969274840081362,0.0010086178148439877,0.9942836532397057,0.0009969274840081362
77,2.3622017634690957,4.724403526938191,-0.0021541114776856534,0.0009968249785679624,4.0390625,0.296875,-0.296875,5.733754707966,-22.65718187019185,0.03814259910058929,1.1139409244060516,0.0019951598175490894,0.0,0.0,0.002096176127420389,0.0009968249785679624,0.0010075615460009852,0.9949026210395695,0.0009968249785679624
78,2.361994804136632,4.723989608273264,-0.00143464797249029,0.0009966820903725363,4.0546875,0.3515625,-0.3515625,5.729635707975831,-30.439850606349776,0.034586677144717616,1.1266994774341583,0.001974904890327404,0.0,0.0,0.001496021109606231,0.0009966820903725363,0.0009966820903725363,0.995513955177829,0.0009966820903725363
79,2.361810111172413,4.723620222344826,-0.0013024715242717206,0.0009964748182088382,4.265625,-0.328125,0.328125,6.008044375048485,-33.838987524294254,0.0326581686912548,1.1325912674268086,0.0019284717661018174,0.0,0.0,0.001180237448252328,0.0009964748182088382,0.0009964748182088382,0.995830373012976,0.0009964748182088382
80,2.3616204436664923,4.7232408873329845,-0.0019382989278823174,0.0009963447486529343,4.1171875,-0.078125,0.078125,5.841592833981849,-25.970847116089182,0.0319643845495395,1.14662999411424,0.001983870364104708,0.0,0.0,0.0010644000021836223,0.0009963447486529343,0.0009963447486529343,0.9959465985732467,0.0009963447486529343
81,2.3613292425015118,4.7226584850030235,-0.00018020543262206563,0.0009962115330184936,4.265625,0.2578125,-0.2578125,6.076907124952413,-47.554378153588985,0.03163690907341657,1.1443767845630646,0.00198089427431114,0.0,0.0,0.0010141029326252013,0.0009962115330184936,0.0009962115330184936,0.9959972939648472,0.0009962115330184936
82,2.3611429417826892,4.7222858835653785,-0.0006802821975065888,0.0009961255226259144,4.0546875,-0.296875,0.296875,5.801523458037991,-41.49519487885788,0.03153200098717144,1.158697967727979,0.0019215910385052364,0.0,0.0,0.000998472051761384,0.0009961255226259144,0.0009961255226259144,0.9960131908198083,0.0009961255226259144
83,2.360990197800801,4.721980395601602,-0.00046893600935566076,0.0009960848012276664,4.0859375,-0.0546875,0.0546875,5.760603457980324,-31.726706338273228,0.03151481842932008,1.1883566677570343,0.001989266039648404,0.0,0.0,0.0009960848012276664,0.0009960848012276664,0.0009960848012276664,0.9960157041567917,0.0009960848012276664
84,2.3609840331906486,4.721968066381297,-0.0014271492109029368,0.0009960467785017824,4.171875,-0.2109375,0.2109375,5.969269332999829,-49.8950051138243,0.0315137646799342,1.2202255129814148,0.002096971991704777,0.0,0.0,0.0009960467785017824,0.0009960467785017824,0.0009960467785017824,0.9960158592306273,0.0009960467785017824
85,2.3610254082657782,4.7220508165315564,0.0001542353463006507,0.0009960348928790552,4.234375,-0.609375,0.609375,6.013222292007413,-39.00769418463456,0.03151344131967018,1.2203833907842636,0.002071112030535005,0.0,0.0,0.0009960348928790552,0.0009960348928790552,0.0009960348928790552,0.9960159012752265,0.0009960348928790552
86,2.3609168257722675,4.721833651544535,-0.0014634428373263295,0.0009960240809715282,4.0078125,0.1484375,-0.1484375,5.669899291999172,-64.26429638025989,0.03151314357771279,1.22793714205424,0.002088475099299103,0.0,0.0,0.0009960240809715282,0.0009960240809715282,0.0009960240809715282,0.9960159436303969,0.0009960240809715282
87,2.3607743001006196,4.721548600201239,-0.0017841885240637155,0.0009960207833372393,3.9765625,0.15625,-0.15625,5.628750709001906,-45.556598780109546,0.031513052694279925,1.2659922341505687,0.0023026446773049733,0.0,0.0,0.0009960207833372393,0.0009960207833372393,0.0009960207833372393,0.9960159566875525,0.0009960207833372393
88,2.360777363054054,4.721554726108108,-0.0021185925627753505,0.0009960179131104144,4.1640625,-0.4296875,0.4296875,5.845088915957604,-52.03033586523349,0.03151297713254227,1.2743680228789647,0.002314891443044568,0.0,0.0,0.0009960179131104144,0.0009960179131104144,0.0009960179131104144,0.9960159641493105,0.0009960179131104144
89,2.3608306348117996,4.721661269623599,7.981408706066218e-05,0.0009960170713441657,4.2109375,-0.328125,0.328125,6.008482542005368,-58.17587795027693,0.0315129566723429,1.2938208530346553,0.0022627404978265986,0.0,0.0,0.0009960170713441657,0.0009960170713441657,0.0009960170713441657,0.9960159643903955,0.0009960170713441657
90,2.3606351745099463,4.721270349019893,-0.0020412701471193544,0.0009960165007774217,4.0625,0.0,0.0,5.760194249975029,-55.9134646546812,0.031512941484554455,1.2861241052548091,0.0021598651558936885,0.0,0.0,0.0009960165007774217,0.0009960165007774217,0.0009960165007774217,0.9960159659385681,0.0009960165007774217
91,2.360637456660114,4.721274913320228,0.001274735357776472,0.0009960162491234581,3.9375,0.0390625,-0.0390625,5.541715833998751,-37.46226696480095,0.03151293537978615,1.3265086164077122,0.0022349792416207492,0.0,0.0,0.0009960162491234581,0.0009960162491234581,0.0009960162491234581,0.9960159659385681,0.0009960162491234581
92,2.360602072364232,4.721204144728464,-0.0002888908910565555,0.000996016152809656,3.8984375,-0.125,0.125,5.553511375037488,-35.07479430917643,0.03151293287057437,1.345731054743131,0.0022288880233342447,0.0,0.0,0.000996016152809656,0.000996016152809656,0.000996016152809656,0.9960159659385681,0.000996016152809656
93,2.360692321559816,4.721384643119632,-0.003810688611123483,0.0009960161240090898,4.1484375,-0.171875,0.171875,5.853381749999244,-57.61980693141549,0.03151293211176346,1.329148218035698,0.002125475419840465,0.0,0.0,0.0009960161240090898,0.0009960161240090898,0.0009960161240090898,0.9960159659385681,0.0009960161240090898
94,2.3606149997446746,4.721229999489349,-0.0017189947502188095,0.0009960160999990958,4.2265625,0.40625,-0.40625,6.005784917040728,-64.36501559470531,0.03151293145062302,1.3008429457743962,0.0020823240920435637,0.0,0.0,0.0009960160999990958,0.0009960160999990958,0.0009960160999990958,0.9960159659385681,0.0009960160999990958
95,2.3606199497774063,4.721239899554813,-0.0021648596301859016,0.0009960160872045283,4.125,-0.4609375,0.4609375,5.942730625043623,-51.829165264258556,0.03151293114448587,1.3254173745711644,0.002222177747171372,0.0,0.0,0.0009960160872045283,0.0009960160872045283,0.0009960160872045283,0.9960159659385681,0.0009960160872045283
96,2.3605994205709906,4.721198841141981,-0.0024120694133888394,0.0009960160836378824,4.25,-0.1796875,0.1796875,6.101438541023526,-83.36912845014868,0.0315129310303532,1.3232707629601161,0.0021809210787372044,0.0,0.0,0.0009960160836378824,0.0009960160836378824,0.0009960160836378824,0.9960159659385681,0.0009960160836378824
97,2.3604458417380743,4.7208916834761485,-0.001709530290271758,0.00099601608235389,4.0859375,-0.125,0.125,5.858040250022896,-70.60743461238722,0.03151293098926544,1.3608482629060745,0.002432532870443538,0.0,0.0,0.00099601608235389,0.00099601608235389,0.00099601608235389,0.9960159659385681,0.00099601608235389
98,2.3604908528486286,4.720981705697257,0.00017209869736557106,0.00099601608235389,4.0859375,-0.3515625,0.3515625,5.790398915996775,-68.19852656627477,0.03151293098926544,1.4108573297659557,0.002461364851721252,0.0,0.0,0.00099601608235389,0.00099601608235389,0.00099601608235389,0.9960159659385681,0.00099601608235389
99,2.3605564647732367,4.721112929546473,-0.004078935049831906,0.00099601608235389,4.15625,-0.8046875,0.8046875,5.915716457995586,-95.07421047940738,0.03151293098926544,1.4380641529957454,0.0025316133881763867,0.0,0.0,0.00099601608235389,0.00099601608235389,0.00099601608235389,0.9960159659385681,0.00099601608235389
100,2.3606524497701913,4.721304899540383,-0.0019392611064165616,0.00099601608235389,4.2109375,-0.3984375,0.3984375,5.942940583976451,-85.08838982396311,0.03151293098926544,1.4370658993721008,0.0024054261981897676,0.0,0.0,0.00099601608235389,0.00099601608235389,0.00099601608235389,0.9960159659385681,0.00099601608235389
101,2.360666958274808,4.721333916549616,-0.0008639197063899237,0.00099601608235389,4.25,-0.65625,0.65625,6.087802542024292,-76.54081899267348,0.03151293098926544,1.4223478337128956,0.00228220459636456,0.0,0.0,0.00099601608235389,0.00099601608235389,0.00099601608235389,0.9960159659385681,0.00099601608235389
102,2.3607151091920655,4.721430218384131,-0.0002574159464185699,0.00099601608235389,4.2890625,-0.578125,0.578125,6.051548499963246,-105.45518566936742,0.03151293098926544,1.4384753654400508,0.0023951291611107686,0.0,0.0,0.00099601608235389,0.00099601608235389,0.00099601608235389,0.9960159659385681,0.00099601608235389
103,2.3608032391593907,4.721606478318781,-0.001974463365661437,0.00099601608235389,4.28125,0.3515625,-0.3515625,6.044721875048708,-94.95702315747303,0.03151293098926544,1.45594256122907,0.002452541812090203,0.0,0.0,0.00099601608235389,0.00099601608235389,0.00099601608235389,0.9960159659385681,0.00099601608235389
104,2.360924531248755,4.72184906249751,-0.0008242508663978897,0.00099601608235389,4.15625,-0.1640625,0.1640625,5.9675514169503,-104.181096584165,0.03151293098926544,1.4591732968886693,0.002454854742002984,0.0,0.0,0.00099601608235389,0.00099601608235389,0.00099601608235389,0.9960159659385681,0.00099601608235389
105,2.3610208855835584,4.722041771167117,-0.0029310077492371916,0.00099601608235389,4.359375,-0.421875,0.421875,6.24857716599945,-131.22402687824754,0.03151293098926544,1.4529354919989903,0.002486893286307653,0.0,0.0,0.00099601608235389,0.00099601608235389,0.00099601608235389,0.9960159659385681,0.00099601608235389
106,2.3611751056696653,4.7223502113393305,-0.0059809352681395814,0.00099601608235389,4.2578125,0.4296875,-0.4296875,6.0791812089737505,-82.06674764593807,0.03151293098926544,1.4704055587450664,0.0024072622472885996,0.0,0.0,0.00099601608235389,0.00099601608235389,0.00099601608235389,0.9960159659385681,0.00099601608235389
107,2.3611473287666342,4.7222946575332685,-0.0004578980197458906,0.00099601608235389,4.3515625,-0.125,0.125,6.164173541008495,-103.63725032134373,0.03151293098926544,1.4575715760389965,0.002387297892710194,0.0,0.0,0.00099601608235389,0.00099601608235389,0.00099601608235389,0.9960159659385681,0.00099601608235389
108,2.3612846703864796,4.722569340772959,0.000526332778762716,0.00099601608235389,4.0859375,-0.796875,0.796875,5.820074291026685,-55.9013310202449,0.03151293098926544,1.4707723706960678,0.0023866325160876536,0.0,0.0,0.00099601608235389,0.00099601608235389,0.00099601608235389,0.9960159659385681,0.00099601608235389
109,2.3614530867891466,4.722906173578293,-0.005148204039331832,0.00099601608235389,4.2265625,-1.2109375,1.2109375,6.0394639580044895,-92.08480619194327,0.03151293098926544,1.482657606403033,0.0024804272882950804,0.0,0.0,0.00099601608235389,0.00099601608235389,0.00099601608235389,0.9960159659385681,0.00099601608235389
110,2.3618072006694892,4.7236144013389785,-0.001567876308107968,0.00099601608235389,4.1953125,-0.6171875,0.6171875,6.019689708016813,-66.63387470882476,0.03151293098926544,1.4865932563940685,0.002346863111597486,0.0,0.0,0.00099601608235389,0.00099601608235389,0.00099601608235389,0.9960159659385681,0.00099601608235389
111,2.362029532419874,4.724059064839748,-0.0013409591663461743,0.00099601608235389,4.0859375,-0.0234375,0.0234375,5.851221209042706,-118.20957194163284,0.03151293098926544,1.502561683456103,0.002473353946697898,0.0,0.0,0.00099601608235389,0.00099601608235389,0.00099601608235389,0.9960159659385681,0.00099601608235389
112,2.362194369782342,4.724388739564684,-0.002931946194845191,0.00099601608235389,4.078125,-0.21875,0.21875,5.834467999986373,-102.63374202233165,0.03151293098926544,1.5272631347179413,0.0025478452250051,0.0,0.0,0.00099601608235389,0.00099601608235389,0.00099601608235389,0.9960159659385681,0.00099601608235389
113,2.362411011678933,4.724822023357866,-0.00292184844604277,0.00099601608235389,3.859375,-0.1640625,0.1640625,5.54513958300231,-159.9500951284339,0.03151293098926544,1.5338756094376247,0.002505826618289575,0.0,0.0,0.00099601608235389,0.00099601608235389,0.00099601608235389,0.9960159659385681,0.00099601608235389
114,2.3625906049534686,4.725181209906937,-0.00028415642082780845,0.00099601608235389,4.0625,0.0078125,-0.0078125,5.774434500024654,-180.5468012198806,0.03151293098926544,1.5322056611378987,0.0025167958810925484,0.0,0.0,0.00099601608235389,0.00099601608235389,0.00099601608235389,0.9960159659385681,0.00099601608235389
115,2.3627940665872806,4.725588133174561,-0.0015716550438903975,0.00099601608235389,4.1640625,-0.2890625,0.2890625,6.0198832909809425,-141.7347246598571,0.03151293098926544,1.5616118262211482,0.002565053126697118,0.0,0.0,0.00099601608235389,0.00099601608235389,0.00099601608235389,0.9960159659385681,0.00099601608235389
116,2.3628320365620965,4.725664073124193,-0.0025177467010110257,0.00099601608235389,4.2578125,-0.2265625,0.2265625,6.085140917042736,-175.3190977770254,0.03151293098926544,1.559225355585416,0.0026122655738921217,0.0,0.0,0.00099601608235389,0.00099601608235389,0.00099601608235389,0.9960159659385681,0.00099601608235389
117,2.3630367626237403,4.726073525247481,-0.00429426272350662,0.00099601608235389,4.0546875,0.3828125,-0.3828125,5.827749749994837,-142.79834663684198,0.03151293098926544,1.5850671827793121,0.0023833790861923867,0.0,0.0,0.00099601608235389,0.00099601608235389,0.00099601608235389,0.9960159659385681,0.00099601608235389
118,2.36325673303003,4.72651346606006,-0.0057882334063186665,0.00099601608235389,4.1953125,-0.3984375,0.3984375,6.028786875016522,-120.08067986074995,0.03151293098926544,1.561764657497406,0.0025225317125053457,0.0,0.0,0.00099601608235389,0.00099601608235389,0.00099601608235389,0.9960159659385681,0.00099601608235389
119,2.3636163658856955,4.727232731771391,-0.0028879819119370094,0.00099601608235389,4.2578125,0.2109375,-0.2109375,6.041259707999416,-189.85928840221615,0.03151293098926544,1.5697476466496785,0.0025598299398552626,0.0,0.0,0.00099601608235389,0.00099601608235389,0.00099601608235389,0.9960159659385681,0.00099601608235389
120,2.3638226208294943,4.727645241658989,-0.0011919561149822699,0.00099601608235389,4.0859375,-0.5,0.5,5.845306416973472,-107.7724173461046,0.03151293098926544,1.594035267829895,0.0027837402400715896,0.0,0.0,0.00099601608235389,0.00099601608235389,0.00099601608235389,0.9960159659385681,0.00099601608235389
121,2.3640496541179434,4.728099308235887,-0.005037673797396472,0.00099601608235389,4.1171875,0.4140625,-0.4140625,5.901455832994543,-126.51842188936935,0.03151293098926544,1.6230593621730804,0.0028925148653797805,0.0,0.0,0.00099601608235389,0.00099601608235389,0.00099601608235389,0.9960159659385681,0.00099601608235389
122,2.3642631524432347,4.728526304886469,-0.002332954557063694,0.00099601608235389,4.3046875,0.0625,-0.0625,6.117445000039879,-113.33257963068905,0.03151293098926544,1.5977328767379124,0.0028454867812494435,0.0,0.0,0.00099601608235389,0.00099601608235389,0.00099601608235389,0.9960159659385681,0.00099601608235389
123,2.3643028072178733,4.728605614435747,-0.0014396454515262227,0.00099601608235389,4.1328125,0.171875,-0.171875,5.958801125001628,-85.34277344831672,0.03151293098926544,1.6150698363780975,0.0027270015270914882,0.0,0.0,0.00099601608235389,0.00099601608235389,0.00099601608235389,0.9960159659385681,0.00099601608235389
124,2.3644641996908575,4.728928399381715,-0.006142211656845421,0.00099601608235389,4.1640625,0.046875,-0.046875,5.946564875019249,-146.47064301869213,0.03151293098926544,1.6035886257886887,0.0026744575977014997,0.0,0.0,0.00099601608235389,0.00099601608235389,0.00099601608235389,0.9960159659385681,0.00099601608235389
125,2.3647600254225427,4.729520050845085,-0.005977199328503224,0.00099601608235389,4.265625,-0.2421875,0.2421875,6.146069834008813,-102.1781096423502,0.03151293098926544,1.6507796496152878,0.0026881426189599247,0.0,0.0,0.00099601608235389,0.00099601608235389,0.00099601608235389,0.9960159659385681,0.00099601608235389
126,2.364808144285128,4.729616288570256,-0.0014472290433856197,0.00099601608235389,4.28125,-0.0859375,0.0859375,6.118130667018704,-195.28935913534932,0.03151293098926544,1.6414489895105362,0.002842556539690122,0.0,0.0,0.00099601608235389,0.00099601608235389,0.00099601608235389,0.9960159659385681,0.00099601608235389
127,2.3649516035395326,4.729903207079065,-0.0014650928904424818,0.00099601608235389,4.171875,-0.34375,0.34375,5.905617042037193,-146.54309229614137,0.03151293098926544,1.6650632818539937,0.002817146547992403,0.0,0.0,0.00099601608235389,0.00099601608235389,0.00099601608235389,0.9960159659385681,0.00099601608235389
128,2.3650785553749234,4.730157110749847,-0.0015004975857193764,0.00099601608235389,4.1875,-0.453125,0.453125,5.968374499992933,-222.47019230340842,0.03151293098926544,1.6973115752140682,0.003026146199166154,0.0,0.0,0.00099601608235389,0.00099601608235389,0.00099601608235389,0.9960159659385681,0.00099601608235389
129,2.3651299825151924,4.730259965030385,-0.003852047374953866,0.00099601608235389,4.4140625,-0.796875,0.796875,6.299393041001167,-239.35766389137876,0.03151293098926544,1.6799780279397964,0.0028988629346713424,0.0,0.0,0.00099601608235389,0.00099601608235389,0.00099601608235389,0.9960159659385681,0.00099601608235389
130,2.3652212770992076,4.730442554198415,-0.003956455303087458,0.00099601608235389,4.2109375,0.734375,-0.734375,5.968782207986806,-162.08480399526337,0.03151293098926544,1.7186335921287537,0.003077331387127439,0.0,0.0,0.00099601608235389,0.00099601608235389,0.00099601608235389,0.9960159659385681,0.00099601608235389
131,2.365415509642699,4.730831019285398,-0.0014595159448501326,0.00099601608235389,4.21875,0.0859375,-0.0859375,6.045101874973625,-145.09155659366536,0.03151293098926544,1.7468865811824799,0.00308484550138625,0.0,0.0,0.00099601608235389,0.00099601608235389,0.00099601608235389,0.9960159659385681,0.00099601608235389
132,2.365784755131826,4.731569510263652,-0.005629223831109095,0.00099601608235389,4.2109375,0.15625,-0.15625,5.961777249991428,-184.68880945233997,0.03151293098926544,1.7519775331020355,0.002840994702031215,0.0,0.0,0.00099601608235389,0.00099601608235389,0.00099601608235389,0.9960159659385681,0.00099601608235389
133,2.3660370206147645,4.732074041229529,-0.0048214457739608595,0.00099601608235389,4.2578125,-0.7265625,0.7265625,6.0539097909932025,-207.31728752556197,0.03151293098926544,1.7410115996996562,0.002784293426278358,0.0,0.0,0.00099601608235389,0.00099601608235389,0.00099601608235389,0.9960159659385681,0.00099601608235389
134,2.3662504483065474,4.732500896613095,-0.004474733563676522,0.00099601608235389,4.1328125,-0.0703125,0.0703125,5.8850192920072,-229.9256860378334,0.03151293098926544,1.7333843062321346,0.002946833633662512,0.0,0.0,0.00099601608235389,0.00099601608235389,0.00099601608235389,0.9960159659385681,0.00099601608235389
135,2.366452455681565,4.73290491136313,-0.0015367537388603987,0.00099601608235389,4.15625,0.1953125,-0.1953125,5.987762125034351,-216.22892232496935,0.03151293098926544,1.768992394208908,0.0031556503187554577,0.0,0.0,0.00099601608235389,0.00099601608235389,0.00099601608235389,0.9960159659385681,0.00099601608235389
136,2.366746118023177,4.733492236046354,-0.004518456533515485,0.00099601608235389,4.046875,-0.15625,0.15625,5.838745207991451,-205.43101371853507,0.03151293098926544,1.811617096265157,0.003202686260920018,0.0,0.0,0.00099601608235389,0.00099601608235389,0.00099601608235389,0.9960159659385681,0.00099601608235389
137,2.367003406603447,4.734006813206894,-0.004331622435406446,0.00099601608235389,4.1171875,0.0859375,-0.0859375,5.889102833985817,-231.30879726333004,0.03151293098926544,1.8208663562933605,0.0031666444750347487,0.0,0.0,0.00099601608235389,0.00099601608235389,0.00099601608235389,0.9960159659385681,0.00099601608235389
138,2.3672615267577637,4.734523053515527,-0.005261102761715049,0.00099601608235389,4.1484375,-0.453125,0.453125,5.975892541988287,-169.05471425608727,0.03151293098926544,1.8321363826592763,0.0032481975213158876,0.0,0.0,0.00099601608235389,0.00099601608235389,0.00099601608235389,0.9960159659385681,0.00099601608235389
139,2.36750436603951,4.73500873207902,-0.003423354002260435,0.00099601608235389,4.2421875,-0.34375,0.34375,6.0616520419716835,-115.54140346331272,0.03151293098926544,1.8457888464132945,0.003243500910078486,0.0,0.0,0.00099601608235389,0.00099601608235389,0.00099601608235389,0.9960159659385681,0.00099601608235389
140,2.3677172718876225,4.735434543775245,-0.0023241817354926007,0.00099601608235389,4.203125,-0.1640625,0.1640625,5.944389458978549,-136.4984940644977,0.03151293098926544,1.8366151253382366,0.0031262104748748243,0.0,0.0,0.00099601608235389,0.00099601608235389,0.00099601608235389,0.9960159659385681,0.00099601608235389
141,2.36794519707652,4.73589039415304,-0.002610430943877082,0.00099601608235389,4.3671875,-0.0546875,0.0546875,6.282353957998566,-212.6398505379774,0.03151293098926544,1.7996443410714467,0.002925838557227204,0.0,0.0,0.00099601608235389,0.00099601608235389,0.00099601608235389,0.9960159659385681,0.00099601608235389
142,2.3681624702340027,4.7363249404680055,-0.0008796366740207363,0.00099601608235389,4.0859375,-0.0234375,0.0234375,5.808782916981727,-228.34128758100434,0.03151293098926544,1.8374607761700947,0.003183201071806252,0.0,0.0,0.00099601608235389,0.00099601608235389,0.00099601608235389,0.9960159659385681,0.00099601608235389
143,2.368364865315418,4.736729730630836,-0.004524589838381365,0.00099601608235389,4.2578125,-0.2734375,0.2734375,6.097993332950864,-328.81726116521645,0.03151293098926544,1.8633999824523926,0.0033979171906442693,0.0,0.0,0.00099601608235389,0.00099601608235389,0.00099601608235389,0.9960159659385681,0.00099601608235389
144,2.3686236196255095,4.737247239251019,-0.004122335165603067,0.00099601608235389,4.296875,-0.109375,0.109375,6.115990334015805,-283.2692292889682,0.03151293098926544,1.846433162689209,0.003285299006771917,0.0,0.0,0.00099601608235389,0.00099601608235389,0.00099601608235389,0.9960159659385681,0.00099601608235389
145,2.368912242269662,4.737824484539324,-0.0010369796055460692,0.00099601608235389,4.5625,0.84375,-0.84375,6.484104208997451,-333.30652085640656,0.03151293098926544,1.8366867204507191,0.0030745938420295715,0.0,0.0,0.00099601608235389,0.00099601608235389,0.00099601608235389,0.9960159659385681,0.00099601608235389
146,2.369213529003112,4.738427058006224,-0.007168615676166524,0.00099601608235389,4.0625,-0.9375,0.9375,5.806069416983519,-357.7277202072052,0.03151293098926544,1.8996989925702412,0.003344829126338785,0.0,0.0,0.00099601608235389,0.00099601608235389,0.00099601608235389,0.9960159659385681,0.00099601608235389
147,2.3694526677554237,4.7389053355108475,-0.003336780364992526,0.00099601608235389,4.234375,-0.1484375,0.1484375,6.004894958983641,-351.4393370613401,0.03151293098926544,1.8828799823919933,0.0032995978641944626,0.0,0.0,0.00099601608235389,0.00099601608235389,0.00099601608235389,0.9960159659385681,0.00099601608235389
148,2.369653483660718,4.739306967321436,-0.003137935013614005,0.00099601608235389,4.296875,-0.9375,0.9375,6.09278062498197,-327.66384301315657,0.03151293098926544,1.9016077121098836,0.0033657475238821157,0.0,0.0,0.00099601608235389,0.00099601608235389,0.00099601608235389,0.9960159659385681,0.00099601608235389
149,2.3699497252836434,4.739899450567287,-0.006493834370229499,0.00099601608235389,4.1015625,-0.421875,0.421875,5.899176458013244,-274.18821263358706,0.03151293098926544,1.9136437873045604,0.0032368577376473695,0.0,0.0,0.00099601608235389,0.00099601608235389,0.00099601608235389,0.9960159659385681,0.00099601608235389
150,2.3702221688664307,4.740444337732861,0.0009159010982557197,0.00099601608235389,4.1953125,-0.78125,0.78125,5.938895165978465,-180.56647902316442,0.03151293098926544,1.9507292707761128,0.0033473134390078485,0.0,0.0,0.00099601608235389,0.00099601608235389,0.00099601608235389,0.9960159659385681,0.00099601608235389
151,2.3705030363732242,4.7410060727464485,-0.004553448460775691,0.00099601608235389,4.234375,-0.71875,0.71875,6.059567665972281,-328.6803402328843,0.03151293098926544,1.943957010904948,0.00338489890176182,0.0,0.0,0.00099601608235389,0.00099601608235389,0.00099601608235389,0.9960159659385681,0.00099601608235389
152,2.370850235360897,4.741700470721794,-0.001793576055397746,0.00099601608235389,4.3359375,-0.390625,0.390625,6.174616749980487,-282.0668446923161,0.03151293098926544,1.961189369360606,0.003466930783664187,0.0,0.0,0.00099601608235389,0.00099601608235389,0.00099601608235389,0.9960159659385681,0.00099601608235389
153,2.3711101145738995,4.742220229147799,-0.004294715249319034,0.00099601608235389,4.265625,-0.3515625,0.3515625,6.137751624977682,-279.39617293177946,0.03151293098926544,1.9811604519685109,0.0034145995838722834,0.0,0.0,0.00099601608235389,0.00099601608235389,0.00099601608235389,0.9960159659385681,0.00099601608235389
154,2.3713509156023758,4.7427018312047515,-0.000784723945706183,0.00099601608235389,4.1875,-0.2734375,0.2734375,6.014740541984793,-329.80519276857376,0.03151293098926544,1.979995866616567,0.0033719208634768925,0.0,0.0,0.00099601608235389,0.00099601608235389,0.00099601608235389,0.9960159659385681,0.00099601608235389
155,2.3716392572598464,4.743278514519693,-0.0029499769657436318,0.00099601608235389,4.1640625,-0.015625,0.015625,6.016065999981947,-332.52894142376323,0.03151293098926544,1.982690155506134,0.0035400360939092934,0.0,0.0,0.00099601608235389,0.00099601608235389,0.00099601608235389,0.9960159659385681,0.00099601608235389
156,2.371950276420346,4.743900552840692,-0.0036580251105349233,0.00099601608235389,4.1171875,0.3203125,-0.3203125,5.8913574169855565,-306.52337492439733,0.03151293098926544,1.9959726830323536,0.003442406664059187,0.0,0.0,0.00099601608235389,0.00099601608235389,0.00099601608235389,0.9960159659385681,0.00099601608235389
157,2.372190824071307,4.744381648142614,-0.003022913259484332,0.00099601608235389,4.1484375,0.375,-0.375,5.925325833028182,-418.73127121305737,0.03151293098926544,1.9649530748526256,0.0033142136914345124,0.0,0.0,0.00099601608235389,0.00099601608235389,0.00099601608235389,0.9960159659385681,0.00099601608235389
158,2.3724590599254305,4.744918119850861,-0.0026138642072816203,0.00099601608235389,4.0546875,-0.9765625,0.9765625,5.784963916987181,-375.25552571761585,0.03151293098926544,2.0157353977362313,0.0034087664001466087,0.0,0.0,0.00099601608235389,0.00099601608235389,0.00099601608235389,0.9960159659385681,0.00099601608235389
159,2.372753288321337,4.745506576642674,-0.004273786534712694,0.00099601608235389,4.234375,0.0859375,-0.0859375,6.027649125026073,-378.4604356851965,0.03151293098926544,2.038415402173996,0.003745528888733437,0.0,0.0,0.00099601608235389,0.00099601608235389,0.00099601608235389,0.9960159659385681,0.00099601608235389
160,2.373038931201587,4.746077862403174,-0.0018968160448948172,0.00099601608235389,4.2734375,-0.8203125,0.8203125,6.135196166986134,-471.3290781024605,0.03151293098926544,2.0013219912846885,0.003526525067475935,0.0,0.0,0.00099601608235389,0.00099601608235389,0.00099601608235389,0.9960159659385681,0.00099601608235389
161,2.373223261592302,4.746446523184604,-0.00535038659586605,0.00099601608235389,4.1328125,-0.21875,0.21875,5.953674040967599,-523.1583127294912,0.03151293098926544,2.0220487217108407,0.0035531493291879692,0.0,0.0,0.00099601608235389,0.00099601608235389,0.00099601608235389,0.9960159659385681,0.00099601608235389
162,2.373486261655226,4.746972523310452,-0.010788168376921791,0.00099601608235389,4.296875,-0.234375,0.234375,6.1447300420259126,-393.7476921983199,0.03151293098926544,2.052576949199041,0.0036410185081573823,0.0,0.0,0.00099601608235389,0.00099601608235389,0.00099601608235389,0.9960159659385681,0.00099601608235389
163,2.3737106057064272,4.7474212114128544,-0.005792258715228049,0.00099601608235389,4.1796875,-0.0859375,0.0859375,5.920088333019521,-379.47038157053083,0.03151293098926544,2.0982710818449655,0.0036028009296084442,0.0,0.0,0.00099601608235389,0.00099601608235389,0.00099601608235389,0.9960159659385681,0.00099601608235389
164,2.373941782419041,4.747883564838082,-0.004260912228114143,0.00099601608235389,4.0078125,-0.21875,0.21875,5.731421749980655,-344.2024764749739,0.03151293098926544,2.122464915116628,0.003636412089690566,0.0,0.0,0.00099601608235389,0.00099601608235389,0.00099601608235389,0.9960159659385681,0.00099601608235389
165,2.374177694355698,4.748355388711396,-0.002381949075321956,0.00099601608235389,4.3203125,0.8203125,-0.8203125,6.2609524999861605,-377.7946430442562,0.03151293098926544,2.091841240723928,0.0036210190737619996,0.0,0.0,0.00099601608235389,0.00099601608235389,0.00099601608235389,0.9960159659385681,0.00099601608235389
166,2.3744106292175378,4.7488212584350755,-0.007987525267976003,0.00099601608235389,4.2265625,0.390625,-0.390625,6.037591582979076,-439.28117245931503,0.03151293098926544,2.105306555827459,0.0037017121988659105,0.0,0.0,0.00099601608235389,0.00099601608235389,0.00099601608235389,0.9960159659385681,0.00099601608235389
167,2.3746775301802736,4.749355060360547,-0.005916623567307139,0.00099601608235389,4.0859375,0.15625,-0.15625,5.835100333031733,-417.5134446479622,0.03151293098926544,2.0979925791422525,0.0037066326088582477,0.0,0.0,0.00099601608235389,0.00099601608235389,0.00099601608235389,0.9960159659385681,0.00099601608235389
168,2.37486314308955,4.7497262861791,-0.008045290241418658,0.00099601608235389,4.3515625,0.40625,-0.40625,6.227664000005461,-355.913369770752,0.03151293098926544,2.1168417731920877,0.003629740725349014,0.0,0.0,0.00099601608235389,0.00099601608235389,0.00099601608235389,0.9960159659385681,0.00099601608235389
169,2.3751470086892628,4.7502940173785255,-0.0009236572505754018,0.00099601608235389,4.3515625,-0.3203125,0.3203125,6.1823637909838,-277.92308800824026,0.03151293098926544,2.1313400665918985,0.003841916099190712,0.0,0.0,0.00099601608235389,0.00099601608235389,0.00099601608235389,0.9960159659385681,0.00099601608235389
170,2.375363743580605,4.75072748716121,-0.0009223955818694671,0.00099601608235389,4.265625,-0.234375,0.234375,6.0485285419854335,-429.0693491662378,0.03151293098926544,2.163777490456899,0.00381013629764008,0.0,0.0,0.00099601608235389,0.00099601608235389,0.00099601608235389,0.9960159659385681,0.00099601608235389
171,2.3756311408471062,4.7512622816942125,-0.002721423365171226,0.00099601608235389,4.2109375,-0.34375,0.34375,6.06132570898626,-516.6663201965516,0.03151293098926544,2.151968409617742,0.0035364742119175694,0.0,0.0,0.00099601608235389,0.00099601608235389,0.00099601608235389,0.9960159659385681,0.00099601608235389
172,2.3758921462753495,4.751784292550699,-0.003918921895594234,0.00099601608235389,4.203125,-0.703125,0.703125,5.969314916990697,-497.30192991083,0.03151293098926544,2.2052981555461884,0.0038869071092146137,0.0,0.0,0.00099601608235389,0.00099601608235389,0.00099601608235389,0.9960159659385681,0.00099601608235389
173,2.376062579867982,4.752125159735964,-0.00253430792196047,0.00099601608235389,4.1015625,-0.171875,0.171875,5.841362084029242,-611.8329457083203,0.03151293098926544,2.238396406173706,0.0039057025763516626,0.0,0.0,0.00099601608235389,0.00099601608235389,0.00099601608235389,0.9960159659385681,0.00099601608235389
174,2.3762823922988328,4.7525647845976655,-0.00451472381800879,0.00099601608235389,4.3125,0.3125,-0.3125,6.117717665969394,-645.753009746904,0.03151293098926544,2.2323816418647766,0.003936766404270505,0.0,0.0,0.00099601608235389,0.00099601608235389,0.00099601608235389,0.9960159659385681,0.00099601608235389
175,2.3764560861528574,4.752912172305715,-0.0030034225806425193,0.00099601608235389,4.109375,0.1015625,-0.1015625,5.936172042042017,-506.83467583239303,0.03151293098926544,2.227303663889567,0.004019129109413673,0.0,0.0,0.00099601608235389,0.00099601608235389,0.00099601608235389,0.9960159659385681,0.00099601608235389
176,2.376652022933982,4.753304045867964,-0.003971803354697255,0.00099601608235389,4.171875,0.0546875,-0.0546875,5.942472749971785,-602.144789545277,0.03151293098926544,2.212579687436422,0.003943914469952385,0.0,0.0,0.00099601608235389,0.00099601608235389,0.00099601608235389,0.9960159659385681,0.00099601608235389
177,2.37679025109293,4.75358050218586,-0.0015870394637892782,0.00099601608235389,3.9765625,0.015625,-0.015625,5.747864042001311,-94.81602190800875,0.03151293098926544,2.2524615228176117,0.004078648441160719,0.0,0.0,0.00099601608235389,0.00099601608235389,0.00099601608235389,0.9960159659385681,0.00099601608235389
178,2.3768965026930595,4.753793005386119,-0.008329077753842869,0.00099601608235389,4.3046875,-0.703125,0.703125,6.159256709041074,-199.84383216484056,0.03151293098926544,2.2551030417283378,0.004043678122494991,0.0,0.0,0.00099601608235389,0.00099601608235389,0.00099601608235389,0.9960159659385681,0.00099601608235389
179,2.3769635577026857,4.7539271154053715,-0.00455884966864506,0.00099601608235389,4.265625,-0.25,0.25,6.079912124958355,-343.3272758045476,0.03151293098926544,2.2424508134524026,0.0038436234074955187,0.0,0.0,0.00099601608235389,0.00099601608235389,0.00099601608235389,0.9960159659385681,0.00099601608235389
180,2.377178603590818,4.754357207181636,-0.0033001863501546814,0.00099601608235389,3.9609375,-0.2109375,0.2109375,5.69180700002471,-296.9918057236681,0.03151293098926544,2.299237310886383,0.003935467403304453,0.0,0.0,0.00099601608235389,0.00099601608235389,0.00099601608235389,0.9960159659385681,0.00099601608235389
181,2.377559811748839,4.755119623497678,-0.0012512335125052592,0.00099601608235389,4.1796875,-0.1328125,0.1328125,6.0121234160033055,-437.40768196248564,0.03151293098926544,2.2657904426256814,0.0037334561736012497,0.0,0.0,0.00099601608235389,0.00099601608235389,0.00099601608235389,0.9960159659385681,0.00099601608235389
182,2.3777852439853584,4.755570487970717,-0.00443046503743533,0.00099601608235389,4.296875,0.3515625,-0.3515625,6.088931375008542,-390.73646817294036,0.03151293098926544,2.2758247752984366,0.003952211108601962,0.0,0.0,0.00099601608235389,0.00099601608235389,0.00099601608235389,0.9960159659385681,0.00099601608235389
183,2.3780728021553825,4.756145604310765,-0.0033750812803471785,0.00099601608235389,4.375,-0.078125,0.078125,6.2144216659944504,-350.25511345607896,0.03151293098926544,2.261200189590454,0.003871357572885851,0.0,0.0,0.00099601608235389,0.00099601608235389,0.00099601608235389,0.9960159659385681,0.00099601608235389
184,2.378159312220319,4.756318624440638,-0.0032715750316139095,0.00099601608235389,4.2578125,-0.015625,0.015625,6.052120374981314,-476.2106955808237,0.03151293098926544,2.273535430431366,0.003570462722564116,0.0,0.0,0.00099601608235389,0.00099601608235389,0.00099601608235389,0.9960159659385681,0.00099601608235389
185,2.378368564125113,4.756737128250226,0.000246107175385887,0.00099601608235389,4.265625,0.1796875,-0.1796875,6.05361487501068,-611.8586944939889,0.03151293098926544,2.2894044121106467,0.0038608114215700575,0.0,0.0,0.00099601608235389,0.00099601608235389,0.00099601608235389,0.9960159659385681,0.00099601608235389
186,2.37866081174599,4.75732162349198,-0.0017443807577301614,0.00099601608235389,4.03125,0.421875,-0.421875,5.796370083000511,-594.9309340382731,0.03151293098926544,2.367600311835607,0.004124114280178522,0.0,0.0,0.00099601608235389,0.00099601608235389,0.00099601608235389,0.9960159659385681,0.00099601608235389
187,2.378699973501228,4.757399947002456,-0.015555544248644157,0.00099601608235389,4.234375,-0.0859375,0.0859375,6.003497541998513,-637.1237691504489,0.03151293098926544,2.338997036218643,0.003980703661606337,0.0,0.0,0.00099601608235389,0.00099601608235389,0.00099601608235389,0.9960159659385681,0.00099601608235389
188,2.3788627367026596,4.757725473405319,-0.004503935752860016,0.00099601608235389,4.0390625,0.25,-0.25,5.768185082997661,-691.5044527819355,0.03151293098926544,2.3766483863194785,0.0037699561313881227,0.0,0.0,0.00099601608235389,0.00099601608235389,0.00099601608235389,0.9960159659385681,0.00099601608235389
189,2.3790853550023714,4.758170710004743,-0.006690785844978544,0.00099601608235389,4.3828125,0.0,0.0,6.267165791010484,-589.1273045692852,0.03151293098926544,2.3746997813383737,0.003928314525789271,0.0,0.0,0.00099601608235389,0.00099601608235389,0.00099601608235389,0.9960159659385681,0.00099601608235389
190,2.3793333933118994,4.758666786623799,-0.0026909029165467493,0.00099601608235389,4.1953125,0.4296875,-0.4296875,5.955978875048459,-492.8508334470639,0.03151293098926544,2.4053453306357064,0.004102441278519109,0.0,0.0,0.00099601608235389,0.00099601608235389,0.00099601608235389,0.9960159659385681,0.00099601608235389
191,2.3795351519978616,4.759070303995723,-0.007140476576882578,0.00099601608235389,4.09375,-0.390625,0.390625,5.902666957990732,-370.20965260585757,0.03151293098926544,2.3838952283064523,0.0040487272999598645,0.0,0.0,0.00099601608235389,0.00099601608235389,0.00099601608235389,0.9960159659385681,0.00099601608235389
192,2.379847077260066,4.759694154520132,-0.00962631724915533,0.00099601608235389,4.25,-0.6640625,0.6640625,6.030661583004985,-459.08921923707516,0.03151293098926544,2.430796672900518,0.00434540393568265,0.0,0.0,0.00099601608235389,0.00099601608235389,0.00099601608235389,0.9960159659385681,0.00099601608235389
193,2.380231390536103,4.760462781072206,-0.004071107988736138,0.00099601608235389,4.25,0.1796875,-0.1796875,6.07407091697678,-283.58328640899236,0.03151293098926544,2.417324036359787,0.0038996242316594967,0.0,0.0,0.00099601608235389,0.00099601608235389,0.00099601608235389,0.9960159659385681,0.00099601608235389
194,2.380356883527287,4.760713767054574,-0.00836901965413719,0.00099601608235389,4.328125,-0.2109375,0.2109375,6.165201457974035,-619.8878551252482,0.03151293098926544,2.4305496414502463,0.004207635220761101,0.0,0.0,0.00099601608235389,0.00099601608235389,0.00099601608235389,0.9960159659385681,0.00099601608235389
195,2.3805129919674624,4.761025983934925,-0.006163808506881523,0.00099601608235389,4.3984375,0.5234375,-0.5234375,6.340079249988776,-524.3729366307572,0.03151293098926544,2.3835090895493827,0.004032269566475104,0.0,0.0,0.00099601608235389,0.00099601608235389,0.00099601608235389,0.9960159659385681,0.00099601608235389
196,2.3807116702493083,4.761423340498617,-0.004769239460536325,0.00099601608235389,4.171875,0.2890625,-0.2890625,6.006030291027855,-601.2533383798063,0.03151293098926544,2.4944636722405753,0.004327804500159497,0.0,0.0,0.00099601608235389,0.00099601608235389,0.00099601608235389,0.9960159659385681,0.00099601608235389
197,2.3808540862248777,4.761708172449755,-0.010626781863487913,0.00099601608235389,4.421875,-0.5,0.5,6.267264166963287,-715.5383672141355,0.03151293098926544,2.4450711210568747,0.0041012432290396346,0.0,0.0,0.00099601608235389,0.00099601608235389,0.00099601608235389,0.9960159659385681,0.00099601608235389
198,2.3808496073097087,4.7616992146194175,-0.006653962594972059,0.00099601608235389,4.484375,0.328125,-0.328125,6.33116045803763,-688.415916561665,0.03151293098926544,2.469410320123037,0.004365707029743741,0.0,0.0,0.00099601608235389,0.00099601608235389,0.00099601608235389,0.9960159659385681,0.00099601608235389
199,2.38100394869892,4.76200789739784,-0.0023214600309148592,0.00099601608235389,4.2734375,-0.0625,0.0625,6.161273124977015,-586.116248927561,0.03151293098926544,2.5388486286004386,0.004261429950323266,0.0,0.0,0.00099601608235389,0.00099601608235389,0.00099601608235389,0.9960159659385681,0.00099601608235389
200,2.3813404897377497,4.762680979475499,-0.006267936805445935,0.00099601608235389,4.4296875,1.109375,-1.109375,6.323676333006006,-607.6218280691319,0.03151293098926544,2.5220888753732047,0.004165437024009104,0.0,0.0,0.00099601608235389,0.00099601608235389,0.00099601608235389,0.9960159659385681,0.00099601608235389
201,2.381622763091668,4.763245526183336,-0.008668444602054024,0.00099601608235389,4.296875,-0.25,0.25,6.26544141600607,-889.6441843856464,0.03151293098926544,2.536939491828283,0.004121720722954099,0.0,0.0,0.00099601608235389,0.00099601608235389,0.00099601608235389,0.9960159659385681,0.00099601608235389
202,2.381957618536328,4.763915237072656,-0.009832468029477646,0.00099601608235389,4.1953125,-0.4375,0.4375,6.040178624971304,-854.3243034751722,0.03151293098926544,2.4621682266394296,0.004213078645989299,0.0,0.0,0.00099601608235389,0.00099601608235389,0.00099601608235389,0.9960159659385681,0.00099601608235389
203,2.3822240678380595,4.764448135676119,-0.002300952320289415,0.00099601608235389,4.2890625,-0.5625,0.5625,6.10143112501828,-365.9999135482941,0.03151293098926544,2.5435069600741067,0.0045235815341584384,0.0,0.0,0.00099601608235389,0.00099601608235389,0.00099601608235389,0.9960159659385681,0.00099601608235389
204,2.3825117154802378,4.7650234309604755,-0.004122218694367268,0.00099601608235389,4.2265625,0.703125,-0.703125,6.159863083041273,-152.39925537003606,0.03151293098926544,2.576360742251078,0.004692970270601411,0.0,0.0,0.00099601608235389,0.00099601608235389,0.00099601608235389,0.9960159659385681,0.00099601608235389
205,2.382838543844537,4.765677087689074,-0.004293498760754468,0.00099601608235389,4.171875,0.2265625,-0.2265625,6.0358157500158995,-297.81692160917135,0.03151293098926544,2.582413653532664,0.004598229056379448,0.0,0.0,0.00099601608235389,0.00099601608235389,0.00099601608235389,0.9960159659385681,0.00099601608235389
206,2.382979841747166,4.765959683494332,-0.009481466181492633,0.00099601608235389,4.078125,0.0390625,-0.0390625,5.865273249975871,-444.36466517028225,0.03151293098926544,2.6174369553724923,0.0045364126563072205,0.0,0.0,0.00099601608235389,0.00099601608235389,0.00099601608235389,0.9960159659385681,0.00099601608235389
207,2.3833528407973237,4.766705681594647,-0.006999766701518556,0.00099601608235389,4.140625,-0.09375,0.09375,5.967302875011228,-606.6602382794866,0.03151293098926544,2.662453124920527,0.004574169734648119,0.0,0.0,0.00099601608235389,0.00099601608235389,0.00099601608235389,0.9960159659385681,0.00099601608235389
208,2.383678587625851,4.767357175251702,-0.005911494456135002,0.00099601608235389,4.1796875,-0.09375,0.09375,6.008791750005912,-953.6148054194227,0.03151293098926544,2.6420165995756784,0.004461111869507779,0.0,0.0,0.00099601608235389,0.00099601608235389,0.00099601608235389,0.9960159659385681,0.00099601608235389
209,2.3841723653149773,4.768344730629955,-0.007659955057049089,0.00099601608235389,4.203125,-0.140625,0.140625,6.129876416991465,-923.7541312630735,0.03151293098926544,2.6441304087638855,0.004396078933496028,0.0,0.0,0.00099601608235389,0.00099601608235389,0.00099601608235389,0.9960159659385681,0.00099601608235389
210,2.38451849166569,4.76903698333138,-0.004506605403780792,0.00099601608235389,4.1796875,0.2421875,-0.2421875,6.005385291995481,-742.3639419626967,0.03151293098926544,2.6098098158836365,0.004527069822264214,0.0,0.0,0.00099601608235389,0.00099601608235389,0.00099601608235389,0.9960159659385681,0.00099601608235389
211,2.384868865415035,4.76973773083007,-0.006299081778384755,0.00099601608235389,4.2265625,0.2109375,-0.2109375,6.059327624971047,-617.6331386654302,0.03151293098926544,2.6862176259358725,0.004801249616624166,0.0,0.0,0.00099601608235389,0.00099601608235389,0.00099601608235389,0.9960159659385681,0.00099601608235389
212,2.3851152525291717,4.770230505058343,-0.004660311138667711,0.00099601608235389,4.25,0.1875,-0.1875,6.100357083021663,-609.7339307648294,0.03151293098926544,2.6465831796328225,0.004664791030033181,0.0,0.0,0.00099601608235389,0.00099601608235389,0.00099601608235389,0.9960159659385681,0.00099601608235389
213,2.38542920215703,4.77085840431406,-0.006126811459931677,0.00099601608235389,4.359375,-0.4296875,0.4296875,6.159063790983055,-937.799465774208,0.03151293098926544,2.630870521068573,0.004381579754408449,0.0,0.0,0.00099601608235389,0.00099601608235389,0.00099601608235389,0.9960159659385681,0.00099601608235389
214,2.3857508796726856,4.771501759345371,-0.0021423444656474546,0.00099601608235389,4.1640625,0.2578125,-0.2578125,6.165124957973603,-1184.8515949633959,0.03151293098926544,2.6020806431770325,0.004155515644621725,0.0,0.0,0.00099601608235389,0.00099601608235389,0.00099601608235389,0.9960159659385681,0.00099601608235389
215,2.3860398658730126,4.772079731746025,-0.006488686040117078,0.00099601608235389,4.2890625,-0.40625,0.40625,6.1493164579733275,-800.988971180386,0.03151293098926544,2.6170626183350882,0.004360307066235691,0.0,0.0,0.00099601608235389,0.00099601608235389,0.00099601608235389,0.9960159659385681,0.00099601608235389
216,2.386460405612851,4.772920811225702,-0.006965777226958034,0.00099601608235389,4.25,0.21875,-0.21875,6.054951041995082,-1204.2357835208668,0.03151293098926544,2.71416304508845,0.004568278731312603,0.0,0.0,0.00099601608235389,0.00099601608235389,0.00099601608235389,0.9960159659385681,0.00099601608235389
217,2.3868017039799816,4.773603407959963,-0.004268903927256693,0.00099601608235389,4.171875,-0.375,0.375,6.052218917000573,-797.3046526390962,0.03151293098926544,2.69901434580485,0.004360914608696476,0.0,0.0,0.00099601608235389,0.00099601608235389,0.00099601608235389,0.9960159659385681,0.00099601608235389
218,2.3872164123627346,4.774432824725469,-0.007816674612891147,0.00099601608235389,4.2734375,0.640625,-0.640625,6.1116710000205785,-873.4095052286738,0.03151293098926544,2.6410553654034934,0.004143605726615836,0.0,0.0,0.00099601608235389,0.00099601608235389,0.00099601608235389,0.9960159659385681,0.00099601608235389
219,2.387546628190735,4.77509325638147,0.00022460150798049802,0.00099601608235389,4.2890625,-0.5703125,0.5703125,6.172919083968736,-751.2047215585065,0.03151293098926544,2.6413923303286233,0.004357553940887253,0.0,0.0,0.00099601608235389,0.00099601608235389,0.00099601608235389,0.9960159659385681,0.00099601608235389
220,2.3878954958860605,4.775790991772121,-0.009532386181866625,0.00099601608235389,4.3359375,-0.5078125,0.5078125,6.128761042025872,-1126.1816674137974,0.03151293098926544,2.6372875471909842,0.004419667685093979,0.0,0.0,0.00099601608235389,0.00099601608235389,0.00099601608235389,0.9960159659385681,0.00099601608235389
221,2.388303326677849,4.776606653355698,-0.009651011025485344,0.00099601608235389,4.28125,0.3515625,-0.3515625,6.110386999964248,-1156.173509707416,0.03151293098926544,2.649096339941025,0.004761272304070492,0.0,0.0,0.00099601608235389,0.00099601608235389,0.00099601608235389,0.9960159659385681,0.00099601608235389
222,2.3886808433201203,4.777361686640241,-0.010009910731959058,0.00099601608235389,4.2890625,-0.0390625,0.0390625,6.177560708019882,-1115.1555454605048,0.03151293098926544,2.6591985722382865,0.0048194950601706905,0.0,0.0,0.00099601608235389,0.00099601608235389,0.00099601608235389,0.9960159659385681,0.00099601608235389
223,2.389045788733432,4.778091577466864,-0.008656020892323472,0.00099601608235389,4.3125,-0.5703125,0.5703125,6.125192333012819,-993.7784336494362,0.03151293098926544,2.6541616717974343,0.004635586781660095,0.0,0.0,0.00099601608235389,0.00099601608235389,0.00099601608235389,0.9960159659385681,0.00099601608235389
224,2.3894599525261184,4.778919905052237,-0.009436093790350023,0.00099601608235389,4.3359375,0.3203125,-0.3203125,6.299131291976664,-887.617447017979,0.03151293098926544,2.6401381691296897,0.004621929314453155,0.0,0.0,0.00099601608235389,0.00099601608235389,0.00099601608235389,0.9960159659385681,0.00099601608235389
225,2.38985559972809,4.77971119945618,-0.005850125994973888,0.00099601608235389,4.4375,-0.171875,0.171875,6.382068291015457,-1081.4900265378012,0.03151293098926544,2.646982749303182,0.004479783276716868,0.0,0.0,0.00099601608235389,0.00099601608235389,0.00099601608235389,0.9960159659385681,0.00099601608235389
226,2.390087264212041,4.780174528424082,-0.006274261460858393,0.00099601608235389,4.3125,0.59375,-0.59375,6.106840207998175,-1296.1003901284673,0.03151293098926544,2.698418309291204,0.004744244632699217,0.0,0.0,0.00099601608235389,0.00099601608235389,0.00099601608235389,0.9960159659385681,0.00099601608235389
227,2.390484180876231,4.780968361752462,-0.012479339965169901,0.00099601608235389,4.3046875,0.140625,-0.140625,6.163628584006801,-1673.7522497713674,0.03151293098926544,2.73439026872317,0.00467310559664232,0.0,0.0,0.00099601608235389,0.00099601608235389,0.00099601608235389,0.9960159659385681,0.00099601608235389
228,2.390878428936634,4.781756857873268,-0.005054533064864864,0.00099601608235389,4.328125,-0.546875,0.546875,6.147715083032381,-1272.0988686179426,0.03151293098926544,2.746080130338669,0.004650023824069649,0.0,0.0,0.00099601608235389,0.00099601608235389,0.00099601608235389,0.9960159659385681,0.00099601608235389
229,2.3913816571679645,4.782763314335929,-0.012656981513874423,0.00099601608235389,4.3203125,-0.5390625,0.5390625,6.2076899579842575,-1711.5869721090169,0.03151293098926544,2.7534640630086265,0.004630545862407113,0.0,0.0,0.00099601608235389,0.00099601608235389,0.00099601608235389,0.9960159659385681,0.00099601608235389
230,2.391665849284013,4.783331698568026,-0.0013565809851156223,0.00099601608235389,4.2421875,0.2890625,-0.2890625,6.055072582967114,-1648.7055388410226,0.03151293098926544,2.713560183842977,0.0046772393203961355,0.0,0.0,0.00099601608235389,0.00099601608235389,0.00099601608235389,0.9960159659385681,0.00099601608235389
231,2.391938351853862,4.783876703707724,-0.005019510027454363,0.00099601608235389,4.40625,0.1875,-0.1875,6.28733637498226,-1037.3143769866185,0.03151293098926544,2.6340741713841758,0.004365568844756733,0.0,0.0,0.00099601608235389,0.00099601608235389,0.00099601608235389,0.9960159659385681,0.00099601608235389
232,2.392240714778382,4.784481429556764,-0.0025586904458623216,0.00099601608235389,4.4375,0.0,0.0,6.385859832982533,-996.1288393366505,0.03151293098926544,2.651924043893814,0.004541835320803027,0.0,0.0,0.00099601608235389,0.00099601608235389,0.00099601608235389,0.9960159659385681,0.00099601608235389
233,2.3925672203645227,4.7851344407290455,-0.00896912627505734,0.00099601608235389,4.0546875,0.5625,-0.5625,5.87514087499585,-728.2878134144984,0.03151293098926544,2.671789288520813,0.004402715479955077,0.0,0.0,0.00099601608235389,0.00099601608235389,0.00099601608235389,0.9960159659385681,0.00099601608235389
234,2.3926957070264865,4.785391414052973,-0.003173605020692028,0.00099601608235389,4.3359375,0.0703125,-0.0703125,6.315327249991242,-1120.088267838418,0.03151293098926544,2.6593867540359497,0.004427870851941407,0.0,0.0,0.00099601608235389,0.00099601608235389,0.00099601608235389,0.9960159659385681,0.00099601608235389
235,2.393121825962671,4.786243651925342,-0.008273394564001661,0.00099601608235389,4.375,0.1953125,-0.1953125,6.242991208040621,-1177.2298824838228,0.03151293098926544,2.698038160800934,0.00426828941272106,0.0,0.0,0.00099601608235389,0.00099601608235389,0.00099601608235389,0.9960159659385681,0.00099601608235389
236,2.3934647864648593,4.7869295729297185,-0.010151779787889424,0.00099601608235389,4.1640625,-0.296875,0.296875,6.010914416983724,-1102.6278480937735,0.03151293098926544,2.7121650675932565,0.004581212066113949,0.0,0.0,0.00099601608235389,0.00099601608235389,0.00099601608235389,0.9960159659385681,0.00099601608235389
237,2.393780393951786,4.787560787903572,-0.007085986412829056,0.00099601608235389,4.4921875,0.21875,-0.21875,6.428265540977009,-1143.049144003495,0.03151293098926544,2.730892558892568,0.0047182216464231415,0.0,0.0,0.00099601608235389,0.00099601608235389,0.00099601608235389,0.9960159659385681,0.00099601608235389
238,2.3941040648329692,4.7882081296659385,-0.002361138189102414,0.00099601608235389,4.3359375,0.3828125,-0.3828125,6.2471438749926165,-1540.4793495057938,0.03151293098926544,2.748142828543981,0.004762018021817009,0.0,0.0,0.00099601608235389,0.00099601608235389,0.00099601608235389,0.9960159659385681,0.00099601608235389
239,2.394371447052575,4.78874289410515,-0.005305499273048695,0.00099601608235389,4.328125,-0.625,0.625,6.278930875007063,-1634.9285921120902,0.03151293098926544,2.7006020744641623,0.004433193360455334,0.0,0.0,0.00099601608235389,0.00099601608235389,0.00099601608235389,0.9960159659385681,0.00099601608235389
240,2.3946771287504443,4.7893542575008885,-0.004523114706544058,0.00099601608235389,4.2265625,-0.3984375,0.3984375,6.151093167020008,-1542.4869910590971,0.03151293098926544,2.7881390353043876,0.004766598731900255,0.0,0.0,0.00099601608235389,0.00099601608235389,0.00099601608235389,0.9960159659385681,0.00099601608235389
241,2.394891188100472,4.789782376200944,-0.004865657429902275,0.00099601608235389,4.2109375,0.0390625,-0.0390625,6.073042790987529,-1511.6786821963394,0.03151293098926544,2.832567652066549,0.0050209018324191374,0.0,0.0,0.00099601608235389,0.00099601608235389,0.00099601608235389,0.9960159659385681,0.00099601608235389
242,2.395007941220718,4.790015882441436,-0.0071667720325525215,0.00099601608235389,4.1953125,0.625,-0.625,6.073355500004254,-1397.8586818723484,0.03151293098926544,2.8230411410331726,0.004688260902184993,0.0,0.0,0.00099601608235389,0.00099601608235389,0.00099601608235389,0.9960159659385681,0.00099601608235389
243,2.3952129703496325,4.790425940699265,-0.009133262708119736,0.00099601608235389,4.046875,0.421875,-0.421875,5.955186707957182,-1263.684025075905,0.03151293098926544,2.873412917057673,0.004891089047305286,0.0,0.0,0.00099601608235389,0.00099601608235389,0.00099601608235389,0.9960159659385681,0.00099601608235389
244,2.395601614258789,4.791203228517578,-0.007780133698762087,0.00099601608235389,4.3359375,0.546875,-0.546875,6.233689917018637,-1644.2027489773861,0.03151293098926544,2.932603140672048,0.004965600596430401,0.0,0.0,0.00099601608235389,0.00099601608235389,0.00099601608235389,0.9960159659385681,0.00099601608235389
245,2.3957986732759275,4.791597346551855,-0.015962244944474843,0.00099601608235389,4.65625,1.0625,-1.0625,6.647769709001295,-1513.2912976069738,0.03151293098926544,2.9282658994197845,0.00509854598203674,0.0,0.0,0.00099601608235389,0.00099601608235389,0.00099601608235389,0.9960159659385681,0.00099601608235389
246,2.395940039425386,4.791880078850772,-0.0077698356369725495,0.00099601608235389,4.2890625,-0.4296875,0.4296875,6.136023083992768,-1808.1694676567731,0.03151293098926544,3.009012997150421,0.005261035073393335,0.0,0.0,0.00099601608235389,0.00099601608235389,0.00099601608235389,0.9960159659385681,0.00099601608235389
247,2.3961336453619753,4.7922672907239505,-0.006893928099267876,0.00099601608235389,4.484375,0.515625,-0.515625,6.342514792049769,-2260.195435113608,0.03151293098926544,2.953916182120641,0.004717953852377832,0.0,0.0,0.00099601608235389,0.00099601608235389,0.00099601608235389,0.9960159659385681,0.00099601608235389
248,2.3962479216568306,4.792495843313661,-0.008025008835720382,0.00099601608235389,4.15625,-0.015625,0.015625,6.040235832973849,-2196.7304001840434,0.03151293098926544,3.042510767777761,0.004907149006612599,0.0,0.0,0.00099601608235389,0.00099601608235389,0.00099601608235389,0.9960159659385681,0.00099601608235389
249,2.396546330286257,4.793092660572514,-0.006443373967045388,0.00099601608235389,4.2734375,-0.4921875,0.4921875,6.203305041999556,-1732.0843123238963,0.03151293098926544,2.9825652440389,0.004653306891365598,0.0,0.0,0.00099601608235389,0.00099601608235389,0.00099601608235389,0.9960159659385681,0.00099601608235389
250,2.3967834865044733,4.7935669730089465,-0.01568698769839569,0.00099601608235389,4.2890625,-0.6484375,0.6484375,6.152853209001478,-1923.7157736606284,0.03151293098926544,2.9299165109793344,0.004655864283752938,0.0,0.0,0.00099601608235389,0.00099601608235389,0.00099601608235389,0.9960159659385681,0.00099601608235389
251,2.3970382589934065,4.794076517986813,-0.014340432472790052,0.00099601608235389,4.28125,-0.46875,0.46875,6.160353165993001,-1655.866835141704,0.03151293098926544,2.931492358446121,0.004887775760532047,0.0,0.0,0.00099601608235389,0.00099601608235389,0.00099601608235389,0.9960159659385681,0.00099601608235389
252,2.397225292851826,4.794450585703652,-0.001015272607022353,0.00099601608235389,4.046875,-0.5078125,0.5078125,5.838849542022217,-2140.642784398495,0.03151293098926544,2.959375431140264,0.00493444487801753,0.0,0.0,0.00099601608235389,0.00099601608235389,0.00099601608235389,0.9960159659385681,0.00099601608235389
253,2.397273992399847,4.794547984799694,-0.01488341708970116,0.00099601608235389,4.34375,0.21875,-0.21875,6.354122541029938,-2247.6030063886437,0.03151293098926544,2.937620759010315,0.0049556973002230125,0.0,0.0,0.00099601608235389,0.00099601608235389,0.00099601608235389,0.9960159659385681,0.00099601608235389
254,2.397544610324763,4.795089220649526,-0.00867299838969496,0.00099601608235389,4.25,0.4609375,-0.4609375,6.1168232500203885,-1995.8122957348824,0.03151293098926544,2.925256351629893,0.004765566438436508,0.0,0.0,0.00099601608235389,0.00099601608235389,0.00099601608235389,0.9960159659385681,0.00099601608235389
255,2.3976975528378666,4.795395105675733,-0.009079583593711285,0.00099601608235389,4.4375,-0.4375,0.4375,6.267785999982152,-1681.781774959094,0.03151293098926544,2.9167130986849465,0.0045273231420045095,0.0,0.0,0.00099601608235389,0.00099601608235389,0.00099601608235389,0.9960159659385681,0.00099601608235389
256,2.39784715861874,4.79569431723748,-0.003226088882519712,0.00099601608235389,4.140625,0.2265625,-0.2265625,5.967227916000411,-1551.1791957351397,0.03151293098926544,3.0438883900642395,0.0046578661422245204,0.0,0.0,0.00099601608235389,0.00099601608235389,0.00099601608235389,0.9960159659385681,0.00099601608235389
257,2.3981541837150164,4.796308367430033,-0.013493421464850833,0.00099601608235389,4.265625,0.2890625,-0.2890625,6.087556874961592,-1217.4709627200396,0.03151293098926544,3.0117199420928955,0.004753570300332892,0.0,0.0,0.00099601608235389,0.00099601608235389,0.00099601608235389,0.9960159659385681,0.00099601608235389
258,2.3982732953698864,4.796546590739773,-0.015582006052929216,0.00099601608235389,4.25,-0.65625,0.65625,6.092890082974918,-2307.301131141536,0.03151293098926544,3.0174891551335654,0.004949152372622241,0.0,0.0,0.00099601608235389,0.00099601608235389,0.00099601608235389,0.9960159659385681,0.00099601608235389
259,2.398439794451974,4.796879588903948,-0.005745013015672157,0.00099601608235389,4.1484375,0.1171875,-0.1171875,5.95753291703295,-2051.716089360009,0.03151293098926544,3.0285869439442954,0.0050145170923012,0.0,0.0,0.00099601608235389,0.00099601608235389,0.00099601608235389,0.9960159659385681,0.00099601608235389
260,2.3986237002891553,4.797247400578311,-0.010026497063167217,0.00099601608235389,4.3125,0.8125,-0.8125,6.206249832990579,-2481.8742915478306,0.03151293098926544,3.0153141915798187,0.004848003028503929,0.0,0.0,0.00099601608235389,0.00099601608235389,0.00099601608235389,0.9960159659385681,0.00099601608235389
261,2.3987319084013796,4.797463816802759,-0.011398515445103143,0.00099601608235389,4.3046875,0.3203125,-0.3203125,6.187313542002812,-2928.23897582087,0.03151293098926544,2.9533577064673104,0.00472998929520448,0.0,0.0,0.00099601608235389,0.00099601608235389,0.00099601608235389,0.9960159659385681,0.00099601608235389
262,2.3988940294449637,4.797788058889927,-0.013700115714571411,0.00099601608235389,4.4375,-0.78125,0.78125,6.3015965419472195,-1643.9805726434145,0.03151293098926544,2.926083972056707,0.0045135571078086896,0.0,0.0,0.00099601608235389,0.00099601608235389,0.00099601608235389,0.9960159659385681,0.00099601608235389
263,2.3990591538017503,4.7981183076035006,-0.016452098045754357,0.00099601608235389,4.2578125,0.4765625,-0.4765625,6.205566707998514,-1405.3467771722635,0.03151293098926544,3.049977441628774,0.005163904415288319,0.0,0.0,0.00099601608235389,0.00099601608235389,0.00099601608235389,0.9960159659385681,0.00099601608235389
264,2.399215991971522,4.798431983943044,-0.008135185286418468,0.00099601608235389,4.390625,0.0625,-0.0625,6.254641332954634,-1453.4296733815474,0.03151293098926544,3.031649967034658,0.004915866729182501,0.0,0.0,0.00099601608235389,0.00099601608235389,0.00099601608235389,0.9960159659385681,0.00099601608235389
265,2.399530248927016,4.799060497854032,-0.007760445048735342,0.00099601608235389,4.34375,0.515625,-0.515625,6.152494333975483,-1614.736675303617,0.03151293098926544,3.0348533193270364,0.004600886216697593,0.0,0.0,0.00099601608235389,0.00099601608235389,0.00099601608235389,0.9960159659385681,0.00099601608235389
266,2.399770364266479,4.799540728532958,0.00013022836509203693,0.00099601608235389,4.375,-0.890625,0.890625,6.249294333974831,-1730.5326974357877,0.03151293098926544,3.1033795972665152,0.005224989901762456,0.0,0.0,0.00099601608235389,0.00099601608235389,0.00099601608235389,0.9960159659385681,0.00099601608235389
267,2.3999434455478608,4.7998868910957215,-0.003394873349036395,0.00099601608235389,4.234375,0.140625,-0.140625,6.054795833013486,-2318.5027504635914,0.03151293098926544,3.1099579135576882,0.005401195240362237,0.0,0.0,0.00099601608235389,0.00099601608235389,0.00099601608235389,0.9960159659385681,0.00099601608235389
268,2.400112919382174,4.800225838764348,-0.012555928252755836,0.00099601608235389,4.2734375,-0.375,0.375,6.083473542006686,-3164.2409120974635,0.03151293098926544,3.0775862336158752,0.005093455237026016,0.0,0.0,0.00099601608235389,0.00099601608235389,0.00099601608235389,0.9960159659385681,0.00099601608235389
269,2.4001259874373995,4.800251974874799,-0.011224010488761234,0.00099601608235389,4.4140625,0.2109375,-0.2109375,6.271743749966845,-3317.1585595865167,0.03151293098926544,3.0721810460090637,0.005004680249840021,0.0,0.0,0.00099601608235389,0.00099601608235389,0.00099601608235389,0.9960159659385681,0.00099601608235389
270,2.400268414891162,4.800536829782324,-0.017081209502590265,0.00099601608235389,4.34375,-0.265625,0.265625,6.129402457969263,-2621.1541268568244,0.03151293098926544,3.152090529600779,0.005132731515914202,0.0,0.0,0.00099601608235389,0.00099601608235389,0.00099601608235389,0.9960159659385681,0.00099601608235389
271,2.400464855914425,4.80092971182885,-0.011189976053177038,0.00099601608235389,4.34375,-0.0234375,0.0234375,6.1765933749848045,-3205.4367227451407,0.03151293098926544,3.1815481384595237,0.005225509870797396,0.0,0.0,0.00099601608235389,0.00099601608235389,0.00099601608235389,0.9960159659385681,0.00099601608235389
272,2.4006261708685495,4.801252341737099,-0.013810457806727261,0.00099601608235389,4.390625,0.3671875,-0.3671875,6.283252624969464,-3806.4534319032555,0.03151293098926544,3.1421234806378684,0.005012614807734887,0.0,0.0,0.00099601608235389,0.00099601608235389,0.00099601608235389,0.9960159659385681,0.00099601608235389
273,2.400946920176416,4.801893840352832,-0.011210999218273272,0.00099601608235389,4.3984375,-0.2890625,0.2890625,6.307236250024289,-2909.909833552359,0.03151293098926544,3.11729766925176,0.004846328161268805,0.0,0.0,0.00099601608235389,0.00099601608235389,0.00099601608235389,0.9960159659385681,0.00099601608235389
274,2.4011355313575553,4.802271062715111,-0.00961095870281896,0.00099601608235389,4.3828125,-0.171875,0.171875,6.272886584047228,-2158.857593607775,0.03151293098926544,3.1351189414660134,0.005304777858934055,0.0,0.0,0.00099601608235389,0.00099601608235389,0.00099601608235389,0.9960159659385681,0.00099601608235389
275,2.4012992587525233,4.8025985175050465,-0.00880770749872525,0.00099601608235389,4.34375,-0.1953125,0.1953125,6.161566708993632,-1693.898549584176,0.03151293098926544,3.1647261579831443,0.00528530083829537,0.0,0.0,0.00099601608235389,0.00099601608235389,0.00099601608235389,0.9960159659385681,0.00099601608235389
276,2.401491872097306,4.802983744194612,-0.0005979615553344138,0.00099601608235389,4.015625,-0.25,0.25,5.83519133401569,-1364.2177259801426,0.03151293098926544,3.156036833922068,0.005323219326479982,0.0,0.0,0.00099601608235389,0.00099601608235389,0.00099601608235389,0.9960159659385681,0.00099601608235389
277,2.4016656015439857,4.803331203087971,-0.010779657609289336,0.00099601608235389,4.234375,0.046875,-0.046875,6.051799583015963,-1905.4091847972236,0.03151293098926544,3.1967008213202157,0.00535918566553543,0.0,0.0,0.00099601608235389,0.00099601608235389,0.00099601608235389,0.9960159659385681,0.00099601608235389
278,2.401828827805592,4.803657655611184,-0.00677979976337317,0.00099601608235389,4.3359375,-0.8671875,0.8671875,6.120115249999799,-1627.7744934185132,0.03151293098926544,3.234766880671183,0.0058074552604618175,0.0,0.0,0.00099601608235389,0.00099601608235389,0.00099601608235389,0.9960159659385681,0.00099601608235389
279,2.4019159250410897,4.8038318500821795,-0.012326937539445443,0.00099601608235389,4.3984375,-0.046875,0.046875,6.3314883330021985,-2627.8953544487963,0.03151293098926544,3.184158891439438,0.0050911773966314895,0.0,0.0,0.00099601608235389,0.00099601608235389,0.00099601608235389,0.9960159659385681,0.00099601608235389
280,2.4021049408005073,4.804209881601015,-0.005818070428700975,0.00099601608235389,4.1875,-0.171875,0.171875,6.101255958026741,-2489.6721147245435,0.03151293098926544,3.2269232471783957,0.0049813038591916365,0.0,0.0,0.00099601608235389,0.00099601608235389,0.00099601608235389,0.9960159659385681,0.00099601608235389
281,2.402273851885088,4.804547703770176,-0.006992254097949635,0.00099601608235389,4.34375,-0.84375,0.84375,6.228648083051667,-2694.5524724301677,0.03151293098926544,3.2580304741859436,0.005236199503997341,0.0,0.0,0.00099601608235389,0.00099601608235389,0.00099601608235389,0.9960159659385681,0.00099601608235389
282,2.4024747625822016,4.804949525164403,-0.007715505286146176,0.00099601608235389,4.171875,-0.25,0.25,6.103856083005667,-3047.5954551303876,0.03151293098926544,3.287045896053314,0.005178451101528481,0.0,0.0,0.00099601608235389,0.00099601608235389,0.00099601608235389,0.9960159659385681,0.00099601608235389
283,2.402652876265063,4.805305752530126,-0.007727234560734291,0.00099601608235389,4.15625,-0.0703125,0.0703125,6.043153500009794,-2522.498799449519,0.03151293098926544,3.240027745564779,0.005018395779188722,0.0,0.0,0.00099601608235389,0.00099601608235389,0.00099601608235389,0.9960159659385681,0.00099601608235389
284,2.4030736138796858,4.8061472277593715,-0.01676513340935518,0.00099601608235389,4.484375,-0.8203125,0.8203125,6.439108417020179,-2786.5928133090615,0.03151293098926544,3.2459920247395835,0.004905844941580047,0.0,0.0,0.00099601608235389,0.00099601608235389,0.00099601608235389,0.9960159659385681,0.00099601608235389
285,2.4032995285033714,4.806599057006743,-0.008234191313972851,0.00099601608235389,4,-0.5078125,0.5078125,5.795546916022431,-4070.3838486261666,0.03151293098926544,3.248596727848053,0.005143717697743948,0.0,0.0,0.00099601608235389,0.00099601608235389,0.00099601608235389,0.9960159659385681,0.00099601608235389
286,2.4035282262369675,4.807056452473935,-0.006343221177089827,0.00099601608235389,4.375,-0.03125,0.03125,6.311895166989416,-3003.9011273145675,0.03151293098926544,3.22857928276062,0.0052436683715010686,0.0,0.0,0.00099601608235389,0.00099601608235389,0.00099601608235389,0.9960159659385681,0.00099601608235389
287,2.4037488011493857,4.807497602298771,-0.006087513939867075,0.00099601608235389,4.5625,-1.046875,1.046875,6.621524167014286,-2573.7231714398895,0.03151293098926544,3.153467357158661,0.004834082482072215,0.0,0.0,0.00099601608235389,0.00099601608235389,0.00099601608235389,0.9960159659385681,0.00099601608235389
288,2.4039479468382847,4.807895893676569,-0.014710121249591429,0.00099601608235389,4.234375,-0.0390625,0.0390625,6.063023708004039,-2289.3264887025,0.03151293098926544,3.2342284520467124,0.005438417138066143,0.0,0.0,0.00099601608235389,0.00099601608235389,0.00099601608235389,0.9960159659385681,0.00099601608235389
289,2.404295924004133,4.808591848008266,-0.00788539249626121,0.00099601608235389,4.2734375,0.2265625,-0.2265625,6.161881042004097,-2611.5065702441843,0.03151293098926544,3.2451465328534446,0.005163436561512451,0.0,0.0,0.00099601608235389,0.00099601608235389,0.00099601608235389,0.9960159659385681,0.00099601608235389
290,2.404541553792193,4.809083107584386,-0.010507446427415116,0.00099601608235389,4.421875,-0.6875,0.6875,6.384928249986842,-3509.7434184542813,0.03151293098926544,3.266986827055613,0.0052182071667630225,0.0,0.0,0.00099601608235389,0.00099601608235389,0.00099601608235389,0.9960159659385681,0.00099601608235389
291,2.404809502659253,4.809619005318506,-0.009368750302931854,0.00099601608235389,4.390625,-0.625,0.625,6.245408124988899,-2823.029767589637,0.03151293098926544,3.3534511725107827,0.0056934812940501916,0.0,0.0,0.00099601608235389,0.00099601608235389,0.00099601608235389,0.9960159659385681,0.00099601608235389
292,2.4050165515512765,4.810033103102553,-0.008486993308850523,0.00099601608235389,4.1328125,-0.0078125,0.0078125,6.133053084020503,-4163.997286791161,0.03151293098926544,3.382529139518738,0.005505366832949221,0.0,0.0,0.00099601608235389,0.00099601608235389,0.00099601608235389,0.9960159659385681,0.00099601608235389
293,2.405114343774607,4.810228687549214,-0.01215189187813193,0.0009960160876362606,4.4765625,-0.234375,0.234375,6.416395374981221,-4693.978532771165,0.031512931158301304,3.253712018330892,0.005050221438674877,0.0,0.0,0.0009960160876362606,0.0009960160876362606,0.0009960160876362606,0.9960159659385681,0.0009960160876362606
294,2.405278199136543,4.810556398273086,-0.013243367806398211,0.0009960162530150947,4.4765625,0.1640625,-0.1640625,6.306296833034139,-4152.726772141238,0.03151293503312332,3.367103695869446,0.005279338055212672,0.0,0.0,0.0009960162530150947,0.0009960162530150947,0.0009960162530150947,0.9960159659385681,0.0009960162530150947
295,2.405429282500711,4.810858565001422,-0.00986373990561554,0.000996021161727234,4.3671875,-0.34375,0.34375,6.238670999999158,-2585.4706677785125,0.03151307111082862,3.3927619655927024,0.005482482733593012,0.0,0.0,0.000996021161727234,0.000996021161727234,0.000996021161727234,0.9960159459992683,0.000996021161727234
296,2.405515761245443,4.811031522490886,-0.01785508062625275,0.0009960438605792223,4.28125,0.6953125,-0.6953125,6.15783341700444,-3867.9807523441737,0.032128910466104096,3.3259902397791543,0.005066821458361422,0.0,0.0,0.0009960438605792223,0.0009960438605792223,0.0011014529719717637,0.9959104478794293,0.0009960438605792223
297,2.4029397827797685,4.805879565559537,-0.014811388080663864,0.0009960653307778693,4.21875,-0.375,0.375,5.986334957997315,-3469.8792872235963,0.03921579315706536,3.392158051331838,0.005450012278743088,0.0,0.0,0.0009960653307778693,0.0009960653307778693,0.0037227354562168733,0.9932891001303991,0.0009960653307778693
298,2.399937723280046,4.799875446560092,-0.009960060798400082,0.000996211004953089,4.46875,-0.3984375,0.3984375,6.375147583021317,-3199.843950068443,0.052802632315331825,3.2627163529396057,0.0052355028844128055,0.0,0.0,0.000996211004953089,0.000996211004953089,0.037344680278451295,0.9596667127436275,0.000996211004953089
299,2.4196763093247586,4.839352618649517,-0.018764323943518083,0.0009962805378709925,4.46875,-0.4609375,0.4609375,6.309615207952447,-2841.1168359677426,0.09629315259651496,3.278265416622162,0.004443212713037307,0.0,0.0,0.0009962805378709925,0.0009962805378709925,0.03937065093252984,0.9576405331266921,0.0009962805378709925
300,2.43044088387588,4.86088176775176,-0.017524029513851486,0.0009964713475104265,4.5,-0.453125,0.453125,6.475785874994472,-4140.285183902852,0.12371484597032475,3.0852579871813455,0.0033202806080225855,0.0,0.0,0.0009964713475104265,0.0009964713475104265,0.17288467624388837,0.8241259318490646,0.0009964713475104265
301,2.4305559927453477,4.8611119854906955,-0.007217250634957699,0.000996565855890114,4.3828125,-0.921875,0.921875,6.306906540994532,-3025.636438761086,0.11102598258119853,2.9464457829793296,0.0022063068390707485,0.0,0.0,0.000996565855890114,0.000996565855890114,0.24208902195116766,0.7549213008478254,0.000996565855890114
302,2.4243883166491393,4.848776633298279,-0.013821541483320907,0.0009965954029306384,4.53125,-0.578125,0.578125,6.528374959016219,-4180.384687222947,0.11427016993021143,2.8500888546307883,0.0028320782748778583,0.0,0.0,0.0009965954029306384,0.0009965954029306384,0.1850745238877576,0.8119357037909956,0.0009965954029306384
303,2.4001823707815966,4.800364741563193,-0.01675460009465607,0.0009964602215327004,4.5703125,0.859375,-0.859375,6.559487625025213,-3756.0988821241694,0.11335216237184328,2.827272355556488,0.0035128028684994206,0.0,0.0,0.0009964602215327004,0.0009964602215327004,0.18711230341567953,0.8098983308184956,0.0009964602215327004
304,2.4046112047693415,4.809222409538683,-0.014122507978906818,0.000996280963729544,4.5078125,-0.5390625,0.5390625,6.378581041994039,-3933.435951418767,0.10223700611672946,2.943198045094808,0.005386526773994167,0.0,0.0,0.000996280963729544,0.000996280963729544,0.06459764150827574,0.9324135433929284,0.000996280963729544
305,2.4070377755275922,4.8140755510551845,-0.004166925389102633,0.0009961890528119301,4.4453125,0.34375,-0.34375,6.297617333009839,-3059.621716255957,0.04513364069831602,2.974713365236918,0.006858088803710416,0.0,0.0,0.0009961890528119301,0.0009961890528119301,0.01784439921266152,0.9791670606613997,0.0009961890528119301
306,2.407342887314909,4.814685774629818,-0.005185247068993871,0.0009960758428483665,4.3359375,-0.515625,0.515625,6.193739750015084,-3205.133018735316,0.044807907341568316,3.186908463637034,0.007882667525943058,0.0,0.0,0.0009960758428483665,0.0009960758428483665,0.0053832952648418045,0.991628512820682,0.0009960758428483665
307,2.407601866446392,4.815203732892784,-0.015619094369082088,0.0009960530939677563,4.0859375,-0.4296875,0.4296875,5.880511291034054,-1840.5041240149465,0.032809572739537315,3.269022842248281,0.007858977691891292,0.0,0.0,0.0009960530939677563,0.0009960530939677563,0.0012306503180937974,0.9957812211937476,0.0009960530939677563
308,2.4077251898987932,4.8154503797975865,-0.007161622481394073,0.0009960485793001845,4.421875,0.09375,-0.09375,6.331664958037436,-3018.9055665980154,0.032818017290516796,3.30493571360906,0.007406045280125302,0.0,0.0,0.0009960485793001845,0.0009960485793001845,0.001238799485700475,0.9957730872260386,0.0009960485793001845
309,2.4078449625682365,4.815689925136473,-0.02164177808261326,0.0009960514901453815,4.4609375,-0.484375,0.484375,6.338258207950275,-4003.8803548820565,0.034779288566258657,3.3460389971733093,0.0072121271514333785,0.0,0.0,0.0009960514901453815,0.0009960514901453815,0.0017072248224482174,0.995304653189437,0.0009960514901453815
310,2.4073532210293096,4.814706442058619,-0.0063994528519733035,0.0009960508972594669,4.328125,0.234375,-0.234375,6.17357212502975,-3147.783919967426,0.03792665800624376,3.3241922855377197,0.0065597670812470215,0.0,0.0,0.0009960508972594669,0.0009960508972594669,0.002758514569166187,0.9942533657869277,0.0009960508972594669
311,2.4058058367246464,4.811611673449293,-0.023634385087024045,0.0009961163170421725,4.1484375,0.3359375,-0.3359375,6.06779658299638,-4521.8001420081855,0.053410001940983165,3.368092974026998,0.006258572412965198,0.0,0.0,0.0009961163170421725,0.0009961163170421725,0.013797185393164317,0.9832144935252303,0.0009961163170421725
312,2.403714342522049,4.807428685044098,-0.009274087660318085,0.000996167628644881,4.296875,0.359375,-0.359375,6.091301000036765,-3559.007251621999,0.0397621190412478,3.3188110987345376,0.006168260617414489,0.0,0.0,0.000996167628644881,0.000996167628644881,0.010793158885895868,0.9862183672189713,0.000996167628644881
313,2.400800470142374,4.801600940284748,-0.019568734778023213,0.0009962108754954333,4.53125,0.625,-0.625,6.375087458000053,-4106.897378295842,0.05127687512029862,3.311612327893575,0.005536212003789842,0.0,0.0,0.0009962108754954333,0.0009962108754954333,0.02648690726872983,0.970524488762021,0.0009962108754954333
314,2.4085724831902207,4.817144966380441,-0.019227893328832735,0.0009962754728931845,4.546875,0.1484375,-0.1484375,6.480827082996257,-3855.744973612249,0.10202631046451449,3.2630049784978232,0.004508583981078118,0.0,0.0,0.0009962754728931845,0.0009962754728931845,0.05415715761538723,0.9428540402419283,0.0009962754728931845
315,2.4223809795036804,4.844761959007361,-0.016135057950679346,0.000996420568619317,4.4375,-0.4765625,0.4765625,6.247375416976865,-4223.2651521288035,0.13169846153149092,3.3020748098691306,0.003936560220608953,0.0,0.0,0.000996420568619317,0.000996420568619317,0.13129756797960151,0.8657131849834859,0.000996420568619317
316,2.4330241259772363,4.8660482519544725,-0.018346675852753173,0.000996480805862314,4.5078125,-0.3203125,0.3203125,6.4663596660248,-4390.894562345829,0.10933502753179657,3.2256333231925964,0.002952150442676308,0.0,0.0,0.000996480805862314,0.000996480805862314,0.1473571876206385,0.8496533879682187,0.000996480805862314
317,2.433563249498988,4.867126498997976,-0.01003692283976126,0.0009965386572539023,4.453125,0.3828125,-0.3828125,6.378041625022888,-4254.4070620401635,0.0976536812162713,3.1301039656003318,0.0018616657616803423,0.0,0.0,0.0009965386572539023,0.0009965386572539023,0.17483325459434765,0.8221771443955062,0.0009965386572539023
318,2.42891411952027,4.85782823904054,-0.015016388771905219,0.0009965615408007232,4.59375,-0.140625,0.140625,6.512668292038143,-3478.8196546725744,0.11233919234249462,3.1173298160235086,0.001525081490399316,0.0,0.0,0.0009965615408007232,0.0009965615408007232,0.2335289604118455,0.7634813725985159,0.0009965615408007232
319,2.4102587765857226,4.820517553171445,-0.019256059815795232,0.0009965087714646356,4.578125,-0.9140625,0.9140625,6.588916209002491,-5417.563710965985,0.1108178501764357,3.1270956794420877,0.0021106474626625036,0.0,0.0,0.0009965087714646356,0.0009965087714646356,0.19051207042237228,0.8064984172235367,0.0009965087714646356
320,2.4035557493513533,4.807111498702707,-0.01425491970192639,0.0009964587107676554,4.453125,-0.5703125,0.5703125,6.372499874967616,-3809.8826540589575,0.15074209220576704,3.1101688543955484,0.003638258650122831,0.0,0.0,0.0009964587107676554,0.0009964587107676554,0.1534923874395246,0.8435182572244422,0.0009964587107676554
321,2.4076648111912577,4.8153296223825155,-0.011652069817176511,0.0009962387825737246,4.3671875,-0.359375,0.359375,6.251143041998148,-3877.201868493379,0.05834647883829362,3.1364466349283853,0.005719226358147959,0.0,0.0,0.0009962387825737246,0.0009962387825737246,0.03039105804528781,0.9666202517912752,0.0009962387825737246
322,2.4093703997283518,4.8187407994567035,-0.007902718176486617,0.0009961551342807385,4.4921875,0.0078125,-0.0078125,6.402838041016366,-3764.337378036495,0.06425746625532275,3.1608402927716575,0.00686701920737202,0.0,0.0,0.0009961551342807385,0.0009961551342807385,0.026626742904924828,0.970384818730147,0.0009961551342807385
323,2.4095642729290487,4.8191285458580975,-0.004958056392516403,0.0009960540431709088,4.34375,-0.2890625,0.2890625,6.20329908299027,-3711.5750668721053,0.03790411486444499,3.256341258684794,0.007209610368590802,0.0,0.0,0.0009960540431709088,0.0009960540431709088,0.0027221826859079837,0.9942896868899572,0.0009960540431709088
324,2.40959670413689,4.81919340827378,-0.013776548199868136,0.0009960501988164404,4.296875,0.140625,-0.140625,6.170010874979198,-4091.0149162889916,0.03533835000612519,3.3298736214637756,0.007863240297107646,0.0,0.0,0.0009960501988164404,0.0009960501988164404,0.0018683352224020794,0.9951435471664776,0.0009960501988164404
325,2.409736242122068,4.819472484244136,-0.016009982194242503,0.0009960483973762686,4.375,0.03125,-0.03125,6.255915999994613,-5243.791274726938,0.03595414822921157,3.3185375134150186,0.006942545044391106,0.0,0.0,0.0009960483973762686,0.0009960483973762686,0.002101197104743083,0.9949106899755341,0.0009960483973762686
326,2.4096619159535964,4.819323831907193,-0.014116633420460918,0.0009960600873455405,4.453125,-0.359375,0.359375,6.329461333982181,-5956.691348832271,0.03877606594510246,3.319749355316162,0.0064501678571105,0.0,0.0,0.0009960600873455405,0.0009960600873455405,0.002851669781171439,0.994160182643355,0.0009960600873455405
327,2.4096154890624675,4.819230978124935,-0.010831272901292543,0.000996046394644889,4.1875,-0.0234375,0.0234375,5.987288624979556,-5719.160960535282,0.03680247093425758,3.3586726983388266,0.005690656059111158,0.0,0.0,0.000996046394644889,0.000996046394644889,0.0024442669760467097,0.9945676262254146,0.000996046394644889
328,2.409450389143684,4.818900778287368,-0.01129772295465411,0.0009960620756854937,4.3125,-0.1875,0.1875,6.159140250005294,-5864.159752556746,0.04227566285787717,3.4202835162480674,0.005967199210620795,0.0,0.0,0.0009960620756854937,0.0009960620756854937,0.004559643045692043,0.9924522015279618,0.0009960620756854937
329,2.4096413956357017,4.819282791271403,-0.0075598237721448795,0.0009960771061865192,4.3828125,0.2421875,-0.2421875,6.211716375022661,-5641.787981468951,0.04397110063947883,3.4891130129496255,0.006509593377510707,0.0,0.0,0.0009960771061865192,0.0009960771061865192,0.0057172279640178925,0.9912945712101439,0.0009960771061865192
330,2.4093341888793676,4.818668377758735,-0.011357882979553301,0.0009960689433458922,4.3125,-0.421875,0.421875,6.326988541986793,-4680.441436217614,0.04327346638951828,3.52727472782135,0.006645762186963111,0.0,0.0,0.0009960689433458922,0.0009960689433458922,0.005243013329269108,0.9917688089004462,0.0009960689433458922
331,2.4090636349821763,4.818127269964353,-0.018041805159073325,0.0009960865476463829,4.4375,-0.1953125,0.1953125,6.299530457996298,-5998.309903820652,0.04850105726829087,3.5105435450871787,0.006350011254350345,0.0,0.0,0.0009960865476463829,0.0009960865476463829,0.008529171075845714,0.9884826020455696,0.0009960865476463829
332,2.4087247816991666,4.817449563398333,-0.006182440391678698,0.0009961054790429435,4.3359375,-0.4375,0.4375,6.132555040996522,-6050.571834989615,0.05256856279867189,3.5731559793154397,0.006580868541883926,0.0,0.0,0.0009961054790429435,0.0009961054790429435,0.011893783264315208,0.985117930120176,0.0009961054790429435
333,2.4081976861344208,4.8163953722688415,-0.018549660916905856,0.0009961199852075169,4.3828125,-0.2578125,0.2578125,6.2197970830020495,-5614.312599304852,0.0551653864549443,3.5989914337793985,0.0063973411452025175,0.0,0.0,0.0009961199852075169,0.0009961199852075169,0.015093772725862868,0.9819178971164791,0.0009961199852075169
334,2.406280806608071,4.812561613216142,-0.01497599563905677,0.0009961454841807276,4.4765625,-0.8984375,0.8984375,6.367816541984212,-4724.895073743934,0.05956375647667815,3.5329827864964805,0.005803207498198996,0.0,0.0,0.0009961454841807276,0.0009961454841807276,0.019800996518593093,0.9772105961777985,0.0009961454841807276
335,2.40360472799979,4.80720945599958,-0.01517917474066999,0.0009962300627867316,4.2109375,-0.3515625,0.3515625,6.065220333985053,-5279.584600076176,0.050497985457058074,3.6038070718447366,0.0064220163427914185,0.0,0.0,0.0009962300627867316,0.0009962300627867316,0.025573505149594403,0.9714378314386494,0.0009962300627867316
336,2.4011651230152253,4.802330246030451,-0.01914121694664147,0.000996238554123943,4.3515625,-0.2734375,0.2734375,6.175006000034045,-6191.329925157613,0.05078982954420136,3.6268962820370994,0.005903024847308795,0.0,0.0,0.000996238554123943,0.000996238554123943,0.025828962771705214,0.9711823458557604,0.000996238554123943
337,2.3989319644173968,4.7978639288347935,-0.011277254658454776,0.000996251621524737,4.375,-0.359375,0.359375,6.167043249995913,-6378.653060413987,0.0809693679413093,3.700965662797292,0.005646061239531264,0.0,0.0,0.000996251621524737,0.000996251621524737,0.0467475198433801,0.9502637540838416,0.000996251621524737
338,2.398690935983524,4.797381871967048,-0.00897200871096088,0.000996294901185201,4.3984375,0.5546875,-0.5546875,6.25767858303152,-7236.657455252161,0.11456818806526928,3.6334968407948813,0.004875654199471076,0.0,0.0,0.000996294901185201,0.000996294901185201,0.058466970339726795,0.9385441704719372,0.000996294901185201
339,2.3999126459593594,4.799825291918719,-0.014915984788475882,0.0009962795665152035,4.3359375,-0.5234375,0.5234375,6.133342667017132,-6337.782327298546,0.10720239613238755,3.598886708418528,0.004728639255821084,0.0,0.0,0.0009962795665152035,0.0009962795665152035,0.068933768280958,0.9280774195638678,0.0009962795665152035
340,2.4026549808965925,4.805309961793185,-0.008730857460265338,0.0009962559938259902,4.2578125,0.140625,-0.140625,6.190897041989956,-6387.086690847793,0.0826453487260626,3.5722609758377075,0.005009715037886053,0.0,0.0,0.0009962559938259902,0.0009962559938259902,0.046151375094078344,0.9508598841107322,0.0009962559938259902
341,2.403620109465186,4.807240218930372,-0.014227273301704218,0.0009962193505487196,4.390625,0.3125,-0.3125,6.236316040973179,-6106.954039675655,0.053938059547246564,3.5293526649475098,0.005009116585521649,0.0,0.0,0.0009962193505487196,0.0009962193505487196,0.039089156635183496,0.9579222103368716,0.0009962193505487196
342,2.4021436079035885,4.804287215807177,-0.015499544774434142,0.0009962442004972458,4.5078125,-0.1953125,0.1953125,6.481297582970001,-4485.493376575996,0.05755208993727661,3.556939681371053,0.0056461051960165305,0.0,0.0,0.0009962442004972458,0.0009962442004972458,0.04487026303072833,0.9521410308029354,0.0009962442004972458
343,2.398144033643015,4.79628806728603,-0.008161417785668933,0.0009962382054617858,4.421875,-0.1640625,0.1640625,6.317615708045196,-5187.396402541558,0.0676459531783531,3.617886225382487,0.005400218680733815,0.0,0.0,0.0009962382054617858,0.0009962382054617858,0.03749534605887913,0.9595159702019457,0.0009962382054617858
344,2.4067447791262646,4.813489558252529,-0.010421513860492096,0.000996305424262557,4.453125,0.4375,-0.4375,6.347708415996749,-5889.366167159052,0.11153746539432752,3.5577393174171448,0.004600011350703426,0.0,0.0,0.000996305424262557,0.000996305424262557,0.0755351787584164,0.9214759304467998,0.000996305424262557
345,2.4313553956853187,4.862710791370637,-0.012600610520602658,0.0009964163787502132,4.5234375,-0.1953125,0.1953125,6.398537250002846,-4604.097819270854,0.14995909673974098,3.5256351629892984,0.0036837643274338916,0.0,0.0,0.0009964163787502132,0.0009964163787502132,0.12734687397705266,0.8696639016628529,0.0009964163787502132
346,2.4371486377859073,4.874297275571815,-0.018671064050578914,0.0009965276323028382,4.671875,-0.3125,0.3125,6.669145083986223,-5072.188676687758,0.11873643667776648,3.4490466912587485,0.001851995890319813,0.0,0.0,0.0009965276323028382,0.0009965276323028382,0.2116632690691361,0.7853471661643764,0.0009965276323028382
347,2.444229697292232,4.888459394584464,-0.021317982322052814,0.0009966235539382873,4.6484375,-0.2421875,0.2421875,6.61180204199627,-6317.934026573053,0.1241753418969006,3.3141701221466064,0.001199212432159887,0.0,0.0,0.0009966235539382873,0.0009966235539382873,0.20834181676697017,0.7886683272121536,0.0009966235539382873
348,2.456895552450068,4.913791104900136,-0.025518087836583245,0.0009968005452017353,4.8046875,-0.03125,0.03125,6.7588560419972055,-7139.165065479021,0.17107292105390773,3.1154445807139077,0.001025607639652056,0.0,0.0,0.0009968005452017353,0.0009968005452017353,0.27634712238777126,0.7206624760871707,0.0009968005452017353
349,2.457422740366357,4.914845480732714,-0.023000448743471857,0.0009968688294369106,4.6875,-0.0546875,0.0546875,6.781512917019427,-6359.947877458055,0.21877094028517605,2.8780574599901834,0.0013011621164575142,0.0,0.0,0.0009968688294369106,0.0009968688294369106,0.3710817368450807,0.6259276478673564,0.0009968688294369106
350,2.4466977602053372,4.8933955204106745,-0.022413048790354554,0.0009968729476289202,4.78125,0.28125,-0.28125,6.787901500007138,-7000.324278671803,0.2039802472161896,2.6981949309508004,0.0016395832960067007,0.0,0.0,0.0009968729476289202,0.0009968729476289202,0.3902328355333713,0.6067765256100078,0.0009968729476289202
351,2.4376616057280804,4.875323211456161,-0.013398593240720364,0.0009968227509542015,4.7109375,-0.21875,0.21875,6.662206500011962,-6254.245555128676,0.156253374977096,2.6882518430550895,0.0027717752382159233,0.0,0.0,0.0009968227509542015,0.0009968227509542015,0.2992189253132503,0.6977905987859989,0.0009968227509542015
352,2.398907954074926,4.797815908149852,-0.010193673122482197,0.0009965651573971242,4.59375,0.078125,-0.078125,6.654913292033598,-4968.766645419966,0.10958224276498872,2.7807128926118216,0.004480502919856614,0.0,0.0,0.0009965651573971242,0.0009965651573971242,0.2123896083970741,0.7846207135080971,0.0009965651573971242
353,2.4053887417379887,4.810777483475977,-0.008933688114566737,0.0009963170015836202,4.5546875,-0.828125,0.828125,6.456464332994074,-8670.571369171126,0.11488138814656444,2.856040100256602,0.005907059472519904,0.0,0.0,0.0009963170015836202,0.0009963170015836202,0.06819566068483922,0.9288154171746205,0.0009963170015836202
354,2.409730006892912,4.819460013785824,-0.01449721011345682,0.0009962239022959978,4.3046875,-0.421875,0.421875,6.084534124995116,-6986.464761757435,0.04907717506406312,3.0779417554537454,0.00974736746866256,0.0,0.0,0.0009962239022959978,0.0009962239022959978,0.03048265631291204,0.9665286997890948,0.0009962239022959978
355,2.4101141909474313,4.820228381894863,-0.01757310161365551,0.0009960772442036145,4.546875,-0.5703125,0.5703125,6.4681257079937495,-4458.876575571558,0.04662404195933612,3.285810093084971,0.010492435617682835,0.0,0.0,0.0009960772442036145,0.0009960772442036145,0.006055108881819532,0.9909566895863444,0.0009960772442036145
356,2.410039097164356,4.820078194328712,-0.013867813118011973,0.000996055486651822,4.5703125,0.6015625,-0.6015625,6.466861374967266,-5369.698213329177,0.03745242019112294,3.3754554986953735,0.009625357808545232,0.0,0.0,0.000996055486651822,0.000996055486651822,0.002551211409159323,0.9944606526285156,0.000996055486651822
357,2.409625224684353,4.819250449368706,-0.012683231653603383,0.000996056895642517,4.4453125,0.03125,-0.03125,6.287959375011269,-5888.718955605687,0.03827211453279837,3.431042790412903,0.009187083730163673,0.0,0.0,0.000996056895642517,0.000996056895642517,0.00279349781288839,0.9942183647507733,0.000996056895642517
358,2.4070939853575917,4.814187970715183,-0.013172174307994812,0.0009960560347514315,4.4765625,0.515625,-0.515625,6.451770125015173,-6385.914513774344,0.03866441794272909,3.41896382967631,0.00791525567183271,0.0,0.0,0.0009960560347514315,0.0009960560347514315,0.0038379888209948286,0.9931738747976213,0.0009960560347514315
359,2.4034557230347,4.8069114460694,-0.012557899521598496,0.0009961611010424038,4.46875,-0.140625,0.140625,6.422730542020872,-5947.226535166086,0.050088645688460005,3.4498388270537057,0.00785176888651525,0.0,0.0,0.0009961611010424038,0.0009961611010424038,0.02024167098945098,0.9767698760737072,0.0009961611010424038
360,2.4203639699825255,4.840727939965051,-0.020814612169449687,0.000996223936377185,4.4375,-0.15625,0.15625,6.381637667014729,-4298.245638872399,0.05827349857230422,3.477082629998525,0.008126293832901865,0.0,0.0,0.000996223936377185,0.000996223936377185,0.023062583182661297,0.9739487729441951,0.000996223936377185
361,2.4395997979885893,4.879199595977179,-0.014043505974244362,0.0009964440614567138,4.5,-0.1953125,0.1953125,6.5322594590252265,-7837.897128326249,0.12495931296143681,3.3086302081743875,0.005246241407197279,0.0,0.0,0.0009964440614567138,0.0009964440614567138,0.1565054326935448,0.8405052564638835,0.0009964440614567138
362,2.44050471897258,4.88100943794516,-0.020468059917185037,0.0009965867110832522,4.875,0.0625,-0.0625,6.890333499992266,-7572.871764043409,0.11076670065999795,3.1745214462280273,0.0029705590034912652,0.0,0.0,0.0009965867110832522,0.0009965867110832522,0.1954908446656564,0.8015194074872013,0.0009965867110832522
363,2.4303672628517647,4.8607345257035295,-0.01691330230872452,0.0009965897964624066,4.546875,-1.2421875,1.2421875,6.565035792009439,-7645.468564939628,0.11381983825508057,3.135867158571879,0.0023147777131574307,0.0,0.0,0.0009965897964624066,0.0009965897964624066,0.21943438951449334,0.7775758544282741,0.0009965897964624066
364,2.396967251655124,4.793934503310248,-0.013707818166835545,0.0009964465312346691,4.6484375,-1.171875,1.171875,6.720500416995492,-9111.407518754397,0.10718583541632701,3.1538816690444946,0.0032509695544528463,0.0,0.0,0.0009964465312346691,0.0009964465312346691,0.15404863868069155,0.8429620420442847,0.0009964465312346691
365,2.405100562835572,4.810201125671144,-0.019336357279253893,0.0009962868986446208,4.328125,-0.2421875,0.2421875,6.214920083992183,-8829.489750604045,0.10017054229436799,3.3090288241704306,0.005575781125420083,0.0,0.0,0.0009962868986446208,0.0009962868986446208,0.04590940679337775,0.9511017580760394,0.0009962868986446208
366,2.4082012987591033,4.8164025975182065,-0.008718497180066476,0.0009962034011402224,4.59375,0.4921875,-0.4921875,6.61443675000919,-6665.875536741388,0.04596955931054897,3.3797319531440735,0.00738369463942945,0.0,0.0,0.0009962034011402224,0.0009962034011402224,0.025563382778235957,0.9714480356192913,0.0009962034011402224
367,2.407591253612744,4.815182507225488,-0.02153649733940902,0.0009961322900331156,4.296875,-0.7265625,0.7265625,6.14612049999414,-4967.451251201048,0.04839832721786066,3.4210980037848153,0.008225406112615019,0.0,0.0,0.0009961322900331156,0.0009961322900331156,0.011311382826587016,0.9857002516226335,0.0009961322900331156
368,2.4015932151610437,4.8031864303220875,-0.009459626039354619,0.000996147011985996,4.546875,0.6875,-0.6875,6.523410417023115,-4339.079088686089,0.04818018718504209,3.4845357537269592,0.008531865450398376,0.0,0.0,0.000996147011985996,0.000996147011985996,0.013375862873210556,0.9836357249222261,0.000996147011985996
369,2.4414861489618707,4.882972297923741,-0.009711096596150217,0.000996224114852907,4.328125,-0.515625,0.515625,6.2481034160009585,-3901.5166763034213,0.054160516110622066,3.4500630100568137,0.0071531171367193265,0.0,0.0,0.000996224114852907,0.000996224114852907,0.039889593992595784,0.9571217599775413,0.000996224114852907
370,2.486572316467881,4.973144632935762,-0.016447215177812113,0.0009965862516919455,4.78125,-0.75,0.75,6.776431832986418,-7914.882769071439,0.11856949294071181,3.29778254032135,0.0034173750997676202,0.0,0.0,0.0009965862516919455,0.0009965862516919455,0.25718212882368796,0.7398281201681813,0.0009965862516919455
371,2.5980248842317866,5.196049768463573,-0.014868537293089172,0.0009968536378169484,4.7734375,-0.40625,0.40625,6.7453490409534425,-9305.246428535926,0.22976084463847055,3.0360229710737863,-0.00040643580238490057,0.0,0.0,0.0009968536378169484,0.0009968536378169484,0.4506323876948463,0.5463770373725163,0.0009968536378169484
372,2.6034300386789075,5.206860077357815,-0.02559472682289311,0.000996630121561967,4.828125,-0.5703125,0.5703125,6.866980374965351,-8175.108267580425,0.19805868781355593,2.85706893603007,-0.002205361277447082,0.0,0.0,0.000996630121561967,0.000996630121561967,0.9120093807336968,0.08500069476555562,0.000996630121561967
373,2.6040504139882197,5.208100827976439,-0.028266820220301907,0.0009960159699782165,4.953125,-0.4140625,0.4140625,6.994943082972895,-5014.283856400926,0.03151305019855499,2.691096693277359,-0.0016555360319519725,0.0,0.0,0.0009960159699782165,0.0009960159699782165,0.9960158467292786,0.0009960159699782165,0.0009960159699782165
374,2.604705805716782,5.209411611433564,-0.02471029122311741,0.0009960159659385681,4.8203125,-0.3046875,0.3046875,6.7970401250058785,-5846.425122265684,0.03151305019855499,2.5509923696517944,-0.0008843328857134717,0.0,0.0,0.0009960159659385681,0.0009960159659385681,0.9960158467292786,0.0009960159659385681,0.0009960159659385681
375,2.605278059726085,5.21055611945217,-0.01789223709428272,0.0009960159659385681,4.9296875,0.609375,-0.609375,7.091625791043043,-3987.3894231950426,0.03151305019855499,2.487716128428777,-0.0006418506563932169,0.0,0.0,0.0009960159659385681,0.0009960159659385681,0.9960158467292786,0.0009960159659385681,0.0009960159659385681
376,2.605972183983398,5.211944367966796,-0.03286950313992766,0.0009960159659385681,4.78125,0.1875,-0.1875,6.899559249985032,-6414.657181546579,0.03151305019855499,2.5220661958058677,-0.0003444264948484488,0.0,0.0,0.0009960159659385681,0.0009960159659385681,0.9960158467292786,0.0009960159659385681,0.0009960159659385681
377,2.6066101498506415,5.213220299701283,-0.022973802310097918,0.0009960159659385681,4.859375,-0.7578125,0.7578125,6.881296125007793,-7788.424064059733,0.03151305019855499,2.4737038612365723,-0.00017184587947364585,0.0,0.0,0.0009960159659385681,0.0009960159659385681,0.9960158467292786,0.0009960159659385681,0.0009960159659385681
378,2.6070227582494327,5.2140455164988655,-0.021005089595214133,0.0009960159659385681,4.7734375,0.234375,-0.234375,6.7682521670358256,-6427.216276128242,0.03151305019855499,2.471248875061671,-0.0001973292904343301,0.0,0.0,0.0009960159659385681,0.0009960159659385681,0.9960158467292786,0.0009960159659385681,0.0009960159659385681
379,2.607370786503263,5.214741573006526,-0.011585810423535866,0.0009960159659385681,4.65625,-1.0078125,1.0078125,6.623468709003646,-7440.575626526903,0.03151305019855499,2.499033679564794,-0.0004676503158407286,0.0,0.0,0.0009960159659385681,0.0009960159659385681,0.9960158467292786,0.0009960159659385681,0.0009960159659385681
380,2.607814742795262,5.215629485590524,-0.02597146060136769,0.0009960159659385681,4.828125,0.328125,-0.328125,6.832585250027478,-4870.02636099016,0.03151305019855499,2.536778231461843,-0.0005385675807095444,0.0,0.0,0.0009960159659385681,0.0009960159659385681,0.9960158467292786,0.0009960159659385681,0.0009960159659385681
381,2.6082809108333516,5.216561821666703,-0.023752406169382387,0.0009960159659385681,4.8671875,-0.328125,0.328125,6.936670583032537,-6767.0313773606795,0.03151305019855499,2.483926147222519,-0.00044026360531764414,0.0,0.0,0.0009960159659385681,0.0009960159659385681,0.9960158467292786,0.0009960159659385681,0.0009960159659385681
382,2.6087366126286016,5.217473225257203,-0.023385950293696896,0.0009960159659385681,4.75,0.140625,-0.140625,6.734909125021659,-4874.227126121521,0.03151305019855499,2.5201998253663382,-9.833376437503223e-05,0.0,0.0,0.0009960159659385681,0.0009960159659385681,0.9960158467292786,0.0009960159659385681,0.0009960159659385681
383,2.609106662105047,5.218213324210094,-0.021221368020236508,0.0009960159659385681,4.890625,0.640625,-0.640625,6.8814159170142375,-5982.983026839674,0.03151305019855499,2.513518194357554,-0.0001355196897444936,0.0,0.0,0.0009960159659385681,0.0009960159659385681,0.9960158467292786,0.0009960159659385681,0.0009960159659385681
384,2.609536603183484,5.219073206366968,-0.01577366206277855,0.0009960159659385681,4.8984375,-0.375,0.375,6.914962916984223,-5503.592814285789,0.03151305019855499,2.5007659196853638,-0.0002092229830547391,0.0,0.0,0.0009960159659385681,0.0009960159659385681,0.9960158467292786,0.0009960159659385681,0.0009960159659385681
385,2.6097592681333674,5.219518536266735,-0.018699172444168754,0.0009960159659385681,4.8671875,0.25,-0.25,7.01203695795266,-7375.022855326988,0.03151305019855499,2.483135571082433,-0.0002584262025872401,0.0,0.0,0.0009960159659385681,0.0009960159659385681,0.9960158467292786,0.0009960159659385681,0.0009960159659385681
386,2.610047634218049,5.220095268436098,-0.034978177279324514,0.0009960159659385681,4.90625,0.0625,-0.0625,7.024830790993292,-7578.760432431653,0.03151305019855499,2.5239042242368064,-0.0006223930334575319,0.0,0.0,0.0009960159659385681,0.0009960159659385681,0.9960158467292786,0.0009960159659385681,0.0009960159659385681
387,2.6104638363945747,5.220927672789149,-0.013568901708177783,0.0009960159659385681,4.8046875,0.09375,-0.09375,6.750558208033908,-7793.331053422137,0.03151305019855499,2.532798041899999,-0.0006382949844313165,0.0,0.0,0.0009960159659385681,0.0009960159659385681,0.9960158467292786,0.0009960159659385681,0.0009960159659385681
388,2.610944768216528,5.221889536433056,-0.014091034842433773,0.0009960159659385681,4.8046875,-0.21875,0.21875,6.855031708953902,-9234.56236748424,0.03151305019855499,2.5709027151266732,-0.0007834718974966867,0.0,0.0,0.0009960159659385681,0.0009960159659385681,0.9960158467292786,0.0009960159659385681,0.0009960159659385681
389,2.6113350508209656,5.222670101641931,-0.016649186363030036,0.0009960159659385681,4.8828125,-0.2109375,0.2109375,6.863705417024903,-8264.683111828614,0.03151305019855499,2.573732316493988,-0.0007728534934964652,0.0,0.0,0.0009960159659385681,0.0009960159659385681,0.9960158467292786,0.0009960159659385681,0.0009960159659385681
390,2.611765560311781,5.223531120623562,-0.01938559624767765,0.0009960159659385681,4.9921875,-0.5625,0.5625,6.994315417017788,-9901.079318158503,0.03151305019855499,2.605526109536489,-0.0006314991496765288,0.0,0.0,0.0009960159659385681,0.0009960159659385681,0.9960158467292786,0.0009960159659385681,0.0009960159659385681
391,2.612247734365725,5.22449546873145,-0.023084991995947404,0.0009960159659385681,4.7890625,-0.1640625,0.1640625,6.826289375021588,-9726.086699418882,0.03151305019855499,2.561190982659658,-0.0005915565382868712,0.0,0.0,0.0009960159659385681,0.0009960159659385681,0.9960158467292786,0.0009960159659385681,0.0009960159659385681
392,2.6127357760916428,5.2254715521832855,-0.01498995189397379,0.0009960159659385681,4.8515625,-0.125,0.125,6.880149166972842,-7739.040199279785,0.03151305019855499,2.5621638695398965,-0.0006968993261864398,0.0,0.0,0.0009960159659385681,0.0009960159659385681,0.9960158467292786,0.0009960159659385681,0.0009960159659385681
393,2.6130708074628446,5.226141614925689,-0.016463679515600797,0.0009960159659385681,4.703125,-0.984375,0.984375,6.673885292024352,-9654.955879110039,0.03151305019855499,2.591382145881653,-0.0005779442957039768,0.0,0.0,0.0009960159659385681,0.0009960159659385681,0.9960158467292786,0.0009960159659385681,0.0009960159659385681
394,2.6134538945511503,5.226907789102301,-0.015113261352588619,0.0009960159659385681,4.8203125,0.09375,-0.09375,6.93071670801146,-8657.753529738762,0.03151305019855499,2.5645139614741006,-0.0009423146372379657,0.0,0.0,0.0009960159659385681,0.0009960159659385681,0.9960158467292786,0.0009960159659385681,0.0009960159659385681
395,2.6137532311333302,5.2275064622666605,-0.013962178485729263,0.0009960159659385681,4.9375,0.15625,-0.15625,6.988177083025221,-10241.356438334984,0.03151305019855499,2.511141300201416,-0.000959348300966667,0.0,0.0,0.0009960159659385681,0.0009960159659385681,0.9960158467292786,0.0009960159659385681,0.0009960159659385681
396,2.614022381479258,5.228044762958516,-0.03939461185904386,0.0009960159659385681,4.8984375,0.265625,-0.265625,6.995059041946661,-10332.808759710626,0.03151305019855499,2.6209924618403115,-0.0007677136600250378,0.0,0.0,0.0009960159659385681,0.0009960159659385681,0.9960158467292786,0.0009960159659385681,0.0009960159659385681
397,2.614141898562057,5.228283797124114,-0.02061128537692477,0.0009960159659385681,4.734375,-0.25,0.25,6.710577749996446,-9672.091473683273,0.03151305019855499,2.6171370446681976,-0.0008438510564398408,0.0,0.0,0.0009960159659385681,0.0009960159659385681,0.9960158467292786,0.0009960159659385681,0.0009960159659385681
398,2.6142665823093116,5.228533164618623,-0.017796632272356196,0.0009960159659385681,4.65625,-0.046875,0.046875,6.6100401660078205,-7336.56205264354,0.03151305019855499,2.5673523247241974,-0.000765831185465989,0.0,0.0,0.0009960159659385681,0.0009960159659385681,0.9960158467292786,0.0009960159659385681,0.0009960159659385681
399,2.6142611289715907,5.228522257943181,-0.025905458234364163,0.0009960159659385681,4.8203125,-0.0546875,0.0546875,6.777119792008307,-8695.190789270633,0.03151305019855499,2.512862116098404,-0.0006905201911043454,0.0,0.0,0.0009960159659385681,0.0009960159659385681,0.9960158467292786,0.0009960159659385681,0.0009960159659385681
400,2.6141111300706763,5.228222260141353,-0.023354648179334827,0.0009960159659385681,4.8359375,-0.0390625,0.0390625,6.827230249997228,-9701.447944443908,0.03151305019855499,2.5161399046579995,-0.00043464450815614936,0.0,0.0,0.0009960159659385681,0.0009960159659385681,0.9960158467292786,0.0009960159659385681,0.0009960159659385681
401,2.6141841111462716,5.228368222292543,-0.01639202764815672,0.0009960159659385681,4.796875,1.0,-1.0,6.865568167006131,-9629.16644590297,0.03151305019855499,2.5249575773874917,-0.0003237361427939807,0.0,0.0,0.0009960159659385681,0.0009960159659385681,0.9960158467292786,0.0009960159659385681,0.0009960159659385681
402,2.6142393007348064,5.228478601469613,-0.01782457427007439,0.0009960159659385681,4.84375,0.1171875,-0.1171875,6.833527082984801,-6354.831407337804,0.03151305019855499,2.5308269262313843,-0.0005652204551248966,0.0,0.0,0.0009960159659385681,0.0009960159659385681,0.9960158467292786,0.0009960159659385681,0.0009960159659385681
403,2.614466173776653,5.228932347553306,-0.032840936181198474,0.0009960159659385681,4.7890625,-0.2734375,0.2734375,6.858677708019968,-8573.992469152852,0.03151305019855499,2.5849777162075043,-0.0005611377500069162,0.0,0.0,0.0009960159659385681,0.0009960159659385681,0.9960158467292786,0.0009960159659385681,0.0009960159659385681
404,2.6147954747432403,5.2295909494864805,-0.016560291012788782,0.0009960159659385681,4.828125,-0.296875,0.296875,6.822933457966428,-8199.63652892869,0.03151305019855499,2.6129933098951974,-0.0004294089206572001,0.0,0.0,0.0009960159659385681,0.0009960159659385681,0.9960158467292786,0.0009960159659385681,0.0009960159659385681
405,2.6151196192649886,5.230239238529977,-0.01564634238187541,0.0009960159659385681,4.9609375,0.2578125,-0.2578125,6.993437917029951,-8552.088810357522,0.03151305019855499,2.6085596680641174,-0.00022501432613353245,0.0,0.0,0.0009960159659385681,0.0009960159659385681,0.9960158467292786,0.0009960159659385681,0.0009960159659385681
406,2.615431705380229,5.230863410760458,-0.01445203240815055,0.0009960159659385681,4.6953125,-0.703125,0.703125,6.60564466699725,-8258.403149292195,0.03151305019855499,2.591345558563868,-0.0006041716775750198,0.0,0.0,0.0009960159659385681,0.0009960159659385681,0.9960158467292786,0.0009960159659385681,0.0009960159659385681
407,2.6156225456818447,5.231245091363689,-0.0176354355350539,0.0009960159659385681,5.078125,-0.7109375,0.7109375,7.320124667021446,-7611.126358196552,0.03151305019855499,2.5815800726413727,-0.0004478936510471006,0.0,0.0,0.0009960159659385681,0.0009960159659385681,0.9960158467292786,0.0009960159659385681,0.0009960159659385681
408,2.6158683893997843,5.2317367787995686,-0.02795245479403862,0.0009960159659385681,4.7890625,0.53125,-0.53125,6.884099084010813,-10519.506848035007,0.03151305019855499,2.583826790253321,-0.0005430935755915319,0.0,0.0,0.0009960159659385681,0.0009960159659385681,0.9960158467292786,0.0009960159659385681,0.0009960159659385681
409,2.6161878467723385,5.232375693544677,-0.014132562575608038,0.0009960159659385681,4.7890625,0.5234375,-0.5234375,6.844930250023026,-9958.090396103229,0.03151305019855499,2.6046016812324524,-0.0008636811714192542,0.0,0.0,0.0009960159659385681,0.0009960159659385681,0.9960158467292786,0.0009960159659385681,0.0009960159659385681
410,2.616510421911809,5.233020843823618,-0.013207121969223376,0.0009960159659385681,4.8828125,-0.03125,0.03125,7.0134613330010325,-8504.382682373047,0.03151305019855499,2.736473560333252,-0.0008086822660213026,0.0,0.0,0.0009960159659385681,0.0009960159659385681,0.9960158467292786,0.0009960159659385681,0.0009960159659385681
411,2.6167604671356113,5.233520934271223,-0.007958364099026278,0.0009960159659385681,5.0390625,0.546875,-0.546875,7.261920749966521,-11876.019494983762,0.03151305019855499,2.663486987352371,-0.0008562650909880176,0.0,0.0,0.0009960159659385681,0.0009960159659385681,0.9960158467292786,0.0009960159659385681,0.0009960159659385681
412,2.6170639686886172,5.2341279373772345,-0.01893288565252996,0.0009960159659385681,4.8046875,-0.7421875,0.7421875,6.885774958005641,-8984.56479931343,0.03151305019855499,2.611988842487335,-0.0008018527326688248,0.0,0.0,0.0009960159659385681,0.0009960159659385681,0.9960158467292786,0.0009960159659385681,0.0009960159659385681
413,2.617297742498902,5.234595484997804,-0.024237949324474487,0.0009960159659385681,4.9453125,-0.515625,0.515625,7.0818042090395465,-9003.805937491323,0.03151305019855499,2.6083776652812958,-0.0009816084300856194,0.0,0.0,0.0009960159659385681,0.0009960159659385681,0.9960158467292786,0.0009960159659385681,0.0009960159659385681
414,2.617439132568364,5.234878265136728,-0.02510628197678445,0.0009960159659385681,5.015625,0.65625,-0.65625,7.164101750007831,-14290.772864344706,0.03151305019855499,2.639485518137614,-0.001110585323961762,0.0,0.0,0.0009960159659385681,0.0009960159659385681,0.9960158467292786,0.0009960159659385681,0.0009960159659385681
415,2.6175245454308227,5.235049090861645,-0.018832807529621368,0.0009960159659385681,4.8671875,0.0703125,-0.0703125,6.9135009159799665,-9553.587376234811,0.03151305019855499,2.6447390715281167,-0.0010641475212954294,0.0,0.0,0.0009960159659385681,0.0009960159659385681,0.9960158467292786,0.0009960159659385681,0.0009960159659385681
416,2.617656546752137,5.235313093504274,-0.008308119534873492,0.0009960159659385681,4.90625,0.5234375,-0.5234375,7.030917333031539,-10542.404705387771,0.03151305019855499,2.6673808495203652,-0.0010397631316057716,0.0,0.0,0.0009960159659385681,0.0009960159659385681,0.9960158467292786,0.0009960159659385681,0.0009960159659385681
417,2.6177260076295825,5.235452015259165,-0.017307520349760734,0.0009960159659385681,4.7890625,-0.328125,0.328125,6.878712750039995,-10904.924861092746,0.03151305019855499,2.6064943770567575,-0.001093609551996148,0.0,0.0,0.0009960159659385681,0.0009960159659385681,0.9960158467292786,0.0009960159659385681,0.0009960159659385681
418,2.6178318087445924,5.235663617489185,-0.008515042908459114,0.0009960159659385681,4.765625,0.1640625,-0.1640625,6.933448124967981,-8526.577539112528,0.03151305019855499,2.5781688392162323,-0.0012266670552586827,0.0,0.0,0.0009960159659385681,0.0009960159659385681,0.9960158467292786,0.0009960159659385681,0.0009960159659385681
419,2.6179348288106024,5.235869657621205,-0.016888524986293986,0.0009960159659385681,4.859375,-0.1875,0.1875,6.871942083991598,-10636.12277415481,0.03151305019855499,2.5947932302951813,-0.0010830132038487743,0.0,0.0,0.0009960159659385681,0.0009960159659385681,0.9960158467292786,0.0009960159659385681,0.0009960159659385681
420,2.6181352232140025,5.236270446428005,-0.012728544849751939,0.0009960159659385681,4.6796875,0.140625,-0.140625,6.815767791995313,-10821.908302905762,0.03151305019855499,2.6351460913817086,-0.0008926825542706259,0.0,0.0,0.0009960159659385681,0.0009960159659385681,0.9960158467292786,0.0009960159659385681,0.0009960159659385681
421,2.6184135288527144,5.236827057705429,-0.010575544203243956,0.0009960159659385681,4.859375,0.125,-0.125,6.887269083003048,-7782.067448435106,0.03151305019855499,2.611431837081909,-0.0008006450128353512,0.0,0.0,0.0009960159659385681,0.0009960159659385681,0.9960158467292786,0.0009960159659385681,0.0009960159659385681
422,2.6186268626419054,5.237253725283811,-0.020114098225348903,0.0009960159659385681,4.7578125,-1.0625,1.0625,6.693339999997988,-8824.799998842436,0.03151305019855499,2.6374436716238656,-0.001032253067023703,0.0,0.0,0.0009960159659385681,0.0009960159659385681,0.9960158467292786,0.0009960159659385681,0.0009960159659385681
423,2.6188912810281897,5.237782562056379,-0.014317031246462693,0.0009960159659385681,4.8359375,-0.28125,0.28125,6.890377625008114,-9697.628773875691,0.03151305019855499,2.6226614713668823,-0.0010391531293786709,0.0,0.0,0.0009960159659385681,0.0009960159659385681,0.9960158467292786,0.0009960159659385681,0.0009960159659385681
424,2.619255987598282,5.238511975196564,-0.015637146947266135,0.0009960159659385681,4.828125,0.2265625,-0.2265625,6.870178000011947,-9009.384447066916,0.03151305019855499,2.6824715634187064,-0.0009344544778286945,0.0,0.0,0.0009960159659385681,0.0009960159659385681,0.9960158467292786,0.0009960159659385681,0.0009960159659385681
425,2.619332841904541,5.238665683809082,-0.02213023672633911,0.0009960159659385681,4.921875,0.28125,-0.28125,7.543231791991275,-9492.356776476663,0.03151305019855499,2.6546124815940857,-0.0009779077120886843,0.0,0.0,0.0009960159659385681,0.0009960159659385681,0.9960158467292786,0.0009960159659385681,0.0009960159659385681
426,2.619384035861658,5.238768071723316,-0.011944288754606265,0.0009960159659385681,4.7890625,0.15625,-0.15625,6.781609540979844,-7205.493704119086,0.03151305019855499,2.7216535409291587,-0.0009387186934570005,0.0,0.0,0.0009960159659385681,0.0009960159659385681,0.9960158467292786,0.0009960159659385681,0.0009960159659385681
427,2.6194559304343787,5.2389118608687575,-0.015632415856643985,0.0009960159659385681,4.640625,-1.4296875,1.4296875,6.639351749967318,-7532.007664073597,0.03151305019855499,2.720375577608744,-0.0010726744409718474,0.0,0.0,0.0009960159659385681,0.0009960159659385681,0.9960158467292786,0.0009960159659385681,0.0009960159659385681
428,2.619512596449696,5.239025192899392,-0.011976047616241613,0.0009960159659385681,4.7734375,0.2109375,-0.2109375,6.761707958998159,-7549.681570074952,0.03151305019855499,2.761852413415909,-0.0009441063777556972,0.0,0.0,0.0009960159659385681,0.0009960159659385681,0.9960158467292786,0.0009960159659385681,0.0009960159659385681
429,2.619695209466765,5.23939041893353,-0.011232185289609588,0.0009960159659385681,4.890625,-0.1328125,0.1328125,7.041189667012077,-7649.540498483676,0.03151305019855499,2.7081010043621063,-0.0008540372897793228,0.0,0.0,0.0009960159659385681,0.0009960159659385681,0.9960158467292786,0.0009960159659385681,0.0009960159659385681
430,2.6198542401145213,5.239708480229043,-0.008724397133557703,0.0009960159659385681,4.8046875,0.265625,-0.265625,6.765402042015921,-10405.896403937611,0.03151305019855499,2.7007675170898438,-0.0012532085244553552,0.0,0.0,0.0009960159659385681,0.0009960159659385681,0.9960158467292786,0.0009960159659385681,0.0009960159659385681
431,2.6200945143762784,5.240189028752557,-0.009975417555830401,0.0009960159659385681,4.8125,-0.453125,0.453125,6.749751292052679,-7502.533791034252,0.03151305019855499,2.7350107232729592,-0.0012991291696380358,0.0,0.0,0.0009960159659385681,0.0009960159659385681,0.9960158467292786,0.0009960159659385681,0.0009960159659385681
432,2.62004652421731,5.24009304843462,-0.018736485507436257,0.0009960159659385681,4.8828125,-0.1953125,0.1953125,6.864335207967088,-12404.214922558594,0.03151305019855499,2.77225794394811,-0.001047812952795842,0.0,0.0,0.0009960159659385681,0.0009960159659385681,0.9960158467292786,0.0009960159659385681,0.0009960159659385681
433,2.6201127696507855,5.240225539301571,-0.015877322325802797,0.0009960159659385681,4.765625,0.4765625,-0.4765625,6.780589125002734,-10606.726368163061,0.03151305019855499,2.7738701601823172,-0.0010951775911962613,0.0,0.0,0.0009960159659385681,0.0009960159659385681,0.9960158467292786,0.0009960159659385681,0.0009960159659385681
434,2.620150850720201,5.240301701440402,-0.019143970479577364,0.0009960159659385681,4.7890625,0.1328125,-0.1328125,6.749417042010464,-13136.024655191195,0.03151305019855499,2.816097358862559,-0.001361362322010488,0.0,0.0,0.0009960159659385681,0.0009960159659385681,0.9960158467292786,0.0009960159659385681,0.0009960159659385681
435,2.6202126466854008,5.2404252933708015,-0.019727291790053083,0.0009960159659385681,4.984375,0.5390625,-0.5390625,6.985937584016938,-14783.22996669279,0.03151305019855499,2.7797077894210815,-0.0013929517578314214,0.0,0.0,0.0009960159659385681,0.0009960159659385681,0.9960158467292786,0.0009960159659385681,0.0009960159659385681
436,2.6201806991203123,5.2403613982406245,-0.011246193706385058,0.0009960159659385681,4.75,-0.0234375,0.0234375,6.740852750022896,-15988.30231659036,0.03151305019855499,2.7683033545811973,-0.0013862150778246967,0.0,0.0,0.0009960159659385681,0.0009960159659385681,0.9960158467292786,0.0009960159659385681,0.0009960159659385681
437,2.620242917117345,5.24048583423469,-0.0164389150680275,0.0009960159659385681,4.7109375,-0.5390625,0.5390625,6.710750625003129,-11211.76140783003,0.03151305019855499,2.7985028624534607,-0.0016343554913570795,0.0,0.0,0.0009960159659385681,0.0009960159659385681,0.9960158467292786,0.0009960159659385681,0.0009960159659385681
438,2.620328570293747,5.240657140587494,-0.00568057994393221,0.0009960159659385681,4.734375,0.171875,-0.171875,6.748070999979973,-13905.840329211143,0.03151305019855499,2.7989248236020408,-0.0015913755657190147,0.0,0.0,0.0009960159659385681,0.0009960159659385681,0.9960158467292786,0.0009960159659385681,0.0009960159659385681
439,2.620420042572804,5.240840085145608,-0.02136020121985548,0.0009960159659385681,4.7578125,-0.0703125,0.0703125,6.756207792030182,-13653.346520860794,0.03151305019855499,2.729486475388209,-0.0016126356501141952,0.0,0.0,0.0009960159659385681,0.0009960159659385681,0.9960158467292786,0.0009960159659385681,0.0009960159659385681
440,2.6205179405222396,5.241035881044479,-0.007676608572021381,0.0009960159659385681,4.7578125,0.375,-0.375,6.695823958027177,-14648.795156394319,0.03151305019855499,2.7742425203323364,-0.0016098443272009415,0.0,0.0,0.0009960159659385681,0.0009960159659385681,0.9960158467292786,0.0009960159659385681,0.0009960159659385681
441,2.6205020887479793,5.241004177495959,-0.006004665966970597,0.0009960159659385681,4.78125,0.5,-0.5,6.711338708002586,-12205.825627445396,0.03151305019855499,2.8660932977994285,-0.0015113336169937004,0.0,0.0,0.0009960159659385681,0.0009960159659385681,0.9960158467292786,0.0009960159659385681,0.0009960159659385681
442,2.6203784559378196,5.240756911875639,-0.001953248991187364,0.0009960159659385681,4.828125,0.21875,-0.21875,6.8333379160030745,-14199.614768241216,0.03151305019855499,2.8430552085240683,-0.0012622518891779084,0.0,0.0,0.0009960159659385681,0.0009960159659385681,0.9960158467292786,0.0009960159659385681,0.0009960159659385681
443,2.6202736826175115,5.240547365235023,-0.009828404329835595,0.0009960159659385681,4.7109375,-0.125,0.125,6.656592249986716,-15814.032519667895,0.03151305019855499,2.8169085582097373,-0.0016144999735843157,0.0,0.0,0.0009960159659385681,0.0009960159659385681,0.9960158467292786,0.0009960159659385681,0.0009960159659385681
444,2.620291835278965,5.24058367055793,-0.009953529649582737,0.0009960159659385681,4.8125,-0.734375,0.734375,6.758716000011191,-16464.022447115414,0.03151305019855499,2.7466509143511453,-0.001356388939863488,0.0,0.0,0.0009960159659385681,0.0009960159659385681,0.9960158467292786,0.0009960159659385681,0.0009960159659385681
445,2.6203914262739487,5.240782852547897,-0.009377658315052032,0.0009960159659385681,4.984375,-0.453125,0.453125,7.076717000047211,-17191.457132632455,0.03151305019855499,2.742079903682073,-0.0012743659541835466,0.0,0.0,0.0009960159659385681,0.0009960159659385681,0.9960158467292786,0.0009960159659385681,0.0009960159659385681
446,2.620655465156455,5.24131093031291,-0.011780891248472905,0.0009960159659385681,4.734375,0.7265625,-0.7265625,6.824652209004853,-17776.70368086308,0.03151305019855499,2.7923853000005088,-0.0013997968101951603,0.0,0.0,0.0009960159659385681,0.0009960159659385681,0.9960158467292786,0.0009960159659385681,0.0009960159659385681
447,2.6209325387468185,5.241865077493637,-0.0041959549531307505,0.0009960159659385681,4.7578125,-0.359375,0.359375,6.7873642920167185,-19113.12831346233,0.03151305019855499,2.744431992371877,-0.0012018603956676088,0.0,0.0,0.0009960159659385681,0.0009960159659385681,0.9960158467292786,0.0009960159659385681,0.0009960159659385681
448,2.6208868560869227,5.2417737121738455,-0.015058145256339892,0.0009960159659385681,5.0390625,-0.3671875,0.3671875,7.082502999983262,-15070.870383376483,0.03151305019855499,2.7629566391309104,-0.0013003516335932848,0.0,0.0,0.0009960159659385681,0.0009960159659385681,0.9960158467292786,0.0009960159659385681,0.0009960159659385681
449,2.620902037628232,5.241804075256464,-0.008805835027726767,0.0009960159659385681,4.9765625,-0.2265625,0.2265625,7.087498958047945,-11882.980305837873,0.03151305019855499,2.839606136083603,-0.0012115835343138315,0.0,0.0,0.0009960159659385681,0.0009960159659385681,0.9960158467292786,0.0009960159659385681,0.0009960159659385681
450,2.6209537912789065,5.241907582557813,-0.010258882948841162,0.0009960159659385681,4.828125,-0.65625,0.65625,6.796269415994175,-12887.35933406299,0.03151305019855499,2.8478481272856393,-0.001311741376412101,0.0,0.0,0.0009960159659385681,0.0009960159659385681,0.9960158467292786,0.0009960159659385681,0.0009960159659385681
451,2.620977358442502,5.241954716885004,-0.006371414173775989,0.0009960159659385681,4.7890625,-0.0625,0.0625,6.865313375019468,-13211.338278093695,0.03151305019855499,2.7878875732421875,-0.0011162232834370418,0.0,0.0,0.0009960159659385681,0.0009960159659385681,0.9960158467292786,0.0009960159659385681,0.0009960159659385681
452,2.6210008974783605,5.242001794956721,-0.0069420279480704025,0.0009960159659385681,4.7890625,-0.4609375,0.4609375,6.778824042004999,-13849.418832452224,0.03151305019855499,2.8019176721572876,-0.0011911018627870362,0.0,0.0,0.0009960159659385681,0.0009960159659385681,0.9960158467292786,0.0009960159659385681,0.0009960159659385681
453,2.620886612013332,5.241773224026664,-0.012525987195641911,0.0009960159659385681,4.921875,0.515625,-0.515625,6.929998624953441,-13857.172851247637,0.03151305019855499,2.807192176580429,-0.001491959946482287,0.0,0.0,0.0009960159659385681,0.0009960159659385681,0.9960158467292786,0.0009960159659385681,0.0009960159659385681
454,2.6208362210927456,5.241672442185491,-0.003990263206810757,0.0009960159659385681,4.7265625,0.3359375,-0.3359375,6.6388931249966845,-12144.349173705046,0.03151305019855499,2.756361256043116,-0.0012155110174110935,0.0,0.0,0.0009960159659385681,0.0009960159659385681,0.9960158467292786,0.0009960159659385681,0.0009960159659385681
455,2.6208091150437474,5.241618230087495,-0.011365765832557146,0.0009960159659385681,4.8984375,-0.359375,0.359375,7.02342524996493,-12432.341308666759,0.03151305019855499,2.744101792573929,-0.0012675537952115217,0.0,0.0,0.0009960159659385681,0.0009960159659385681,0.9960158467292786,0.0009960159659385681,0.0009960159659385681
456,2.6207771557601953,5.241554311520391,-0.0071387295554288166,0.0009960159659385681,4.828125,-0.2421875,0.2421875,6.817403541004751,-15619.219083520587,0.03151305019855499,2.8009018202622733,-0.0013550124876928749,0.0,0.0,0.0009960159659385681,0.0009960159659385681,0.9960158467292786,0.0009960159659385681,0.0009960159659385681
457,2.6208296602852905,5.241659320570581,-0.01589594462884688,0.0009960159659385681,4.765625,0.2421875,-0.2421875,6.708328957960475,-12223.795980109544,0.03151305019855499,2.707509974638621,-0.0012712758840886333,0.0,0.0,0.0009960159659385681,0.0009960159659385681,0.9960158467292786,0.0009960159659385681,0.0009960159659385681
458,2.620808847270359,5.241617694540718,-0.02034478623632569,0.0009960159659385681,4.7734375,0.796875,-0.796875,6.816809666051995,-15355.820985934542,0.03151305019855499,2.7234492202599845,-0.0009816211180198782,0.0,0.0,0.0009960159659385681,0.0009960159659385681,0.9960158467292786,0.0009960159659385681,0.0009960159659385681
459,2.6208941485269186,5.241788297053837,-0.014031821626246605,0.0009960159659385681,4.65625,-0.1484375,0.1484375,6.616206458944362,-17716.354923401905,0.03151305019855499,2.787419577439626,-0.0014158307239995338,0.0,0.0,0.0009960159659385681,0.0009960159659385681,0.9960158467292786,0.0009960159659385681,0.0009960159659385681
460,2.6209848475695896,5.241969695139179,-0.005800012380078954,0.0009960159659385681,4.9140625,-0.2890625,0.2890625,7.078734292008448,-15746.776318184711,0.03151305019855499,2.7601322730382285,-0.0013871391917443059,0.0,0.0,0.0009960159659385681,0.0009960159659385681,0.9960158467292786,0.0009960159659385681,0.0009960159659385681
461,2.6211389095593836,5.242277819118767,-0.01648788434225783,0.0009960159659385681,4.734375,-0.234375,0.234375,6.718962165992707,-19077.546863014548,0.03151305019855499,2.7997661034266152,-0.0015281513466713175,0.0,0.0,0.0009960159659385681,0.0009960159659385681,0.9960158467292786,0.0009960159659385681,0.0009960159659385681
462,2.6213049249563545,5.242609849912709,-0.0053379931716376755,0.0009960159659385681,4.8046875,0.40625,-0.40625,6.837319040962029,-14500.863985908321,0.03151305019855499,2.809465527534485,-0.00142546190424279,0.0,0.0,0.0009960159659385681,0.0009960159659385681,0.9960158467292786,0.0009960159659385681,0.0009960159659385681
463,2.6215133264285546,5.243026652857109,-0.007720501963203088,0.0009960159659385681,4.734375,-0.59375,0.59375,6.63167416700162,-9497.41585097612,0.03151305019855499,2.8333213130633035,-0.0012510115381398161,0.0,0.0,0.0009960159659385681,0.0009960159659385681,0.9960158467292786,0.0009960159659385681,0.0009960159659385681
464,2.621750126427821,5.243500252855642,-0.011599937611930148,0.0009960159659385681,4.9140625,-0.6953125,0.6953125,7.039661874994636,-16885.93599044727,0.03151305019855499,2.873795082171758,-0.001438860844549102,0.0,0.0,0.0009960159659385681,0.0009960159659385681,0.9960158467292786,0.0009960159659385681,0.0009960159659385681
465,2.621995711980629,5.243991423961258,-0.008424216642617348,0.0009960159659385681,5.09375,0.5703125,-0.5703125,7.157200582965743,-19078.855115457547,0.03151305019855499,2.817219853401184,-0.0011156626569572836,0.0,0.0,0.0009960159659385681,0.0009960159659385681,0.9960158467292786,0.0009960159659385681,0.0009960159659385681
466,2.622171472294509,5.244342944589018,-0.010428363635883672,0.0009960159659385681,4.734375,0.421875,-0.421875,6.661902791005559,-13817.88693224715,0.03151305019855499,2.7636046707630157,-0.0010692615129907306,0.0,0.0,0.0009960159659385681,0.0009960159659385681,0.9960158467292786,0.0009960159659385681,0.0009960159659385681
467,2.622460888270544,5.244921776541088,-0.01620972268824894,0.0009960159659385681,4.7890625,-0.109375,0.109375,6.785664290946443,-17465.440524127705,0.03151305019855499,2.7555194199085236,-0.001540106767758213,0.0,0.0,0.0009960159659385681,0.0009960159659385681,0.9960158467292786,0.0009960159659385681,0.0009960159659385681
468,2.622743771634689,5.245487543269378,-0.005282853526471175,0.0009960159659385681,4.7734375,-0.3984375,0.3984375,6.772254999959841,-19596.270200888575,0.03151305019855499,2.741752505302429,-0.0013697673663652192,0.0,0.0,0.0009960159659385681,0.0009960159659385681,0.9960158467292786,0.0009960159659385681,0.0009960159659385681
469,2.623070507899976,5.246141015799952,-0.007244248387227644,0.0009960159659385681,4.9140625,0.078125,-0.078125,6.922853292024229,-15416.454673730701,0.03151305019855499,2.770038217306137,-0.0013384943464795167,0.0,0.0,0.0009960159659385681,0.0009960159659385681,0.9960158467292786,0.0009960159659385681,0.0009960159659385681
470,2.6234113193208817,5.246822638641763,-0.0075058152508903665,0.0009960159659385681,4.8671875,0.4609375,-0.4609375,6.874284041987266,-19848.298249270712,0.03151305019855499,2.7389443715413413,-0.001366273614015275,0.0,0.0,0.0009960159659385681,0.0009960159659385681,0.9960158467292786,0.0009960159659385681,0.0009960159659385681
471,2.623721130572463,5.247442261144926,-0.013905246738354402,0.0009960159659385681,4.9765625,0.3828125,-0.3828125,7.017258417035919,-19412.73079380772,0.03151305019855499,2.7720183432102203,-0.0013998943456196382,0.0,0.0,0.0009960159659385681,0.0009960159659385681,0.9960158467292786,0.0009960159659385681,0.0009960159659385681
472,2.6240278836848114,5.248055767369623,-0.004643394018651073,0.0009960159659385681,4.921875,-0.90625,0.90625,6.928729542007204,-16992.177845400856,0.03151305019855499,2.7909896274407706,-0.0014885659887416598,0.0,0.0,0.0009960159659385681,0.0009960159659385681,0.9960158467292786,0.0009960159659385681,0.0009960159659385681
473,2.624398379582206,5.248796759164412,-0.01628471634905232,0.0009960159659385681,4.7265625,-0.359375,0.359375,6.749316708999686,-14231.544695313509,0.03151305019855499,2.89011687040329,-0.001566903360071592,0.0,0.0,0.0009960159659385681,0.0009960159659385681,0.9960158467292786,0.0009960159659385681,0.0009960159659385681
474,2.624760558702472,5.249521117404944,-0.009246570749624202,0.0009960159659385681,4.9453125,0.1171875,-0.1171875,7.042820457951166,-17644.470993885687,0.03151305019855499,2.865468899408976,-0.0017099418546422385,0.0,0.0,0.0009960159659385681,0.0009960159659385681,0.9960158467292786,0.0009960159659385681,0.0009960159659385681
475,2.625041895532084,5.250083791064168,-0.007430896683903666,0.0009960159659385681,4.875,-0.5546875,0.5546875,6.868128250003792,-15191.123023620019,0.03151305019855499,2.8674227794011435,-0.0013757650691938277,0.0,0.0,0.0009960159659385681,0.0009960159659385681,0.9960158467292786,0.0009960159659385681,0.0009960159659385681
476,2.625296043905605,5.25059208781121,-0.018388290902381508,0.0009960159659385681,4.75,0.3359375,-0.3359375,6.684352750016842,-15222.273185403723,0.03151305019855499,2.868634601434072,-0.0012876659675384872,0.0,0.0,0.0009960159659385681,0.0009960159659385681,0.9960158467292786,0.0009960159659385681,0.0009960159659385681
477,2.625446402643668,5.250892805287336,-0.008745880322445769,0.0009960159659385681,4.8515625,0.75,-0.75,6.910149917006493,-21183.009120750736,0.03151305019855499,2.8961018224557242,-0.0015748025616630912,0.0,0.0,0.0009960159659385681,0.0009960159659385681,0.9960158467292786,0.0009960159659385681,0.0009960159659385681
478,2.6256075105753567,5.251215021150713,-0.011702711610416191,0.0009960159659385681,4.7578125,-0.2890625,0.2890625,6.727561917039566,-15413.55837499058,0.03151305019855499,2.8768963118394217,-0.0015586190129397437,0.0,0.0,0.0009960159659385681,0.0009960159659385681,0.9960158467292786,0.0009960159659385681,0.0009960159659385681
479,2.6258202694319985,5.251640538863997,-0.0075806555202113934,0.0009960159659385681,4.921875,0.8359375,-0.8359375,6.895376707951073,-17318.009222533212,0.03151305019855499,2.8691664338111877,-0.001630935657885857,0.0,0.0,0.0009960159659385681,0.0009960159659385681,0.9960158467292786,0.0009960159659385681,0.0009960159659385681
480,2.626071163803788,5.252142327607576,-0.007156709438669014,0.0009960159659385681,4.8203125,-0.6796875,0.6796875,6.898347417009063,-17864.932497763362,0.03151305019855499,2.9352943698565164,-0.001788823613120864,0.0,0.0,0.0009960159659385681,0.0009960159659385681,0.9960158467292786,0.0009960159659385681,0.0009960159659385681
481,2.6262995307565564,5.252599061513113,-0.003433527573991403,0.0009960159659385681,4.921875,-0.34375,0.34375,7.031620291993022,-19739.54499766032,0.03151305019855499,2.8936107655366263,-0.0017244121603046854,0.0,0.0,0.0009960159659385681,0.0009960159659385681,0.9960158467292786,0.0009960159659385681,0.0009960159659385681
482,2.626649578850282,5.253299157700564,-0.007362059366780065,0.0009960159659385681,4.9296875,-0.359375,0.359375,7.019866332993843,-22750.230922378563,0.03151305019855499,2.8951993683973947,-0.001309805115928005,0.0,0.0,0.0009960159659385681,0.0009960159659385681,0.9960158467292786,0.0009960159659385681,0.0009960159659385681
483,2.626982700657261,5.253965401314522,-0.004662253155655433,0.0009960159659385681,4.9453125,-0.0234375,0.0234375,7.005735333019402,-15199.959960696446,0.03151305019855499,2.898711154858271,-0.0012676675335872762,0.0,0.0,0.0009960159659385681,0.0009960159659385681,0.9960158467292786,0.0009960159659385681,0.0009960159659385681
484,2.6274201071604635,5.254840214320927,-0.007052211445490789,0.0009960159659385681,4.890625,0.1875,-0.1875,6.8880572079797275,-21694.84077451176,0.03151305019855499,2.8883138597011566,-0.0015017925300829422,0.0,0.0,0.0009960159659385681,0.0009960159659385681,0.9960158467292786,0.0009960159659385681,0.0009960159659385681
485,2.6277078216147984,5.255415643229597,-0.0033926587745423155,0.0009960159659385681,4.796875,-0.46875,0.46875,6.71065645798808,-18407.08906338968,0.03151305019855499,2.94144207239151,-0.001783844946961229,0.0,0.0,0.0009960159659385681,0.0009960159659385681,0.9960158467292786,0.0009960159659385681,0.0009960159659385681
486,2.6279798666440364,5.255959733288073,0.0003424886405064659,0.0009960159659385681,4.9296875,-0.015625,0.015625,7.0599105000146665,-16725.93285194554,0.03151305019855499,2.9078296224276223,-0.0015358629801388208,0.0,0.0,0.0009960159659385681,0.0009960159659385681,0.9960158467292786,0.0009960159659385681,0.0009960159659385681
487,2.6282461786921876,5.256492357384375,-0.0046255218613020285,0.0009960159659385681,4.8984375,-0.5625,0.5625,6.963432374992408,-21604.944416709302,0.03151305019855499,2.9703175326188407,-0.0016708247800162705,0.0,0.0,0.0009960159659385681,0.0009960159659385681,0.9960158467292786,0.0009960159659385681,0.0009960159659385681
488,2.6283233398464585,5.256646679692917,-0.011391176501082612,0.0009960159659385681,4.9453125,-0.8984375,0.8984375,6.99250100000063,-17158.313862925646,0.03151305019855499,2.9327173133691153,-0.0015304899667777743,0.0,0.0,0.0009960159659385681,0.0009960159659385681,0.9960158467292786,0.0009960159659385681,0.0009960159659385681
489,2.6284548391521625,5.256909678304325,-0.00736742482995766,0.0009960159659385681,4.953125,0.4609375,-0.4609375,6.931274292001035,-20489.930436600647,0.03151305019855499,2.8901520570119223,-0.0014489059370437947,0.0,0.0,0.0009960159659385681,0.0009960159659385681,0.9960158467292786,0.0009960159659385681,0.0009960159659385681
490,2.628611394175056,5.257222788350112,-0.007573307222009266,0.0009960159659385681,4.734375,-0.75,0.75,6.863154291000683,-27213.56883194423,0.03151305019855499,2.970461537440618,-0.0017044165385110925,0.0,0.0,0.0009960159659385681,0.0009960159659385681,0.9960158467292786,0.0009960159659385681,0.0009960159659385681
491,2.628809533889485,5.25761906777897,-0.0050522269795557125,0.0009960159659385681,4.9765625,0.265625,-0.265625,6.984871374967042,-23589.053976876396,0.03151305019855499,2.986845682064692,-0.0019527014325528096,0.0,0.0,0.0009960159659385681,0.0009960159659385681,0.9960158467292786,0.0009960159659385681,0.0009960159659385681
492,2.6289115743753433,5.257823148750687,-0.0069403312039383195,0.0009960159659385681,5.0078125,-0.828125,0.828125,6.990410750033334,-23511.598446969496,0.03151305019855499,2.9584561387697854,-0.0015577795711578801,0.0,0.0,0.0009960159659385681,0.0009960159659385681,0.9960158467292786,0.0009960159659385681,0.0009960159659385681
493,2.6290004152125057,5.258000830425011,-0.004089394056017559,0.0009960159659385681,4.8515625,-0.4921875,0.4921875,6.865108250000048,-24377.850228989948,0.03151305019855499,2.997336894273758,-0.001569561039408048,0.0,0.0,0.0009960159659385681,0.0009960159659385681,0.9960158467292786,0.0009960159659385681,0.0009960159659385681
494,2.6291070749420675,5.258214149884135,-0.008265291257979942,0.0009960159659385681,4.8984375,0.78125,-0.78125,6.900625457987189,-25310.134335531573,0.03151305019855499,2.9641739229361215,-0.0015462139999726787,0.0,0.0,0.0009960159659385681,0.0009960159659385681,0.9960158467292786,0.0009960159659385681,0.0009960159659385681
495,2.629206754606643,5.258413509213286,-0.009111812772361892,0.0009960159659385681,4.859375,0.6953125,-0.6953125,6.816363291000016,-21046.37053790813,0.03151305019855499,2.9554213285446167,-0.0014971603789793637,0.0,0.0,0.0009960159659385681,0.0009960159659385681,0.9960158467292786,0.0009960159659385681,0.0009960159659385681
496,2.6292485955597975,5.258497191119595,-0.008585072898031764,0.0009960159659385681,5.0078125,-0.34375,0.34375,7.094221166975331,-16021.607646733848,0.03151305019855499,2.971681237220764,-0.0016199190552773264,0.0,0.0,0.0009960159659385681,0.0009960159659385681,0.9960158467292786,0.0009960159659385681,0.0009960159659385681
497,2.6291896534531505,5.258379306906301,-0.0061307636775202205,0.0009960159659385681,4.7265625,-0.09375,0.09375,6.701410625013523,-17473.47804525076,0.03151305019855499,3.0106364687283835,-0.0018993793758757722,0.0,0.0,0.0009960159659385681,0.0009960159659385681,0.9960158467292786,0.0009960159659385681,0.0009960159659385681
498,2.6290589953074432,5.2581179906148865,-0.015020278721323554,0.0009960159659385681,4.921875,0.109375,-0.109375,6.918416875007097,-18195.848822021486,0.03151305019855499,3.043990880250931,-0.00200421023570622,0.0,0.0,0.0009960159659385681,0.0009960159659385681,0.9960158467292786,0.0009960159659385681,0.0009960159659385681
499,2.6290098106285607,5.258019621257121,-0.010715522133538933,0.0009960159659385681,4.7890625,-0.8125,0.8125,6.851559583039489,-23207.698332918797,0.03151305019855499,3.0215320885181427,-0.0020401098542303466,0.0,0.0,0.0009960159659385681,0.0009960159659385681,0.9960158467292786,0.0009960159659385681,0.0009960159659385681
500,2.628946111260709,5.257892222521418,-0.013476731108754882,0.0009960159659385681,4.9453125,0.8046875,-0.8046875,6.998666416970082,-21628.493818599465,0.03151305019855499,3.0485478738943734,-0.002351932208208988,0.0,0.0,0.0009960159659385681,0.0009960159659385681,0.9960158467292786,0.0009960159659385681,0.0009960159659385681
