iteration,exploitability,nash_conv,actor_loss,average_lambda,mean_episode_length,mean_return_player0,mean_return_player1,wall_time_sec,scheduler_loss,gate_entropy,gate_regret_norm,gate_avg_utility,handoff_frozen_clusters,handoff_missing_clusters,gate_prob_actor,gate_prob_regret,gate_prob_ra,gate_prob_explore,gate_prob_cfr
1,2.373611041250001,4.747222082500002,0.0,0.19258629488335413,4.125,-0.625,0.625,5.922075042035431,9.385009466176129e-05,1.6084949739954688,0.0,0.0,0.0,0.0,0.20289735744396845,0.19258629488335413,0.1995125925168395,0.21300964356597626,0.19199412507992802
2,2.3704083413633428,4.7408166827266855,-7.305779450494802e-06,0.19406851637316033,3.9296875,-0.34375,0.34375,5.700478542014025,5.238700907264621e-05,1.6089122217170762,7.886709809529213e-10,6.995458538249418e-14,0.0,0.0,0.20028068735514198,0.19406851637316033,0.2001632817874609,0.20940594152949202,0.19608157896853345
3,2.3714519147024156,4.742903829404831,-0.00022372636788963875,0.19573384018587894,4.3125,0.015625,-0.015625,6.151000458979979,-0.7190325143207135,1.6091288630513176,0.017100988848445315,1.8324680473025268e-06,0.0,0.0,0.1977711842543837,0.19573384018587894,0.20177324064939783,0.2050718279906373,0.19964991698878398
4,2.3539854386332584,4.707970877266517,-4.043604699303413e-05,0.19297417832745445,4.1484375,0.0625,-0.0625,5.970585874980316,-1.1676545141829553,1.609060964341891,0.03339925346275171,4.5496241132999176e-06,0.0,0.0,0.19981712905476098,0.19297417832745445,0.2021612407685224,0.2051123858564542,0.1999350736538569
5,2.3132966674639537,4.626593334927907,-4.0403826588391964e-05,0.1898997700214386,4.296875,0.3515625,-0.3515625,6.134533374977764,-1.0178189175575971,1.6089056754112243,0.04905482614412904,8.269689904712626e-06,0.0,0.0,0.20169246275316585,0.1898997700214386,0.20368769748644394,0.20473071493885733,0.19998936076055873
6,2.344694917147028,4.689389834294056,-3.490773102323269e-05,0.1863754031084876,4.09375,-0.0546875,0.0546875,5.901349124964327,-0.9367866563852449,1.6085846219354003,0.06319944343219201,1.2192444197959654e-05,0.0,0.0,0.20411737061297622,0.1863754031084876,0.2060799755383539,0.20466162150597755,0.1987656348647962
7,2.3708213044393203,4.7416426088786405,-0.00023169592218465874,0.18354566963619254,4.1171875,-0.6328125,0.6328125,5.944272584049031,-1.2733815382720737,1.608186760482571,0.08309891230116288,1.8636219541197836e-05,0.0,0.0,0.20690172282975358,0.18354566963619254,0.20807939609495016,0.2048646140935525,0.1966086053192276
8,2.374121349796834,4.748242699593668,-0.0003149691140991214,0.18050817251755302,4.234375,-0.4296875,0.4296875,6.0279847079655156,-1.192608858688951,1.6076155643621495,0.10284078990419705,2.710544413275784e-05,0.0,0.0,0.2094378998413737,0.18050817251755302,0.2108778012469686,0.20470980293636393,0.19446633101829303
9,2.377797147700913,4.755594295401826,-1.161433100331174e-05,0.1782239673866166,4.21875,-0.2265625,0.2265625,6.048713584023062,-1.4128775100292708,1.6069487609245159,0.11959642420212428,3.7773119553700475e-05,0.0,0.0,0.2124244926152406,0.1782239673866166,0.2131257739331987,0.20479217055771087,0.19143360155048195
10,2.380111299074165,4.76022259814833,1.6005924871566485e-05,0.17560700309763622,4.015625,0.140625,-0.140625,5.801953416026663,-1.0106880351618397,1.6060904062675594,0.13302303167680898,4.4603207091616547e-05,0.0,0.0,0.21575627400601421,0.17560700309763622,0.215196882675362,0.2050423311642172,0.18839751601451102
11,2.362303069051677,4.724606138103354,-0.00023986179808014688,0.17311920228390001,4.203125,-0.3359375,0.3359375,6.076068166992627,-0.9538740865283795,1.6049342786955567,0.15294835592309633,5.3770362228533486e-05,0.0,0.0,0.21930449010049544,0.17311920228390001,0.2181940784740182,0.204900471915986,0.1844817645376943
12,2.3515923393330187,4.703184678666037,-0.0002278596318246194,0.17032734204956146,4.203125,0.109375,-0.109375,6.034794625011273,-0.9201794788795333,1.6034195365515784,0.16622759339710078,5.835453612235142e-05,0.0,0.0,0.22290913325814066,0.17032734204956146,0.22152656169961377,0.2046465074650417,0.18059046452927324
13,2.375807974556256,4.751615949112512,-3.422332647687369e-05,0.16772317793048766,4.2421875,-0.078125,0.078125,6.050426917034201,-0.7314409486414319,1.6016574388929055,0.18107990734279156,6.194789117823045e-05,0.0,0.0,0.2266081596002614,0.16772317793048766,0.22493881557966902,0.20444393295170413,0.17628592326825496
14,2.367149481343616,4.734298962687232,-0.00028005582533672954,0.16503183236328497,4.2421875,0.21875,-0.21875,6.097157999989577,-1.0537570911094298,1.599533359648773,0.19539836732049784,7.101428127498366e-05,0.0,0.0,0.23096674200469838,0.16503183236328497,0.2278634916792039,0.2043603003903208,0.17177764270077314
15,2.3705225125374465,4.741045025074893,-0.0001741251945257423,0.16259099971194294,4.2421875,-0.8125,0.8125,6.060187541006599,-1.039830943953733,1.5970900675648922,0.20853914196292558,8.325899671035586e-05,0.0,0.0,0.2351296179367034,0.16259099971194294,0.23126459190309817,0.20392038155875372,0.1670944208817807
16,2.3645898229587434,4.729179645917487,-0.0002483627379128759,0.15919226058504798,4.296875,-0.234375,0.234375,6.100247459020466,-1.142717811651528,1.593540402542461,0.2151299590865771,9.714424959383905e-05,0.0,0.0,0.23971545189619065,0.15919226058504798,0.2362156862833283,0.2035344596342607,0.16134215333245017
17,2.329084520680396,4.658169041360792,-0.00030935736186953007,0.15659354599486477,4.2109375,0.640625,-0.640625,5.976991208968684,-1.5559792150510043,1.590070729795325,0.22662556481858095,0.00011811978583864402,0.0,0.0,0.24485289467177276,0.15659354599486477,0.23957028396164995,0.20313196719135115,0.15585131879640202
18,2.3303879837059025,4.660775967411805,0.0001235876413099352,0.15146925154057417,4.296875,-1.0078125,1.0078125,6.1062677500303835,-1.1599340571327643,1.5844722032546996,0.23816630678872266,0.00014452392679231707,0.0,0.0,0.25083264486356216,0.15146925154057417,0.24568887957117774,0.20202834473414855,0.14998088785193184
19,2.3351799026735196,4.670359805347039,0.0006550918506237947,0.14597846779515308,4.203125,-0.5234375,0.5234375,6.0871092089801095,-1.0441395252125967,1.5779669980577378,0.24302643227080503,0.00016541466781442674,0.0,0.0,0.2571280058819565,0.14597846779515308,0.25185927358147825,0.20106458248480544,0.14396968301122517
20,2.3279786171098156,4.655957234219631,-0.00023257435518898086,0.1406833044022595,4.2578125,-0.2734375,0.2734375,6.110336165991612,-0.6587970633128094,1.5704128232570964,0.2509545174737771,0.00019232853446737863,0.0,0.0,0.263640150318452,0.1406833044022595,0.2584585114903406,0.19987722791116172,0.13734081833187592
21,2.3385196535347914,4.677039307069583,1.0891150773104113e-05,0.13603349140035773,4.1796875,-0.328125,0.328125,5.947565250040498,-0.5659303933451666,1.562767874637497,0.26985052848855656,0.00021112410164884446,0.0,0.0,0.2705807343821659,0.13603349140035773,0.2631853132325912,0.19903954986099884,0.13116092195856238
22,2.3507023975627406,4.701404795125481,-3.345394778283921e-05,0.12872532378962362,3.9921875,-0.2578125,0.2578125,5.721194583980832,-1.3121059590225235,1.5514243565893453,0.2891556682686011,0.00023860829287514207,0.0,0.0,0.2786905149657666,0.12872532378962362,0.2713310411181702,0.1971176527367646,0.12413547816458513
23,2.344318302026349,4.688636604052698,0.00018949742625419669,0.12103321753070446,4.2265625,0.453125,-0.453125,5.980009082995821,-1.3907072468249337,1.5366588974175304,0.29949304088950157,0.00026043335189266753,0.0,0.0,0.28762254019761924,0.12103321753070446,0.2810510888888523,0.1944834787997653,0.11580968408564764
24,2.3471962269661413,4.6943924539322825,0.00017159294088436012,0.11332232618759222,4.25,-0.5,0.5,6.075829082983546,-1.305273374706945,1.5207939632236958,0.3129967339336872,0.0002864401891808181,0.0,0.0,0.29787947966114564,0.11332232618759222,0.28878204245120287,0.1922758936553317,0.107740271877607
25,2.369059837020953,4.738119674041906,-0.0003145991235670817,0.10480250963182361,4.21875,-0.5546875,0.5546875,6.102223041001707,-1.5246849031601515,1.5015638532461943,0.3304385306934516,0.0003450166999148981,0.0,0.0,0.30861717937169253,0.10480250963182361,0.2979150135208059,0.18920980882313515,0.0994555018014378
26,2.366273184830174,4.732546369660348,0.00017594254962254258,0.09767878793614956,4.1484375,-0.3203125,0.3203125,5.92274783400353,-1.512686117546959,1.4819849047059168,0.3473033259312312,0.0003816834675186935,0.0,0.0,0.3190957990294347,0.09767878793614956,0.3050184870619334,0.18757327394858142,0.09063366373997399
27,2.3594943256967538,4.7189886513935075,0.00017470873716390065,0.08714950223349863,4.21875,0.03125,-0.03125,6.0361058749840595,-2.0583212128116024,1.4517854928970337,0.3558380790054798,0.0003761773502143721,0.0,0.0,0.33222722593281007,0.08714950223349863,0.3176433797235842,0.18239997570161467,0.08057992668063552
28,2.3564953908362387,4.712990781672477,0.00022746497968510746,0.07896457297681167,4.0859375,-0.3984375,0.3984375,5.829575999989174,-1.6368679390707361,1.4259850418134583,0.38170792783300084,0.0004105615674537451,0.0,0.0,0.3441199071662604,0.07896457297681167,0.3256876523362519,0.17933454562555537,0.07189333584893275
29,2.357329251258195,4.71465850251639,0.00039174760043150634,0.06914203551450118,4.234375,-0.25,0.25,6.145508583053015,-1.5206452376961819,1.3904868564482544,0.3906467283765475,0.00045521706488216296,0.0,0.0,0.35693691599413035,0.06914203551450118,0.33772446896977093,0.1741935077408583,0.06200308235863918
30,2.353501163929706,4.707002327859412,-6.998106409336223e-05,0.06081245953404474,4.1171875,-0.1484375,0.1484375,5.9140806249924935,-1.3329228989486592,1.3557412511257338,0.40274039407571155,0.0005371746374294162,0.0,0.0,0.37053829708633207,0.06081245953404474,0.3463577332940002,0.16933711334016788,0.05295440636617635
31,2.3573225475428017,4.714645095085603,0.00015174346114478414,0.052688345396943656,4.1640625,0.40625,-0.40625,6.090571041975636,-1.3044311931500068,1.3196366649631264,0.4091304937998454,0.0005860115052200854,0.0,0.0,0.38236000468538583,0.052688345396943656,0.3560179758809968,0.1643326893924101,0.0446009949359896
32,2.3555877335317428,4.7111754670634856,4.630547812801115e-06,0.04402730233429933,4.0078125,-0.234375,0.234375,5.987768209015485,-2.3231803911082722,1.276982588842366,0.42937301968534786,0.000620315203074521,0.0,0.0,0.3966064719196416,0.04402730233429933,0.3655108477172331,0.15727860012888675,0.03657678755083744
33,2.353165797173876,4.706331594347752,-0.0001665144970070361,0.038169316113890926,4.09375,-0.1015625,0.1015625,5.934104791958816,-2.042567052316802,1.2440677651467213,0.45748454580704373,0.0007300017217251783,0.0,0.0,0.40816193466423123,0.038169316113890926,0.3701558983849205,0.15370045997600518,0.029812400316364552
34,2.3575545164384293,4.715109032876859,-0.00047992646609547205,0.029596726927298207,4.1640625,-0.6484375,0.6484375,6.04480633395724,-1.7402172515493788,1.1931630775584066,0.478410587956508,0.0008038667171301009,0.0,0.0,0.4224828912214311,0.029596726927298207,0.3815719666445233,0.1436727796777328,0.022675644257761134
35,2.360142473813385,4.72028494762677,0.0004142931518820246,0.02324828501713011,4.3046875,-0.1640625,0.1640625,6.1342434999533,-2.2501190021404227,1.1502619946067865,0.4877389321724574,0.0008353430797190716,0.0,0.0,0.43586066489643716,0.02324828501713011,0.387955875935442,0.13575982360571567,0.017175357547941906
36,2.3572117225302227,4.714423445060445,-1.5026083838415207e-05,0.018217773310530275,4.1328125,-0.9921875,0.9921875,6.014526459039189,-2.804644158536072,1.1126764673591787,0.5000308727224668,0.0008543350389421297,0.0,0.0,0.4476326299524938,0.018217773310530275,0.39268879341718604,0.12851875906348906,0.012942055043973916
37,2.357847507365302,4.715695014730604,0.0002785106752111196,0.013258256386621918,4.0234375,-0.546875,0.546875,5.836513292044401,-1.7612414849433795,1.06969379360236,0.510587020466725,0.0008985996222084699,0.0,0.0,0.45896671738439393,0.013258256386621918,0.40011848570073694,0.11852851757436123,0.00912803295045838
38,2.3581664890041436,4.716332978008287,0.0008442684317547558,0.010391186016529304,3.8828125,-0.0546875,0.0546875,5.549962541030254,-2.5347697550104837,1.04264210503346,0.5317943965395292,0.000893839910228659,0.0,0.0,0.47001318090878264,0.010391186016529304,0.3996063395884915,0.11331577181546261,0.006673531302754998
39,2.359022171485035,4.71804434297007,0.00017250351441801425,0.0073158382963221125,4.0703125,-0.3515625,0.3515625,5.826233207946643,-2.7058789750629044,1.0081263263486397,0.557021493713061,0.0009338232169587476,0.0,0.0,0.48080399661054996,0.0073158382963221125,0.40316650780514884,0.10423076917880328,0.004482891919152121
40,2.3591862112539292,4.7183724225078585,0.0007292940924281954,0.005060466899214169,4.0625,0.203125,-0.203125,5.7697696249815635,-2.7739329776762482,0.9763069854332851,0.5721011882026991,0.0009515365066666467,0.0,0.0,0.4944828059237737,0.005060466899214169,0.4023552077320906,0.09513903210799281,0.002962497994527579
41,2.3592546179527174,4.718509235905435,5.794386031409889e-06,0.003425290968095628,3.984375,-0.046875,0.046875,5.727872917021159,-3.81634422048342,0.9492891890161178,0.5902203793327013,0.001008410399663262,0.0,0.0,0.5025344268948424,0.003425290968095628,0.40602635408149046,0.08600458458212076,0.00200935556877441
42,2.359272916961759,4.718545833923518,-0.00023202162103277035,0.002324652985717207,4.1328125,-0.6875,0.6875,5.936845334013924,-3.1493217358295236,0.9241099898441076,0.6002284809947014,0.0010538869149362047,0.0,0.0,0.5135239123284028,0.002324652985717207,0.4056410823855373,0.07710621303514294,0.001404151399681496
43,2.358941699628926,4.717883399257852,-0.0004993819998573793,0.0016518673518111288,4.0703125,-0.5703125,0.5703125,5.781775082985405,-3.3619774228440966,0.9070483909458665,0.6173582896590233,0.0010793235851451755,0.0,0.0,0.5233257427783021,0.0016518673518111288,0.40277719709328635,0.07113436573040234,0.0011108441608144602
44,2.358559221118645,4.71711844223729,-0.0012315643900045724,0.0012158895062904754,4.0703125,-0.3671875,0.3671875,5.817830124986358,-4.0094397355589635,0.8865508656812949,0.6394430448611578,0.0011069144359983814,0.0,0.0,0.5317412943734775,0.0012158895062904754,0.40328499503190596,0.06275876729808133,0.0009990755299681838
45,2.3581137351470387,4.716227470294077,0.0003931679365608767,0.0010251824470882223,3.96875,-0.25,0.25,5.6329583339975215,-4.242186501726699,0.8667254230872853,0.6569317157069842,0.001137759080544735,0.0,0.0,0.5434173461137795,0.0010251824470882223,0.399631062771861,0.05492775511788571,0.0009986742708546028
46,2.357820999120708,4.715641998241416,2.9175227479392854e-05,0.0009983787969805491,4.265625,-0.71875,0.71875,6.12040962500032,-4.0879641915381555,0.8484831262420822,0.6764976605772972,0.001157801828715795,0.0,0.0,0.5541824668973356,0.0009983787969805491,0.3960846470389174,0.04773614814184306,0.0009983787969805491
47,2.3574379719948144,4.714875943989629,0.00035545507184037313,0.000998202233201303,4.0078125,-0.1328125,0.1328125,5.728097166982479,-4.068185460321663,0.8322512541133293,0.6904757966597875,0.0011904533651735012,0.0,0.0,0.5609561397783008,0.000998202233201303,0.39585232868296827,0.041195150268705266,0.000998202233201303
48,2.357066850866157,4.714133701732314,-3.205666158500238e-05,0.0009981008235097552,4.1328125,-0.515625,0.515625,6.027979374979623,-6.653418073902481,0.8124843796394723,0.6980417420466741,0.0011442585334104176,0.0,0.0,0.5682178091236684,0.0009981008235097552,0.39581460498681814,0.033971408994724034,0.0009981008235097552
49,2.3567625043836617,4.7135250087673235,-5.025158193871353e-05,0.0009980540847809951,4.140625,-0.4453125,0.4453125,5.910501167003531,-5.1888126869826525,0.7955979609264517,0.6963687464594841,0.0010995902460611735,0.0,0.0,0.5806672740657375,0.0009980540847809951,0.38820400552929574,0.02913265358656645,0.0009980540847809951
50,2.3563359688074326,4.712671937614865,-0.0011052787005686312,0.0009980274125240987,4.0546875,-0.21875,0.21875,5.805618500045966,-7.335413047649964,0.7777500939277325,0.712565282980601,0.001158197395852767,0.0,0.0,0.5893211948159572,0.0009980274125240987,0.38490368836417593,0.023779086555984152,0.0009980274125240987
51,2.355829338231698,4.711658676463396,-3.4047836050692023e-06,0.0009980157153759465,3.890625,0.71875,-0.71875,5.5840705840382725,-7.541496745600593,0.7657426008019581,0.7298855980237325,0.0011380115562739472,0.0,0.0,0.5963714595539982,0.0009980157153759465,0.3812084791650734,0.020424061088287926,0.0009980157153759465
52,2.355447455143109,4.710894910286218,-0.00014331736656397512,0.0009980087497216813,4.1171875,-0.96875,0.96875,5.852307916036807,-5.827557252361253,0.749266412497924,0.7402177974581718,0.0012111836452580367,0.0,0.0,0.6039318615390409,0.0009980087497216813,0.37801870245634944,0.01605345114033521,0.0009980087497216813
53,2.3551357818535954,4.710271563707191,0.00039453232057444347,0.0009980061160640256,3.9453125,0.15625,-0.15625,5.707254000008106,-5.353312106685952,0.7338703592224877,0.7588809132575989,0.0012882271767011844,0.0,0.0,0.6137819877945551,0.0009980061160640256,0.37150723408944536,0.012714797700294248,0.0009980061160640256
54,2.35478430755105,4.7095686151021,-0.0002543747273991295,0.0009980049329353865,4.1328125,0.0078125,-0.0078125,5.918467957992107,-8.491753484385654,0.7177151671429438,0.7606235866745313,0.0012914140243083239,0.0,0.0,0.6247462950266602,0.0009980049329353865,0.36352972694741303,0.009728000525496055,0.0009980049329353865
55,2.3544708074574072,4.7089416149148144,0.000691633411681271,0.000998000707610886,4.0859375,-0.125,0.125,5.872168375004549,-8.46691394030396,0.7045930104319498,0.7664850875735283,0.0012891769074485637,0.0,0.0,0.6328860367461326,0.000998000707610886,0.35781373097837316,0.007304244859715706,0.000998000707610886
56,2.354305570758503,4.708611141517006,-0.001333281396455904,0.0009979811256526263,4.265625,-0.2109375,0.2109375,6.083301667007618,-7.260718887335802,0.6896550752522744,0.7664900372425715,0.0012037017052837957,0.0,0.0,0.6448235223581503,0.0009979811256526263,0.3478412148935018,0.005339327822234686,0.0009979811256526263
57,2.3542234815562484,4.708446963112497,0.0010036832473208272,0.000997917952680984,4.2890625,-0.375,0.375,6.110759874980431,-10.629274057929246,0.6768659161088245,0.7734643593430519,0.0011655559064820409,0.0,0.0,0.6553033369920727,0.000997917952680984,0.33882768058603147,0.003873170581213682,0.000997917952680984
58,2.3538988570019264,4.707797714003853,0.0015181647550488976,0.0009978655889807712,4.1015625,-0.1796875,0.1796875,5.928043542022351,-13.27868171003514,0.66374745902561,0.7801608418424925,0.0011467723379610106,0.0,0.0,0.6680406916709173,0.0009978655889807712,0.3270768364270528,0.002886747852233904,0.0009978655889807712
59,2.3537125569571846,4.707425113914369,-0.0005312038794959791,0.000997798550181473,3.9609375,0.4296875,-0.4296875,5.676932458998635,-14.388357449416622,0.6521648674086471,0.8083627820014954,0.00124211343791103,0.0,0.0,0.6792070825659546,0.000997798550181473,0.31662778559285976,0.002169547175448498,0.000997798550181473
60,2.353532150987043,4.707064301974086,0.0002459403675032754,0.0009976894404029562,4.1015625,-0.140625,0.140625,5.940005042008124,-21.158163985445032,0.6365063352811904,0.8182265534996986,0.0013068342862728362,0.0,0.0,0.6948667294638498,0.0009976894404029562,0.30154534734430766,0.0015925462606052557,0.0009976894404029562
61,2.3533670344901703,4.7067340689803405,-0.0013187210263063249,0.0009975783721489465,4.28125,0.2109375,-0.2109375,6.2893681669957004,-12.874790602868396,0.6219079139893943,0.829080767929554,0.001299980981760503,0.0,0.0,0.7095720802780485,0.0009975783721489465,0.28718086536022,0.0012518949677103818,0.0009975783721489465
62,2.3532607168229447,4.706521433645889,-0.0012373642200243105,0.000997494401130471,4.109375,-0.078125,0.078125,5.895178167033009,-16.50271275866522,0.6086427056064171,0.835588127374649,0.0013602217404695693,0.0,0.0,0.7225650886619046,0.000997494401130471,0.27439189778761264,0.0010480149509650815,0.000997494401130471
63,2.353332823295355,4.70666564659071,-0.0005298015584234221,0.0009973419225373548,4.1171875,0.484375,-0.484375,6.410929625038989,-17.254407265849157,0.5910503807737434,0.8358168800671896,0.0014496930816676468,0.0,0.0,0.7394457275093846,0.0009973419225373548,0.2575608923380922,0.0009986702171622633,0.0009973419225373548
64,2.353261052347424,4.706522104694848,-0.00012591725318618845,0.0009972288523152873,4.0546875,-0.5,0.5,5.8816509589669295,-17.455106578166156,0.5714527937029138,0.8656962613264719,0.0015714488302667935,0.0,0.0,0.7568907311656342,0.0009972288523152873,0.24011756158173658,0.0009972288523152873,0.0009972288523152873
65,2.353250003241759,4.706500006483518,0.0009809552592269567,0.0009971292321448134,4.171875,-0.1953125,0.1953125,5.973469583026599,-27.52977855596517,0.5483267725295342,0.8857766737540563,0.0014669408944124978,0.0,0.0,0.7758947284927082,0.0009971292321448134,0.22111386127686233,0.0009971292321448134,0.0009971292321448134
66,2.3531857049457643,4.706371409891529,-0.0016432303584997872,0.000997074315605192,4.25,-0.0859375,0.0859375,6.084635499981232,-26.930790271573642,0.5200368544525084,0.8956889559825262,0.0013980552854870136,0.0,0.0,0.7971142475657603,0.000997074315605192,0.19989451207220554,0.000997074315605192,0.000997074315605192
67,2.353095294340413,4.706190588680826,-0.000675427823507299,0.000997042015268143,4.171875,-0.15625,0.15625,5.91798408300383,-36.57621772198638,0.48889092436890474,0.8858462795615196,0.0013060862960022253,0.0,0.0,0.8182662879483084,0.000997042015268143,0.1787425590058168,0.000997042015268143,0.000997042015268143
68,2.3530394798403202,4.7060789596806405,0.0008737050879179996,0.0009970277265467225,4.0390625,-0.6640625,0.6640625,5.771050082985312,-35.48275222969502,0.4588522304649279,0.9053836911916733,0.001318274892886014,0.0,0.0,0.8370345767508162,0.0009970277265467225,0.1599743167223045,0.0009970277265467225,0.0009970277265467225
69,2.3530586513515255,4.706117302703051,0.000872080225285791,0.0009970185111352905,4.015625,0.3046875,-0.3046875,6.274559458019212,-32.349985128976606,0.41871571575621225,0.9184461459517479,0.0013535387079173233,0.0,0.0,0.8597492474758207,0.0009970185111352905,0.1372596755449874,0.0009970185111352905,0.0009970185111352905
70,2.3530549565995247,4.706109913199049,-0.0009739571242210793,0.0009970133147141505,4.1796875,-0.34375,0.34375,6.09032274998026,-27.300245835261297,0.3778330801803375,0.9295271163185438,0.0014035622152732685,0.0,0.0,0.8809139043371254,0.0009970133147141505,0.11609503672083962,0.0009970133147141505,0.0009970133147141505
71,2.3531582386352143,4.706316477270429,-0.0031005652061443733,0.0009970110892193777,4.09375,0.046875,-0.046875,5.892789500008803,-37.64971478112803,0.3378058780297523,0.9362236559391022,0.001506828756343263,0.0,0.0,0.8997421003024997,0.0009970110892193777,0.09726683371735893,0.0009970110892193777,0.0009970110892193777
72,2.353133077373549,4.706266154747098,-0.001120966172750351,0.000997009847524989,4.15625,0.4453125,-0.4453125,5.931518624944147,-39.224865975605034,0.2911606551449102,0.9501480609178543,0.0015261164032078038,0.0,0.0,0.9196731079565851,0.000997009847524989,0.07733584113096945,0.000997009847524989,0.000997009847524989
73,2.3531362762456185,4.706272552491237,-0.001144111358087452,0.0009970093705655577,4.0625,-0.296875,0.296875,5.953588665986899,-31.05898137468332,0.2505222625743884,0.9739538257320722,0.0016108099589473568,0.0,0.0,0.9354371319596584,0.0009970093705655577,0.06157181649110638,0.0009970093705655577,0.0009970093705655577
74,2.3530864334627877,4.706172866925575,-0.0034613336206642804,0.000997009121867047,4.1640625,-0.0390625,0.0390625,5.933340707968455,-36.28877573162542,0.2060759920368275,0.9716717327634493,0.0014923880553396884,0.0,0.0,0.9511015070759556,0.000997009121867047,0.04590744659039026,0.000997009121867047,0.000997009121867047
75,2.3529731567351773,4.7059463134703545,0.00068897521100887,0.0009970090508973138,4.1484375,-0.953125,0.953125,5.822599957988132,-36.20319808275127,0.17336426539216787,1.0123272587855656,0.0015832156289737516,0.0,0.0,0.9615673455365858,0.0009970090508973138,0.035441612759903214,0.0009970090508973138,0.0009970090508973138
76,2.352960004226365,4.70592000845273,-0.0008487947033872765,0.000997009010776779,4.1484375,0.4140625,-0.4140625,5.926085333980154,-39.83966290340351,0.1397354214289094,1.019304300347964,0.0017772659290737163,0.0,0.0,0.9714010247851945,0.000997009010776779,0.025607929430838863,0.000997009010776779,0.000997009010776779
77,2.3529106120481,4.7058212240962,-0.0009080788667816593,0.0009970089825066296,4.0078125,0.5078125,-0.5078125,5.713667375035584,-50.965321987707654,0.11151438463501066,1.0287702133258183,0.0016764440127493192,0.0,0.0,0.9789502469652113,0.0009970089825066296,0.018058698937536505,0.0009970089825066296,0.0009970089825066296
78,2.352680936022278,4.705361872044556,-0.0014040844606101794,0.0009970089857620267,4.1171875,-0.03125,0.03125,5.88696983398404,-46.809051643992355,0.08907235439944539,1.0724782546361287,0.0017164261225843802,0.0,0.0,0.984448337577552,0.0009970089857620267,0.012560614281549583,0.0009970089857620267,0.0009970089857620267
79,2.352523901693375,4.70504780338675,-0.0024564450554112028,0.000997008986603252,4.03125,0.0859375,-0.0859375,5.788124540995341,-53.346068688982434,0.06906662659734025,1.0786328117052715,0.001721509523728552,0.0,0.0,0.9889018012340679,0.000997008986603252,0.008107154602148794,0.000997008986603252,0.000997008986603252
80,2.3523333470994077,4.704666694198815,-0.002693244363468407,0.0009969933989901686,4.1796875,-0.3125,0.3125,6.021714082977269,-54.146927971022194,0.054976164821152376,1.0688626319169998,0.0017636895936448127,0.0,0.0,0.9918269261021481,0.0009969933989901686,0.0051820551589235805,0.0009969933989901686,0.0009969933989901686
81,2.352111450264486,4.704222900528972,-0.0006877385257125846,0.0009969354425720667,4,0.234375,-0.234375,5.710068749962375,-58.92420020927244,0.04561382629617583,1.0959973086913426,0.0017954311915673316,0.0,0.0,0.9936264319112524,0.0009969354425720667,0.003382710841833614,0.0009969354425720667,0.0009969354425720667
82,2.351902656522441,4.703805313044882,-0.0014382631799791704,0.000996813764334195,4.3359375,0.7421875,-0.7421875,6.180894500052091,-43.80384426812316,0.03802968558293205,1.089094191789627,0.0016970053062929462,0.0,0.0,0.9949655808844008,0.000996813764334195,0.002043890538583468,0.000996813764334195,0.000996813764334195
83,2.3517213708214064,4.703442741642813,-0.001758160668797217,0.000996684959568568,4.203125,-0.25,0.25,6.007397916051559,-62.825650319511624,0.03409599462267856,1.0945549507935841,0.0016245371953118593,0.0,0.0,0.9956176321967384,0.000996684959568568,0.0013922029497278473,0.000996684959568568,0.000996684959568568
84,2.351530554234052,4.703061108468104,-0.0011087915136697892,0.0009965459544235683,4.234375,-0.3203125,0.3203125,6.058244415966328,-57.44250235032015,0.03206392778324245,1.1130358030398686,0.0017697219579228356,0.0,0.0,0.9959338654891151,0.0009965459544235683,0.0010763744005720334,0.0009965459544235683,0.0009965459544235683
85,2.351410355340761,4.702820710681522,-0.0008461217734743633,0.000996366791333267,3.953125,0.4296875,-0.4296875,5.767636916949414,-54.81299757548463,0.031526771348278984,1.1273751159509022,0.0017760320309510764,0.0,0.0,0.9960137977901655,0.000996366791333267,0.0009969420270467906,0.000996366791333267,0.000996366791333267
86,2.3512495336969765,4.702499067393953,-0.002582868624151798,0.0009961897212136638,4.2890625,-0.1171875,0.1171875,6.102505791990552,-70.58909937929518,0.0315179331245101,1.114422212044398,0.001697379693117303,0.0,0.0,0.9960150675261172,0.0009961897212136638,0.0009961897212136638,0.0009961897212136638,0.0009961897212136638
87,2.3511569312831107,4.702313862566221,-0.0004736802828157068,0.000996111575024828,4.1640625,-0.296875,0.296875,5.897150165983476,-60.23183969014938,0.03151577639814613,1.155216837922732,0.0019377789382512371,0.0,0.0,0.996015377831951,0.000996111575024828,0.000996111575024828,0.000996111575024828,0.000996111575024828
88,2.3510881664897276,4.702176332979455,-0.001736541377246249,0.0009960622506382287,4.1171875,-0.375,0.375,5.8892371249967255,-72.42820088353264,0.03151442723408822,1.166083385547002,0.0019352560727080952,0.0,0.0,0.9960155613734555,0.0009960622506382287,0.0009960622506382287,0.0009960622506382287,0.0009960622506382287
89,2.3510204138449056,4.702040827689811,-0.0016886548405789868,0.000996039141743873,4.171875,-0.3515625,0.3515625,5.893228958011605,-69.63467626345566,0.031513789591941045,1.166808396577835,0.0019630526464122036,0.0,0.0,0.9960156525118967,0.000996039141743873,0.000996039141743873,0.000996039141743873,0.000996039141743873
90,2.3510226255932443,4.7020452511864885,-0.0026637683025661552,0.0009960258085039073,4.15625,0.0390625,-0.0390625,6.007836500008125,-92.56627210534245,0.031513425878676254,1.1796175390481949,0.0018965458439197391,0.0,0.0,0.9960157010788308,0.0009960258085039073,0.0009960258085039073,0.0009960258085039073,0.0009960258085039073
91,2.350922169832093,4.701844339664186,-0.00010081561018216749,0.0009960206624912008,4.0078125,-0.515625,0.515625,5.707618541026022,-108.94651874057499,0.03151328216867837,1.1879057437181473,0.0017840772173561466,0.0,0.0,0.9960157226400765,0.0009960206624912008,0.0009960206624912008,0.0009960206624912008,0.0009960206624912008
92,2.350781856927888,4.701563713855776,-0.0015149603130012765,0.0009960179077009264,4.0234375,-0.2890625,0.2890625,5.736178041959647,-79.0002812201284,0.03151321202082542,1.1873166759808857,0.0017211117083206773,0.0,0.0,0.996015727519989,0.0009960179077009264,0.0009960179077009264,0.0009960179077009264,0.0009960179077009264
93,2.35070318783365,4.7014063756673,-0.0014860137442237516,0.0009960167230758116,4.15625,-0.6328125,0.6328125,5.939439875015523,-80.01448596054269,0.0315131836367729,1.207547162969907,0.0017483739890546228,0.0,0.0,0.996015727519989,0.0009960167230758116,0.0009960167230758116,0.0009960167230758116,0.0009960167230758116
94,2.3505384450122433,4.701076890024487,0.00015909802052941377,0.0009960162321562475,4.140625,-0.09375,0.09375,5.862379250000231,-89.16843866091573,0.03151317173439377,1.229601874947548,0.0018992490659002215,0.0,0.0,0.996015727519989,0.0009960162321562475,0.0009960162321562475,0.0009960162321562475,0.0009960162321562475
95,2.35043997590117,4.70087995180234,-0.0016331918971022024,0.0009960160021128207,4.1484375,0.4609375,-0.4609375,5.936852790997364,-94.10182382287756,0.03151316644725602,1.262449398636818,0.0019291013353116189,0.0,0.0,0.996015727519989,0.0009960160021128207,0.0009960160021128207,0.0009960160021128207,0.0009960160021128207
96,2.350390137498846,4.700780274997692,-2.3857458271917605e-05,0.0009960159055204898,4.3203125,-0.2890625,0.2890625,6.198190999974031,-94.75030052403888,0.03151316374917574,1.2551815609137218,0.0018557588434002052,0.0,0.0,0.996015727519989,0.0009960159055204898,0.0009960159055204898,0.0009960159055204898,0.0009960159055204898
97,2.350461932110232,4.700923864220464,-0.0025281708775214827,0.0009960158624582821,4.359375,0.6796875,-0.6796875,6.177299083035905,-92.5485303754481,0.031513162371185094,1.24824354549249,0.0017980994258929666,0.0,0.0,0.996015727519989,0.0009960158624582821,0.0009960158624582821,0.0009960158624582821,0.0009960158624582821
98,2.3504126354352026,4.700825270870405,0.0013911983285905978,0.0009960158495232463,4.0625,-0.3828125,0.3828125,5.862935417040717,-111.45803342977395,0.03151316195726395,1.2838592131932576,0.0018905217172383952,0.0,0.0,0.996015727519989,0.0009960158495232463,0.0009960158495232463,0.0009960158495232463,0.0009960158495232463
99,2.3503639541134134,4.700727908226827,-0.0017796253825297045,0.0009960158495232463,4.015625,0.5703125,-0.5703125,5.756370834016707,-112.11926943040544,0.03151316195726395,1.3020573457082112,0.0019548426377392993,0.0,0.0,0.996015727519989,0.0009960158495232463,0.0009960158495232463,0.0009960158495232463,0.0009960158495232463
100,2.3503892259431636,4.700778451886327,-0.0021616451090436476,0.0009960158495232463,4.203125,-0.265625,0.265625,6.138417707988992,-126.13074493253099,0.03151316195726395,1.2938882062832515,0.0019151867149010589,0.0,0.0,0.996015727519989,0.0009960158495232463,0.0009960158495232463,0.0009960158495232463,0.0009960158495232463
101,2.3503479860008767,4.700695972001753,0.0013858746693939622,0.0009960158495232463,4.234375,-0.109375,0.109375,6.040176042006351,-150.54931721344207,0.03151316195726395,1.302910382548968,0.0018656431639101356,0.0,0.0,0.996015727519989,0.0009960158495232463,0.0009960158495232463,0.0009960158495232463,0.0009960158495232463
102,2.350285075901011,4.700570151802022,-0.00047985121829352404,0.0009960158495232463,4.140625,-0.359375,0.359375,5.959826875012368,-115.39709139758686,0.03151316195726395,1.2876051664352417,0.0018915946517760556,0.0,0.0,0.996015727519989,0.0009960158495232463,0.0009960158495232463,0.0009960158495232463,0.0009960158495232463
103,2.3502737342056985,4.700547468411397,-0.0016409338213968618,0.0009960158495232463,4.3046875,0.6875,-0.6875,6.148428583983332,-148.08654421924896,0.03151316195726395,1.2923334787289302,0.0018329687542670097,0.0,0.0,0.996015727519989,0.0009960158495232463,0.0009960158495232463,0.0009960158495232463,0.0009960158495232463
104,2.350206420421096,4.700412840842192,-0.0005909024107284472,0.0009960158495232463,4.3359375,-0.5546875,0.5546875,6.265723666991107,-131.65014803398836,0.03151316195726395,1.2890689074993134,0.0018469354836270213,0.0,0.0,0.996015727519989,0.0009960158495232463,0.0009960158495232463,0.0009960158495232463,0.0009960158495232463
105,2.350116939851916,4.700233879703832,-0.001544657432254168,0.0009960158495232463,4.1796875,-0.6640625,0.6640625,6.193666999984998,-132.64755681641748,0.03151316195726395,1.3191001613934834,0.0019946707567820945,0.0,0.0,0.996015727519989,0.0009960158495232463,0.0009960158495232463,0.0009960158495232463,0.0009960158495232463
106,2.3500368402387175,4.700073680477435,-0.0016504418340530696,0.0009960158495232463,4.2578125,-0.3828125,0.3828125,6.766580750001594,-134.52838626148502,0.03151316195726395,1.3321808874607086,0.001943893463855299,0.0,0.0,0.996015727519989,0.0009960158495232463,0.0009960158495232463,0.0009960158495232463,0.0009960158495232463
107,2.349967382319245,4.69993476463849,-0.0013823643309592568,0.0009960158495232463,4.3671875,0.0703125,-0.0703125,6.5286866670357995,-136.29192178033972,0.03151316195726395,1.3305770804484685,0.0019056520056134711,0.0,0.0,0.996015727519989,0.0009960158495232463,0.0009960158495232463,0.0009960158495232463,0.0009960158495232463
108,2.349964591225829,4.699929182451658,-0.0005588584327884726,0.0009960158495232463,4.2421875,-0.1640625,0.1640625,6.432391040958464,-174.7633535631454,0.03151316195726395,1.345530425508817,0.0018550000046767916,0.0,0.0,0.996015727519989,0.0009960158495232463,0.0009960158495232463,0.0009960158495232463,0.0009960158495232463
109,2.349930358325301,4.699860716650602,-0.00350276277482143,0.0009960158495232463,4.1328125,-0.6328125,0.6328125,6.417204207973555,-114.80424320596377,0.03151316195726395,1.331899454196294,0.0019325539760757238,0.0,0.0,0.996015727519989,0.0009960158495232463,0.0009960158495232463,0.0009960158495232463,0.0009960158495232463
110,2.349734901424239,4.699469802848478,-0.002084790632472634,0.0009960158495232463,4.3515625,-0.671875,0.671875,6.309962083003484,-161.42265394602902,0.03151316195726395,1.3329750001430511,0.0018936268534162082,0.0,0.0,0.996015727519989,0.0009960158495232463,0.0009960158495232463,0.0009960158495232463,0.0009960158495232463
111,2.3495014306410384,4.699002861282077,-0.0031682565881722643,0.0009960158495232463,4.109375,-0.7109375,0.7109375,6.002840208995622,-173.48924629078618,0.03151316195726395,1.3538691848516464,0.0019651257777392552,0.0,0.0,0.996015727519989,0.0009960158495232463,0.0009960158495232463,0.0009960158495232463,0.0009960158495232463
112,2.349421106417613,4.698842212835226,-0.0025413126960228487,0.0009960158495232463,3.9609375,-0.0078125,0.0078125,5.914681000052951,-142.43595374864938,0.03151316195726395,1.3893724580605824,0.0020033795165848764,0.0,0.0,0.996015727519989,0.0009960158495232463,0.0009960158495232463,0.0009960158495232463,0.0009960158495232463
113,2.3493235989814174,4.698647197962835,-0.002756142199959355,0.0009960158495232463,4.328125,-0.171875,0.171875,6.461726790992543,-160.1463156232765,0.03151316195726395,1.397188236316045,0.0021645725840547434,0.0,0.0,0.996015727519989,0.0009960158495232463,0.0009960158495232463,0.0009960158495232463,0.0009960158495232463
114,2.3491951192212333,4.6983902384424665,-0.002495589286559632,0.0009960158495232463,4.2109375,0.53125,-0.53125,6.111544582992792,-184.4236773825311,0.03151316195726395,1.401454855998357,0.002069006305343161,0.0,0.0,0.996015727519989,0.0009960158495232463,0.0009960158495232463,0.0009960158495232463,0.0009960158495232463
115,2.3489967442837068,4.6979934885674135,-0.00012132976401708436,0.0009960158495232463,4.296875,-0.390625,0.390625,6.134705875010695,-224.90540469516407,0.03151316195726395,1.392721340060234,0.002009167908302819,0.0,0.0,0.996015727519989,0.0009960158495232463,0.0009960158495232463,0.0009960158495232463,0.0009960158495232463
116,2.3489174678584392,4.6978349357168785,0.001098623650231447,0.0009960158495232463,4.0234375,0.1953125,-0.1953125,6.02460720797535,-231.00484279289986,0.03151316195726395,1.4213394622008007,0.0020542104951649285,0.0,0.0,0.996015727519989,0.0009960158495232463,0.0009960158495232463,0.0009960158495232463,0.0009960158495232463
117,2.348870973904414,4.697741947808828,-0.004006740620398155,0.0009960158495232463,4.0703125,-0.359375,0.359375,5.81063554197317,-222.4775533348951,0.03151316195726395,1.4551476190487544,0.0021649374854556904,0.0,0.0,0.996015727519989,0.0009960158495232463,0.0009960158495232463,0.0009960158495232463,0.0009960158495232463
118,2.3487828372004493,4.697565674400899,-0.0023938673771880365,0.0009960158495232463,4.4921875,-0.3359375,0.3359375,6.675918958033435,-237.95956332559172,0.03151316195726395,1.4312337438265483,0.0019870666710630758,0.0,0.0,0.996015727519989,0.0009960158495232463,0.0009960158495232463,0.0009960158495232463,0.0009960158495232463
119,2.348693226082429,4.697386452164858,-0.003617319000037589,0.0009960158495232463,4.0234375,0.125,-0.125,5.797541500010993,-193.47814622110533,0.03151316195726395,1.4728560050328572,0.002083323721308261,0.0,0.0,0.996015727519989,0.0009960158495232463,0.0009960158495232463,0.0009960158495232463,0.0009960158495232463
120,2.348654224373054,4.697308448746108,-0.0026143115110474936,0.0009960158495232463,4.4453125,0.4453125,-0.4453125,6.409485708980355,-201.7358553300633,0.03151316195726395,1.490021641055743,0.0021068830174044706,0.0,0.0,0.996015727519989,0.0009960158495232463,0.0009960158495232463,0.0009960158495232463,0.0009960158495232463
121,2.348560154965054,4.697120309930108,-0.005450403847877153,0.0009960158495232463,4.1875,0.8125,-0.8125,6.1335579580045305,-236.68799117474413,0.03151316195726395,1.4930272450049717,0.0020500812115642475,0.0,0.0,0.996015727519989,0.0009960158495232463,0.0009960158495232463,0.0009960158495232463,0.0009960158495232463
122,2.3485744583904866,4.697148916780973,-0.0028040080856085847,0.0009960158495232463,4.0234375,0.3046875,-0.3046875,5.8719701250083745,-295.1674606656565,0.03151316195726395,1.52525095641613,0.0020773304774290105,0.0,0.0,0.996015727519989,0.0009960158495232463,0.0009960158495232463,0.0009960158495232463,0.0009960158495232463
123,2.348486390469819,4.696972780939638,-0.002853071236213401,0.0009960158495232463,4.125,0.765625,-0.765625,5.956842334009707,-315.8204683216684,0.03151316195726395,1.5273712525765102,0.0020947554245746383,0.0,0.0,0.996015727519989,0.0009960158495232463,0.0009960158495232463,0.0009960158495232463,0.0009960158495232463
124,2.348419066472426,4.696838132944852,-0.0027357617419365024,0.0009960158495232463,4.2265625,0.625,-0.625,6.128538625023793,-245.10453833868235,0.03151316195726395,1.5099134246508281,0.00204545344846944,0.0,0.0,0.996015727519989,0.0009960158495232463,0.0009960158495232463,0.0009960158495232463,0.0009960158495232463
125,2.3484264566307322,4.6968529132614645,-0.0028994455110100967,0.0009960158495232463,4.3046875,0.2421875,-0.2421875,6.148176041024271,-305.85572883546246,0.03151316195726395,1.4946438322464626,0.0019203408281403729,0.0,0.0,0.996015727519989,0.0009960158495232463,0.0009960158495232463,0.0009960158495232463,0.0009960158495232463
126,2.348336814014721,4.696673628029442,-0.0002986280946275774,0.0009960158495232463,4.2578125,0.0078125,-0.0078125,6.154647083953023,-331.93369176256545,0.03151316195726395,1.5155768791834514,0.0020943208789200676,0.0,0.0,0.996015727519989,0.0009960158495232463,0.0009960158495232463,0.0009960158495232463,0.0009960158495232463
127,2.348359564180357,4.696719128360714,0.00016933645955387143,0.0009960158495232463,4.296875,0.2109375,-0.2109375,6.134845833003055,-251.1595572757721,0.03151316195726395,1.5123213231563568,0.0020031486371105225,0.0,0.0,0.996015727519989,0.0009960158495232463,0.0009960158495232463,0.0009960158495232463,0.0009960158495232463
128,2.3482727059882653,4.696545411976531,-0.003775857102990815,0.0009960158495232463,4.3125,0.1953125,-0.1953125,6.1595537919783965,-309.8193013553602,0.03151316195726395,1.5118249903122585,0.001948114486973888,0.0,0.0,0.996015727519989,0.0009960158495232463,0.0009960158495232463,0.0009960158495232463,0.0009960158495232463
129,2.3482296535382075,4.696459307076415,-0.0015801650278585324,0.0009960158495232463,4.34375,0.0859375,-0.0859375,6.22184145799838,-251.40226356524357,0.03151316195726395,1.5222374349832535,0.0022064180763360732,0.0,0.0,0.996015727519989,0.0009960158495232463,0.0009960158495232463,0.0009960158495232463,0.0009960158495232463
130,2.34817255379066,4.69634510758132,-0.0016064056258783853,0.0009960158495232463,4.1484375,0.4140625,-0.4140625,6.028274042007979,-221.16103494459176,0.03151316195726395,1.5575967182715733,0.002287812855987189,0.0,0.0,0.996015727519989,0.0009960158495232463,0.0009960158495232463,0.0009960158495232463,0.0009960158495232463
131,2.3481869501359913,4.696373900271983,-0.0035184878769756417,0.0009960158495232463,4.0859375,-0.2421875,0.2421875,5.919087000016589,-238.2525850459221,0.03151316195726395,1.6282359411319096,0.0023984652034414466,0.0,0.0,0.996015727519989,0.0009960158495232463,0.0009960158495232463,0.0009960158495232463,0.0009960158495232463
132,2.34812829920402,4.69625659840804,-0.004407582167018831,0.0009960158495232463,4.3984375,-0.328125,0.328125,6.336727000016253,-319.43953095553826,0.03151316195726395,1.6128114312887192,0.0021381722338749873,0.0,0.0,0.996015727519989,0.0009960158495232463,0.0009960158495232463,0.0009960158495232463,0.0009960158495232463
133,2.348086791477254,4.696173582954508,-0.00016201277880407305,0.0009960158495232463,4.3671875,0.046875,-0.046875,6.240823832980823,-272.4920765236153,0.03151316195726395,1.6438592374324799,0.0022793350944994017,0.0,0.0,0.996015727519989,0.0009960158495232463,0.0009960158495232463,0.0009960158495232463,0.0009960158495232463
134,2.348048934683172,4.696097869366344,-0.0019088163133586424,0.0009960158495232463,4.203125,-0.265625,0.265625,6.0849085000227205,-276.36645773906247,0.03151316195726395,1.6726865271727245,0.0023348746599367587,0.0,0.0,0.996015727519989,0.0009960158495232463,0.0009960158495232463,0.0009960158495232463,0.0009960158495232463
135,2.3480103267515515,4.696020653503103,-0.0017245293703122343,0.0009960158495232463,4.2421875,-0.3046875,0.3046875,6.135593582992442,-338.55405220493645,0.03151316195726395,1.6472319662570953,0.0022721626961962707,0.0,0.0,0.996015727519989,0.0009960158495232463,0.0009960158495232463,0.0009960158495232463,0.0009960158495232463
136,2.3479725346395535,4.695945069279107,-0.003847524461833595,0.0009960158495232463,4.21875,-0.0625,0.0625,6.033774834009819,-355.57311374964536,0.03151316195726395,1.6662952105204265,0.0024310693212707215,0.0,0.0,0.996015727519989,0.0009960158495232463,0.0009960158495232463,0.0009960158495232463,0.0009960158495232463
137,2.3480565914008382,4.6961131828016764,0.00023339951677882163,0.0009960158495232463,4.125,-0.859375,0.859375,5.9765148750157095,-325.5224103686033,0.03151316195726395,1.6808665643135707,0.00215039840653238,0.0,0.0,0.996015727519989,0.0009960158495232463,0.0009960158495232463,0.0009960158495232463,0.0009960158495232463
138,2.3480341967228693,4.696068393445739,-0.0026863981163085127,0.0009960158495232463,4.2578125,0.2890625,-0.2890625,6.078957999998238,-341.8188262204512,0.03151316195726395,1.6617723007996876,0.001958319427406726,0.0,0.0,0.996015727519989,0.0009960158495232463,0.0009960158495232463,0.0009960158495232463,0.0009960158495232463
139,2.3479999069081763,4.695999813816353,-0.0016542198368610936,0.0009960158495232463,4.15625,-0.21875,0.21875,6.395308125007432,-456.38048331316253,0.03151316195726395,1.618862047791481,0.0018896709807449952,0.0,0.0,0.996015727519989,0.0009960158495232463,0.0009960158495232463,0.0009960158495232463,0.0009960158495232463
140,2.3479695897116963,4.695939179423393,-0.003044245974935112,0.0009960158495232463,4.125,0.15625,-0.15625,6.0589780830196105,-349.92379633585614,0.03151316195726395,1.651561513543129,0.0022250324521640628,0.0,0.0,0.996015727519989,0.0009960158495232463,0.0009960158495232463,0.0009960158495232463,0.0009960158495232463
141,2.3479533237729555,4.695906647545911,-0.003074224089515726,0.0009960158495232463,4.109375,-0.0390625,0.0390625,6.04688941698987,-369.9551061586735,0.03151316195726395,1.6828369597593944,0.002400713875734558,0.0,0.0,0.996015727519989,0.0009960158495232463,0.0009960158495232463,0.0009960158495232463,0.0009960158495232463
142,2.3479933428325035,4.695986685665007,-0.0020472000171436566,0.0009960158495232463,4.296875,0.3046875,-0.3046875,7.066042167018168,-384.99211173187604,0.03151316195726395,1.688449556628863,0.0022822790815553162,0.0,0.0,0.996015727519989,0.0009960158495232463,0.0009960158495232463,0.0009960158495232463,0.0009960158495232463
143,2.3480147228557247,4.696029445711449,-0.002440678401004205,0.0009960158495232463,4.15625,0.4765625,-0.4765625,6.344501208979636,-341.7030160834915,0.03151316195726395,1.7080724587043126,0.002261753977412203,0.0,0.0,0.996015727519989,0.0009960158495232463,0.0009960158495232463,0.0009960158495232463,0.0009960158495232463
144,2.3479958661122486,4.695991732224497,-0.0015817352921552942,0.0009960158495232463,4.3046875,-0.7890625,0.7890625,6.398110207985155,-372.76777176329097,0.03151316195726395,1.7351752122243245,0.0023903088464673297,0.0,0.0,0.996015727519989,0.0009960158495232463,0.0009960158495232463,0.0009960158495232463,0.0009960158495232463
145,2.3480068210849683,4.6960136421699366,-0.0017724926521861912,0.0009960158495232463,4.3125,-0.1640625,0.1640625,6.284105375001673,-430.9872443822847,0.03151316195726395,1.7340331673622131,0.0023128302030575774,0.0,0.0,0.996015727519989,0.0009960158495232463,0.0009960158495232463,0.0009960158495232463,0.0009960158495232463
146,2.348026169392421,4.696052338784842,-0.0031068413512566574,0.0009960158495232463,4.296875,0.28125,-0.28125,6.222285917028785,-442.8205859630758,0.03151316195726395,1.6875227689743042,0.0022710834414283454,0.0,0.0,0.996015727519989,0.0009960158495232463,0.0009960158495232463,0.0009960158495232463,0.0009960158495232463
147,2.348168306736219,4.696336613472438,-0.00220379809795226,0.0009960158495232463,4.125,-0.1875,0.1875,5.969480916974135,-462.8998853911956,0.03151316195726395,1.6879063645998638,0.002168980625962528,0.0,0.0,0.996015727519989,0.0009960158495232463,0.0009960158495232463,0.0009960158495232463,0.0009960158495232463
148,2.3482829936050478,4.6965659872100955,0.00013131710369887158,0.0009960158495232463,4.25,0.171875,-0.171875,6.426736333000008,-388.8017851346556,0.03151316195726395,1.7265364875396092,0.0023496558618110916,0.0,0.0,0.996015727519989,0.0009960158495232463,0.0009960158495232463,0.0009960158495232463,0.0009960158495232463
149,2.348330927645239,4.696661855290478,-0.0034094038511185256,0.0009960158495232463,4.3125,-0.125,0.125,6.489301333029289,-471.1662278201269,0.03151316195726395,1.7342001646757126,0.002162942876263211,0.0,0.0,0.996015727519989,0.0009960158495232463,0.0009960158495232463,0.0009960158495232463,0.0009960158495232463
150,2.348352713418765,4.69670542683753,0.0009297257422863861,0.0009960158495232463,4.328125,0.0859375,-0.0859375,6.552497374999803,-415.1761036814335,0.03151316195726395,1.748587191104889,0.0022790711276077977,0.0,0.0,0.996015727519989,0.0009960158495232463,0.0009960158495232463,0.0009960158495232463,0.0009960158495232463
151,2.348408489975256,4.696816979950512,-0.00214938063096542,0.0009960158495232463,4.3203125,0.640625,-0.640625,6.793163708993234,-348.9404221395903,0.03151316195726395,1.7822929670413334,0.002599199457714955,0.0,0.0,0.996015727519989,0.0009960158495232463,0.0009960158495232463,0.0009960158495232463,0.0009960158495232463
152,2.3485105042674057,4.697021008534811,-0.004381478493579132,0.0009960158495232463,4.328125,-0.6171875,0.6171875,6.387468833010644,-429.4694778988077,0.03151316195726395,1.7657269885142644,0.0024211554579475583,0.0,0.0,0.996015727519989,0.0009960158495232463,0.0009960158495232463,0.0009960158495232463,0.0009960158495232463
153,2.3487063960966448,4.6974127921932896,-0.0023973447352081765,0.0009960158495232463,4.25,-0.28125,0.28125,6.3405090830056,-376.6325897140538,0.03151316195726395,1.7623554517825444,0.0023170150446579405,0.0,0.0,0.996015727519989,0.0009960158495232463,0.0009960158495232463,0.0009960158495232463,0.0009960158495232463
154,2.3488094354954505,4.697618870990901,-0.002194220743438872,0.0009960158495232463,4.09375,0.0078125,-0.0078125,5.924894249998033,-498.489958188916,0.03151316195726395,1.7718611756960552,0.0022944255785356895,0.0,0.0,0.996015727519989,0.0009960158495232463,0.0009960158495232463,0.0009960158495232463,0.0009960158495232463
155,2.348959240026626,4.697918480053252,-0.006364927493894539,0.0009960158495232463,4.265625,-0.5546875,0.5546875,6.251960875000805,-376.9852507896039,0.03151316195726395,1.8158948520819347,0.0023617566548637114,0.0,0.0,0.996015727519989,0.0009960158495232463,0.0009960158495232463,0.0009960158495232463,0.0009960158495232463
156,2.3490778069839267,4.698155613967853,-0.0019112341890110125,0.0009960158495232463,4.3828125,-0.0078125,0.0078125,6.270911084022373,-487.0414509798754,0.03151316195726395,1.8112092812856038,0.0022984334573266096,0.0,0.0,0.996015727519989,0.0009960158495232463,0.0009960158495232463,0.0009960158495232463,0.0009960158495232463
157,2.349288417139117,4.698576834278234,-0.004759973085643003,0.0009960158495232463,4.40625,-0.7890625,0.7890625,6.260946625028737,-455.22468685385184,0.03151316195726395,1.8486902117729187,0.002523170624044724,0.0,0.0,0.996015727519989,0.0009960158495232463,0.0009960158495232463,0.0009960158495232463,0.0009960158495232463
158,2.3493955242182727,4.698791048436545,-0.002439163800891744,0.0009960158495232463,4.53125,0.625,-0.625,6.5359445420326665,-447.27191015893015,0.03151316195726395,1.836712270975113,0.0022213135398487793,0.0,0.0,0.996015727519989,0.0009960158495232463,0.0009960158495232463,0.0009960158495232463,0.0009960158495232463
159,2.3494553229597934,4.698910645919587,-0.003079055151170289,0.0009960158495232463,4.390625,-0.1171875,0.1171875,6.299378165975213,-436.4705823375661,0.03151316195726395,1.8455354968706768,0.002403365981687481,0.0,0.0,0.996015727519989,0.0009960158495232463,0.0009960158495232463,0.0009960158495232463,0.0009960158495232463
160,2.3495350677330613,4.699070135466123,-0.00396096133275654,0.0009960158495232463,4.34375,0.234375,-0.234375,6.230359832989052,-341.1164780619333,0.03151316195726395,1.8708357413609822,0.002505609536456177,0.0,0.0,0.996015727519989,0.0009960158495232463,0.0009960158495232463,0.0009960158495232463,0.0009960158495232463
161,2.349702298015075,4.69940459603015,0.0005676478816680992,0.0009960158495232463,4.234375,0.265625,-0.265625,6.169396916986443,-461.3959198706264,0.03151316195726395,1.8628338476022084,0.002449204941513017,0.0,0.0,0.996015727519989,0.0009960158495232463,0.0009960158495232463,0.0009960158495232463,0.0009960158495232463
162,2.3499159141651154,4.699831828330231,-0.004838668844433709,0.0009960158495232463,4.375,0.984375,-0.984375,6.756663624953944,-423.813716426066,0.03151316195726395,1.8877772092819214,0.0025574142734209695,0.0,0.0,0.996015727519989,0.0009960158495232463,0.0009960158495232463,0.0009960158495232463,0.0009960158495232463
163,2.3501819808842805,4.700363961768561,-0.0010960593277486452,0.0009960158495232463,4.1640625,0.0234375,-0.0234375,6.436666291963775,-523.5708000145531,0.03151316195726395,1.923037548859914,0.0025748330444912426,0.0,0.0,0.996015727519989,0.0009960158495232463,0.0009960158495232463,0.0009960158495232463,0.0009960158495232463
164,2.3504354943559873,4.700870988711975,-0.004301536884540698,0.0009960158495232463,4.3515625,-0.140625,0.140625,6.464367458014749,-594.0500631349519,0.03151316195726395,1.908962607383728,0.002398790486040525,0.0,0.0,0.996015727519989,0.0009960158495232463,0.0009960158495232463,0.0009960158495232463,0.0009960158495232463
165,2.35071931880753,4.70143863761506,0.00019950077586722973,0.0009960158495232463,4.21875,0.1640625,-0.1640625,6.499315375054721,-521.9694930946386,0.03151316195726395,1.872422695159912,0.002323598717339337,0.0,0.0,0.996015727519989,0.0009960158495232463,0.0009960158495232463,0.0009960158495232463,0.0009960158495232463
166,2.3509446489578325,4.701889297915665,-0.0015920878194708044,0.0009960158495232463,4.421875,0.3828125,-0.3828125,6.462390208966099,-666.8079932296234,0.03151316195726395,1.8913688858350117,0.0024892209524599216,0.0,0.0,0.996015727519989,0.0009960158495232463,0.0009960158495232463,0.0009960158495232463,0.0009960158495232463
167,2.351123656615965,4.70224731323193,-0.0052028067506993,0.0009960158495232463,4.3125,-0.7421875,0.7421875,6.983812917023897,-661.1000160993873,0.03151316195726395,1.9317807654539745,0.002567839065401737,0.0,0.0,0.996015727519989,0.0009960158495232463,0.0009960158495232463,0.0009960158495232463,0.0009960158495232463
168,2.3513924565594744,4.702784913118949,-0.005432484139354493,0.0009960158495232463,4.3515625,-0.1484375,0.1484375,6.472930207964964,-645.9520126275143,0.03151316195726395,1.9627857704957326,0.002515803841257972,0.0,0.0,0.996015727519989,0.0009960158495232463,0.0009960158495232463,0.0009960158495232463,0.0009960158495232463
169,2.351597042589926,4.703194085179852,-0.0023533578234002997,0.0009960158495232463,4.2890625,-0.3359375,0.3359375,6.524922125041485,-687.4261564244338,0.03151316195726395,1.9758193294207256,0.0025582787663248987,0.0,0.0,0.996015727519989,0.0009960158495232463,0.0009960158495232463,0.0009960158495232463,0.0009960158495232463
170,2.3517948895509795,4.703589779101959,-0.0009116165660631741,0.0009960158495232463,4.3125,-0.453125,0.453125,6.503697625012137,-761.7769879603732,0.03151316195726395,1.9896961053212483,0.0025050036225972385,0.0,0.0,0.996015727519989,0.0009960158495232463,0.0009960158495232463,0.0009960158495232463,0.0009960158495232463
171,2.351992316396797,4.703984632793594,-0.005843656556607347,0.0009960158495232463,4.2265625,-0.0703125,0.0703125,6.030820041021798,-843.5281906268954,0.03151316195726395,2.00069060921669,0.0024871622930125645,0.0,0.0,0.996015727519989,0.0009960158495232463,0.0009960158495232463,0.0009960158495232463,0.0009960158495232463
172,2.3522615449898447,4.7045230899796895,0.0015051001163466132,0.0009960158495232463,4.4140625,0.203125,-0.203125,6.34488270804286,-598.8543629595664,0.03151316195726395,1.9791503846645355,0.0024131806082247445,0.0,0.0,0.996015727519989,0.0009960158495232463,0.0009960158495232463,0.0009960158495232463,0.0009960158495232463
173,2.3526240865257613,4.7052481730515225,-0.0032197930682274344,0.0009960158495232463,4.2890625,0.3515625,-0.3515625,6.217531332978979,-551.4450249246344,0.03151316195726395,1.9967768688996632,0.002345446848873204,0.0,0.0,0.996015727519989,0.0009960158495232463,0.0009960158495232463,0.0009960158495232463,0.0009960158495232463
174,2.352935530463429,4.705871060926858,-0.0018880775357906722,0.0009960158495232463,4.3203125,-0.0390625,0.0390625,6.145975332998205,-652.3934527883478,0.03151316195726395,2.003745456536611,0.002554047013594148,0.0,0.0,0.996015727519989,0.0009960158495232463,0.0009960158495232463,0.0009960158495232463,0.0009960158495232463
175,2.3532133313065016,4.706426662613003,-0.0031864528483201786,0.0009960158495232463,4.6640625,-0.3125,0.3125,6.679963375034276,-815.7300775055111,0.03151316195726395,1.9774963756402333,0.0025058471292140894,0.0,0.0,0.996015727519989,0.0009960158495232463,0.0009960158495232463,0.0009960158495232463,0.0009960158495232463
176,2.3533867636330417,4.706773527266083,-0.001034403168753275,0.0009960158495232463,4.46875,0.2578125,-0.2578125,6.392649499990512,-741.4911075747096,0.03151316195726395,1.9456464350223541,0.0022455156189001477,0.0,0.0,0.996015727519989,0.0009960158495232463,0.0009960158495232463,0.0009960158495232463,0.0009960158495232463
177,2.3536424261908393,4.707284852381679,-0.003811841665755759,0.0009960158495232463,4.3359375,0.890625,-0.890625,6.228983334032819,-701.3255583213256,0.03151316195726395,1.9725382228692372,0.002481847802603928,0.0,0.0,0.996015727519989,0.0009960158495232463,0.0009960158495232463,0.0009960158495232463,0.0009960158495232463
178,2.353908138460935,4.70781627692187,-0.0009529476857579832,0.0009960158495232463,4.4375,-0.828125,0.828125,6.339627249981277,-729.955584910554,0.03151316195726395,2.021099398533503,0.002436525814118795,0.0,0.0,0.996015727519989,0.0009960158495232463,0.0009960158495232463,0.0009960158495232463,0.0009960158495232463
179,2.3541476934959853,4.708295386991971,-0.004225818792766832,0.0009960158495232463,4.359375,-0.3046875,0.3046875,6.267877333972137,-765.1696231271204,0.03151316195726395,2.0376442968845367,0.002590097157129397,0.0,0.0,0.996015727519989,0.0009960158495232463,0.0009960158495232463,0.0009960158495232463,0.0009960158495232463
180,2.354408509055713,4.708817018111426,-0.0050642213014136924,0.0009960158495232463,4.3984375,0.3046875,-0.3046875,6.340364874980878,-622.0799561410772,0.03151316195726395,2.021466384331385,0.0026137928070966154,0.0,0.0,0.996015727519989,0.0009960158495232463,0.0009960158495232463,0.0009960158495232463,0.0009960158495232463
181,2.3546829893809362,4.7093659787618725,-0.002346409738161505,0.0009960158495232463,4.46875,-0.6484375,0.6484375,6.381105499982368,-797.0416014427906,0.03151316195726395,2.0219085415204368,0.00232901668255181,0.0,0.0,0.996015727519989,0.0009960158495232463,0.0009960158495232463,0.0009960158495232463,0.0009960158495232463
182,2.354918706059362,4.709837412118724,-0.0032504272966741334,0.0009960158495232463,4.2734375,-0.6015625,0.6015625,6.083488125004806,-736.093215967663,0.03151316195726395,2.1024459103743234,0.0026022095892888806,0.0,0.0,0.996015727519989,0.0009960158495232463,0.0009960158495232463,0.0009960158495232463,0.0009960158495232463
183,2.3552297709806735,4.710459541961347,-0.00449215925018021,0.0009960158495232463,4.1484375,0.390625,-0.390625,6.433913666987792,-636.4871057566052,0.03151316195726395,2.1446555256843567,0.002718706843249189,0.0,0.0,0.996015727519989,0.0009960158495232463,0.0009960158495232463,0.0009960158495232463,0.0009960158495232463
184,2.355508453674643,4.711016907349286,-0.003407164858750583,0.0009960158495232463,4.328125,0.28125,-0.28125,6.352083958045114,-843.4578334949507,0.03151316195726395,2.1422845323880515,0.0025902137786033563,0.0,0.0,0.996015727519989,0.0009960158495232463,0.0009960158495232463,0.0009960158495232463,0.0009960158495232463
185,2.3557176875169814,4.711435375033963,-0.002451070108143083,0.0009960158495232463,4.4921875,-0.546875,0.546875,6.468752125045285,-705.0415914983334,0.03151316195726395,2.099018712838491,0.0025695847604462565,0.0,0.0,0.996015727519989,0.0009960158495232463,0.0009960158495232463,0.0009960158495232463,0.0009960158495232463
186,2.355950370375422,4.711900740750844,-0.003361757886656917,0.0009960158495232463,4.4375,0.2578125,-0.2578125,6.446027124999091,-938.5578587097182,0.03151316195726395,2.0845092236995697,0.002376544228657925,0.0,0.0,0.996015727519989,0.0009960158495232463,0.0009960158495232463,0.0009960158495232463,0.0009960158495232463
187,2.3562336351074205,4.712467270214841,-0.0009403546761735486,0.0009960158495232463,4.2734375,-0.2578125,0.2578125,6.1165561670204625,-751.7903647884808,0.03151316195726395,2.1179965337117515,0.002401343842696709,0.0,0.0,0.996015727519989,0.0009960158495232463,0.0009960158495232463,0.0009960158495232463,0.0009960158495232463
188,2.3565099068940936,4.713019813788187,-0.004395917976346163,0.0009960158495232463,4.3359375,-0.265625,0.265625,6.18287550000241,-886.0075385514681,0.03151316195726395,2.1578586399555206,0.002434027267251319,0.0,0.0,0.996015727519989,0.0009960158495232463,0.0009960158495232463,0.0009960158495232463,0.0009960158495232463
189,2.3568097303372038,4.7136194606744075,-0.007283614912709149,0.0009960158495232463,4.4375,-0.1953125,0.1953125,6.373848290997557,-831.6449780044421,0.03151316195726395,2.187761813402176,0.002583292924100533,0.0,0.0,0.996015727519989,0.0009960158495232463,0.0009960158495232463,0.0009960158495232463,0.0009960158495232463
190,2.357073672274016,4.714147344548032,-0.0032242382893193835,0.0009960158495232463,4.2265625,0.0703125,-0.0703125,6.054458500002511,-1128.104856156157,0.03151316195726395,2.197544535001119,0.002614073542645201,0.0,0.0,0.996015727519989,0.0009960158495232463,0.0009960158495232463,0.0009960158495232463,0.0009960158495232463
191,2.3573826725874025,4.714765345174805,-0.0027127214658067555,0.0009960158495232463,4.46875,-0.765625,0.765625,6.524792417010758,-913.7926642527947,0.03151316195726395,2.1999625066916146,0.0024591160399722867,0.0,0.0,0.996015727519989,0.0009960158495232463,0.0009960158495232463,0.0009960158495232463,0.0009960158495232463
192,2.3577278696156925,4.715455739231385,-0.004018300716351502,0.0009960158495232463,4.515625,0.1640625,-0.1640625,6.590756750025321,-895.8689396538124,0.03151316195726395,2.2116838494936624,0.002770347983945006,0.0,0.0,0.996015727519989,0.0009960158495232463,0.0009960158495232463,0.0009960158495232463,0.0009960158495232463
193,2.358122365473722,4.716244730947444,-0.0032827492410980558,0.0009960158495232463,4.4140625,0.0390625,-0.0390625,6.911707166000269,-824.5055957313133,0.03151316195726395,2.2218090693155923,0.0029165688514088592,0.0,0.0,0.996015727519989,0.0009960158495232463,0.0009960158495232463,0.0009960158495232463,0.0009960158495232463
194,2.3584373061765174,4.716874612353035,-0.008170504001839884,0.0009960158495232463,4.203125,-0.3046875,0.3046875,6.295902749989182,-912.8482431975439,0.03151316195726395,2.2703262170155845,0.0029675278589517498,0.0,0.0,0.996015727519989,0.0009960158495232463,0.0009960158495232463,0.0009960158495232463,0.0009960158495232463
195,2.3585899235440024,4.717179847088005,-0.0042121516919275,0.0009960158495232463,4.2890625,-0.75,0.75,6.314955082954839,-937.008743483295,0.03151316195726395,2.3026856581370034,0.0028532572420469173,0.0,0.0,0.996015727519989,0.0009960158495232463,0.0009960158495232463,0.0009960158495232463,0.0009960158495232463
196,2.358832516213287,4.717665032426574,-0.003283526843738153,0.0009960158495232463,4.0859375,0.359375,-0.359375,6.051307666988578,-1006.617014063476,0.03151316195726395,2.3227980534235635,0.002549006817086289,0.0,0.0,0.996015727519989,0.0009960158495232463,0.0009960158495232463,0.0009960158495232463,0.0009960158495232463
197,2.359070632052218,4.718141264104436,-0.0039471338050748594,0.0009960158495232463,4.4296875,0.1328125,-0.1328125,6.4388638329692185,-1222.3110804187768,0.03151316195726395,2.291105409463247,0.002285801413866769,0.0,0.0,0.996015727519989,0.0009960158495232463,0.0009960158495232463,0.0009960158495232463,0.0009960158495232463
198,2.359425360779089,4.718850721558178,-0.0010092797924584984,0.0009960158495232463,4.28125,-0.2734375,0.2734375,6.119056667026598,-1195.6118784237951,0.03151316195726395,2.2838167945543923,0.0023707239452051,0.0,0.0,0.996015727519989,0.0009960158495232463,0.0009960158495232463,0.0009960158495232463,0.0009960158495232463
199,2.3597717943465435,4.719543588693087,-0.0042289481503023415,0.0009960158495232463,4.1484375,-0.203125,0.203125,6.6754518750240095,-1159.4173059212062,0.03151316195726395,2.3196857472260795,0.002533510904565143,0.0,0.0,0.996015727519989,0.0009960158495232463,0.0009960158495232463,0.0009960158495232463,0.0009960158495232463
200,2.360101567135129,4.720203134270258,-0.008638082931097017,0.0009960158495232463,4.59375,-0.28125,0.28125,6.913455625006463,-1293.4179566360656,0.03151316195726395,2.2815977036952972,0.0025757800128000477,0.0,0.0,0.996015727519989,0.0009960158495232463,0.0009960158495232463,0.0009960158495232463,0.0009960158495232463
201,2.360433959035782,4.720867918071564,-0.0009162300120305453,0.0009960158495232463,4.578125,0.0546875,-0.0546875,6.646720917022321,-1134.3012707062549,0.03151316195726395,2.313691625992457,0.0026521604207421965,0.0,0.0,0.996015727519989,0.0009960158495232463,0.0009960158495232463,0.0009960158495232463,0.0009960158495232463
202,2.3607459563604385,4.721491912720877,-0.0007346630836390748,0.0009960158495232463,4.515625,0.359375,-0.359375,7.16971091600135,-1004.6182414033422,0.03151316195726395,2.3144197265307107,0.0026748324647390596,0.0,0.0,0.996015727519989,0.0009960158495232463,0.0009960158495232463,0.0009960158495232463,0.0009960158495232463
203,2.361039488686038,4.722078977372076,-0.008092392470688882,0.0009960158495232463,4.2890625,0.21875,-0.21875,6.388735082990024,-926.5893464496661,0.03151316195726395,2.3458886047204337,0.002781190304328144,0.0,0.0,0.996015727519989,0.0009960158495232463,0.0009960158495232463,0.0009960158495232463,0.0009960158495232463
204,2.361391652052884,4.722783304105768,-0.003902763855947115,0.0009960158495232463,4.2109375,-0.21875,0.21875,6.2090024999924935,-1156.4556645250054,0.03151316195726395,2.335625300804774,0.002872895493055694,0.0,0.0,0.996015727519989,0.0009960158495232463,0.0009960158495232463,0.0009960158495232463,0.0009960158495232463
205,2.361744256174446,4.723488512348892,-0.006581446946788486,0.0009960158495232463,4.3359375,-0.3984375,0.3984375,6.289164083020296,-1270.287572856422,0.03151316195726395,2.3478165368239083,0.0026463858860855303,0.0,0.0,0.996015727519989,0.0009960158495232463,0.0009960158495232463,0.0009960158495232463,0.0009960158495232463
206,2.362119470450174,4.724238940900348,-0.002136889314813217,0.0009960158495232463,4.25,0.25,-0.25,6.387908332981169,-1114.7533657805009,0.03151316195726395,2.348645359277725,0.002602603196767935,0.0,0.0,0.996015727519989,0.0009960158495232463,0.0009960158495232463,0.0009960158495232463,0.0009960158495232463
207,2.3625393830778063,4.725078766155613,-0.004324215660387301,0.0009960158495232463,4.1796875,0.1171875,-0.1171875,6.003958374960348,-1225.4403008915554,0.03151316195726395,2.3518709441026053,0.0027546086833657077,0.0,0.0,0.996015727519989,0.0009960158495232463,0.0009960158495232463,0.0009960158495232463,0.0009960158495232463
208,2.3629782761137275,4.725956552227455,0.0008552041458550235,0.0009960158495232463,4.2734375,0.1484375,-0.1484375,6.226460957957897,-1610.004314168062,0.03151316195726395,2.377214252948761,0.002756050365860574,0.0,0.0,0.996015727519989,0.0009960158495232463,0.0009960158495232463,0.0009960158495232463,0.0009960158495232463
209,2.363373804383454,4.726747608766908,-0.008174045408342568,0.0009960158495232463,4.3828125,0.0390625,-0.0390625,6.338969582982827,-1705.308686244509,0.03151316195726395,2.378348022699356,0.002732532372950421,0.0,0.0,0.996015727519989,0.0009960158495232463,0.0009960158495232463,0.0009960158495232463,0.0009960158495232463
210,2.36373383730544,4.72746767461088,-0.0010488189459476683,0.0009960158495232463,4.296875,-0.046875,0.046875,6.320482790993992,-1441.0531818754023,0.03151316195726395,2.4072421888510385,0.0028042317426297814,0.0,0.0,0.996015727519989,0.0009960158495232463,0.0009960158495232463,0.0009960158495232463,0.0009960158495232463
211,2.364190212576471,4.728380425152942,-0.006018503212817585,0.0009960158495232463,4.2890625,-0.6171875,0.6171875,6.239510208019055,-1563.3933382277498,0.03151316195726395,2.416840970516205,0.0028446857977542095,0.0,0.0,0.996015727519989,0.0009960158495232463,0.0009960158495232463,0.0009960158495232463,0.0009960158495232463
212,2.3645877111414686,4.729175422282937,-0.0028379597914495094,0.0009960158495232463,4.5078125,-0.2109375,0.2109375,6.5282883329782635,-1893.5040293500163,0.03151316195726395,2.384801745414734,0.0027926075114616347,0.0,0.0,0.996015727519989,0.0009960158495232463,0.0009960158495232463,0.0009960158495232463,0.0009960158495232463
213,2.3649811658118365,4.729962331623673,-0.0033861829124346263,0.0009960158495232463,4.3046875,0.625,-0.625,6.3398958329926245,-1966.519821480268,0.03151316195726395,2.3985305527846017,0.00257589854785086,0.0,0.0,0.996015727519989,0.0009960158495232463,0.0009960158495232463,0.0009960158495232463,0.0009960158495232463
214,2.3654329335537336,4.730865867107467,-0.008964924813246386,0.0009960158495232463,4.328125,-0.7109375,0.7109375,6.236871334025636,-1504.129814480186,0.03151316195726395,2.411713272333145,0.002567385687143542,0.0,0.0,0.996015727519989,0.0009960158495232463,0.0009960158495232463,0.0009960158495232463,0.0009960158495232463
215,2.365932520341209,4.731865040682418,-0.004701573266061792,0.0009960158495232463,4.359375,-0.0859375,0.0859375,6.296279708971269,-1676.552063509555,0.03151316195726395,2.3950161834557853,0.0026591239681389802,0.0,0.0,0.996015727519989,0.0009960158495232463,0.0009960158495232463,0.0009960158495232463,0.0009960158495232463
216,2.36636412035525,4.7327282407105,-0.0071336838212546555,0.0009960158495232463,4.2578125,-0.2890625,0.2890625,6.163910666946322,-1476.4954036485165,0.03151316195726395,2.4375150303045907,0.0028354724927339703,0.0,0.0,0.996015727519989,0.0009960158495232463,0.0009960158495232463,0.0009960158495232463,0.0009960158495232463
217,2.366791700966796,4.733583401933592,-0.007393669760556715,0.0009960158495232463,4.3671875,-0.0390625,0.0390625,6.378655707987491,-1161.0322698617024,0.03151316195726395,2.4554326633612313,0.0029492189569282345,0.0,0.0,0.996015727519989,0.0009960158495232463,0.0009960158495232463,0.0009960158495232463,0.0009960158495232463
218,2.3672629083672403,4.734525816734481,-0.006385116999084324,0.0009960158495232463,4.265625,-0.2890625,0.2890625,6.131036792008672,-1683.2217788329492,0.03151316195726395,2.4817219376564026,0.0028374041179025276,0.0,0.0,0.996015727519989,0.0009960158495232463,0.0009960158495232463,0.0009960158495232463,0.0009960158495232463
219,2.367703880428534,4.735407760857068,-0.0048139264482866635,0.0009960158495232463,4.484375,-0.0390625,0.0390625,6.4630091250292026,-1380.377677970647,0.03151316195726395,2.5022789736588797,0.0029042766545899212,0.0,0.0,0.996015727519989,0.0009960158495232463,0.0009960158495232463,0.0009960158495232463,0.0009960158495232463
220,2.3680820583974835,4.736164116794967,-0.0037605988727535157,0.0009960158495232463,4.2890625,-0.1796875,0.1796875,6.347667750029359,-1592.5083597648772,0.03151316195726395,2.505348970492681,0.002777407396933995,0.0,0.0,0.996015727519989,0.0009960158495232463,0.0009960158495232463,0.0009960158495232463,0.0009960158495232463
221,2.3684656205171484,4.736931241034297,-0.0037835781872006856,0.0009960158495232463,4.59375,0.0859375,-0.0859375,6.651871041976847,-1965.0605635610568,0.03151316195726395,2.43282284339269,0.0024439592719621337,0.0,0.0,0.996015727519989,0.0009960158495232463,0.0009960158495232463,0.0009960158495232463,0.0009960158495232463
222,2.3688472107255345,4.737694421451069,-0.0013874183126780213,0.0009960158495232463,4.4765625,-0.203125,0.203125,6.42672579101054,-1529.1731944824805,0.03151316195726395,2.4478132128715515,0.002571742017304738,0.0,0.0,0.996015727519989,0.0009960158495232463,0.0009960158495232463,0.0009960158495232463,0.0009960158495232463
223,2.3692051727518155,4.738410345503631,-0.007577038949669651,0.0009960158495232463,4.265625,-0.609375,0.609375,6.1915193750173785,-1548.9870792029105,0.03151316195726395,2.490421861410141,0.0029049691559824473,0.0,0.0,0.996015727519989,0.0009960158495232463,0.0009960158495232463,0.0009960158495232463,0.0009960158495232463
224,2.3696390210925014,4.739278042185003,-0.009066850258458976,0.0009960158495232463,4.4765625,-0.2578125,0.2578125,6.562307667045388,-1627.2789641408604,0.03151316195726395,2.5465450286865234,0.00289796859518295,0.0,0.0,0.996015727519989,0.0009960158495232463,0.0009960158495232463,0.0009960158495232463,0.0009960158495232463
225,2.3700377670732182,4.7400755341464365,-0.007649416544721778,0.0009960158495232463,4.375,-0.1484375,0.1484375,6.308989499986637,-1845.5695226039206,0.03151316195726395,2.523165613412857,0.0028013071278110147,0.0,0.0,0.996015727519989,0.0009960158495232463,0.0009960158495232463,0.0009960158495232463,0.0009960158495232463
226,2.3704465185913257,4.740893037182651,-0.005674818709402886,0.0009960158495232463,4.4140625,-0.015625,0.015625,6.301555458980147,-1539.2470001524528,0.03151316195726395,2.597052643696467,0.0031445179968917123,0.0,0.0,0.996015727519989,0.0009960158495232463,0.0009960158495232463,0.0009960158495232463,0.0009960158495232463
227,2.3708980007511533,4.741796001502307,-0.008866495294591074,0.0009960158495232463,4.421875,-0.7109375,0.7109375,6.490349208004773,-1587.1631518859324,0.03151316195726395,2.6294113596280417,0.0032158227550098673,0.0,0.0,0.996015727519989,0.0009960158495232463,0.0009960158495232463,0.0009960158495232463,0.0009960158495232463
228,2.37145322386358,4.74290644772716,-0.004409406705303452,0.0009960158495232463,4.46875,0.1640625,-0.1640625,6.4745234590373,-1555.1261836915583,0.03151316195726395,2.5996653735637665,0.003169073063569764,0.0,0.0,0.996015727519989,0.0009960158495232463,0.0009960158495232463,0.0009960158495232463,0.0009960158495232463
229,2.371918190294302,4.743836380588604,-0.007644062565970012,0.0009960158495232463,4.28125,0.4921875,-0.4921875,6.2007323750294745,-1730.1233147478451,0.03151316195726395,2.6177604099114737,0.0030739833988870182,0.0,0.0,0.996015727519989,0.0009960158495232463,0.0009960158495232463,0.0009960158495232463,0.0009960158495232463
230,2.3722893784076167,4.744578756815233,-0.0032036173529708914,0.0009960158495232463,4.3359375,-0.1875,0.1875,6.352197041967884,-1723.0623306068214,0.03151316195726395,2.623794893423716,0.003099549222194279,0.0,0.0,0.996015727519989,0.0009960158495232463,0.0009960158495232463,0.0009960158495232463,0.0009960158495232463
231,2.3728368323908153,4.745673664781631,-0.011678621144186396,0.0009960158495232463,4.2578125,-0.4609375,0.4609375,6.1850594590068795,-1846.2588628296458,0.03151316195726395,2.6461308101812997,0.003059661976294592,0.0,0.0,0.996015727519989,0.0009960158495232463,0.0009960158495232463,0.0009960158495232463,0.0009960158495232463
232,2.3732583267142635,4.746516653428527,-0.009934181905573616,0.0009960158495232463,4.4453125,-0.4453125,0.4453125,6.34574675001204,-2047.4472427301123,0.03151316195726395,2.6190384527047477,0.002859866617654916,0.0,0.0,0.996015727519989,0.0009960158495232463,0.0009960158495232463,0.0009960158495232463,0.0009960158495232463
233,2.3737286110697413,4.747457222139483,-0.0010775751248963761,0.0009960158495232463,4.078125,0.1875,-0.1875,5.919030125020072,-1529.142362866822,0.03151316195726395,2.673195034265518,0.0031486701239676527,0.0,0.0,0.996015727519989,0.0009960158495232463,0.0009960158495232463,0.0009960158495232463,0.0009960158495232463
234,2.3741431766540564,4.748286353308113,-0.004522076510292218,0.0009960158495232463,4.421875,0.7109375,-0.7109375,6.468679832993075,-1314.5350240582711,0.03151316195726395,2.6741387943426767,0.003145208213633547,0.0,0.0,0.996015727519989,0.0009960158495232463,0.0009960158495232463,0.0009960158495232463,0.0009960158495232463
235,2.3745649698807156,4.749129939761431,-0.008698330873311953,0.0009960158495232463,4.4296875,-0.1640625,0.1640625,6.441302374994848,-2005.1735660916283,0.03151316195726395,2.6870169639587402,0.0027667899388082637,0.0,0.0,0.996015727519989,0.0009960158495232463,0.0009960158495232463,0.0009960158495232463,0.0009960158495232463
236,2.3751040276520934,4.750208055304187,-0.00125051076495728,0.0009960158495232463,4.390625,0.03125,-0.03125,6.293490499956533,-1949.6559375291192,0.03151316195726395,2.6618718008200326,0.002864510014963647,0.0,0.0,0.996015727519989,0.0009960158495232463,0.0009960158495232463,0.0009960158495232463,0.0009960158495232463
237,2.375550784317733,4.751101568635466,-0.005836932756742988,0.0009960158495232463,4.5390625,-0.1640625,0.1640625,6.461645125003997,-2112.420125028968,0.03151316195726395,2.6601344645023346,0.002939643081238804,0.0,0.0,0.996015727519989,0.0009960158495232463,0.0009960158495232463,0.0009960158495232463,0.0009960158495232463
238,2.375935183860305,4.75187036772061,-0.005494568751458775,0.0009960158495232463,4.328125,-0.953125,0.953125,6.482191666029394,-2426.9392771479884,0.03151316195726395,2.6447180608908334,0.003049675840884447,0.0,0.0,0.996015727519989,0.0009960158495232463,0.0009960158495232463,0.0009960158495232463,0.0009960158495232463
239,2.376331256556893,4.752662513113786,-0.009250554030934213,0.0009960158495232463,4.265625,0.109375,-0.109375,6.101977291982621,-2264.2439699417505,0.03151316195726395,2.65313188234965,0.003311134612886235,0.0,0.0,0.996015727519989,0.0009960158495232463,0.0009960158495232463,0.0009960158495232463,0.0009960158495232463
240,2.3767270634077606,4.753454126815521,-0.003208860632062964,0.0009960158495232463,4.3359375,0.25,-0.25,6.29445491702063,-2242.6504803614575,0.03151316195726395,2.6201169788837433,0.0033749170446147523,0.0,0.0,0.996015727519989,0.0009960158495232463,0.0009960158495232463,0.0009960158495232463,0.0009960158495232463
241,2.377008665502748,4.754017331005496,-0.005384279994417067,0.0009960158495232463,4.484375,-0.078125,0.078125,6.43670379195828,-2259.3760972006394,0.03151316195726395,2.6141635477542877,0.0032831547529591867,0.0,0.0,0.996015727519989,0.0009960158495232463,0.0009960158495232463,0.0009960158495232463,0.0009960158495232463
242,2.3772833040841923,4.754566608168385,-0.006393502981663529,0.0009960158495232463,4.265625,-0.2109375,0.2109375,6.287857375049498,-2209.7890027119565,0.03151316195726395,2.6448951760927835,0.0032511533063370734,0.0,0.0,0.996015727519989,0.0009960158495232463,0.0009960158495232463,0.0009960158495232463,0.0009960158495232463
243,2.377514058893006,4.755028117786012,-0.010023254176398759,0.0009960158495232463,4.3828125,0.6171875,-0.6171875,6.346661292016506,-1924.243136252949,0.03151316195726395,2.6255368491013846,0.0030298140191007406,0.0,0.0,0.996015727519989,0.0009960158495232463,0.0009960158495232463,0.0009960158495232463,0.0009960158495232463
244,2.377704962382383,4.755409924764766,-0.00500898591211802,0.0009960158495232463,4.671875,-0.3359375,0.3359375,6.698780666978564,-1856.5845939818034,0.03151316195726395,2.6484866937001548,0.0030228251998778433,0.0,0.0,0.996015727519989,0.0009960158495232463,0.0009960158495232463,0.0009960158495232463,0.0009960158495232463
245,2.3779605927248815,4.755921185449763,-0.010546021334606448,0.0009960158495232463,4.296875,-0.2421875,0.2421875,6.237679916957859,-1863.4747031038457,0.03151316195726395,2.6868565579255423,0.003001997683895752,0.0,0.0,0.996015727519989,0.0009960158495232463,0.0009960158495232463,0.0009960158495232463,0.0009960158495232463
246,2.378233627784865,4.75646725556973,-0.004320591785845011,0.0009960158495232463,4.3828125,0.046875,-0.046875,6.4491482909652404,-1567.6091666723105,0.03151316195726395,2.714930613835653,0.0030888003821019083,0.0,0.0,0.996015727519989,0.0009960158495232463,0.0009960158495232463,0.0009960158495232463,0.0009960158495232463
247,2.378528204064297,4.757056408128594,-0.00793833463734413,0.0009960158495232463,4.4921875,-0.515625,0.515625,6.519925167027395,-2202.7104356815503,0.03151316195726395,2.683669149875641,0.0028762174285172173,0.0,0.0,0.996015727519989,0.0009960158495232463,0.0009960158495232463,0.0009960158495232463,0.0009960158495232463
248,2.3789020922522663,4.757804184504533,-0.005647860349377597,0.0009960158495232463,4.734375,-0.5078125,0.5078125,6.793441457964946,-2774.4028523794495,0.03151316195726395,2.670604666074117,0.0027491640454779067,0.0,0.0,0.996015727519989,0.0009960158495232463,0.0009960158495232463,0.0009960158495232463,0.0009960158495232463
249,2.379237095191311,4.758474190382622,-0.004271210593469766,0.0009960158495232463,4.53125,-0.703125,0.703125,6.627340833016206,-2844.144580127453,0.03151316195726395,2.6497221887111664,0.0028762623260263354,0.0,0.0,0.996015727519989,0.0009960158495232463,0.0009960158495232463,0.0009960158495232463,0.0009960158495232463
250,2.3796270712576093,4.759254142515219,-0.010390515782916152,0.0009960158495232463,4.3359375,-0.015625,0.015625,6.194910999969579,-2933.6166758700533,0.03151316195726395,2.741436372200648,0.0031754634401295334,0.0,0.0,0.996015727519989,0.0009960158495232463,0.0009960158495232463,0.0009960158495232463,0.0009960158495232463
251,2.380001206002292,4.760002412004584,-0.007290841907856507,0.0009960158495232463,4.484375,0.953125,-0.953125,6.409321665996686,-2915.3497670103866,0.03151316195726395,2.720666458209356,0.0033516146262021116,0.0,0.0,0.996015727519989,0.0009960158495232463,0.0009960158495232463,0.0009960158495232463,0.0009960158495232463
252,2.3802992947566084,4.760598589513217,-0.014888452059089195,0.0009960158495232463,4.5,-0.3125,0.3125,6.609854166978039,-1960.008903019958,0.03151316195726395,2.7575104236602783,0.003480660088825971,0.0,0.0,0.996015727519989,0.0009960158495232463,0.0009960158495232463,0.0009960158495232463,0.0009960158495232463
253,2.3806444358019547,4.7612888716039095,-0.003233384069657778,0.0009960158495232463,4.4140625,-0.203125,0.203125,6.504476958012674,-2411.4488678856233,0.03151316195726395,2.7447456816832223,0.003141865813328574,0.0,0.0,0.996015727519989,0.0009960158495232463,0.0009960158495232463,0.0009960158495232463,0.0009960158495232463
254,2.3810149907575617,4.7620299815151235,-0.0066396865251059966,0.0009960158495232463,4.4921875,-1.1640625,1.1640625,6.462441915995441,-1732.2633392798382,0.03151316195726395,2.7946737408638,0.003525639340902368,0.0,0.0,0.996015727519989,0.0009960158495232463,0.0009960158495232463,0.0009960158495232463,0.0009960158495232463
255,2.3813943858881883,4.762788771776377,-0.010732797645365328,0.0009960158495232463,4.3671875,-0.2734375,0.2734375,6.398963249986991,-1719.3513896205131,0.03151316195726395,2.764828791220983,0.0031720715148063996,0.0,0.0,0.996015727519989,0.0009960158495232463,0.0009960158495232463,0.0009960158495232463,0.0009960158495232463
256,2.3818089841372356,4.763617968274471,-0.006264936636402062,0.0009960158495232463,4.453125,-0.4609375,0.4609375,6.563477416988462,-2833.242081193757,0.03151316195726395,2.785224755605062,0.003199636295903474,0.0,0.0,0.996015727519989,0.0009960158495232463,0.0009960158495232463,0.0009960158495232463,0.0009960158495232463
257,2.3821992534965712,4.7643985069931425,-0.0032834298076667404,0.0009960158495232463,4.125,0.0078125,-0.0078125,6.037016791990027,-2461.4650914994154,0.03151316195726395,2.7731869320074716,0.0031917358962042877,0.0,0.0,0.996015727519989,0.0009960158495232463,0.0009960158495232463,0.0009960158495232463,0.0009960158495232463
258,2.3825908109058362,4.7651816218116725,-0.010639815445130126,0.0009960158495232463,4.5234375,0.546875,-0.546875,6.546107875008602,-3532.3251295139135,0.03151316195726395,2.7784356077512107,0.0030289306111323335,0.0,0.0,0.996015727519989,0.0009960158495232463,0.0009960158495232463,0.0009960158495232463,0.0009960158495232463
259,2.383029995835664,4.766059991671328,-0.008481830376923445,0.0009960158495232463,4.3984375,-0.2109375,0.2109375,6.324015291989781,-3189.774942950288,0.03151316195726395,2.8269430299599967,0.0029909075625861683,0.0,0.0,0.996015727519989,0.0009960158495232463,0.0009960158495232463,0.0009960158495232463,0.0009960158495232463
260,2.383374361722738,4.766748723445476,-0.0034335028650588927,0.0009960158495232463,4.5546875,-0.578125,0.578125,6.722101791994646,-2613.6594951950256,0.03151316195726395,2.7623647252718606,0.002920046584525456,0.0,0.0,0.996015727519989,0.0009960158495232463,0.0009960158495232463,0.0009960158495232463,0.0009960158495232463
261,2.3836819088277936,4.767363817655587,-0.003832855096250937,0.0009960158495232463,4.2421875,0.1171875,-0.1171875,6.067639250017237,-3115.5249744014845,0.03151316195726395,2.798358072837194,0.0029875081090722233,0.0,0.0,0.996015727519989,0.0009960158495232463,0.0009960158495232463,0.0009960158495232463,0.0009960158495232463
262,2.3839719351447326,4.767943870289465,-0.004811787842018896,0.0009960158495232463,4.5234375,-0.84375,0.84375,6.565875833970495,-2515.573575014895,0.03151316195726395,2.806665043036143,0.0030411779589485377,0.0,0.0,0.996015727519989,0.0009960158495232463,0.0009960158495232463,0.0009960158495232463,0.0009960158495232463
263,2.3843085412205953,4.768617082441191,-0.006620181194021521,0.0009960158495232463,4.3046875,-0.40625,0.40625,6.811559458030388,-1900.3088775710921,0.03151316195726395,2.820422867933909,0.003107029217062518,0.0,0.0,0.996015727519989,0.0009960158495232463,0.0009960158495232463,0.0009960158495232463,0.0009960158495232463
264,2.3846030229142023,4.769206045828405,-0.007172442399803901,0.0009960158495232463,4.109375,-0.03125,0.03125,6.2251260000048205,-2319.8647798929833,0.03151316195726395,2.9130006035168967,0.0034915067468925067,0.0,0.0,0.996015727519989,0.0009960158495232463,0.0009960158495232463,0.0009960158495232463,0.0009960158495232463
265,2.38497683899438,4.76995367798876,-0.012322147481893432,0.0009960158495232463,4.515625,0.859375,-0.859375,6.808915041969158,-3056.7902891594645,0.03151316195726395,2.835609753926595,0.003009564922346423,0.0,0.0,0.996015727519989,0.0009960158495232463,0.0009960158495232463,0.0009960158495232463,0.0009960158495232463
266,2.385370056574329,4.770740113148658,-0.00646009574658254,0.0009960158495232463,4.3359375,0.5625,-0.5625,6.3081544999731705,-3055.346820930962,0.03151316195726395,2.811025728782018,0.0029319102177396417,0.0,0.0,0.996015727519989,0.0009960158495232463,0.0009960158495232463,0.0009960158495232463,0.0009960158495232463
267,2.385751305506849,4.771502611013698,-0.014926312735029037,0.0009960158495232463,4.25,-0.046875,0.046875,6.34547737496905,-3482.5805427817736,0.03151316195726395,2.818173180023829,0.0029339701189504317,0.0,0.0,0.996015727519989,0.0009960158495232463,0.0009960158495232463,0.0009960158495232463,0.0009960158495232463
268,2.3861501287428437,4.772300257485687,-0.009717103887363004,0.0009960158495232463,4.5234375,0.015625,-0.015625,6.482686207978986,-3282.9798479030787,0.03151316195726395,2.809531887372335,0.0032735505471161255,0.0,0.0,0.996015727519989,0.0009960158495232463,0.0009960158495232463,0.0009960158495232463,0.0009960158495232463
269,2.386544019823484,4.773088039646968,-0.006660630190255947,0.0009960158495232463,4.140625,0.1171875,-0.1171875,5.981005000008736,-3399.090123831551,0.03151316195726395,2.8552314837773642,0.0031643215770600364,0.0,0.0,0.996015727519989,0.0009960158495232463,0.0009960158495232463,0.0009960158495232463,0.0009960158495232463
270,2.386930809142685,4.77386161828537,-0.008522641473117735,0.0009960158495232463,4.46875,0.2890625,-0.2890625,6.583229374955408,-3690.271668800941,0.03151316195726395,2.8615507582823434,0.003200911460832382,0.0,0.0,0.996015727519989,0.0009960158495232463,0.0009960158495232463,0.0009960158495232463,0.0009960158495232463
271,2.3873122924814134,4.774624584962827,-0.005853399528884723,0.0009960158495232463,4.421875,-0.265625,0.265625,6.489280583977234,-3281.8157740582847,0.03151316195726395,2.8530179858207703,0.003069587032465885,0.0,0.0,0.996015727519989,0.0009960158495232463,0.0009960158495232463,0.0009960158495232463,0.0009960158495232463
272,2.387672976446133,4.775345952892266,-0.011115689315413967,0.0009960158495232463,4.2578125,0.3203125,-0.3203125,6.472697249962948,-2966.429371303593,0.03151316195726395,2.8853628734747567,0.00313438992210043,0.0,0.0,0.996015727519989,0.0009960158495232463,0.0009960158495232463,0.0009960158495232463,0.0009960158495232463
273,2.3879829287015193,4.775965857403039,-0.0060313484214860255,0.0009960158495232463,4.4296875,-0.125,0.125,6.479968958010431,-3044.2158432578703,0.03151316195726395,2.8551851908365884,0.0030565399404925606,0.0,0.0,0.996015727519989,0.0009960158495232463,0.0009960158495232463,0.0009960158495232463,0.0009960158495232463
274,2.3882521186543224,4.776504237308645,-0.0122552560882012,0.0009960158495232463,4.421875,-0.6484375,0.6484375,6.492908750020433,-2742.373725112672,0.03151316195726395,2.89962770541509,0.003286204708274454,0.0,0.0,0.996015727519989,0.0009960158495232463,0.0009960158495232463,0.0009960158495232463,0.0009960158495232463
275,2.3885474885272227,4.777094977054445,-0.011408851214642557,0.0009960158495232463,4.3828125,-0.6640625,0.6640625,6.405925958009902,-2285.896950900236,0.03151316195726395,2.9104890624682107,0.003339571189523364,0.0,0.0,0.996015727519989,0.0009960158495232463,0.0009960158495232463,0.0009960158495232463,0.0009960158495232463
276,2.3889114204059867,4.777822840811973,-0.01012309328978809,0.0009960158495232463,4.5078125,-0.1015625,0.1015625,6.5439132080064155,-2504.9305950144962,0.03151316195726395,2.869759827852249,0.003097929322393611,0.0,0.0,0.996015727519989,0.0009960158495232463,0.0009960158495232463,0.0009960158495232463,0.0009960158495232463
277,2.3893645630648717,4.778729126129743,-0.005897365525517931,0.0009960158495232463,4.5078125,-0.2265625,0.2265625,6.511961334035732,-3185.96210661546,0.03151316195726395,2.904880404472351,0.0033092221419792622,0.0,0.0,0.996015727519989,0.0009960158495232463,0.0009960158495232463,0.0009960158495232463,0.0009960158495232463
278,2.3896679549587256,4.779335909917451,-0.009292774029980138,0.0009960158495232463,4.515625,0.5625,-0.5625,6.536544333968777,-3849.387889726764,0.03151316195726395,2.8593516747156777,0.003082271422802781,0.0,0.0,0.996015727519989,0.0009960158495232463,0.0009960158495232463,0.0009960158495232463,0.0009960158495232463
279,2.389962116990765,4.77992423398153,-0.006521257981204594,0.0009960158495232463,4.265625,0.6171875,-0.6171875,6.150341624976136,-3381.515319859152,0.03151316195726395,2.902909755706787,0.003231383355644842,0.0,0.0,0.996015727519989,0.0009960158495232463,0.0009960158495232463,0.0009960158495232463,0.0009960158495232463
280,2.3902897723398575,4.780579544679715,-0.009877992497337106,0.0009960158495232463,4.484375,-0.1875,0.1875,6.674453541985713,-3404.8201934568556,0.03151316195726395,2.9010706146558127,0.003235807661743214,0.0,0.0,0.996015727519989,0.0009960158495232463,0.0009960158495232463,0.0009960158495232463,0.0009960158495232463
281,2.390610133004065,4.78122026600813,-0.014777863522629227,0.0009960158495232463,4.4453125,-0.46875,0.46875,6.415794041997287,-2796.9743116710642,0.03151316195726395,2.848329563935598,0.003046018158784136,0.0,0.0,0.996015727519989,0.0009960158495232463,0.0009960158495232463,0.0009960158495232463,0.0009960158495232463
282,2.3909501133374924,4.781900226674985,-0.01092227879137126,0.0009960158495232463,4.328125,0.0859375,-0.0859375,6.576205833000131,-3747.220655179626,0.03151316195726395,2.8568879862626395,0.003038890048628673,0.0,0.0,0.996015727519989,0.0009960158495232463,0.0009960158495232463,0.0009960158495232463,0.0009960158495232463
283,2.391325936048345,4.78265187209669,-0.010818199521581508,0.0009960158495232463,4.25,-0.4921875,0.4921875,6.417426250001881,-4059.0885887321306,0.03151316195726395,2.8876431981722512,0.00343709839701963,0.0,0.0,0.996015727519989,0.0009960158495232463,0.0009960158495232463,0.0009960158495232463,0.0009960158495232463
284,2.3915613842432046,4.783122768486409,-0.006362162788373718,0.0009960158495232463,4.53125,0.5546875,-0.5546875,6.6913675419637,-4688.3710166076135,0.03151316195726395,2.8226467072963715,0.003048720934505885,0.0,0.0,0.996015727519989,0.0009960158495232463,0.0009960158495232463,0.0009960158495232463,0.0009960158495232463
285,2.391831114622093,4.783662229244186,-0.009740198139953367,0.0009960158495232463,4.4296875,-0.2421875,0.2421875,6.6679873750545084,-4349.659543698427,0.03151316195726395,2.8548539082209268,0.0031364071959008775,0.0,0.0,0.996015727519989,0.0009960158495232463,0.0009960158495232463,0.0009960158495232463,0.0009960158495232463
286,2.3920855088127424,4.784171017625485,-0.0069440363652948,0.0009960158495232463,4.46875,-0.890625,0.890625,6.661104374972638,-3478.4834750715668,0.03151316195726395,2.8909246722857156,0.0033352607085059085,0.0,0.0,0.996015727519989,0.0009960158495232463,0.0009960158495232463,0.0009960158495232463,0.0009960158495232463
287,2.392293466534692,4.784586933069384,-0.010074228115451667,0.0009960158495232463,4.421875,0.453125,-0.453125,7.397436458035372,-3185.3793090476584,0.03151316195726395,2.9089589715003967,0.0035073829834194234,0.0,0.0,0.996015727519989,0.0009960158495232463,0.0009960158495232463,0.0009960158495232463,0.0009960158495232463
288,2.392575697748546,4.785151395497092,-0.011469276210887936,0.0009960158495232463,4.4140625,-0.3359375,0.3359375,6.787396457977593,-3112.7266125873125,0.03151316195726395,2.9281848867734275,0.0034024737348469594,0.0,0.0,0.996015727519989,0.0009960158495232463,0.0009960158495232463,0.0009960158495232463,0.0009960158495232463
289,2.3928378661907006,4.785675732381401,-0.019503986534818323,0.0009960158495232463,4.5234375,0.203125,-0.203125,6.913891833042726,-3088.8156588262846,0.03151316195726395,2.9195057253042855,0.003103605646174401,0.0,0.0,0.996015727519989,0.0009960158495232463,0.0009960158495232463,0.0009960158495232463,0.0009960158495232463
290,2.3931286614274194,4.786257322854839,-0.007893301024611618,0.0009960158495232463,4.65625,0.25,-0.25,6.919967208988965,-3672.979296450647,0.03151316195726395,2.8532127141952515,0.0031547408628587923,0.0,0.0,0.996015727519989,0.0009960158495232463,0.0009960158495232463,0.0009960158495232463,0.0009960158495232463
291,2.393431180766971,4.786862361533942,-0.006546698088500606,0.0009960158495232463,4.2890625,0.6484375,-0.6484375,6.303314416960347,-2914.2688657451413,0.03151316195726395,2.959129591782888,0.0032705881846292564,0.0,0.0,0.996015727519989,0.0009960158495232463,0.0009960158495232463,0.0009960158495232463,0.0009960158495232463
292,2.393747066686704,4.787494133373408,-0.0076662837478544245,0.0009960158495232463,4.5078125,-0.1328125,0.1328125,6.805581542022992,-3382.585570651076,0.03151316195726395,2.91271835565567,0.003019131215599676,0.0,0.0,0.996015727519989,0.0009960158495232463,0.0009960158495232463,0.0009960158495232463,0.0009960158495232463
293,2.393965681851218,4.787931363702436,-0.015089682340691432,0.0009960158495232463,4.515625,0.3671875,-0.3671875,6.817883750016335,-4666.3502525408785,0.03151316195726395,2.979319930076599,0.003226484414578105,0.0,0.0,0.996015727519989,0.0009960158495232463,0.0009960158495232463,0.0009960158495232463,0.0009960158495232463
294,2.394134900227279,4.788269800454558,-0.005985763375675237,0.0009960158495232463,4.4921875,-0.234375,0.234375,7.100096792040858,-4503.229967857029,0.03151316195726395,2.9586037695407867,0.0031635553653662405,0.0,0.0,0.996015727519989,0.0009960158495232463,0.0009960158495232463,0.0009960158495232463,0.0009960158495232463
295,2.3943359975238003,4.788671995047601,-0.008883693198417043,0.0009960158495232463,4.40625,-0.5390625,0.5390625,6.759978124988265,-4342.865776237866,0.03151316195726395,2.987581213315328,0.0031960355991031975,0.0,0.0,0.996015727519989,0.0009960158495232463,0.0009960158495232463,0.0009960158495232463,0.0009960158495232463
296,2.3945236464939796,4.789047292987959,-0.01132285715632376,0.0009960158495232463,4.46875,-0.0859375,0.0859375,6.426578457991127,-4464.843203004423,0.03151316195726395,2.9982122679551444,0.0031557100786206624,0.0,0.0,0.996015727519989,0.0009960158495232463,0.0009960158495232463,0.0009960158495232463,0.0009960158495232463
297,2.3947269551619748,4.7894539103239495,-0.017158243499518323,0.0009960158495232463,4.4765625,-0.78125,0.78125,7.246157957997639,-5081.502718101621,0.03151316195726395,3.030154933532079,0.0032789831942257783,0.0,0.0,0.996015727519989,0.0009960158495232463,0.0009960158495232463,0.0009960158495232463,0.0009960158495232463
298,2.394998346074856,4.789996692149712,-0.0038688844179795563,0.0009960158495232463,4.3515625,0.4765625,-0.4765625,6.39111770800082,-4844.93893560687,0.03151316195726395,2.996816118558248,0.003015732868031288,0.0,0.0,0.996015727519989,0.0009960158495232463,0.0009960158495232463,0.0009960158495232463,0.0009960158495232463
299,2.395315857723165,4.79063171544633,-0.011257382316618035,0.0009960158495232463,4.6171875,0.5546875,-0.5546875,7.1284258749801666,-2970.7548366617634,0.03151316195726395,3.0354371766249337,0.0030934499809518456,0.0,0.0,0.996015727519989,0.0009960158495232463,0.0009960158495232463,0.0009960158495232463,0.0009960158495232463
300,2.3956510755306186,4.791302151061237,-0.012751188600943198,0.0009960158495232463,4.46875,0.25,-0.25,6.562801832973491,-4512.570983133116,0.03151316195726395,2.996954341729482,0.0030673837560849884,0.0,0.0,0.996015727519989,0.0009960158495232463,0.0009960158495232463,0.0009960158495232463,0.0009960158495232463
301,2.3959810883708252,4.7919621767416505,-0.004964586018831635,0.0009960158495232463,4.46875,0.0546875,-0.0546875,6.574105917010456,-3622.4521330319917,0.03151316195726395,2.978967607021332,0.0031355938505536565,0.0,0.0,0.996015727519989,0.0009960158495232463,0.0009960158495232463,0.0009960158495232463,0.0009960158495232463
302,2.3963262748446352,4.7926525496892705,-0.01767393370488907,0.0009960158495232463,4.390625,0.296875,-0.296875,6.71173862501746,-5061.298960533007,0.03151316195726395,3.065985997517904,0.0034553248648686954,0.0,0.0,0.996015727519989,0.0009960158495232463,0.0009960158495232463,0.0009960158495232463,0.0009960158495232463
303,2.3965863350838283,4.793172670167657,-0.0077265463142179025,0.0009960158495232463,4.53125,0.546875,-0.546875,6.847837916982826,-4107.845966069452,0.03151316195726395,3.076447606086731,0.0032497525971848518,0.0,0.0,0.996015727519989,0.0009960158495232463,0.0009960158495232463,0.0009960158495232463,0.0009960158495232463
304,2.3968795770524247,4.793759154104849,-0.003813991348524936,0.0009960158495232463,4.515625,-0.1875,0.1875,6.475295083015226,-3937.400225939635,0.03151316195726395,3.124496559302012,0.0035178035711093494,0.0,0.0,0.996015727519989,0.0009960158495232463,0.0009960158495232463,0.0009960158495232463,0.0009960158495232463
305,2.3971542153636776,4.794308430727355,-0.009920470810018291,0.0009960158495232463,4.4765625,-0.765625,0.765625,6.452268249995541,-5369.052655497979,0.03151316195726395,3.1184723377227783,0.0034927011486918977,0.0,0.0,0.996015727519989,0.0009960158495232463,0.0009960158495232463,0.0009960158495232463,0.0009960158495232463
306,2.397403650562194,4.794807301124388,-0.018289135466783818,0.0009960158495232463,4.5390625,0.7265625,-0.7265625,6.594911833992228,-4487.667573564434,0.03151316195726395,3.1421348651250205,0.0034382817587660006,0.0,0.0,0.996015727519989,0.0009960158495232463,0.0009960158495232463,0.0009960158495232463,0.0009960158495232463
307,2.397687950958515,4.79537590191703,-0.01670459654044746,0.0009960158495232463,4.4921875,-0.3984375,0.3984375,6.434117875003722,-5002.003207457169,0.03151316195726395,3.059691369533539,0.003003948862897232,0.0,0.0,0.996015727519989,0.0009960158495232463,0.0009960158495232463,0.0009960158495232463,0.0009960158495232463
308,2.39790752352373,4.79581504704746,-0.00940634921882914,0.0009960158495232463,4.625,-0.3359375,0.3359375,6.625717459013686,-5426.695292898126,0.03151316195726395,3.023832062880198,0.0029345154956293604,0.0,0.0,0.996015727519989,0.0009960158495232463,0.0009960158495232463,0.0009960158495232463,0.0009960158495232463
309,2.3981604234934637,4.796320846986927,-0.009624185733074647,0.0009960158495232463,4.2265625,-0.2578125,0.2578125,6.078620291023981,-5053.943303310937,0.03151316195726395,3.0772787829240165,0.0031443925690837204,0.0,0.0,0.996015727519989,0.0009960158495232463,0.0009960158495232463,0.0009960158495232463,0.0009960158495232463
310,2.398456006929721,4.796912013859442,-0.00827881873282536,0.0009960158495232463,4.546875,-0.2421875,0.2421875,6.831512499949895,-5325.270629764832,0.03151316195726395,3.0495045284430184,0.002886028620802487,0.0,0.0,0.996015727519989,0.0009960158495232463,0.0009960158495232463,0.0009960158495232463,0.0009960158495232463
311,2.3988005935235828,4.7976011870471655,-0.015886767507731277,0.0009960158495232463,4.5390625,-0.78125,0.78125,6.437783750006929,-3531.807826857969,0.03151316195726395,3.1376478473345437,0.0030479329968026527,0.0,0.0,0.996015727519989,0.0009960158495232463,0.0009960158495232463,0.0009960158495232463,0.0009960158495232463
312,2.3991597386901873,4.798319477380375,-0.010682141062519426,0.0009960158495232463,4.53125,-0.2265625,0.2265625,6.502633833966684,-5054.229522435418,0.03151316195726395,3.1819088657697043,0.003342755439613635,0.0,0.0,0.996015727519989,0.0009960158495232463,0.0009960158495232463,0.0009960158495232463,0.0009960158495232463
313,2.3994957013044127,4.798991402608825,-0.006848904003081854,0.0009960158495232463,4.609375,-0.7421875,0.7421875,6.602404833014589,-4830.764912155927,0.03151316195726395,3.19215535124143,0.003328878830264633,0.0,0.0,0.996015727519989,0.0009960158495232463,0.0009960158495232463,0.0009960158495232463,0.0009960158495232463
314,2.3998860178461445,4.799772035692289,-0.011577440082108405,0.0009960158495232463,4.7421875,0.53125,-0.53125,6.707571917038877,-4726.669614342528,0.03151316195726395,3.218650162220001,0.0034913296985905617,0.0,0.0,0.996015727519989,0.0009960158495232463,0.0009960158495232463,0.0009960158495232463,0.0009960158495232463
315,2.4002574428265375,4.800514885653075,-0.012876298667273968,0.0009960158495232463,4.65625,-0.453125,0.453125,6.587927000015043,-5920.6802999637275,0.03151316195726395,3.25230610370636,0.003335992165375501,0.0,0.0,0.996015727519989,0.0009960158495232463,0.0009960158495232463,0.0009960158495232463,0.0009960158495232463
316,2.400602824172796,4.801205648345592,-0.01248401822908289,0.0009960158495232463,4.6015625,-0.4140625,0.4140625,6.574315499980003,-5387.152754357796,0.03151316195726395,3.2078634897867837,0.0030117392695198455,0.0,0.0,0.996015727519989,0.0009960158495232463,0.0009960158495232463,0.0009960158495232463,0.0009960158495232463
317,2.4009873549110585,4.801974709822117,-0.01838840411367636,0.0009960158495232463,4.3828125,0.203125,-0.203125,6.297528708004393,-4539.683533326827,0.03151316195726395,3.205215116341909,0.0032486773658699044,0.0,0.0,0.996015727519989,0.0009960158495232463,0.0009960158495232463,0.0009960158495232463,0.0009960158495232463
318,2.4014070551409032,4.8028141102818065,-0.01204968810084662,0.0009960158495232463,4.328125,0.5,-0.5,6.152576291991863,-5142.587024117204,0.03151316195726395,3.231573591629664,0.003232972938955451,0.0,0.0,0.996015727519989,0.0009960158495232463,0.0009960158495232463,0.0009960158495232463,0.0009960158495232463
319,2.401799828886385,4.80359965777277,-0.011640600172730187,0.0009960158495232463,4.5625,-0.0078125,0.0078125,6.466042583982926,-6105.17638867522,0.03151316195726395,3.1867624819278717,0.0030636151301829764,0.0,0.0,0.996015727519989,0.0009960158495232463,0.0009960158495232463,0.0009960158495232463,0.0009960158495232463
320,2.4021926878218345,4.804385375643669,-0.008129605058890692,0.0009960158495232463,4.4453125,-0.015625,0.015625,6.358961083984468,-6669.683868227189,0.03151316195726395,3.175031383832296,0.0031751863037546477,0.0,0.0,0.996015727519989,0.0009960158495232463,0.0009960158495232463,0.0009960158495232463,0.0009960158495232463
321,2.4024602954576633,4.8049205909153265,-0.013750008507302368,0.0009960158495232463,4.3515625,-0.0234375,0.0234375,6.282978125032969,-5911.884929383036,0.03151316195726395,3.156021018822988,0.0030126972997095436,0.0,0.0,0.996015727519989,0.0009960158495232463,0.0009960158495232463,0.0009960158495232463,0.0009960158495232463
322,2.4027090259249766,4.805418051849953,-0.008277481479718574,0.0009960158495232463,4.5390625,0.5859375,-0.5859375,6.508589249977376,-6613.708509192409,0.03151316195726395,3.1645686328411102,0.002869714730574439,0.0,0.0,0.996015727519989,0.0009960158495232463,0.0009960158495232463,0.0009960158495232463,0.0009960158495232463
323,2.4030100576723665,4.806020115344733,-0.011810602224710157,0.0009960158495232463,4.5859375,-0.3984375,0.3984375,6.4832744160084985,-6538.802049490621,0.03151316195726395,3.198396493991216,0.003173572690381358,0.0,0.0,0.996015727519989,0.0009960158495232463,0.0009960158495232463,0.0009960158495232463,0.0009960158495232463
324,2.4033191586814473,4.806638317362895,-0.009795932681135598,0.0009960158495232463,4.265625,0.0703125,-0.0703125,6.130685541953426,-5019.773814023196,0.03151316195726395,3.2616694470246634,0.0034789806328869113,0.0,0.0,0.996015727519989,0.0009960158495232463,0.0009960158495232463,0.0009960158495232463,0.0009960158495232463
325,2.4036243282092458,4.8072486564184915,-0.018702363581384905,0.0009960158495232463,4.6328125,-0.9296875,0.9296875,6.616794875008054,-5617.3569619434475,0.03151316195726395,3.258903831243515,0.003105074972457563,0.0,0.0,0.996015727519989,0.0009960158495232463,0.0009960158495232463,0.0009960158495232463,0.0009960158495232463
326,2.4038777414038615,4.807755482807723,-0.01883920497363346,0.0009960158495232463,4.640625,0.765625,-0.765625,6.5827447500196286,-6944.477993056429,0.03151316195726395,3.13661394516627,0.002926646537768344,0.0,0.0,0.996015727519989,0.0009960158495232463,0.0009960158495232463,0.0009960158495232463,0.0009960158495232463
327,2.404235462671179,4.808470925342358,-0.006462494427621563,0.0009960158495232463,4.7421875,-0.21875,0.21875,6.716174874978606,-6113.345830838802,0.03151316195726395,3.1982614497343698,0.0032053789376125983,0.0,0.0,0.996015727519989,0.0009960158495232463,0.0009960158495232463,0.0009960158495232463,0.0009960158495232463
328,2.4045597016640117,4.809119403328023,-0.021444674313409448,0.0009960158495232463,4.4765625,0.0,0.0,6.337830790958833,-6213.905631606283,0.03151316195726395,3.234293748935064,0.0031981772529737404,0.0,0.0,0.996015727519989,0.0009960158495232463,0.0009960158495232463,0.0009960158495232463,0.0009960158495232463
329,2.404853459327276,4.809706918654552,-0.010479598032661918,0.0009960158495232463,4.6015625,-0.015625,0.015625,6.520130083023105,-7800.025140098481,0.03151316195726395,3.272952228784561,0.0032247650960925967,0.0,0.0,0.996015727519989,0.0009960158495232463,0.0009960158495232463,0.0009960158495232463,0.0009960158495232463
330,2.4051541288358163,4.8103082576716325,-0.005017816306534799,0.0009960158495232463,4.6796875,0.53125,-0.53125,6.643404499976896,-7130.128749293358,0.03151316195726395,3.25817734003067,0.003226282812344531,0.0,0.0,0.996015727519989,0.0009960158495232463,0.0009960158495232463,0.0009960158495232463,0.0009960158495232463
331,2.405405826677891,4.810811653355782,-0.00859316448704179,0.0009960158495232463,4.46875,-0.3984375,0.3984375,6.331615916977171,-7781.942331467475,0.03151316195726395,3.2222110827763877,0.0028782868563818433,0.0,0.0,0.996015727519989,0.0009960158495232463,0.0009960158495232463,0.0009960158495232463,0.0009960158495232463
332,2.4056659625105543,4.811331925021109,-0.015128195114235214,0.0009960158495232463,4.671875,-0.7734375,0.7734375,6.6400334170321,-8475.093181890787,0.03151316195726395,3.2291654447714486,0.003089764368875573,0.0,0.0,0.996015727519989,0.0009960158495232463,0.0009960158495232463,0.0009960158495232463,0.0009960158495232463
333,2.405963489685739,4.811926979371478,-0.008417807940896286,0.0009960158495232463,4.4921875,-0.484375,0.484375,6.47580062499037,-7013.209453270953,0.03151316195726395,3.240394483009974,0.0029440998356828154,0.0,0.0,0.996015727519989,0.0009960158495232463,0.0009960158495232463,0.0009960158495232463,0.0009960158495232463
334,2.4062430427090153,4.812486085418031,-0.010901983660351415,0.0009960158495232463,4.3671875,-0.1875,0.1875,6.27215483301552,-6857.80982387727,0.03151316195726395,3.274033397436142,0.003080448591693615,0.0,0.0,0.996015727519989,0.0009960158495232463,0.0009960158495232463,0.0009960158495232463,0.0009960158495232463
335,2.4064245404216305,4.812849080843261,-0.0062928773321119565,0.0009960158495232463,4.484375,0.09375,-0.09375,6.392916208016686,-4799.279700222746,0.03151316195726395,3.2412820359071097,0.0030486346416485808,0.0,0.0,0.996015727519989,0.0009960158495232463,0.0009960158495232463,0.0009960158495232463,0.0009960158495232463
336,2.4066616862093024,4.813323372418605,-0.006077006575475919,0.0009960158495232463,4.4609375,-0.09375,0.09375,6.414833834045567,-5589.414263730291,0.03151316195726395,3.3141527573267617,0.00306988384303016,0.0,0.0,0.996015727519989,0.0009960158495232463,0.0009960158495232463,0.0009960158495232463,0.0009960158495232463
337,2.4068445828056753,4.8136891656113505,-0.009042659131636993,0.0009960158495232463,4.3515625,0.296875,-0.296875,6.232612417021301,-5834.7367389685805,0.03151316195726395,3.342501570781072,0.003043415432330221,0.0,0.0,0.996015727519989,0.0009960158495232463,0.0009960158495232463,0.0009960158495232463,0.0009960158495232463
338,2.407094812646059,4.814189625292118,-0.013771530955010205,0.0009960158495232463,4.5625,-0.125,0.125,6.482903541007545,-6448.412783335333,0.03151316195726395,3.3375226259231567,0.002986538194818422,0.0,0.0,0.996015727519989,0.0009960158495232463,0.0009960158495232463,0.0009960158495232463,0.0009960158495232463
339,2.4073425027425985,4.814685005485197,-0.006863107264586817,0.0009960158495232463,4.5,0.2734375,-0.2734375,6.426998084003571,-7721.410708235369,0.03151316195726395,3.344003270069758,0.0031914518331177533,0.0,0.0,0.996015727519989,0.0009960158495232463,0.0009960158495232463,0.0009960158495232463,0.0009960158495232463
340,2.407630219506183,4.815260439012366,-0.022350952160758962,0.0009960158495232463,4.4375,-0.5,0.5,6.407840459025465,-7354.381418657975,0.03151316195726395,3.361213505268097,0.0030546981336859367,0.0,0.0,0.996015727519989,0.0009960158495232463,0.0009960158495232463,0.0009960158495232463,0.0009960158495232463
341,2.4078325101057025,4.815665020211405,-0.010487412614971665,0.0009960158495232463,4.4375,-0.578125,0.578125,6.334241167001892,-7711.727110573943,0.03151316195726395,3.3799511988957724,0.0030567039405771843,0.0,0.0,0.996015727519989,0.0009960158495232463,0.0009960158495232463,0.0009960158495232463,0.0009960158495232463
342,2.4080353982229976,4.816070796445995,-0.007538871977867432,0.0009960158495232463,4.703125,-0.0078125,0.0078125,6.692245042009745,-6932.926121277666,0.03151316195726395,3.360274722178777,0.0030912679988735667,0.0,0.0,0.996015727519989,0.0009960158495232463,0.0009960158495232463,0.0009960158495232463,0.0009960158495232463
343,2.4082304610745897,4.816460922149179,-0.010678826668026813,0.0009960158495232463,4.2578125,-1.0625,1.0625,6.102604666026309,-7845.142170274367,0.03151316195726395,3.3964199821154275,0.003119527939513015,0.0,0.0,0.996015727519989,0.0009960158495232463,0.0009960158495232463,0.0009960158495232463,0.0009960158495232463
344,2.4084616420477833,4.816923284095567,-0.02326741532549872,0.0009960158495232463,4.40625,0.2734375,-0.2734375,6.353734417003579,-7007.553272774879,0.03151316195726395,3.4083746671676636,0.003217461082385853,0.0,0.0,0.996015727519989,0.0009960158495232463,0.0009960158495232463,0.0009960158495232463,0.0009960158495232463
345,2.4087702966275657,4.817540593255131,-0.021619816043700595,0.0009960158495232463,4.546875,-0.1328125,0.1328125,6.588956082996447,-8828.723837711557,0.03151316195726395,3.3673371771971383,0.0032214271486736834,0.0,0.0,0.996015727519989,0.0009960158495232463,0.0009960158495232463,0.0009960158495232463,0.0009960158495232463
346,2.4090932898588733,4.8181865797177466,-0.01031254723968841,0.0009960158495232463,4.53125,-0.2421875,0.2421875,6.416195875033736,-8537.019246094802,0.03151316195726395,3.3497867484887442,0.0032644095772411674,0.0,0.0,0.996015727519989,0.0009960158495232463,0.0009960158495232463,0.0009960158495232463,0.0009960158495232463
347,2.409399548340651,4.818799096681302,-0.010345989655139758,0.0009960158495232463,4.5390625,-0.25,0.25,6.420539083017502,-8756.455476961119,0.03151316195726395,3.374287337064743,0.003230427799280733,0.0,0.0,0.996015727519989,0.0009960158495232463,0.0009960158495232463,0.0009960158495232463,0.0009960158495232463
348,2.409670562650838,4.819341125301676,-0.009976586093101859,0.0009960158495232463,4.4921875,-0.859375,0.859375,6.355142374988645,-9430.097536959442,0.03151316195726395,3.4406279424826303,0.003251195691215495,0.0,0.0,0.996015727519989,0.0009960158495232463,0.0009960158495232463,0.0009960158495232463,0.0009960158495232463
349,2.4098799713519856,4.819759942703971,0.0005694888306439157,0.0009960158495232463,4.53125,0.5703125,-0.5703125,6.440244208963122,-6965.59797596767,0.03151316195726395,3.4373681048552194,0.0031919465982355177,0.0,0.0,0.996015727519989,0.0009960158495232463,0.0009960158495232463,0.0009960158495232463,0.0009960158495232463
350,2.4101445190219826,4.820289038043965,-0.01185184623931747,0.0009960158495232463,4.421875,-0.7734375,0.7734375,6.331487582996488,-7996.434713060359,0.03151316195726395,3.447350343068441,0.0031991607199112573,0.0,0.0,0.996015727519989,0.0009960158495232463,0.0009960158495232463,0.0009960158495232463,0.0009960158495232463
351,2.4104048362966792,4.8208096725933585,-0.01957911055565793,0.0009960158495232463,4.6484375,-0.4375,0.4375,6.567835666995961,-6633.877213960535,0.03151316195726395,3.468042472998301,0.003011705024012675,0.0,0.0,0.996015727519989,0.0009960158495232463,0.0009960158495232463,0.0009960158495232463,0.0009960158495232463
352,2.4107219095735095,4.821443819147019,-0.007447850193694892,0.0009960158495232463,4.5625,-0.1640625,0.1640625,6.5349961669999175,-6629.757188783933,0.03151316195726395,3.490632971127828,0.0032206349909150354,0.0,0.0,0.996015727519989,0.0009960158495232463,0.0009960158495232463,0.0009960158495232463,0.0009960158495232463
353,2.4109640555497203,4.8219281110994405,-0.019662633577106365,0.0009960158495232463,4.4140625,-0.375,0.375,6.339238541957457,-8296.106114723409,0.03151316195726395,3.557949125766754,0.0032553867204114795,0.0,0.0,0.996015727519989,0.0009960158495232463,0.0009960158495232463,0.0009960158495232463,0.0009960158495232463
354,2.411218492417736,4.822436984835472,-0.013088318067231335,0.0009960158495232463,4.4765625,0.390625,-0.390625,6.348883541999385,-10322.145844424582,0.03151316195726395,3.477336267630259,0.0027073381546263895,0.0,0.0,0.996015727519989,0.0009960158495232463,0.0009960158495232463,0.0009960158495232463,0.0009960158495232463
355,2.411357141517981,4.822714283035962,-0.016058165694063133,0.0009960158495232463,4.515625,0.125,-0.125,6.462488749995828,-9671.028759517472,0.03151316195726395,3.5540970166524253,0.0030113596440060064,0.0,0.0,0.996015727519989,0.0009960158495232463,0.0009960158495232463,0.0009960158495232463,0.0009960158495232463
356,2.411549215990056,4.823098431980112,-0.012334357502898767,0.0009960158495232463,4.34375,-0.546875,0.546875,6.276013041031547,-11663.9926971463,0.03151316195726395,3.5373859107494354,0.0031522207718808204,0.0,0.0,0.996015727519989,0.0009960158495232463,0.0009960158495232463,0.0009960158495232463,0.0009960158495232463
357,2.4116348464203377,4.823269692840675,-0.009344793844211883,0.0009960158495232463,4.5234375,0.4765625,-0.4765625,6.413536041975021,-11778.996389899641,0.03151316195726395,3.5439208646615348,0.0031457534932997078,0.0,0.0,0.996015727519989,0.0009960158495232463,0.0009960158495232463,0.0009960158495232463,0.0009960158495232463
358,2.4116968653083304,4.823393730616661,-0.01924943291719569,0.0009960158495232463,4.328125,-0.1875,0.1875,6.214912249997724,-10273.917079057934,0.03151316195726395,3.5468169450759888,0.0030997618450783193,0.0,0.0,0.996015727519989,0.0009960158495232463,0.0009960158495232463,0.0009960158495232463,0.0009960158495232463
359,2.411719600075888,4.823439200151776,-0.007493262464974554,0.0009960158495232463,4.6953125,0.203125,-0.203125,6.648890750017017,-10770.097347037368,0.03151316195726395,3.5455291072527566,0.0031360458912483105,0.0,0.0,0.996015727519989,0.0009960158495232463,0.0009960158495232463,0.0009960158495232463,0.0009960158495232463
360,2.4117713988564145,4.823542797712829,-0.01342221241978485,0.0009960158495232463,4.3203125,-0.5546875,0.5546875,6.26816737500485,-9779.401695072112,0.03151316195726395,3.5489401618639627,0.0029831140224511423,0.0,0.0,0.996015727519989,0.0009960158495232463,0.0009960158495232463,0.0009960158495232463,0.0009960158495232463
361,2.411843603279915,4.82368720655983,-0.012729815359967214,0.0009960158495232463,4.78125,-1.0703125,1.0703125,6.792182584002148,-8770.928727081398,0.03151316195726395,3.4856084187825522,0.002847613980217526,0.0,0.0,0.996015727519989,0.0009960158495232463,0.0009960158495232463,0.0009960158495232463,0.0009960158495232463
362,2.411962425254011,4.823924850508022,-0.014501878485770508,0.0009960158495232463,4.6328125,0.6796875,-0.6796875,6.590587874990888,-8655.21623680282,0.03151316195726395,3.4481992026170096,0.0026984506209070482,0.0,0.0,0.996015727519989,0.0009960158495232463,0.0009960158495232463,0.0009960158495232463,0.0009960158495232463
363,2.412002910585649,4.824005821171298,-0.012031517032820977,0.0009960158495232463,4.546875,0.59375,-0.59375,6.51179904199671,-14094.210069794015,0.03151316195726395,3.424728790918986,0.0027870349877048284,0.0,0.0,0.996015727519989,0.0009960158495232463,0.0009960158495232463,0.0009960158495232463,0.0009960158495232463
364,2.4120895595367315,4.824179119073463,-0.0035092994508440292,0.0009960158495232463,4.7265625,-0.3515625,0.3515625,6.69226650003111,-11541.917811849295,0.03151316195726395,3.511684238910675,0.0030909868073649704,0.0,0.0,0.996015727519989,0.0009960158495232463,0.0009960158495232463,0.0009960158495232463,0.0009960158495232463
365,2.4121286859820117,4.824257371964023,-0.01255427598545622,0.0009960158495232463,4.28125,0.203125,-0.203125,6.09473541600164,-12996.118498307946,0.03151316195726395,3.5348359644412994,0.002564981097142057,0.0,0.0,0.996015727519989,0.0009960158495232463,0.0009960158495232463,0.0009960158495232463,0.0009960158495232463
366,2.4121283749456994,4.824256749891399,-0.008134588577850429,0.0009960158495232463,4.578125,0.5390625,-0.5390625,6.542674165975768,-9522.845831874287,0.03151316195726395,3.5425570011138916,0.0027972832176601514,0.0,0.0,0.996015727519989,0.0009960158495232463,0.0009960158495232463,0.0009960158495232463,0.0009960158495232463
367,2.4121597907560153,4.8243195815120306,-0.028267323496942783,0.0009960158495232463,4.2421875,-0.578125,0.578125,6.0912063749856316,-10805.216140086699,0.03151316195726395,3.634012301762899,0.0030277424084488302,0.0,0.0,0.996015727519989,0.0009960158495232463,0.0009960158495232463,0.0009960158495232463,0.0009960158495232463
368,2.412261916058937,4.824523832117874,-0.01063395871924726,0.0009960158495232463,4.6640625,1.6015625,-1.6015625,6.644313458004035,-11872.248109660955,0.03151316195726395,3.5510191122690835,0.0027140578895341605,0.0,0.0,0.996015727519989,0.0009960158495232463,0.0009960158495232463,0.0009960158495232463,0.0009960158495232463
369,2.412306264155742,4.824612528311484,-0.0004203928358470145,0.0009960158495232463,4.40625,-0.3515625,0.3515625,6.3154134999495,-11057.681355672525,0.03151316195726395,3.6003998120625815,0.0028922486817464232,0.0,0.0,0.996015727519989,0.0009960158495232463,0.0009960158495232463,0.0009960158495232463,0.0009960158495232463
370,2.412317412311144,4.824634824622288,-0.015515780733444421,0.0009960158495232463,4.3984375,-0.3984375,0.3984375,6.233352542039938,-12649.997137228931,0.03151316195726395,3.632338007291158,0.0027742450668786964,0.0,0.0,0.996015727519989,0.0009960158495232463,0.0009960158495232463,0.0009960158495232463,0.0009960158495232463
371,2.4122974021228325,4.824594804245665,-0.016665333741215538,0.0009960158495232463,4.5625,-0.6015625,0.6015625,6.487625334004406,-13300.360054185945,0.03151316195726395,3.643840511639913,0.003132743736690221,0.0,0.0,0.996015727519989,0.0009960158495232463,0.0009960158495232463,0.0009960158495232463,0.0009960158495232463
372,2.4122393017180017,4.824478603436003,-0.012102484672155887,0.0009960158495232463,4.3046875,-0.171875,0.171875,6.159490000049118,-13372.96050652921,0.03151316195726395,3.6892102360725403,0.0033214670159698776,0.0,0.0,0.996015727519989,0.0009960158495232463,0.0009960158495232463,0.0009960158495232463,0.0009960158495232463
373,2.412189784879924,4.824379569759848,-0.012632093854560662,0.0009960158495232463,4.640625,0.3515625,-0.3515625,6.6315321659785695,-13421.230508374045,0.03151316195726395,3.586982011795044,0.002844878273511616,0.0,0.0,0.996015727519989,0.0009960158495232463,0.0009960158495232463,0.0009960158495232463,0.0009960158495232463
374,2.4121778524011144,4.824355704802229,-0.016470683693414735,0.0009960158495232463,4.5703125,-0.203125,0.203125,6.4857481669751,-10865.244804551867,0.03151316195726395,3.676555414994558,0.0029797181632602587,0.0,0.0,0.996015727519989,0.0009960158495232463,0.0009960158495232463,0.0009960158495232463,0.0009960158495232463
375,2.4121950113634205,4.824390022726841,-0.014997976027990802,0.0009960158495232463,4.359375,-0.015625,0.015625,6.292869333003182,-12543.449630737305,0.03151316195726395,3.764416436354319,0.003427601399986694,0.0,0.0,0.996015727519989,0.0009960158495232463,0.0009960158495232463,0.0009960158495232463,0.0009960158495232463
376,2.4122458263600586,4.824491652720117,-0.01215255535412214,0.0009960158495232463,4.5,-0.4375,0.4375,6.412810958048794,-10614.00715854433,0.03151316195726395,3.715596467256546,0.003237122427284097,0.0,0.0,0.996015727519989,0.0009960158495232463,0.0009960158495232463,0.0009960158495232463,0.0009960158495232463
377,2.4122574274950597,4.824514854990119,-0.004725060465547383,0.0009960158495232463,4.515625,-0.3125,0.3125,6.49660249997396,-10116.355625033792,0.03151316195726395,3.7501854300498962,0.003000980751191188,0.0,0.0,0.996015727519989,0.0009960158495232463,0.0009960158495232463,0.0009960158495232463,0.0009960158495232463
378,2.412299130135121,4.824598260270242,-0.022043464566786287,0.0009960158495232463,4.46875,-0.296875,0.296875,6.352039291989058,-10482.46503851297,0.03151316195726395,3.8034369349479675,0.0033198330784216523,0.0,0.0,0.996015727519989,0.0009960158495232463,0.0009960158495232463,0.0009960158495232463,0.0009960158495232463
379,2.41230014732863,4.82460029465726,-0.0055432032114338435,0.0009960158495232463,4.7421875,0.890625,-0.890625,6.6922567919828,-10690.423101107803,0.03151316195726395,3.6765693028767905,0.0030215557150465124,0.0,0.0,0.996015727519989,0.0009960158495232463,0.0009960158495232463,0.0009960158495232463,0.0009960158495232463
380,2.4123212579102677,4.8246425158205355,-0.01340401724407604,0.0009960158495232463,4.5,-0.03125,0.03125,6.520674999977928,-12011.145153800646,0.03151316195726395,3.65505721171697,0.0027421892348987362,0.0,0.0,0.996015727519989,0.0009960158495232463,0.0009960158495232463,0.0009960158495232463,0.0009960158495232463
381,2.4123850307520813,4.824770061504163,-0.019407238148828145,0.0009960158495232463,4.671875,-0.171875,0.171875,6.5895954160369,-11675.896473453993,0.03151316195726395,3.722931385040283,0.003245613780260707,0.0,0.0,0.996015727519989,0.0009960158495232463,0.0009960158495232463,0.0009960158495232463,0.0009960158495232463
382,2.4124767975434542,4.8249535950869085,-0.018926729523777924,0.0009960158495232463,4.78125,0.359375,-0.359375,6.772128625016194,-13399.225159115262,0.03151316195726395,3.6408331592877707,0.0030802758507585772,0.0,0.0,0.996015727519989,0.0009960158495232463,0.0009960158495232463,0.0009960158495232463,0.0009960158495232463
383,2.412527566611036,4.825055133222072,-0.011483951206796957,0.0009960158495232463,4.453125,0.28125,-0.28125,6.422615500050597,-15656.61053718433,0.03151316195726395,3.757029334704081,0.0028106773582597575,0.0,0.0,0.996015727519989,0.0009960158495232463,0.0009960158495232463,0.0009960158495232463,0.0009960158495232463
384,2.412569573610722,4.825139147221444,-0.01572693479916525,0.0009960158495232463,4.5625,0.09375,-0.09375,7.245283083000686,-14649.639150619507,0.03151316195726395,3.7060828804969788,0.0027932402347990624,0.0,0.0,0.996015727519989,0.0009960158495232463,0.0009960158495232463,0.0009960158495232463,0.0009960158495232463
385,2.4126035972211977,4.825207194442395,-0.0138477828492396,0.0009960158495232463,4.546875,-0.5,0.5,6.511480542016216,-14087.46932220459,0.03151316195726395,3.7618664503097534,0.003347028784143428,0.0,0.0,0.996015727519989,0.0009960158495232463,0.0009960158495232463,0.0009960158495232463,0.0009960158495232463
386,2.4126893794074036,4.825378758814807,-0.019172179456914133,0.0009960158495232463,4.4453125,0.4453125,-0.4453125,6.371075125003699,-13777.177299499512,0.03151316195726395,3.792427440484365,0.003004124252280841,0.0,0.0,0.996015727519989,0.0009960158495232463,0.0009960158495232463,0.0009960158495232463,0.0009960158495232463
387,2.4127101421401487,4.825420284280297,-0.007107715841687755,0.0009960158495232463,4.5234375,0.109375,-0.109375,6.51553050003713,-13531.478473380028,0.03151316195726395,3.7999582489331565,0.0028940746900237477,0.0,0.0,0.996015727519989,0.0009960158495232463,0.0009960158495232463,0.0009960158495232463,0.0009960158495232463
388,2.4127113167686054,4.825422633537211,-0.009445223483698424,0.0009960158495232463,4.765625,-0.2578125,0.2578125,6.786058042023797,-15256.16754793261,0.03151316195726395,3.777040203412374,0.00301329583938544,0.0,0.0,0.996015727519989,0.0009960158495232463,0.0009960158495232463,0.0009960158495232463,0.0009960158495232463
389,2.412692821090219,4.825385642180438,-0.011956646740043795,0.0009960158495232463,4.4765625,-0.390625,0.390625,6.507927707978524,-13216.189582904595,0.03151316195726395,3.7682583332061768,0.002954983637512972,0.0,0.0,0.996015727519989,0.0009960158495232463,0.0009960158495232463,0.0009960158495232463,0.0009960158495232463
390,2.412726303103347,4.825452606206694,-0.013164074310313197,0.0009960158495232463,4.671875,-0.75,0.75,6.686212833039463,-14296.333984068804,0.03151316195726395,3.792139490445455,0.0028139968878046298,0.0,0.0,0.996015727519989,0.0009960158495232463,0.0009960158495232463,0.0009960158495232463,0.0009960158495232463
391,2.4126976008241745,4.825395201648349,-0.019535389756248384,0.0009960158495232463,4.46875,0.953125,-0.953125,6.485386833024677,-10630.48459984039,0.03151316195726395,3.965196708838145,0.003408659996542459,0.0,0.0,0.996015727519989,0.0009960158495232463,0.0009960158495232463,0.0009960158495232463,0.0009960158495232463
392,2.412629019522827,4.825258039045654,-0.013893386203212836,0.0009960158495232463,4.671875,0.4140625,-0.4140625,7.166096541972365,-11392.615315670153,0.03151316195726395,3.8841864267985025,0.0029138905520085245,0.0,0.0,0.996015727519989,0.0009960158495232463,0.0009960158495232463,0.0009960158495232463,0.0009960158495232463
393,2.412466333709718,4.824932667419436,-0.015617303187735397,0.0009960158495232463,4.5859375,-0.0703125,0.0703125,7.097588957985863,-11735.465655949087,0.03151316195726395,3.8853816986083984,0.0030590302388494215,0.0,0.0,0.996015727519989,0.0009960158495232463,0.0009960158495232463,0.0009960158495232463,0.0009960158495232463
394,2.4123228585979817,4.824645717195963,-0.010816244187527326,0.0009960158495232463,4.3671875,-0.0625,0.0625,6.260228708037175,-13884.129703501256,0.03151316195726395,3.875935951868693,0.002674453867560563,0.0,0.0,0.996015727519989,0.0009960158495232463,0.0009960158495232463,0.0009960158495232463,0.0009960158495232463
395,2.4122398714070483,4.824479742814097,-0.022754981712068904,0.0009960158495232463,4.671875,0.234375,-0.234375,7.032207667012699,-16470.816582032272,0.03151316195726395,3.8553391297658286,0.002806613677724575,0.0,0.0,0.996015727519989,0.0009960158495232463,0.0009960158495232463,0.0009960158495232463,0.0009960158495232463
396,2.4121742839905878,4.8243485679811755,-0.010879140588979385,0.0009960158495232463,4.3359375,0.328125,-0.328125,6.2408574590226635,-15807.048241293967,0.03151316195726395,3.864935576915741,0.0026990651579884193,0.0,0.0,0.996015727519989,0.0009960158495232463,0.0009960158495232463,0.0009960158495232463,0.0009960158495232463
397,2.412151359135351,4.824302718270702,-0.010049195722626738,0.0009960158495232463,4.5390625,-0.9609375,0.9609375,6.475685124984011,-14214.43117554709,0.03151316195726395,3.8563390374183655,0.002767848597917085,0.0,0.0,0.996015727519989,0.0009960158495232463,0.0009960158495232463,0.0009960158495232463,0.0009960158495232463
398,2.412142534917302,4.824285069834604,-0.015570999923737408,0.0009960158495232463,4.4140625,0.109375,-0.109375,6.409718665992841,-15519.514082903566,0.03151316195726395,3.8920536835988364,0.0030166365734961196,0.0,0.0,0.996015727519989,0.0009960158495232463,0.0009960158495232463,0.0009960158495232463,0.0009960158495232463
399,2.4120798188479586,4.824159637695917,-0.015031797677815128,0.0009960158495232463,4.453125,-0.0625,0.0625,7.039018374984153,-15269.323091727809,0.03151316195726395,3.8198713262875876,0.0029920604429207742,0.0,0.0,0.996015727519989,0.0009960158495232463,0.0009960158495232463,0.0009960158495232463,0.0009960158495232463
400,2.4119689810515132,4.8239379621030265,-0.009874545561625779,0.0009960158495232463,4.265625,-0.3984375,0.3984375,6.227628209046088,-14934.032550001319,0.03151316195726395,3.837666153907776,0.002849197315905864,0.0,0.0,0.996015727519989,0.0009960158495232463,0.0009960158495232463,0.0009960158495232463,0.0009960158495232463
401,2.4118537479788356,4.823707495957671,-0.006157469253822177,0.0009960158495232463,4.484375,0.25,-0.25,6.603193833027035,-14576.188467710275,0.03151316195726395,3.8340291579564414,0.002382908103754744,0.0,0.0,0.996015727519989,0.0009960158495232463,0.0009960158495232463,0.0009960158495232463,0.0009960158495232463
402,2.4117379810600745,4.823475962120149,-0.008442836861821073,0.0009960158495232463,4.5546875,-0.1796875,0.1796875,6.859167582995724,-14847.028371244925,0.03151316195726395,3.865778068701426,0.002639855413387219,0.0,0.0,0.996015727519989,0.0009960158495232463,0.0009960158495232463,0.0009960158495232463,0.0009960158495232463
403,2.411607322581853,4.823214645163706,-0.009742542806837893,0.0009960158495232463,4.4453125,0.3671875,-0.3671875,6.400164709019009,-16691.867351578912,0.03151316195726395,3.898660441239675,0.002565174455715654,0.0,0.0,0.996015727519989,0.0009960158495232463,0.0009960158495232463,0.0009960158495232463,0.0009960158495232463
404,2.411435908407797,4.822871816815594,-0.021743387420738503,0.0009960158495232463,4.3125,-0.7109375,0.7109375,6.27956983295735,-16491.40893568509,0.03151316195726395,3.9207197030385337,0.0026080953733374677,0.0,0.0,0.996015727519989,0.0009960158495232463,0.0009960158495232463,0.0009960158495232463,0.0009960158495232463
405,2.4112113122349013,4.8224226244698025,-0.007418630826867698,0.0009960158495232463,4.3984375,-0.7890625,0.7890625,6.328486834012438,-19345.939036625106,0.03151316195726395,3.8636667728424072,0.0027153552897895374,0.0,0.0,0.996015727519989,0.0009960158495232463,0.0009960158495232463,0.0009960158495232463,0.0009960158495232463
406,2.410983542433438,4.821967084866876,-0.012466807789594919,0.0009960158495232463,4.65625,0.140625,-0.140625,6.6704597499920055,-18125.885099871848,0.03151316195726395,3.8912800550460815,0.002746911758246521,0.0,0.0,0.996015727519989,0.0009960158495232463,0.0009960158495232463,0.0009960158495232463,0.0009960158495232463
407,2.4108591777476835,4.821718355495367,-0.028659749859707376,0.0009960158495232463,4.65625,-0.3046875,0.3046875,6.6941977080423385,-16182.739067218448,0.03151316195726395,3.8478247125943503,0.0028062530618626624,0.0,0.0,0.996015727519989,0.0009960158495232463,0.0009960158495232463,0.0009960158495232463,0.0009960158495232463
408,2.4106515040998864,4.821303008199773,-0.02442140326811995,0.0009960158495232463,4.4296875,0.53125,-0.53125,6.393954041006509,-15191.129717468584,0.03151316195726395,3.810854891935984,0.0023382683333087093,0.0,0.0,0.996015727519989,0.0009960158495232463,0.0009960158495232463,0.0009960158495232463,0.0009960158495232463
409,2.4104863264293055,4.820972652858611,-0.008194292593196128,0.0009960158495232463,4.6328125,0.28125,-0.28125,7.069336290995125,-14296.032695364993,0.03151316195726395,3.8116599917411804,0.00271825670885543,0.0,0.0,0.996015727519989,0.0009960158495232463,0.0009960158495232463,0.0009960158495232463,0.0009960158495232463
410,2.410232134222483,4.820464268444966,-0.012885623106997956,0.0009960158495232463,4.484375,-0.15625,0.15625,6.698269834043458,-19223.334667258976,0.03151316195726395,3.8154627084732056,0.0028310724398276457,0.0,0.0,0.996015727519989,0.0009960158495232463,0.0009960158495232463,0.0009960158495232463,0.0009960158495232463
411,2.409967556163146,4.819935112326292,-0.01700838086769129,0.0009960158495232463,4.7421875,-0.1484375,0.1484375,7.217508791014552,-17928.33264277048,0.03151316195726395,3.861987908681234,0.002882644306131018,0.0,0.0,0.996015727519989,0.0009960158495232463,0.0009960158495232463,0.0009960158495232463,0.0009960158495232463
412,2.409674033084883,4.819348066169766,-0.012146587986186425,0.0009960158495232463,4.65625,0.1796875,-0.1796875,6.861146500043105,-18875.150331791614,0.03151316195726395,3.914479434490204,0.0028817232329553613,0.0,0.0,0.996015727519989,0.0009960158495232463,0.0009960158495232463,0.0009960158495232463,0.0009960158495232463
413,2.4094031344945215,4.818806268989043,-0.007920980812898404,0.0009960158495232463,4.578125,0.515625,-0.515625,6.653873708972242,-16041.339283028561,0.03151316195726395,3.9546501835187278,0.002887194180705895,0.0,0.0,0.996015727519989,0.0009960158495232463,0.0009960158495232463,0.0009960158495232463,0.0009960158495232463
414,2.4091690067666125,4.818338013533225,-0.014010740202735782,0.0009960158495232463,4.5625,-0.34375,0.34375,6.5323611670173705,-17151.60267978825,0.03151316195726395,3.975105861822764,0.002986085382872261,0.0,0.0,0.996015727519989,0.0009960158495232463,0.0009960158495232463,0.0009960158495232463,0.0009960158495232463
415,2.4089088742324147,4.8178177484648295,-0.019100839216710307,0.0009960158495232463,4.734375,-0.109375,0.109375,6.732222000020556,-18809.26512504804,0.03151316195726395,3.894647737344106,0.002853898147198682,0.0,0.0,0.996015727519989,0.0009960158495232463,0.0009960158495232463,0.0009960158495232463,0.0009960158495232463
416,2.4087466448816857,4.817493289763371,-0.011339155638319838,0.0009960158495232463,4.453125,-0.296875,0.296875,6.411262000037823,-15459.005617790892,0.03151316195726395,3.9577521085739136,0.002523428736215768,0.0,0.0,0.996015727519989,0.0009960158495232463,0.0009960158495232463,0.0009960158495232463,0.0009960158495232463
417,2.4086384301284913,4.817276860256983,-0.01703000653482858,0.0009960158495232463,4.609375,0.3046875,-0.3046875,6.551513125014026,-17761.177120932887,0.03151316195726395,3.9751524925231934,0.0025136540934909135,0.0,0.0,0.996015727519989,0.0009960158495232463,0.0009960158495232463,0.0009960158495232463,0.0009960158495232463
418,2.408585461439549,4.817170922879098,-0.003056034705293257,0.0009960158495232463,4.4609375,0.5625,-0.5625,6.321681166999042,-15010.401801688868,0.03151316195726395,4.097157061100006,0.002861372495923812,0.0,0.0,0.996015727519989,0.0009960158495232463,0.0009960158495232463,0.0009960158495232463,0.0009960158495232463
419,2.408456372128216,4.816912744256432,-0.015378757676388901,0.0009960158495232463,4.734375,-0.4765625,0.4765625,6.699836166983005,-18332.654488516328,0.03151316195726395,4.008395254611969,0.002730841501033865,0.0,0.0,0.996015727519989,0.0009960158495232463,0.0009960158495232463,0.0009960158495232463,0.0009960158495232463
420,2.408330597085465,4.81666119417093,-0.015245635106602136,0.0009960158495232463,4.71875,0.4296875,-0.4296875,6.705970291979611,-19209.63236714041,0.03151316195726395,3.9366102814674377,0.002435026952298358,0.0,0.0,0.996015727519989,0.0009960158495232463,0.0009960158495232463,0.0009960158495232463,0.0009960158495232463
421,2.4081494054122743,4.816298810824549,-0.009930450352061417,0.0009960158495232463,4.6171875,-1.2578125,1.2578125,6.567932749981992,-18705.9775071249,0.03151316195726395,3.926910658677419,0.002451162067397187,0.0,0.0,0.996015727519989,0.0009960158495232463,0.0009960158495232463,0.0009960158495232463,0.0009960158495232463
422,2.4079646597982673,4.815929319596535,-0.011811052615063511,0.0009960158495232463,4.578125,-0.328125,0.328125,6.503260291996412,-17204.34509779894,0.03151316195726395,4.007251580556233,0.002902239139075391,0.0,0.0,0.996015727519989,0.0009960158495232463,0.0009960158495232463,0.0009960158495232463,0.0009960158495232463
423,2.4077539790179103,4.815507958035821,-0.02325639221513487,0.0009960158495232463,4.390625,0.03125,-0.03125,6.286623875028454,-19933.765434808152,0.03151316195726395,4.049058198928833,0.002644711103736578,0.0,0.0,0.996015727519989,0.0009960158495232463,0.0009960158495232463,0.0009960158495232463,0.0009960158495232463
424,2.407545676924946,4.815091353849892,-0.013373574749873041,0.0009960158495232463,4.5625,0.3515625,-0.3515625,6.496752083010506,-18552.735612817007,0.03151316195726395,3.999369263648987,0.0026291044681177786,0.0,0.0,0.996015727519989,0.0009960158495232463,0.0009960158495232463,0.0009960158495232463,0.0009960158495232463
425,2.407321785849944,4.814643571699888,-0.018819835030998155,0.0009960158495232463,4.6328125,0.046875,-0.046875,6.596759417036083,-16362.789798164045,0.03151316195726395,4.013513724009196,0.002409296663245186,0.0,0.0,0.996015727519989,0.0009960158495232463,0.0009960158495232463,0.0009960158495232463,0.0009960158495232463
426,2.4071191712159106,4.814238342431821,-0.009060773063470645,0.0009960158495232463,4.734375,-0.421875,0.421875,6.692490125016775,-17819.99725973803,0.03151316195726395,4.006628334522247,0.0023648266069358215,0.0,0.0,0.996015727519989,0.0009960158495232463,0.0009960158495232463,0.0009960158495232463,0.0009960158495232463
427,2.4069039893837445,4.813807978767489,-0.015212710951332427,0.0009960158495232463,4.4453125,0.390625,-0.390625,6.360489000042435,-19174.979701305314,0.03151316195726395,4.015907287597656,0.002323136768003072,0.0,0.0,0.996015727519989,0.0009960158495232463,0.0009960158495232463,0.0009960158495232463,0.0009960158495232463
428,2.4066700069197724,4.813340013839545,-0.019600590244118404,0.0009960158495232463,4.703125,0.4765625,-0.4765625,6.679476249963045,-13467.65780218891,0.03151316195726395,4.112438519795735,0.002784993926373621,0.0,0.0,0.996015727519989,0.0009960158495232463,0.0009960158495232463,0.0009960158495232463,0.0009960158495232463
429,2.406441104427731,4.812882208855462,-0.013301105069930241,0.0009960158495232463,4.6484375,-0.65625,0.65625,6.574045333021786,-17734.708008889593,0.03151316195726395,4.102416455745697,0.002570384989667218,0.0,0.0,0.996015727519989,0.0009960158495232463,0.0009960158495232463,0.0009960158495232463,0.0009960158495232463
430,2.406180608964214,4.812361217928428,-0.004938978646802451,0.0009960158495232463,4.5078125,0.203125,-0.203125,6.383467208012007,-20030.04997070947,0.03151316195726395,4.1233400503794355,0.002544131066921788,0.0,0.0,0.996015727519989,0.0009960158495232463,0.0009960158495232463,0.0009960158495232463,0.0009960158495232463
431,2.4060134259459587,4.812026851891917,-0.02357846186618662,0.0009960158495232463,4.578125,-1.1875,1.1875,6.502586374990642,-17813.4319477537,0.03151316195726395,4.1559785803159075,0.002610248338896781,0.0,0.0,0.996015727519989,0.0009960158495232463,0.0009960158495232463,0.0009960158495232463,0.0009960158495232463
432,2.40580013768062,4.81160027536124,-0.020538916005766756,0.0009960158495232463,4.546875,0.0,0.0,6.45758545800345,-17784.087341046416,0.03151316195726395,4.184348503748576,0.002604075508619038,0.0,0.0,0.996015727519989,0.0009960158495232463,0.0009960158495232463,0.0009960158495232463,0.0009960158495232463
433,2.405615098921592,4.811230197843184,-0.011064557813181082,0.0009960158495232463,4.7421875,-0.3515625,0.3515625,7.035907250014134,-17656.232215692813,0.03151316195726395,4.210159560044606,0.0025179672593367286,0.0,0.0,0.996015727519989,0.0009960158495232463,0.0009960158495232463,0.0009960158495232463,0.0009960158495232463
434,2.405386917968398,4.810773835936796,-0.027841026463913423,0.0009960158495232463,4.5078125,-0.5546875,0.5546875,6.670099249982741,-16155.84580734491,0.03151316195726395,4.17852250734965,0.002548725916615998,0.0,0.0,0.996015727519989,0.0009960158495232463,0.0009960158495232463,0.0009960158495232463,0.0009960158495232463
435,2.4051830682480997,4.810366136496199,-0.01600693472227985,0.0009960158495232463,4.578125,-0.03125,0.03125,6.574056083976757,-19239.88826400184,0.03151316195726395,4.200321137905121,0.0028835165091246986,0.0,0.0,0.996015727519989,0.0009960158495232463,0.0009960158495232463,0.0009960158495232463,0.0009960158495232463
436,2.405087269298839,4.810174538597678,-0.013961711127380996,0.0009960158495232463,4.65625,-0.34375,0.34375,6.673106457979884,-19944.7418615354,0.03151316195726395,4.12357234954834,0.0022879569442011416,0.0,0.0,0.996015727519989,0.0009960158495232463,0.0009960158495232463,0.0009960158495232463,0.0009960158495232463
437,2.4049348247485716,4.809869649497143,-0.015293881153033187,0.0009960158495232463,4.34375,0.4140625,-0.4140625,6.209287042031065,-23160.745931090212,0.03151316195726395,4.18801869948705,0.0023922383503910774,0.0,0.0,0.996015727519989,0.0009960158495232463,0.0009960158495232463,0.0009960158495232463,0.0009960158495232463
438,2.4047895098317422,4.8095790196634844,-0.019483556622422248,0.0009960158495232463,4.65625,0.03125,-0.03125,6.554395708022639,-21173.91822512838,0.03151316195726395,4.113160451253255,0.0026008133912303797,0.0,0.0,0.996015727519989,0.0009960158495232463,0.0009960158495232463,0.0009960158495232463,0.0009960158495232463
439,2.40471323857739,4.80942647715478,-0.013972531648099312,0.0009960158495232463,4.5625,0.90625,-0.90625,6.494927291991189,-21926.291686567543,0.03151316195726395,4.101968050003052,0.0025800823544462523,0.0,0.0,0.996015727519989,0.0009960158495232463,0.0009960158495232463,0.0009960158495232463,0.0009960158495232463
440,2.404616809541082,4.809233619082164,-0.01615937692225854,0.0009960158495232463,4.4765625,-0.296875,0.296875,6.389744083979167,-19531.745470775983,0.03151316195726395,4.101428051789601,0.0023580123925057705,0.0,0.0,0.996015727519989,0.0009960158495232463,0.0009960158495232463,0.0009960158495232463,0.0009960158495232463
441,2.404513856744147,4.809027713488294,-0.01857568689709265,0.0009960158495232463,4.5,0.40625,-0.40625,6.363901166012511,-19640.956858740912,0.03151316195726395,4.124614755312602,0.0022024022861539074,0.0,0.0,0.996015727519989,0.0009960158495232463,0.0009960158495232463,0.0009960158495232463,0.0009960158495232463
442,2.404463964161563,4.808927928323126,-0.030145933667604066,0.0009960158495232463,4.5703125,0.34375,-0.34375,6.522581000055652,-17360.01720221104,0.03151316195726395,4.1447083950042725,0.0024518174128994965,0.0,0.0,0.996015727519989,0.0009960158495232463,0.0009960158495232463,0.0009960158495232463,0.0009960158495232463
443,2.4044297747340995,4.808859549468199,-0.013433458138359432,0.0009960158495232463,4.640625,0.3984375,-0.3984375,6.578762417018879,-19477.077657140868,0.03151316195726395,4.155941545963287,0.002474771700993491,0.0,0.0,0.996015727519989,0.0009960158495232463,0.0009960158495232463,0.0009960158495232463,0.0009960158495232463
444,2.40437843448096,4.80875686896192,-0.020657543562241715,0.0009960158495232463,4.5703125,0.0234375,-0.0234375,6.468692291993648,-19716.474775813174,0.03151316195726395,4.128180225690206,0.002267623603984248,0.0,0.0,0.996015727519989,0.0009960158495232463,0.0009960158495232463,0.0009960158495232463,0.0009960158495232463
445,2.4043272574058894,4.808654514811779,-0.014839901977129907,0.0009960158495232463,4.3984375,-0.125,0.125,6.309159500000533,-23989.56393389253,0.03151316195726395,4.214595417181651,0.002361430541592805,0.0,0.0,0.996015727519989,0.0009960158495232463,0.0009960158495232463,0.0009960158495232463,0.0009960158495232463
446,2.4042858118264743,4.8085716236529485,-0.0151922520973996,0.0009960158495232463,4.3046875,0.265625,-0.265625,6.128324375022203,-22943.0625710046,0.03151316195726395,4.177010238170624,0.0024036988344657098,0.0,0.0,0.996015727519989,0.0009960158495232463,0.0009960158495232463,0.0009960158495232463,0.0009960158495232463
447,2.4041695470404636,4.808339094080927,-0.015488169703299798,0.0009960158495232463,4.359375,-0.7109375,0.7109375,6.3343178749782965,-23043.76216740762,0.03151316195726395,4.310941119988759,0.002619002062904959,0.0,0.0,0.996015727519989,0.0009960158495232463,0.0009960158495232463,0.0009960158495232463,0.0009960158495232463
448,2.404082503621381,4.808165007242762,-0.027421026694391556,0.0009960158495232463,4.484375,0.4921875,-0.4921875,6.433101375005208,-21784.28529078786,0.03151316195726395,4.264424383640289,0.0023576254170620814,0.0,0.0,0.996015727519989,0.0009960158495232463,0.0009960158495232463,0.0009960158495232463,0.0009960158495232463
449,2.4040948610528563,4.808189722105713,-0.012453334100451179,0.0009960158495232463,4.5625,0.0078125,-0.0078125,6.427961708046496,-19594.437610025274,0.03151316195726395,4.269780894120534,0.002381670899922028,0.0,0.0,0.996015727519989,0.0009960158495232463,0.0009960158495232463,0.0009960158495232463,0.0009960158495232463
450,2.404128959070288,4.808257918140576,-0.024812480633835354,0.0009960158495232463,4.6328125,-0.1875,0.1875,6.64362779201474,-20860.024427185574,0.03151316195726395,4.2367637157440186,0.0025270218320656568,0.0,0.0,0.996015727519989,0.0009960158495232463,0.0009960158495232463,0.0009960158495232463,0.0009960158495232463
451,2.404171272882518,4.808342545765036,-0.02116954460117552,0.0009960158495232463,4.515625,-0.1640625,0.1640625,6.5025406669592485,-23145.934916459977,0.03151316195726395,4.252364158630371,0.0024388189534268654,0.0,0.0,0.996015727519989,0.0009960158495232463,0.0009960158495232463,0.0009960158495232463,0.0009960158495232463
452,2.40418958166021,4.80837916332042,-0.005082915281699894,0.0009960158495232463,4.4609375,-0.859375,0.859375,6.274625040998217,-22886.65594885938,0.03151316195726395,4.295328040917714,0.0022937751358161527,0.0,0.0,0.996015727519989,0.0009960158495232463,0.0009960158495232463,0.0009960158495232463,0.0009960158495232463
453,2.4041425726369225,4.808285145273845,-0.013115463395031756,0.0009960158495232463,4.7421875,0.3359375,-0.3359375,6.759115291002672,-20364.053025247238,0.03151316195726395,4.228320201237996,0.0022108607384628462,0.0,0.0,0.996015727519989,0.0009960158495232463,0.0009960158495232463,0.0009960158495232463,0.0009960158495232463
454,2.4041109906197162,4.8082219812394325,-0.018301114594052953,0.0009960158495232463,4.4765625,-0.3984375,0.3984375,6.361228458990809,-25544.959332291368,0.03151316195726395,4.236933608849843,0.0023249342145087817,0.0,0.0,0.996015727519989,0.0009960158495232463,0.0009960158495232463,0.0009960158495232463,0.0009960158495232463
455,2.4041455080816942,4.8082910161633885,-0.006881146847868599,0.0009960158495232463,4.625,-1.046875,1.046875,6.582349541014992,-25508.96618296649,0.03151316195726395,4.271342356999715,0.0021513643999545216,0.0,0.0,0.996015727519989,0.0009960158495232463,0.0009960158495232463,0.0009960158495232463,0.0009960158495232463
456,2.4041286807813442,4.8082573615626885,-0.014065390737516448,0.0009960158495232463,4.4765625,0.34375,-0.34375,6.374822292011231,-24451.311303796152,0.03151316195726395,4.284798006216685,0.002245213109821028,0.0,0.0,0.996015727519989,0.0009960158495232463,0.0009960158495232463,0.0009960158495232463,0.0009960158495232463
457,2.4041320404879367,4.808264080975873,-0.01963158106527682,0.0009960158495232463,4.6171875,-0.1640625,0.1640625,6.519720999989659,-18079.970670877578,0.03151316195726395,4.3299457629521685,0.00264241655531805,0.0,0.0,0.996015727519989,0.0009960158495232463,0.0009960158495232463,0.0009960158495232463,0.0009960158495232463
458,2.4041519491084773,4.808303898216955,-0.0127677563764195,0.0009960158495232463,4.6640625,-0.296875,0.296875,6.886121999996249,-20618.927295346155,0.03151316195726395,4.264682829380035,0.002391147310845554,0.0,0.0,0.996015727519989,0.0009960158495232463,0.0009960158495232463,0.0009960158495232463,0.0009960158495232463
459,2.404115663932716,4.808231327865432,-0.009454269282057559,0.0009960158495232463,4.6484375,0.1953125,-0.1953125,6.969168209005147,-20720.562872570903,0.03151316195726395,4.298712869485219,0.0024221849768461348,0.0,0.0,0.996015727519989,0.0009960158495232463,0.0009960158495232463,0.0009960158495232463,0.0009960158495232463
460,2.4041516456549865,4.808303291309973,-0.018258418867441614,0.0009960158495232463,4.3984375,-0.1171875,0.1171875,6.485135791997891,-26963.350515064085,0.03151316195726395,4.286761045455933,0.002022346893985135,0.0,0.0,0.996015727519989,0.0009960158495232463,0.0009960158495232463,0.0009960158495232463,0.0009960158495232463
461,2.404188960281954,4.808377920563908,-0.015736451466018007,0.0009960158495232463,4.5546875,-0.9921875,0.9921875,6.527235332992859,-28627.698375302767,0.03151316195726395,4.298223197460175,0.0019541810828134962,0.0,0.0,0.996015727519989,0.0009960158495232463,0.0009960158495232463,0.0009960158495232463,0.0009960158495232463
462,2.40418257286653,4.80836514573306,-0.021291944824255126,0.0009960158495232463,4.5390625,0.0546875,-0.0546875,6.443410915962886,-26957.426130915264,0.03151316195726395,4.3003087639808655,0.0020957838278263807,0.0,0.0,0.996015727519989,0.0009960158495232463,0.0009960158495232463,0.0009960158495232463,0.0009960158495232463
463,2.4041383066396516,4.808276613279303,-0.009823783294065129,0.0009960158495232463,4.6875,-0.34375,0.34375,6.598573042021599,-27747.496378707885,0.03151316195726395,4.280657152334849,0.0022513670701300725,0.0,0.0,0.996015727519989,0.0009960158495232463,0.0009960158495232463,0.0009960158495232463,0.0009960158495232463
464,2.404145531708102,4.808291063416204,-0.021990050140325873,0.0009960158495232463,4.7890625,0.0390625,-0.0390625,6.765313125040848,-22733.881411230388,0.03151316195726395,4.288913249969482,0.00235452963776576,0.0,0.0,0.996015727519989,0.0009960158495232463,0.0009960158495232463,0.0009960158495232463,0.0009960158495232463
465,2.4041868444432914,4.808373688886583,-0.012013691319474301,0.0009960158495232463,4.5859375,1.0625,-1.0625,6.58967733400641,-20554.756823174186,0.03151316195726395,4.239605764547984,0.0021169743510351204,0.0,0.0,0.996015727519989,0.0009960158495232463,0.0009960158495232463,0.0009960158495232463,0.0009960158495232463
466,2.404207069569231,4.808414139138462,-0.02202965631598574,0.0009960158495232463,4.5,0.0234375,-0.0234375,6.391794125025626,-20439.88616320822,0.03151316195726395,4.301303207874298,0.002434858323492032,0.0,0.0,0.996015727519989,0.0009960158495232463,0.0009960158495232463,0.0009960158495232463,0.0009960158495232463
467,2.404237026712771,4.808474053425542,-0.020493060695424652,0.0009960158495232463,4.875,-0.2890625,0.2890625,6.891572666994762,-24516.98124195979,0.03151316195726395,4.261833945910136,0.0023062248704566932,0.0,0.0,0.996015727519989,0.0009960158495232463,0.0009960158495232463,0.0009960158495232463,0.0009960158495232463
468,2.404237612408652,4.808475224817304,-0.014492914886664102,0.0009960158495232463,4.546875,-0.28125,0.28125,6.471672332962044,-20719.539018899715,0.03151316195726395,4.380545198917389,0.0022977780099608935,0.0,0.0,0.996015727519989,0.0009960158495232463,0.0009960158495232463,0.0009960158495232463,0.0009960158495232463
469,2.404278228238299,4.808556456476598,-0.018958480102422102,0.0009960158495232463,4.7265625,-0.6875,0.6875,6.807544249983039,-22752.435196956918,0.03151316195726395,4.366722126801808,0.0026601014542393386,0.0,0.0,0.996015727519989,0.0009960158495232463,0.0009960158495232463,0.0009960158495232463,0.0009960158495232463
470,2.4043274420907412,4.8086548841814825,-0.029755006594544657,0.0009960158495232463,4.6171875,-0.8359375,0.8359375,6.667881582980044,-23073.527570643804,0.03151316195726395,4.417139669259389,0.0021874829665951743,0.0,0.0,0.996015727519989,0.0009960158495232463,0.0009960158495232463,0.0009960158495232463,0.0009960158495232463
471,2.404287553141345,4.80857510628269,-0.02430249192257687,0.0009960158495232463,4.5390625,-0.078125,0.078125,6.486448541982099,-30228.555574873433,0.03151316195726395,4.346282521883647,0.0021895403018182455,0.0,0.0,0.996015727519989,0.0009960158495232463,0.0009960158495232463,0.0009960158495232463,0.0009960158495232463
472,2.404297016941019,4.808594033882038,-0.02246397751654824,0.0009960158495232463,4.4453125,-0.390625,0.390625,6.308224208012689,-27798.74175392513,0.03151316195726395,4.331084966659546,0.0024596235210386417,0.0,0.0,0.996015727519989,0.0009960158495232463,0.0009960158495232463,0.0009960158495232463,0.0009960158495232463
473,2.4043263515865965,4.808652703173193,-0.0010274691074062393,0.0009960158495232463,4.5546875,-0.0390625,0.0390625,6.546550708007999,-30698.338533954393,0.03151316195726395,4.400353789329529,0.00235304097198726,0.0,0.0,0.996015727519989,0.0009960158495232463,0.0009960158495232463,0.0009960158495232463,0.0009960158495232463
474,2.404380261165719,4.808760522331438,-0.018795114460945277,0.0009960158495232463,4.6484375,-0.515625,0.515625,6.5633899589884095,-27647.493672346867,0.03151316195726395,4.449303388595581,0.0022023666407449127,0.0,0.0,0.996015727519989,0.0009960158495232463,0.0009960158495232463,0.0009960158495232463,0.0009960158495232463
475,2.4044033973123717,4.8088067946247435,-0.02215721592257351,0.0009960158495232463,4.65625,-0.125,0.125,6.591676749987528,-25983.055689254863,0.03151316195726395,4.427521308263143,0.002396151719343228,0.0,0.0,0.996015727519989,0.0009960158495232463,0.0009960158495232463,0.0009960158495232463,0.0009960158495232463
476,2.4044864089766302,4.8089728179532605,-0.015072837412412896,0.0009960158495232463,4.5234375,0.5859375,-0.5859375,6.510306999960449,-28598.627584322334,0.03151316195726395,4.325649340947469,0.001970646873814985,0.0,0.0,0.996015727519989,0.0009960158495232463,0.0009960158495232463,0.0009960158495232463,0.0009960158495232463
477,2.4045753424148986,4.809150684829797,-0.014824582559454206,0.0009960158495232463,4.59375,0.2734375,-0.2734375,6.569371124962345,-28446.208626260563,0.03151316195726395,4.304334719975789,0.0017640334748042126,0.0,0.0,0.996015727519989,0.0009960158495232463,0.0009960158495232463,0.0009960158495232463,0.0009960158495232463
478,2.4047202587662824,4.809440517532565,-0.01185839377863135,0.0009960158495232463,4.640625,-0.0859375,0.0859375,6.546065374976024,-31615.14056047125,0.03151316195726395,4.2993776599566145,0.001743834853793184,0.0,0.0,0.996015727519989,0.0009960158495232463,0.0009960158495232463,0.0009960158495232463,0.0009960158495232463
479,2.40485779360793,4.80971558721586,-0.01858376958591657,0.0009960158495232463,4.546875,-0.03125,0.03125,6.492553124960978,-32295.36890508383,0.03151316195726395,4.3540664712587995,0.0023452788470118926,0.0,0.0,0.996015727519989,0.0009960158495232463,0.0009960158495232463,0.0009960158495232463,0.0009960158495232463
480,2.4050066800056134,4.810013360011227,-0.018147439134995613,0.0009960158495232463,4.609375,0.2265625,-0.2265625,6.665798166010063,-27934.37209095066,0.03151316195726395,4.443824330965678,0.002125112655145737,0.0,0.0,0.996015727519989,0.0009960158495232463,0.0009960158495232463,0.0009960158495232463,0.0009960158495232463
481,2.4051511709363043,4.8103023418726085,-0.014285029804430683,0.0009960158495232463,4.6171875,-0.2734375,0.2734375,6.580091333948076,-25782.30492255248,0.03151316195726395,4.404045720895131,0.0021856982123911925,0.0,0.0,0.996015727519989,0.0009960158495232463,0.0009960158495232463,0.0009960158495232463,0.0009960158495232463
482,2.405286697779002,4.810573395558004,-0.01736771055691259,0.0009960158495232463,4.890625,0.078125,-0.078125,6.977419291972183,-26574.711097571035,0.03151316195726395,4.36242671807607,0.0021292513811204117,0.0,0.0,0.996015727519989,0.0009960158495232463,0.0009960158495232463,0.0009960158495232463,0.0009960158495232463
483,2.405455686382302,4.810911372764604,-0.021676196995900846,0.0009960158495232463,4.5078125,-0.046875,0.046875,6.401462499983609,-29622.253239041598,0.03151316195726395,4.428388079007466,0.002022292780263039,0.0,0.0,0.996015727519989,0.0009960158495232463,0.0009960158495232463,0.0009960158495232463,0.0009960158495232463
484,2.4055163585886916,4.811032717177383,-0.009068292656241024,0.0009960158495232463,4.5078125,0.6015625,-0.6015625,6.460988832986914,-27189.480786619402,0.03151316195726395,4.406691710154216,0.0017111809938796796,0.0,0.0,0.996015727519989,0.0009960158495232463,0.0009960158495232463,0.0009960158495232463,0.0009960158495232463
485,2.4055817878919763,4.811163575783953,-0.018154524413295448,0.0009960158495232463,4.5234375,-0.4140625,0.4140625,6.511704457981978,-25317.208209945336,0.03151316195726395,4.362840572992961,0.0018038306249460827,0.0,0.0,0.996015727519989,0.0009960158495232463,0.0009960158495232463,0.0009960158495232463,0.0009960158495232463
486,2.4056540729602416,4.811308145920483,-0.015028455364357112,0.0009960158495232463,4.5,0.7421875,-0.7421875,6.394409333006479,-30476.43102677663,0.03151316195726395,4.369585732618968,0.0019420404544992682,0.0,0.0,0.996015727519989,0.0009960158495232463,0.0009960158495232463,0.0009960158495232463,0.0009960158495232463
487,2.405669511756761,4.811339023513522,-0.018113398596196182,0.0009960158495232463,4.5859375,-0.0546875,0.0546875,6.523376458033454,-32936.54242975342,0.03151316195726395,4.431547741095225,0.001953957599956387,0.0,0.0,0.996015727519989,0.0009960158495232463,0.0009960158495232463,0.0009960158495232463,0.0009960158495232463
488,2.4057037752724675,4.811407550544935,-0.01871393343804714,0.0009960158495232463,4.5703125,0.2265625,-0.2265625,6.690861250041053,-32868.901142583345,0.03151316195726395,4.474166711171468,0.0019112241261609597,0.0,0.0,0.996015727519989,0.0009960158495232463,0.0009960158495232463,0.0009960158495232463,0.0009960158495232463
489,2.4057662568804647,4.8115325137609295,-0.023950312724069955,0.0009960158495232463,4.59375,-0.0625,0.0625,6.5702857919968665,-23936.85134615217,0.03151316195726395,4.5617103179295855,0.0019311879914312158,0.0,0.0,0.996015727519989,0.0009960158495232463,0.0009960158495232463,0.0009960158495232463,0.0009960158495232463
490,2.4057847734402493,4.811569546880499,-0.028515168530048016,0.0009960158495232463,4.5234375,0.3046875,-0.3046875,6.429303249984514,-30431.508481145935,0.03151316195726395,4.47464386622111,0.0019108934175164904,0.0,0.0,0.996015727519989,0.0009960158495232463,0.0009960158495232463,0.0009960158495232463,0.0009960158495232463
491,2.4057955183559816,4.811591036711963,-0.031177841090310132,0.0009960158495232463,4.5234375,-0.953125,0.953125,6.572124416008592,-30298.26251776766,0.03151316195726395,4.419766207536061,0.001976708896108903,0.0,0.0,0.996015727519989,0.0009960158495232463,0.0009960158495232463,0.0009960158495232463,0.0009960158495232463
492,2.4057837142013954,4.811567428402791,-0.009692723016129352,0.0009960158495232463,4.671875,0.5078125,-0.5078125,6.574725084006786,-33199.17214136538,0.03151316195726395,4.563323736190796,0.0020072279585292563,0.0,0.0,0.996015727519989,0.0009960158495232463,0.0009960158495232463,0.0009960158495232463,0.0009960158495232463
493,2.405763535286437,4.811527070572874,-0.021155282648353223,0.0009960158495232463,4.6796875,-0.4921875,0.4921875,6.657199250010308,-32262.216312363867,0.03151316195726395,4.5802028973897295,0.001574833785222533,0.0,0.0,0.996015727519989,0.0009960158495232463,0.0009960158495232463,0.0009960158495232463,0.0009960158495232463
494,2.40571106748102,4.81142213496204,-0.03329414922890263,0.0009960158495232463,4.5078125,-0.171875,0.171875,6.532298958976753,-28366.01872531091,0.03151316195726395,4.519475936889648,0.0015623401195625775,0.0,0.0,0.996015727519989,0.0009960158495232463,0.0009960158495232463,0.0009960158495232463,0.0009960158495232463
495,2.405615505666954,4.811231011333908,-0.01896732670397638,0.0009960158495232463,4.765625,0.53125,-0.53125,6.678297709033359,-30723.09691549833,0.03151316195726395,4.52924511830012,0.002096266843182093,0.0,0.0,0.996015727519989,0.0009960158495232463,0.0009960158495232463,0.0009960158495232463,0.0009960158495232463
496,2.4055437080145863,4.811087416029173,-0.02268615817743147,0.0009960158495232463,4.6875,0.390625,-0.390625,6.722823166986927,-36021.82546768188,0.03151316195726395,4.429778476556142,0.0015071425993179826,0.0,0.0,0.996015727519989,0.0009960158495232463,0.0009960158495232463,0.0009960158495232463,0.0009960158495232463
497,2.405502948824882,4.811005897649764,-0.018822741056542677,0.0009960158495232463,4.625,0.0078125,-0.0078125,6.584475667041261,-34330.31012279923,0.03151316195726395,4.4015833735466,0.0015431883875862695,0.0,0.0,0.996015727519989,0.0009960158495232463,0.0009960158495232463,0.0009960158495232463,0.0009960158495232463
498,2.405483815624483,4.810967631248966,-0.02314301736438769,0.0009960158495232463,4.6328125,0.1328125,-0.1328125,6.559133917035069,-32166.969779054794,0.03151316195726395,4.402027249336243,0.0018565673199191224,0.0,0.0,0.996015727519989,0.0009960158495232463,0.0009960158495232463,0.0009960158495232463,0.0009960158495232463
499,2.4054186548141683,4.8108373096283366,-0.01853875181807488,0.0009960158495232463,4.5078125,0.0625,-0.0625,6.425145124958362,-37461.21898689468,0.03151316195726395,4.443631410598755,0.00153374407091178,0.0,0.0,0.996015727519989,0.0009960158495232463,0.0009960158495232463,0.0009960158495232463,0.0009960158495232463
500,2.4053699830604565,4.810739966120913,-0.023827257844510147,0.0009960158495232463,4.65625,-0.28125,0.28125,6.717230000009295,-29781.546886981734,0.03151316195726395,4.543623109658559,0.0018651818997265461,0.0,0.0,0.996015727519989,0.0009960158495232463,0.0009960158495232463,0.0009960158495232463,0.0009960158495232463
