iteration,exploitability,nash_conv,actor_loss,average_lambda,mean_episode_length,mean_return_player0,mean_return_player1,wall_time_sec,scheduler_loss,gate_entropy,gate_regret_norm,gate_avg_utility,handoff_frozen_clusters,handoff_missing_clusters,gate_prob_actor,gate_prob_regret,gate_prob_ra,gate_prob_explore,gate_prob_cfr
1,2.373611041250003,4.747222082500006,0.0,0.21195767910108654,4.2578125,0.625,-0.625,6.124883707961999,0.00012574789412076682,1.608174665914763,0.0,0.0,0.0,0.0,0.19271031489612858,0.21195767910108654,0.19092677987496787,0.19349134121466122,0.21091389251411508
2,2.438744022382421,4.877488044764842,-4.176428258686152e-05,0.20692836199386186,3.921875,-0.203125,0.203125,5.663172749977093,5.512346867446134e-05,1.6088853169722386,4.0037138635030623e-10,2.2969279473220028e-12,0.0,0.0,0.1968647021933856,0.20692836199386186,0.19545827764438917,0.19436057924155695,0.20638808210295034
3,2.460007987752104,4.920015975504208,-0.00011954475426656855,0.20177603118559895,4.1171875,-0.6328125,0.6328125,5.829609833017457,-0.6293883339927816,1.6092064342191141,0.019739641167689115,-1.5726983863354842e-06,0.0,0.0,0.20034355352114908,0.20177603118559895,0.19969312730731276,0.1963091868716354,0.20187810934245926
4,2.459653516704692,4.919307033409384,-0.00021466850905306923,0.19747676791556587,4.1484375,-0.5625,0.5625,5.945083207974676,-0.8533158090084847,1.6091675760606812,0.04358998701597253,-1.1504569918940888e-07,0.0,0.0,0.20087143506595195,0.19747676791556587,0.20165411330998056,0.1968641700100315,0.203133520293146
5,2.447343308165001,4.894686616330002,-0.00026342710122602224,0.19224614866406603,4.25,-0.1796875,0.1796875,6.04030175000662,-1.1331069202860817,1.608987317804028,0.06818955189858873,5.51473592243686e-06,0.0,0.0,0.2016564885921338,0.19224614866406603,0.20410955420640461,0.19726582128992853,0.2047219937941169
6,2.4426310704031695,4.885262140806339,-7.148357031948331e-05,0.18762675882842308,4.15625,-0.6796875,0.6796875,6.030375833041035,-0.7765250215411914,1.6086571185212386,0.09085491967077057,1.3453231683039727e-05,0.0,0.0,0.2031217155263836,0.18762675882842308,0.20719605474207634,0.19802358561664596,0.20403188565059713
7,2.446415221538896,4.892830443077792,-0.0004334964067661064,0.1827273586512068,4.0859375,0.234375,-0.234375,5.821892708016094,-0.8082465129240236,1.6081504019450958,0.11763785437991221,2.5221422712699375e-05,0.0,0.0,0.20484910976590437,0.1827273586512068,0.20966875715533817,0.19862162280492984,0.20413315857459666
8,2.4331302859853756,4.866260571970751,-0.00010533850177503961,0.17774430696445584,4.2734375,-0.0859375,0.0859375,6.076955707976595,-1.2294176701061306,1.6073955354132643,0.1379467068860928,3.841549202358389e-05,0.0,0.0,0.2060466378218949,0.17774430696445584,0.21295383283817354,0.1992111830977243,0.2040440456250468
9,2.4679900426998667,4.935980085399733,-0.00033135057895716444,0.17200397687050903,4.0234375,0.2578125,-0.2578125,5.942500374978408,-1.1635784163311558,1.6062798467654626,0.1614486559604605,5.5036420083827885e-05,0.0,0.0,0.20760211608942272,0.17200397687050903,0.21673248693780992,0.19983666550765916,0.20382476124948667
10,2.4466389038026035,4.893277807605207,2.759415595010279e-05,0.16557532063487804,4.125,-0.421875,0.421875,5.850117500056513,-0.8975708957401697,1.6047649216471296,0.18026509011785188,7.301181085495045e-05,0.0,0.0,0.20939394182553797,0.16557532063487804,0.22027242231662525,0.20070649844340302,0.2040518249356837
11,2.4610234389220764,4.922046877844153,-8.054484273855283e-05,0.1591981873604815,4.2265625,0.2890625,-0.2890625,6.042253457999323,-0.9800246425709805,1.6029696052484284,0.20256049620608488,9.69806881888265e-05,0.0,0.0,0.2108509188824352,0.1591981873604815,0.2235971795543064,0.20195851922586092,0.20439520348793036
12,2.45714039273643,4.91428078547286,0.00011721310533468428,0.15168330920458287,4.1640625,-0.328125,0.328125,5.9490855829790235,-1.224537734620231,1.6002399248209054,0.21835591892401376,0.00012018065232647739,0.0,0.0,0.2126987873389618,0.15168330920458287,0.2288838933321593,0.2025292527496703,0.2042047633574559
13,2.4432482203018555,4.886496440603711,0.000321088911142031,0.14539344395486783,3.9296875,-0.4765625,0.4765625,5.681936125038192,-1.130693770215567,1.5977135673905936,0.24134527953962484,0.00015365595875967605,0.0,0.0,0.2145816112903667,0.14539344395486783,0.23243394396295605,0.20333334981328688,0.20425765838466628
14,2.4416955942378595,4.883391188475719,-0.0006369901094259095,0.1374835419056584,4.203125,0.390625,-0.390625,5.994634083996061,-1.2055142422563303,1.5937824428746248,0.25197764734427136,0.00017700470380077604,0.0,0.0,0.21643602058679198,0.1374835419056584,0.23814133388513084,0.20448291581470285,0.20345619791723982
15,2.430624766008059,4.861249532016118,0.00039368239637541005,0.12945610050683543,4.2265625,0.1953125,-0.1953125,5.974946666974574,-1.7394186676498813,1.5892176976265617,0.2788459447522958,0.00022423558705971422,0.0,0.0,0.21914897109906906,0.12945610050683543,0.24358264297632545,0.2048981380605874,0.2029141592285329
16,2.4241097437193595,4.848219487438719,0.00013323737968027414,0.12205868532888065,4.203125,0.4140625,-0.4140625,6.010159750003368,-1.2124075904093876,1.5844427429167312,0.29665008932352066,0.00026109908988776925,0.0,0.0,0.22128967824478574,0.12205868532888065,0.24863841531445102,0.2059423024991188,0.20207092766978926
17,2.402504881797449,4.805009763594898,0.00041609447504867693,0.11302434288033651,4.2578125,-0.1171875,0.1171875,6.033409124996979,-1.6651239312501676,1.577594311959153,0.31917867809534073,0.0003140071324499634,0.0,0.0,0.2242757133934476,0.11302434288033651,0.25545196257053165,0.20681216730437146,0.200435820413292
18,2.422315463777502,4.844630927555004,5.86992831886419e-05,0.10384722692625863,4.375,-1.03125,1.03125,6.208692833024543,-1.4360924179865313,1.5694839324269976,0.33145104224483174,0.00034297082675038837,0.0,0.0,0.22682794529412473,0.10384722692625863,0.2629017770290375,0.20808593715940202,0.19833712463400194
19,2.397096073037809,4.794192146075618,-7.247819235896814e-05,0.0957174269255176,4.2890625,-0.9921875,0.9921875,6.106370542023797,-1.500735284434886,1.5615884875556376,0.35214845339457196,0.00040771929343463853,0.0,0.0,0.2291532661528318,0.0957174269255176,0.269219945200154,0.20911410953069212,0.19679525668286668
20,2.4252578830240648,4.8505157660481295,0.0005146824278052871,0.08573533781597587,4.015625,0.2578125,-0.2578125,5.695460624992847,-1.5806965278896434,1.5500760771884992,0.37770971407492954,0.00047839329757456045,0.0,0.0,0.2328357204562959,0.08573533781597587,0.27789476073205704,0.20947330007293344,0.19406089291034506
21,2.4172831785535447,4.834566357107089,1.6350418862827185e-05,0.0759799178944681,4.109375,0.5625,-0.5625,5.938327124982607,-1.238307495665216,1.5378083153822577,0.4004097630580266,0.0005498403018767325,0.0,0.0,0.23600993109973212,0.0759799178944681,0.28578710573027793,0.20993117362034186,0.19229188215823229
22,2.3810187705920467,4.762037541184093,0.00031773659944281586,0.06675017073328765,4.140625,-0.3515625,0.3515625,5.903203500027303,-1.1652894954741844,1.5239118549059023,0.4269167445600033,0.0006153691695847859,0.0,0.0,0.23869117135709186,0.06675017073328765,0.2951782289540993,0.21155078076529052,0.1878296579392451
23,2.374730586185959,4.749461172371918,-0.00017119655232908737,0.05833145472500645,4.2421875,0.140625,-0.140625,6.033027832978405,-1.4554656795491885,1.5085879395240798,0.4436204085747401,0.0006726057908963412,0.0,0.0,0.24253046347950044,0.05833145472500645,0.3050134736310492,0.21273855854024765,0.18138605872131403
24,2.3812712462442627,4.762542492488525,0.0005137241802710061,0.04956027875062714,4.0703125,-0.515625,0.515625,5.800961040949915,-1.5533742199253269,1.48943991853271,0.46781139448285103,0.0007425408451429879,0.0,0.0,0.24688439872008597,0.04956027875062714,0.31722973896308504,0.21321060172426953,0.17311499169142827
25,2.3778240138866304,4.755648027773261,0.00036514493099887703,0.040929468233056744,4.28125,-0.2734375,0.2734375,6.063647290982772,-2.00931659144397,1.4678689237058598,0.4839203953742981,0.000819272048829589,0.0,0.0,0.25000881822439874,0.040929468233056744,0.3304014427274683,0.21361751843542948,0.16504276456841588
26,2.3520926289963295,4.704185257992659,0.0006883486009617309,0.03436137014485259,3.9296875,-0.3203125,0.3203125,5.657251750002615,-1.8149563464767504,1.4488409307320598,0.5124614288409551,0.0009058814854749168,0.0,0.0,0.25529828398057053,0.03436137014485259,0.33934439822409307,0.2148049525013027,0.15619100653983015
27,2.350331895411931,4.700663790823862,0.0008024539092654438,0.027492161644230743,3.8984375,0.1796875,-0.1796875,5.535736958030611,-2.7167457933341694,1.4236266667952757,0.5306156252821287,0.0009345148331097638,0.0,0.0,0.2579661873514523,0.027492161644230743,0.3547237207870445,0.21420132113482526,0.14561662276486356
28,2.3622814884129415,4.724562976825883,-0.0003945485104490478,0.02165741300033856,3.875,0.140625,-0.140625,5.521699208009522,-2.096967651702148,1.3980593056448045,0.549362932642301,0.0009754664303424457,0.0,0.0,0.2622354075973553,0.02165741300033856,0.3679356358705028,0.21415104308435995,0.13402051107597449
29,2.376588663742825,4.75317732748565,-0.0003040625317209662,0.016346021489107715,3.8984375,-0.015625,0.015625,5.539084541029297,-2.205921956485432,1.3677600259054639,0.5649426132440567,0.0010311004540805395,0.0,0.0,0.2646165974214225,0.016346021489107715,0.3854073112259408,0.212553749521653,0.12107633070680565
30,2.37494571082887,4.74989142165774,0.00013932501804537142,0.012060060154570467,4.203125,-0.0390625,0.0390625,5.958969125000294,-2.8397298703094784,1.3375644234033321,0.5765851760903994,0.0010772198293125257,0.0,0.0,0.2676726085268875,0.012060060154570467,0.4010222565285778,0.21181834472488736,0.107426740672287
31,2.378606748731946,4.757213497463892,0.0010403366612586626,0.008840531137322178,4.109375,0.0859375,-0.0859375,5.874381500005256,-2.9730040991533646,1.306797378643384,0.595288393398126,0.0011395522839544963,0.0,0.0,0.27083390197599794,0.008840531137322178,0.4164502970279396,0.20979673438085802,0.09407854092240107
32,2.376182041003312,4.752364082006624,0.0010374891251125438,0.005945397915584452,4.1875,-0.09375,0.09375,5.952081082970835,-1.7049642144007358,1.2684910717739988,0.6088114827871323,0.0011649953084997833,0.0,0.0,0.2733755803097095,0.005945397915584452,0.43627586999713486,0.20549796427141376,0.07890519360080361
33,2.381913973654383,4.763827947308766,-0.00022706781634500815,0.004034196281992949,4.15625,-0.484375,0.484375,5.981049582944252,-1.6597356486617398,1.231704399325794,0.6192085941632589,0.0011629182990873232,0.0,0.0,0.27480403852081836,0.004034196281992949,0.4551030357641385,0.2009471491035214,0.06511159012220184
34,2.3779481066401402,4.7558962132802804,0.0009130724932562667,0.002717246455185622,4.0234375,-0.296875,0.296875,5.7125477499794215,-2.852907259073289,1.1957235655738312,0.6287172387043635,0.0012042519471530493,0.0,0.0,0.27573589798316217,0.002717246455185622,0.4730491539806996,0.19567457547465575,0.05282313672518267
35,2.3806436367803583,4.761287273560717,-0.00021010618206251526,0.001836847769194625,3.9296875,-0.296875,0.296875,5.597173916990869,-3.0736960255916768,1.1601453310926677,0.6467585613330206,0.0012660865468205884,0.0,0.0,0.27626077273849464,0.001836847769194625,0.4905561521560487,0.18963605183256313,0.04171018436491845
36,2.381317832594892,4.762635665189784,8.711823027226032e-06,0.0012587888953115407,4.3046875,-0.4375,0.4375,6.1555227499920875,-3.0627774192297497,1.121890921774447,0.6598575164874395,0.0012411500695937623,0.0,0.0,0.2752367242656905,0.0012587888953115407,0.5098091956708046,0.18230933002356825,0.03138597251445109
37,2.383904307035656,4.767808614071312,0.0008355840692855081,0.0010298902050171997,3.984375,-0.40625,0.40625,5.698795083037112,-5.148075688498862,1.0811389946470074,0.6757273102800051,0.0013006421747074153,0.0,0.0,0.27289682413433114,0.0010298902050171997,0.53112672058975,0.17254691483343348,0.022399661001548464
38,2.3848214508492047,4.769642901698409,0.00044535579244865095,0.0009993287761413026,4.015625,0.296875,-0.296875,5.737084165972192,-6.1206067113173175,1.0494737649474162,0.6980012382070223,0.0013247785439792399,0.0,0.0,0.2694196265901109,0.0009993287761413026,0.5486157390973911,0.16450475623055655,0.016460560736018107
39,2.3841288526841873,4.768257705368375,5.8910771871927434e-05,0.0009991586637311033,4.1640625,-0.3359375,0.3359375,5.942673584038857,-6.069846978152475,1.0094400881379004,0.709193671743075,0.0012914253359970946,0.0,0.0,0.26419989418021733,0.0009991586637311033,0.5715039007323768,0.15246110909931207,0.010835945685734837
40,2.3841525335270126,4.768305067054025,-0.00044002396615383375,0.0009990817638692512,4.2265625,-0.2109375,0.2109375,6.038426916988101,-6.2235746013100455,0.9768964249413468,0.7204456900556883,0.0013086906595466037,0.0,0.0,0.26021295703272723,0.0009990817638692512,0.5892533586117785,0.1424799795484587,0.007054629564576209
41,2.3845610506340065,4.769122101268013,-0.00022708505237128477,0.000999022287132784,4.1953125,0.328125,-0.328125,5.959761874983087,-6.873477511501609,0.9362941631835711,0.729293018579483,0.001287044045360138,0.0,0.0,0.25187168860013703,0.000999022287132784,0.6137293337443688,0.12919320202184567,0.004206759740903738
42,2.384848879612986,4.769697759225972,-0.0003403374760332878,0.0009989109793954556,3.9453125,0.2734375,-0.2734375,5.58333875000244,-5.796318901199294,0.9058663437862208,0.7641696731249491,0.0013408735782528918,0.0,0.0,0.24532305412363298,0.0009989109793954556,0.6321635747900104,0.11881392037514413,0.0027005468329211863
43,2.3852356608774556,4.770471321754911,-5.0321571568857004e-05,0.0009988054838907868,4.234375,-0.828125,0.828125,5.990242666041013,-5.523268312278523,0.8672948367481302,0.7800738190611204,0.0013473540408692013,0.0,0.0,0.23508387628076702,0.0009988054838907868,0.6562587750793824,0.10602290129007229,0.0016356343809408702
44,2.3854999781962754,4.770999956392551,-0.0011250433604879791,0.0009986682814651397,4.0703125,0.078125,-0.078125,5.817837459035218,-7.1192880913574115,0.8326513023614426,0.7996729289491972,0.0013197448036711041,0.0,0.0,0.22695419647071274,0.0009986682814651397,0.6767354907321381,0.0941935803405154,0.001118056395452205
45,2.3858502933193773,4.7717005866387545,-0.0012056398481002254,0.0009983940192111295,3.9296875,0.265625,-0.265625,5.632202374981716,-9.016356866868772,0.7892625730032949,0.8074529046813647,0.0014004539746868734,0.0,0.0,0.21338773825415086,0.0009983940192111295,0.7031255023142926,0.08148996511226146,0.0009983940192111295
46,2.3863216666967366,4.772643333393473,-0.0005870232428909165,0.000998200054117848,3.9375,0.1484375,-0.1484375,5.557087249995675,-7.682637128151125,0.7552206543466401,0.8295499881108602,0.001460123574361205,0.0,0.0,0.20476552155164499,0.000998200054117848,0.7223628857542598,0.07087518832838488,0.000998200054117848
47,2.3867797279743224,4.773559455948645,9.126589627816524e-05,0.0009980903095358575,4.0390625,-0.25,0.25,5.7294092499651015,-9.24934095587956,0.7097978123843786,0.8513986890514692,0.001519487108453177,0.0,0.0,0.19107777191545794,0.0009980903095358575,0.7472822558949026,0.05964379415737476,0.0009980903095358575
48,2.3871892130755747,4.7743784261511495,0.0001355662592730355,0.0009980421674646966,4.0703125,0.2421875,-0.2421875,5.743020708032418,-11.156051634733105,0.6633476529148856,0.8506804828842481,0.0014439353326451965,0.0,0.0,0.1771022152162788,0.0009980421674646966,0.7712700881793265,0.04963160847490671,0.0009980421674646966
49,2.3874638513175213,4.7749277026350425,-0.0004285339670380402,0.0009980188732406179,4.0234375,0.0078125,-0.0078125,5.670741375011858,-10.617797392355369,0.6130567692437219,0.87798044582208,0.0014714749922859482,0.0,0.0,0.16205275686620507,0.0009980188732406179,0.7958737985601703,0.04007740636329049,0.0009980188732406179
50,2.3877602370155184,4.775520474031037,-0.0009605067668493992,0.000998009797976405,4.140625,-0.2265625,0.2265625,5.857064250041731,-10.94426201643062,0.557813956152718,0.876693864663442,0.0013936013395626408,0.0,0.0,0.14541654889032526,0.000998009797976405,0.821210810710799,0.03137661919946659,0.000998009797976405
51,2.3880749186578645,4.776149837315729,-0.001605589959954165,0.0009980061082352026,3.984375,-0.1875,0.1875,5.658816957962699,-15.477285747152443,0.5034573817369985,0.8916647632916769,0.0013181269957082502,0.0,0.0,0.12868291016887215,0.0009980061082352026,0.8450066904226939,0.02431438247965393,0.0009980061082352026
52,2.3883285297694172,4.7766570595388345,0.0004486296320069872,0.000998004761948152,4.0703125,-0.7265625,0.7265625,5.816200582950842,-16.65656850824397,0.45259281174921484,0.9081210444370905,0.0012937539352909273,0.0,0.0,0.11345219005778746,0.000998004761948152,0.8660309835267387,0.018520803049549946,0.000998004761948152
53,2.3887905307916792,4.7775810615833585,-0.001239657027995378,0.0009980042621005073,4.0234375,0.671875,-0.671875,5.701080749975517,-14.056957224487482,0.3960154386978705,0.906820091108481,0.0013937505088203277,0.0,0.0,0.09679403361475583,0.0009980042621005073,0.8880241741254492,0.013185777924774052,0.0009980042621005073
54,2.389354393396912,4.778708786793824,-0.0007317012630111467,0.0009980041328102455,4.4765625,-0.9609375,0.9609375,6.322939875011798,-16.746003409878497,0.34645691469805817,0.929960568745931,0.0013619204570810932,0.0,0.0,0.08209384243161683,0.0009980041328102455,0.9063991932344686,0.00951095748518839,0.0009980041328102455
55,2.3898546461720107,4.779709292344021,-0.0011212796112952585,0.0009980040796913634,4.2265625,-0.3515625,0.3515625,6.019509374978952,-17.451606533380808,0.2988470264206091,0.9449631596604983,0.0014303824039719377,0.0,0.0,0.06815919322056382,0.0009980040796913634,0.9231567337640773,0.006688059179599495,0.0009980040796913634
56,2.390499185111484,4.780998370222968,-0.0005189715255954113,0.0009979827430423474,4.3984375,0.234375,-0.234375,6.2548866249853745,-21.519979570246345,0.2525206038308186,0.9485501572489738,0.0014745461570176606,0.0,0.0,0.05504763893597821,0.0009979827430423474,0.9384562169891479,0.004500168572315619,0.0009979827430423474
57,2.391194491130668,4.782388982261336,-2.8568151389668435e-05,0.0009978999854125508,4.2421875,-0.703125,0.703125,6.051072792033665,-14.736958091539476,0.21111827255887003,0.950728120903174,0.0014960355668639143,0.0,0.0,0.04349784614281595,0.0009978999854125508,0.9514309892338284,0.003075353230751063,0.0009978999854125508
58,2.391748215631761,4.783496431263522,-0.0006097065110603863,0.0009978276952399686,4.2734375,0.140625,-0.140625,6.095604792004451,-19.425897452489398,0.17168058159418909,0.9661478201548258,0.0014919062765936057,0.0,0.0,0.03295928707867316,0.0009978276952399686,0.9630466861960221,0.001998352913749515,0.0009978276952399686
59,2.3923355685314993,4.784671137062999,-0.0006959597623144159,0.000997715141189234,4.03125,0.6484375,-0.6484375,5.704521542007569,-27.353182720906247,0.13648809214635182,0.998045821984609,0.0015314041362823143,0.0,0.0,0.02400400477295467,0.000997715141189234,0.9726182417583096,0.0013822941856310783,0.000997715141189234
60,2.393034340880713,4.786068681761426,-0.0009089227520115022,0.00099757665731503,4.15625,-0.3828125,0.3828125,5.945624875021167,-27.70443012496209,0.11027965621840685,1.0085029701391857,0.0013929618362453766,0.0,0.0,0.01755956222243691,0.00099757665731503,0.97936242012153,0.0010828226080419902,0.00099757665731503
61,2.393794460318298,4.787588920636596,-0.0019852883944667553,0.0009973642175152367,4.15625,-0.4296875,0.4296875,5.879825291980524,-26.44262857967822,0.08729099233011554,1.0149890184402466,0.0012349467641949257,0.0,0.0,0.012120787470069314,0.0009973642175152367,0.9848759525028387,0.0010084804938318335,0.0009973642175152367
62,2.3945568338093888,4.7891136676187775,-0.0019432922376488853,0.0009972116386619547,4.0078125,-0.0390625,0.0390625,5.727772417012602,-33.88177544267311,0.06993764312847084,1.053290233016014,0.001279425181564875,0.0,0.0,0.008245381127024472,0.0009972116386619547,0.9887629395339921,0.0009972116386619547,0.0009972116386619547
63,2.3954030139148808,4.7908060278297615,-0.0007174074888178902,0.000997100463891209,4.1484375,-1.140625,1.140625,5.869354041002225,-26.339336843699392,0.055447185562884964,1.0699602365493774,0.0012376769021405682,0.0,0.0,0.005257630067844147,0.000997100463891209,0.9917510271970386,0.000997100463891209,0.000997100463891209
64,2.3961114533236874,4.792222906647375,-0.0014672290187588812,0.0009969672899119856,4.0859375,1.2421875,-1.2421875,5.76334579102695,-28.48096356309268,0.045677744251022376,1.0681205540895462,0.0013242991456839566,0.0,0.0,0.0033807926225862387,0.0009969672899119856,0.9936282544701323,0.0009969672899119856,0.0009969672899119856
65,2.3970589279498404,4.794117855899681,-0.001286539214093376,0.0009968446869375218,4.171875,-0.0546875,0.0546875,5.953423791972455,-27.039225445549103,0.03893274377180396,1.0710987100998561,0.0012831791088198468,0.0,0.0,0.00218836334097977,0.0009968446869375218,0.9948210622487443,0.0009968446869375218,0.0009968446869375218
66,2.397857707585543,4.795715415171086,-0.00020445994804235004,0.0009967353411029158,4.234375,-0.1796875,0.1796875,6.042993541981559,-24.236706625737963,0.034113504102529196,1.0633617242177327,0.0011961266900470946,0.0,0.0,0.001394748348808019,0.0009967353411029158,0.9956149933962805,0.0009967353411029158,0.0009967353411029158
67,2.398804890904249,4.797609781808498,0.0003327869383476725,0.000996585507088307,4.0859375,0.1796875,-0.1796875,5.809668667032383,-20.4922497179058,0.03202624339076119,1.0831290036439896,0.0013356348469339234,0.0,0.0,0.0010717056186809195,0.000996585507088307,0.995938491069108,0.000996585507088307,0.000996585507088307
68,2.3997404789075922,4.7994809578151845,-0.00055182450363053,0.000996364143096469,4.2734375,0.7890625,-0.7890625,5.9977242500172,-39.02602915033297,0.03157966690209492,1.101769119501114,0.0013373183464864269,0.0,0.0,0.0010046825711862262,0.000996364143096469,0.9960061731242611,0.000996364143096469,0.000996364143096469
69,2.4005798275055126,4.801159655011025,-0.0012279514849854387,0.000996182011293603,4.4609375,-1.0234375,1.0234375,6.2903339169570245,-40.53900739520867,0.03151759502662251,1.0786118755737941,0.0013041955983984128,0.0,0.0,0.000996182011293603,0.000996182011293603,0.9960152234379757,0.000996182011293603,0.000996182011293603
70,2.4015676386251856,4.803135277250371,-0.001207984113911999,0.0009961080066134016,4.2109375,-0.0703125,0.0703125,6.006652874988504,-44.92868489837031,0.031515566290033104,1.1124627043803532,0.0012811344746902857,0.0,0.0,0.0009961080066134016,0.0009961080066134016,0.9960155036984658,0.0009961080066134016,0.0009961080066134016
71,2.40266494444121,4.80532988888242,0.00020847993471841226,0.0009960644595425376,3.9140625,-0.859375,0.859375,5.514849375002086,-48.486256191656125,0.03151436683957924,1.1546377340952556,0.0013217319162019219,0.0,0.0,0.0009960644595425376,0.0009960644595425376,0.9960156736259689,0.0009960644595425376,0.0009960644595425376
72,2.4036477318454574,4.807295463690915,-0.0013068144732265514,0.0009960358625829035,4.3828125,0.2578125,-0.2578125,6.160262666991912,-44.51713253778259,0.03151357915657514,1.1473138630390167,0.0011928451179604356,0.0,0.0,0.0009960358625829035,0.0009960358625829035,0.9960157855309267,0.0009960358625829035,0.0009960358625829035
73,2.4043896812246803,4.808779362449361,-0.0011998579864920878,0.0009960247726847745,4.3671875,-0.1484375,0.1484375,6.124529458000325,-48.97439087902347,0.03151327523541152,1.14814588924249,0.0012026902089322296,0.0,0.0,0.0009960247726847745,0.0009960247726847745,0.9960158271098606,0.0009960247726847745,0.0009960247726847745
74,2.405054930624752,4.810109861249504,0.0001854532822270613,0.0009960199400720266,4.203125,-0.2421875,0.2421875,5.986545124964323,-49.33387977478601,0.03151314571278246,1.1745456357796986,0.0013335940675460733,0.0,0.0,0.0009960199400720266,0.0009960199400720266,0.996015842851653,0.0009960199400720266,0.0009960199400720266
75,2.405739539342634,4.811479078685268,-0.0020179266835085837,0.0009960176741969917,4,-0.109375,0.109375,5.737723750004079,-43.40793737630156,0.03151308789529139,1.2024267713228862,0.001329936048326393,0.0,0.0,0.0009960176741969917,0.0009960176741969917,0.9960158467292786,0.0009960176741969917,0.0009960176741969917
76,2.406419640106285,4.81283928021257,-0.0012738789230083067,0.0009960165553722794,4.203125,0.265625,-0.265625,5.9525225419783965,-48.32779824656874,0.03151306187297775,1.1938725809256236,0.0013044816320568013,0.0,0.0,0.0009960165553722794,0.0009960165553722794,0.9960158467292786,0.0009960165553722794,0.0009960165553722794
77,2.407092341426433,4.814184682852866,0.0009879766318890105,0.0009960161906726575,4.15625,0.34375,-0.34375,5.931401457986794,-55.574491182412196,0.03151305372777738,1.2095071872075398,0.0012988984284068768,0.0,0.0,0.0009960161906726575,0.0009960161906726575,0.9960158467292786,0.0009960161906726575,0.0009960161906726575
78,2.4077856210246873,4.815571242049375,-0.002075967016580361,0.0009960160637916043,3.96875,0.0,0.0,5.604012874944601,-73.91604887927318,0.03151305133520853,1.2575414230426152,0.0012584218420670368,0.0,0.0,0.0009960160637916043,0.0009960160637916043,0.9960158467292786,0.0009960160637916043,0.0009960160637916043
79,2.408445320832821,4.816890641665642,-0.0007634089947545157,0.000996015984174848,4.2890625,-0.28125,0.28125,6.095778791990597,-67.34055133850632,0.03151305038176599,1.2749232351779938,0.0014023666274927866,0.0,0.0,0.000996015984174848,0.000996015984174848,0.9960158467292786,0.000996015984174848,0.000996015984174848
80,2.409012923313825,4.81802584662765,-0.0003275456774865522,0.0009960159715750642,4.1953125,-0.3125,0.3125,5.971453959005885,-64.53852013147521,0.03151305019855499,1.301856443285942,0.001369705647448427,0.0,0.0,0.0009960159715750642,0.0009960159715750642,0.9960158467292786,0.0009960159715750642,0.0009960159715750642
81,2.409652220840931,4.819304441681862,-0.0008750365964143326,0.0009960159659385681,4.1328125,-0.171875,0.171875,5.8819772499846295,-88.98425834379485,0.03151305019855499,1.271052395304044,0.001272543136413636,0.0,0.0,0.0009960159659385681,0.0009960159659385681,0.9960158467292786,0.0009960159659385681,0.0009960159659385681
82,2.4102686749045406,4.820537349809081,-0.0014092454436044506,0.0009960159659385681,4.1015625,-0.7109375,0.7109375,5.806429625023156,-66.253693911121,0.03151305019855499,1.3308235953251522,0.0011756908309810872,0.0,0.0,0.0009960159659385681,0.0009960159659385681,0.9960158467292786,0.0009960159659385681,0.0009960159659385681
83,2.4107634193289313,4.821526838657863,-0.0018154040548571144,0.0009960159659385681,4.46875,-0.2578125,0.2578125,6.349040417000651,-74.20619382928093,0.03151305019855499,1.3387041687965393,0.0013300953420791,0.0,0.0,0.0009960159659385681,0.0009960159659385681,0.9960158467292786,0.0009960159659385681,0.0009960159659385681
84,2.411177306214838,4.822354612429676,-0.0019395963129863075,0.0009960159659385681,4.25,-0.296875,0.296875,6.076816292013973,-76.67702438134481,0.03151305019855499,1.3248911847670872,0.0012594933796208352,0.0,0.0,0.0009960159659385681,0.0009960159659385681,0.9960158467292786,0.0009960159659385681,0.0009960159659385681
85,2.4117135280835464,4.823427056167093,-0.0020072127513464325,0.0009960159659385681,4.0859375,-0.703125,0.703125,5.786161625001114,-96.12310380358997,0.03151305019855499,1.3419337024291356,0.0011509080844310422,0.0,0.0,0.0009960159659385681,0.0009960159659385681,0.9960158467292786,0.0009960159659385681,0.0009960159659385681
86,2.412239412683669,4.824478825367338,0.0003404255965795637,0.0009960159659385681,4.1875,0.6328125,-0.6328125,5.925412375014275,-74.44517436579092,0.03151305019855499,1.3528692026933034,0.0011189952510903822,0.0,0.0,0.0009960159659385681,0.0009960159659385681,0.9960158467292786,0.0009960159659385681,0.0009960159659385681
87,2.412812159183244,4.825624318366488,-0.0008527251083235072,0.0009960159659385681,4.1171875,0.1171875,-0.1171875,5.8183412909857,-97.75963317420496,0.03151305019855499,1.3964277704556782,0.001319036136919749,0.0,0.0,0.0009960159659385681,0.0009960159659385681,0.9960158467292786,0.0009960159659385681,0.0009960159659385681
88,2.413361842778815,4.82672368555763,-0.002023672817916163,0.0009960159659385681,4.1328125,0.3203125,-0.3203125,5.881083833985031,-100.12399338537894,0.03151305019855499,1.378719225525856,0.0012763489188121941,0.0,0.0,0.0009960159659385681,0.0009960159659385681,0.9960158467292786,0.0009960159659385681,0.0009960159659385681
89,2.4139149414465377,4.8278298828930755,-0.003149539882355594,0.0009960159659385681,4.1328125,0.21875,-0.21875,5.928800916997716,-100.0699171337153,0.03151305019855499,1.3734876960515976,0.0013005439623157145,0.0,0.0,0.0009960159659385681,0.0009960159659385681,0.9960158467292786,0.0009960159659385681,0.0009960159659385681
90,2.4145023269873844,4.829004653974769,-0.0009636082777761963,0.0009960159659385681,4.3828125,-0.625,0.625,6.200039832969196,-113.16208331300189,0.03151305019855499,1.3767778525749843,0.0013268698639876675,0.0,0.0,0.0009960159659385681,0.0009960159659385681,0.9960158467292786,0.0009960159659385681,0.0009960159659385681
91,2.4150293935612277,4.830058787122455,-0.0008443803159305127,0.0009960159659385681,4.2734375,0.859375,-0.859375,6.100813500001095,-129.34541880038364,0.03151305019855499,1.3819512327512105,0.0013797351280118164,0.0,0.0,0.0009960159659385681,0.0009960159659385681,0.9960158467292786,0.0009960159659385681,0.0009960159659385681
92,2.4155683468107565,4.831136693621513,-0.0011943784017729258,0.0009960159659385681,4.28125,-0.59375,0.59375,6.091703290992882,-104.17905300735993,0.03151305019855499,1.400845155119896,0.0013397734740768403,0.0,0.0,0.0009960159659385681,0.0009960159659385681,0.9960158467292786,0.0009960159659385681,0.0009960159659385681
93,2.416159747139782,4.832319494279564,-0.0036768569736998404,0.0009960159659385681,4.3984375,-0.1328125,0.1328125,6.228004416974727,-109.12085912166226,0.03151305019855499,1.3790348122517269,0.0011363618659743224,0.0,0.0,0.0009960159659385681,0.0009960159659385681,0.9960158467292786,0.0009960159659385681,0.0009960159659385681
94,2.4165797696428934,4.833159539285787,-0.0002780532453828995,0.0009960159659385681,4.2734375,0.1640625,-0.1640625,6.092974208993837,-114.44859461189407,0.03151305019855499,1.4029463330904643,0.0010701988855241022,0.0,0.0,0.0009960159659385681,0.0009960159659385681,0.9960158467292786,0.0009960159659385681,0.0009960159659385681
95,2.4171842360940197,4.834368472188039,-0.002377796079880968,0.0009960159659385681,4.1875,0.296875,-0.296875,5.974034542043228,-145.0523600441529,0.03151305019855499,1.395576278368632,0.0011010502633628978,0.0,0.0,0.0009960159659385681,0.0009960159659385681,0.9960158467292786,0.0009960159659385681,0.0009960159659385681
96,2.417550352702892,4.835100705405784,-0.0016800658956339495,0.0009960159659385681,4.1953125,-0.7265625,0.7265625,5.992952957982197,-137.0523921963889,0.03151305019855499,1.393220956126849,0.0011840123661386315,0.0,0.0,0.0009960159659385681,0.0009960159659385681,0.9960158467292786,0.0009960159659385681,0.0009960159659385681
97,2.4180474255845548,4.8360948511691095,-0.0032264767387213352,0.0009960159659385681,4.3203125,-0.171875,0.171875,6.17948970902944,-139.9560446200276,0.03151305019855499,1.4187415341536205,0.0012209698446289015,0.0,0.0,0.0009960159659385681,0.0009960159659385681,0.9960158467292786,0.0009960159659385681,0.0009960159659385681
98,2.4184912624231756,4.836982524846351,-0.004135828762000727,0.0009960159659385681,4.3359375,-0.2734375,0.2734375,6.216517833003309,-123.51389513509767,0.03151305019855499,1.4237957149744034,0.0010502214136067778,0.0,0.0,0.0009960159659385681,0.0009960159659385681,0.9960158467292786,0.0009960159659385681,0.0009960159659385681
99,2.418957690136569,4.837915380273138,-0.000278663013079786,0.0009960159659385681,4.296875,-0.546875,0.546875,6.199538207962178,-125.3358303156766,0.03151305019855499,1.4475117921829224,0.0010595482126518618,0.0,0.0,0.0009960159659385681,0.0009960159659385681,0.9960158467292786,0.0009960159659385681,0.0009960159659385681
100,2.4195151507394113,4.8390303014788225,-0.0008222908096806935,0.0009960159659385681,4.25,-0.109375,0.109375,6.066351958026644,-190.88388772736138,0.03151305019855499,1.4764447112878163,0.0011218687601891968,0.0,0.0,0.0009960159659385681,0.0009960159659385681,0.9960158467292786,0.0009960159659385681,0.0009960159659385681
101,2.420055315880899,4.840110631761798,-0.0022732767522332066,0.0009960159659385681,4.1015625,0.21875,-0.21875,5.829441291978583,-174.58381307931174,0.03151305019855499,1.50261190533638,0.001129071818771384,0.0,0.0,0.0009960159659385681,0.0009960159659385681,0.9960158467292786,0.0009960159659385681,0.0009960159659385681
102,2.42060318314269,4.84120636628538,-0.003070277052373081,0.0009960159659385681,4.25,-0.0859375,0.0859375,6.015007624984719,-167.36638660542667,0.03151305019855499,1.505989799896876,0.0011665220134773335,0.0,0.0,0.0009960159659385681,0.0009960159659385681,0.9960158467292786,0.0009960159659385681,0.0009960159659385681
103,2.4210133913650904,4.842026782730181,0.00013592239510968148,0.0009960159659385681,4.296875,0.4375,-0.4375,6.173760292003863,-149.8197984518788,0.03151305019855499,1.465377579132716,0.0012032876487258666,0.0,0.0,0.0009960159659385681,0.0009960159659385681,0.9960158467292786,0.0009960159659385681,0.0009960159659385681
104,2.4213696809744314,4.842739361948863,-0.0024391927167228405,0.0009960159659385681,4.328125,-0.0546875,0.0546875,6.256700749974698,-132.53562601400196,0.03151305019855499,1.4837691187858582,0.0010588415743768564,0.0,0.0,0.0009960159659385681,0.0009960159659385681,0.9960158467292786,0.0009960159659385681,0.0009960159659385681
105,2.4217662504750668,4.8435325009501335,-0.002902608688308471,0.0009960159659385681,4.28125,-0.078125,0.078125,6.135810500010848,-172.58329629626152,0.03151305019855499,1.512383947769801,0.001042853970526873,0.0,0.0,0.0009960159659385681,0.0009960159659385681,0.9960158467292786,0.0009960159659385681,0.0009960159659385681
106,2.4219690916053196,4.843938183210639,-0.0007959779327153643,0.0009960159659385681,4.25,0.171875,-0.171875,6.077302208985202,-231.84510394120042,0.03151305019855499,1.4928680260976155,0.001056661926365147,0.0,0.0,0.0009960159659385681,0.0009960159659385681,0.9960158467292786,0.0009960159659385681,0.0009960159659385681
107,2.422219115413891,4.844438230827782,-0.0020271001402655045,0.0009960159659385681,4.1953125,0.328125,-0.328125,6.026104457967449,-227.71271212251938,0.03151305019855499,1.523286521434784,0.0011751916536013596,0.0,0.0,0.0009960159659385681,0.0009960159659385681,0.9960158467292786,0.0009960159659385681,0.0009960159659385681
108,2.4225522270898443,4.845104454179689,-0.002978564143038031,0.0009960159659385681,4.3125,0.2578125,-0.2578125,6.2057287089992315,-186.64629290393296,0.03151305019855499,1.543209969997406,0.001202694928603402,0.0,0.0,0.0009960159659385681,0.0009960159659385681,0.9960158467292786,0.0009960159659385681,0.0009960159659385681
109,2.4228575619595993,4.845715123919199,-0.002100189212195128,0.0009960159659385681,4.1484375,0.5859375,-0.5859375,5.9321208340115845,-214.67259600404967,0.03151305019855499,1.54444852968057,0.0011369166216657807,0.0,0.0,0.0009960159659385681,0.0009960159659385681,0.9960158467292786,0.0009960159659385681,0.0009960159659385681
110,2.4233319395291586,4.846663879058317,-0.0014403464678482839,0.0009960159659385681,4.0703125,0.3046875,-0.3046875,5.793614040943794,-210.58823359630387,0.03151305019855499,1.5604362487792969,0.0010828894664882682,0.0,0.0,0.0009960159659385681,0.0009960159659385681,0.9960158467292786,0.0009960159659385681,0.0009960159659385681
111,2.4237460907585926,4.847492181517185,-0.0032957624505806364,0.0009960159659385681,4.21875,-0.078125,0.078125,6.009058083000127,-119.25320832177445,0.03151305019855499,1.5925234655539195,0.0011330252067030717,0.0,0.0,0.0009960159659385681,0.0009960159659385681,0.9960158467292786,0.0009960159659385681,0.0009960159659385681
112,2.4242047574557715,4.848409514911543,-0.0018167959384206953,0.0009960159659385681,4.1796875,0.3203125,-0.3203125,6.087682500015944,-204.38912589973378,0.03151305019855499,1.5805020928382874,0.001018687212005413,0.0,0.0,0.0009960159659385681,0.0009960159659385681,0.9960158467292786,0.0009960159659385681,0.0009960159659385681
113,2.424628937329457,4.849257874658914,-0.0036991765693147037,0.0009960159659385681,4.1015625,-0.78125,0.78125,5.9178844160051085,-194.73669749645958,0.03151305019855499,1.58591332534949,0.0009310472505603684,0.0,0.0,0.0009960159659385681,0.0009960159659385681,0.9960158467292786,0.0009960159659385681,0.0009960159659385681
114,2.425162242110668,4.850324484221336,-0.00533088702858952,0.0009960159659385681,4.21875,0.3984375,-0.3984375,6.034758708032314,-286.0828700820605,0.03151305019855499,1.5744465440511703,0.0009116514690200953,0.0,0.0,0.0009960159659385681,0.0009960159659385681,0.9960158467292786,0.0009960159659385681,0.0009960159659385681
115,2.4255803541115366,4.851160708223073,-0.0029768802834083292,0.0009960159659385681,3.9765625,-0.1171875,0.1171875,5.728902667004149,-299.16939436522824,0.03151305019855499,1.5986997882525127,0.0010543901092508652,0.0,0.0,0.0009960159659385681,0.0009960159659385681,0.9960158467292786,0.0009960159659385681,0.0009960159659385681
116,2.425926477453995,4.85185295490799,-0.0028643359486450986,0.0009960159659385681,4.265625,0.4140625,-0.4140625,6.0441844160086475,-302.2751004329094,0.03151305019855499,1.6221485783656437,0.0010244282505785425,0.0,0.0,0.0009960159659385681,0.0009960159659385681,0.9960158467292786,0.0009960159659385681,0.0009960159659385681
117,2.426358449777274,4.852716899554548,-0.0012372086439520816,0.0009960159659385681,4.0703125,-0.0390625,0.0390625,5.8723459169850685,-269.6511976858476,0.03151305019855499,1.628070592880249,0.000862597044033464,0.0,0.0,0.0009960159659385681,0.0009960159659385681,0.9960158467292786,0.0009960159659385681,0.0009960159659385681
118,2.426795610537001,4.853591221074002,-0.00377425239364336,0.0009960159659385681,4.390625,-0.6953125,0.6953125,6.271496459026821,-224.03100440722767,0.03151305019855499,1.635882983605067,0.0008859321863686395,0.0,0.0,0.0009960159659385681,0.0009960159659385681,0.9960158467292786,0.0009960159659385681,0.0009960159659385681
119,2.4271776328064023,4.854355265612805,-0.0023784471555711013,0.0009960159659385681,4.3203125,0.078125,-0.078125,6.168035042006522,-235.71351937165528,0.03151305019855499,1.6658929189046223,0.0010109827002603804,0.0,0.0,0.0009960159659385681,0.0009960159659385681,0.9960158467292786,0.0009960159659385681,0.0009960159659385681
120,2.427491880123017,4.854983760246034,-0.0016738818658687627,0.0009960159659385681,4.203125,-0.0859375,0.0859375,6.018230124958791,-275.8908221050266,0.03151305019855499,1.7181490461031597,0.000785676851213187,0.0,0.0,0.0009960159659385681,0.0009960159659385681,0.9960158467292786,0.0009960159659385681,0.0009960159659385681
121,2.427853849455187,4.855707698910374,-0.0026661051666210076,0.0009960159659385681,4.53125,1.2890625,-1.2890625,6.424817959021311,-312.0274129822336,0.03151305019855499,1.67173566420873,0.0008764595042975998,0.0,0.0,0.0009960159659385681,0.0009960159659385681,0.9960158467292786,0.0009960159659385681,0.0009960159659385681
122,2.4281906856090325,4.856381371218065,-0.0033674270748951683,0.0009960159659385681,4.3828125,-0.1796875,0.1796875,6.321029458020348,-316.2661747898435,0.03151305019855499,1.7003955642382305,0.0009646447791359,0.0,0.0,0.0009960159659385681,0.0009960159659385681,0.9960158467292786,0.0009960159659385681,0.0009960159659385681
123,2.4284257992485987,4.856851598497197,-0.002912801731130742,0.0009960159659385681,4.4921875,-0.4609375,0.4609375,6.36346808297094,-331.134511987852,0.03151305019855499,1.703377862771352,0.0007267270120792091,0.0,0.0,0.0009960159659385681,0.0009960159659385681,0.9960158467292786,0.0009960159659385681,0.0009960159659385681
124,2.4287729712029558,4.8575459424059115,-0.0004885214604243261,0.0009960159659385681,4.21875,0.15625,-0.15625,5.972822999989148,-297.2618396476463,0.03151305019855499,1.7314716776212056,0.0008550776842947508,0.0,0.0,0.0009960159659385681,0.0009960159659385681,0.9960158467292786,0.0009960159659385681,0.0009960159659385681
125,2.4290619824319344,4.858123964863869,-0.0030481222843540415,0.0009960159659385681,4.3125,-0.3515625,0.3515625,6.1174788330099545,-283.357742893955,0.03151305019855499,1.7581985493501027,0.0007361934112850577,0.0,0.0,0.0009960159659385681,0.0009960159659385681,0.9960158467292786,0.0009960159659385681,0.0009960159659385681
126,2.4294365052475957,4.858873010495191,-0.0034020233497571058,0.0009960159659385681,4.3828125,0.3515625,-0.3515625,6.21671220799908,-306.8280617319539,0.03151305019855499,1.7781492968400319,0.0008064722060225904,0.0,0.0,0.0009960159659385681,0.0009960159659385681,0.9960158467292786,0.0009960159659385681,0.0009960159659385681
127,2.429773337712397,4.859546675424794,-0.004197929215273876,0.0009960159659385681,4.0859375,-0.453125,0.453125,5.908297499991022,-245.40325588660303,0.03151305019855499,1.8061659733454387,0.0008523776790146561,0.0,0.0,0.0009960159659385681,0.0009960159659385681,0.9960158467292786,0.0009960159659385681,0.0009960159659385681
128,2.430168962258941,4.860337924517882,-0.006296345779379755,0.0009960159659385681,4.2421875,-0.7734375,0.7734375,6.080617083993275,-241.95218002203418,0.03151305019855499,1.78739599386851,0.0008024407846581502,0.0,0.0,0.0009960159659385681,0.0009960159659385681,0.9960158467292786,0.0009960159659385681,0.0009960159659385681
129,2.4304534011306513,4.860906802261303,-0.005122914571981973,0.0009960159659385681,4.2890625,0.3359375,-0.3359375,6.101324792020023,-302.19652221849924,0.03151305019855499,1.7856557269891102,0.0007808286136423703,0.0,0.0,0.0009960159659385681,0.0009960159659385681,0.9960158467292786,0.0009960159659385681,0.0009960159659385681
130,2.4307656860615614,4.861531372123123,-0.004241859924673913,0.0009960159659385681,4.296875,0.6484375,-0.6484375,6.2034594169817865,-345.38241122072395,0.03151305019855499,1.8341743449370067,0.0006821882052463479,0.0,0.0,0.0009960159659385681,0.0009960159659385681,0.9960158467292786,0.0009960159659385681,0.0009960159659385681
131,2.4311033568462888,4.8622067136925775,-0.005442192947842219,0.0009960159659385681,4.3125,0.2421875,-0.2421875,6.145328833023086,-374.6629700785962,0.03151305019855499,1.8958092828591664,0.0008458894578022106,0.0,0.0,0.0009960159659385681,0.0009960159659385681,0.9960158467292786,0.0009960159659385681,0.0009960159659385681
132,2.431507131807471,4.863014263614942,-0.004061535553590879,0.0009960159659385681,4.2734375,0.0703125,-0.0703125,6.187586790998466,-459.2564773960567,0.03151305019855499,1.860983520746231,0.0007622037786253107,0.0,0.0,0.0009960159659385681,0.0009960159659385681,0.9960158467292786,0.0009960159659385681,0.0009960159659385681
133,2.431730780671587,4.863461561343174,-0.0015612378136706027,0.0009960159659385681,4.359375,-0.09375,0.09375,6.184992957976647,-408.827066224963,0.03151305019855499,1.8974679112434387,0.000593522186439562,0.0,0.0,0.0009960159659385681,0.0009960159659385681,0.9960158467292786,0.0009960159659385681,0.0009960159659385681
134,2.43205309581913,4.86410619163826,-0.0038839854342664604,0.0009960159659385681,4.46875,-0.5078125,0.5078125,6.380200584011618,-362.5140527478465,0.03151305019855499,1.92208997408549,0.0005723983237354938,0.0,0.0,0.0009960159659385681,0.0009960159659385681,0.9960158467292786,0.0009960159659385681,0.0009960159659385681
135,2.432382521636347,4.864765043272694,-0.0014040136971694012,0.0009960159659385681,4.15625,-0.3515625,0.3515625,6.04664779198356,-365.01793110191375,0.03151305019855499,1.9328543543815613,0.0007088742264992712,0.0,0.0,0.0009960159659385681,0.0009960159659385681,0.9960158467292786,0.0009960159659385681,0.0009960159659385681
136,2.432688339007891,4.865376678015782,-0.004624284366488279,0.0009960159659385681,4.3125,-0.515625,0.515625,6.15034812502563,-354.2925689298174,0.03151305019855499,1.9405425588289897,0.0006682530026106784,0.0,0.0,0.0009960159659385681,0.0009960159659385681,0.9960158467292786,0.0009960159659385681,0.0009960159659385681
137,2.4329550444867123,4.865910088973425,-0.0040400481725001765,0.0009960159659385681,4.2265625,0.1640625,-0.1640625,6.036996250040829,-553.9334974478442,0.03151305019855499,1.9553260306517284,0.0005171386067862235,0.0,0.0,0.0009960159659385681,0.0009960159659385681,0.9960158467292786,0.0009960159659385681,0.0009960159659385681
138,2.4332983585045556,4.866596717009111,-0.004619221420559498,0.0009960159659385681,4.265625,0.1796875,-0.1796875,6.122346125019249,-430.832253078838,0.03151305019855499,1.975555698076884,0.0004163965695624938,0.0,0.0,0.0009960159659385681,0.0009960159659385681,0.9960158467292786,0.0009960159659385681,0.0009960159659385681
139,2.4336153831884815,4.867230766376963,-0.0029029391845438114,0.0009960159659385681,4.328125,0.2578125,-0.2578125,6.155010208021849,-542.3339329962265,0.03151305019855499,1.9269166588783264,0.0005104837534114873,0.0,0.0,0.0009960159659385681,0.0009960159659385681,0.9960158467292786,0.0009960159659385681,0.0009960159659385681
140,2.4339348102588145,4.867869620517629,-0.002591494845586418,0.0009960159659385681,4.2890625,-0.453125,0.453125,6.214067541004624,-448.1806045216941,0.03151305019855499,2.001363088687261,0.00029926015122327954,0.0,0.0,0.0009960159659385681,0.0009960159659385681,0.9960158467292786,0.0009960159659385681,0.0009960159659385681
141,2.4342460806543675,4.868492161308735,1.7694752341125878e-05,0.0009960159659385681,4.5546875,0.171875,-0.171875,6.479807208990678,-417.472252218024,0.03151305019855499,1.9756428201993306,0.0003979525584630513,0.0,0.0,0.0009960159659385681,0.0009960159659385681,0.9960158467292786,0.0009960159659385681,0.0009960159659385681
142,2.4344804850948147,4.8689609701896295,-0.003989029134127652,0.0009960159659385681,4.2890625,-0.1328125,0.1328125,6.130157625011634,-422.0759682889844,0.03151305019855499,2.030221273501714,0.0002767317128018476,0.0,0.0,0.0009960159659385681,0.0009960159659385681,0.9960158467292786,0.0009960159659385681,0.0009960159659385681
143,2.43469610720609,4.86939221441218,-0.0049315203228201595,0.0009960159659385681,4.421875,0.3671875,-0.3671875,6.293115833017509,-406.9851729406485,0.03151305019855499,2.0234710772832236,0.00038152600654939306,0.0,0.0,0.0009960159659385681,0.0009960159659385681,0.9960158467292786,0.0009960159659385681,0.0009960159659385681
144,2.434755634477482,4.869511268954964,-0.005083155398357073,0.0009960159659385681,4.3203125,-1.21875,1.21875,6.118958374951035,-499.26502040324976,0.03151305019855499,2.074958751598994,0.0005312703039332215,0.0,0.0,0.0009960159659385681,0.0009960159659385681,0.9960158467292786,0.0009960159659385681,0.0009960159659385681
145,2.435020078324056,4.870040156648112,-0.004038284967903356,0.0009960159659385681,4.296875,-0.765625,0.765625,6.11195312498603,-458.14758460001514,0.03151305019855499,2.1004072626431785,0.0002481811879988527,0.0,0.0,0.0009960159659385681,0.0009960159659385681,0.9960158467292786,0.0009960159659385681,0.0009960159659385681
146,2.4351650927725985,4.870330185545197,0.001018750928120547,0.0009960159659385681,4.65625,0.484375,-0.484375,6.651250750001054,-517.6708128524307,0.03151305019855499,2.065391331911087,0.0002790747967083007,0.0,0.0,0.0009960159659385681,0.0009960159659385681,0.9960158467292786,0.0009960159659385681,0.0009960159659385681
147,2.4352555860424436,4.870511172084887,-0.0037266531802106887,0.0009960159659385681,4.125,-0.0546875,0.0546875,6.025424082996324,-641.2932956200657,0.03151305019855499,2.0514586667219796,6.059402949176729e-06,0.0,0.0,0.0009960159659385681,0.0009960159659385681,0.9960158467292786,0.0009960159659385681,0.0009960159659385681
148,2.4354243069560244,4.870848613912049,-0.0033085249835917946,0.0009960159659385681,4.1484375,-0.171875,0.171875,6.015000166953541,-465.83815718954344,0.03151305019855499,2.0569640398025513,0.0002260792716697324,0.0,0.0,0.0009960159659385681,0.0009960159659385681,0.9960158467292786,0.0009960159659385681,0.0009960159659385681
149,2.435526710154025,4.87105342030805,-0.0037188612032630916,0.0009960159659385681,4.21875,0.7265625,-0.7265625,6.115048125036992,-439.54837724191174,0.03151305019855499,2.1133753061294556,0.00018122655819752254,0.0,0.0,0.0009960159659385681,0.0009960159659385681,0.9960158467292786,0.0009960159659385681,0.0009960159659385681
150,2.435470199596292,4.870940399192584,-0.004484649398963392,0.0009960159659385681,4.296875,-0.3203125,0.3203125,6.184376457997132,-495.82821072665126,0.03151305019855499,2.125699996948242,0.00018115832184169753,0.0,0.0,0.0009960159659385681,0.0009960159659385681,0.9960158467292786,0.0009960159659385681,0.0009960159659385681
151,2.4355565375177846,4.871113075035569,-0.00601896427800549,0.0009960159659385681,4.4609375,-0.09375,0.09375,6.430009834002703,-480.1105625825671,0.03151305019855499,2.1369164884090424,6.668365434355412e-05,0.0,0.0,0.0009960159659385681,0.0009960159659385681,0.9960158467292786,0.0009960159659385681,0.0009960159659385681
152,2.435704542243442,4.871409084486884,-0.0016499994318481994,0.0009960159659385681,4.25,-0.1171875,0.1171875,6.138218708976638,-422.24778386950493,0.03151305019855499,2.1739731629689536,-5.422834510682151e-05,0.0,0.0,0.0009960159659385681,0.0009960159659385681,0.9960158467292786,0.0009960159659385681,0.0009960159659385681
153,2.4358395615371515,4.871679123074303,-0.0057103564942773645,0.0009960159659385681,4.3359375,-0.015625,0.015625,6.316727290977724,-649.0788641972584,0.03151305019855499,2.198505381743113,5.2921706810593605e-05,0.0,0.0,0.0009960159659385681,0.0009960159659385681,0.9960158467292786,0.0009960159659385681,0.0009960159659385681
154,2.436136806373227,4.872273612746454,-0.005924024123347593,0.0009960159659385681,4.515625,-0.2421875,0.2421875,6.51410562498495,-617.3453647694373,0.03151305019855499,2.142774353424708,0.00024418912774611573,0.0,0.0,0.0009960159659385681,0.0009960159659385681,0.9960158467292786,0.0009960159659385681,0.0009960159659385681
155,2.436444191385842,4.872888382771684,-0.0033849101446744513,0.0009960159659385681,4.515625,-0.1484375,0.1484375,6.5177488749613985,-519.5754091871651,0.03151305019855499,2.1804474194844565,-5.762866718820684e-05,0.0,0.0,0.0009960159659385681,0.0009960159659385681,0.9960158467292786,0.0009960159659385681,0.0009960159659385681
156,2.436787982924981,4.873575965849962,-0.002320616780278314,0.0009960159659385681,4.40625,-1.0546875,1.0546875,6.37695770902792,-625.2786257393817,0.03151305019855499,2.1943768163522086,-0.00010308579900690044,0.0,0.0,0.0009960159659385681,0.0009960159659385681,0.9960158467292786,0.0009960159659385681,0.0009960159659385681
157,2.437044347301801,4.874088694603602,-0.006266911744835043,0.0009960159659385681,4.6015625,0.5,-0.5,6.554426624963526,-464.1415244387447,0.03151305019855499,2.159378786881765,-2.3553280091922108e-05,0.0,0.0,0.0009960159659385681,0.0009960159659385681,0.9960158467292786,0.0009960159659385681,0.0009960159659385681
158,2.437166782507517,4.874333565015034,-0.003060291392462095,0.0009960159659385681,4.5703125,0.0390625,-0.0390625,6.54404670803342,-564.8030797184023,0.03151305019855499,2.091000258922577,0.0001398740872294487,0.0,0.0,0.0009960159659385681,0.0009960159659385681,0.9960158467292786,0.0009960159659385681,0.0009960159659385681
159,2.437414379666104,4.874828759332208,-0.0026155672753900034,0.0009960159659385681,4.296875,-0.4296875,0.4296875,6.245700500032399,-634.6665967967293,0.03151305019855499,2.104028046131134,-1.9168036639409063e-05,0.0,0.0,0.0009960159659385681,0.0009960159659385681,0.9960158467292786,0.0009960159659385681,0.0009960159659385681
160,2.4374884949442,4.8749769898884,-0.006280958987421207,0.0009960159659385681,4.4140625,-0.0703125,0.0703125,6.282873459043913,-830.3744618635262,0.03151305019855499,2.1954144537448883,7.173500853241421e-05,0.0,0.0,0.0009960159659385681,0.0009960159659385681,0.9960158467292786,0.0009960159659385681,0.0009960159659385681
161,2.4376374104380494,4.875274820876099,-0.0043047328446658125,0.0009960159659385681,4.25,-0.9453125,0.9453125,6.129096499993466,-736.1643426356947,0.03151305019855499,2.280063013235728,-0.00026920243271888467,0.0,0.0,0.0009960159659385681,0.0009960159659385681,0.9960158467292786,0.0009960159659385681,0.0009960159659385681
162,2.4375836095435934,4.875167219087187,-0.004282193625209766,0.0009960159659385681,4.40625,-0.0390625,0.0390625,6.393659749999642,-801.3636399414522,0.03151305019855499,2.2854428191979728,-0.00030910766387629945,0.0,0.0,0.0009960159659385681,0.0009960159659385681,0.9960158467292786,0.0009960159659385681,0.0009960159659385681
163,2.4378838559461498,4.8757677118922995,-0.00768697329786104,0.0009960159659385681,4.296875,-0.328125,0.328125,6.152030540979467,-715.5403720335527,0.03151305019855499,2.2283530036608377,-0.0001545965506011271,0.0,0.0,0.0009960159659385681,0.0009960159659385681,0.9960158467292786,0.0009960159659385681,0.0009960159659385681
164,2.4381713345948297,4.876342669189659,-0.004003570578355639,0.0009960159659385681,4.2890625,-0.234375,0.234375,6.156481790996622,-512.8443215983378,0.03151305019855499,2.2451921006043754,-0.00019430074583700238,0.0,0.0,0.0009960159659385681,0.0009960159659385681,0.9960158467292786,0.0009960159659385681,0.0009960159659385681
165,2.438451264463254,4.876902528926508,-0.004257550158925651,0.0009960159659385681,4.4453125,0.46875,-0.46875,6.392708041996229,-722.1806175134723,0.03151305019855499,2.281833291053772,-0.00021253676095511764,0.0,0.0,0.0009960159659385681,0.0009960159659385681,0.9960158467292786,0.0009960159659385681,0.0009960159659385681
166,2.4388513068418876,4.877702613683775,-0.0019620541382449038,0.0009960159659385681,4.3828125,-0.5546875,0.5546875,6.3111122499685735,-709.2631021922922,0.03151305019855499,2.2530446449915567,-0.0002579089314167504,0.0,0.0,0.0009960159659385681,0.0009960159659385681,0.9960158467292786,0.0009960159659385681,0.0009960159659385681
167,2.4391429733895853,4.878285946779171,-0.005334250155075523,0.0009960159659385681,4.4609375,-0.3359375,0.3359375,6.4407289160299115,-905.9663600119943,0.03151305019855499,2.2308813830216727,-0.00011244111374253407,0.0,0.0,0.0009960159659385681,0.0009960159659385681,0.9960158467292786,0.0009960159659385681,0.0009960159659385681
168,2.4394189193686113,4.878837838737223,-0.005917985402161282,0.0009960159659385681,4.2421875,0.5390625,-0.5390625,6.101716415956616,-945.7365607758693,0.03151305019855499,2.287131667137146,-0.00019839085871353745,0.0,0.0,0.0009960159659385681,0.0009960159659385681,0.9960158467292786,0.0009960159659385681,0.0009960159659385681
169,2.4398007837291864,4.879601567458373,-0.005277495954710319,0.0009960159659385681,4.3046875,0.0234375,-0.0234375,6.24345904198708,-1043.4572089207368,0.03151305019855499,2.3714414834976196,-0.00043231784972401027,0.0,0.0,0.0009960159659385681,0.0009960159659385681,0.9960158467292786,0.0009960159659385681,0.0009960159659385681
170,2.440186401391469,4.880372802782938,-0.001750908474327834,0.0009960159659385681,4.4140625,0.34375,-0.34375,6.323728249990381,-919.9658452903275,0.03151305019855499,2.3741989533106485,-0.0002411066003939292,0.0,0.0,0.0009960159659385681,0.0009960159659385681,0.9960158467292786,0.0009960159659385681,0.0009960159659385681
171,2.440590939749823,4.881181879499646,-0.005385288013666102,0.0009960159659385681,4.359375,0.3046875,-0.3046875,6.272283208032604,-847.5884140725632,0.03151305019855499,2.377401292324066,-0.00047011924546798883,0.0,0.0,0.0009960159659385681,0.0009960159659385681,0.9960158467292786,0.0009960159659385681,0.0009960159659385681
172,2.440935558692294,4.881871117384588,-0.005787502234545284,0.0009960159659385681,4.4765625,0.5390625,-0.5390625,6.394726499973331,-912.9065215658351,0.03151305019855499,2.367331931988398,-0.00022808566791354679,0.0,0.0,0.0009960159659385681,0.0009960159659385681,0.9960158467292786,0.0009960159659385681,0.0009960159659385681
173,2.4413416604430442,4.8826833208860885,-0.002677080866022729,0.0009960159659385681,4.3203125,-0.921875,0.921875,6.276495083002374,-653.8082078964758,0.03151305019855499,2.35193333029747,-0.0002498014118827996,0.0,0.0,0.0009960159659385681,0.0009960159659385681,0.9960158467292786,0.0009960159659385681,0.0009960159659385681
174,2.4417577674081103,4.883515534816221,-0.004132390517226974,0.0009960159659385681,4.40625,-0.2109375,0.2109375,6.385254875000101,-884.116479513493,0.03151305019855499,2.32186821103096,-0.0001231402575285756,0.0,0.0,0.0009960159659385681,0.0009960159659385681,0.9960158467292786,0.0009960159659385681,0.0009960159659385681
175,2.442088093585024,4.884176187170048,-0.0060747137616004535,0.0009960159659385681,4.375,0.390625,-0.390625,6.36278783302987,-938.1421479276248,0.03151305019855499,2.339282770951589,-0.0002276284564383483,0.0,0.0,0.0009960159659385681,0.0009960159659385681,0.9960158467292786,0.0009960159659385681,0.0009960159659385681
176,2.442554991629401,4.885109983258802,-0.007107939846630246,0.0009960159659385681,4.4609375,-0.3984375,0.3984375,6.422727541998029,-1023.2950123254138,0.03151305019855499,2.3395074009895325,-0.0003663270266163939,0.0,0.0,0.0009960159659385681,0.0009960159659385681,0.9960158467292786,0.0009960159659385681,0.0009960159659385681
177,2.442716539246337,4.885433078492674,-0.005653465536917352,0.0009960159659385681,4.4375,-1.2265625,1.2265625,6.328083624946885,-1051.4000959429943,0.03151305019855499,2.3124965131282806,-0.00030268332726753516,0.0,0.0,0.0009960159659385681,0.0009960159659385681,0.9960158467292786,0.0009960159659385681,0.0009960159659385681
178,2.442833341456379,4.885666682912758,-0.01001747762718884,0.0009960159659385681,4.3046875,-0.515625,0.515625,6.185899459000211,-1020.1427546810974,0.03151305019855499,2.4261218905448914,-0.0007487904856589012,0.0,0.0,0.0009960159659385681,0.0009960159659385681,0.9960158467292786,0.0009960159659385681,0.0009960159659385681
179,2.4429279202458547,4.885855840491709,-0.004961860952665202,0.0009960159659385681,4.390625,-0.2265625,0.2265625,6.253671291982755,-1103.5633346856278,0.03151305019855499,2.4409591952959695,-0.0006254782553393549,0.0,0.0,0.0009960159659385681,0.0009960159659385681,0.9960158467292786,0.0009960159659385681,0.0009960159659385681
180,2.4431782602656282,4.8863565205312565,-0.0038197756966832645,0.0009960159659385681,4.578125,-0.1171875,0.1171875,6.501180417020805,-1174.195796479951,0.03151305019855499,2.445392737785975,-0.000685696355503751,0.0,0.0,0.0009960159659385681,0.0009960159659385681,0.9960158467292786,0.0009960159659385681,0.0009960159659385681
181,2.443501883401651,4.887003766803302,-0.0032627517738172004,0.0009960159659385681,4.3359375,0.03125,-0.03125,6.2226809579879045,-953.0529172794239,0.03151305019855499,2.4701417883237204,-0.0004920780647192183,0.0,0.0,0.0009960159659385681,0.0009960159659385681,0.9960158467292786,0.0009960159659385681,0.0009960159659385681
182,2.4438785998019674,4.887757199603935,-0.008499627328126796,0.0009960159659385681,4.6484375,-0.046875,0.046875,6.620910083001945,-847.1898946136987,0.03151305019855499,2.4184397161006927,-0.00040538950967553927,0.0,0.0,0.0009960159659385681,0.0009960159659385681,0.9960158467292786,0.0009960159659385681,0.0009960159659385681
183,2.444108766767806,4.888217533535612,-0.004408656054062279,0.0009960159659385681,4.5,0.4453125,-0.4453125,6.695700540964026,-919.5397156510088,0.03151305019855499,2.4140086670716605,-0.0005913177834978948,0.0,0.0,0.0009960159659385681,0.0009960159659385681,0.9960158467292786,0.0009960159659385681,0.0009960159659385681
184,2.4443865523050015,4.888773104610003,-0.004250234785445214,0.0009960159659385681,4.546875,-1.3125,1.3125,6.642238750006072,-1036.5082437131823,0.03151305019855499,2.4109453757603965,-0.0007422625925149381,0.0,0.0,0.0009960159659385681,0.0009960159659385681,0.9960158467292786,0.0009960159659385681,0.0009960159659385681
185,2.4446253721700133,4.889250744340027,-0.005948365932873558,0.0009960159659385681,4.3671875,0.171875,-0.171875,6.205030584009364,-1357.937134041556,0.03151305019855499,2.386184146006902,-0.000683553057494161,0.0,0.0,0.0009960159659385681,0.0009960159659385681,0.9960158467292786,0.0009960159659385681,0.0009960159659385681
186,2.444912591072111,4.889825182144222,-0.007103586312133991,0.0009960159659385681,4.453125,-0.8046875,0.8046875,6.379679584002588,-1279.0650109843205,0.03151305019855499,2.410866290330887,-0.0007097376949332102,0.0,0.0,0.0009960159659385681,0.0009960159659385681,0.9960158467292786,0.0009960159659385681,0.0009960159659385681
187,2.4451847556968,4.8903695113936,-0.004442864235710174,0.0009960159659385681,4.4765625,0.4453125,-0.4453125,6.41049112501787,-1355.7555527479028,0.03151305019855499,2.448529134194056,-0.000788108599105423,0.0,0.0,0.0009960159659385681,0.0009960159659385681,0.9960158467292786,0.0009960159659385681,0.0009960159659385681
188,2.445348359136218,4.890696718272436,-0.0037291598842206213,0.0009960159659385681,4.5625,-0.1171875,0.1171875,6.541029666957911,-1227.778771148969,0.03151305019855499,2.4685356616973877,-0.0007695241759696122,0.0,0.0,0.0009960159659385681,0.0009960159659385681,0.9960158467292786,0.0009960159659385681,0.0009960159659385681
189,2.4454147093978422,4.8908294187956844,-0.005641464463111081,0.0009960159659385681,4.390625,-0.390625,0.390625,6.341664667008445,-1259.373491029298,0.03151305019855499,2.47754567861557,-0.0006799718533632889,0.0,0.0,0.0009960159659385681,0.0009960159659385681,0.9960158467292786,0.0009960159659385681,0.0009960159659385681
190,2.4455082970352495,4.891016594070499,-0.001958284923854409,0.0009960159659385681,4.6796875,0.375,-0.375,6.747699374973308,-1034.9666890142755,0.03151305019855499,2.4694844683011374,-0.0008312779535041651,0.0,0.0,0.0009960159659385681,0.0009960159659385681,0.9960158467292786,0.0009960159659385681,0.0009960159659385681
191,2.44559916662592,4.89119833325184,-0.000626537801457549,0.0009960159659385681,4.2421875,0.0859375,-0.0859375,6.102113375032786,-1416.7913702882236,0.03151305019855499,2.484663635492325,-0.0009130587297174012,0.0,0.0,0.0009960159659385681,0.0009960159659385681,0.9960158467292786,0.0009960159659385681,0.0009960159659385681
192,2.4458258826880677,4.891651765376135,-0.0031841655766750754,0.0009960159659385681,4.6328125,0.09375,-0.09375,6.726551416039001,-1066.3809942789062,0.03151305019855499,2.507869948943456,-0.0007265469270312982,0.0,0.0,0.0009960159659385681,0.0009960159659385681,0.9960158467292786,0.0009960159659385681,0.0009960159659385681
193,2.4460076229330148,4.8920152458660295,-0.00896359044598255,0.0009960159659385681,4.265625,0.0859375,-0.0859375,6.110566416988149,-1631.2803150009322,0.03151305019855499,2.661140243212382,-0.0014898641190181177,0.0,0.0,0.0009960159659385681,0.0009960159659385681,0.9960158467292786,0.0009960159659385681,0.0009960159659385681
194,2.4462751557110076,4.892550311422015,-0.010038592712091267,0.0009960159659385681,4.4765625,0.2734375,-0.2734375,6.411265666014515,-1440.3064159023825,0.03151305019855499,2.6466277837753296,-0.0008223365099790195,0.0,0.0,0.0009960159659385681,0.0009960159659385681,0.9960158467292786,0.0009960159659385681,0.0009960159659385681
195,2.446468256869871,4.892936513739742,-0.010529180110789117,0.0009960159659385681,4.453125,-0.5625,0.5625,6.427626166958362,-1574.078891305756,0.03151305019855499,2.7236756086349487,-0.001181841488990661,0.0,0.0,0.0009960159659385681,0.0009960159659385681,0.9960158467292786,0.0009960159659385681,0.0009960159659385681
196,2.4465364193907844,4.893072838781569,-0.00455426536904001,0.0009960159659385681,4.5,0.25,-0.25,6.458945082966238,-1263.0085871285862,0.03151305019855499,2.7547609011332193,-0.001254274577756102,0.0,0.0,0.0009960159659385681,0.0009960159659385681,0.9960158467292786,0.0009960159659385681,0.0009960159659385681
197,2.4466204552265767,4.893240910453153,-0.006231404600056183,0.0009960159659385681,4.3828125,0.71875,-0.71875,6.268524874991272,-1194.6871641230455,0.03151305019855499,2.7326482633749642,-0.001096228810941587,0.0,0.0,0.0009960159659385681,0.0009960159659385681,0.9960158467292786,0.0009960159659385681,0.0009960159659385681
198,2.446691477341492,4.893382954682984,-0.009073897872070073,0.0009960159659385681,4.6640625,-0.4140625,0.4140625,6.662740708969068,-1008.276649609283,0.03151305019855499,2.6511268615722656,-0.000988159553647468,0.0,0.0,0.0009960159659385681,0.0009960159659385681,0.9960158467292786,0.0009960159659385681,0.0009960159659385681
199,2.4467709009889687,4.893541801977937,-0.005632507872490847,0.0009960159659385681,4.4296875,-0.140625,0.140625,6.340301957970951,-1515.4425248561502,0.03151305019855499,2.698845326900482,-0.0011415717211396743,0.0,0.0,0.0009960159659385681,0.0009960159659385681,0.9960158467292786,0.0009960159659385681,0.0009960159659385681
200,2.446553000219198,4.893106000438396,-0.002787099684919832,0.0009960159659385681,4.4140625,-0.21875,0.21875,6.367625582963228,-1343.1684058906758,0.03151305019855499,2.7080237766106925,-0.0011686779701752432,0.0,0.0,0.0009960159659385681,0.0009960159659385681,0.9960158467292786,0.0009960159659385681,0.0009960159659385681
201,2.446393071512557,4.892786143025114,-0.004306831147542264,0.0009960159659385681,4.3671875,0.7734375,-0.7734375,6.263476916006766,-1843.6815456004817,0.03151305019855499,2.7368398308753967,-0.001268189220960873,0.0,0.0,0.0009960159659385681,0.0009960159659385681,0.9960158467292786,0.0009960159659385681,0.0009960159659385681
202,2.446225803922017,4.892451607844034,-0.0036820157984463293,0.0009960159659385681,4.5078125,-0.9609375,0.9609375,6.496216416999232,-1533.3971924955345,0.03151305019855499,2.7227254112561545,-0.0010310975776519626,0.0,0.0,0.0009960159659385681,0.0009960159659385681,0.9960158467292786,0.0009960159659385681,0.0009960159659385681
203,2.4460736560036263,4.8921473120072525,-0.006063347251974291,0.0009960159659385681,4.40625,-0.3046875,0.3046875,6.403430000005756,-1152.4127742212715,0.03151305019855499,2.7457078297932944,-0.0012221583529026248,0.0,0.0,0.0009960159659385681,0.0009960159659385681,0.9960158467292786,0.0009960159659385681,0.0009960159659385681
204,2.4459074070533364,4.891814814106673,-0.01179995404111149,0.0009960159659385681,4.6640625,0.0703125,-0.0703125,6.750212375016417,-1471.1346391713,0.03151305019855499,2.746224214633306,-0.0012358675703580957,0.0,0.0,0.0009960159659385681,0.0009960159659385681,0.9960158467292786,0.0009960159659385681,0.0009960159659385681
205,2.445654513657765,4.89130902731553,-0.005357328844518662,0.0009960159659385681,4.7734375,0.0703125,-0.0703125,6.760074499994516,-1195.5439991053504,0.03151305019855499,2.729927887519201,-0.0011504458055545304,0.0,0.0,0.0009960159659385681,0.0009960159659385681,0.9960158467292786,0.0009960159659385681,0.0009960159659385681
206,2.4454744456652144,4.890948891330429,-0.004383806126346405,0.0009960159659385681,4.6328125,0.1015625,-0.1015625,6.699832917016465,-1367.4728613430493,0.03151305019855499,2.7641161481539407,-0.0012892130859351407,0.0,0.0,0.0009960159659385681,0.0009960159659385681,0.9960158467292786,0.0009960159659385681,0.0009960159659385681
207,2.4452875587313923,4.8905751174627845,-0.007141512753134606,0.0009960159659385681,4.546875,-0.0546875,0.0546875,6.544994833006058,-1523.15938680852,0.03151305019855499,2.7997182806332908,-0.0012135155795173584,0.0,0.0,0.0009960159659385681,0.0009960159659385681,0.9960158467292786,0.0009960159659385681,0.0009960159659385681
208,2.4451613186337973,4.8903226372675945,-0.006983882994190215,0.0009960159659385681,4.5234375,-0.6484375,0.6484375,6.501963166985661,-1477.3279097298473,0.03151305019855499,2.768929968277613,-0.0013460214152776946,0.0,0.0,0.0009960159659385681,0.0009960159659385681,0.9960158467292786,0.0009960159659385681,0.0009960159659385681
209,2.44492864232519,4.88985728465038,-0.011702286838033196,0.0009960159659385681,4.5390625,0.2109375,-0.2109375,6.565831583982799,-1816.5645510563547,0.03151305019855499,2.864136358102163,-0.0018617413982913906,0.0,0.0,0.0009960159659385681,0.0009960159659385681,0.9960158467292786,0.0009960159659385681,0.0009960159659385681
210,2.4445294074005606,4.889058814801121,-0.005582744617807172,0.0009960159659385681,4.5234375,0.015625,-0.015625,6.539115542022046,-1718.2582910040294,0.03151305019855499,2.8990738689899445,-0.0017267977515681803,0.0,0.0,0.0009960159659385681,0.0009960159659385681,0.9960158467292786,0.0009960159659385681,0.0009960159659385681
211,2.44423135224977,4.88846270449954,-0.011634368190923778,0.0009960159659385681,4.484375,0.2265625,-0.2265625,6.444647625030484,-1640.6700980821138,0.03151305019855499,2.918109526236852,-0.001525091212897678,0.0,0.0,0.0009960159659385681,0.0009960159659385681,0.9960158467292786,0.0009960159659385681,0.0009960159659385681
212,2.443922581704604,4.887845163409208,-0.004927944348927713,0.0009960159659385681,4.65625,1.03125,-1.03125,6.703257874993142,-1842.5538169521612,0.03151305019855499,2.850087414185206,-0.0014813345660513733,0.0,0.0,0.0009960159659385681,0.0009960159659385681,0.9960158467292786,0.0009960159659385681,0.0009960159659385681
213,2.443614285978243,4.887228571956486,-0.00643821892024717,0.0009960159659385681,4.4609375,-0.296875,0.296875,6.383835625019856,-1476.3169548615892,0.03151305019855499,2.8788373867670694,-0.0015765517115748178,0.0,0.0,0.0009960159659385681,0.0009960159659385681,0.9960158467292786,0.0009960159659385681,0.0009960159659385681
214,2.443479288282183,4.886958576564366,-0.008944935017284128,0.0009960159659385681,4.40625,0.28125,-0.28125,6.339813792030327,-1416.486836044501,0.03151305019855499,2.859271287918091,-0.0015918697554297978,0.0,0.0,0.0009960159659385681,0.0009960159659385681,0.9960158467292786,0.0009960159659385681,0.0009960159659385681
215,2.4433840099320516,4.886768019864103,-0.006762798919234737,0.0009960159659385681,4.4765625,0.3515625,-0.3515625,6.4026549169793725,-2180.531100384644,0.03151305019855499,2.8464238544305167,-0.0014925318006741388,0.0,0.0,0.0009960159659385681,0.0009960159659385681,0.9960158467292786,0.0009960159659385681,0.0009960159659385681
216,2.442968494130354,4.885936988260708,-0.004858064875744293,0.0009960159659385681,4.703125,0.2265625,-0.2265625,6.7210182920098305,-2091.814991836928,0.03151305019855499,2.884286413590113,-0.0018813440644104655,0.0,0.0,0.0009960159659385681,0.0009960159659385681,0.9960158467292786,0.0009960159659385681,0.0009960159659385681
217,2.442612993561783,4.885225987123566,-0.008189399985967023,0.0009960159659385681,4.5625,-0.0625,0.0625,6.544786124955863,-2277.6780165548194,0.03151305019855499,2.92997537056605,-0.0018815309971008294,0.0,0.0,0.0009960159659385681,0.0009960159659385681,0.9960158467292786,0.0009960159659385681,0.0009960159659385681
218,2.442164108098808,4.884328216197616,-0.005542690298571942,0.0009960159659385681,4.5859375,-0.15625,0.15625,6.570488750003278,-1606.3226503927826,0.03151305019855499,2.9642504155635834,-0.001826480649469886,0.0,0.0,0.0009960159659385681,0.0009960159659385681,0.9960158467292786,0.0009960159659385681,0.0009960159659385681
219,2.4417014628330165,4.883402925666033,-0.011555856515845288,0.0009960159659385681,4.4375,-0.90625,0.90625,6.336902874987572,-1443.4383771923226,0.03151305019855499,2.8706188400586448,-0.0013471125867757412,0.0,0.0,0.0009960159659385681,0.0009960159659385681,0.9960158467292786,0.0009960159659385681,0.0009960159659385681
220,2.4413125653970202,4.8826251307940405,-0.008507069097910899,0.0009960159659385681,4.4375,-0.375,0.375,6.402391582960263,-1520.8876111507416,0.03151305019855499,2.897031992673874,-0.0015842959583096672,0.0,0.0,0.0009960159659385681,0.0009960159659385681,0.9960158467292786,0.0009960159659385681,0.0009960159659385681
221,2.440907873629579,4.881815747259158,-0.006584017132945178,0.0009960159659385681,4.578125,-0.046875,0.046875,6.538569665979594,-1948.333437773148,0.03151305019855499,2.948213775952657,-0.0019313212599930314,0.0,0.0,0.0009960159659385681,0.0009960159659385681,0.9960158467292786,0.0009960159659385681,0.0009960159659385681
222,2.4406258334218673,4.881251666843735,-0.007404528841562721,0.0009960159659385681,4.5,0.453125,-0.453125,6.446541125013027,-1560.357439743148,0.03151305019855499,2.855624278386434,-0.0017007223480807927,0.0,0.0,0.0009960159659385681,0.0009960159659385681,0.9960158467292786,0.0009960159659385681,0.0009960159659385681
223,2.440337579618391,4.880675159236782,-0.012819398809808145,0.0009960159659385681,4.453125,-0.140625,0.140625,6.441164582967758,-2681.5288973858483,0.03151305019855499,2.918268163998922,-0.0018030393451529865,0.0,0.0,0.0009960159659385681,0.0009960159659385681,0.9960158467292786,0.0009960159659385681,0.0009960159659385681
224,2.4400853148573862,4.8801706297147724,-0.006591819993338536,0.0009960159659385681,4.6796875,-0.3359375,0.3359375,6.646860333043151,-2270.3760488315893,0.03151305019855499,2.901259650786718,-0.0016234304081687394,0.0,0.0,0.0009960159659385681,0.0009960159659385681,0.9960158467292786,0.0009960159659385681,0.0009960159659385681
225,2.439811182376595,4.87962236475319,-0.005443755623553659,0.0009960159659385681,4.7265625,0.1484375,-0.1484375,6.777289624966215,-1713.8744170984946,0.03151305019855499,2.862291435400645,-0.0017454815800495755,0.0,0.0,0.0009960159659385681,0.0009960159659385681,0.9960158467292786,0.0009960159659385681,0.0009960159659385681
226,2.4395173522522002,4.8790347045044005,-0.0024724171842505104,0.0009960159659385681,4.5703125,0.7265625,-0.7265625,6.559551332960837,-2142.1704706012692,0.03151305019855499,2.9121230045954385,-0.0018051711473769199,0.0,0.0,0.0009960159659385681,0.0009960159659385681,0.9960158467292786,0.0009960159659385681,0.0009960159659385681
227,2.439092893089224,4.878185786178448,-0.002228128528337453,0.0009960159659385681,4.40625,0.2421875,-0.2421875,6.435813374991994,-2040.3405595028655,0.03151305019855499,2.947183152039846,-0.0018004242934542465,0.0,0.0,0.0009960159659385681,0.0009960159659385681,0.9960158467292786,0.0009960159659385681,0.0009960159659385681
228,2.438764648027025,4.87752929605405,-0.003374972879609567,0.0009960159659385681,4.4296875,0.359375,-0.359375,6.356800000008661,-2186.853697785204,0.03151305019855499,2.894229978322983,-0.001586957556961958,0.0,0.0,0.0009960159659385681,0.0009960159659385681,0.9960158467292786,0.0009960159659385681,0.0009960159659385681
229,2.4384586580979333,4.8769173161958665,-0.0074174392817024795,0.0009960159659385681,4.671875,-0.4140625,0.4140625,6.719371291983407,-2024.7476503155303,0.03151305019855499,2.901270091533661,-0.001652613267651759,0.0,0.0,0.0009960159659385681,0.0009960159659385681,0.9960158467292786,0.0009960159659385681,0.0009960159659385681
230,2.4382632804625555,4.876526560925111,-0.004122101740123172,0.0009960159659385681,4.1953125,-0.578125,0.578125,6.032085167011246,-1959.7810466702424,0.03151305019855499,3.0444830656051636,-0.0021408371831057593,0.0,0.0,0.0009960159659385681,0.0009960159659385681,0.9960158467292786,0.0009960159659385681,0.0009960159659385681
231,2.438189480095042,4.876378960190084,-0.008513476490812076,0.0009960159659385681,4.4375,-0.0703125,0.0703125,6.37524804205168,-2435.977801037506,0.03151305019855499,2.9792882204055786,-0.0019707693912399313,0.0,0.0,0.0009960159659385681,0.0009960159659385681,0.9960158467292786,0.0009960159659385681,0.0009960159659385681
232,2.43812462149054,4.87624924298108,-0.008880864511359554,0.0009960159659385681,4.65625,-0.09375,0.09375,6.657521375047509,-1833.0317912965813,0.03151305019855499,2.9976537227630615,-0.0020135644626861904,0.0,0.0,0.0009960159659385681,0.0009960159659385681,0.9960158467292786,0.0009960159659385681,0.0009960159659385681
233,2.4380277553779424,4.876055510755885,-0.00802320234098654,0.0009960159659385681,4.7265625,-0.828125,0.828125,6.777033416030463,-1754.3249050266486,0.03151305019855499,2.934515655040741,-0.0017960636663095404,0.0,0.0,0.0009960159659385681,0.0009960159659385681,0.9960158467292786,0.0009960159659385681,0.0009960159659385681
234,2.437890745209088,4.875781490418176,-0.009770865091731062,0.0009960159659385681,4.5546875,-0.3515625,0.3515625,6.605391125020105,-1711.5272210057358,0.03151305019855499,3.01767431696256,-0.0020685548770416062,0.0,0.0,0.0009960159659385681,0.0009960159659385681,0.9960158467292786,0.0009960159659385681,0.0009960159659385681
235,2.437826664753236,4.875653329506472,-0.011109748730307675,0.0009960159659385681,4.6328125,-0.3359375,0.3359375,7.437511374999303,-2528.810801018752,0.03151305019855499,2.986982226371765,-0.0022022861521691084,0.0,0.0,0.0009960159659385681,0.0009960159659385681,0.9960158467292786,0.0009960159659385681,0.0009960159659385681
236,2.437729250718588,4.875458501437176,-0.0065200426369679204,0.0009960159659385681,4.8046875,-0.953125,0.953125,7.09296604199335,-2605.007685256586,0.03151305019855499,3.0208746890227,-0.0022451325324558034,0.0,0.0,0.0009960159659385681,0.0009960159659385681,0.9960158467292786,0.0009960159659385681,0.0009960159659385681
237,2.4373824480065243,4.8747648960130485,-0.011759897802950512,0.0009960159659385681,4.53125,0.3515625,-0.3515625,6.590924000018276,-2723.8559074467626,0.03151305019855499,3.0236768325169883,-0.0022764597864200673,0.0,0.0,0.0009960159659385681,0.0009960159659385681,0.9960158467292786,0.0009960159659385681,0.0009960159659385681
238,2.43701689639237,4.87403379278474,-0.005786395926373116,0.0009960159659385681,4.5390625,-0.40625,0.40625,6.603094374993816,-2648.9449601690453,0.03151305019855499,3.0482292473316193,-0.002081877970340429,0.0,0.0,0.0009960159659385681,0.0009960159659385681,0.9960158467292786,0.0009960159659385681,0.0009960159659385681
239,2.4366686674596885,4.873337334919377,-0.00853178014741798,0.0009960159659385681,4.5546875,-0.4140625,0.4140625,6.517881374980789,-2808.5997371673584,0.03151305019855499,3.0581363240877786,-0.0021616532612824813,0.0,0.0,0.0009960159659385681,0.0009960159659385681,0.9960158467292786,0.0009960159659385681,0.0009960159659385681
240,2.436340949263877,4.872681898527754,-0.005835042247546519,0.0009960159659385681,4.8828125,0.078125,-0.078125,6.995146957982797,-1948.6339995880128,0.03151305019855499,3.089988191922506,-0.002633133583003655,0.0,0.0,0.0009960159659385681,0.0009960159659385681,0.9960158467292786,0.0009960159659385681,0.0009960159659385681
241,2.436109876192491,4.872219752384982,-0.006747383985067754,0.0009960159659385681,4.6484375,0.3671875,-0.3671875,6.660489708010573,-2141.1666460662327,0.03151305019855499,3.0921139220396676,-0.00239880916584904,0.0,0.0,0.0009960159659385681,0.0009960159659385681,0.9960158467292786,0.0009960159659385681,0.0009960159659385681
242,2.435838438078909,4.871676876157818,-0.008907896187262782,0.0009960159659385681,4.6171875,-0.0546875,0.0546875,6.665560458961409,-2065.039372587769,0.03151305019855499,3.0263889928658805,-0.002009346657359856,0.0,0.0,0.0009960159659385681,0.0009960159659385681,0.9960158467292786,0.0009960159659385681,0.0009960159659385681
243,2.4354569712220293,4.870913942444059,-0.003680888516168699,0.0009960159659385681,4.6015625,-0.140625,0.140625,6.544806250021793,-2885.150552765825,0.03151305019855499,3.0184860825538635,-0.001984133394823099,0.0,0.0,0.0009960159659385681,0.0009960159659385681,0.9960158467292786,0.0009960159659385681,0.0009960159659385681
244,2.435055151006045,4.87011030201209,-0.005329285585178055,0.0009960159659385681,4.7578125,0.5390625,-0.5390625,6.783965084003285,-3140.8510980339865,0.03151305019855499,3.050931711991628,-0.0024105719930958003,0.0,0.0,0.0009960159659385681,0.0009960159659385681,0.9960158467292786,0.0009960159659385681,0.0009960159659385681
245,2.4346365865366897,4.869273173073379,-0.011273570293831277,0.0009960159659385681,4.671875,-0.1953125,0.1953125,6.659939625009429,-2966.573685394083,0.03151305019855499,3.037647545337677,-0.0024028576008277014,0.0,0.0,0.0009960159659385681,0.0009960159659385681,0.9960158467292786,0.0009960159659385681,0.0009960159659385681
246,2.4341008945388563,4.8682017890777125,-0.011450795882099084,0.0009960159659385681,4.6328125,-0.9453125,0.9453125,6.562155624968,-2874.102143839278,0.03151305019855499,3.003079722325007,-0.0022365127224475145,0.0,0.0,0.0009960159659385681,0.0009960159659385681,0.9960158467292786,0.0009960159659385681,0.0009960159659385681
247,2.433669252064337,4.867338504128674,-0.006167695258344473,0.0009960159659385681,4.7109375,-0.828125,0.828125,6.749058999994304,-3202.8403150264303,0.03151305019855499,3.0178627173105874,-0.002560311152289311,0.0,0.0,0.0009960159659385681,0.0009960159659385681,0.9960158467292786,0.0009960159659385681,0.0009960159659385681
248,2.433299442749436,4.866598885498872,-0.001137083548543152,0.0009960159659385681,4.6015625,-0.46875,0.46875,6.53914716700092,-3001.4611719711124,0.03151305019855499,3.124067713816961,-0.0024756015882303473,0.0,0.0,0.0009960159659385681,0.0009960159659385681,0.9960158467292786,0.0009960159659385681,0.0009960159659385681
249,2.4328708100925356,4.865741620185071,-0.010977022598055178,0.0009960159659385681,5.015625,0.9375,-0.9375,7.0708485409850255,-3244.992189680676,0.03151305019855499,3.0853537221749625,-0.0022669411312866337,0.0,0.0,0.0009960159659385681,0.0009960159659385681,0.9960158467292786,0.0009960159659385681,0.0009960159659385681
250,2.432554103934887,4.865108207869774,-0.00641394452734409,0.0009960159659385681,4.5625,-1.0859375,1.0859375,6.594515374978073,-2148.4841317934533,0.03151305019855499,3.089476982752482,-0.0025987821669938662,0.0,0.0,0.0009960159659385681,0.0009960159659385681,0.9960158467292786,0.0009960159659385681,0.0009960159659385681
251,2.432340749479824,4.864681498959648,-0.008968189811203512,0.0009960159659385681,4.625,-0.5859375,0.5859375,6.571228249988053,-2233.5828409903756,0.03151305019855499,3.087731033563614,-0.002525929536204785,0.0,0.0,0.0009960159659385681,0.0009960159659385681,0.9960158467292786,0.0009960159659385681,0.0009960159659385681
252,2.4321295268867607,4.864259053773521,-0.012019753228281449,0.0009960159659385681,4.84375,-0.6953125,0.6953125,6.836889584024902,-2811.511593387973,0.03151305019855499,3.048815349737803,-0.002429341033954794,0.0,0.0,0.0009960159659385681,0.0009960159659385681,0.9960158467292786,0.0009960159659385681,0.0009960159659385681
253,2.431927435601242,4.863854871202484,-0.008860821858215911,0.0009960159659385681,4.6875,0.0625,-0.0625,6.723963583004661,-2583.9622572135927,0.03151305019855499,3.0343494514624276,-0.0023100185693086437,0.0,0.0,0.0009960159659385681,0.0009960159659385681,0.9960158467292786,0.0009960159659385681,0.0009960159659385681
254,2.4314941968695214,4.862988393739043,-0.005964922405431899,0.0009960159659385681,4.6015625,0.3203125,-0.3203125,6.597471208020579,-3258.2324206185463,0.03151305019855499,3.051979680856069,-0.0025134919609020776,0.0,0.0,0.0009960159659385681,0.0009960159659385681,0.9960158467292786,0.0009960159659385681,0.0009960159659385681
255,2.430953643568567,4.861907287137134,-0.008192985768248177,0.0009960159659385681,4.3671875,0.2578125,-0.2578125,6.364806167024653,-3183.5658540538043,0.03151305019855499,3.057293931643168,-0.0025477712479187176,0.0,0.0,0.0009960159659385681,0.0009960159659385681,0.9960158467292786,0.0009960159659385681,0.0009960159659385681
256,2.430501398115081,4.861002796230162,-0.009542971112976684,0.0009960159659385681,4.671875,-0.0859375,0.0859375,6.690409624949098,-3310.2324200442004,0.03151305019855499,3.100170850753784,-0.002581767070296337,0.0,0.0,0.0009960159659385681,0.0009960159659385681,0.9960158467292786,0.0009960159659385681,0.0009960159659385681
257,2.4301426789358604,4.860285357871721,-0.008628575585448427,0.0009960159659385681,4.6953125,-0.2578125,0.2578125,6.733515999978408,-3714.620421265207,0.03151305019855499,3.0370613634586334,-0.0025124263265752234,0.0,0.0,0.0009960159659385681,0.0009960159659385681,0.9960158467292786,0.0009960159659385681,0.0009960159659385681
258,2.429879200222964,4.859758400445928,-0.013156489731879974,0.0009960159659385681,4.46875,-0.5078125,0.5078125,6.397813458985183,-4471.3644285935625,0.03151305019855499,3.091714064280192,-0.0026008248484383025,0.0,0.0,0.0009960159659385681,0.0009960159659385681,0.9960158467292786,0.0009960159659385681,0.0009960159659385681
259,2.4296640023041265,4.859328004608253,-0.011365318166884682,0.0009960159659385681,4.5390625,-0.390625,0.390625,6.545161791960709,-3567.6281080853305,0.03151305019855499,3.1207329531510672,-0.002854685279695938,0.0,0.0,0.0009960159659385681,0.0009960159659385681,0.9960158467292786,0.0009960159659385681,0.0009960159659385681
260,2.4293465093259927,4.858693018651985,-0.004431430421683686,0.0009960159659385681,4.6171875,0.921875,-0.921875,6.612432499998249,-4071.6967717217512,0.03151305019855499,3.2219715813795724,-0.003169110326174026,0.0,0.0,0.0009960159659385681,0.0009960159659385681,0.9960158467292786,0.0009960159659385681,0.0009960159659385681
261,2.4289738438692057,4.857947687738411,-0.0072636903720327455,0.0009960159659385681,4.4453125,0.484375,-0.484375,6.4895147499628365,-4555.174868652397,0.03151305019855499,3.2224663496017456,-0.003064492193516344,0.0,0.0,0.0009960159659385681,0.0009960159659385681,0.9960158467292786,0.0009960159659385681,0.0009960159659385681
262,2.4286598231526173,4.857319646305235,-0.004673932814489447,0.0009960159659385681,4.53125,-1.171875,1.171875,6.467734707985073,-4549.195785654002,0.03151305019855499,3.2218318978945413,-0.003129985721898265,0.0,0.0,0.0009960159659385681,0.0009960159659385681,0.9960158467292786,0.0009960159659385681,0.0009960159659385681
263,2.4283329224598953,4.856665844919791,-0.0072141665164570535,0.0009960159659385681,4.484375,0.21875,-0.21875,6.457185707986355,-3538.381629006788,0.03151305019855499,3.2023637890815735,-0.0031772714379864433,0.0,0.0,0.0009960159659385681,0.0009960159659385681,0.9960158467292786,0.0009960159659385681,0.0009960159659385681
264,2.428215979968739,4.856431959937478,-0.010151216517827343,0.0009960159659385681,4.5546875,0.0234375,-0.0234375,6.463781708036549,-4399.410788966288,0.03151305019855499,3.21792005499204,-0.0031107775769972554,0.0,0.0,0.0009960159659385681,0.0009960159659385681,0.9960158467292786,0.0009960159659385681,0.0009960159659385681
265,2.4281043692996325,4.856208738599265,-0.004658091569432065,0.0009960159659385681,4.5546875,0.4296875,-0.4296875,6.457199874974322,-4376.072251916954,0.03151305019855499,3.2485590676466622,-0.0032277633630049727,0.0,0.0,0.0009960159659385681,0.0009960159659385681,0.9960158467292786,0.0009960159659385681,0.0009960159659385681
266,2.427889524066316,4.855779048132632,-0.005636855587845935,0.0009960159659385681,4.421875,-0.8828125,0.8828125,6.2635904580238275,-3792.436137148854,0.03151305019855499,3.282840520143509,-0.003389366412496505,0.0,0.0,0.0009960159659385681,0.0009960159659385681,0.9960158467292786,0.0009960159659385681,0.0009960159659385681
267,2.4276811596719368,4.8553623193438735,-0.009802896578668173,0.0009960159659385681,4.8046875,0.2109375,-0.2109375,6.832780125027057,-3569.8955646856043,0.03151305019855499,3.361129363377889,-0.0033921165158972144,0.0,0.0,0.0009960159659385681,0.0009960159659385681,0.9960158467292786,0.0009960159659385681,0.0009960159659385681
268,2.4272164817848045,4.854432963569609,-0.012680042401683167,0.0009960159659385681,4.53125,-0.1875,0.1875,6.472861624963116,-4090.719691664597,0.03151305019855499,3.3576761980851493,-0.0033036185486707836,0.0,0.0,0.0009960159659385681,0.0009960159659385681,0.9960158467292786,0.0009960159659385681,0.0009960159659385681
269,2.426692061669362,4.853384123338724,-0.0043752716626989695,0.0009960159659385681,4.75,0.8203125,-0.8203125,6.74422512500314,-4752.773587007272,0.03151305019855499,3.352810283501943,-0.0035653819310634085,0.0,0.0,0.0009960159659385681,0.0009960159659385681,0.9960158467292786,0.0009960159659385681,0.0009960159659385681
270,2.4262686989949827,4.852537397989965,-0.00845200497193675,0.0009960159659385681,4.4765625,0.3515625,-0.3515625,6.41645212500589,-5514.463922597143,0.03151305019855499,3.256844619909922,-0.003236002114135772,0.0,0.0,0.0009960159659385681,0.0009960159659385681,0.9960158467292786,0.0009960159659385681,0.0009960159659385681
271,2.425761914609656,4.851523829219312,-0.014782275359140624,0.0009960159659385681,4.6953125,-0.2734375,0.2734375,6.69294766697567,-4738.879984698558,0.03151305019855499,3.180756469567617,-0.0029534851297891387,0.0,0.0,0.0009960159659385681,0.0009960159659385681,0.9960158467292786,0.0009960159659385681,0.0009960159659385681
272,2.4252694747207957,4.850538949441591,-0.00858441579830984,0.0009960159659385681,4.546875,0.0078125,-0.0078125,6.474936625047121,-4020.919606546356,0.03151305019855499,3.211359719435374,-0.0029236113963027797,0.0,0.0,0.0009960159659385681,0.0009960159659385681,0.9960158467292786,0.0009960159659385681,0.0009960159659385681
273,2.4248287111747775,4.849657422349555,-0.006194636648802773,0.0009960159659385681,4.6796875,0.1796875,-0.1796875,6.712971667002421,-4325.061999383076,0.03151305019855499,3.2762203017870584,-0.0033900937657260024,0.0,0.0,0.0009960159659385681,0.0009960159659385681,0.9960158467292786,0.0009960159659385681,0.0009960159659385681
274,2.424483662822223,4.848967325644446,-0.010022207625840232,0.0009960159659385681,4.5390625,-0.3203125,0.3203125,6.486097208980937,-3916.702460238117,0.03151305019855499,3.344771057367325,-0.00372709995523716,0.0,0.0,0.0009960159659385681,0.0009960159659385681,0.9960158467292786,0.0009960159659385681,0.0009960159659385681
275,2.4239719258648478,4.8479438517296956,-0.007852986826712267,0.0009960159659385681,4.3828125,-0.9375,0.9375,6.288899459003005,-3826.8325636756613,0.03151305019855499,3.2387175063292184,-0.0032138197566382587,0.0,0.0,0.0009960159659385681,0.0009960159659385681,0.9960158467292786,0.0009960159659385681,0.0009960159659385681
276,2.423526454856639,4.847052909713278,-0.0064540612640261235,0.0009960159659385681,4.578125,0.1484375,-0.1484375,6.540422709018458,-4313.820177852904,0.03151305019855499,3.2558014194170632,-0.003240500014120092,0.0,0.0,0.0009960159659385681,0.0009960159659385681,0.9960158467292786,0.0009960159659385681,0.0009960159659385681
277,2.4230649383742078,4.8461298767484156,-0.008426897641657743,0.0009960159659385681,4.609375,0.2578125,-0.2578125,6.550970208016224,-5333.757341895669,0.03151305019855499,3.2398525277773538,-0.0033401133550796658,0.0,0.0,0.0009960159659385681,0.0009960159659385681,0.9960158467292786,0.0009960159659385681,0.0009960159659385681
278,2.4226550868798222,4.8453101737596445,-0.008687931981868307,0.0009960159659385681,4.703125,0.8125,-0.8125,6.676478124980349,-4266.05900080101,0.03151305019855499,3.298781414826711,-0.003603090920175115,0.0,0.0,0.0009960159659385681,0.0009960159659385681,0.9960158467292786,0.0009960159659385681,0.0009960159659385681
279,2.422032331022186,4.844064662044372,-0.017308168295167584,0.0009960159659385681,4.609375,-0.5390625,0.5390625,6.531562916003168,-3420.6197794962736,0.03151305019855499,3.3367922008037567,-0.003395941952476278,0.0,0.0,0.0009960159659385681,0.0009960159659385681,0.9960158467292786,0.0009960159659385681,0.0009960159659385681
280,2.4212912457387006,4.842582491477401,-0.005121626128616021,0.0009960159659385681,4.7890625,0.0390625,-0.0390625,6.784836667007767,-5718.243152854882,0.03151305019855499,3.334781845410665,-0.003417455436040958,0.0,0.0,0.0009960159659385681,0.0009960159659385681,0.9960158467292786,0.0009960159659385681,0.0009960159659385681
281,2.4204201106264343,4.8408402212528685,-0.005233991773945623,0.0009960159659385681,4.6875,-0.0078125,0.0078125,6.695585832989309,-4103.199345480601,0.03151305019855499,3.3932419617970786,-0.0035677029663929716,0.0,0.0,0.0009960159659385681,0.0009960159659385681,0.9960158467292786,0.0009960159659385681,0.0009960159659385681
282,2.419596473239902,4.839192946479804,-0.006172998627725465,0.0009960159659385681,4.609375,-0.21875,0.21875,6.65364195901202,-4489.744510055801,0.03151305019855499,3.3321264882882438,-0.0034528034545170763,0.0,0.0,0.0009960159659385681,0.0009960159659385681,0.9960158467292786,0.0009960159659385681,0.0009960159659385681
283,2.418943287006386,4.837886574012772,-0.011658966912228072,0.0009960159659385681,4.421875,0.0390625,-0.0390625,6.324465333018452,-4714.635051154416,0.03151305019855499,3.366513103246689,-0.003579262197793772,0.0,0.0,0.0009960159659385681,0.0009960159659385681,0.9960158467292786,0.0009960159659385681,0.0009960159659385681
284,2.4183374589929825,4.836674917985965,-0.006598283580629933,0.0009960159659385681,4.90625,1.2734375,-1.2734375,6.929089125012979,-4960.318225326052,0.03151305019855499,3.3208331565062204,-0.0035225297033321112,0.0,0.0,0.0009960159659385681,0.0009960159659385681,0.9960158467292786,0.0009960159659385681,0.0009960159659385681
285,2.417789201545708,4.835578403091416,-0.01617203560325129,0.0009960159659385681,4.671875,0.1953125,-0.1953125,6.659871750045568,-4726.938884307709,0.03151305019855499,3.3671423494815826,-0.0037708875024691224,0.0,0.0,0.0009960159659385681,0.0009960159659385681,0.9960158467292786,0.0009960159659385681,0.0009960159659385681
286,2.4173051001233903,4.834610200246781,-0.01080476313551812,0.0009960159659385681,4.609375,0.421875,-0.421875,6.51348370796768,-5576.925486716577,0.03151305019855499,3.296100914478302,-0.003393337605909134,0.0,0.0,0.0009960159659385681,0.0009960159659385681,0.9960158467292786,0.0009960159659385681,0.0009960159659385681
287,2.4168233092522264,4.833646618504453,-0.008241441600530194,0.0009960159659385681,4.609375,-0.234375,0.234375,6.460088332998566,-4897.259826440326,0.03151305019855499,3.4188165167967477,-0.0040590629893510295,0.0,0.0,0.0009960159659385681,0.0009960159659385681,0.9960158467292786,0.0009960159659385681,0.0009960159659385681
288,2.4162425204538542,4.8324850409077085,-0.005677059978088791,0.0009960159659385681,4.71875,-0.2734375,0.2734375,6.698825249972288,-4406.230206596931,0.03151305019855499,3.420191874106725,-0.0038500195369124413,0.0,0.0,0.0009960159659385681,0.0009960159659385681,0.9960158467292786,0.0009960159659385681,0.0009960159659385681
289,2.415757227129285,4.83151445425857,-0.01198589117316974,0.0009960159659385681,4.75,-0.0234375,0.0234375,6.706848750007339,-4000.348721165406,0.03151305019855499,3.4319300055503845,-0.004068353203668569,0.0,0.0,0.0009960159659385681,0.0009960159659385681,0.9960158467292786,0.0009960159659385681,0.0009960159659385681
290,2.4153409470277563,4.8306818940555125,-0.005831480077113951,0.0009960159659385681,4.796875,-0.28125,0.28125,6.873762333008926,-4593.200258969484,0.03151305019855499,3.4996860722700753,-0.004153900566355635,0.0,0.0,0.0009960159659385681,0.0009960159659385681,0.9960158467292786,0.0009960159659385681,0.0009960159659385681
291,2.414997320201429,4.829994640402858,-0.015033853735390384,0.0009960159659385681,4.75,0.578125,-0.578125,6.819475458003581,-5294.167534062737,0.03151305019855499,3.3840673565864563,-0.0037439861480379477,0.0,0.0,0.0009960159659385681,0.0009960159659385681,0.9960158467292786,0.0009960159659385681,0.0009960159659385681
292,2.4143703043493536,4.828740608698707,-0.00038744964101796586,0.0009960159659385681,4.6953125,0.1171875,-0.1171875,6.764319041976705,-7152.510634665085,0.03151305019855499,3.4163880149523416,-0.004002259530049439,0.0,0.0,0.0009960159659385681,0.0009960159659385681,0.9960158467292786,0.0009960159659385681,0.0009960159659385681
293,2.4138884342417595,4.827776868483519,-0.012768396728020596,0.0009960159659385681,4.6171875,-0.265625,0.265625,6.651654042012524,-6305.120668414482,0.03151305019855499,3.4385295311609902,-0.004063966781056176,0.0,0.0,0.0009960159659385681,0.0009960159659385681,0.9960158467292786,0.0009960159659385681,0.0009960159659385681
294,2.413318366608732,4.826636733217464,-0.008654976533140162,0.0009960159659385681,4.53125,0.0,0.0,6.527325000031851,-6310.169125708218,0.03151305019855499,3.431098699569702,-0.0037526836482963213,0.0,0.0,0.0009960159659385681,0.0009960159659385681,0.9960158467292786,0.0009960159659385681,0.0009960159659385681
295,2.412697413985221,4.825394827970442,-0.010820425613296356,0.0009960159659385681,4.78125,0.703125,-0.703125,6.7795384579803795,-4592.859039107179,0.03151305019855499,3.365206559499105,-0.003278232417263401,0.0,0.0,0.0009960159659385681,0.0009960159659385681,0.9960158467292786,0.0009960159659385681,0.0009960159659385681
296,2.4120033197418462,4.8240066394836925,-0.006332031265206793,0.0009960159659385681,4.7109375,-0.7421875,0.7421875,6.742520665982738,-5120.618261789604,0.03151305019855499,3.352999120950699,-0.0032331742792545506,0.0,0.0,0.0009960159659385681,0.0009960159659385681,0.9960158467292786,0.0009960159659385681,0.0009960159659385681
297,2.4113660111678756,4.822732022335751,-0.015693237306708213,0.0009960159659385681,4.671875,1.0234375,-1.0234375,6.717332584026735,-5860.70555024163,0.03151305019855499,3.403857558965683,-0.003988187013116355,0.0,0.0,0.0009960159659385681,0.0009960159659385681,0.9960158467292786,0.0009960159659385681,0.0009960159659385681
298,2.410863479892215,4.82172695978443,-0.012853662693448576,0.0009960159659385681,4.5625,-0.25,0.25,6.5513783330097795,-7714.288252477777,0.03151305019855499,3.4806874791781106,-0.004739610303658992,0.0,0.0,0.0009960159659385681,0.0009960159659385681,0.9960158467292786,0.0009960159659385681,0.0009960159659385681
299,2.4103163581934037,4.8206327163868075,-0.011465278655867215,0.0009960159659385681,4.5546875,-0.2421875,0.2421875,6.4913333330187015,-6438.95437219008,0.03151305019855499,3.445593456427256,-0.004004187765531242,0.0,0.0,0.0009960159659385681,0.0009960159659385681,0.9960158467292786,0.0009960159659385681,0.0009960159659385681
300,2.409843137986323,4.819686275972646,-0.0042929749583369035,0.0009960159659385681,4.7421875,0.4140625,-0.4140625,6.823294874979183,-4954.791042296459,0.03151305019855499,3.498595098654429,-0.004167125676758587,0.0,0.0,0.0009960159659385681,0.0009960159659385681,0.9960158467292786,0.0009960159659385681,0.0009960159659385681
301,2.409326481715952,4.818652963431904,-0.010553656564895635,0.0009960159659385681,4.5390625,0.3984375,-0.3984375,6.576687416993082,-5394.348884648177,0.03151305019855499,3.5520532925923667,-0.004570754594169557,0.0,0.0,0.0009960159659385681,0.0009960159659385681,0.9960158467292786,0.0009960159659385681,0.0009960159659385681
302,2.408836790832353,4.817673581664706,-0.010115787737528522,0.0009960159659385681,4.7734375,0.046875,-0.046875,6.751948667049874,-4947.4054012392235,0.03151305019855499,3.5715126991271973,-0.004404717474244535,0.0,0.0,0.0009960159659385681,0.0009960159659385681,0.9960158467292786,0.0009960159659385681,0.0009960159659385681
303,2.4082358986025714,4.816471797205143,-0.011136369299819975,0.0009960159659385681,4.625,-0.140625,0.140625,6.57645616598893,-6162.221066668227,0.03151305019855499,3.5774411459763846,-0.004194643814116716,0.0,0.0,0.0009960159659385681,0.0009960159659385681,0.9960158467292786,0.0009960159659385681,0.0009960159659385681
304,2.407543122443178,4.815086244886356,-0.009234716493023565,0.0009960159659385681,4.453125,-0.078125,0.078125,6.41048837499693,-5866.0245300962215,0.03151305019855499,3.624935736258825,-0.0044465429479411496,0.0,0.0,0.0009960159659385681,0.0009960159659385681,0.9960158467292786,0.0009960159659385681,0.0009960159659385681
305,2.40696186412512,4.81392372825024,-0.009827332773126203,0.0009960159659385681,4.6953125,0.125,-0.125,6.627790333994199,-8011.817992224669,0.03151305019855499,3.6395919919013977,-0.004375980837115397,0.0,0.0,0.0009960159659385681,0.0009960159659385681,0.9960158467292786,0.0009960159659385681,0.0009960159659385681
306,2.4063778767258563,4.812755753451713,-0.015941301685518588,0.0009960159659385681,4.90625,1.2109375,-1.2109375,6.9803733750013635,-8004.668454722993,0.03151305019855499,3.608397821585337,-0.004110998095711693,0.0,0.0,0.0009960159659385681,0.0009960159659385681,0.9960158467292786,0.0009960159659385681,0.0009960159659385681
307,2.405805311648856,4.811610623297712,-0.009576339202426794,0.0009960159659385681,4.6796875,-0.5703125,0.5703125,6.706175042025279,-5367.701793333127,0.03151305019855499,3.518648018439611,-0.003988964289116363,0.0,0.0,0.0009960159659385681,0.0009960159659385681,0.9960158467292786,0.0009960159659385681,0.0009960159659385681
308,2.405261409602121,4.810522819204242,-0.010393987352730838,0.0009960159659385681,4.640625,-0.3046875,0.3046875,6.5625462920288555,-6120.812398120611,0.03151305019855499,3.6063651541868844,-0.004176948074018583,0.0,0.0,0.0009960159659385681,0.0009960159659385681,0.9960158467292786,0.0009960159659385681,0.0009960159659385681
309,2.40465910012042,4.80931820024084,-0.007915679059041439,0.0009960159659385681,4.6875,-0.5390625,0.5390625,6.801557165978011,-6923.178282674154,0.03151305019855499,3.693705528974533,-0.004954528820235282,0.0,0.0,0.0009960159659385681,0.0009960159659385681,0.9960158467292786,0.0009960159659385681,0.0009960159659385681
310,2.4041880627346233,4.8083761254692465,-0.008325296731959296,0.0009960159659385681,4.890625,0.671875,-0.671875,6.96558937500231,-7757.165772751879,0.03151305019855499,3.5049902896086373,-0.003657372600476568,0.0,0.0,0.0009960159659385681,0.0009960159659385681,0.9960158467292786,0.0009960159659385681,0.0009960159659385681
311,2.4036887373727547,4.807377474745509,-0.008700622888504069,0.0009960159659385681,4.53125,-0.1015625,0.1015625,6.506400000012945,-8611.214631981686,0.03151305019855499,3.5359819531440735,-0.004258274178331097,0.0,0.0,0.0009960159659385681,0.0009960159659385681,0.9960158467292786,0.0009960159659385681,0.0009960159659385681
312,2.4033026276742433,4.806605255348487,0.0002220210991110218,0.0009960159659385681,4.5625,0.3984375,-0.3984375,6.561137332988437,-8762.751442621831,0.03151305019855499,3.643347809712092,-0.005130528947726513,0.0,0.0,0.0009960159659385681,0.0009960159659385681,0.9960158467292786,0.0009960159659385681,0.0009960159659385681
313,2.4028484593435433,4.805696918687087,-0.013745929814517784,0.0009960159659385681,4.59375,0.4765625,-0.4765625,6.525512207997963,-9568.014574258506,0.03151305019855499,3.7169690231482186,-0.005197896137057493,0.0,0.0,0.0009960159659385681,0.0009960159659385681,0.9960158467292786,0.0009960159659385681,0.0009960159659385681
314,2.4023945285612816,4.804789057122563,-0.006104516318417705,0.0009960159659385681,4.5859375,0.0625,-0.0625,6.5657462090021,-7992.88373136764,0.03151305019855499,3.6764694650967917,-0.004573257193745424,0.0,0.0,0.0009960159659385681,0.0009960159659385681,0.9960158467292786,0.0009960159659385681,0.0009960159659385681
315,2.402064736607642,4.804129473215284,-0.00890595534093728,0.0009960159659385681,4.8125,0.6484375,-0.6484375,6.9262160420184955,-7732.474437527842,0.03151305019855499,3.801892558733622,-0.005479835808121909,0.0,0.0,0.0009960159659385681,0.0009960159659385681,0.9960158467292786,0.0009960159659385681,0.0009960159659385681
316,2.4016820211446706,4.803364042289341,-0.012461686517324549,0.0009960159659385681,4.7265625,0.0859375,-0.0859375,6.742260083032306,-7544.470470787868,0.03151305019855499,3.7937836746374765,-0.005077510470679651,0.0,0.0,0.0009960159659385681,0.0009960159659385681,0.9960158467292786,0.0009960159659385681,0.0009960159659385681
317,2.40136174058071,4.80272348116142,-0.007001709614003043,0.0009960159659385681,4.546875,0.90625,-0.90625,6.462715624948032,-8209.7800863207,0.03151305019855499,3.771070788304011,-0.00485987988455842,0.0,0.0,0.0009960159659385681,0.0009960159659385681,0.9960158467292786,0.0009960159659385681,0.0009960159659385681
318,2.400834574117837,4.801669148235674,-0.004686567317459349,0.0009960159659385681,4.5625,0.3125,-0.3125,6.5982002500095405,-8626.98241384062,0.03151305019855499,3.709749698638916,-0.004331075634884958,0.0,0.0,0.0009960159659385681,0.0009960159659385681,0.9960158467292786,0.0009960159659385681,0.0009960159659385681
319,2.4002285070388223,4.800457014077645,-0.01092051710509135,0.0009960159659385681,4.7890625,0.140625,-0.140625,6.801836833008565,-9484.529237457824,0.03151305019855499,3.781103193759918,-0.004795455606654286,0.0,0.0,0.0009960159659385681,0.0009960159659385681,0.9960158467292786,0.0009960159659385681,0.0009960159659385681
320,2.399660796157147,4.799321592314294,-0.015364624898570888,0.0009960159659385681,4.8046875,-0.6484375,0.6484375,6.7109643329749815,-7137.124836048653,0.03151305019855499,3.753111024697622,-0.004738854710012674,0.0,0.0,0.0009960159659385681,0.0009960159659385681,0.9960158467292786,0.0009960159659385681,0.0009960159659385681
321,2.399094125116563,4.798188250233126,-0.007511495486727978,0.0009960159659385681,4.7734375,0.4453125,-0.4453125,6.779547915968578,-9412.636049673327,0.03151305019855499,3.7217286229133606,-0.004473942273762077,0.0,0.0,0.0009960159659385681,0.0009960159659385681,0.9960158467292786,0.0009960159659385681,0.0009960159659385681
322,2.3985509670667597,4.7971019341335195,-0.009434401970540565,0.0009960159659385681,4.7578125,-0.0078125,0.0078125,6.722013249993324,-7285.776455457966,0.03151305019855499,3.7351067264874778,-0.004747112863697112,0.0,0.0,0.0009960159659385681,0.0009960159659385681,0.9960158467292786,0.0009960159659385681,0.0009960159659385681
323,2.398146292959098,4.796292585918196,-0.015359643009145245,0.0009960159659385681,4.453125,0.15625,-0.15625,6.449914458033163,-7437.371401977539,0.03151305019855499,3.6049761871496835,-0.004407751587374757,0.0,0.0,0.0009960159659385681,0.0009960159659385681,0.9960158467292786,0.0009960159659385681,0.0009960159659385681
324,2.3975223222727626,4.795044644545525,-0.0042469771888317635,0.0009960159659385681,4.6484375,-1.234375,1.234375,6.644884291978087,-7061.40310866412,0.03151305019855499,3.588162620862325,-0.0044854148873128,0.0,0.0,0.0009960159659385681,0.0009960159659385681,0.9960158467292786,0.0009960159659385681,0.0009960159659385681
325,2.3969458396294945,4.793891679258989,-0.008838663316157078,0.0009960159659385681,4.5234375,0.0078125,-0.0078125,6.457509583036881,-9148.22970094829,0.03151305019855499,3.6864074567953744,-0.005193570133997127,0.0,0.0,0.0009960159659385681,0.0009960159659385681,0.9960158467292786,0.0009960159659385681,0.0009960159659385681
326,2.3964857858351936,4.792971571670387,-0.008154285393671907,0.0009960159659385681,4.78125,0.828125,-0.828125,6.8737419589888304,-10930.653239642872,0.03151305019855499,3.796418925126394,-0.005531139225543787,0.0,0.0,0.0009960159659385681,0.0009960159659385681,0.9960158467292786,0.0009960159659385681,0.0009960159659385681
327,2.396131733216359,4.792263466432718,-0.007053994287414099,0.0009960159659385681,4.703125,-0.1171875,0.1171875,6.763542875007261,-8515.191935884595,0.03151305019855499,3.790846347808838,-0.004975312486446152,0.0,0.0,0.0009960159659385681,0.0009960159659385681,0.9960158467292786,0.0009960159659385681,0.0009960159659385681
328,2.3957809197438866,4.791561839487773,-0.009947320687645131,0.0009960159659385681,4.625,0.546875,-0.546875,6.597274959029164,-7244.051397323608,0.03151305019855499,3.7126346230506897,-0.004751435636232297,0.0,0.0,0.0009960159659385681,0.0009960159659385681,0.9960158467292786,0.0009960159659385681,0.0009960159659385681
329,2.3955058844883066,4.791011768976613,-0.008603791468530455,0.0009960159659385681,4.671875,0.390625,-0.390625,6.668607707950287,-7899.874140302473,0.03151305019855499,3.8621942599614463,-0.005292363241702939,0.0,0.0,0.0009960159659385681,0.0009960159659385681,0.9960158467292786,0.0009960159659385681,0.0009960159659385681
330,2.3952865338308253,4.790573067661651,-0.015508488938986867,0.0009960159659385681,4.78125,0.484375,-0.484375,6.829943332995754,-9050.255489124971,0.03151305019855499,3.8052225907643638,-0.005224134540185332,0.0,0.0,0.0009960159659385681,0.0009960159659385681,0.9960158467292786,0.0009960159659385681,0.0009960159659385681
331,2.395036297501322,4.790072595002644,-0.005876736315221517,0.0009960159659385681,4.8125,-0.0546875,0.0546875,6.846191499964334,-9068.103343393896,0.03151305019855499,3.792909880479177,-0.0047385408252011985,0.0,0.0,0.0009960159659385681,0.0009960159659385681,0.9960158467292786,0.0009960159659385681,0.0009960159659385681
332,2.394703322902415,4.78940664580483,-0.00817836115337275,0.0009960159659385681,4.5390625,-0.0234375,0.0234375,6.528494042053353,-9145.829758215688,0.03151305019855499,3.7680723567803702,-0.005011101049603894,0.0,0.0,0.0009960159659385681,0.0009960159659385681,0.9960158467292786,0.0009960159659385681,0.0009960159659385681
333,2.3944589341397933,4.7889178682795865,-0.008394894964398486,0.0009960159659385681,4.671875,-0.7578125,0.7578125,7.190840457973536,-9695.189606542173,0.03151305019855499,3.7931995391845703,-0.005155715111565466,0.0,0.0,0.0009960159659385681,0.0009960159659385681,0.9960158467292786,0.0009960159659385681,0.0009960159659385681
334,2.3941086456095517,4.7882172912191034,-0.014246821213465748,0.0009960159659385681,4.7421875,-0.6015625,0.6015625,6.810114833991975,-9643.8256386218,0.03151305019855499,3.8023153642813363,-0.005272532531913991,0.0,0.0,0.0009960159659385681,0.0009960159659385681,0.9960158467292786,0.0009960159659385681,0.0009960159659385681
335,2.3939456878868155,4.787891375773631,-0.012593761793536043,0.0009960159659385681,4.8984375,0.4375,-0.4375,7.215055459004361,-7220.79478663881,0.03151305019855499,3.8076990048090615,-0.0051602655633663135,0.0,0.0,0.0009960159659385681,0.0009960159659385681,0.9960158467292786,0.0009960159659385681,0.0009960159659385681
336,2.393754980544052,4.787509961088104,-0.006468711344865847,0.0009960159659385681,4.7890625,0.125,-0.125,7.124419709027279,-8920.591273496046,0.03151305019855499,3.821421802043915,-0.005431924742879346,0.0,0.0,0.0009960159659385681,0.0009960159659385681,0.9960158467292786,0.0009960159659385681,0.0009960159659385681
337,2.3935178459207043,4.7870356918414085,-0.01427468476947734,0.0009960159659385681,4.6640625,-0.1640625,0.1640625,6.999687958974391,-9943.283023086624,0.03151305019855499,3.8376603722572327,-0.005442386415476601,0.0,0.0,0.0009960159659385681,0.0009960159659385681,0.9960158467292786,0.0009960159659385681,0.0009960159659385681
338,2.3934723682869503,4.786944736573901,-0.006451789662056075,0.0009960159659385681,4.5859375,-0.1953125,0.1953125,6.607884791970719,-8987.123814896384,0.03151305019855499,3.8599773943424225,-0.005459606870620822,0.0,0.0,0.0009960159659385681,0.0009960159659385681,0.9960158467292786,0.0009960159659385681,0.0009960159659385681
339,2.3933156579831993,4.786631315966399,-0.011014247639088173,0.0009960159659385681,4.609375,0.3828125,-0.3828125,6.770253208000213,-9707.617729005975,0.03151305019855499,3.783304284016291,-0.004842405760427937,0.0,0.0,0.0009960159659385681,0.0009960159659385681,0.9960158467292786,0.0009960159659385681,0.0009960159659385681
340,2.393142262497128,4.786284524994256,-0.007929971444639404,0.0009960159659385681,4.7734375,0.3671875,-0.3671875,6.993835000030231,-10267.463459133516,0.03151305019855499,3.8105240066846213,-0.005187501801022639,0.0,0.0,0.0009960159659385681,0.0009960159659385681,0.9960158467292786,0.0009960159659385681,0.0009960159659385681
341,2.393143625440383,4.786287250880766,-0.013836759980222582,0.0009960159659385681,4.8515625,-0.6875,0.6875,7.227303875028156,-7283.440290441836,0.03151305019855499,3.839826305707296,-0.005554756285467495,0.0,0.0,0.0009960159659385681,0.0009960159659385681,0.9960158467292786,0.0009960159659385681,0.0009960159659385681
342,2.3930731501105065,4.786146300221013,-0.01149291954451863,0.0009960159659385681,4.6953125,-0.078125,0.078125,6.645538375014439,-8964.638738140291,0.03151305019855499,3.8677901724974313,-0.005412039773849149,0.0,0.0,0.0009960159659385681,0.0009960159659385681,0.9960158467292786,0.0009960159659385681,0.0009960159659385681
343,2.3930851258022674,4.786170251604535,-0.01650327596433015,0.0009960159659385681,4.6875,-0.6875,0.6875,6.717767207999714,-9702.486755663555,0.03151305019855499,3.826181878646215,-0.005287953943479806,0.0,0.0,0.0009960159659385681,0.0009960159659385681,0.9960158467292786,0.0009960159659385681,0.0009960159659385681
344,2.3931738066326256,4.786347613265251,-0.0140779442875656,0.0009960159659385681,4.9140625,-0.2890625,0.2890625,7.4692221250152215,-10587.87692571255,0.03151305019855499,3.7793257931868234,-0.005134791572345421,0.0,0.0,0.0009960159659385681,0.0009960159659385681,0.9960158467292786,0.0009960159659385681,0.0009960159659385681
345,2.3931624527734274,4.786324905546855,-0.013391875231518878,0.0009960159659385681,4.4921875,-0.1953125,0.1953125,6.479354000010062,-13939.456714955206,0.03151305019855499,3.85557355483373,-0.00606332765892148,0.0,0.0,0.0009960159659385681,0.0009960159659385681,0.9960158467292786,0.0009960159659385681,0.0009960159659385681
346,2.3931941883048333,4.786388376609667,-0.00952956493198876,0.0009960159659385681,4.5546875,-0.203125,0.203125,6.493127082998399,-10112.962492640187,0.03151305019855499,3.8938474456469216,-0.006043408318267514,0.0,0.0,0.0009960159659385681,0.0009960159659385681,0.9960158467292786,0.0009960159659385681,0.0009960159659385681
347,2.3931078986292222,4.7862157972584445,-0.011095170269524205,0.0009960159659385681,4.84375,-0.3359375,0.3359375,6.8317832089960575,-10507.364207975326,0.03151305019855499,4.008742292722066,-0.006053177562231819,0.0,0.0,0.0009960159659385681,0.0009960159659385681,0.9960158467292786,0.0009960159659385681,0.0009960159659385681
348,2.3930694923098867,4.7861389846197735,-0.0057665164672169094,0.0009960159659385681,5.1484375,0.4609375,-0.4609375,7.368063041009009,-9286.94129290892,0.03151305019855499,3.96476940313975,-0.005827103392221034,0.0,0.0,0.0009960159659385681,0.0009960159659385681,0.9960158467292786,0.0009960159659385681,0.0009960159659385681
349,2.3931944907851093,4.7863889815702185,-0.012005602320667719,0.0009960159659385681,4.8515625,0.625,-0.625,6.9303202500450425,-8369.522708370681,0.03151305019855499,3.847775419553121,-0.00536562343283246,0.0,0.0,0.0009960159659385681,0.0009960159659385681,0.9960158467292786,0.0009960159659385681,0.0009960159659385681
350,2.393385404742363,4.786770809484726,-0.008910909558829942,0.0009960159659385681,4.8828125,0.15625,-0.15625,6.907389083004091,-9664.413140917968,0.03151305019855499,3.9380674759546914,-0.006116142147220671,0.0,0.0,0.0009960159659385681,0.0009960159659385681,0.9960158467292786,0.0009960159659385681,0.0009960159659385681
351,2.393531117134487,4.787062234268974,-0.010056849648020682,0.0009960159659385681,4.8046875,-0.0625,0.0625,6.81438141601393,-10756.45367704562,0.03151305019855499,3.8571040630340576,-0.00571757498740529,0.0,0.0,0.0009960159659385681,0.0009960159659385681,0.9960158467292786,0.0009960159659385681,0.0009960159659385681
352,2.393694226341306,4.787388452682612,-0.014456223623389879,0.0009960159659385681,4.6875,0.5859375,-0.5859375,6.675655750033911,-11727.286775665283,0.03151305019855499,3.907755513985952,-0.005570408034448822,0.0,0.0,0.0009960159659385681,0.0009960159659385681,0.9960158467292786,0.0009960159659385681,0.0009960159659385681
353,2.394116923595429,4.788233847190858,-0.0075470381717244765,0.0009960159659385681,4.8203125,0.375,-0.375,6.828449499967974,-10601.499076855627,0.03151305019855499,3.815811147292455,-0.0055248248390853405,0.0,0.0,0.0009960159659385681,0.0009960159659385681,0.9960158467292786,0.0009960159659385681,0.0009960159659385681
354,2.394345235675364,4.788690471350728,-0.017605011578865907,0.0009960159659385681,4.8671875,-0.0390625,0.0390625,6.904626375006046,-10518.435471658722,0.03151305019855499,3.851035475730896,-0.00551468520037209,0.0,0.0,0.0009960159659385681,0.0009960159659385681,0.9960158467292786,0.0009960159659385681,0.0009960159659385681
355,2.394542086534833,4.789084173069666,-0.01689867032559643,0.0009960159659385681,4.796875,-0.203125,0.203125,6.847524791955948,-8677.685385464845,0.03151305019855499,4.008715927600861,-0.006595787514622013,0.0,0.0,0.0009960159659385681,0.0009960159659385681,0.9960158467292786,0.0009960159659385681,0.0009960159659385681
356,2.394736447739766,4.789472895479532,-0.01843898928211923,0.0009960159659385681,4.703125,-0.2109375,0.2109375,6.714842541026883,-12695.368015403368,0.03151305019855499,4.097818851470947,-0.006865518109407276,0.0,0.0,0.0009960159659385681,0.0009960159659385681,0.9960158467292786,0.0009960159659385681,0.0009960159659385681
357,2.3949608986837214,4.789921797367443,-0.0068799844134569445,0.0009960159659385681,4.6953125,-0.4296875,0.4296875,6.723925750004128,-9687.8018616789,0.03151305019855499,4.013666053613027,-0.006068894115742296,0.0,0.0,0.0009960159659385681,0.0009960159659385681,0.9960158467292786,0.0009960159659385681,0.0009960159659385681
358,2.3951546612761847,4.790309322552369,-0.005360349079537205,0.0009960159659385681,4.71875,-1.1640625,1.1640625,6.7013678749790415,-12766.734536000435,0.03151305019855499,3.938584844271342,-0.0061812254328591125,0.0,0.0,0.0009960159659385681,0.0009960159659385681,0.9960158467292786,0.0009960159659385681,0.0009960159659385681
359,2.3952899540473274,4.790579908094655,-0.01636718524583096,0.0009960159659385681,4.8515625,0.421875,-0.421875,6.949451207998209,-8367.114192354506,0.03151305019855499,3.9249725143114724,-0.005917301110457629,0.0,0.0,0.0009960159659385681,0.0009960159659385681,0.9960158467292786,0.0009960159659385681,0.0009960159659385681
360,2.395509909747863,4.791019819495726,-0.008285764573568112,0.0009960159659385681,4.796875,0.234375,-0.234375,6.897256875003222,-11460.20996491373,0.03151305019855499,3.937798003355662,-0.006273985471731673,0.0,0.0,0.0009960159659385681,0.0009960159659385681,0.9960158467292786,0.0009960159659385681,0.0009960159659385681
361,2.395796655512707,4.791593311025414,-0.012111335544926426,0.0009960159659385681,4.84375,0.2265625,-0.2265625,6.856113540998194,-12409.245598676127,0.03151305019855499,3.9917410016059875,-0.006210928443276013,0.0,0.0,0.0009960159659385681,0.0009960159659385681,0.9960158467292786,0.0009960159659385681,0.0009960159659385681
362,2.3960701876145523,4.7921403752291045,-0.007449553615577702,0.0009960159659385681,4.7578125,0.015625,-0.015625,6.81465620797826,-11265.28040527945,0.03151305019855499,4.017080326875051,-0.0066078165352034075,0.0,0.0,0.0009960159659385681,0.0009960159659385681,0.9960158467292786,0.0009960159659385681,0.0009960159659385681
363,2.3964409926429755,4.792881985285951,-0.006746422315301775,0.0009960159659385681,4.625,-0.2578125,0.2578125,6.618447124958038,-10049.951760317828,0.03151305019855499,3.998932937781016,-0.006237533816602081,0.0,0.0,0.0009960159659385681,0.0009960159659385681,0.9960158467292786,0.0009960159659385681,0.0009960159659385681
364,2.3969902295228467,4.793980459045693,-0.008962782912753464,0.0009960159659385681,4.6875,-0.1484375,0.1484375,6.697509874997195,-7832.072397282918,0.03151305019855499,4.008303980032603,-0.006138143905748923,0.0,0.0,0.0009960159659385681,0.0009960159659385681,0.9960158467292786,0.0009960159659385681,0.0009960159659385681
365,2.397419992994777,4.794839985989554,-0.010209389500253185,0.0009960159659385681,4.796875,-0.2109375,0.2109375,6.872595708991867,-11930.245160453871,0.03151305019855499,4.031951328118642,-0.006788648451523234,0.0,0.0,0.0009960159659385681,0.0009960159659385681,0.9960158467292786,0.0009960159659385681,0.0009960159659385681
366,2.3977894060220226,4.795578812044045,-0.009510694518479112,0.0009960159659385681,4.890625,0.203125,-0.203125,6.9034266250091605,-12435.3775293271,0.03151305019855499,4.066896637280782,-0.006719187775161117,0.0,0.0,0.0009960159659385681,0.0009960159659385681,0.9960158467292786,0.0009960159659385681,0.0009960159659385681
367,2.398065345039405,4.79613069007881,-0.014342588614599873,0.0009960159659385681,4.703125,-0.53125,0.53125,6.723704708972946,-12839.294279409009,0.03151305019855499,4.074350655078888,-0.006226327396385993,0.0,0.0,0.0009960159659385681,0.0009960159659385681,0.9960158467292786,0.0009960159659385681,0.0009960159659385681
368,2.3985253726347135,4.797050745269427,-0.011611559919523411,0.0009960159659385681,4.84375,-0.3828125,0.3828125,6.898965917003807,-11585.59861282841,0.03151305019855499,4.09634863336881,-0.006690183858154342,0.0,0.0,0.0009960159659385681,0.0009960159659385681,0.9960158467292786,0.0009960159659385681,0.0009960159659385681
369,2.3989418787255223,4.797883757451045,-0.01548483410308728,0.0009960159659385681,4.6796875,0.2890625,-0.2890625,6.714562500012107,-10789.247523057838,0.03151305019855499,4.049034814039866,-0.006455909276458745,0.0,0.0,0.0009960159659385681,0.0009960159659385681,0.9960158467292786,0.0009960159659385681,0.0009960159659385681
370,2.399432054102256,4.798864108204512,-0.007604460555883618,0.0009960159659385681,4.6953125,-0.2890625,0.2890625,6.728675667021889,-8934.380480977343,0.03151305019855499,4.082223325967789,-0.006602589933512111,0.0,0.0,0.0009960159659385681,0.0009960159659385681,0.9960158467292786,0.0009960159659385681,0.0009960159659385681
371,2.399949201902483,4.799898403804966,-0.009666544480828676,0.0009960159659385681,4.7109375,0.25,-0.25,6.75659204198746,-13133.169852489264,0.03151305019855499,4.14924168586731,-0.006911897973623127,0.0,0.0,0.0009960159659385681,0.0009960159659385681,0.9960158467292786,0.0009960159659385681,0.0009960159659385681
372,2.40063030155308,4.80126060310616,-0.009862059151432477,0.0009960159659385681,4.6484375,0.4140625,-0.4140625,6.72013616701588,-14511.74216580431,0.03151305019855499,4.119210998217265,-0.006944295271144559,0.0,0.0,0.0009960159659385681,0.0009960159659385681,0.9960158467292786,0.0009960159659385681,0.0009960159659385681
373,2.4012296735356546,4.802459347071309,-0.005087672492124443,0.0009960159659385681,4.765625,0.890625,-0.890625,6.914170250005554,-15291.590042939733,0.03151305019855499,4.15749317407608,-0.007043376759005089,0.0,0.0,0.0009960159659385681,0.0009960159659385681,0.9960158467292786,0.0009960159659385681,0.0009960159659385681
374,2.401800536499252,4.803601072998504,-0.010337750566522027,0.0009960159659385681,4.8828125,-0.5234375,0.5234375,6.912753749988042,-12971.100067041016,0.03151305019855499,4.3051572640736895,-0.007693829693986724,0.0,0.0,0.0009960159659385681,0.0009960159659385681,0.9960158467292786,0.0009960159659385681,0.0009960159659385681
375,2.4023943793217493,4.8047887586434985,-0.01315874244471737,0.0009960159659385681,4.84375,0.4453125,-0.4453125,6.86984958301764,-11816.219669932703,0.03151305019855499,4.1750693917274475,-0.007128228860286375,0.0,0.0,0.0009960159659385681,0.0009960159659385681,0.9960158467292786,0.0009960159659385681,0.0009960159659385681
376,2.4030316652810155,4.806063330562031,-0.013399437467562465,0.0009960159659385681,4.8125,1.46875,-1.46875,6.833394124987535,-8662.762187115557,0.03151305019855499,3.9902138908704123,-0.006456291089610507,0.0,0.0,0.0009960159659385681,0.0009960159659385681,0.9960158467292786,0.0009960159659385681,0.0009960159659385681
377,2.403765402031519,4.807530804063038,-0.013631352187112313,0.0009960159659385681,4.7109375,-0.7265625,0.7265625,6.753887375001796,-12173.238595915078,0.03151305019855499,4.002534339825313,-0.0065122392649451894,0.0,0.0,0.0009960159659385681,0.0009960159659385681,0.9960158467292786,0.0009960159659385681,0.0009960159659385681
378,2.4042840921913875,4.808568184382775,-0.006888112921303,0.0009960159659385681,4.734375,0.5859375,-0.5859375,6.8114664170425385,-17987.82041681875,0.03151305019855499,4.003241231044133,-0.006794587689607094,0.0,0.0,0.0009960159659385681,0.0009960159659385681,0.9960158467292786,0.0009960159659385681,0.0009960159659385681
379,2.4048218364141523,4.8096436728283045,-0.015839160349493942,0.0009960159659385681,5,-0.9921875,0.9921875,7.0515362080186605,-15299.637280082703,0.03151305019855499,4.1067001322905226,-0.0070253478770609945,0.0,0.0,0.0009960159659385681,0.0009960159659385681,0.9960158467292786,0.0009960159659385681,0.0009960159659385681
380,2.4053328151464686,4.810665630292937,-0.011398640649321947,0.0009960159659385681,4.9140625,-0.5703125,0.5703125,7.018579416966531,-12435.256184806884,0.03151305019855499,4.149541894594829,-0.006954179630459596,0.0,0.0,0.0009960159659385681,0.0009960159659385681,0.9960158467292786,0.0009960159659385681,0.0009960159659385681
381,2.40594260882672,4.81188521765344,-0.009871956047642275,0.0009960159659385681,4.9453125,0.015625,-0.015625,7.046346999995876,-11169.559789576237,0.03151305019855499,4.1822053988774615,-0.007189616231092562,0.0,0.0,0.0009960159659385681,0.0009960159659385681,0.9960158467292786,0.0009960159659385681,0.0009960159659385681
382,2.406496104253886,4.812992208507772,-0.02085138503101965,0.0009960159659385681,4.78125,0.34375,-0.34375,6.804518749995623,-13836.607930601032,0.03151305019855499,4.1605053544044495,-0.007488468584294121,0.0,0.0,0.0009960159659385681,0.0009960159659385681,0.9960158467292786,0.0009960159659385681,0.0009960159659385681
383,2.4071732951643314,4.814346590328663,-0.013509538772359685,0.0009960159659385681,4.7109375,1.0234375,-1.0234375,6.673859125003219,-14636.307212487975,0.03151305019855499,4.136649409929912,-0.007002156615878145,0.0,0.0,0.0009960159659385681,0.0009960159659385681,0.9960158467292786,0.0009960159659385681,0.0009960159659385681
384,2.4079491822662824,4.815898364532565,-0.007013976735995467,0.0009960159659385681,4.84375,0.171875,-0.171875,6.920632291992661,-14620.369324222687,0.03151305019855499,4.1151578823725385,-0.00712253779056482,0.0,0.0,0.0009960159659385681,0.0009960159659385681,0.9960158467292786,0.0009960159659385681,0.0009960159659385681
385,2.4086821871130586,4.817364374226117,-0.010388308413217322,0.0009960159659385681,4.796875,-0.4453125,0.4453125,6.826826250005979,-14639.95152369695,0.03151305019855499,4.08597989877065,-0.0069663702937153476,0.0,0.0,0.0009960159659385681,0.0009960159659385681,0.9960158467292786,0.0009960159659385681,0.0009960159659385681
386,2.4093687479299137,4.8187374958598275,-0.012072789961185134,0.0009960159659385681,4.546875,-0.21875,0.21875,6.470875624974724,-13164.236016552064,0.03151305019855499,4.01896607875824,-0.006780781220489492,0.0,0.0,0.0009960159659385681,0.0009960159659385681,0.9960158467292786,0.0009960159659385681,0.0009960159659385681
387,2.4100213918706173,4.8200427837412345,-0.015120802998192143,0.0009960159659385681,4.8359375,0.0,0.0,6.891728707996663,-14768.428068860474,0.03151305019855499,4.070709566275279,-0.006804864096920937,0.0,0.0,0.0009960159659385681,0.0009960159659385681,0.9960158467292786,0.0009960159659385681,0.0009960159659385681
388,2.4105992896375543,4.821198579275109,-0.010649332083528803,0.0009960159659385681,4.7265625,0.0234375,-0.0234375,6.700599750038236,-11162.848354951213,0.03151305019855499,4.156684915224711,-0.007165908270205061,0.0,0.0,0.0009960159659385681,0.0009960159659385681,0.9960158467292786,0.0009960159659385681,0.0009960159659385681
389,2.411117546999752,4.822235093999504,-0.012332307964598003,0.0009960159659385681,4.6484375,-0.2890625,0.2890625,6.60344974999316,-15336.955435642274,0.03151305019855499,4.257731268803279,-0.007939262684279432,0.0,0.0,0.0009960159659385681,0.0009960159659385681,0.9960158467292786,0.0009960159659385681,0.0009960159659385681
390,2.4116517471041234,4.823303494208247,-0.011071207944481326,0.0009960159659385681,4.875,0.5546875,-0.5546875,7.002957666001748,-14791.9472736701,0.03151305019855499,4.212749083836873,-0.007963218144141138,0.0,0.0,0.0009960159659385681,0.0009960159659385681,0.9960158467292786,0.0009960159659385681,0.0009960159659385681
391,2.4123965168236268,4.8247930336472535,-0.016039405377706515,0.0009960159659385681,4.7734375,0.078125,-0.078125,6.835947374987882,-16003.210401394559,0.03151305019855499,4.294212689002355,-0.008246811979915947,0.0,0.0,0.0009960159659385681,0.0009960159659385681,0.9960158467292786,0.0009960159659385681,0.0009960159659385681
392,2.4131277554172703,4.826255510834541,-0.01037170345832991,0.0009960159659385681,4.8359375,-0.296875,0.296875,6.935368834005203,-13131.792769375063,0.03151305019855499,4.175746182600657,-0.007624354329891503,0.0,0.0,0.0009960159659385681,0.0009960159659385681,0.9960158467292786,0.0009960159659385681,0.0009960159659385681
393,2.4139105497906956,4.827821099581391,-0.014242068233467412,0.0009960159659385681,4.6796875,-0.1875,0.1875,6.716243667004164,-16399.428646004857,0.03151305019855499,4.143377164999644,-0.007335070540041973,0.0,0.0,0.0009960159659385681,0.0009960159659385681,0.9960158467292786,0.0009960159659385681,0.0009960159659385681
394,2.4146638403080756,4.829327680616151,-0.00748175345799671,0.0009960159659385681,4.7890625,0.4765625,-0.4765625,6.851440166996326,-12154.060405712533,0.03151305019855499,4.238304316997528,-0.008074390236288309,0.0,0.0,0.0009960159659385681,0.0009960159659385681,0.9960158467292786,0.0009960159659385681,0.0009960159659385681
395,2.415352957949298,4.830705915898596,-0.009376104862207104,0.0009960159659385681,4.921875,0.1484375,-0.1484375,6.946156874997541,-14711.609620448522,0.03151305019855499,4.322320441404979,-0.007877904708342006,0.0,0.0,0.0009960159659385681,0.0009960159659385681,0.9960158467292786,0.0009960159659385681,0.0009960159659385681
396,2.416006851547181,4.832013703094362,-0.008075738250443767,0.0009960159659385681,4.71875,-0.4921875,0.4921875,6.701632124953903,-16372.43943218206,0.03151305019855499,4.404253562291463,-0.008626340830232948,0.0,0.0,0.0009960159659385681,0.0009960159659385681,0.9960158467292786,0.0009960159659385681,0.0009960159659385681
397,2.4166651530241867,4.833330306048373,-0.0073211250820602895,0.0009960159659385681,4.875,-0.3125,0.3125,6.850365666963626,-15145.201967117115,0.03151305019855499,4.373365769783656,-0.00788992140830184,0.0,0.0,0.0009960159659385681,0.0009960159659385681,0.9960158467292786,0.0009960159659385681,0.0009960159659385681
398,2.41735173715697,4.83470347431394,-0.011096736487714033,0.0009960159659385681,4.6875,0.109375,-0.109375,6.686388000031002,-11868.18744295756,0.03151305019855499,4.370487729708354,-0.008358448326665288,0.0,0.0,0.0009960159659385681,0.0009960159659385681,0.9960158467292786,0.0009960159659385681,0.0009960159659385681
399,2.4180566858032124,4.836113371606425,-0.012445756219784295,0.0009960159659385681,4.734375,-0.4296875,0.4296875,6.7531240419484675,-14448.16725178835,0.03151305019855499,4.251218428214391,-0.0076255703655381995,0.0,0.0,0.0009960159659385681,0.0009960159659385681,0.9960158467292786,0.0009960159659385681,0.0009960159659385681
400,2.418666497635581,4.837332995271162,-0.0026168374619468964,0.0009960159659385681,4.5703125,0.7890625,-0.7890625,6.574261584028136,-11337.536969880975,0.03151305019855499,4.27323579788208,-0.007937705047273388,0.0,0.0,0.0009960159659385681,0.0009960159659385681,0.9960158467292786,0.0009960159659385681,0.0009960159659385681
401,2.4194125833281768,4.8388251666563535,-0.0113964646017524,0.0009960159659385681,5.0546875,0.3046875,-0.3046875,7.111855124996509,-13253.717230276494,0.03151305019855499,4.347576220830281,-0.008406413874278465,0.0,0.0,0.0009960159659385681,0.0009960159659385681,0.9960158467292786,0.0009960159659385681,0.0009960159659385681
402,2.4201654744822934,4.840330948964587,-0.007883260440862976,0.0009960159659385681,4.8828125,0.671875,-0.671875,6.9609127920120955,-13203.421439038086,0.03151305019855499,4.305777708689372,-0.008267897840899726,0.0,0.0,0.0009960159659385681,0.0009960159659385681,0.9960158467292786,0.0009960159659385681,0.0009960159659385681
403,2.4207473403680924,4.841494680736185,-0.009317909775773762,0.0009960159659385681,4.8125,-0.7734375,0.7734375,6.887062041962054,-10830.35275607914,0.03151305019855499,4.31799191236496,-0.008152167254593223,0.0,0.0,0.0009960159659385681,0.0009960159659385681,0.9960158467292786,0.0009960159659385681,0.0009960159659385681
404,2.4212525978427752,4.8425051956855505,-0.016454378084278107,0.0009960159659385681,4.8515625,-0.0859375,0.0859375,6.818247249990236,-14022.040881318171,0.03151305019855499,4.444405357042949,-0.008706360841946056,0.0,0.0,0.0009960159659385681,0.0009960159659385681,0.9960158467292786,0.0009960159659385681,0.0009960159659385681
405,2.4216842499240414,4.843368499848083,-0.012375994262427926,0.0009960159659385681,4.8671875,0.734375,-0.734375,6.880992916994728,-13322.597097724438,0.03151305019855499,4.565097113450368,-0.009253469800266126,0.0,0.0,0.0009960159659385681,0.0009960159659385681,0.9960158467292786,0.0009960159659385681,0.0009960159659385681
406,2.422122382372275,4.84424476474455,-0.014329512585627905,0.0009960159659385681,4.9375,-0.2421875,0.2421875,7.030142584000714,-16750.827219516417,0.03151305019855499,4.423801124095917,-0.008022124607426425,0.0,0.0,0.0009960159659385681,0.0009960159659385681,0.9960158467292786,0.0009960159659385681,0.0009960159659385681
407,2.4226371457941998,4.8452742915883995,-0.01263057371225965,0.0009960159659385681,4.984375,0.2890625,-0.2890625,7.002837833017111,-11561.578507617724,0.03151305019855499,4.345508684714635,-0.008095834860190129,0.0,0.0,0.0009960159659385681,0.0009960159659385681,0.9960158467292786,0.0009960159659385681,0.0009960159659385681
408,2.423161851700801,4.846323703401602,-0.01409364598555073,0.0009960159659385681,4.7109375,0.0703125,-0.0703125,6.610548249969725,-14174.959487358334,0.03151305019855499,4.336675057808558,-0.008382820504872749,0.0,0.0,0.0009960159659385681,0.0009960159659385681,0.9960158467292786,0.0009960159659385681,0.0009960159659385681
409,2.423604012645562,4.847208025291124,-0.008962690626645438,0.0009960159659385681,4.6796875,0.375,-0.375,6.6820295409997925,-16024.984548272592,0.03151305019855499,4.447128057479858,-0.008599572097106526,0.0,0.0,0.0009960159659385681,0.0009960159659385681,0.9960158467292786,0.0009960159659385681,0.0009960159659385681
410,2.4241513465341242,4.8483026930682485,-0.013868778424329114,0.0009960159659385681,4.7109375,0.421875,-0.421875,6.686549875012133,-15947.930080053226,0.03151305019855499,4.382296681404114,-0.008139069793590656,0.0,0.0,0.0009960159659385681,0.0009960159659385681,0.9960158467292786,0.0009960159659385681,0.0009960159659385681
411,2.4247402128258146,4.849480425651629,-0.02199988369000935,0.0009960159659385681,4.9921875,0.1640625,-0.1640625,7.017508541990537,-17777.833211382418,0.03151305019855499,4.43617304166158,-0.008635913797964653,0.0,0.0,0.0009960159659385681,0.0009960159659385681,0.9960158467292786,0.0009960159659385681,0.0009960159659385681
412,2.42519724954598,4.85039449909196,-0.011416425928711749,0.0009960159659385681,4.7734375,-0.4609375,0.4609375,6.828141500009224,-12857.258831017927,0.03151305019855499,4.394581615924835,-0.008331304105619589,0.0,0.0,0.0009960159659385681,0.0009960159659385681,0.9960158467292786,0.0009960159659385681,0.0009960159659385681
413,2.425553216355053,4.851106432710106,-0.015227460221117532,0.0009960159659385681,4.8984375,0.25,-0.25,7.078249374986626,-13466.824257128166,0.03151305019855499,4.372223575909932,-0.00848572097796326,0.0,0.0,0.0009960159659385681,0.0009960159659385681,0.9960158467292786,0.0009960159659385681,0.0009960159659385681
414,2.4259580804507253,4.8519161609014505,-0.01621246317553477,0.0009960159659385681,4.9375,0.8203125,-0.8203125,6.948177416983526,-10179.502460866035,0.03151305019855499,4.392483115196228,-0.008764744852669537,0.0,0.0,0.0009960159659385681,0.0009960159659385681,0.9960158467292786,0.0009960159659385681,0.0009960159659385681
415,2.426483156671976,4.852966313343952,-0.020154366177135025,0.0009960159659385681,5.0703125,1.375,-1.375,7.211956250015646,-18895.611338752078,0.03151305019855499,4.508742133776347,-0.009332383012709519,0.0,0.0,0.0009960159659385681,0.0009960159659385681,0.9960158467292786,0.0009960159659385681,0.0009960159659385681
416,2.426868278435469,4.853736556870938,-0.0064536779746155945,0.0009960159659385681,4.953125,-0.1953125,0.1953125,7.003120290988591,-23256.298403959547,0.03151305019855499,4.542776624361674,-0.008800857215343664,0.0,0.0,0.0009960159659385681,0.0009960159659385681,0.9960158467292786,0.0009960159659385681,0.0009960159659385681
417,2.4272558876467647,4.854511775293529,-0.016357361884550895,0.0009960159659385681,4.8515625,0.9453125,-0.9453125,6.830563666997477,-23881.115382343483,0.03151305019855499,4.503566483656566,-0.00875679071759805,0.0,0.0,0.0009960159659385681,0.0009960159659385681,0.9960158467292786,0.0009960159659385681,0.0009960159659385681
418,2.4275953725328603,4.855190745065721,-0.011808728326410263,0.0009960159659385681,4.8125,-0.0703125,0.0703125,6.8493149999994785,-19570.78397532872,0.03151305019855499,4.594966351985931,-0.009578910927909115,0.0,0.0,0.0009960159659385681,0.0009960159659385681,0.9960158467292786,0.0009960159659385681,0.0009960159659385681
419,2.4280125696376276,4.856025139275255,-0.012141249832118856,0.0009960159659385681,5.0234375,0.1875,-0.1875,7.153008249995764,-14250.699852547416,0.03151305019855499,4.482699294884999,-0.008676078034720073,0.0,0.0,0.0009960159659385681,0.0009960159659385681,0.9960158467292786,0.0009960159659385681,0.0009960159659385681
420,2.428494178487253,4.856988356974506,-0.01222182340906286,0.0009960159659385681,4.90625,-0.0078125,0.0078125,6.989501957956236,-7766.663880900972,0.03151305019855499,4.5097736120224,-0.009114235212715963,0.0,0.0,0.0009960159659385681,0.0009960159659385681,0.9960158467292786,0.0009960159659385681,0.0009960159659385681
421,2.4291500970791042,4.8583001941582085,-0.013768481710064522,0.0009960159659385681,4.96875,0.0703125,-0.0703125,7.051525332964957,-19559.13008707874,0.03151305019855499,4.42011159658432,-0.008655553101561964,0.0,0.0,0.0009960159659385681,0.0009960159659385681,0.9960158467292786,0.0009960159659385681,0.0009960159659385681
422,2.4297593391733567,4.8595186783467135,-0.011966743453246845,0.0009960159659385681,4.8671875,-0.59375,0.59375,6.960234250000212,-16614.279991921416,0.03151305019855499,4.309358616669972,-0.00808224241094043,0.0,0.0,0.0009960159659385681,0.0009960159659385681,0.9960158467292786,0.0009960159659385681,0.0009960159659385681
423,2.4304078256574035,4.860815651314807,-0.010370416062054128,0.0009960159659385681,4.703125,-0.453125,0.453125,6.650737708027009,-17097.196394758765,0.03151305019855499,4.384155968825023,-0.008730693565060696,0.0,0.0,0.0009960159659385681,0.0009960159659385681,0.9960158467292786,0.0009960159659385681,0.0009960159659385681
424,2.4311433436299352,4.8622866872598705,-0.01362584839925898,0.0009960159659385681,4.8828125,0.3671875,-0.3671875,6.960602957988158,-16652.0963378418,0.03151305019855499,4.474070231119792,-0.008911085431464016,0.0,0.0,0.0009960159659385681,0.0009960159659385681,0.9960158467292786,0.0009960159659385681,0.0009960159659385681
425,2.431996409755671,4.863992819511342,-0.007442438726627469,0.0009960159659385681,4.7265625,-0.4453125,0.4453125,6.695233999984339,-14647.062099236102,0.03151305019855499,4.572285930315654,-0.009541141936400285,0.0,0.0,0.0009960159659385681,0.0009960159659385681,0.9960158467292786,0.0009960159659385681,0.0009960159659385681
426,2.4327028774270847,4.865405754854169,-0.010588034139632399,0.0009960159659385681,4.84375,0.015625,-0.015625,6.861565958010033,-12993.336210927655,0.03151305019855499,4.443768819173177,-0.008829574352906397,0.0,0.0,0.0009960159659385681,0.0009960159659385681,0.9960158467292786,0.0009960159659385681,0.0009960159659385681
427,2.4333302575123517,4.866660515024703,-0.012669073307983695,0.0009960159659385681,4.9765625,0.4375,-0.4375,7.019907208974473,-17055.618650619053,0.03151305019855499,4.546579877535502,-0.009077363628117988,0.0,0.0,0.0009960159659385681,0.0009960159659385681,0.9960158467292786,0.0009960159659385681,0.0009960159659385681
428,2.43392536579519,4.86785073159038,-0.008355324228571765,0.0009960159659385681,5.046875,-0.390625,0.390625,7.191645207989495,-10513.882180842822,0.03151305019855499,4.489984929561615,-0.008664440868111948,0.0,0.0,0.0009960159659385681,0.0009960159659385681,0.9960158467292786,0.0009960159659385681,0.0009960159659385681
429,2.434493764838822,4.868987529677644,-0.0028981542963943956,0.0009960159659385681,4.84375,0.1328125,-0.1328125,6.880674084008206,-14857.211773780084,0.03151305019855499,4.482184946537018,-0.008958953083492815,0.0,0.0,0.0009960159659385681,0.0009960159659385681,0.9960158467292786,0.0009960159659385681,0.0009960159659385681
430,2.435125905173618,4.870251810347236,-0.008161289286604506,0.0009960159659385681,4.6484375,0.0,0.0,6.59986120800022,-18821.913827489003,0.03151305019855499,4.394632001717885,-0.008409107123346379,0.0,0.0,0.0009960159659385681,0.0009960159659385681,0.9960158467292786,0.0009960159659385681,0.0009960159659385681
431,2.4358223030695374,4.871644606139075,-0.005773129550513833,0.0009960159659385681,4.8984375,-0.4140625,0.4140625,6.903846958011854,-12196.450808000336,0.03151305019855499,4.418773432572682,-0.008543936147664985,0.0,0.0,0.0009960159659385681,0.0009960159659385681,0.9960158467292786,0.0009960159659385681,0.0009960159659385681
432,2.4364880856433375,4.872976171286675,-0.010725048998262765,0.0009960159659385681,4.7734375,0.3359375,-0.3359375,6.8060098749701865,-15610.557946637493,0.03151305019855499,4.50993408759435,-0.009407363346933076,0.0,0.0,0.0009960159659385681,0.0009960159659385681,0.9960158467292786,0.0009960159659385681,0.0009960159659385681
433,2.437263504302077,4.874527008604154,-0.0184558678882612,0.0009960159659385681,4.828125,0.9140625,-0.9140625,6.8473089169710875,-22106.51468517711,0.03151305019855499,4.490296641985576,-0.009036762232426554,0.0,0.0,0.0009960159659385681,0.0009960159659385681,0.9960158467292786,0.0009960159659385681,0.0009960159659385681
434,2.4379480225850054,4.875896045170011,-0.00554556504094083,0.0009960159659385681,4.9375,-0.0546875,0.0546875,6.932739833951928,-18761.051563456087,0.03151305019855499,4.487116475900014,-0.009006150571318964,0.0,0.0,0.0009960159659385681,0.0009960159659385681,0.9960158467292786,0.0009960159659385681,0.0009960159659385681
435,2.438685680494224,4.877371360988448,-0.019273128737313024,0.0009960159659385681,5.0234375,0.5390625,-0.5390625,7.155695624998771,-22039.998785371914,0.03151305019855499,4.379665374755859,-0.008365227316971868,0.0,0.0,0.0009960159659385681,0.0009960159659385681,0.9960158467292786,0.0009960159659385681,0.0009960159659385681
436,2.4394937674212818,4.8789875348425635,-0.015270229335115463,0.0009960159659385681,4.859375,0.328125,-0.328125,6.838070333993528,-17740.460651851543,0.03151305019855499,4.369030753771464,-0.008601201184016341,0.0,0.0,0.0009960159659385681,0.0009960159659385681,0.9960158467292786,0.0009960159659385681,0.0009960159659385681
437,2.4403070130393076,4.880614026078615,-0.004350112932530702,0.0009960159659385681,4.84375,-0.015625,0.015625,6.8617833749740385,-17683.261137587026,0.03151305019855499,4.460194458564122,-0.009348559464948872,0.0,0.0,0.0009960159659385681,0.0009960159659385681,0.9960158467292786,0.0009960159659385681,0.0009960159659385681
438,2.4408486617383804,4.881697323476761,-0.01183651583144546,0.0009960159659385681,4.7421875,0.859375,-0.859375,6.786863084009383,-15866.661986701374,0.03151305019855499,4.603644986947377,-0.010252870444674045,0.0,0.0,0.0009960159659385681,0.0009960159659385681,0.9960158467292786,0.0009960159659385681,0.0009960159659385681
439,2.4415667645982597,4.883133529196519,-0.012834069350542205,0.0009960159659385681,4.8828125,-0.15625,0.15625,6.958899749966804,-9923.04006123047,0.03151305019855499,4.573839426040649,-0.009557110238044212,0.0,0.0,0.0009960159659385681,0.0009960159659385681,0.9960158467292786,0.0009960159659385681,0.0009960159659385681
440,2.4423239366536125,4.884647873307225,-0.02252365734885553,0.0009960159659385681,4.9921875,0.96875,-0.96875,7.051644499995746,-18564.03764302667,0.03151305019855499,4.754702866077423,-0.010618437003965179,0.0,0.0,0.0009960159659385681,0.0009960159659385681,0.9960158467292786,0.0009960159659385681,0.0009960159659385681
441,2.443305210789692,4.886610421579384,-0.011807304140590181,0.0009960159659385681,5.0625,0.4453125,-0.4453125,7.194632250000723,-16966.916791138825,0.03151305019855499,4.37584525346756,-0.008086961917191124,0.0,0.0,0.0009960159659385681,0.0009960159659385681,0.9960158467292786,0.0009960159659385681,0.0009960159659385681
442,2.444131242473979,4.888262484947958,-0.01795891388050451,0.0009960159659385681,5.203125,-1.6640625,1.6640625,7.3747616250184365,-19028.77663616375,0.03151305019855499,4.451225558916728,-0.00927263405174017,0.0,0.0,0.0009960159659385681,0.0009960159659385681,0.9960158467292786,0.0009960159659385681,0.0009960159659385681
443,2.4450156556172877,4.8900313112345755,-0.02391204164136663,0.0009960159659385681,5.1796875,-0.90625,0.90625,7.323242374986876,-18042.170004498006,0.03151305019855499,4.50484170516332,-0.009651684706720213,0.0,0.0,0.0009960159659385681,0.0009960159659385681,0.9960158467292786,0.0009960159659385681,0.0009960159659385681
444,2.4457686570786557,4.891537314157311,-0.011325641943121545,0.0009960159659385681,4.9375,-0.0546875,0.0546875,7.136833125026897,-17227.290450808367,0.03151305019855499,4.487428744633992,-0.009780358222390836,0.0,0.0,0.0009960159659385681,0.0009960159659385681,0.9960158467292786,0.0009960159659385681,0.0009960159659385681
445,2.4466367301547103,4.893273460309421,-0.009566777902091261,0.0009960159659385681,4.9375,-0.1171875,0.1171875,7.0134660420008,-20791.60310069217,0.03151305019855499,4.648259659608205,-0.010457239695824683,0.0,0.0,0.0009960159659385681,0.0009960159659385681,0.9960158467292786,0.0009960159659385681,0.0009960159659385681
446,2.4475415616176672,4.8950831232353345,-0.016328492393504854,0.0009960159659385681,5.0078125,-0.15625,0.15625,7.097265292017255,-25500.084392386925,0.03151305019855499,4.670418639977773,-0.010015975606317321,0.0,0.0,0.0009960159659385681,0.0009960159659385681,0.9960158467292786,0.0009960159659385681,0.0009960159659385681
447,2.448253101777405,4.89650620355481,-0.013092329526747682,0.0009960159659385681,4.828125,-0.265625,0.265625,6.835472457983997,-19588.63535894005,0.03151305019855499,4.478302141030629,-0.009104329180748513,0.0,0.0,0.0009960159659385681,0.0009960159659385681,0.9960158467292786,0.0009960159659385681,0.0009960159659385681
448,2.449078292900676,4.898156585801352,-0.011378550558655283,0.0009960159659385681,5.015625,1.25,-1.25,7.176595416967757,-24781.768824639723,0.03151305019855499,4.400831401348114,-0.008390817733015865,0.0,0.0,0.0009960159659385681,0.0009960159659385681,0.9960158467292786,0.0009960159659385681,0.0009960159659385681
449,2.4496925374826777,4.899385074965355,-0.006996562466705584,0.0009960159659385681,5.078125,0.4609375,-0.4609375,7.206173375016078,-16570.42497661884,0.03151305019855499,4.379575987656911,-0.008827068260870874,0.0,0.0,0.0009960159659385681,0.0009960159659385681,0.9960158467292786,0.0009960159659385681,0.0009960159659385681
450,2.450366825114461,4.900733650228922,-0.006784898320144736,0.0009960159659385681,5.015625,1.203125,-1.203125,7.047275291988626,-22035.525727221528,0.03151305019855499,4.514691054821014,-0.009675168141257018,0.0,0.0,0.0009960159659385681,0.0009960159659385681,0.9960158467292786,0.0009960159659385681,0.0009960159659385681
451,2.4510076632142486,4.902015326428497,-0.02208516261302126,0.0009960159659385681,4.828125,-0.0625,0.0625,6.8305534169776365,-23405.249858374733,0.03151305019855499,4.336456457773845,-0.008704283255307624,0.0,0.0,0.0009960159659385681,0.0009960159659385681,0.9960158467292786,0.0009960159659385681,0.0009960159659385681
452,2.45160414066779,4.90320828133558,-0.005671821377278441,0.0009960159659385681,4.9453125,0.5390625,-0.5390625,7.064441833994351,-23796.795912225854,0.03151305019855499,4.393159131209056,-0.009246781138548007,0.0,0.0,0.0009960159659385681,0.0009960159659385681,0.9960158467292786,0.0009960159659385681,0.0009960159659385681
453,2.4522584228396935,4.904516845679387,-0.016359195806965644,0.0009960159659385681,4.7265625,0.171875,-0.171875,6.766337874985766,-20057.462217825898,0.03151305019855499,4.463517129421234,-0.00945539582365503,0.0,0.0,0.0009960159659385681,0.0009960159659385681,0.9960158467292786,0.0009960159659385681,0.0009960159659385681
454,2.4529528994597456,4.905905798919491,-0.008096214409699256,0.0009960159659385681,4.90625,1.1484375,-1.1484375,7.020073124964256,-18044.98855828935,0.03151305019855499,4.519783079624176,-0.009804473627203455,0.0,0.0,0.0009960159659385681,0.0009960159659385681,0.9960158467292786,0.0009960159659385681,0.0009960159659385681
455,2.453567635121887,4.907135270243774,-0.013056529608727226,0.0009960159659385681,4.9609375,0.421875,-0.421875,7.078991124988534,-22671.56777910848,0.03151305019855499,4.4946134487787885,-0.00963686361986523,0.0,0.0,0.0009960159659385681,0.0009960159659385681,0.9960158467292786,0.0009960159659385681,0.0009960159659385681
456,2.454317205007414,4.908634410014828,-0.015031332487373528,0.0009960159659385681,4.921875,1.015625,-1.015625,7.005237750010565,-17814.854381210083,0.03151305019855499,4.629277964433034,-0.010208897467236966,0.0,0.0,0.0009960159659385681,0.0009960159659385681,0.9960158467292786,0.0009960159659385681,0.0009960159659385681
457,2.455034617305893,4.910069234611786,-0.010719784083123126,0.0009960159659385681,4.90625,-0.3671875,0.3671875,6.951565417053644,-20653.991101550448,0.03151305019855499,4.749210198720296,-0.01061887942099323,0.0,0.0,0.0009960159659385681,0.0009960159659385681,0.9960158467292786,0.0009960159659385681,0.0009960159659385681
458,2.45566442321455,4.9113288464291,-0.013608196299912502,0.0009960159659385681,5.125,0.9921875,-0.9921875,7.234037000045646,-23418.914869541077,0.03151305019855499,4.691447416941325,-0.010077887040097266,0.0,0.0,0.0009960159659385681,0.0009960159659385681,0.9960158467292786,0.0009960159659385681,0.0009960159659385681
459,2.456439071507007,4.912878143014014,-0.015260684136725404,0.0009960159659385681,4.84375,0.140625,-0.140625,6.980231624969747,-22957.027582328552,0.03151305019855499,4.6098552942276,-0.009975011091834554,0.0,0.0,0.0009960159659385681,0.0009960159659385681,0.9960158467292786,0.0009960159659385681,0.0009960159659385681
460,2.457232028173159,4.914464056346318,-0.013565556845875926,0.0009960159659385681,5,-0.265625,0.265625,7.023918957973365,-24914.528751850128,0.03151305019855499,4.569630046685536,-0.00985255071039622,0.0,0.0,0.0009960159659385681,0.0009960159659385681,0.9960158467292786,0.0009960159659385681,0.0009960159659385681
461,2.4580139179199767,4.916027835839953,-0.011972540094015511,0.0009960159659385681,5.015625,0.078125,-0.078125,7.112732500012498,-20142.678759993792,0.03151305019855499,4.588690410057704,-0.009711907914606854,0.0,0.0,0.0009960159659385681,0.0009960159659385681,0.9960158467292786,0.0009960159659385681,0.0009960159659385681
462,2.4586082907936433,4.917216581587287,-0.01434361572957317,0.0009960159659385681,4.890625,0.2890625,-0.2890625,6.967093958053738,-17645.683620318818,0.03151305019855499,4.792326509952545,-0.011362580873537809,0.0,0.0,0.0009960159659385681,0.0009960159659385681,0.9960158467292786,0.0009960159659385681,0.0009960159659385681
463,2.459180721046749,4.918361442093498,-0.014956890267195403,0.0009960159659385681,5.0390625,0.5,-0.5,7.0909127500490285,-20608.165551190043,0.03151305019855499,4.650645315647125,-0.01049955328926444,0.0,0.0,0.0009960159659385681,0.0009960159659385681,0.9960158467292786,0.0009960159659385681,0.0009960159659385681
464,2.4597239538515234,4.919447907703047,-0.008724655574979303,0.0009960159659385681,5.1171875,0.234375,-0.234375,7.386918833013624,-29309.47843203945,0.03151305019855499,4.703296075264613,-0.01055887983723854,0.0,0.0,0.0009960159659385681,0.0009960159659385681,0.9960158467292786,0.0009960159659385681,0.0009960159659385681
465,2.46036245828442,4.92072491656884,-0.007335694138782281,0.0009960159659385681,4.859375,-0.203125,0.203125,7.014635541010648,-22897.499884357025,0.03151305019855499,4.698949525753657,-0.010021411852600673,0.0,0.0,0.0009960159659385681,0.0009960159659385681,0.9960158467292786,0.0009960159659385681,0.0009960159659385681
466,2.460979296937743,4.921958593875486,-0.013071256316008235,0.0009960159659385681,4.8828125,-0.015625,0.015625,6.96938887500437,-22775.274782177734,0.03151305019855499,4.661650101343791,-0.010226467488488803,0.0,0.0,0.0009960159659385681,0.0009960159659385681,0.9960158467292786,0.0009960159659385681,0.0009960159659385681
467,2.4614911909974393,4.922982381994879,-0.013257149502719537,0.0009960159659385681,4.9140625,-0.953125,0.953125,6.904432166018523,-17775.65119058339,0.03151305019855499,4.625018139680226,-0.009883246889027456,0.0,0.0,0.0009960159659385681,0.0009960159659385681,0.9960158467292786,0.0009960159659385681,0.0009960159659385681
468,2.4620005555015467,4.9240011110030935,-0.0062641217419263165,0.0009960159659385681,4.7890625,0.734375,-0.734375,6.8655943750054576,-20248.933754900736,0.03151305019855499,4.563418845335643,-0.009859457747855535,0.0,0.0,0.0009960159659385681,0.0009960159659385681,0.9960158467292786,0.0009960159659385681,0.0009960159659385681
469,2.4626119633959114,4.925223926791823,-0.018419839955509918,0.0009960159659385681,4.8515625,0.46875,-0.46875,6.904874957981519,-26185.415936161353,0.03151305019855499,4.525025645891826,-0.009905606294826915,0.0,0.0,0.0009960159659385681,0.0009960159659385681,0.9960158467292786,0.0009960159659385681,0.0009960159659385681
470,2.4630604284554396,4.926120856910879,-0.010173889549432562,0.0009960159659385681,5.078125,-0.4140625,0.4140625,7.147577749972697,-16398.53713637132,0.03151305019855499,4.478580315907796,-0.009511309384834021,0.0,0.0,0.0009960159659385681,0.0009960159659385681,0.9960158467292786,0.0009960159659385681,0.0009960159659385681
471,2.4635743447310023,4.927148689462005,-0.011769152189195947,0.0009960159659385681,4.921875,-0.3125,0.3125,6.947263000009116,-25200.004447234624,0.03151305019855499,4.63234555721283,-0.010443733869275698,0.0,0.0,0.0009960159659385681,0.0009960159659385681,0.9960158467292786,0.0009960159659385681,0.0009960159659385681
472,2.4639459857267694,4.927891971453539,-0.013460398406406351,0.0009960159659385681,4.90625,-0.1875,0.1875,6.995554165972862,-20612.694024833145,0.03151305019855499,4.639937837918599,-0.01063550248121222,0.0,0.0,0.0009960159659385681,0.0009960159659385681,0.9960158467292786,0.0009960159659385681,0.0009960159659385681
473,2.4643967466540233,4.928793493308047,-0.010364129932881104,0.0009960159659385681,4.90625,0.6953125,-0.6953125,6.918374875036534,-21919.068359375,0.03151305019855499,4.621297160784404,-0.010453103905698905,0.0,0.0,0.0009960159659385681,0.0009960159659385681,0.9960158467292786,0.0009960159659385681,0.0009960159659385681
474,2.464734255480086,4.929468510960172,-0.0070782394920435865,0.0009960159659385681,4.9453125,1.0234375,-1.0234375,6.977399458992295,-16860.300199583995,0.03151305019855499,4.681418498357137,-0.01087963959435001,0.0,0.0,0.0009960159659385681,0.0009960159659385681,0.9960158467292786,0.0009960159659385681,0.0009960159659385681
475,2.4651786496674113,4.930357299334823,-0.007883446906080841,0.0009960159659385681,4.8984375,-0.5546875,0.5546875,6.98210254200967,-21770.994361743593,0.03151305019855499,4.689364532629649,-0.010825597681105137,0.0,0.0,0.0009960159659385681,0.0009960159659385681,0.9960158467292786,0.0009960159659385681,0.0009960159659385681
476,2.4655946286368122,4.9311892572736244,-0.013519615936097944,0.0009960159659385681,4.890625,0.3046875,-0.3046875,6.918435542029329,-25099.07319109737,0.03151305019855499,4.778205752372742,-0.011421337985666469,0.0,0.0,0.0009960159659385681,0.0009960159659385681,0.9960158467292786,0.0009960159659385681,0.0009960159659385681
477,2.4659974749169846,4.931994949833969,-0.003986385930942121,0.0009960159659385681,4.9140625,0.2109375,-0.2109375,6.962549708026927,-24389.53268190029,0.03151305019855499,4.791874001423518,-0.011166507756570354,0.0,0.0,0.0009960159659385681,0.0009960159659385681,0.9960158467292786,0.0009960159659385681,0.0009960159659385681
478,2.4665003559050134,4.933000711810027,-0.011032271839323789,0.0009960159659385681,4.828125,1.15625,-1.15625,6.988707375014201,-18984.175931912025,0.03151305019855499,4.8371321360270185,-0.011447476979810745,0.0,0.0,0.0009960159659385681,0.0009960159659385681,0.9960158467292786,0.0009960159659385681,0.0009960159659385681
479,2.466865738411053,4.933731476822106,-0.007361171369494959,0.0009960159659385681,4.75,0.6875,-0.6875,6.8106047920300625,-15778.16480405707,0.03151305019855499,4.630976349115372,-0.010081924284653118,0.0,0.0,0.0009960159659385681,0.0009960159659385681,0.9960158467292786,0.0009960159659385681,0.0009960159659385681
480,2.4671208659759354,4.934241731951871,-0.015624472495772465,0.0009960159659385681,4.78125,0.28125,-0.28125,6.7922723749652505,-25963.864603977578,0.03151305019855499,4.645725627740224,-0.01060274625585104,0.0,0.0,0.0009960159659385681,0.0009960159659385681,0.9960158467292786,0.0009960159659385681,0.0009960159659385681
481,2.4673273649399423,4.934654729879885,-0.01002697839344634,0.0009960159659385681,4.9921875,0.1015625,-0.1015625,7.033488458022475,-32165.521646848865,0.03151305019855499,4.631192088127136,-0.010722759664834788,0.0,0.0,0.0009960159659385681,0.0009960159659385681,0.9960158467292786,0.0009960159659385681,0.0009960159659385681
482,2.467564558863252,4.935129117726504,-0.013595818559141331,0.0009960159659385681,4.9765625,-0.09375,0.09375,7.075237083947286,-29557.31894548497,0.03151305019855499,4.679144402345021,-0.010797002702020109,0.0,0.0,0.0009960159659385681,0.0009960159659385681,0.9960158467292786,0.0009960159659385681,0.0009960159659385681
483,2.467793192509505,4.93558638501901,-0.02493475080008423,0.0009960159659385681,4.9921875,0.734375,-0.734375,7.121289457951207,-24501.90568301301,0.03151305019855499,4.732066134611766,-0.010737609098820636,0.0,0.0,0.0009960159659385681,0.0009960159659385681,0.9960158467292786,0.0009960159659385681,0.0009960159659385681
484,2.468056344750056,4.936112689500112,-0.013151109493668711,0.0009960159659385681,4.78125,-0.0546875,0.0546875,6.839905209024437,-14162.16456145243,0.03151305019855499,4.756795605023702,-0.010887604497838765,0.0,0.0,0.0009960159659385681,0.0009960159659385681,0.9960158467292786,0.0009960159659385681,0.0009960159659385681
485,2.468408771163202,4.936817542326404,-0.01314881938870629,0.0009960159659385681,5.046875,1.0078125,-1.0078125,7.204958625021391,-16472.545253836335,0.03151305019855499,4.883996387322743,-0.011660117248538882,0.0,0.0,0.0009960159659385681,0.0009960159659385681,0.9960158467292786,0.0009960159659385681,0.0009960159659385681
486,2.468865633633183,4.937731267266366,-0.01192166189509133,0.0009960159659385681,4.9921875,-0.1875,0.1875,7.140119416988455,-24334.67062540308,0.03151305019855499,4.762633562088013,-0.01075701085695376,0.0,0.0,0.0009960159659385681,0.0009960159659385681,0.9960158467292786,0.0009960159659385681,0.0009960159659385681
487,2.469290949466397,4.938581898932794,-0.011321336161127776,0.0009960159659385681,5.1015625,0.28125,-0.28125,7.210969999956433,-24833.75291449881,0.03151305019855499,4.807026068369548,-0.011037033672134081,0.0,0.0,0.0009960159659385681,0.0009960159659385681,0.9960158467292786,0.0009960159659385681,0.0009960159659385681
488,2.469661694739094,4.939323389478188,-0.009737130746519466,0.0009960159659385681,4.734375,0.8984375,-0.8984375,6.738074459019117,-24810.655703302265,0.03151305019855499,4.890114466349284,-0.012006509370015314,0.0,0.0,0.0009960159659385681,0.0009960159659385681,0.9960158467292786,0.0009960159659385681,0.0009960159659385681
489,2.4699607126279934,4.939921425255987,-0.016924628677119136,0.0009960159659385681,5.0078125,0.2890625,-0.2890625,7.1427290420397185,-18717.446704358652,0.03151305019855499,4.863604933023453,-0.011418873250174025,0.0,0.0,0.0009960159659385681,0.0009960159659385681,0.9960158467292786,0.0009960159659385681,0.0009960159659385681
490,2.4703775138586606,4.940755027717321,-0.01004216192386817,0.0009960159659385681,4.984375,0.21875,-0.21875,7.075283832964487,-20697.423830612326,0.03151305019855499,4.835751056671143,-0.011349969737542173,0.0,0.0,0.0009960159659385681,0.0009960159659385681,0.9960158467292786,0.0009960159659385681,0.0009960159659385681
491,2.470874990445685,4.94174998089137,-0.0071493069592397625,0.0009960159659385681,4.9375,-0.0859375,0.0859375,7.050110832962673,-14645.321727221524,0.03151305019855499,4.7874618371327715,-0.011033943970687687,0.0,0.0,0.0009960159659385681,0.0009960159659385681,0.9960158467292786,0.0009960159659385681,0.0009960159659385681
492,2.471361068666175,4.94272213733235,-0.009502264517003466,0.0009960159659385681,4.84375,0.4765625,-0.4765625,6.8462356249801815,-34658.88093517673,0.03151305019855499,4.843845297892888,-0.011899478442501277,0.0,0.0,0.0009960159659385681,0.0009960159659385681,0.9960158467292786,0.0009960159659385681,0.0009960159659385681
493,2.471822576575254,4.943645153150508,-0.020796284729313542,0.0009960159659385681,4.8359375,0.53125,-0.53125,6.856530457967892,-34142.29556658965,0.03151305019855499,4.756012996037801,-0.010951637872494757,0.0,0.0,0.0009960159659385681,0.0009960159659385681,0.9960158467292786,0.0009960159659385681,0.0009960159659385681
494,2.4724258664018075,4.944851732803615,-0.008620621559011481,0.0009960159659385681,4.9609375,-0.2265625,0.2265625,7.06756920897169,-20149.603198434423,0.03151305019855499,4.703936616579692,-0.011060290096793324,0.0,0.0,0.0009960159659385681,0.0009960159659385681,0.9960158467292786,0.0009960159659385681,0.0009960159659385681
495,2.4730414289379126,4.946082857875825,-0.01543855590211596,0.0009960159659385681,4.8984375,0.6328125,-0.6328125,7.080245749966707,-32228.02275783898,0.03151305019855499,4.648847719033559,-0.010887436685152352,0.0,0.0,0.0009960159659385681,0.0009960159659385681,0.9960158467292786,0.0009960159659385681,0.0009960159659385681
496,2.473567934875121,4.947135869750242,-0.012691995172055272,0.0009960159659385681,4.8984375,0.03125,-0.03125,7.02518295799382,-31518.72025787013,0.03151305019855499,4.646899739901225,-0.011400841642171144,0.0,0.0,0.0009960159659385681,0.0009960159659385681,0.9960158467292786,0.0009960159659385681,0.0009960159659385681
497,2.474101658629077,4.948203317258154,-0.027207180433446297,0.0009960159659385681,4.9296875,-0.5546875,0.5546875,7.006235749984626,-25064.873817310847,0.03151305019855499,4.615918219089508,-0.011038914594488839,0.0,0.0,0.0009960159659385681,0.0009960159659385681,0.9960158467292786,0.0009960159659385681,0.0009960159659385681
498,2.4746582964223647,4.949316592844729,-0.008156064393665223,0.0009960159659385681,4.890625,0.671875,-0.671875,6.953918792016339,-24708.283984297,0.03151305019855499,4.657950460910797,-0.011096757118745396,0.0,0.0,0.0009960159659385681,0.0009960159659385681,0.9960158467292786,0.0009960159659385681,0.0009960159659385681
499,2.4751089232969012,4.9502178465938025,-0.00902751132812974,0.0009960159659385681,5.0390625,0.5859375,-0.5859375,7.1438954579643905,-24227.67054471748,0.03151305019855499,4.689452350139618,-0.011516290930255005,0.0,0.0,0.0009960159659385681,0.0009960159659385681,0.9960158467292786,0.0009960159659385681,0.0009960159659385681
500,2.4755197667416393,4.951039533483279,-0.02083980549165753,0.0009960159659385681,5.0625,1.4609375,-1.4609375,7.14467979199253,-34419.32763784903,0.03151305019855499,4.82263578971227,-0.011889391423513493,0.0,0.0,0.0009960159659385681,0.0009960159659385681,0.9960158467292786,0.0009960159659385681,0.0009960159659385681
