iteration,exploitability,nash_conv,actor_loss,average_lambda,mean_episode_length,mean_return_player0,mean_return_player1,wall_time_sec,scheduler_loss,gate_entropy,gate_regret_norm,gate_avg_utility,handoff_frozen_clusters,handoff_missing_clusters,gate_prob_actor,gate_prob_regret,gate_prob_ra,gate_prob_explore,gate_prob_cfr
1,2.373611041250002,4.747222082500004,0.0,0.18845100683825355,4.1015625,0.9140625,-0.9140625,5.892492249957286,0.0003875055944081396,1.6056168989908128,0.0,0.0,0.0,0.0,0.21154943258989425,0.18845100683825355,0.20582718392213187,0.17335532378582727,0.22081706052734737
2,2.3383300758257715,4.676660151651543,-1.550527772655226e-05,0.18902850566104026,4.0390625,-0.046875,0.046875,5.774633915978484,0.0002672379941765554,1.6067890735843888,8.715641009047478e-10,-1.3955245018020443e-13,0.0,0.0,0.2090002554874125,0.18902850566104026,0.20545191982152153,0.17878126002833739,0.21773806609198942
3,2.335416116678642,4.670832233357284,-5.1735211560351776e-05,0.18940300892361187,4.125,-0.046875,0.046875,5.8451650839997455,-0.788966221646688,1.607673353318012,0.016319360463967314,3.928964159645905e-06,0.0,0.0,0.2057348508952242,0.18940300892361187,0.20530506483081615,0.1843980685948874,0.21515901158140463
4,2.346969657531953,4.693939315063906,-7.592193772984554e-05,0.1866345257962241,4.171875,0.78125,-0.78125,5.95654874999309,-0.8186086589184481,1.6076031796048196,0.03447175885473067,9.07730222365899e-06,0.0,0.0,0.2058777776215407,0.1866345257962241,0.2049390101310019,0.18663020632909924,0.21591848676347555
5,2.3360803271153143,4.672160654230629,-0.00011348896511327037,0.18408078575179776,4.09375,0.7265625,-0.7265625,5.797148999990895,-0.8493988014729196,1.6075132514229258,0.05527126199255387,1.4789182008219845e-05,0.0,0.0,0.20659742001017542,0.18408078575179776,0.2056799924839999,0.18828150359842613,0.21536030762523184
6,2.3292830293997193,4.658566058799439,0.0001157395842329077,0.1817553057370329,4.15625,0.203125,-0.203125,5.9631773750297725,-1.2127153547900849,1.6074841479609783,0.07594047207385302,2.0748035164312267e-05,0.0,0.0,0.20660629543594847,0.1817553057370329,0.20635093642132624,0.1909993626457408,0.21428810670635753
7,2.3659086885449234,4.731817377089847,-0.00015593929796376882,0.17852526920247488,4.0859375,-0.328125,0.328125,5.798115040990524,-1.3312629508869598,1.607230107369432,0.09510752124090989,2.7147852051712107e-05,0.0,0.0,0.2069529527459956,0.17852526920247488,0.2071421898858725,0.19349344598973459,0.21388614958376548
8,2.3703760801176057,4.740752160235211,-0.0001256579775232713,0.1751790397114806,4.265625,0.375,-0.375,6.094320958014578,-1.6255119797456397,1.6068572052669177,0.11225571017712355,3.451350085015292e-05,0.0,0.0,0.20681384948147086,0.1751790397114806,0.20773829549769343,0.1964832616922183,0.2137855629508312
9,2.3981279575477465,4.796255915095493,-0.00038732317775785294,0.17151776838388683,4.328125,-0.3203125,0.3203125,6.150073583004996,-1.3694904047040948,1.6063675811574778,0.12871238154669604,4.360358510287673e-05,0.0,0.0,0.20757006886095777,0.17151776838388683,0.20856350375211627,0.19972675374376214,0.21262191270985759
10,2.413546259617419,4.827092519234838,-5.381314296201745e-05,0.16788722259327046,4.0234375,0.3125,-0.3125,5.724951040989254,-1.6265848310393036,1.6057245115631993,0.15030396481355032,5.874276212125551e-05,0.0,0.0,0.2073269644697893,0.16788722259327046,0.20971586082166838,0.20336196914459895,0.21170799283726702
11,2.3838952779450224,4.767790555890045,0.00012343611996952427,0.16450181589958682,4.3203125,-0.1015625,0.1015625,6.187163207971025,-1.1313253767505478,1.6049952052169856,0.1652711145579815,7.008191369095584e-05,0.0,0.0,0.20828383789140104,0.16450181589958682,0.21066165970096104,0.20710347695225617,0.20944921583422269
12,2.355545320843027,4.711090641686054,-0.00011030234730030168,0.160931469502936,4.0546875,-0.7109375,0.7109375,5.781411250005476,-1.0454369160366426,1.6040349879476146,0.18076842029889426,8.21377746736592e-05,0.0,0.0,0.20848318917213837,0.160931469502936,0.211960183948221,0.21122149505826548,0.20740367208027885
13,2.337481101033038,4.674962202066076,-2.1319246411075243e-05,0.15719719894985396,4.0859375,0.125,-0.125,5.803625666012522,-1.196562509552841,1.602841160949284,0.20108690671622753,0.0001030068239439667,0.0,0.0,0.2089516654126275,0.15719719894985396,0.21305438471569843,0.215392661453661,0.20540409921232192
14,2.342920258543805,4.68584051708761,-0.0005083354119643752,0.15311258808634748,4.078125,-0.0390625,0.0390625,5.844935750006698,-1.318966954496914,1.6012766945864505,0.2151941688110431,0.00012096407499484485,0.0,0.0,0.20983716951133646,0.15311258808634748,0.21414101523457815,0.22008358353170857,0.2028256531704888
15,2.361409766917541,4.722819533835082,-1.8365165587422234e-05,0.1488945969334468,4.2734375,0.1171875,-0.1171875,6.188776750001125,-1.4630447085708433,1.5994723937193263,0.2277977013339599,0.00013342032464909911,0.0,0.0,0.21037067222311903,0.1488945969334468,0.21485136699959825,0.22452019119611388,0.20136318468851408
16,2.3772380116273215,4.754476023254643,-7.008610328392825e-05,0.14402411713920257,4.21875,-0.390625,0.390625,6.028178125037812,-1.2991311391746556,1.5971406824058956,0.2415352010478576,0.00015301073744922178,0.0,0.0,0.2108565662746076,0.14402411713920257,0.21575553651761126,0.22948335414683377,0.19988043744254996
17,2.3814930537919636,4.762986107583927,0.00012086732919285404,0.1393232505361084,4,0.25,-0.25,5.68228187499335,-1.1720770446336246,1.594640557654202,0.2544258094082276,0.00017778743191835625,0.0,0.0,0.21210246515693143,0.1393232505361084,0.21688571266713552,0.23354962273151614,0.1981389557768125
18,2.4038622473182816,4.807724494636563,0.0001046106352486432,0.133321491771958,4.3125,-0.5625,0.5625,6.192474750045221,-1.532976476877145,1.5909106515455937,0.2586778551340103,0.00019120967408525757,0.0,0.0,0.21349684694322987,0.133321491771958,0.2174010296230731,0.23999822560859763,0.19578241370618343
19,2.395055232380381,4.790110464760762,0.00029754003488481845,0.12733510853757574,4.171875,-0.1484375,0.1484375,5.972333624958992,-1.5336835478826631,1.586561629834693,0.26785043502847355,0.0002113493234598233,0.0,0.0,0.2140255355265703,0.12733510853757574,0.21860421267564822,0.2470252083314492,0.19300994274209948
20,2.3926735529679846,4.785347105935969,-0.0003949334167578659,0.12251308535019707,4.1328125,-0.015625,0.015625,5.882215625024401,-1.3319192690729025,1.5823601533875349,0.2791938359538714,0.00024079933852287164,0.0,0.0,0.2166825040527012,0.12251308535019707,0.21976969293926074,0.25246995971987063,0.1885647676842875
21,2.3930469747652308,4.7860939495304615,-0.00029224820694731437,0.11724401339888572,3.984375,-0.140625,0.140625,5.724251249979716,-1.5807570467575216,1.5771168231964112,0.29111545408765477,0.0002668082124728244,0.0,0.0,0.21772190659653906,0.11724401339888572,0.22114022672176362,0.25957034022784703,0.18432352291602713
22,2.4080660663456275,4.816132132691255,9.396283219843703e-05,0.11020363504783465,4.0625,-0.640625,0.640625,5.796937000006437,-1.219981668728332,1.5689198922652465,0.299820223202308,0.00029042476004785084,0.0,0.0,0.2219273742288351,0.11020363504783465,0.22223398665396066,0.268904481197779,0.17673053016456275
23,2.3971352336978957,4.794270467395791,-8.777484815969774e-05,0.10454594047338354,3.984375,-1.1328125,1.1328125,5.643986584036611,-1.7911926005437386,1.5614788693540236,0.320210965971152,0.00034357009038406733,0.0,0.0,0.22316772186873005,0.10454594047338354,0.2236470579516654,0.27698761955195783,0.17165166811615812
24,2.386150581032158,4.772301162064316,2.4627618437838856e-05,0.09808183467317476,3.953125,0.234375,-0.234375,5.639092375000473,-2.001606362949129,1.551640991636887,0.3315504590670268,0.00038100350623911555,0.0,0.0,0.22616988741479843,0.09808183467317476,0.22463648068339456,0.28651552720974555,0.16459627914805658
25,2.3885690042725267,4.777138008545053,-0.00045591171949228696,0.09153866883396178,4.03125,-0.3046875,0.3046875,5.764530332991853,-1.8238742283740363,1.540338241545729,0.34741751849651337,0.00042482864470609155,0.0,0.0,0.22955557348769765,0.09153866883396178,0.22599239624285883,0.2962046782811021,0.15670869320400002
26,2.3855224731499236,4.771044946299847,-0.0002149777507066928,0.0843428232198592,3.9921875,-0.5703125,0.5703125,5.72002520802198,-1.9278357010954397,1.5258818622204655,0.36219977339108783,0.00046606316148730304,0.0,0.0,0.23219356112867418,0.0843428232198592,0.22737406188377896,0.3080253471017117,0.1480642171346978
27,2.3837888731995065,4.767577746399013,-0.0004348279384722575,0.07833059094163405,3.8359375,-0.296875,0.296875,5.448534707946237,-1.3595824447705158,1.5116519573506901,0.3802182041108608,0.0005121509748278186,0.0,0.0,0.2354161550884577,0.07833059094163405,0.2284532937462121,0.31826198094973984,0.13953798828748967
28,2.3861479876469183,4.7722959752938365,0.0002771521733259887,0.07006334345367618,4.15625,0.453125,-0.453125,6.063601291971281,-1.747622680521213,1.4902390824224716,0.38531198849280673,0.0005226891080383211,0.0,0.0,0.23750937083049825,0.07006334345367618,0.22919285947218873,0.33430525755747814,0.1289291805062527
29,2.375438464219903,4.750876928439806,0.00022510124868137544,0.06406825265086448,4.09375,0.6875,-0.6875,5.802864958997816,-1.5576250658384774,1.471267197878306,0.40201395998398465,0.0005912862422216373,0.0,0.0,0.2397438530589788,0.06406825265086448,0.2301639294578829,0.34644180530582674,0.11958217049259266
30,2.385707815744544,4.771415631489088,0.0005427774824540009,0.05713248700335823,4.0390625,0.203125,-0.203125,5.782366416999139,-1.6470534860280772,1.4468700256292317,0.4182480176289876,0.0006439181088353507,0.0,0.0,0.24100166723506825,0.05713248700335823,0.23025496295388478,0.3620964544077676,0.10951443774557205
31,2.382790900754744,4.765581801509488,0.0003425578456880103,0.05030258632330007,4.03125,-0.4921875,0.4921875,5.783189166977536,-2.5124761271218286,1.420638656662416,0.4324624960621198,0.0006823270305176266,0.0,0.0,0.24195096520490425,0.05030258632330007,0.23017365049368652,0.3783026868405268,0.09927012251560079
32,2.376911257725771,4.753822515451542,0.0007116400343441599,0.04268554558507406,4.1171875,0.21875,-0.21875,5.862249249999877,-2.6597353045173002,1.3865207922300307,0.4432462677359581,0.0006917800589386994,0.0,0.0,0.24267323453693282,0.04268554558507406,0.2287420546476936,0.39836906911752257,0.08753010465903119
33,2.382098884517372,4.764197769034744,-0.00017748440891367993,0.03566265102191564,3.9921875,0.15625,-0.15625,5.71138474997133,-2.6868584116596415,1.3491570699938122,0.4546042817334334,0.0007496613567733826,0.0,0.0,0.24082371353403229,0.03566265102191564,0.2259262911319266,0.4207779576750417,0.07680939969747033
34,2.3762600400902256,4.752520080180451,0.000375157390414062,0.02890080763592581,4.1171875,-0.0546875,0.0546875,5.819691999990027,-2.546849356271482,1.3053696788918134,0.46326205382744473,0.0008013266221193286,0.0,0.0,0.23802609998994353,0.02890080763592581,0.22251136654694573,0.4452876569650205,0.06527408029339797
35,2.372435233774826,4.744870467549652,-0.00026783662844256267,0.023665976230871983,4.1328125,0.015625,-0.015625,5.894928833004087,-2.4278797242272865,1.2665389025819775,0.48584529757499695,0.0008913105169388776,0.0,0.0,0.23511001667701453,0.023665976230871983,0.21895425742763203,0.46646418057677874,0.05580558058135
36,2.3681948162139204,4.736389632427841,-5.703572629278358e-05,0.01897867239528784,4.21875,-0.0234375,0.0234375,6.029929249954876,-1.8613816158363112,1.2220976944322939,0.5063993458946546,0.0009524149936623871,0.0,0.0,0.23049993597798876,0.01897867239528784,0.21371234942365575,0.4903963156872325,0.04641273929565041
37,2.367757074826339,4.735514149652678,0.0002782130776621366,0.013979521106827904,4.3359375,0.0,0.0,6.129660708014853,-1.2820260045286436,1.1711826336276423,0.5176574215292931,0.0009789422232036789,0.0,0.0,0.22564234397969804,0.013979521106827904,0.20668461886612144,0.5171004068744075,0.03659312429225391
38,2.3679357117773163,4.735871423554633,-0.0006446840541380536,0.011736661420469042,3.921875,-0.1953125,0.1953125,5.6917520420392975,-0.9215712873691849,1.1353161663885611,0.5403887555003166,0.0010052141927493115,0.0,0.0,0.22103585424532454,0.011736661420469042,0.20152845141659695,0.5352414315084062,0.030457615431220053
39,2.3674077978548977,4.7348155957097955,0.0008569887876536789,0.00897754611405042,4.203125,-0.703125,0.703125,5.9664328749640845,-1.4909253703000986,1.089418920664096,0.5451661385595798,0.001002369344253869,0.0,0.0,0.2148093369315105,0.00897754611405042,0.19392092838938796,0.5587963370474741,0.02349586800419376
40,2.369981671830887,4.739963343661774,0.001606257567501839,0.00697025510368782,4.03125,-0.03125,0.03125,5.75927874998888,-1.9660086128102658,1.0509133424407753,0.5615467578172684,0.0010351388312604588,0.0,0.0,0.20975244129004406,0.00697025510368782,0.18682571631935677,0.5781956153322559,0.018255985762956443
41,2.3691935873761025,4.738387174752205,-5.524551150872176e-06,0.0054873947433982965,4.1328125,-0.203125,0.203125,5.900644417037256,-2.407887830152502,1.0100451981638239,0.5671480745077133,0.0010667417955119163,0.0,0.0,0.20183435890872897,0.0054873947433982965,0.17920173400403872,0.5995981931010356,0.013878331514821865
42,2.3712698280787463,4.742539656157493,0.00028334846815234745,0.00462228185858903,4.0234375,-0.3046875,0.3046875,5.750503916991875,-0.9352162871437455,0.9789220760169538,0.5928601746757826,0.0011117238488319952,0.0,0.0,0.19567678224982568,0.00462228185858903,0.17327799746423092,0.6155680460837281,0.010854904932304493
43,2.371548875326707,4.743097750653414,-0.0005622021637601078,0.004017311971634626,3.90625,-0.2734375,0.2734375,5.575869166990742,-2.5390170089155437,0.9526922137737274,0.6194073756535848,0.001175892156121942,0.0,0.0,0.18910388879477977,0.004017311971634626,0.1694097258746624,0.6288036606907844,0.008665422664489598
44,2.3719194856844834,4.743838971368967,0.00014318854897088122,0.002856029632847881,4.4296875,-0.765625,0.765625,6.285923708986957,-2.7977144410373804,0.8939372388353634,0.6166461209456126,0.0011268691014265642,0.0,0.0,0.17468244051544335,0.002856029632847881,0.15538264625759982,0.6614188383180628,0.005660051379945767
45,2.3728145634356688,4.7456291268713375,0.0006368756733280349,0.0023467379950221075,4.1640625,0.2734375,-0.2734375,5.977562957967166,-3.6764877212227725,0.8614201426058729,0.6417930374542872,0.0011132540967082605,0.0,0.0,0.16556624195924619,0.0023467379950221075,0.14846785981592497,0.6793272738496985,0.0042918916417313754
46,2.3730161189945793,4.746032237989159,-0.0002580245848584203,0.0019904860832429274,4.3046875,-0.078125,0.078125,6.110964166990016,-4.622869966699557,0.8195729919873218,0.658915010591348,0.0012616582437961672,0.0,0.0,0.15378916547540744,0.0019904860832429274,0.1391957765225382,0.701907082716047,0.003117490329943638
47,2.373313517542295,4.74662703508459,-0.0003353053219756597,0.0016047503448862017,4.1640625,-0.046875,0.046875,5.95473670802312,-3.2566133321190383,0.7673706769048608,0.6907742545008659,0.0013259666836044441,0.0,0.0,0.13927479444061167,0.0016047503448862017,0.1262931547094465,0.7306127947445882,0.002214509182160556
48,2.3733599314575375,4.746719862915075,-0.0009413848585275803,0.001332421926781535,4.21875,0.125,-0.125,6.088035000022501,-5.3322854016377175,0.7241388897652979,0.6821258788307508,0.0013104168028803542,0.0,0.0,0.12783358424763988,0.001332421926781535,0.11618324440248587,0.7530203311531632,0.0016304194741813397
49,2.373488669398756,4.746977338797512,-0.00031888158455857345,0.0012747155927986687,4.171875,0.421875,-0.421875,5.900844125018921,-6.229947063518158,0.6787074976199575,0.7145083496967951,0.0013495012244675308,0.0,0.0,0.11562511659042442,0.0012747155927986687,0.10672411120283916,0.7749633376071515,0.0014127136512453692
50,2.373532657506931,4.747065315013862,0.0002576138723850689,0.0011375085797758317,4.140625,-0.03125,0.03125,5.89352174999658,-4.006628143223539,0.6405091504443367,0.7332977776726087,0.001440647494746372,0.0,0.0,0.10624199854737183,0.0011375085797758317,0.09818599618760482,0.7932217495621375,0.0012127473027849535
51,2.3736266099828547,4.747253219965709,-0.0005731656997345764,0.0010631988866057678,4.0625,-0.4765625,0.4765625,5.7349582919850945,-6.420360507906074,0.5903146249170487,0.7664763331413269,0.0014233049320561502,0.0,0.0,0.09383393696222742,0.0010631988866057678,0.08702624502161947,0.8169796118369469,0.0010970058186033453
52,2.3736773063039656,4.747354612607931,-8.357102507584092e-05,0.0010265530814175877,4.3203125,-0.2734375,0.2734375,6.159585833956953,-6.963107110258818,0.5254521257030166,0.7697669491171837,0.0013291008411518608,0.0,0.0,0.0797030799879034,0.0010265530814175877,0.07358223073534789,0.8446559079301292,0.0010322301848968373
53,2.373750391260178,4.747500782520356,-0.00036975904782123037,0.001002173234280128,4.109375,0.2265625,-0.2265625,5.845122749975417,-8.179685887900986,0.46941074340855665,0.7762927338480949,0.0012529939510083448,0.0,0.0,0.06829066298009664,0.001002173234280128,0.062259952652802826,0.8674418210076742,0.0010053977056427685
54,2.3739636507542703,4.747927301508541,0.001129730794549583,0.000998111700970109,4.1328125,0.2109375,-0.2109375,5.870726416993421,-8.16198623555031,0.42018715933049783,0.7832075481613477,0.0012829189072363079,0.0,0.0,0.05854408612337478,0.000998111700970109,0.05370612463267742,0.8857535635365881,0.000998111700970109
55,2.37402734325934,4.74805468651868,-0.0003379831820624466,0.000998082502822702,3.9375,0.34375,-0.34375,5.615077082999051,-9.558081897721017,0.39479497641265865,0.8067793746789297,0.0014797565915311377,0.0,0.0,0.053349657832378786,0.000998082502822702,0.04921823467076239,0.895435942189088,0.000998082502822702
56,2.37392360524992,4.74784721049984,0.0007771169760188416,0.0009980457957091081,4.09375,-0.4296875,0.4296875,5.8053936249925755,-8.570750465411857,0.3306432663399072,0.8267013803124428,0.0015985674302404125,0.0,0.0,0.042298918002541,0.0009980457957091081,0.03932891091250082,0.9163760815867941,0.0009980457957091081
57,2.3740680972590114,4.748136194518023,-0.0003909517268120891,0.0009980297501552334,3.953125,0.6171875,-0.6171875,5.638930374989286,-6.057913116921324,0.2988683082634517,0.8418561841050783,0.0016009649164819468,0.0,0.0,0.03673167753846867,0.0009980297501552334,0.03415296026625166,0.9271192952342655,0.0009980297501552334
58,2.374144484136942,4.748288968273884,-0.00032187522995832805,0.0009980137760374026,4.3046875,-0.234375,0.234375,6.126915708009619,-7.157760670862,0.23591498036052483,0.8301465685168902,0.0014727929519722238,0.0,0.0,0.026803721360669566,0.0009980137760374026,0.024756282086681892,0.9464439692384751,0.0009980137760374026
59,2.3740737318820866,4.748147463764173,-0.0006862953623184034,0.0009980115320127553,4.265625,0.28125,-0.28125,6.118498083029408,-11.058869732023062,0.2137376080802727,0.8495475153128306,0.0015565486246487126,0.0,0.0,0.0234560405369848,0.0009980115320127553,0.02229515403328334,0.9522527850372887,0.0009980115320127553
60,2.3740256250839993,4.748051250167999,0.0001845621443591971,0.0009980090151888333,3.9375,-0.5,0.5,5.60912062501302,-7.688843191380805,0.19547547973574153,0.9048646663626035,0.00177796200538675,0.0,0.0,0.020711768214592696,0.0009980090151888333,0.020151969794708763,0.9571402418234992,0.0009980090151888333
61,2.373947740016924,4.747895480033848,0.0003463248457517961,0.0009979935497506907,4.2578125,-0.5859375,0.5859375,6.04771533299936,-11.741855426714288,0.15286337023071192,0.9101637452840805,0.0017376640947380413,0.0,0.0,0.014989272775897466,0.0009979935497506907,0.014605187787887974,0.9684095460340517,0.0009979935497506907
62,2.3740162259659074,4.748032451931815,-0.0005951210249757824,0.0009979361820414497,4.1953125,-0.0625,0.0625,6.014799084048718,-11.909127858183014,0.12938376326023757,0.9093331868449847,0.0016403063976516326,0.0,0.0,0.011953553016855967,0.0009979361820414497,0.01188493995156375,0.9741656246354016,0.0009979361820414497
63,2.3739610925963675,4.747922185192735,-0.00038925433484192725,0.0009978607587873575,4.1953125,-0.515625,0.515625,5.919177667004988,-12.457711951127429,0.11079462643997186,0.9305775240063667,0.0017059654977250223,0.0,0.0,0.009486468438383407,0.0009978607587873575,0.009507724005049113,0.979010086929776,0.0009978607587873575
64,2.37395906873086,4.74791813746172,0.0003094248610937375,0.0009977342164721127,4.109375,0.484375,-0.484375,5.837720500014257,-14.483433681979658,0.0921767274194004,0.938861794769764,0.00168899987572028,0.0,0.0,0.007243989674222192,0.0009977342164721127,0.007477683405358231,0.9832828668133841,0.0009977342164721127
65,2.3738690482067346,4.747738096413469,-0.0014239731287787889,0.0009976361134535394,4.2265625,-0.78125,0.78125,6.032675500027835,-14.611976935486963,0.07393129848894042,0.9323287407557169,0.00158682007167954,0.0,0.0,0.00519062513025054,0.0009976361134535394,0.00541600455119414,0.98739810395373,0.0009976361134535394
66,2.373943151236847,4.747886302473694,0.0002615251736046518,0.0009976049859123015,3.7734375,-0.3046875,0.3046875,5.326406583015341,-17.06322126984119,0.06962518964741787,0.9845138937234879,0.0017604651948204264,0.0,0.0,0.004623709166736783,0.0009976049859123015,0.005025062898769743,0.9883560282843453,0.0009976049859123015
67,2.374049107917758,4.748098215835516,-0.0010331466392511288,0.0009973350894776185,4.3515625,-0.328125,0.328125,6.19119691697415,-18.887129346364908,0.05150169276597256,0.981413538257281,0.0019044694151186075,0.0,0.0,0.002774675653434795,0.0009973350894776185,0.0030304538976414466,0.9922002110917864,0.0009973350894776185
68,2.374039198867008,4.748078397734016,0.0008403329742869873,0.0009971968768245196,4.1484375,0.59375,-0.59375,5.871899499965366,-12.904903856138866,0.04932955675626879,0.9885978574554125,0.0018352882519441966,0.0,0.0,0.0025192185306374382,0.0009971968768245196,0.0028619685472496092,0.99262443807839,0.0009971968768245196
69,2.3740765679936007,4.748153135987201,-0.001180346144709552,0.0009969343835520015,4.0859375,-0.6875,0.6875,5.960868125024717,-21.32887735179484,0.04045368164749264,0.9954165617624918,0.0018974116537719965,0.0,0.0,0.0016979334880838288,0.0009969343835520015,0.0019073651050240598,0.9944008573975207,0.0009969343835520015
70,2.373969967873146,4.747939935746292,-0.0019875764590303407,0.0009968441470638212,3.9609375,-0.1953125,0.1953125,5.625992625020444,-12.673594373445606,0.0384962361460254,1.0113068049152691,0.0019128665104896452,0.0,0.0,0.0015126680854259747,0.0009968441470638212,0.0017041927828091606,0.9947894766956157,0.0009968441470638212
71,2.373959114496878,4.747918228993756,-0.0019311774528102943,0.0009966334896398786,4.3046875,-0.1328125,0.1328125,6.097171625006013,-9.906681353493306,0.0366746819022022,1.0152559280395508,0.0019240728482448806,0.0,0.0,0.0013576605316663935,0.0009966334896398786,0.0015297644307241925,0.9951193352143691,0.0009966334896398786
72,2.373892340885887,4.747784681771774,0.0007564876372279148,0.0009965062900838032,4.1796875,-0.1796875,0.1796875,5.953020291985013,-19.99009347724405,0.03497136704554068,1.015640099843343,0.0018856524887572352,0.0,0.0,0.0012273262690091244,0.0009965062900838032,0.0013650297372227657,0.9954146576819018,0.0009965062900838032
73,2.373828327530021,4.747656655060042,-0.0011525002252442019,0.0009964134690458536,3.953125,0.03125,-0.03125,5.605572916974779,-23.27261936414277,0.03395736952985935,1.0385903269052505,0.0019364858211095755,0.0,0.0,0.0011487411677454536,0.0009964134690458536,0.0012556981521275763,0.9956027662801177,0.0009964134690458536
74,2.373805885417788,4.747611770835576,-0.0025379803727928227,0.0009963583363238357,3.984375,-0.1484375,0.1484375,5.711796457995661,-13.98068349133213,0.03284010669472171,1.0732241223255794,0.002082950978850325,0.0,0.0,0.0010694300363242042,0.0009963583363238357,0.0011399886018468761,0.9957978983720144,0.0009963583363238357
75,2.373574469202656,4.747148938405312,0.0011254155087024294,0.0009962331268682399,4.296875,0.3046875,-0.3046875,6.043013625021558,-27.508591583185705,0.03227113042365421,1.0435730318228404,0.0019194191457548488,0.0,0.0,0.0010353598136200824,0.0009962331268682399,0.001079057471149347,0.99589315533638,0.0009962331268682399
76,2.373416906285602,4.746833812571204,-0.002307518150838715,0.0009961859437519075,4.1328125,0.0234375,-0.0234375,5.833892124996055,-14.766028521213817,0.03191023946709804,1.0720039854447048,0.0019086279353359714,0.0,0.0,0.001013499552591762,0.0009961859437519075,0.0010415996651082441,0.9959525672159033,0.0009961859437519075
77,2.3733681958489754,4.746736391697951,2.342780778998271e-05,0.000996165712465449,3.9453125,-0.1171875,0.1171875,5.591733625042252,-29.441046330529453,0.03191915274699136,1.0828227251768112,0.0019236800872022286,0.0,0.0,0.0010118742464202465,0.000996165712465449,0.0010434553382162115,0.9959523804116958,0.000996165712465449
78,2.3733173671000505,4.746634734200101,0.0018269677322262704,0.0009961171854971623,4.2109375,-0.109375,0.109375,5.934452124987729,-36.79314346122622,0.03166098533291543,1.0907145142555237,0.001916040603343087,0.0,0.0,0.0009995940217406166,0.0009961171854971623,0.001015011045791499,0.9959932014981979,0.0009961171854971623
79,2.3732694953054034,4.746538990610807,-0.0009075460667937609,0.0009960973420224729,4.1015625,-0.5,0.5,6.011930915992707,-27.95515612142205,0.03159764064209802,1.0871800184249878,0.0019092042445360373,0.0,0.0,0.0009960973420224729,0.0009960973420224729,0.0010085309751420503,0.9960032150858924,0.0009960973420224729
80,2.3732273022536567,4.7464546045073135,0.00034745359363631676,0.0009960766267290131,4.21875,0.296875,-0.296875,5.987801083014347,-27.21705740956827,0.031539034174272305,1.0927186508973439,0.0019013194784444447,0.0,0.0,0.0009960766267290131,0.0009960766267290131,0.000999658756363378,0.9960121524554711,0.0009960766267290131
81,2.3731567381679426,4.746313476335885,-0.00043245160311012227,0.00099605836365477,4.15625,-0.4140625,0.4140625,5.894362374965567,-25.804157157959786,0.03151409243954752,1.1131507654984791,0.002063802079646848,0.0,0.0,0.00099605836365477,0.00099605836365477,0.00099605836365477,0.9960158048267651,0.00099605836365477
82,2.373208954162723,4.746417908325446,-0.0011248056827793222,0.000996046816222298,4.0703125,0.0625,-0.0625,5.841891083982773,-44.71623062242203,0.0315137774667447,1.1342519174019496,0.002100803486731214,0.0,0.0,0.000996046816222298,0.000996046816222298,0.000996046816222298,0.9960158468436828,0.000996046816222298
83,2.3729654836148617,4.745930967229723,-2.386334281600627e-05,0.0009960312374134256,4.1875,-0.2734375,0.2734375,5.938741625053808,-38.3471574416593,0.03151334626878153,1.1166189710299175,0.0020225572516210377,0.0,0.0,0.0009960312374134256,0.0009960312374134256,0.0009960312374134256,0.9960159098924096,0.0009960312374134256
84,2.3729930960306653,4.745986192061331,-0.0015449253629616333,0.0009960284485120553,4.2109375,-1.2109375,1.2109375,5.993052709032781,-37.52897672451936,0.03151326896778285,1.1451753775278728,0.0020698384808686874,0.0,0.0,0.0009960284485120553,0.0009960284485120553,0.0009960284485120553,0.9960159209309792,0.0009960284485120553
85,2.373031926564895,4.74606385312979,0.0009553880797205783,0.0009960216676683548,4.1640625,0.5703125,-0.5703125,5.929873500019312,-49.17097151233831,0.031513084404128575,1.1484434107939403,0.002050596784101799,0.0,0.0,0.0009960216676683548,0.0009960216676683548,0.0009960216676683548,0.9960159452502768,0.0009960216676683548
86,2.373048062177594,4.746096124355188,-5.8255364940918065e-05,0.000996019333422951,4.25,0.125,-0.125,6.0160825829952955,-33.824759579688205,0.031513018697938495,1.1654244263966878,0.0020838258787989616,0.0,0.0,0.000996019333422951,0.000996019333422951,0.000996019333422951,0.9960159556392361,0.000996019333422951
87,2.372950218288424,4.745900436576848,0.0005137599620022343,0.0009960182776142443,4.1015625,0.421875,-0.421875,5.79247820796445,-32.440741097909324,0.031512989692744756,1.1887065023183823,0.0021509878376188376,0.0,0.0,0.0009960182776142443,0.0009960182776142443,0.0009960182776142443,0.9960159595807393,0.0009960182776142443
88,2.3728980656144163,4.745796131228833,-0.0003172825281671488,0.000996017015293344,3.9375,-0.0078125,0.0078125,5.603277374990284,-25.629455596312045,0.03151295623845524,1.193972796201706,0.0021815975584710636,0.0,0.0,0.000996017015293344,0.000996017015293344,0.000996017015293344,0.9960159631002516,0.000996017015293344
89,2.372892536410322,4.745785072820644,-0.0003161288150146539,0.0009960167128675883,4.375,-0.1484375,0.1484375,6.335910708003212,-31.005578389424564,0.0315129472940628,1.1910000344117482,0.0020934815887206546,0.0,0.0,0.0009960167128675883,0.0009960167128675883,0.0009960167128675883,0.9960159648741994,0.0009960167128675883
90,2.372832011136606,4.745664022273212,-0.0006002637524952904,0.0009960164746632223,4.4140625,0.3046875,-0.3046875,6.211531332985032,-50.32517620292121,0.03151294155194696,1.2164002309242885,0.002210563194239512,0.0,0.0,0.0009960164746632223,0.0009960164746632223,0.0009960164746632223,0.9960159649891136,0.0009960164746632223
91,2.3728623984291355,4.745724796858271,-0.00047492039541403695,0.0009960163192882278,4.2109375,-0.6484375,0.6484375,6.052335624990519,-40.19619315367448,0.03151293679491266,1.2341801176468532,0.002181370713515207,0.0,0.0,0.0009960163192882278,0.0009960163192882278,0.0009960163192882278,0.9960159659385681,0.0009960163192882278
92,2.3728542728994504,4.745708545798901,0.0013292815394965185,0.0009960161978971869,4.171875,0.8828125,-0.8828125,5.91657399997348,-35.26708425050915,0.03151293383555466,1.2458833456039429,0.00225759963116919,0.0,0.0,0.0009960161978971869,0.0009960161978971869,0.0009960161978971869,0.9960159659385681,0.0009960161978971869
93,2.372881330155024,4.745762660310048,-0.0009879655041646924,0.0009960161691203657,4.171875,-0.359375,0.359375,5.917355666984804,-38.88645073394064,0.03151293311002996,1.259349063038826,0.002237069207088401,0.0,0.0,0.0009960161691203657,0.0009960161691203657,0.0009960161691203657,0.9960159659385681,0.0009960161691203657
94,2.3729193455474453,4.745838691094891,-0.000296332447990977,0.0009960161316065262,4.0625,0.3359375,-0.3359375,5.835715833993163,-45.667915036586614,0.031512932207148805,1.2821601927280426,0.0022581697509546452,0.0,0.0,0.0009960161316065262,0.0009960161316065262,0.0009960161316065262,0.9960159659385681,0.0009960161316065262
95,2.373033313335611,4.746066626671222,-0.0032987496790706874,0.0009960161204212576,4.109375,-1.0234375,1.0234375,5.802485375024844,-53.08771564448854,0.03151293193121147,1.3239809721708298,0.0025008777253484973,0.0,0.0,0.0009960161204212576,0.0009960161204212576,0.0009960161204212576,0.9960159659385681,0.0009960161204212576
96,2.3730758150373195,4.746151630074639,-0.0025671972654012173,0.0009960161067813014,4.1328125,0.2421875,-0.2421875,5.978345207986422,-68.20357129179885,0.0315129316723527,1.3389919251203537,0.0024779072458234928,0.0,0.0,0.0009960161067813014,0.0009960161067813014,0.0009960161067813014,0.9960159659385681,0.0009960161067813014
97,2.3730111994881775,4.746022398976355,-0.000574997767811124,0.0009960160926069826,4.2578125,-0.1796875,0.1796875,6.122787582979072,-72.84462841262511,0.031512931235339665,1.343309094508489,0.0024759711135023585,0.0,0.0,0.0009960160926069826,0.0009960160926069826,0.0009960160926069826,0.9960159659385681,0.0009960160926069826
98,2.3729278522874497,4.7458557045748995,0.0014289429115540836,0.0009960160870967365,4.21875,-0.390625,0.390625,5.989707083965186,-66.76765466597345,0.03151293114103653,1.3641612827777863,0.0024132056666227677,0.0,0.0,0.0009960160870967365,0.0009960160870967365,0.0009960160870967365,0.9960159659385681,0.0009960160870967365
99,2.372924429166829,4.745848858333658,0.0006730779070953457,0.0009960160843013582,4.203125,0.609375,-0.609375,6.1762363750021905,-69.36614635232905,0.031512931051584425,1.3400223503510158,0.002296961824564884,0.0,0.0,0.0009960160843013582,0.0009960160843013582,0.0009960160843013582,0.9960159659385681,0.0009960160843013582
100,2.372985772645187,4.745971545290374,0.0006805081192196845,0.00099601608235389,4.265625,-0.1015625,0.1015625,6.14426575001562,-32.57459067163013,0.03151293098926544,1.3477551539738972,0.0023268749864655547,0.0,0.0,0.00099601608235389,0.00099601608235389,0.00099601608235389,0.9960159659385681,0.00099601608235389
101,2.373180898376531,4.746361796753062,-0.0013688682655214836,0.00099601608235389,4.21875,-0.90625,0.90625,6.082918833999429,-67.15116046832668,0.03151293098926544,1.3534467617670696,0.00239238048864839,0.0,0.0,0.00099601608235389,0.00099601608235389,0.00099601608235389,0.9960159659385681,0.00099601608235389
102,2.3733405035500335,4.746681007100067,-0.0006911016638478931,0.00099601608235389,4.203125,-1.0390625,1.0390625,6.018783540988807,-75.70774362538162,0.03151293098926544,1.3564956883589427,0.0024189302736582854,0.0,0.0,0.00099601608235389,0.00099601608235389,0.00099601608235389,0.9960159659385681,0.00099601608235389
103,2.3734489653010415,4.746897930602083,-0.0021004095135046842,0.00099601608235389,4.0625,-0.1015625,0.1015625,5.838357999979053,-77.87540371320569,0.03151293098926544,1.3845216234525044,0.002427460237716635,0.0,0.0,0.00099601608235389,0.00099601608235389,0.00099601608235389,0.9960159659385681,0.00099601608235389
104,2.3734923215795636,4.746984643159127,-0.0008519738915688367,0.00099601608235389,4.2734375,-0.328125,0.328125,6.154967374983244,-59.16561993057593,0.03151293098926544,1.402033229668935,0.0025291446169527867,0.0,0.0,0.00099601608235389,0.00099601608235389,0.00099601608235389,0.9960159659385681,0.00099601608235389
105,2.3736393274356375,4.747278654871275,-0.00014559993624219334,0.00099601608235389,4.3359375,0.0703125,-0.0703125,6.169152832997497,-66.98085228913538,0.03151293098926544,1.4114298075437546,0.002456425145889322,0.0,0.0,0.00099601608235389,0.00099601608235389,0.00099601608235389,0.9960159659385681,0.00099601608235389
106,2.373783018966315,4.74756603793263,0.00129757054891981,0.00099601608235389,3.8359375,-0.1796875,0.1796875,5.595279207977001,-61.8602947057993,0.03151293098926544,1.444812387228012,0.002494369682002192,0.0,0.0,0.00099601608235389,0.00099601608235389,0.00099601608235389,0.9960159659385681,0.00099601608235389
107,2.374013278418677,4.748026556837354,-0.0017316376590395634,0.00099601608235389,4.1171875,-0.5234375,0.5234375,5.94859704101691,-83.64656217444328,0.03151293098926544,1.4481942405303319,0.002425772438679511,0.0,0.0,0.00099601608235389,0.00099601608235389,0.00099601608235389,0.9960159659385681,0.00099601608235389
108,2.3741544038289044,4.748308807657809,-0.0014275458786447575,0.00099601608235389,4.15625,0.0078125,-0.0078125,5.959264834003989,-101.25870438698763,0.03151293098926544,1.4770932545264561,0.0025528803428945443,0.0,0.0,0.00099601608235389,0.00099601608235389,0.00099601608235389,0.9960159659385681,0.00099601608235389
109,2.3742525830668795,4.748505166133759,-0.002534327077289726,0.00099601608235389,4.0078125,-0.609375,0.609375,5.90350691601634,-68.79848019450496,0.03151293098926544,1.5045772939920425,0.0026511838999188817,0.0,0.0,0.00099601608235389,0.00099601608235389,0.00099601608235389,0.9960159659385681,0.00099601608235389
110,2.37446959109887,4.74893918219774,-0.0011922461864080447,0.00099601608235389,4.0703125,0.7578125,-0.7578125,5.796348540985491,-98.12321697470094,0.03151293098926544,1.5289034495751064,0.002579938300186768,0.0,0.0,0.00099601608235389,0.00099601608235389,0.00099601608235389,0.9960159659385681,0.00099601608235389
111,2.374694835213124,4.749389670426248,-0.0033761550180780526,0.00099601608235389,4.2734375,-1.0546875,1.0546875,6.205780040996615,-88.00277456003744,0.03151293098926544,1.4930201520522435,0.002455817952674503,0.0,0.0,0.00099601608235389,0.00099601608235389,0.00099601608235389,0.9960159659385681,0.00099601608235389
112,2.3748992197299605,4.749798439459921,-0.0016177922397458886,0.00099601608235389,4.2734375,-0.6328125,0.6328125,6.105384583002888,-75.04032674818632,0.03151293098926544,1.4830603847901027,0.0024948959956721715,0.0,0.0,0.00099601608235389,0.00099601608235389,0.00099601608235389,0.9960159659385681,0.00099601608235389
113,2.3751290962622282,4.7502581925244565,-0.0021182867269682387,0.00099601608235389,4.109375,-0.2734375,0.2734375,5.870888708042912,-96.36843397805445,0.03151293098926544,1.5093649923801422,0.00270084326621145,0.0,0.0,0.00099601608235389,0.00099601608235389,0.00099601608235389,0.9960159659385681,0.00099601608235389
114,2.3753418125936765,4.750683625187353,-0.0016987168955227099,0.00099601608235389,4.1484375,0.578125,-0.578125,5.949455750000197,-108.47127706901277,0.03151293098926544,1.5638504723707836,0.0028148214138733843,0.0,0.0,0.00099601608235389,0.00099601608235389,0.00099601608235389,0.9960159659385681,0.00099601608235389
115,2.3754694920423347,4.750938984084669,-4.582960451143047e-05,0.00099601608235389,4.15625,-0.1171875,0.1171875,5.967725957976654,-94.1177042488541,0.03151293098926544,1.5488453110059102,0.0027165015053469688,0.0,0.0,0.00099601608235389,0.00099601608235389,0.00099601608235389,0.9960159659385681,0.00099601608235389
116,2.375670921741686,4.751341843483372,-0.0009718471944834921,0.00099601608235389,4.125,0.1015625,-0.1015625,5.973162499954924,-102.15979886213036,0.03151293098926544,1.5709741363922756,0.0026025739789474756,0.0,0.0,0.00099601608235389,0.00099601608235389,0.00099601608235389,0.9960159659385681,0.00099601608235389
117,2.375873892153824,4.751747784307648,-0.0008043916310387742,0.00099601608235389,4.09375,-0.34375,0.34375,5.828355834004469,-73.4227575809901,0.03151293098926544,1.601470078031222,0.002815483157367756,0.0,0.0,0.00099601608235389,0.00099601608235389,0.00099601608235389,0.9960159659385681,0.00099601608235389
118,2.3760125329907917,4.7520250659815835,0.0001720134673402307,0.00099601608235389,4.2578125,-0.4375,0.4375,6.038115874980576,-87.22096773484431,0.03151293098926544,1.6162047286828358,0.0027971136829971024,0.0,0.0,0.00099601608235389,0.00099601608235389,0.00099601608235389,0.9960159659385681,0.00099601608235389
119,2.376267330528014,4.752534661056028,-0.0005133891719822461,0.00099601608235389,4.25,0.390625,-0.390625,6.187651582993567,-88.22426740627955,0.03151293098926544,1.6207967102527618,0.0028306447493378073,0.0,0.0,0.00099601608235389,0.00099601608235389,0.00099601608235389,0.9960159659385681,0.00099601608235389
120,2.3766287701279336,4.753257540255867,-0.0001917424673605169,0.00099601608235389,4.1640625,-0.390625,0.390625,5.975116208021063,-78.54653408267932,0.03151293098926544,1.5871162513891857,0.0026853424205910414,0.0,0.0,0.00099601608235389,0.00099601608235389,0.00099601608235389,0.9960159659385681,0.00099601608235389
121,2.3768335204483844,4.753667040896769,-0.0023197774020277473,0.00099601608235389,4.15625,0.125,-0.125,6.0095974169671535,-121.38930474804309,0.03151293098926544,1.61965877811114,0.002770668647523659,0.0,0.0,0.00099601608235389,0.00099601608235389,0.00099601608235389,0.9960159659385681,0.00099601608235389
122,2.3769661028512514,4.753932205702503,0.0005235396004310685,0.00099601608235389,4.25,0.2578125,-0.2578125,6.058274250011891,-112.82932327183731,0.03151293098926544,1.6600490262111027,0.0030468374025076628,0.0,0.0,0.00099601608235389,0.00099601608235389,0.00099601608235389,0.9960159659385681,0.00099601608235389
123,2.3771392041528054,4.754278408305611,-0.0013255638628501215,0.00099601608235389,4.0546875,-0.203125,0.203125,5.745470875001047,-148.45615657216553,0.03151293098926544,1.7039064764976501,0.003127987937962947,0.0,0.0,0.00099601608235389,0.00099601608235389,0.00099601608235389,0.9960159659385681,0.00099601608235389
124,2.377317229596954,4.754634459193908,-0.004280923347997378,0.00099601608235389,4.1484375,-0.5625,0.5625,5.895802874991205,-180.4755192110543,0.03151293098926544,1.718587373693784,0.0031293104111682624,0.0,0.0,0.00099601608235389,0.00099601608235389,0.00099601608235389,0.9960159659385681,0.00099601608235389
125,2.3775087884002244,4.755017576800449,-0.003298631962459552,0.00099601608235389,4.1875,-0.0078125,0.0078125,6.0147188330302015,-129.90601631431883,0.03151293098926544,1.7026930997769039,0.003023600952777391,0.0,0.0,0.00099601608235389,0.00099601608235389,0.00099601608235389,0.9960159659385681,0.00099601608235389
126,2.3777022153167486,4.755404430633497,-0.0041710823949463365,0.00099601608235389,4.1015625,0.453125,-0.453125,5.882116833003238,-120.28708764859608,0.03151293098926544,1.7272939831018448,0.0030592769811240337,0.0,0.0,0.00099601608235389,0.00099601608235389,0.00099601608235389,0.9960159659385681,0.00099601608235389
127,2.3779323758645674,4.755864751729135,-0.007393496167292646,0.00099601608235389,4.15625,-0.15625,0.15625,5.940760334022343,-124.07641594918599,0.03151293098926544,1.722669079899788,0.00299994254601188,0.0,0.0,0.00099601608235389,0.00099601608235389,0.00099601608235389,0.9960159659385681,0.00099601608235389
128,2.3781896439955026,4.756379287991005,-0.005721525697712776,0.00099601608235389,4.0546875,-0.609375,0.609375,5.757450125005562,-120.9809929169212,0.03151293098926544,1.7474410583575566,0.003031040891073644,0.0,0.0,0.00099601608235389,0.00099601608235389,0.00099601608235389,0.9960159659385681,0.00099601608235389
129,2.3784053454527667,4.756810690905533,-0.0014963708034563474,0.00099601608235389,4.1953125,-1.328125,1.328125,6.0807877909974195,-160.0659484034144,0.03151293098926544,1.7721398423115413,0.0031328171122974404,0.0,0.0,0.00099601608235389,0.00099601608235389,0.00099601608235389,0.9960159659385681,0.00099601608235389
130,2.3787556918404564,4.757511383680913,-0.0023478773795949782,0.00099601608235389,4.1796875,0.1015625,-0.1015625,6.032628000015393,-176.36876343689232,0.03151293098926544,1.7765788435935974,0.0030200624460121617,0.0,0.0,0.00099601608235389,0.00099601608235389,0.00099601608235389,0.9960159659385681,0.00099601608235389
131,2.378985247395289,4.757970494790578,0.002695354842408551,0.00099601608235389,4.046875,0.359375,-0.359375,5.7704923750134185,-171.54737062240198,0.03151293098926544,1.7994960347811382,0.0030194610153557733,0.0,0.0,0.00099601608235389,0.00099601608235389,0.00099601608235389,0.9960159659385681,0.00099601608235389
132,2.379176014905481,4.758352029810962,-0.0010701838798269035,0.00099601608235389,4.1484375,-0.09375,0.09375,5.964408541040029,-147.70859830572556,0.03151293098926544,1.8137445449829102,0.0031613617029506713,0.0,0.0,0.00099601608235389,0.00099601608235389,0.00099601608235389,0.9960159659385681,0.00099601608235389
133,2.3792258110764615,4.758451622152923,0.001345900016831363,0.00099601608235389,4.078125,0.09375,-0.09375,5.914542958023958,-84.01002421073073,0.03151293098926544,1.8623436937729518,0.0032789776547967144,0.0,0.0,0.00099601608235389,0.00099601608235389,0.00099601608235389,0.9960159659385681,0.00099601608235389
134,2.3794270019781094,4.758854003956219,-0.0019216008327210606,0.00099601608235389,4.2421875,0.0,0.0,6.099273000028916,-148.14663758001274,0.03151293098926544,1.8710166811943054,0.0032857615345468125,0.0,0.0,0.00099601608235389,0.00099601608235389,0.00099601608235389,0.9960159659385681,0.00099601608235389
135,2.379562317123135,4.75912463424627,0.000140181115420144,0.00099601608235389,4.0625,0.0390625,-0.0390625,5.8024415409890935,-226.63231700681723,0.03151293098926544,1.8431372493505478,0.0031032442736128965,0.0,0.0,0.00099601608235389,0.00099601608235389,0.00099601608235389,0.9960159659385681,0.00099601608235389
136,2.3798274932244583,4.759654986448917,0.0013806998319162505,0.00099601608235389,4.0859375,0.03125,-0.03125,5.904421209008433,-169.3110036229996,0.03151293098926544,1.8357276221116383,0.0029695499688386917,0.0,0.0,0.00099601608235389,0.00099601608235389,0.00099601608235389,0.9960159659385681,0.00099601608235389
137,2.3800243420379315,4.760048684075863,0.0007880140586764305,0.00099601608235389,4.078125,-0.375,0.375,5.808724040980451,-178.0460557560811,0.03151293098926544,1.8819468766450882,0.0031739735568407923,0.0,0.0,0.00099601608235389,0.00099601608235389,0.00099601608235389,0.9960159659385681,0.00099601608235389
138,2.3801192066619095,4.760238413323819,-0.005027789258455026,0.00099601608235389,4.109375,-0.2421875,0.2421875,5.90123349998612,-163.8504811552541,0.03151293098926544,1.9106713036696117,0.003277439303928986,0.0,0.0,0.00099601608235389,0.00099601608235389,0.00099601608235389,0.9960159659385681,0.00099601608235389
139,2.380236957871036,4.760473915742072,-0.0023405254725808395,0.00099601608235389,4.1171875,-0.8359375,0.8359375,6.031710374983959,-188.5000275448106,0.03151293098926544,1.9075867782036464,0.0031473258956490704,0.0,0.0,0.00099601608235389,0.00099601608235389,0.00099601608235389,0.9960159659385681,0.00099601608235389
140,2.3804802353354737,4.760960470670947,-0.002279310359510169,0.00099601608235389,4.203125,0.296875,-0.296875,5.967673000006471,-165.56694552379912,0.03151293098926544,1.8922325869401295,0.0030833770676205554,0.0,0.0,0.00099601608235389,0.00099601608235389,0.00099601608235389,0.9960159659385681,0.00099601608235389
141,2.380660764554843,4.761321529109686,-0.0028657204817978334,0.00099601608235389,4.2109375,-0.46875,0.46875,6.016034791013226,-154.9534549589281,0.03151293098926544,1.9096468687057495,0.0031384809408336878,0.0,0.0,0.00099601608235389,0.00099601608235389,0.00099601608235389,0.9960159659385681,0.00099601608235389
142,2.380956907311363,4.761913814622726,-0.002189099824555752,0.00099601608235389,4.2265625,-0.078125,0.078125,6.015026958019007,-150.53485322417262,0.03151293098926544,1.9285047600666683,0.003225296502932906,0.0,0.0,0.00099601608235389,0.00099601608235389,0.00099601608235389,0.9960159659385681,0.00099601608235389
143,2.3809914710393825,4.761982942078765,-0.00480539975227314,0.00099601608235389,4.2109375,-0.046875,0.046875,6.0908290830557235,-272.4010708570923,0.03151293098926544,1.921780029932658,0.003224748147961994,0.0,0.0,0.00099601608235389,0.00099601608235389,0.00099601608235389,0.9960159659385681,0.00099601608235389
144,2.381044938960035,4.76208987792007,-0.003584605416672603,0.00099601608235389,4.15625,-0.1015625,0.1015625,5.970135000010487,-268.8377311747325,0.03151293098926544,1.9241793553034465,0.0031032488914206624,0.0,0.0,0.00099601608235389,0.00099601608235389,0.00099601608235389,0.9960159659385681,0.00099601608235389
145,2.3812163166667455,4.762432633333491,-0.003823015470581969,0.00099601608235389,4.1484375,0.046875,-0.046875,5.902571915998124,-270.7575161050718,0.03151293098926544,1.9695581942796707,0.0032590463039620468,0.0,0.0,0.00099601608235389,0.00099601608235389,0.00099601608235389,0.9960159659385681,0.00099601608235389
146,2.381335268673221,4.762670537346442,-0.004143266598098983,0.00099601608235389,4.203125,-0.484375,0.484375,6.066809416981414,-256.4692827596097,0.03151293098926544,1.9583498537540436,0.0033218044069750854,0.0,0.0,0.00099601608235389,0.00099601608235389,0.00099601608235389,0.9960159659385681,0.00099601608235389
147,2.3814820616120524,4.762964123224105,-0.0038416461040114234,0.00099601608235389,4.2109375,-0.203125,0.203125,6.040794542001095,-246.77617207882798,0.03151293098926544,1.9563311835130055,0.003242978302296251,0.0,0.0,0.00099601608235389,0.00099601608235389,0.00099601608235389,0.9960159659385681,0.00099601608235389
148,2.381575171048246,4.763150342096492,-0.005401367596652493,0.00099601608235389,4.3125,0.5625,-0.5625,6.238080249982886,-302.66597029458785,0.03151293098926544,1.9162621001402538,0.0030086181844429425,0.0,0.0,0.00099601608235389,0.00099601608235389,0.00099601608235389,0.9960159659385681,0.00099601608235389
149,2.381827922431003,4.763655844862006,-0.0013693936931722843,0.00099601608235389,4.015625,0.578125,-0.578125,5.931825292005669,-287.4682619801291,0.03151293098926544,1.9535828083753586,0.0031677989075736455,0.0,0.0,0.00099601608235389,0.00099601608235389,0.00099601608235389,0.9960159659385681,0.00099601608235389
150,2.381923782960193,4.763847565920386,-0.003743189621922524,0.00099601608235389,4.171875,-0.109375,0.109375,5.981944667000789,-260.8690178226889,0.03151293098926544,1.983653614918391,0.003425770361597339,0.0,0.0,0.00099601608235389,0.00099601608235389,0.00099601608235389,0.9960159659385681,0.00099601608235389
151,2.3820138989922377,4.764027797984475,-0.0059121683259337155,0.00099601608235389,4.2265625,-0.5546875,0.5546875,6.036119292024523,-258.05963118151243,0.03151293098926544,2.020896479487419,0.003600177228994047,0.0,0.0,0.00099601608235389,0.00099601608235389,0.00099601608235389,0.9960159659385681,0.00099601608235389
152,2.382139082075268,4.764278164150536,-0.0047356634128050325,0.00099601608235389,4.0234375,0.1171875,-0.1171875,5.851779958000407,-379.0958904585792,0.03151293098926544,1.9761846313873928,0.0032565086342704794,0.0,0.0,0.00099601608235389,0.00099601608235389,0.00099601608235389,0.9960159659385681,0.00099601608235389
153,2.3821983456753735,4.764396691350747,-0.006723942849781082,0.00099601608235389,4.421875,-0.765625,0.765625,6.329822041967418,-365.559923057632,0.03151293098926544,1.9554321318864822,0.0032577874565807483,0.0,0.0,0.00099601608235389,0.00099601608235389,0.00099601608235389,0.9960159659385681,0.00099601608235389
154,2.3822307207903446,4.764461441580689,-0.00529008449557808,0.00099601608235389,4.1328125,-0.203125,0.203125,5.917013375030365,-267.89614689845894,0.03151293098926544,2.011730283498764,0.0035748586524277925,0.0,0.0,0.00099601608235389,0.00099601608235389,0.00099601608235389,0.9960159659385681,0.00099601608235389
155,2.3824117226238775,4.764823445247755,-0.004986872666283383,0.00099601608235389,4.3203125,-0.15625,0.15625,6.157374000002164,-192.8471963039143,0.03151293098926544,2.029732550183932,0.0034707755548879504,0.0,0.0,0.00099601608235389,0.00099601608235389,0.00099601608235389,0.9960159659385681,0.00099601608235389
156,2.3825857972978954,4.765171594595791,-0.002035504904096113,0.00099601608235389,4.15625,-0.1328125,0.1328125,5.990900334028993,-212.94053352909876,0.03151293098926544,2.0400326351324716,0.0034175487720252327,0.0,0.0,0.00099601608235389,0.00099601608235389,0.00099601608235389,0.9960159659385681,0.00099601608235389
157,2.3827242152785733,4.7654484305571465,-0.007124010784300034,0.00099601608235389,4.0546875,-0.1015625,0.1015625,5.8045189589611255,-248.30832376553604,0.03151293098926544,2.047130604585012,0.003457596933003515,0.0,0.0,0.00099601608235389,0.00099601608235389,0.00099601608235389,0.9960159659385681,0.00099601608235389
158,2.382906063982115,4.76581212796423,-0.002315180931855546,0.00099601608235389,4.2265625,-0.5,0.5,6.083730084006675,-321.0751612142362,0.03151293098926544,2.070063362518946,0.0035876070032827556,0.0,0.0,0.00099601608235389,0.00099601608235389,0.00099601608235389,0.9960159659385681,0.00099601608235389
159,2.383039378801979,4.766078757603958,-0.0018500098938668877,0.00099601608235389,4.3671875,-0.3203125,0.3203125,6.31117441697279,-313.84755818873697,0.03151293098926544,2.0723386108875275,0.003506792893555636,0.0,0.0,0.00099601608235389,0.00099601608235389,0.00099601608235389,0.9960159659385681,0.00099601608235389
160,2.383046544047911,4.766093088095822,0.003411894939076394,0.00099601608235389,4.3046875,-0.046875,0.046875,6.139711334020831,-338.8839165593232,0.03151293098926544,2.102256422241529,0.0036610435345210135,0.0,0.0,0.00099601608235389,0.00099601608235389,0.00099601608235389,0.9960159659385681,0.00099601608235389
161,2.3830331813547603,4.7660663627095206,-0.003498088892174888,0.00099601608235389,4.3671875,-0.0625,0.0625,6.281594624975696,-351.696116414181,0.03151293098926544,2.063892031709353,0.0034417213076570383,0.0,0.0,0.00099601608235389,0.00099601608235389,0.00099601608235389,0.9960159659385681,0.00099601608235389
162,2.383066278879994,4.766132557759988,-0.0032180949769869916,0.00099601608235389,4.2890625,-0.25,0.25,6.137174749979749,-293.5016611469248,0.03151293098926544,2.038752337296804,0.0032285679092941186,0.0,0.0,0.00099601608235389,0.00099601608235389,0.00099601608235389,0.9960159659385681,0.00099601608235389
163,2.3831871620694285,4.766374324138857,-0.0007873959563269289,0.00099601608235389,4.2109375,-0.171875,0.171875,5.955272249993868,-326.90047353318096,0.03151293098926544,2.0490139921506247,0.003223751341768851,0.0,0.0,0.00099601608235389,0.00099601608235389,0.00099601608235389,0.9960159659385681,0.00099601608235389
164,2.3833119404986474,4.766623880997295,-0.005531021200845938,0.00099601608235389,4.25,0.3984375,-0.3984375,6.087687916995492,-332.02882847146077,0.03151293098926544,2.0913465122381845,0.003582052634252856,0.0,0.0,0.00099601608235389,0.00099601608235389,0.00099601608235389,0.9960159659385681,0.00099601608235389
165,2.383435495866412,4.766870991732824,-0.006021251630268204,0.00099601608235389,4.4375,-0.5390625,0.5390625,6.269934667041525,-346.6381115711911,0.03151293098926544,2.0791393369436264,0.003518771380186081,0.0,0.0,0.00099601608235389,0.00099601608235389,0.00099601608235389,0.9960159659385681,0.00099601608235389
166,2.383432788896335,4.76686557779267,-0.0022314985422507805,0.00099601608235389,4.2421875,-0.9921875,0.9921875,6.090734832978342,-403.02068868043455,0.03151293098926544,2.098243325948715,0.003719259121377642,0.0,0.0,0.00099601608235389,0.00099601608235389,0.00099601608235389,0.9960159659385681,0.00099601608235389
167,2.3835299623879034,4.767059924775807,-0.0026555042598072143,0.00099601608235389,4.171875,0.046875,-0.046875,5.972729041997809,-349.03793812423163,0.03151293098926544,2.107557167609533,0.0036795214594652257,0.0,0.0,0.00099601608235389,0.00099601608235389,0.00099601608235389,0.9960159659385681,0.00099601608235389
168,2.3835045821282588,4.7670091642565176,-0.006405018819535412,0.00099601608235389,4.1875,0.515625,-0.515625,5.986475999990944,-399.6833310647687,0.03151293098926544,2.113561729590098,0.003583949359987552,0.0,0.0,0.00099601608235389,0.00099601608235389,0.00099601608235389,0.9960159659385681,0.00099601608235389
169,2.383503982708853,4.767007965417706,-0.005230344396179266,0.00099601608235389,4.1015625,-0.1484375,0.1484375,6.000773500010837,-342.92274367514113,0.03151293098926544,2.19342894355456,0.0039031462414034954,0.0,0.0,0.00099601608235389,0.00099601608235389,0.00099601608235389,0.9960159659385681,0.00099601608235389
170,2.383494801795374,4.766989603590748,-0.001253529296188773,0.00099601608235389,4.328125,-0.7421875,0.7421875,6.147896333015524,-340.72832303184896,0.03151293098926544,2.1813314308722815,0.003786252190669378,0.0,0.0,0.00099601608235389,0.00099601608235389,0.00099601608235389,0.9960159659385681,0.00099601608235389
171,2.383494928294019,4.766989856588038,-0.005053163271960014,0.00099601608235389,4.1875,0.6015625,-0.6015625,6.063837833004072,-365.77569667794813,0.03151293098926544,2.2049636195103326,0.003856730346645539,0.0,0.0,0.00099601608235389,0.00099601608235389,0.00099601608235389,0.9960159659385681,0.00099601608235389
172,2.3835959545614167,4.767191909122833,-0.0004003282820425376,0.00099601608235389,4.21875,-0.1171875,0.1171875,6.003565208986402,-392.9665359408767,0.03151293098926544,2.2295034478108087,0.003911044734801787,0.0,0.0,0.00099601608235389,0.00099601608235389,0.00099601608235389,0.9960159659385681,0.00099601608235389
173,2.383650419345105,4.76730083869021,-0.002114935374675589,0.00099601608235389,4.234375,0.0859375,-0.0859375,6.049814790952951,-378.44697820040574,0.03151293098926544,2.243309567372004,0.0038895716231005886,0.0,0.0,0.00099601608235389,0.00099601608235389,0.00099601608235389,0.9960159659385681,0.00099601608235389
174,2.383628015605372,4.767256031210744,-0.00591487691560562,0.00099601608235389,4.0390625,-0.171875,0.171875,5.793785999994725,-445.33224007331654,0.03151293098926544,2.2319712142149606,0.0038774265073395022,0.0,0.0,0.00099601608235389,0.00099601608235389,0.00099601608235389,0.9960159659385681,0.00099601608235389
175,2.3836411897597305,4.767282379519461,-0.007942463514588502,0.00099601608235389,4.3515625,-0.0859375,0.0859375,6.221675542008597,-435.3091763221597,0.03151293098926544,2.209187681476275,0.003799996377589802,0.0,0.0,0.00099601608235389,0.00099601608235389,0.00099601608235389,0.9960159659385681,0.00099601608235389
176,2.3836092948700642,4.7672185897401285,-0.005949739213387093,0.00099601608235389,4.0625,0.75,-0.75,5.895705875009298,-546.1833499725049,0.03151293098926544,2.220827743411064,0.0036112583766225725,0.0,0.0,0.00099601608235389,0.00099601608235389,0.00099601608235389,0.9960159659385681,0.00099601608235389
177,2.3836046519600353,4.767209303920071,-0.008029037198415877,0.00099601608235389,4.1953125,-0.140625,0.140625,6.027825625031255,-503.42290394577014,0.03151293098926544,2.194714973370234,0.0035136928975892565,0.0,0.0,0.00099601608235389,0.00099601608235389,0.00099601608235389,0.9960159659385681,0.00099601608235389
178,2.3835987677103194,4.767197535420639,-0.00539369298261724,0.00099601608235389,4.0625,0.1484375,-0.1484375,5.761061166005675,-589.396031327431,0.03151293098926544,2.247458736101786,0.003786618656401212,0.0,0.0,0.00099601608235389,0.00099601608235389,0.00099601608235389,0.9960159659385681,0.00099601608235389
179,2.3835853606215074,4.767170721243015,-0.006610917794984837,0.00099601608235389,4.046875,-0.3984375,0.3984375,5.895216458011419,-690.5937651529275,0.03151293098926544,2.3119278947512307,0.003913918786565773,0.0,0.0,0.00099601608235389,0.00099601608235389,0.00099601608235389,0.9960159659385681,0.00099601608235389
180,2.3835136766756357,4.7670273533512715,-0.0030242694801638883,0.00099601608235389,4.25,0.0078125,-0.0078125,6.027809707971755,-606.5738435041378,0.03151293098926544,2.3176147441069284,0.0037735911125006774,0.0,0.0,0.00099601608235389,0.00099601608235389,0.00099601608235389,0.9960159659385681,0.00099601608235389
181,2.383466740791145,4.76693348158229,-0.008329532723000709,0.00099601608235389,4.171875,-0.390625,0.390625,6.029093625023961,-634.0712151223801,0.03151293098926544,2.290689860781034,0.0037138340218613544,0.0,0.0,0.00099601608235389,0.00099601608235389,0.00099601608235389,0.9960159659385681,0.00099601608235389
182,2.3834024950634594,4.766804990126919,0.000537980196243008,0.00099601608235389,4.1875,-0.5078125,0.5078125,5.968925540975761,-414.5026941059241,0.03151293098926544,2.3286303083101907,0.003965882371024539,0.0,0.0,0.00099601608235389,0.00099601608235389,0.00099601608235389,0.9960159659385681,0.00099601608235389
183,2.3833280326832176,4.766656065366435,-0.003833787402215069,0.00099601608235389,4.40625,-0.8828125,0.8828125,6.203140375029761,-492.916420772566,0.03151293098926544,2.335446983575821,0.003964740424028908,0.0,0.0,0.00099601608235389,0.00099601608235389,0.00099601608235389,0.9960159659385681,0.00099601608235389
184,2.3833061278934693,4.766612255786939,-0.010205429033632299,0.00099601608235389,4.171875,-0.6796875,0.6796875,5.9704409160185605,-437.1522420551,0.03151293098926544,2.333353171745936,0.003965041425544769,0.0,0.0,0.00099601608235389,0.00099601608235389,0.00099601608235389,0.9960159659385681,0.00099601608235389
185,2.383268405631497,4.766536811262994,-0.0065460390883922675,0.00099601608235389,4.3046875,-0.5234375,0.5234375,6.2249319999828,-415.52246146279975,0.03151293098926544,2.395557165145874,0.004036153307727848,0.0,0.0,0.00099601608235389,0.00099601608235389,0.00099601608235389,0.9960159659385681,0.00099601608235389
186,2.3832492567179546,4.766498513435909,-0.0035154436893787004,0.00099601608235389,4.3046875,0.5078125,-0.5078125,6.200122208043467,-538.4205325207996,0.03151293098926544,2.388600101073583,0.0040324790073403465,0.0,0.0,0.00099601608235389,0.00099601608235389,0.00099601608235389,0.9960159659385681,0.00099601608235389
187,2.383230032350846,4.766460064701692,-0.0030341872452204523,0.00099601608235389,4.2734375,-0.3046875,0.3046875,6.138379665964749,-639.9002270541636,0.03151293098926544,2.363102654616038,0.0037845603364985436,0.0,0.0,0.00099601608235389,0.00099601608235389,0.00099601608235389,0.9960159659385681,0.00099601608235389
188,2.3832559062532646,4.766511812506529,-0.004985386976688661,0.00099601608235389,4.1875,0.234375,-0.234375,5.998636208008975,-769.3528816975764,0.03151293098926544,2.382257044315338,0.00380904174138171,0.0,0.0,0.00099601608235389,0.00099601608235389,0.00099601608235389,0.9960159659385681,0.00099601608235389
189,2.3831964373188907,4.7663928746377815,-0.00929042664973696,0.00099601608235389,4.171875,0.2890625,-0.2890625,6.093123209022451,-617.0518414134837,0.03151293098926544,2.398987968762716,0.004152526807350417,0.0,0.0,0.00099601608235389,0.00099601608235389,0.00099601608235389,0.9960159659385681,0.00099601608235389
190,2.3830862485658613,4.7661724971317225,-0.0037785723798112354,0.00099601608235389,4.2421875,0.0234375,-0.0234375,5.97004566603573,-658.8112541211025,0.03151293098926544,2.40943972269694,0.004011275343752156,0.0,0.0,0.00099601608235389,0.00099601608235389,0.00099601608235389,0.9960159659385681,0.00099601608235389
191,2.383048808932067,4.766097617864134,-0.009051502741208528,0.00099601608235389,4.5625,-0.109375,0.109375,6.513738708978053,-579.9620717037214,0.03151293098926544,2.4146090944608054,0.004156495628800864,0.0,0.0,0.00099601608235389,0.00099601608235389,0.00099601608235389,0.9960159659385681,0.00099601608235389
192,2.382969239077343,4.765938478154686,-0.010594583564674813,0.00099601608235389,4.1953125,-0.0546875,0.0546875,5.987676125019789,-600.566604079703,0.03151293098926544,2.41435777147611,0.00392099217666934,0.0,0.0,0.00099601608235389,0.00099601608235389,0.00099601608235389,0.9960159659385681,0.00099601608235389
193,2.3829194110009393,4.765838822001879,-0.005878121661437898,0.00099601608235389,4.1171875,-0.2890625,0.2890625,5.907082499994431,-578.8496885761137,0.03151293098926544,2.4758258759975433,0.004102572216652334,0.0,0.0,0.00099601608235389,0.00099601608235389,0.00099601608235389,0.9960159659385681,0.00099601608235389
194,2.382804014211702,4.765608028423404,-0.006334181369867516,0.00099601608235389,4.203125,-0.9140625,0.9140625,6.071488959016278,-719.6464460046761,0.03151293098926544,2.438636730114619,0.003981135921397557,0.0,0.0,0.00099601608235389,0.00099601608235389,0.00099601608235389,0.9960159659385681,0.00099601608235389
195,2.3827965961577817,4.765593192315563,-0.0075645235509735525,0.00099601608235389,4.0546875,0.953125,-0.953125,5.890653707960155,-675.6574054802544,0.03151293098926544,2.508471796909968,0.004088420479092747,0.0,0.0,0.00099601608235389,0.00099601608235389,0.00099601608235389,0.9960159659385681,0.00099601608235389
196,2.3827165990581776,4.765433198116355,-0.001488567910725719,0.00099601608235389,4.3046875,-0.578125,0.578125,6.2108966250089,-800.0400968523943,0.03151293098926544,2.5097426772117615,0.004178947448963299,0.0,0.0,0.00099601608235389,0.00099601608235389,0.00099601608235389,0.9960159659385681,0.00099601608235389
197,2.3826915899390295,4.765383179878059,-0.005464792047398629,0.00099601608235389,4.078125,-0.28125,0.28125,5.899840458994731,-523.4348393034661,0.03151293098926544,2.5417802035808563,0.0042118350296126055,0.0,0.0,0.00099601608235389,0.00099601608235389,0.00099601608235389,0.9960159659385681,0.00099601608235389
198,2.382736734890943,4.765473469781886,-0.012408617805291787,0.00099601608235389,4.171875,-0.484375,0.484375,5.997964458016213,-815.4526996416099,0.03151293098926544,2.5664227505524955,0.004254093151151513,0.0,0.0,0.00099601608235389,0.00099601608235389,0.00099601608235389,0.9960159659385681,0.00099601608235389
199,2.3827483371960523,4.765496674392105,-0.0038921801197180678,0.00099601608235389,4.3046875,0.4765625,-0.4765625,6.277233625005465,-675.7540064160924,0.03151293098926544,2.5707224110762277,0.004346599521037812,0.0,0.0,0.00099601608235389,0.00099601608235389,0.00099601608235389,0.9960159659385681,0.00099601608235389
200,2.3827083091161807,4.765416618232361,8.989598804592698e-06,0.00099601608235389,4.21875,-0.5703125,0.5703125,5.9966741249663755,-667.6263264391157,0.03151293098926544,2.6132518152395883,0.004505688149947673,0.0,0.0,0.00099601608235389,0.00099601608235389,0.00099601608235389,0.9960159659385681,0.00099601608235389
201,2.3827212430860047,4.7654424861720095,-0.0037656722289459215,0.00099601608235389,4.0546875,-0.109375,0.109375,5.868755082949065,-805.0051273141983,0.03151293098926544,2.6178303360939026,0.00436073030383947,0.0,0.0,0.00099601608235389,0.00099601608235389,0.00099601608235389,0.9960159659385681,0.00099601608235389
202,2.382749500895256,4.765499001790512,-0.005130192938386551,0.00099601608235389,4.3359375,0.3828125,-0.3828125,6.179071457998361,-916.7414142685967,0.03151293098926544,2.605919728676478,0.004288044719335933,0.0,0.0,0.00099601608235389,0.00099601608235389,0.00099601608235389,0.9960159659385681,0.00099601608235389
203,2.382662414146366,4.765324828292732,-0.004109092331028086,0.00099601608235389,4.28125,-0.7421875,0.7421875,6.104985959012993,-687.2720659379542,0.03151293098926544,2.5952551662921906,0.004111336718779057,0.0,0.0,0.00099601608235389,0.00099601608235389,0.00099601608235389,0.9960159659385681,0.00099601608235389
204,2.3827133545092956,4.765426709018591,-0.004039627786068215,0.00099601608235389,4.0703125,0.0859375,-0.0859375,5.917527541983873,-746.6105979811435,0.03151293098926544,2.5766178369522095,0.00410792379019161,0.0,0.0,0.00099601608235389,0.00099601608235389,0.00099601608235389,0.9960159659385681,0.00099601608235389
205,2.3827889301960252,4.7655778603920504,-0.0069259808159510845,0.00099601608235389,4.265625,-0.8828125,0.8828125,6.0774835419724695,-535.4260312209636,0.03151293098926544,2.6436459124088287,0.00451274976755182,0.0,0.0,0.00099601608235389,0.00099601608235389,0.00099601608235389,0.9960159659385681,0.00099601608235389
206,2.382757625505464,4.765515251010928,-0.00664011401994651,0.00099601608235389,4.2734375,-0.5703125,0.5703125,6.0942059170338325,-699.9313143594173,0.03151293098926544,2.6382718086242676,0.004589657997712493,0.0,0.0,0.00099601608235389,0.00099601608235389,0.00099601608235389,0.9960159659385681,0.00099601608235389
207,2.3827290008315387,4.765458001663077,-0.007269839692788434,0.00099601608235389,4.3046875,-0.3671875,0.3671875,6.14811120799277,-818.5233712083848,0.03151293098926544,2.650948464870453,0.004445536120329052,0.0,0.0,0.00099601608235389,0.00099601608235389,0.00099601608235389,0.9960159659385681,0.00099601608235389
208,2.3826484853525374,4.765296970705075,-0.01206950552448042,0.00099601608235389,4.0859375,0.8671875,-0.8671875,5.867908166022971,-860.3847889380519,0.03151293098926544,2.6358162264029183,0.0042790543132772045,0.0,0.0,0.00099601608235389,0.00099601608235389,0.00099601608235389,0.9960159659385681,0.00099601608235389
209,2.3825847761134518,4.7651695522269035,-0.012056218443088915,0.00099601608235389,4.3984375,-0.3359375,0.3359375,6.421296790998895,-739.4471263758454,0.03151293098926544,2.733093430598577,0.004744464065879583,0.0,0.0,0.00099601608235389,0.00099601608235389,0.00099601608235389,0.9960159659385681,0.00099601608235389
210,2.382631562381487,4.765263124762974,-0.005679738328617,0.00099601608235389,4.1015625,0.203125,-0.203125,5.872553541033994,-904.4862815529959,0.03151293098926544,2.7132886747519174,0.004531002671380217,0.0,0.0,0.00099601608235389,0.00099601608235389,0.00099601608235389,0.9960159659385681,0.00099601608235389
211,2.382508781332511,4.765017562665022,-0.003560380506783305,0.00099601608235389,4.359375,0.296875,-0.296875,6.183965208998416,-770.9875401040559,0.03151293098926544,2.6999787191549935,0.004583145414168636,0.0,0.0,0.00099601608235389,0.00099601608235389,0.00099601608235389,0.9960159659385681,0.00099601608235389
212,2.3824717854861257,4.764943570972251,-0.012858209284615996,0.00099601608235389,4.1875,-0.3359375,0.3359375,6.086199375044089,-809.6772965139418,0.03151293098926544,2.708237578471502,0.004523155182444801,0.0,0.0,0.00099601608235389,0.00099601608235389,0.00099601608235389,0.9960159659385681,0.00099601608235389
213,2.3824047689338173,4.7648095378676345,-0.005445651592561322,0.00099601608235389,4.4296875,-0.4140625,0.4140625,6.29838087502867,-877.3194934577539,0.03151293098926544,2.68723933895429,0.004556162651473035,0.0,0.0,0.00099601608235389,0.00099601608235389,0.00099601608235389,0.9960159659385681,0.00099601608235389
214,2.382358199780425,4.76471639956085,-0.007840903708816668,0.00099601608235389,4.4375,-0.3515625,0.3515625,6.4219270419562235,-876.9196739440233,0.03151293098926544,2.6827543675899506,0.004490098139892022,0.0,0.0,0.00099601608235389,0.00099601608235389,0.00099601608235389,0.9960159659385681,0.00099601608235389
215,2.3822951509547767,4.7645903019095535,-0.0012643151584621288,0.00099601608235389,4.3046875,-0.8515625,0.8515625,6.145576540962793,-596.0701779098995,0.03151293098926544,2.6852693955103555,0.004538215366968264,0.0,0.0,0.00099601608235389,0.00099601608235389,0.00099601608235389,0.9960159659385681,0.00099601608235389
216,2.382208529251363,4.764417058502726,-0.0007198325466403964,0.00099601608235389,4.2890625,0.3515625,-0.3515625,6.186806875048205,-515.60142173576,0.03151293098926544,2.709165950616201,0.004850339920570453,0.0,0.0,0.00099601608235389,0.00099601608235389,0.00099601608235389,0.9960159659385681,0.00099601608235389
217,2.382128115630257,4.764256231260514,-0.0073870099735934185,0.00099601608235389,4.109375,-0.4609375,0.4609375,5.9806155420374125,-809.5216038535303,0.03151293098926544,2.7095805009206138,0.004719209294610967,0.0,0.0,0.00099601608235389,0.00099601608235389,0.00099601608235389,0.9960159659385681,0.00099601608235389
218,2.3821074390528065,4.764214878105613,-0.004587517901083739,0.00099601608235389,4.328125,0.359375,-0.359375,6.166520958009642,-1024.133127058456,0.03151293098926544,2.7512917121251426,0.00455469739002486,0.0,0.0,0.00099601608235389,0.00099601608235389,0.00099601608235389,0.9960159659385681,0.00099601608235389
219,2.382061244952201,4.764122489904402,-0.010140302409800232,0.00099601608235389,4.25,0.09375,-0.09375,6.203605541028082,-1117.3352095475968,0.03151293098926544,2.749679704507192,0.004480830500445639,0.0,0.0,0.00099601608235389,0.00099601608235389,0.00099601608235389,0.9960159659385681,0.00099601608235389
220,2.382027033405673,4.764054066811346,-0.0040679412058683105,0.00099601608235389,4.3125,-0.953125,0.953125,6.146789666963741,-1055.9450293943503,0.03151293098926544,2.7399283250172934,0.004467742566096907,0.0,0.0,0.00099601608235389,0.00099601608235389,0.00099601608235389,0.9960159659385681,0.00099601608235389
221,2.3820366225359373,4.764073245071875,-0.012680102625768562,0.00099601608235389,4.390625,-0.546875,0.546875,6.21028420899529,-1030.9400281804312,0.03151293098926544,2.708596130212148,0.004427158739417791,0.0,0.0,0.00099601608235389,0.00099601608235389,0.00099601608235389,0.9960159659385681,0.00099601608235389
222,2.3821605054802752,4.7643210109605505,-0.011771845174480131,0.00099601608235389,4.234375,0.390625,-0.390625,6.135418833000585,-963.2246727741073,0.03151293098926544,2.766744683186213,0.0047284908359870315,0.0,0.0,0.00099601608235389,0.00099601608235389,0.00099601608235389,0.9960159659385681,0.00099601608235389
223,2.382233626328801,4.764467252657602,-0.008670229424285506,0.00099601608235389,4.359375,-0.40625,0.40625,6.233780000009574,-976.1496709546735,0.03151293098926544,2.781217187643051,0.004955913900630549,0.0,0.0,0.00099601608235389,0.00099601608235389,0.00099601608235389,0.9960159659385681,0.00099601608235389
224,2.38221960261221,4.76443920522442,-0.005558050027943518,0.00099601608235389,4.125,-0.40625,0.40625,5.941865000000689,-1277.6628223341522,0.03151293098926544,2.797555406888326,0.004804499699578931,0.0,0.0,0.00099601608235389,0.00099601608235389,0.00099601608235389,0.9960159659385681,0.00099601608235389
225,2.38216199429233,4.76432398858466,-0.014927103576437659,0.00099601608235389,4.390625,-0.421875,0.421875,6.294293166021816,-1407.1143388544538,0.03151293098926544,2.7827492455641427,0.004815545874104525,0.0,0.0,0.00099601608235389,0.00099601608235389,0.00099601608235389,0.9960159659385681,0.00099601608235389
226,2.382126451270051,4.764252902540102,-0.002161201131897494,0.00099601608235389,4.5390625,-0.2734375,0.2734375,6.423744541010819,-1206.5344782712743,0.03151293098926544,2.7576471269130707,0.0045465759467333555,0.0,0.0,0.00099601608235389,0.00099601608235389,0.00099601608235389,0.9960159659385681,0.00099601608235389
227,2.382142586675327,4.764285173350654,-0.0125572473742293,0.00099601608235389,4.3203125,0.515625,-0.515625,6.214666541956831,-1159.6622132272014,0.03151293098926544,2.789414515097936,0.004668283800128847,0.0,0.0,0.00099601608235389,0.00099601608235389,0.00099601608235389,0.9960159659385681,0.00099601608235389
228,2.3820636381119455,4.764127276223891,-0.009345791086443981,0.00099601608235389,4.2734375,0.7109375,-0.7109375,6.197988332947716,-953.1670189897583,0.03151293098926544,2.8326933085918427,0.004622828758632143,0.0,0.0,0.00099601608235389,0.00099601608235389,0.00099601608235389,0.9960159659385681,0.00099601608235389
229,2.3820435029102596,4.764087005820519,-0.00546402390413155,0.00099601608235389,4.296875,-0.1953125,0.1953125,6.085287124966271,-1205.2849702765725,0.03151293098926544,2.8625361820062003,0.004685667188217242,0.0,0.0,0.00099601608235389,0.00099601608235389,0.00099601608235389,0.9960159659385681,0.00099601608235389
230,2.3820353475662532,4.7640706951325065,-0.011104965614760166,0.00099601608235389,4.265625,0.0703125,-0.0703125,6.1436190829845145,-1369.6831435965094,0.03151293098926544,2.887192984422048,0.004680120628715183,0.0,0.0,0.00099601608235389,0.00099601608235389,0.00099601608235389,0.9960159659385681,0.00099601608235389
231,2.381982682637235,4.76396536527447,-0.0005674962061803992,0.00099601608235389,4.4140625,0.1953125,-0.1953125,6.355434499972034,-1253.3576464509542,0.03151293098926544,2.8384658098220825,0.004504174556738387,0.0,0.0,0.00099601608235389,0.00099601608235389,0.00099601608235389,0.9960159659385681,0.00099601608235389
232,2.3819086319307887,4.7638172638615774,-0.005156846863024991,0.00099601608235389,4.375,0.296875,-0.296875,6.429672624974046,-1160.119968014104,0.03151293098926544,2.8052954773108163,0.0042828672255078954,0.0,0.0,0.00099601608235389,0.00099601608235389,0.00099601608235389,0.9960159659385681,0.00099601608235389
233,2.381859414803447,4.763718829606894,-0.013156631475706287,0.00099601608235389,4.1953125,0.328125,-0.328125,6.31300916604232,-1084.1886455067042,0.03151293098926544,2.830276697874069,0.004518909884306292,0.0,0.0,0.00099601608235389,0.00099601608235389,0.00099601608235389,0.9960159659385681,0.00099601608235389
234,2.381858628035025,4.76371725607005,-0.009588198444969323,0.00099601608235389,4.5078125,0.21875,-0.21875,6.417748334002681,-1251.9627802995917,0.03151293098926544,2.8406544824441275,0.004696176290356864,0.0,0.0,0.00099601608235389,0.00099601608235389,0.00099601608235389,0.9960159659385681,0.00099601608235389
235,2.3818315081971995,4.763663016394399,-0.017935777406162697,0.00099601608235389,4.453125,0.1171875,-0.1171875,6.32435012498172,-1539.1865068385475,0.03151293098926544,2.8140256702899933,0.00462985981721431,0.0,0.0,0.00099601608235389,0.00099601608235389,0.00099601608235389,0.9960159659385681,0.00099601608235389
236,2.3818059109164027,4.763611821832805,-0.013309810833490782,0.00099601608235389,4.328125,0.1640625,-0.1640625,6.216535500017926,-1463.3708604458006,0.03151293098926544,2.845553626616796,0.0046970714659740525,0.0,0.0,0.00099601608235389,0.00099601608235389,0.00099601608235389,0.9960159659385681,0.00099601608235389
237,2.38181896567483,4.76363793134966,-0.006287726753892623,0.00099601608235389,4.3046875,-0.2421875,0.2421875,6.108071374997962,-1454.156060637666,0.03151293098926544,2.80114084482193,0.004375305531236033,0.0,0.0,0.00099601608235389,0.00099601608235389,0.00099601608235389,0.9960159659385681,0.00099601608235389
238,2.3817603817347095,4.763520763469419,-0.009004079981708515,0.00099601608235389,4.3515625,-0.3125,0.3125,6.305040625040419,-1543.5534672334763,0.03151293098926544,2.90116286277771,0.00509076581026117,0.0,0.0,0.00099601608235389,0.00099601608235389,0.00099601608235389,0.9960159659385681,0.00099601608235389
239,2.3817259305538707,4.763451861107741,-0.012891208066976108,0.00099601608235389,4.328125,0.0078125,-0.0078125,6.2256977499928325,-1434.108744784813,0.03151293098926544,2.935718923807144,0.005040837238387515,0.0,0.0,0.00099601608235389,0.00099601608235389,0.00099601608235389,0.9960159659385681,0.00099601608235389
240,2.3817691369179363,4.763538273835873,-0.0061512017071898096,0.00099601608235389,4.3046875,-0.4375,0.4375,6.086474916955922,-1630.8707942443405,0.03151293098926544,2.9497316082318625,0.0048701797107545035,0.0,0.0,0.00099601608235389,0.00099601608235389,0.00099601608235389,0.9960159659385681,0.00099601608235389
241,2.381841228696062,4.763682457392124,-0.01292239630817966,0.00099601608235389,4.1875,-0.0546875,0.0546875,6.022702957969159,-1496.8518698357825,0.03151293098926544,3.007671852906545,0.0051546008423125995,0.0,0.0,0.00099601608235389,0.00099601608235389,0.00099601608235389,0.9960159659385681,0.00099601608235389
242,2.3818740528325812,4.7637481056651625,-0.005761360533350986,0.00099601608235389,4.2265625,0.6640625,-0.6640625,6.048792957968544,-1684.2716714485296,0.03151293098926544,2.996886372566223,0.005184337846003473,0.0,0.0,0.00099601608235389,0.00099601608235389,0.00099601608235389,0.9960159659385681,0.00099601608235389
243,2.381933412686282,4.763866825372564,-0.0040697690563438575,0.00099601608235389,4.2734375,0.1640625,-0.1640625,6.15481695800554,-1697.8982724602959,0.03151293098926544,3.007249931494395,0.005046061938628554,0.0,0.0,0.00099601608235389,0.00099601608235389,0.00099601608235389,0.9960159659385681,0.00099601608235389
244,2.3819750270227154,4.763950054045431,-0.008892968886414793,0.00099601608235389,4.2421875,0.3359375,-0.3359375,6.099661916960031,-1901.5379225465695,0.03151293098926544,2.979342073202133,0.004691196857796361,0.0,0.0,0.00099601608235389,0.00099601608235389,0.00099601608235389,0.9960159659385681,0.00099601608235389
245,2.3821011831031447,4.764202366206289,-0.0032867598406764666,0.00099601608235389,4.140625,0.140625,-0.140625,5.933813208015636,-1517.8775826382187,0.03151293098926544,2.9453750054041543,0.004654981448159863,0.0,0.0,0.00099601608235389,0.00099601608235389,0.00099601608235389,0.9960159659385681,0.00099601608235389
246,2.382277409527532,4.764554819055064,-0.006082807833328027,0.00099601608235389,4.34375,0.03125,-0.03125,6.15621862502303,-1271.060931713461,0.03151293098926544,3.041601171096166,0.0052042106399312615,0.0,0.0,0.00099601608235389,0.00099601608235389,0.00099601608235389,0.9960159659385681,0.00099601608235389
247,2.382445116183052,4.764890232366104,-0.011998563499804491,0.00099601608235389,4.4453125,-0.984375,0.984375,6.364666417008266,-1333.280394138477,0.03151293098926544,2.9809558987617493,0.00475109473336488,0.0,0.0,0.00099601608235389,0.00099601608235389,0.00099601608235389,0.9960159659385681,0.00099601608235389
248,2.382559734546944,4.765119469093888,-0.009855821563045606,0.00099601608235389,4.3203125,-0.1171875,0.1171875,6.268311624997295,-1142.188806740759,0.03151293098926544,3.0580214460690818,0.005049072904512286,0.0,0.0,0.00099601608235389,0.00099601608235389,0.00099601608235389,0.9960159659385681,0.00099601608235389
249,2.3827125904875217,4.765425180975043,-0.010118942255274526,0.00099601608235389,4.234375,0.3984375,-0.3984375,6.076431875000708,-1729.948672079952,0.03151293098926544,3.085215816895167,0.005165617156308144,0.0,0.0,0.00099601608235389,0.00099601608235389,0.00099601608235389,0.9960159659385681,0.00099601608235389
250,2.3828028141366797,4.765605628273359,-0.010051731591418499,0.00099601608235389,4.4296875,0.1796875,-0.1796875,6.289567083993461,-1517.0907854117204,0.03151293098926544,3.1670668025811515,0.005471318727359176,0.0,0.0,0.00099601608235389,0.00099601608235389,0.00099601608235389,0.9960159659385681,0.00099601608235389
251,2.382879899507764,4.765759799015528,-0.0028423903963308798,0.00099601608235389,4.3046875,0.0703125,-0.0703125,6.121722707990557,-1517.407168170285,0.03151293098926544,3.174382964769999,0.005334747431334108,0.0,0.0,0.00099601608235389,0.00099601608235389,0.00099601608235389,0.9960159659385681,0.00099601608235389
252,2.3829564276809982,4.7659128553619965,-0.0011817209133806604,0.00099601608235389,4.3359375,-0.015625,0.015625,6.228447125002276,-1812.390026644114,0.03151293098926544,3.0948993961016336,0.005035052658058703,0.0,0.0,0.00099601608235389,0.00099601608235389,0.00099601608235389,0.9960159659385681,0.00099601608235389
253,2.383109778814152,4.766219557628304,-0.004046286527763826,0.00099601608235389,4.4140625,0.21875,-0.21875,6.388950459018815,-1614.9986166067883,0.03151293098926544,3.0897958179314933,0.004946916364133358,0.0,0.0,0.00099601608235389,0.00099601608235389,0.00099601608235389,0.9960159659385681,0.00099601608235389
254,2.383214643080464,4.766429286160928,-0.010487058560478957,0.00099601608235389,4.5,0.109375,-0.109375,6.38745162502164,-1864.5563760615057,0.03151293098926544,3.0670057038466134,0.00508330972904029,0.0,0.0,0.00099601608235389,0.00099601608235389,0.00099601608235389,0.9960159659385681,0.00099601608235389
255,2.3833457439895636,4.766691487979127,-0.01352522977724489,0.00099601608235389,4.015625,0.3828125,-0.3828125,5.768208833003882,-1601.9517522043755,0.03151293098926544,3.13596647977829,0.005286032896644126,0.0,0.0,0.00099601608235389,0.00099601608235389,0.00099601608235389,0.9960159659385681,0.00099601608235389
256,2.3835217263279502,4.7670434526559005,-0.0030704888123673424,0.00099601608235389,4.515625,-0.0390625,0.0390625,6.461341165995691,-1804.15900108146,0.03151293098926544,3.061726838350296,0.004825732466997579,0.0,0.0,0.00099601608235389,0.00099601608235389,0.00099601608235389,0.9960159659385681,0.00099601608235389
257,2.3836463584203877,4.7672927168407755,-0.0020081881823019562,0.00099601608235389,4.328125,0.734375,-0.734375,6.26903304096777,-1818.604274797956,0.03151293098926544,3.1506595412890115,0.005361815642875929,0.0,0.0,0.00099601608235389,0.00099601608235389,0.00099601608235389,0.9960159659385681,0.00099601608235389
258,2.3837029671331047,4.767405934266209,-0.010441182907944763,0.00099601608235389,4.3515625,0.140625,-0.140625,6.197455832967535,-2230.3160963418027,0.03151293098926544,3.143287698427836,0.005153355479706079,0.0,0.0,0.00099601608235389,0.00099601608235389,0.00099601608235389,0.9960159659385681,0.00099601608235389
259,2.383783390431816,4.767566780863632,-0.01020594462909384,0.00099601608235389,4.40625,0.1484375,-0.1484375,6.25627433299087,-1948.164884425224,0.03151293098926544,3.2143459916114807,0.005323884484823793,0.0,0.0,0.00099601608235389,0.00099601608235389,0.00099601608235389,0.9960159659385681,0.00099601608235389
260,2.383878396432144,4.767756792864288,-0.008327397033140978,0.00099601608235389,4.5078125,-0.609375,0.609375,6.410740834020544,-2087.266817320984,0.03151293098926544,3.1815463304519653,0.0049729447831244515,0.0,0.0,0.00099601608235389,0.00099601608235389,0.00099601608235389,0.9960159659385681,0.00099601608235389
261,2.3839145222722866,4.767829044544573,-0.005393489720639958,0.00099601608235389,4.53125,0.578125,-0.578125,6.408711707976181,-2088.3452326347087,0.03151293098926544,3.171967407067617,0.0052051291180153685,0.0,0.0,0.00099601608235389,0.00099601608235389,0.00099601608235389,0.9960159659385681,0.00099601608235389
262,2.3840046197911477,4.7680092395822955,-0.003820597002054226,0.00099601608235389,4.390625,0.1953125,-0.1953125,6.268114709004294,-2115.844606002455,0.03151293098926544,3.1491353511810303,0.00524054867370675,0.0,0.0,0.00099601608235389,0.00099601608235389,0.00099601608235389,0.9960159659385681,0.00099601608235389
263,2.384122394474341,4.768244788948682,-0.004077893931427885,0.00099601608235389,4.3515625,0.2734375,-0.2734375,6.203304249967914,-1926.5528990610283,0.03151293098926544,3.1476770440737405,0.005030793487094343,0.0,0.0,0.00099601608235389,0.00099601608235389,0.00099601608235389,0.9960159659385681,0.00099601608235389
264,2.3842133790287594,4.768426758057519,-0.009770283900214335,0.00099601608235389,4.2421875,-0.5390625,0.5390625,6.028888000000734,-2145.1072877002243,0.03151293098926544,3.1454968452453613,0.005061331573718538,0.0,0.0,0.00099601608235389,0.00099601608235389,0.00099601608235389,0.9960159659385681,0.00099601608235389
265,2.384298672952597,4.768597345905194,-0.006270339499653923,0.00099601608235389,4.1484375,-0.015625,0.015625,5.931472541997209,-2100.549255223822,0.03151293098926544,3.1812666157881417,0.0051801627851091325,0.0,0.0,0.00099601608235389,0.00099601608235389,0.00099601608235389,0.9960159659385681,0.00099601608235389
266,2.3844217385263997,4.768843477052799,-0.010693653575899749,0.00099601608235389,4.2421875,-0.40625,0.40625,5.995589540980291,-1796.036198777608,0.03151293098926544,3.2921050091584525,0.005970523382226626,0.0,0.0,0.00099601608235389,0.00099601608235389,0.00099601608235389,0.9960159659385681,0.00099601608235389
267,2.3845784732213464,4.769156946442693,-0.005070966054126663,0.00099601608235389,4.3828125,-0.6640625,0.6640625,6.327496083977167,-1707.8870742767253,0.03151293098926544,3.3066421250502267,0.0055492195873133214,0.0,0.0,0.00099601608235389,0.00099601608235389,0.00099601608235389,0.9960159659385681,0.00099601608235389
268,2.384750172541044,4.769500345082088,-0.011256656350446346,0.00099601608235389,4.3125,-0.3984375,0.3984375,6.117397958005313,-1926.3325046404548,0.03151293098926544,3.301570196946462,0.00526758700531597,0.0,0.0,0.00099601608235389,0.00099601608235389,0.00099601608235389,0.9960159659385681,0.00099601608235389
269,2.3848986288075884,4.769797257615177,-0.01365886520932588,0.00099601608235389,4.3359375,0.671875,-0.671875,6.246218209038489,-2308.33084059363,0.03151293098926544,3.298563857873281,0.005255424126517028,0.0,0.0,0.00099601608235389,0.00099601608235389,0.00099601608235389,0.9960159659385681,0.00099601608235389
270,2.385071356317542,4.770142712635084,-0.007164995549958687,0.00099601608235389,4.2734375,-0.4453125,0.4453125,6.200712124991696,-1917.9415175648887,0.03151293098926544,3.3174909750620523,0.0053204119903966784,0.0,0.0,0.00099601608235389,0.00099601608235389,0.00099601608235389,0.9960159659385681,0.00099601608235389
271,2.3852201363961454,4.770440272792291,-0.0035705001647329784,0.00099601608235389,4.34375,0.6171875,-0.6171875,6.108246582967695,-1831.1275886837527,0.03151293098926544,3.3491678833961487,0.005481306657505532,0.0,0.0,0.00099601608235389,0.00099601608235389,0.00099601608235389,0.9960159659385681,0.00099601608235389
272,2.385454966906245,4.77090993381249,-0.004121661601711603,0.00099601608235389,4.3828125,-0.0234375,0.0234375,6.286781208007596,-1894.0485686014893,0.03151293098926544,3.350042780240377,0.005301980204725017,0.0,0.0,0.00099601608235389,0.00099601608235389,0.00099601608235389,0.9960159659385681,0.00099601608235389
273,2.3854942109019754,4.770988421803951,-0.009714772388633988,0.0009960162778113492,4.234375,-0.3046875,0.3046875,6.059555583982728,-2397.890715535421,0.031512935992976394,3.348429540793101,0.0052026249274301035,0.0,0.0,0.0009960162778113492,0.0009960162778113492,0.0009960162778113492,0.9960159656086531,0.0009960162778113492
274,2.37363959670114,4.74727919340228,-0.006164592707292413,0.0009960410657227723,4.2578125,0.40625,-0.40625,6.053803374990821,-1865.5388402940757,0.031745495059348025,3.3759730954964957,0.005380623469439645,0.0,0.0,0.0009960410657227723,0.0009960410657227723,0.0010342856121480191,0.9959776225439999,0.0009960410657227723
275,2.3672772079800275,4.734554415960055,-0.012082630472877524,0.00099608432771993,4.3046875,-0.5546875,0.5546875,6.134777957980987,-2468.7875755753616,0.03898126581267956,3.3274672428766885,0.005187090680313607,0.0,0.0,0.00099608432771993,0.00099608432771993,0.008391123268408482,0.9886206547423737,0.00099608432771993
276,2.382352953637854,4.764705907275708,-0.01209587027436149,0.0009962291589862505,4.5234375,-0.0234375,0.0234375,6.430685416038614,-2384.712058693317,0.06398338199125053,3.251413255929947,0.004859672219026834,0.0,0.0,0.0009962291589862505,0.0009962291589862505,0.08225942972507842,0.9147519067501639,0.0009962291589862505
277,2.3837239886047765,4.767447977209553,-0.010303615297982346,0.0009963146465167213,4.2890625,-0.5,0.5,6.2030715409782715,-2058.160879376275,0.0928624091171176,3.157017926375071,0.002943555446108803,0.0,0.0,0.0009963146465167213,0.0009963146465167213,0.2278926215581562,0.7691184475414459,0.0009963146465167213
278,2.406917598945946,4.813835197891892,-0.019084973120395785,0.0009964309443356628,4.609375,-0.71875,0.71875,6.601506499981042,-2071.288175559646,0.09644199139991048,2.953478584686915,0.0011206867626848787,0.0,0.0,0.0009964309443356628,0.0009964309443356628,0.31919906662611325,0.677811649172188,0.0009964309443356628
279,2.4158660411091093,4.831732082218219,-0.015146056982735898,0.0009966310770281595,4.734375,-0.6796875,0.6796875,6.6568161670002155,-1875.3036562837754,0.12401809788035481,2.7694911062717438,0.0010723623211864226,0.0,0.0,0.0009966310770281595,0.0009966310770281595,0.44454870808665203,0.5524613885777594,0.0009966310770281595
280,2.4035485373254493,4.8070970746508985,-0.013186409622210935,0.0009966948973423977,4.625,0.0625,-0.0625,6.661948124994524,-2037.0871222239782,0.1493175864232251,2.6399826109409332,0.0015084535249722346,0.0,0.0,0.0009966948973423977,0.0009966948973423977,0.44604080893859155,0.550969085267531,0.0009966948973423977
281,2.378919842576207,4.757839685152414,-0.014403551266741709,0.000996604843008942,4.53125,-0.46875,0.46875,6.625137707975227,-1796.392826813756,0.12281898734769944,2.5683929920196533,0.002306941280645939,0.0,0.0,0.000996604843008942,0.000996604843008942,0.410793389314344,0.5862167864381577,0.000996604843008942
282,2.375325654501972,4.750651309003944,-0.013651183949369563,0.0009964599187381339,4.59375,-0.4140625,0.4140625,6.513359042000957,-2143.2625735767633,0.10894403374772899,2.6011910239855447,0.0037490186223294586,0.0,0.0,0.0009964599187381339,0.0009964599187381339,0.2893951048161423,0.7076155260352965,0.0009964599187381339
283,2.371055262042634,4.742110524085268,-0.006456200865243482,0.0009963399327678187,4.4375,0.8671875,-0.8671875,6.411065166990738,-2109.7107320756754,0.10068199372994648,2.7506338357925415,0.005345252497742574,0.0,0.0,0.0009963399327678187,0.0009963399327678187,0.18603393017653783,0.8109770662017646,0.0009963399327678187
284,2.384036067550831,4.768072135101662,-0.005762112260922431,0.0009961679222247445,4.1640625,0.140625,-0.140625,6.02024695900036,-2106.7113629627997,0.06353004800250114,2.8801709910233817,0.007365726070323338,0.0,0.0,0.0009961679222247445,0.0009961679222247445,0.02829284730321932,0.9687186735131783,0.0009961679222247445
285,2.387415268022157,4.774830536044314,-0.016580304434580286,0.0009960745114826256,4.2421875,-0.140625,0.140625,6.0689125409699045,-1978.88515421327,0.040766356303656735,3.0539384384950004,0.009210459946189076,0.0,0.0,0.0009960745114826256,0.0009960745114826256,0.005692676710510287,0.991319130083913,0.0009960745114826256
286,2.3875272475793556,4.775054495158711,-0.009622417721667565,0.000996030864758686,4.2734375,-0.453125,0.453125,6.271155749971513,-1967.2890797451366,0.03152736713616024,3.1474991937478385,0.008999575259319196,0.0,0.0,0.000996030864758686,0.000996030864758686,0.000998104990577458,0.9960138336831952,0.000996030864758686
287,2.387584378890763,4.775168757781526,-0.007242029439560552,0.0009960169682678114,4.0859375,-0.2734375,0.2734375,5.8564520830404945,-2289.2451011387216,0.031512955050509474,3.2476500868797302,0.008384490637884786,0.0,0.0,0.0009960169682678114,0.0009960169682678114,0.0009960169682678114,0.9960159629754309,0.0009960169682678114
288,2.387599652343252,4.775199304686504,3.4424502044725434e-05,0.0009960163620014674,4.3515625,0.1484375,-0.1484375,6.220140249992255,-2581.6019710402006,0.031512938526791774,3.2957503398259482,0.007530245619515578,0.0,0.0,0.0009960163620014674,0.0009960163620014674,0.0009960163620014674,0.996015965082487,0.0009960163620014674
289,2.3876321418115825,4.775264283623165,-0.013648145494649683,0.0009960163388345814,4.4609375,0.0859375,-0.0859375,6.3844388329889625,-2316.831453974866,0.031512937774382625,3.218205769856771,0.006854590882236759,0.0,0.0,0.0009960163388345814,0.0009960163388345814,0.0009960163388345814,0.9960159653122496,0.0009960163388345814
290,2.3876640347669396,4.775328069533879,-0.0034987827258390536,0.0009960179654676673,4.265625,-0.0234375,0.0234375,6.077581249992363,-2559.9409269272614,0.031512982959111965,3.2539970576763153,0.006193467939738184,0.0,0.0,0.0009960179654676673,0.0009960179654676673,0.0009960179654676673,0.996015958515279,0.0009960179654676673
291,2.387291483316301,4.774582966632602,-0.004807715457334231,0.00099602036139238,4.3984375,-0.140625,0.140625,6.307109542016406,-2449.4910032439902,0.03151954950013762,3.325445910294851,0.006537330492089192,0.0,0.0,0.00099602036139238,0.00099602036139238,0.0009969948304214946,0.9960149752098544,0.00099602036139238
292,2.3832441284148276,4.766488256829655,-0.007716790671116341,0.0009960258509120225,4.2265625,-0.09375,0.09375,6.142024917004164,-2988.022214132137,0.031765248399234745,3.373123973608017,0.005929043671737115,0.0,0.0,0.0009960258509120225,0.0009960258509120225,0.00104149798376317,0.9959704561947454,0.0009960258509120225
293,2.3735434135934326,4.747086827186865,-0.013264398854663044,0.0009960689508244534,4.171875,-0.4609375,0.4609375,5.9560923330136575,-3059.5006564149985,0.035057984264602375,3.4676054318745932,0.006090933825665464,0.0,0.0,0.0009960689508244534,0.0009960689508244534,0.003062835649704065,0.9939489870258932,0.0009960689508244534
294,2.3709721440813922,4.7419442881627845,-0.006808226595026126,0.000996101160749926,4.375,0.09375,-0.09375,6.2814392920117825,-2888.699418715964,0.04177104273944029,3.496377090613047,0.0060087663199131685,0.0,0.0,0.000996101160749926,0.000996101160749926,0.014823453015456576,0.9821882733276912,0.000996101160749926
295,2.3691042477028565,4.738208495405713,-0.006949338552882202,0.00099616806927678,4.3984375,-0.453125,0.453125,6.234443499997724,-3876.6010567226413,0.07142852541211443,3.547626316547394,0.005306190791695069,0.0,0.0,0.00099616806927678,0.00099616806927678,0.039871081058721704,0.957140441018911,0.00099616806927678
296,2.3665568924163876,4.733113784832775,-0.009677403893518073,0.0009962148572618735,4.3828125,0.5859375,-0.5859375,6.371805666014552,-3722.018617668193,0.06834077141156383,3.5203495025634766,0.004471788619412109,0.0,0.0,0.0009962148572618735,0.0009962148572618735,0.06560581617859157,0.9314055649305107,0.0009962148572618735
297,2.368400816338813,4.736801632677626,-0.012200714112410888,0.0009961782117308168,4.625,-0.9140625,0.9140625,6.621316459029913,-2982.461964028949,0.05846127794703116,3.3313791155815125,0.0036489241562473276,0.0,0.0,0.0009961782117308168,0.0009961782117308168,0.08518071727008351,0.9118307735013848,0.0009961782117308168
298,2.370219760995451,4.740439521990902,-0.01616612483387688,0.0009962665298970164,4.40625,-0.9140625,0.9140625,6.223127542005386,-3503.309977274657,0.09464166983829957,3.354829212029775,0.003628906143906837,0.0,0.0,0.0009962665298970164,0.0009962665298970164,0.11179770074032597,0.885213521159756,0.0009962665298970164
299,2.3698130075663224,4.739626015132645,-0.015128089071250607,0.00099631490203893,4.4375,-0.2421875,0.2421875,6.356800374982413,-3602.857204678352,0.10756963720335297,3.3988856077194214,0.0027948339896587036,0.0,0.0,0.00099631490203893,0.00099631490203893,0.16102827169143752,0.8359828030747529,0.00099631490203893
300,2.368788325921006,4.737576651842012,-0.01819394048318735,0.0009962897690339331,4.59375,0.375,-0.375,6.4510547499521635,-3822.246355745623,0.09838488266556239,3.415372093518575,0.0025733826332725585,0.0,0.0,0.0009962897690339331,0.0009962897690339331,0.12749287216836225,0.869518278282671,0.0009962897690339331
301,2.365956443817861,4.731912887635722,-0.005748579843838939,0.0009963163441771253,4.4609375,-0.515625,0.515625,6.344416792038828,-3312.807621067866,0.1003371484890815,3.3768258492151895,0.0035250702931080014,0.0,0.0,0.0009963163441771253,0.0009963163441771253,0.13515917984169343,0.8618518910126112,0.0009963163441771253
302,2.3665999770348094,4.733199954069619,-0.009284682977366052,0.0009962249413354972,4.3203125,-0.265625,0.265625,6.199870000011288,-4240.095642790222,0.07217088865139816,3.3498691519101462,0.004300108160047482,0.0,0.0,0.0009962249413354972,0.0009962249413354972,0.08754420501224623,0.909467139506795,0.0009962249413354972
303,2.36955449231219,4.73910898462438,-0.007023052365929545,0.000996226860013353,4.359375,-0.5703125,0.5703125,6.1857720839907415,-3361.9682792415433,0.06708885860833003,3.389213780562083,0.005061959944820653,0.0,0.0,0.000996226860013353,0.000996226860013353,0.09164583271596327,0.9053655108591327,0.000996226860013353
304,2.370222993168781,4.740445986337562,-0.01142699744693379,0.0009961871827027765,4.4609375,-0.6875,0.6875,6.472666042041965,-2542.004842172976,0.07168404638584566,3.41363658507665,0.0054511727260736125,0.0,0.0,0.0009961871827027765,0.0009961871827027765,0.04663167720690742,0.9503797856636587,0.0009961871827027765
305,2.3707130314943683,4.741426062988737,-0.014817107217908288,0.0009961630874660442,4.5078125,0.4296875,-0.4296875,6.48510020802496,-3415.2158387510312,0.06578167948219764,3.4118138949076333,0.005807810453309988,0.0,0.0,0.0009961630874660442,0.0009961630874660442,0.028348619639074535,0.9686629169877212,0.0009961630874660442
306,2.372474045500221,4.744948091000442,-0.01192499019066343,0.0009961109870186644,4.2734375,0.3984375,-0.3984375,6.178953874972649,-3957.4773135986493,0.04958635314590752,3.4847920139630637,0.006239660035741205,0.0,0.0,0.0009961109870186644,0.0009961109870186644,0.016395786794590368,0.9806159065723065,0.0009961109870186644
307,2.3734977760591836,4.746995552118367,-0.009502170560003069,0.000996087215636986,4.390625,-0.5,0.5,6.3144172499887645,-3100.8474565133974,0.039842451972310226,3.4958722591400146,0.006274998983523498,0.0,0.0,0.000996087215636986,0.000996087215636986,0.0111456018206796,0.9858661667705643,0.000996087215636986
308,2.3715275914027316,4.743055182805463,-0.012637673816695217,0.0009960918889918172,4.578125,-0.515625,0.515625,6.47906379099004,-3264.007336752789,0.04424054883166181,3.5164336264133453,0.006289908817658822,0.0,0.0,0.0009960918889918172,0.0009960918889918172,0.017864982611634817,0.9791467713745178,0.0009960918889918172
309,2.369991463578543,4.739982927157086,-0.0014854748390452563,0.0009961014493947496,4.3359375,-0.5625,0.5625,6.196392541052774,-3382.9872416929693,0.04523125558688834,3.481621563434601,0.006081968410095821,0.0,0.0,0.0009961014493947496,0.0009961014493947496,0.016834190454510217,0.9801775335225168,0.0009961014493947496
310,2.366331965358767,4.732663930717534,-0.013030754005419438,0.0009961264721935945,4.3671875,-0.1328125,0.1328125,6.296051082958002,-3901.528712323264,0.05688318462912426,3.505432943503062,0.006000129079135756,0.0,0.0,0.0009961264721935945,0.0009961264721935945,0.022522608645440267,0.9744890391150213,0.0009961264721935945
311,2.365809291645535,4.73161858329107,-0.010396204774702728,0.0009962057132118691,4.40625,0.4609375,-0.4609375,6.325453417026438,-3427.9558100360505,0.06630215894906445,3.36652805407842,0.005049532337579876,0.0,0.0,0.0009962057132118691,0.0009962057132118691,0.07138892163292188,0.9256224857489678,0.0009962057132118691
312,2.3769685569310353,4.7539371138620705,-0.016734359719072407,0.0009962894780462285,4.5546875,0.0,0.0,6.450006958039012,-3416.4685941547746,0.0900576551210001,3.3510650595029197,0.003939025239863743,0.0,0.0,0.0009962894780462285,0.0009962894780462285,0.13422669471907678,0.8627844611564204,0.0009962894780462285
313,2.384951281618412,4.769902563236824,-0.010379175551188481,0.0009963143483205847,4.3125,-0.3515625,0.3515625,6.192444916989189,-4394.483936425009,0.1018538176878423,3.36728306611379,0.002906483437982388,0.0,0.0,0.0009963143483205847,0.0009963143483205847,0.16650116932726014,0.830509904213798,0.0009963143483205847
314,2.385055917242253,4.770111834484506,-0.01901271216422946,0.0009962822834189635,4.4609375,-0.9609375,0.9609375,6.440340792003553,-4219.868904993351,0.07431979166855954,3.2737542390823364,0.0019512358060940944,0.0,0.0,0.0009962822834189635,0.0009962822834189635,0.1754300855098116,0.8215810856449576,0.0009962822834189635
315,2.382068862776925,4.76413772555385,-0.02126899674205691,0.000996311523789621,4.4921875,-0.75,0.75,6.571384167007636,-4038.579525711206,0.08180034583677416,3.259627103805542,0.0020601871559241167,0.0,0.0,0.000996311523789621,0.000996311523789621,0.18622288506862747,0.8107881963937341,0.000996311523789621
316,2.3653090563604144,4.730618112720829,-0.015609383073746718,0.0009962901258124754,4.5703125,-0.484375,0.484375,6.531252124987077,-3326.0039098956886,0.08501176441199759,3.208217283089956,0.002607697252339373,0.0,0.0,0.0009962901258124754,0.0009962901258124754,0.18927144863718373,0.8077396982037024,0.0009962901258124754
317,2.3661522098996377,4.732304419799275,-0.02004957634848401,0.0009962823706393484,4.484375,0.015625,-0.015625,6.439107749960385,-3367.852104460478,0.09248464133343838,3.158955136934916,0.004097189715442558,0.0,0.0,0.0009962823706393484,0.0009962823706393484,0.11471999397676581,0.8822911779178414,0.0009962823706393484
318,2.3699855831897203,4.739971166379441,-0.009405014844624263,0.000996203103568405,4.265625,-0.578125,0.578125,6.165438832947984,-3224.645652805607,0.06242287889013797,3.2523375352223716,0.005634507998668899,0.0,0.0,0.000996203103568405,0.000996203103568405,0.06492615077877417,0.9320852655295672,0.000996203103568405
319,2.372536931080643,4.745073862161286,-0.009252844417333555,0.000996114831286181,4.3671875,0.0625,-0.0625,6.195319375023246,-2538.373830967095,0.05060645591380984,3.3795243302981057,0.007119631045497954,0.0,0.0,0.000996114831286181,0.000996114831286181,0.019368955916316915,0.9776427312879048,0.000996114831286181
320,2.375146413981894,4.750292827963788,-0.015501374590487588,0.0009960971721600812,4.5234375,-0.203125,0.203125,6.397667333949357,-4017.3166769222053,0.04239558284404158,3.512729744116465,0.007468536379747093,0.0,0.0,0.0009960971721600812,0.0009960971721600812,0.01386086797218654,0.9831508708303869,0.0009960971721600812
321,2.3770100052981453,4.754020010596291,-0.010790056199235077,0.0009960922326280417,4.46875,0.25,-0.25,6.369967499980703,-4901.100049147696,0.04008978910718139,3.448559522628784,0.006772563996491954,0.0,0.0,0.0009960922326280417,0.0009960922326280417,0.01009972164447263,0.9869120327456222,0.0009960922326280417
322,2.378635964582052,4.757271929164104,-0.023021523421141415,0.0009960918420411323,4.328125,-0.0234375,0.0234375,6.112833333027083,-5205.748847878092,0.04498694194245424,3.5635613401730857,0.00642246229108423,0.0,0.0,0.0009960918420411323,0.0009960918420411323,0.01250449833687099,0.9845072567355332,0.0009960918420411323
323,2.3807172446031237,4.7614344892062475,-0.011655810686441462,0.0009961015554881996,4.34375,-0.53125,0.53125,6.23774491698714,-5037.017407576374,0.04554222416293492,3.60319983959198,0.006353817298077047,0.0,0.0,0.0009961015554881996,0.0009961015554881996,0.01033991166405554,0.9866718113851204,0.0009961015554881996
324,2.379708735286016,4.759417470572032,-0.001254114062316557,0.000996078046363273,4.3046875,-0.671875,0.671875,6.230116082995664,-4605.998609734717,0.03982600875996635,3.677172760168711,0.006250496507467081,0.0,0.0,0.000996078046363273,0.000996078046363273,0.005851768339204918,0.9911600258843652,0.000996078046363273
325,2.375649608142192,4.751299216284384,-0.014411389410107271,0.0009960832944422356,4.4296875,0.6875,-0.6875,6.305440041993279,-4657.13556243093,0.04122874779360635,3.71967222293218,0.006083931172421823,0.0,0.0,0.0009960832944422356,0.0009960832944422356,0.007276624459214837,0.9897351549836484,0.0009960832944422356
326,2.371311459957519,4.742622919915038,-0.006314188080761647,0.0009961000977310123,4.3125,-0.4296875,0.4296875,6.228049833967816,-4635.010606378607,0.04705437015661079,3.791460712750753,0.005820129551769544,0.0,0.0,0.0009961000977310123,0.0009961000977310123,0.013627038230998036,0.9833846926095261,0.0009961000977310123
327,2.3692605816897228,4.7385211633794455,-0.014584369899945914,0.0009960893569480834,4.3671875,0.265625,-0.265625,6.311214332992677,-4809.803333758226,0.04274077026410052,3.82328595717748,0.005392913726003219,0.0,0.0,0.0009960893569480834,0.0009960893569480834,0.014085105428103964,0.9829266571401484,0.0009960893569480834
328,2.367111203635731,4.734222407271462,-0.00431789984469206,0.0009961400593984677,4.484375,-0.359375,0.359375,6.326834250008687,-5497.66996069135,0.05897595915125638,3.8823104898134866,0.005476104347811391,0.0,0.0,0.0009961400593984677,0.0009961400593984677,0.032961588961361074,0.9640500160459046,0.0009961400593984677
329,2.3643774926781855,4.728754985356371,-0.0066076370168576416,0.0009962098679602888,4.3984375,0.171875,-0.171875,6.255639583978336,-6366.647869813892,0.07823196679459583,3.9147152304649353,0.004861471534240991,0.0,0.0,0.0009962098679602888,0.0009962098679602888,0.0741238612416953,0.9228875344978119,0.0009962098679602888
330,2.3632816342955367,4.7265632685910735,-0.015240953496397031,0.0009962206817687056,4.4296875,0.359375,-0.359375,6.290848958014976,-5848.68538572347,0.0640687538701811,3.8708552718162537,0.00416397819450746,0.0,0.0,0.0009962206817687056,0.0009962206817687056,0.07858614480255148,0.9184252187333315,0.0009962206817687056
331,2.3638753413184737,4.727750682636947,-0.008932806631810434,0.000996203845119479,4.3828125,0.2578125,-0.2578125,6.244662999990396,-5022.302534830888,0.0635139277991764,3.793961783250173,0.003470759062717358,0.0,0.0,0.000996203845119479,0.000996203845119479,0.0918107128998019,0.9052006993137728,0.000996203845119479
332,2.3696183537636086,4.739236707527217,-0.02213811334786736,0.0009962910593104956,4.5859375,-0.703125,0.703125,6.522834333998617,-4887.553206034933,0.08784785782965931,3.767007569471995,0.0037804545912270746,0.0,0.0,0.0009962910593104956,0.0009962910593104956,0.10754711508455018,0.8894640301862728,0.0009962910593104956
333,2.3731046183625617,4.746209236725123,-0.014258045087415457,0.0009962994344420283,4.5390625,-0.390625,0.390625,6.456219416984823,-4302.593095166922,0.09008432401539741,3.6859461863835654,0.0029920161517414576,0.0,0.0,0.0009962994344420283,0.0009962994344420283,0.15992448736593712,0.837086629821789,0.0009962994344420283
334,2.365087023730552,4.730174047461104,-0.017639924891064498,0.0009963092146606386,4.3203125,-0.15625,0.15625,6.255236083990894,-4875.604777586221,0.10147294658109896,3.6592209140459695,0.0026327029748548134,0.0,0.0,0.0009963092146606386,0.0009963092146606386,0.15899614637395937,0.8380149454347853,0.0009963092146606386
335,2.362702679246315,4.72540535849263,-0.02033169103861257,0.000996299158262534,4.4140625,0.6875,-0.6875,6.297080707969144,-5856.6949996125395,0.10508767821356259,3.694164494673411,0.003430707091562605,0.0,0.0,0.000996299158262534,0.000996299158262534,0.12979801919525571,0.8672131037049045,0.000996299158262534
336,2.3633831459161017,4.726766291832203,-0.012080590593965245,0.0009962509515041367,4.40625,0.6171875,-0.6171875,6.2495415000012144,-5276.381375103461,0.07710331644043855,3.7031511068344116,0.004232625700145339,0.0,0.0,0.0009962509515041367,0.0009962509515041367,0.10733536524650251,0.8896759013248631,0.0009962509515041367
337,2.3660502827419467,4.7321005654838935,-0.00951388552894988,0.0009962077031575017,4.609375,-0.265625,0.265625,6.591462999989744,-6511.227130223132,0.06636826259604955,3.7057416439056396,0.0049523568207708495,0.0,0.0,0.0009962077031575017,0.0009962077031575017,0.08716057795218303,0.9098508223222364,0.0009962077031575017
338,2.3682682494180196,4.736536498836039,-0.01108448560299846,0.0009962157270659287,4.328125,-0.140625,0.140625,6.179122000001371,-6252.986830679646,0.0711072392102721,3.7103041211764016,0.00546134125518923,0.0,0.0,0.0009962157270659287,0.0009962157270659287,0.0636122124685674,0.9333991673527057,0.0009962157270659287
339,2.3702032848375865,4.740406569675173,-0.010940782201463606,0.0009961650594801407,4.3515625,-0.5234375,0.5234375,6.1931963749811985,-7004.909505830149,0.06810886628885672,3.7443811496098838,0.006048369143779079,0.0,0.0,0.0009961650594801407,0.0009961650594801407,0.031213197463168637,0.9657983345450262,0.0009961650594801407
340,2.3716102148024696,4.743220429604939,-0.01697631559945082,0.0009961018876322074,4.4296875,0.4921875,-0.4921875,6.3240340409683995,-5917.873123324409,0.04608010703030928,3.8143524527549744,0.006474358262494206,0.0,0.0,0.0009961018876322074,0.0009961018876322074,0.0166135115119443,0.9803982126400058,0.0009961018876322074
341,2.372330030950012,4.744660061900024,-0.01394945263520116,0.0009960934991733127,4.328125,-0.96875,0.96875,6.157884415995795,-5977.471541837384,0.04006554199120413,3.8754663666089377,0.0065590158725778265,0.0,0.0,0.0009960934991733127,0.0009960934991733127,0.014968289649710798,0.9820434618943005,0.0009960934991733127
342,2.3696354744026467,4.739270948805293,-0.01376637369688133,0.0009961173871694052,4.4921875,-0.5546875,0.5546875,6.427846333011985,-4950.341127910064,0.04802097227262414,3.8922454516092935,0.006471424247138202,0.0,0.0,0.0009961173871694052,0.0009961173871694052,0.02140225841279101,0.9756094184388285,0.0009961173871694052
343,2.3680432434643106,4.736086486928621,-0.010890592247321425,0.0009961311312635308,4.4921875,0.5078125,-0.5078125,6.487219290982466,-6494.398784778336,0.051367851994607756,3.909439663092295,0.006454008088136713,0.0,0.0,0.0009961311312635308,0.0009961311312635308,0.028217951841854855,0.9687936817741264,0.0009961311312635308
344,2.366089154713337,4.732178309426674,-0.013350500600924263,0.0009961470466412327,4.625,-0.6328125,0.6328125,6.523922167019919,-7464.7082561540865,0.06286384897759638,3.904119074344635,0.006371616191851596,0.0,0.0,0.0009961470466412327,0.0009961470466412327,0.03758108429197769,0.9594305035877639,0.0009961470466412327
345,2.363395698350547,4.726791396701094,-0.012917532495721817,0.000996210230126356,4.21875,-0.7890625,0.7890625,6.036030583025422,-7372.09356394221,0.07238186628178314,3.916650195916494,0.005955667312567432,0.0,0.0,0.000996210230126356,0.000996210230126356,0.04853355007362552,0.9484778409498243,0.000996210230126356
346,2.361622307919223,4.723244615838446,-0.01812974699389685,0.0009962307963439303,4.4921875,0.640625,-0.640625,6.360404625011142,-6218.736638435758,0.07064437694523645,3.8634357849756875,0.004877634113654494,0.0,0.0,0.0009962307963439303,0.0009962307963439303,0.09200848996679745,0.9050028412013679,0.0009962307963439303
347,2.3608411250436476,4.721682250087295,-0.011154753320258524,0.0009962144415819058,4.4453125,-0.8125,0.8125,6.295228749979287,-6254.278280578171,0.06767951834599875,3.863619605700175,0.004885539470706135,0.0,0.0,0.0009962144415819058,0.0009962144415819058,0.07930132264953912,0.9177100587657101,0.0009962144415819058
348,2.360960339717628,4.721920679435256,-0.014628216053407323,0.0009962120529700507,4.3359375,0.25,-0.25,6.245480082987342,-6816.050842605914,0.06920797940310057,3.8561171293258667,0.004483652630976091,0.0,0.0,0.0009962120529700507,0.0009962120529700507,0.07745119170998936,0.9195601966689332,0.0009962120529700507
349,2.3610846830976002,4.7221693661952004,-0.006773246664547941,0.0009962479970620378,4.4921875,-0.4296875,0.4296875,6.364888709038496,-6805.112287853245,0.08776367610563403,3.827431857585907,0.004029649426229298,0.0,0.0,0.0009962479970620378,0.0009962479970620378,0.09635390195651385,0.9006573749922783,0.0009962479970620378
350,2.36095672097693,4.72191344195386,-0.00706635940610272,0.000996256759788236,4.5703125,0.1796875,-0.1796875,6.5740442499518394,-6808.278022187248,0.0862498371837995,3.7152220408121743,0.003804606579554578,0.0,0.0,0.000996256759788236,0.000996256759788236,0.09576266309799643,0.9012485871159145,0.000996256759788236
351,2.3604301208233425,4.720860241646685,-0.014812601314566201,0.0009962634332716846,4.5703125,0.09375,-0.09375,6.482855709036812,-7622.686373252352,0.08275641389509551,3.6962136030197144,0.003862858662614599,0.0,0.0,0.0009962634332716846,0.0009962634332716846,0.09405888406058344,0.9029523462719785,0.0009962634332716846
352,2.3609412339105003,4.7218824678210005,-0.012458439553513166,0.0009962497382844844,4.46875,-0.3828125,0.3828125,6.3972308749798685,-7957.451323622147,0.08398959195645123,3.6859949429829917,0.004188456494982044,0.0,0.0,0.0009962497382844844,0.0009962497382844844,0.09211590572323819,0.9048953694120453,0.0009962497382844844
353,2.362267556626084,4.724535113252168,-0.014039505646080258,0.0009962202054576005,4.5625,-0.859375,0.859375,6.556831999972928,-7064.776074223962,0.06498628467551038,3.7315741181373596,0.004867408366408199,0.0,0.0,0.0009962202054576005,0.0009962202054576005,0.07734920676081594,0.9196621562160507,0.0009962202054576005
354,2.3661351958465042,4.7322703916930084,-0.0022531950830586016,0.000996221945286124,4.453125,-0.5390625,0.5390625,6.347603207977954,-7908.469136121184,0.06787133167187373,3.7074807484944663,0.004966023358671616,0.0,0.0,0.000996221945286124,0.000996221945286124,0.11697124512273852,0.8800401094555447,0.000996221945286124
355,2.3684576668884074,4.736915333776815,-0.020194964945143407,0.000996201622688037,4.4609375,0.0234375,-0.0234375,6.325324749981519,-7211.242074553006,0.07454283990213834,3.786555528640747,0.005956604203674942,0.0,0.0,0.000996201622688037,0.000996201622688037,0.0396415080894323,0.9573699097551125,0.000996201622688037
356,2.3701097667969258,4.7402195335938515,-0.010986855379623251,0.0009961356707798266,4.625,-0.5234375,0.5234375,6.591630875016563,-7111.308097849807,0.05741181654377362,3.8440691431363425,0.006602318666409701,0.0,0.0,0.0009961356707798266,0.0009961356707798266,0.029323034035277907,0.9676885855792411,0.0009961356707798266
357,2.3688814209151143,4.737762841830229,-0.012535823425452586,0.0009961156410215517,4.4765625,-0.4453125,0.4453125,6.359279875003267,-6487.85574271267,0.04717601171936872,3.939077874024709,0.007030653379236658,0.0,0.0,0.0009961156410215517,0.0009961156410215517,0.021617127517010712,0.9753945529929007,0.0009961156410215517
358,2.366784310651413,4.733568621302826,-0.0216077736260072,0.0009960954875463215,4.390625,0.0,0.0,6.250817583000753,-7508.849295930496,0.047104799655991944,3.964133640130361,0.006718982049884896,0.0,0.0,0.0009960954875463215,0.0009960954875463215,0.011143243416325187,0.9858684981634569,0.0009960954875463215
359,2.3631726013173764,4.726345202634753,-0.015285116632562299,0.000996170010599775,4.515625,-0.1640625,0.1640625,6.428939375036862,-7081.629849505867,0.07068426464926,3.9295561114947,0.006105533956239621,0.0,0.0,0.000996170010599775,0.000996170010599775,0.03610505186851945,0.9609064625227295,0.000996170010599775
360,2.3604917822401257,4.720983564480251,-0.0058155712535077975,0.0009962010446066428,4.234375,-0.2578125,0.2578125,6.040804125019349,-8096.936013889619,0.06499664294378783,3.907175898551941,0.005607523412133257,0.0,0.0,0.0009962010446066428,0.0009962010446066428,0.06947009853384632,0.9275413215155215,0.0009962010446066428
361,2.3583778456796063,4.716755691359213,-0.016078473410436778,0.0009961840154561518,4.546875,-0.1015625,0.1015625,6.4307981669553556,-8225.64106347999,0.05917870015853254,3.8202688097953796,0.004891397586713235,0.0,0.0,0.0009961840154561518,0.0009961840154561518,0.07012013873026172,0.9268913313902873,0.0009961840154561518
362,2.3579330937130605,4.715866187426121,-0.016711150757129346,0.0009962184487368416,4.578125,0.0703125,-0.0703125,6.6996714159613475,-8185.31223250435,0.06998141717686995,3.7700424790382385,0.004458420230851819,0.0,0.0,0.0009962184487368416,0.0009962184487368416,0.0764919800509829,0.9205193864823312,0.0009962184487368416
363,2.3585700474939104,4.717140094987821,-0.014440589132279988,0.0009962842132248447,4.515625,0.359375,-0.359375,6.414357917034067,-7557.358543494522,0.08568170145927416,3.7954363425572715,0.00451893776577587,0.0,0.0,0.0009962842132248447,0.0009962842132248447,0.1254004697117207,0.8716106965254097,0.0009962842132248447
364,2.358920413618769,4.717840827237538,-0.024531334991555583,0.0009962578860593708,4.40625,0.03125,-0.03125,6.277631416975055,-7485.476436152354,0.08095813372852743,3.7220028241475425,0.004059178483051558,0.0,0.0,0.0009962578860593708,0.0009962578860593708,0.09614545790476936,0.9008657914680901,0.0009962578860593708
365,2.3573261568886883,4.714652313777377,-0.011776323234027525,0.0009963044722098857,4.5625,-0.5078125,0.5078125,6.508812541957013,-7776.112018377799,0.09576918608955529,3.694116493066152,0.003991526279908915,0.0,0.0,0.0009963044722098857,0.0009963044722098857,0.10958564701296344,0.8874254597577008,0.0009963044722098857
366,2.3568273827248998,4.7136547654497996,-0.015477322348153733,0.0009962757796018967,4.34375,-0.640625,0.640625,6.17936141701648,-7032.594636878022,0.09318180288449465,3.6844046314557395,0.004113236384000629,0.0,0.0,0.0009962757796018967,0.0009962757796018967,0.11029620223704611,0.8867149920939391,0.0009962757796018967
367,2.3565931098636685,4.713186219727337,-0.013226404349834197,0.0009962718607775696,4.4296875,-1.1171875,1.1171875,6.30837166699348,-6195.250021589843,0.08432737454719434,3.6844590306282043,0.004262402605187769,0.0,0.0,0.0009962718607775696,0.0009962718607775696,0.11897774589144522,0.8780334611442614,0.0009962718607775696
368,2.356678664063231,4.713357328126462,-0.018309045106935665,0.0009962537030116041,4.390625,-0.296875,0.296875,6.263481125002727,-6717.204444079037,0.07799717807128125,3.733208874861399,0.004302024414452414,0.0,0.0,0.0009962537030116041,0.0009962537030116041,0.10604584978680455,0.890965414218177,0.0009962537030116041
369,2.35712880604737,4.71425761209474,-0.02105290847688397,0.0009962415573118307,4.4375,-0.4453125,0.4453125,6.326587499992456,-7676.681444115451,0.0748131179027784,3.752921203772227,0.004799831076525152,0.0,0.0,0.0009962415573118307,0.0009962415573118307,0.11656241186523095,0.8804488834358496,0.0009962415573118307
370,2.3576802056523674,4.715360411304735,-0.012859211579657099,0.0009962383627543131,4.34375,0.234375,-0.234375,6.210356208961457,-8704.309034828648,0.06879307846907232,3.7916414737701416,0.00511464464943856,0.0,0.0,0.0009962383627543131,0.0009962383627543131,0.07651409039210207,0.9204972179900945,0.0009962383627543131
371,2.356992882356463,4.713985764712926,-0.011156031810932866,0.0009962546465020646,4.5546875,0.2890625,-0.2890625,6.493484167032875,-8056.599303163276,0.07322206194185066,3.8373181422551474,0.005589826847426593,0.0,0.0,0.0009962546465020646,0.0009962546465020646,0.09693998772603832,0.9000712705430244,0.0009962546465020646
372,2.355740015537227,4.711480031074454,-0.02236608015060206,0.000996220042398472,4.5390625,-0.2578125,0.2578125,6.391260041971691,-8328.854183351097,0.069578439529453,3.886475145816803,0.005504056559099506,0.0,0.0,0.000996220042398472,0.000996220042398472,0.09219872671349387,0.9048126338171194,0.000996220042398472
373,2.355153017298972,4.710306034597944,-0.012035936360269844,0.000996232087196055,4.5625,-0.8125,0.8125,6.490546999964863,-7836.192385612469,0.06604187408053916,3.842059155305227,0.004878815438132733,0.0,0.0,0.000996232087196055,0.000996232087196055,0.09883359002032356,0.8981777371101923,0.000996232087196055
374,2.3572016568612906,4.714403313722581,-0.00958362191566726,0.000996232681801231,4.578125,-0.03125,0.03125,6.5412623329903,-7980.66329922419,0.07102341382881887,3.7838735580444336,0.004485188963978241,0.0,0.0,0.000996232681801231,0.000996232681801231,0.08548860538054778,0.911522721223503,0.000996232681801231
375,2.372040966874716,4.744081933749432,-0.019604135337292397,0.0009963139741665731,4.609375,0.3125,-0.3125,6.620444624975789,-6498.974807779886,0.09874869240921433,3.839085419972738,0.0041057238122448325,0.0,0.0,0.0009963139741665731,0.0009963139741665731,0.14581461006270374,0.8511964678945872,0.0009963139741665731
376,2.3842288935478635,4.768457787095727,-0.004497709203128654,0.0009963290622821866,4.4375,0.375,-0.375,6.3506205410230905,-7763.143334014792,0.10286161852475832,3.8544029792149863,0.003322475366682435,0.0,0.0,0.0009963290622821866,0.0009963290622821866,0.15967013330844848,0.8373409000181914,0.0009963290622821866
377,2.3936396877071022,4.7872793754142045,-0.02038383660721355,0.0009962867291269698,4.390625,0.4140625,-0.4140625,6.370768291002605,-8110.370181228328,0.09596670409697655,3.749270757039388,0.0024348545800118395,0.0,0.0,0.0009962867291269698,0.0009962867291269698,0.16303070509467388,0.8339804556463958,0.0009962867291269698
378,2.3958887115068155,4.791777423013631,-0.02650038177145625,0.0009963204292182484,4.5703125,-0.3671875,0.3671875,6.544621792039834,-10010.40707390747,0.0906565865708722,3.7076728343963623,0.001425928735746614,0.0,0.0,0.0009963204292182484,0.0009963204292182484,0.19205937517974048,0.8049516829733665,0.0009963204292182484
379,2.3772935707047536,4.754587141409507,-0.01720008402584911,0.0009963105831882965,4.6796875,0.421875,-0.421875,6.699787458986975,-7993.765002383833,0.08934707317706539,3.5597543319066367,0.001587488675795612,0.0,0.0,0.0009963105831882965,0.0009963105831882965,0.2037767834371758,0.7932343004117464,0.0009963105831882965
380,2.357165549436437,4.714331098872874,-0.022009003305401967,0.0009962957264364359,4.7109375,-1.1796875,1.1796875,6.731373707996681,-8563.886184345894,0.09375851091683207,3.516250491142273,0.003312425649104019,0.0,0.0,0.0009962957264364359,0.0009962957264364359,0.16023323947763005,0.8367778898350382,0.0009962957264364359
381,2.3645204024418396,4.729040804883679,-0.012510320270447142,0.000996206233319098,4.59375,-0.28125,0.28125,6.586657874984667,-6282.468723639396,0.06077641753644562,3.5330138007799783,0.005428504683853437,0.0,0.0,0.000996206233319098,0.000996206233319098,0.07584023004739077,0.9211711791784702,0.000996206233319098
382,2.3662296965590537,4.732459393118107,-0.01695761223034954,0.0009961555795462845,4.3984375,-0.265625,0.265625,6.321499290992506,-8139.3678253299295,0.07423345213937929,3.597622593243917,0.006963233347050846,0.0,0.0,0.0009961555795462845,0.0009961555795462845,0.034917652255030046,0.9620939090469154,0.0009961555795462845
383,2.362757786811283,4.725515573622566,-0.009160563213036528,0.0009961558581438868,4.40625,-0.1796875,0.1796875,6.299557416001335,-6200.401783037687,0.05822442562471256,3.813033401966095,0.007878825980393836,0.0,0.0,0.0009961558581438868,0.0009961558581438868,0.036733659098448286,0.9602779025258992,0.0009961558581438868
384,2.3600587115021447,4.7201174230042895,-0.006925460090550254,0.0009961826302568918,4.609375,-0.3828125,0.3828125,6.606484208954498,-9625.2755602876,0.07035357825836892,3.830766260623932,0.006798183176821719,0.0,0.0,0.0009961826302568918,0.0009961826302568918,0.04979040109260418,0.9472210782801069,0.0009961826302568918
385,2.359451902548803,4.718903805097606,-0.019182323031107333,0.0009961798277799971,4.625,0.4375,-0.4375,6.6019301660126075,-10345.369066967844,0.06664258208302026,3.865927994251251,0.0061512280177945895,0.0,0.0,0.0009961798277799971,0.0009961798277799971,0.04799896167595934,0.9490125258730463,0.0009961798277799971
386,2.3605508552183982,4.7211017104367965,-0.0152740631317399,0.0009962007853324979,4.515625,-0.828125,0.828125,6.4002129579894245,-9029.27725224483,0.06536514315251454,3.9365012645721436,0.006468142770851652,0.0,0.0,0.0009962007853324979,0.0009962007853324979,0.0573537638052415,0.93965766071922,0.0009962007853324979
387,2.3646325256391245,4.729265051278249,-0.0141768364963132,0.0009961856245118777,4.5859375,0.0390625,-0.0390625,6.553539541026112,-10864.175462591267,0.06728280445456099,3.912329912185669,0.00671443942701444,0.0,0.0,0.0009961856245118777,0.0009961856245118777,0.052988343957011956,0.9440231267448111,0.0009961856245118777
388,2.3642028713118575,4.728405742623715,-0.014866754750806226,0.0009961541166388724,4.5625,0.203125,-0.203125,6.464696958020795,-8158.951989940575,0.061299210918225246,3.9069116512934365,0.006644716835580766,0.0,0.0,0.0009961541166388724,0.0009961541166388724,0.02780471540160624,0.9692068486137567,0.0009961541166388724
389,2.363940374913418,4.727880749826836,-0.013569372121776432,0.0009961903678144693,4.421875,-0.0625,0.0625,6.332202457997482,-8776.123088870336,0.07296750643175398,3.979788899421692,0.006895279531211902,0.0,0.0,0.0009961903678144693,0.0009961903678144693,0.04131081604827426,0.9557006372679387,0.0009961903678144693
390,2.360176361952002,4.720352723904004,-0.015840935724643075,0.000996174411413892,4.5234375,-0.7734375,0.7734375,6.534290832991246,-9600.321693235828,0.06851861810565818,4.021824816862742,0.006813559545359264,0.0,0.0,0.000996174411413892,0.000996174411413892,0.03510849196797587,0.9619030126162189,0.000996174411413892
391,2.3525464592236665,4.705092918447333,-0.02174489871390656,0.0009961829005146344,4.1875,-0.546875,0.546875,5.964580875006504,-8591.26106008852,0.06598832912103676,4.064561128616333,0.0063717391846391065,0.0,0.0,0.0009961829005146344,0.0009961829005146344,0.047354876483163326,0.9496565993228899,0.0009961829005146344
392,2.3878543499024523,4.7757086998049045,-0.0245124364486449,0.0009962734347872197,4.390625,0.2734375,-0.2734375,6.295616791001521,-10497.968437581187,0.08825592662860703,4.023836612701416,0.005215043085627258,0.0,0.0,0.0009962734347872197,0.0009962734347872197,0.10913204407821546,0.8878791607237749,0.0009962734347872197
393,2.4076698232756835,4.815339646551367,-0.019762225721587236,0.0009963195321725168,4.65625,-0.625,0.625,6.612833417020738,-9778.670194011056,0.09226972691014709,3.924821436405182,0.0028641532383820354,0.0,0.0,0.0009963195321725168,0.0009963195321725168,0.17401977433747262,0.8229912824181828,0.0009963195321725168
394,2.427929674516248,4.855859349032496,-0.02243194049959238,0.0009964508455547908,4.734375,-0.015625,0.015625,6.636521124979481,-10945.41411883601,0.1184688953516802,3.8661553462346396,-0.0010854779975488782,0.0,0.0,0.0009964508455547908,0.0009964508455547908,0.32697098315505174,0.6700396698061223,0.0009964508455547908
395,2.444695043661836,4.889390087323672,-0.018505422791730456,0.0009964520016120875,4.796875,-0.1484375,0.1484375,6.878852499998175,-9503.173278488395,0.09112377658316484,3.736538310845693,-0.002153512242027015,0.0,0.0,0.0009964520016120875,0.0009964520016120875,0.3450247598455533,0.6519858877505221,0.0009964520016120875
396,2.4324738585546832,4.8649477171093665,-0.01996905337019507,0.0009966210046436414,4.953125,0.21875,-0.21875,7.024622500000987,-10239.688801884457,0.12382796027165859,3.5327361424764,-0.0016669781762175262,0.0,0.0,0.0009966210046436414,0.0009966210046436414,0.406796117911625,0.5902140070462073,0.0009966210046436414
397,2.401448689008209,4.802897378016418,-0.013853691483722083,0.0009965220848308356,4.8515625,-0.703125,0.703125,6.895133749989327,-9826.50385115098,0.11033929822045632,3.3330372969309487,-0.0002577464571610714,0.0,0.0,0.0009965220848308356,0.0009965220848308356,0.3483245100785908,0.6486859187324818,0.0009965220848308356
398,2.351797136813344,4.703594273626688,-0.02730691411785041,0.0009963672803478094,4.609375,-0.359375,0.359375,6.567384875030257,-8672.78451928645,0.11261413886006606,3.2917715509732566,0.0018319086375413463,0.0,0.0,0.0009963672803478094,0.0009963672803478094,0.28406120223581194,0.7129497037677616,0.0009963672803478094
399,2.3642014412553785,4.728402882510757,-0.0118528261753643,0.000996268220971954,4.609375,-0.4609375,0.4609375,6.6278993339510635,-9225.483585718628,0.08525734272927551,3.3175005316734314,0.005403799354098737,0.0,0.0,0.000996268220971954,0.000996268220971954,0.1157750129741143,0.8812362022451283,0.000996268220971954
400,2.3750762389875106,4.750152477975021,-0.02081071098663054,0.0009961501183596,4.7890625,-0.5390625,0.5390625,6.767134708992671,-9892.522630189724,0.06372134712620427,3.4966873129208884,0.008047058266432336,0.0,0.0,0.0009961501183596,0.0009961501183596,0.036074699661360225,0.9609368765277736,0.0009961501183596
401,2.3896118958477777,4.779223791695555,-0.010405894259083703,0.0009960771301886085,4.546875,0.2734375,-0.2734375,6.408003415970597,-11444.132817092519,0.04012755007575877,3.689670145511627,0.009423962328583002,0.0,0.0,0.0009960771301886085,0.0009960771301886085,0.007654222067288696,0.9893575755693659,0.0009960771301886085
402,2.3902157848579755,4.780431569715951,-0.011798950571803819,0.0009960378081524286,4.3125,-0.171875,0.171875,6.222798957955092,-10860.949798743264,0.034338159027738846,3.81867782274882,0.009240970325966677,0.0,0.0,0.0009960378081524286,0.0009960378081524286,0.0019825032597535924,0.9950294133977614,0.0009960378081524286
403,2.390157248604768,4.780314497209536,-0.012322959961479847,0.000996033285200952,4.578125,0.4296875,-0.4296875,6.462082208017819,-11826.512652939573,0.03419198055748443,3.9101648132006326,0.007939935351411501,0.0,0.0,0.000996033285200952,0.000996033285200952,0.0018409673222292964,0.9951709636038888,0.000996033285200952
404,2.389070713861087,4.778141427722174,-0.0019542992942905447,0.0009960368977197888,4.75,0.1328125,-0.1328125,6.809633124968968,-11156.901616566583,0.034078001976013184,3.908651272455851,0.007134512745930503,0.0,0.0,0.0009960368977197888,0.0009960368977197888,0.001857625104955667,0.9951542950186291,0.0009960368977197888
405,2.3838673687062277,4.7677347374124555,-0.00788164084408593,0.0009960465626360543,4.5625,0.453125,-0.453125,6.4840335409971885,-12994.39049922486,0.03815310179217629,3.937780181566874,0.006489495707986255,0.0,0.0,0.0009960465626360543,0.0009960465626360543,0.0033100873998554475,0.9937018029493828,0.0009960465626360543
406,2.375208565782635,4.75041713156527,-0.025018281755902136,0.000996060027109738,4.484375,0.1328125,-0.1328125,6.350670374988113,-12432.369927160735,0.03724895222988694,4.002100507418315,0.006757010007277131,0.0,0.0,0.000996060027109738,0.000996060027109738,0.003262893478702494,0.9937489557141627,0.000996060027109738
407,2.3607351144642212,4.7214702289284425,-0.012799038317145146,0.0009961025330394934,4.359375,-0.1796875,0.1796875,6.268009874969721,-10605.248088466697,0.047120539731876826,3.991807281970978,0.006593042839085683,0.0,0.0,0.0009961025330394934,0.0009961025330394934,0.01552709062103062,0.9814846302285843,0.0009961025330394934
408,2.3500965469934796,4.700193093986959,-0.02028986910014702,0.0009961650584561289,4.5078125,-0.1953125,0.1953125,6.524322999990545,-12056.647892141866,0.06539745475173617,3.99899685382843,0.006605121268269916,0.0,0.0,0.0009961650584561289,0.0009961650584561289,0.036082509636154246,0.9609290248086108,0.0009961650584561289
409,2.3949718715227366,4.789943743045473,-0.015711738425253242,0.0009962796324117706,4.6015625,-0.5546875,0.5546875,6.536411250010133,-12360.157436007039,0.08599304230108933,3.972151299317678,0.0049541094922460616,0.0,0.0,0.0009962796324117706,0.0009962796324117706,0.11960985758760866,0.8774013242019018,0.0009962796324117706
410,2.400369412041277,4.800738824082554,-0.020804160804287323,0.0009963333338466598,4.9296875,-0.0703125,0.0703125,7.070124999969266,-10898.387563303922,0.09446246906075915,3.900352160135905,0.0011226337087464344,0.0,0.0,0.0009963333338466598,0.0009963333338466598,0.22962593230885261,0.7673850796228237,0.0009963333338466598
411,2.4025088867484468,4.8050177734968935,-0.01917998244316531,0.0009963692812126818,4.5234375,-1.109375,1.109375,6.501808208995499,-12103.195244474819,0.11412117483547932,3.8582992355028787,-0.0004875397232050697,0.0,0.0,0.0009963692812126818,0.0009963692812126818,0.2559859000969942,0.7410250000164254,0.0009963692812126818
412,2.3991675992974524,4.798335198594905,-0.01139882732043135,0.0009964113187530632,4.703125,-0.1171875,0.1171875,6.6399658329901285,-12575.029973461464,0.12616034953598168,3.846077779928843,-0.0002975767420139164,0.0,0.0,0.0009964113187530632,0.0009964113187530632,0.25575472988235454,0.7412560492993001,0.0009964113187530632
413,2.363729536343719,4.727459072687438,-0.014205775569652752,0.0009963359567528526,4.7421875,-0.625,0.625,6.763813709025271,-10256.082806219596,0.09704587770598332,3.780862251917521,0.00043408822966739535,0.0,0.0,0.0009963359567528526,0.0009963359567528526,0.2375593326753389,0.7594516685764157,0.0009963359567528526
414,2.354364896877183,4.708729793754366,-0.015748104889709805,0.0009962965384245775,4.484375,-0.4921875,0.4921875,6.438969584007282,-12598.588217842418,0.09674277766007372,3.7219414114952087,0.0024471925879273235,0.0,0.0,0.0009962965384245775,0.0009962965384245775,0.1273837875980861,0.8696273423488762,0.0009962965384245775
415,2.3643148896947204,4.728629779389441,-0.013397235546541125,0.0009961862083790558,4.6484375,-0.78125,0.78125,6.568714166991413,-13479.059958485195,0.05830520370802959,3.790547569592794,0.004856244525096069,0.0,0.0,0.0009961862083790558,0.0009961862083790558,0.0580280649205748,0.9389834022979026,0.0009961862083790558
416,2.3673244773088227,4.734648954617645,-0.024324514922648907,0.0009961430845137273,4.4453125,0.1015625,-0.1015625,6.33852674998343,-11371.721419998856,0.058752396037582776,3.914364496866862,0.006858933891635388,0.0,0.0,0.0009961430845137273,0.0009961430845137273,0.03549691791660913,0.961514681190177,0.0009961430845137273
417,2.358967557715868,4.717935115431736,-0.012284965477336523,0.0009961074026957955,4.5,0.734375,-0.734375,6.523658999998588,-10240.487646662403,0.0442841957620759,4.009085635344188,0.007272013986948878,0.0,0.0,0.0009961074026957955,0.0009961074026957955,0.01733519993690101,0.9796765079429153,0.0009961074026957955
418,2.349758282669219,4.699516565338438,-0.014228817038641999,0.0009961785381264862,4.2734375,-0.6953125,0.6953125,6.075052540982142,-10704.590057707124,0.06459790368784063,4.06808473666509,0.006845958860746275,0.0,0.0,0.0009961785381264862,0.0009961785381264862,0.04056497769799744,0.9564465155784156,0.0009961785381264862
419,2.3769592844668317,4.753918568933663,-0.014572140469179595,0.000996202474509898,4.375,-0.0625,0.0625,6.319710083014797,-14863.470079239858,0.061824353890759604,3.9725159207979837,0.0051483687905905145,0.0,0.0,0.000996202474509898,0.000996202474509898,0.09962626107132694,0.8973851558924902,0.000996202474509898
420,2.386835245175969,4.773670490351938,-0.01931239740346178,0.0009963097186700424,4.7109375,-1.0546875,1.0546875,6.746076000039466,-13349.632919260723,0.09605178601459088,3.938975433508555,0.002776599841430046,0.0,0.0,0.0009963097186700424,0.0009963097186700424,0.17920041494233654,0.8178106716493837,0.0009963097186700424
421,2.3902114918135204,4.780422983627041,-0.01659237303408043,0.0009963214425148354,4.59375,0.0234375,-0.0234375,6.5648502499680035,-11433.189487702151,0.10148683654739946,3.9739962418874106,0.0015682030217855452,0.0,0.0,0.0009963214425148354,0.0009963214425148354,0.19214392213295783,0.8048671320119166,0.0009963214425148354
422,2.3494229745310475,4.698845949062095,-0.02632181660080395,0.000996306036927418,4.8515625,-0.84375,0.84375,6.92161970800953,-10342.245381378953,0.09244258110313984,3.8909027179082236,0.001568063567901845,0.0,0.0,0.000996306036927418,0.000996306036927418,0.1853385685503276,0.8116725282100571,0.000996306036927418
423,2.3543966635338087,4.708793327067617,-0.005018468436741548,0.0009962326914468621,4.4765625,-0.28125,0.28125,6.368953458964825,-13164.77028939527,0.07860506894180704,3.8663173715273538,0.003688543127888503,0.0,0.0,0.0009962326914468621,0.0009962326914468621,0.09190201371307623,0.9051093122997869,0.0009962326914468621
424,2.3618714576744604,4.723742915348921,-0.010374241938150864,0.0009961883283852201,4.375,-0.5234375,0.5234375,6.297801208973397,-14228.082734910276,0.06359138426903103,3.9167074958483377,0.005224079708568752,0.0,0.0,0.0009961883283852201,0.0009961883283852201,0.059395926762746444,0.9376155319378345,0.0009961883283852201
425,2.3703272463645404,4.740654492729081,-0.01360184964453992,0.0009961981259705261,4.5859375,-0.015625,0.015625,6.506800875009503,-13789.274421566499,0.07648090497166984,4.013868967692058,0.0062506969552487135,0.0,0.0,0.0009961981259705261,0.0009961981259705261,0.051173385922452734,0.9458380480300083,0.0009961981259705261
426,2.3718625906848847,4.743725181369769,-0.01800671106511242,0.0009960927393037116,4.4765625,-0.4296875,0.4296875,6.441651000001002,-13793.27117097664,0.04403306392344921,4.068334082762401,0.007251641422044486,0.0,0.0,0.0009960927393037116,0.0009960927393037116,0.014345851799361018,0.9826658977046089,0.0009960927393037116
427,2.364427163545897,4.728854327091794,-0.01588732117198209,0.0009960830867383464,4.3828125,0.2421875,-0.2421875,6.378816833021119,-11875.484013661577,0.0386623118650467,4.128857572873433,0.007358074692698817,0.0,0.0,0.0009960830867383464,0.0009960830867383464,0.007715412275699663,0.9892963692877913,0.0009960830867383464
428,2.3504980464341827,4.700996092868365,-0.013259823218727268,0.0009961484513476278,4.3828125,0.015625,-0.015625,6.269109290966298,-12500.317463377854,0.061423972162705266,4.150816261768341,0.007278533341983954,0.0,0.0,0.0009961484513476278,0.0009961484513476278,0.027800888348945188,0.9692106943937773,0.0009961484513476278
429,2.3834958534742245,4.766991706948449,-0.02981098623815645,0.0009962527296998734,4.546875,0.265625,-0.265625,6.449704291997477,-12737.4427446856,0.07996758785342023,4.1431432366371155,0.005473434556430827,0.0,0.0,0.0009962527296998734,0.0009962527296998734,0.0991471088315357,0.897864156892512,0.0009962527296998734
430,2.4061697045982635,4.812339409196527,-0.02021076862766901,0.0009963039249206833,4.640625,-0.8671875,0.8671875,6.664241000020411,-12833.354908820073,0.08944735814651054,4.165270407994588,0.0025799220359961814,0.0,0.0,0.0009963039249206833,0.0009963039249206833,0.19967409143473652,0.7973370148105742,0.0009963039249206833
431,2.4078742398352926,4.815748479670585,-0.02559133888619788,0.0009963754933074716,4.6640625,0.3203125,-0.3203125,6.665393791976385,-14293.163462489432,0.11218939936864915,4.107954442501068,-0.0004326070484239608,0.0,0.0,0.0009963754933074716,0.0009963754933074716,0.24670040871619622,0.7503104771372755,0.0009963754933074716
432,2.3509759730579023,4.701951946115805,-0.018514006349312773,0.0009963909745566585,4.6953125,0.21875,-0.21875,6.6392335839918815,-13128.276326462812,0.11759627486475295,4.021972517172496,-0.00031297714546478045,0.0,0.0,0.0009963909745566585,0.0009963909745566585,0.253364323387922,0.7436465128693348,0.0009963909745566585
433,2.3729050719962412,4.7458101439924825,-0.022590867422130467,0.0009962065751354936,4.6796875,-0.0859375,0.0859375,6.6816149589722045,-15515.256398086618,0.06649195935844579,3.988525946935018,0.003319276017767455,0.0,0.0,0.0009962065751354936,0.0009962065751354936,0.0743268064082521,0.9226845957028629,0.0009962065751354936
434,2.3961108272578393,4.792221654515679,-0.011850082973603382,0.0009960999127381633,4.40625,0.0859375,-0.0859375,6.24053000001004,-17914.747396518782,0.04199259962014695,4.068461775779724,0.0062733840313740075,0.0,0.0,0.0009960999127381633,0.0009960999127381633,0.011846435351251024,0.9851652939427407,0.0009960999127381633
435,2.3971684325674567,4.794336865134913,-0.010138643826893529,0.0009960302953803879,4.390625,-0.1796875,0.1796875,6.242251209041569,-14767.415559467341,0.03195708547967396,4.163094063599904,0.007947097008582205,0.0,0.0,0.0009960302953803879,0.0009960302953803879,0.0010907552666958832,0.9959211852202636,0.0009960302953803879
436,2.397385978206184,4.794771956412368,-0.014806543385022465,0.0009960263066020301,4.390625,-0.34375,0.34375,6.416424333991017,-14823.259338945494,0.03153139714721683,4.214700520038605,0.007808580509542177,0.0,0.0,0.0009960263066020301,0.0009960263066020301,0.0009987564946796572,0.9960131946407603,0.0009960263066020301
437,2.397561683829579,4.795123367659158,-0.01632516541821832,0.000996018355947122,4.5546875,0.0625,-0.0625,6.457782624987885,-14213.172798625556,0.03151299360353583,4.176222602526347,0.006873150491931786,0.0,0.0,0.000996018355947122,0.000996018355947122,0.000996018355947122,0.9960159571461162,0.000996018355947122
438,2.3966732655734875,4.793346531146975,-0.019304962805999488,0.000996022749152164,4.5,0.6484375,-0.6484375,6.41514116700273,-14203.676596415226,0.03154810729514187,4.242852628231049,0.007107452140189707,0.0,0.0,0.000996022749152164,0.000996022749152164,0.0010018625616794452,0.9960100999515917,0.000996022749152164
439,2.3726958903834,4.7453917807668,-0.012401896206785496,0.000996032684395941,4.6328125,0.59375,-0.59375,6.599682291969657,-13759.839593391425,0.032892091875082324,4.278474469979604,0.007456929073669016,0.0,0.0,0.000996032684395941,0.000996032684395941,0.001321729639518384,0.9956902037382528,0.000996032684395941
440,2.3523094789179453,4.704618957835891,-0.019768625956189757,0.0009961115119411894,4.4921875,-0.2578125,0.2578125,6.381568000011612,-15710.638502267386,0.04581727862358093,4.4243729909261065,0.007362629539178063,0.0,0.0,0.0009961115119411894,0.0009961115119411894,0.021911130487797376,0.9751005640269621,0.0009961115119411894
441,2.4329048970955673,4.865809794191135,-0.023877343164771223,0.0009963027091612617,4.6640625,-0.59375,0.59375,6.700231291004457,-16506.483871853994,0.0897712181111676,4.399498860041301,0.004322865951204828,0.0,0.0,0.0009963027091612617,0.0009963027091612617,0.13613174715250187,0.8608793636167366,0.0009963027091612617
442,2.498885445112201,4.997770890224402,-0.03052928470855757,0.0009965154864802594,4.8046875,0.1015625,-0.1015625,6.791977000015322,-15184.244212883159,0.10051208724214779,4.227102557818095,-0.0018367781109797459,0.0,0.0,0.0009965154864802594,0.0009965154864802594,0.33160705429944776,0.66540340768851,0.0009965154864802594
443,2.488226773274358,4.976453546548716,-0.01951243953384677,0.0009967053056199942,4.8984375,0.6796875,-0.6796875,7.026135833002627,-12195.39994215704,0.14677745967723155,4.0178350905577345,-0.004095862153917551,0.0,0.0,0.0009967053056199942,0.0009967053056199942,0.45647475470868987,0.5405351122255635,0.0009967053056199942
444,2.433733132689711,4.867466265379422,-0.019135023722917786,0.0009967135449383008,4.796875,-0.109375,0.109375,6.8485370419803075,-14178.653027786118,0.1620616956525983,3.6211904684702554,-0.002248037778675401,0.0,0.0,0.0009967135449383008,0.0009967135449383008,0.42214355144686905,0.5748662995923454,0.0009967135449383008
445,2.4109747305672418,4.8219494611344835,-0.024647458432158965,0.0009964730215809646,4.703125,-0.5390625,0.5390625,6.8409497500397265,-14286.034454041814,0.09977644288361667,3.445335795482,-0.00013816495629725978,0.0,0.0,0.0009964730215809646,0.0009964730215809646,0.31428095605359735,0.6827296308424337,0.0009964730215809646
446,2.35286297253215,4.7057259450643,-0.02071756694738792,0.0009963923035266188,4.5546875,-0.4375,0.4375,6.5300967920338735,-11379.687715470796,0.10857063559991009,3.4899026453495026,0.0012599839513616946,0.0,0.0,0.0009963923035266188,0.0009963923035266188,0.265936923525408,0.7310739067310426,0.0009963923035266188
447,2.3743236143763147,4.748647228752629,-0.01651262237181865,0.0009962010258454106,4.2265625,-0.0703125,0.0703125,6.095034707977902,-13419.491099206174,0.06440675580209593,3.4854025145371756,0.005679725355245561,0.0,0.0,0.0009962010258454106,0.0009962010258454106,0.08116059169898845,0.915850829940105,0.0009962010258454106
448,2.3808522335715714,4.761704467143143,-0.01507234251971714,0.0009961054920577604,4.3203125,0.1015625,-0.1015625,6.121534958016127,-14052.856948499899,0.04623075623139335,3.6669046878814697,0.009044803756599626,0.0,0.0,0.0009961054920577604,0.0009961054920577604,0.01969401311056914,0.977317701007962,0.0009961054920577604
449,2.371743621002763,4.743487242005526,-0.02372384261135036,0.0009960782288003288,4.515625,-0.21875,0.21875,6.45448541699443,-13695.316035773458,0.03684439245856345,3.756058136622111,0.009703981728913883,0.0,0.0,0.0009960782288003288,0.0009960782288003288,0.006470474840510817,0.9905413199074334,0.0009960782288003288
450,2.35238544063522,4.70477088127044,-0.03043271771662341,0.0009961035893503673,4.5078125,-0.0546875,0.0546875,6.4769049159949645,-12538.354846226952,0.050571907757163255,3.88992448647817,0.008984446409158409,0.0,0.0,0.0009961035893503673,0.0009961035893503673,0.015584210430609266,0.981427506251548,0.0009961035893503673
451,2.4147546158135964,4.829509231627193,-0.01454449162732311,0.00099622789582535,4.6484375,0.4375,-0.4375,6.638379874988459,-15818.307957670106,0.07183052806042824,3.922993153333664,0.006216606338663648,0.0,0.0,0.00099622789582535,0.00099622789582535,0.08887688969653257,0.9081344477065346,0.00099622789582535
452,2.61636835500658,5.23273671001316,-0.019900546262992275,0.0009964011592508454,4.6953125,0.2578125,-0.2578125,6.667836709006224,-18546.185132449824,0.11033244873590756,3.8098687330881753,0.0008337845191590532,0.0,0.0,0.0009964011592508454,0.0009964011592508454,0.27468917443833085,0.7223216343410359,0.0009964011592508454
453,2.6565235648217174,5.313047129643435,-0.03160503681533831,0.000996650292185105,4.84375,-1.125,1.125,6.861451042001136,-8924.666447154492,0.281307880904886,3.4172023038069406,-0.0029435232621229566,0.0,0.0,0.000996650292185105,0.000996650292185105,0.6816745386669232,0.3153354749151115,0.000996650292185105
454,2.65746825661881,5.31493651323762,-0.0420653877760436,0.0009960159659385681,4.8984375,0.3203125,-0.3203125,7.03670441696886,-7368.129619421951,0.03151305019855499,3.0369880696137748,-0.0032179860208998434,0.0,0.0,0.0009960159659385681,0.0009960159659385681,0.9960158467292786,0.0009960159659385681,0.0009960159659385681
455,2.6584787844740037,5.316957568948007,-0.02624039715895643,0.0009960159659385681,4.8203125,-0.203125,0.203125,6.893390292010736,-6190.182249616379,0.03151305019855499,2.9247294763724008,-0.003039216455363203,0.0,0.0,0.0009960159659385681,0.0009960159659385681,0.9960158467292786,0.0009960159659385681,0.0009960159659385681
456,2.659402190867494,5.318804381734988,-0.02957604008880556,0.0009960159659385681,4.890625,0.1875,-0.1875,6.911636542004999,-4784.635479716828,0.03151305019855499,2.7759707470734916,-0.0023809728688017153,0.0,0.0,0.0009960159659385681,0.0009960159659385681,0.9960158467292786,0.0009960159659385681,0.0009960159659385681
457,2.6604023771916383,5.320804754383277,-0.03452580642339387,0.0009960159659385681,4.8515625,1.0703125,-1.0703125,6.831887083011679,-4432.691339588012,0.03151305019855499,2.6920820573965707,-0.0016430079219086717,0.0,0.0,0.0009960159659385681,0.0009960159659385681,0.9960158467292786,0.0009960159659385681,0.0009960159659385681
458,2.6612980416954297,5.322596083390859,-0.022245049918438637,0.0009960159659385681,4.875,0.09375,-0.09375,6.8016650000354275,-6001.722170462976,0.03151305019855499,2.6771069169044495,-0.0019450109818232402,0.0,0.0,0.0009960159659385681,0.0009960159659385681,0.9960158467292786,0.0009960159659385681,0.0009960159659385681
459,2.6621660213373377,5.324332042674675,-0.02711924274553771,0.0009960159659385681,4.8125,-0.1015625,0.1015625,6.838291875028517,-6449.518671580723,0.03151305019855499,2.584916909535726,-0.0016981338946303974,0.0,0.0,0.0009960159659385681,0.0009960159659385681,0.9960158467292786,0.0009960159659385681,0.0009960159659385681
460,2.663101320537149,5.326202641074298,-0.03904075417362918,0.0009960159659385681,4.9453125,0.3046875,-0.3046875,7.01596058299765,-5421.580272415426,0.03151305019855499,2.5984340210755668,-0.0016535143425547478,0.0,0.0,0.0009960159659385681,0.0009960159659385681,0.9960158467292786,0.0009960159659385681,0.0009960159659385681
461,2.663993289905842,5.327986579811684,-0.0200401930004883,0.0009960159659385681,4.8515625,0.7890625,-0.7890625,6.803286125010345,-7585.581371239802,0.03151305019855499,2.50082266330719,-0.0020115352842064262,0.0,0.0,0.0009960159659385681,0.0009960159659385681,0.9960158467292786,0.0009960159659385681,0.0009960159659385681
462,2.6647933699198485,5.329586739839697,-0.022316857311609477,0.0009960159659385681,4.8671875,-0.1796875,0.1796875,6.828984291991219,-5237.7150413549925,0.03151305019855499,2.5633588234583535,-0.002177621984931951,0.0,0.0,0.0009960159659385681,0.0009960159659385681,0.9960158467292786,0.0009960159659385681,0.0009960159659385681
463,2.665581712825952,5.331163425651904,-0.024897448602932647,0.0009960159659385681,4.921875,0.0390625,-0.0390625,7.080108124995604,-12330.403697592115,0.03151305019855499,2.585477630297343,-0.0022062441651845197,0.0,0.0,0.0009960159659385681,0.0009960159659385681,0.9960158467292786,0.0009960159659385681,0.0009960159659385681
464,2.6663034327209214,5.332606865441843,-0.01752284785880452,0.0009960159659385681,4.9609375,0.3984375,-0.3984375,6.954222500033211,-10291.455677639218,0.03151305019855499,2.6572410662968955,-0.0021464773186986954,0.0,0.0,0.0009960159659385681,0.0009960159659385681,0.9960158467292786,0.0009960159659385681,0.0009960159659385681
465,2.6670967440937363,5.334193488187473,-0.03186523180047302,0.0009960159659385681,4.84375,-0.28125,0.28125,6.848814667027909,-12614.9814419408,0.03151305019855499,2.7192156414190927,-0.0025963953133517257,0.0,0.0,0.0009960159659385681,0.0009960159659385681,0.9960158467292786,0.0009960159659385681,0.0009960159659385681
466,2.6679246038718416,5.335849207743683,-0.028065672708692726,0.0009960159659385681,4.96875,0.265625,-0.265625,7.003042042022571,-12529.634367672903,0.03151305019855499,2.7247238953908286,-0.0026371875477101034,0.0,0.0,0.0009960159659385681,0.0009960159659385681,0.9960158467292786,0.0009960159659385681,0.0009960159659385681
467,2.6687457046140244,5.337491409228049,-0.021133373614928355,0.0009960159659385681,4.859375,-0.1640625,0.1640625,6.844156167004257,-11091.012361876068,0.03151305019855499,2.741196423768997,-0.0024263052740328326,0.0,0.0,0.0009960159659385681,0.0009960159659385681,0.9960158467292786,0.0009960159659385681,0.0009960159659385681
468,2.669532986715931,5.339065973431862,-0.029945947539010535,0.0009960159659385681,4.96875,0.609375,-0.609375,6.961589999962598,-13228.740599938159,0.03151305019855499,2.720933655897776,-0.0025964582552357265,0.0,0.0,0.0009960159659385681,0.0009960159659385681,0.9960158467292786,0.0009960159659385681,0.0009960159659385681
469,2.6703224833637265,5.340644966727453,-0.027123200638985313,0.0009960159659385681,4.7734375,0.2578125,-0.2578125,6.781201332982164,-10713.94028653958,0.03151305019855499,2.7706386049588523,-0.002935476222774014,0.0,0.0,0.0009960159659385681,0.0009960159659385681,0.9960158467292786,0.0009960159659385681,0.0009960159659385681
470,2.6711357735514762,5.3422715471029525,-0.01928328276524973,0.0009960159659385681,4.734375,0.984375,-0.984375,6.644362792023458,-9969.341434944581,0.03151305019855499,2.789172758658727,-0.0032234057331758472,0.0,0.0,0.0009960159659385681,0.0009960159659385681,0.9960158467292786,0.0009960159659385681,0.0009960159659385681
471,2.6718340312569433,5.343668062513887,-0.01828896164579538,0.0009960159659385681,4.96875,0.2421875,-0.2421875,7.042382624989841,-11560.189501660425,0.03151305019855499,2.8354025185108185,-0.003241616029602786,0.0,0.0,0.0009960159659385681,0.0009960159659385681,0.9960158467292786,0.0009960159659385681,0.0009960159659385681
472,2.672557683799245,5.34511536759849,-0.0358477115719571,0.0009960159659385681,4.7265625,0.5,-0.5,6.729804374976084,-10053.589163535882,0.03151305019855499,2.891356269518534,-0.0032077986033982597,0.0,0.0,0.0009960159659385681,0.0009960159659385681,0.9960158467292786,0.0009960159659385681,0.0009960159659385681
473,2.6732087012418986,5.346417402483797,-0.024502055471129224,0.0009960159659385681,4.9609375,0.078125,-0.078125,7.0078896670020185,-14428.77258490615,0.03151305019855499,2.852959841489792,-0.003041080914651199,0.0,0.0,0.0009960159659385681,0.0009960159659385681,0.9960158467292786,0.0009960159659385681,0.0009960159659385681
474,2.6736813826049666,5.347362765209933,-0.023844409870410522,0.0009960159659385681,5.015625,-0.40625,0.40625,6.96342216595076,-11947.939844814788,0.03151305019855499,2.8393914898236594,-0.003083133579517986,0.0,0.0,0.0009960159659385681,0.0009960159659385681,0.9960158467292786,0.0009960159659385681,0.0009960159659385681
475,2.6742164817764484,5.348432963552897,-0.015648783631908136,0.0009960159659385681,4.859375,0.4453125,-0.4453125,6.89060966699617,-12705.533429259272,0.03151305019855499,2.808184891939163,-0.002814006909223584,0.0,0.0,0.0009960159659385681,0.0009960159659385681,0.9960158467292786,0.0009960159659385681,0.0009960159659385681
476,2.674599783609211,5.349199567218422,-0.02635842504397221,0.0009960159659385681,4.8515625,1.53125,-1.53125,6.913863916997798,-15264.731032735484,0.03151305019855499,2.8258918722470603,-0.0028917973298424235,0.0,0.0,0.0009960159659385681,0.0009960159659385681,0.9960158467292786,0.0009960159659385681,0.0009960159659385681
477,2.6749626791329755,5.349925358265951,-0.021320271579755135,0.0009960159659385681,4.8515625,0.2265625,-0.2265625,6.8455722910002805,-15882.068181404937,0.03151305019855499,2.7919258574644723,-0.002715060943349575,0.0,0.0,0.0009960159659385681,0.0009960159659385681,0.9960158467292786,0.0009960159659385681,0.0009960159659385681
478,2.6750796196278053,5.3501592392556105,-0.023188113516967535,0.0009960159659385681,5,1.0078125,-1.0078125,6.981496541004162,-13336.08060901165,0.03151305019855499,2.734703610340754,-0.002648392878957869,0.0,0.0,0.0009960159659385681,0.0009960159659385681,0.9960158467292786,0.0009960159659385681,0.0009960159659385681
479,2.675317398496892,5.350634796993784,-0.007455657340075803,0.0009960159659385681,4.8046875,0.7890625,-0.7890625,6.792978540994227,-8195.859221171557,0.03151305019855499,2.6938369274139404,-0.002531786718463991,0.0,0.0,0.0009960159659385681,0.0009960159659385681,0.9960158467292786,0.0009960159659385681,0.0009960159659385681
480,2.675533011578035,5.35106602315607,-0.019671658812230264,0.0009960159659385681,4.90625,0.421875,-0.421875,7.057034500001464,-12161.407934346777,0.03151305019855499,2.6753658950328827,-0.002372984978137538,0.0,0.0,0.0009960159659385681,0.0009960159659385681,0.9960158467292786,0.0009960159659385681,0.0009960159659385681
481,2.6757916898660783,5.351583379732157,-0.02134344164914128,0.0009960159659385681,4.75,0.1953125,-0.1953125,6.91180975001771,-11647.697881096288,0.03151305019855499,2.653365264336268,-0.0024454846764759472,0.0,0.0,0.0009960159659385681,0.0009960159659385681,0.9960158467292786,0.0009960159659385681,0.0009960159659385681
482,2.6761176544592455,5.352235308918491,-0.02875629812663295,0.0009960159659385681,5.140625,-0.171875,0.171875,7.3007106659933925,-11461.248414546886,0.03151305019855499,2.715403606494268,-0.002114747558759215,0.0,0.0,0.0009960159659385681,0.0009960159659385681,0.9960158467292786,0.0009960159659385681,0.0009960159659385681
483,2.6764634776810103,5.352926955362021,-0.02013389113425856,0.0009960159659385681,4.8359375,0.140625,-0.140625,6.879024667025078,-10500.714181212887,0.03151305019855499,2.6754760146141052,-0.0024682957227923907,0.0,0.0,0.0009960159659385681,0.0009960159659385681,0.9960158467292786,0.0009960159659385681,0.0009960159659385681
484,2.676925884976275,5.35385176995255,-0.021563972329190467,0.0009960159659385681,4.84375,-0.125,0.125,6.849696916993707,-13123.859408840057,0.03151305019855499,2.6812543670336404,-0.002677958764252253,0.0,0.0,0.0009960159659385681,0.0009960159659385681,0.9960158467292786,0.0009960159659385681,0.0009960159659385681
485,2.677358492587963,5.354716985175926,-0.02464188109352968,0.0009960159659385681,4.8515625,0.09375,-0.09375,6.853010125050787,-10661.404708886876,0.03151305019855499,2.7118515074253082,-0.0026999932451872155,0.0,0.0,0.0009960159659385681,0.0009960159659385681,0.9960158467292786,0.0009960159659385681,0.0009960159659385681
486,2.677778610544493,5.355557221088986,-0.02029827870725822,0.0009960159659385681,4.875,-0.1640625,0.1640625,6.980919083987828,-12814.958484771923,0.03151305019855499,2.74102246761322,-0.0028790319338440895,0.0,0.0,0.0009960159659385681,0.0009960159659385681,0.9960158467292786,0.0009960159659385681,0.0009960159659385681
487,2.6780788908181936,5.356157781636387,-0.01904755281578059,0.0009960159659385681,4.859375,-0.2421875,0.2421875,6.839834958023857,-11214.675925693327,0.03151305019855499,2.7477717896302543,-0.003212466244197761,0.0,0.0,0.0009960159659385681,0.0009960159659385681,0.9960158467292786,0.0009960159659385681,0.0009960159659385681
488,2.6785446200746197,5.357089240149239,-0.02329231721332183,0.0009960159659385681,5.0234375,1.0,-1.0,7.060359957977198,-15533.078704406833,0.03151305019855499,2.7780982156594596,-0.003067737678065896,0.0,0.0,0.0009960159659385681,0.0009960159659385681,0.9960158467292786,0.0009960159659385681,0.0009960159659385681
489,2.679018276465771,5.358036552931542,-0.042449172279713746,0.0009960159659385681,4.9140625,0.4375,-0.4375,7.125969458022155,-15785.262242012448,0.03151305019855499,2.842099110285441,-0.003391711701018115,0.0,0.0,0.0009960159659385681,0.0009960159659385681,0.9960158467292786,0.0009960159659385681,0.0009960159659385681
490,2.6796066071099007,5.3592132142198015,-0.032423036248550356,0.0009960159659385681,4.953125,0.359375,-0.359375,6.9580324169946834,-19944.380574271505,0.03151305019855499,2.8826020061969757,-0.0033462216949070958,0.0,0.0,0.0009960159659385681,0.0009960159659385681,0.9960158467292786,0.0009960159659385681,0.0009960159659385681
491,2.6801258477889873,5.360251695577975,-0.017042727865157783,0.0009960159659385681,4.9453125,0.0703125,-0.0703125,6.957990249968134,-18232.086722520104,0.03151305019855499,2.9377822875976562,-0.0033302693627774715,0.0,0.0,0.0009960159659385681,0.0009960159659385681,0.9960158467292786,0.0009960159659385681,0.0009960159659385681
492,2.680673862352311,5.361347724704622,-0.012352191786023712,0.0009960159659385681,4.9765625,0.5625,-0.5625,7.004438458010554,-18550.58282389259,0.03151305019855499,2.971711218357086,-0.0033079582656985926,0.0,0.0,0.0009960159659385681,0.0009960159659385681,0.9960158467292786,0.0009960159659385681,0.0009960159659385681
493,2.681183915500707,5.362367831001414,-0.01935203115411958,0.0009960159659385681,4.8828125,-0.6796875,0.6796875,6.894488584017381,-14910.93892265625,0.03151305019855499,2.9421197970708213,-0.0032718361350513683,0.0,0.0,0.0009960159659385681,0.0009960159659385681,0.9960158467292786,0.0009960159659385681,0.0009960159659385681
494,2.681755062366819,5.363510124733638,-0.01485355134704338,0.0009960159659385681,4.9921875,0.59375,-0.59375,7.016513584007043,-12659.478582820982,0.03151305019855499,2.951205770174662,-0.003417445737189458,0.0,0.0,0.0009960159659385681,0.0009960159659385681,0.9960158467292786,0.0009960159659385681,0.0009960159659385681
495,2.682454460142109,5.364908920284218,-0.02391503865183122,0.0009960159659385681,4.890625,0.578125,-0.578125,6.974905624985695,-15139.501412924867,0.03151305019855499,2.927568644285202,-0.0036092931234937473,0.0,0.0,0.0009960159659385681,0.0009960159659385681,0.9960158467292786,0.0009960159659385681,0.0009960159659385681
496,2.6830221495261055,5.366044299052211,-0.027201069594202716,0.0009960159659385681,4.7109375,0.6640625,-0.6640625,6.691427958954591,-11904.995025989032,0.03151305019855499,2.843904892603556,-0.0030479184412494456,0.0,0.0,0.0009960159659385681,0.0009960159659385681,0.9960158467292786,0.0009960159659385681,0.0009960159659385681
497,2.6836968455113053,5.3673936910226105,-0.020238253095675493,0.0009960159659385681,4.890625,0.234375,-0.234375,6.970904292014893,-14249.006336979972,0.03151305019855499,2.815745860338211,-0.0026787160968524404,0.0,0.0,0.0009960159659385681,0.0009960159659385681,0.9960158467292786,0.0009960159659385681,0.0009960159659385681
498,2.6844523864083616,5.368904772816723,-0.02117522392089073,0.0009960159659385681,4.75,0.2890625,-0.2890625,6.738577417039778,-13182.398016126532,0.03151305019855499,2.766444136699041,-0.0028615661703952355,0.0,0.0,0.0009960159659385681,0.0009960159659385681,0.9960158467292786,0.0009960159659385681,0.0009960159659385681
499,2.685231417684143,5.370462835368286,-0.01540409975683025,0.0009960159659385681,4.84375,0.578125,-0.578125,6.82559174997732,-16994.078005489228,0.03151305019855499,2.751857489347458,-0.002968707352920319,0.0,0.0,0.0009960159659385681,0.0009960159659385681,0.9960158467292786,0.0009960159659385681,0.0009960159659385681
500,2.686005554345681,5.372011108691362,-0.020101396945807547,0.0009960159659385681,4.90625,1.0546875,-1.0546875,6.913503249990754,-11950.331188323391,0.03151305019855499,2.7334576348463693,-0.00274809945646363,0.0,0.0,0.0009960159659385681,0.0009960159659385681,0.9960158467292786,0.0009960159659385681,0.0009960159659385681
