iteration,exploitability,nash_conv,actor_loss,average_lambda,mean_episode_length,mean_return_player0,mean_return_player1,wall_time_sec,scheduler_loss,gate_entropy,gate_regret_norm,gate_avg_utility,handoff_frozen_clusters,handoff_missing_clusters,gate_prob_actor,gate_prob_regret,gate_prob_ra,gate_prob_explore,gate_prob_cfr
1,2.373611041250001,4.747222082500002,0.0,0.2125827921452103,4.265625,0.2265625,-0.2265625,6.143589665996842,0.0004734726145472497,1.6048079851346138,0.0,0.0,0.0,0.0,0.223622189391227,0.2125827921452103,0.16810206725047186,0.19580103522473638,0.19989192600433642
2,2.3516466063358723,4.703293212671745,-1.6068494549172897e-05,0.21046658259927084,4.078125,0.3046875,-0.3046875,5.794748582993634,0.00032111609549086785,1.606295324833457,8.225607981207639e-10,-3.7895359593365097e-14,0.0,0.0,0.21759913499213726,0.21046658259927084,0.17293935212024783,0.19662766264202036,0.20236727612457056
3,2.3826086690847683,4.765217338169537,-9.959627630063916e-05,0.20895670035055705,4.15625,-0.453125,0.453125,6.011895417002961,-0.24127667866773286,1.6073089094090283,0.01299492067967852,-2.7152326490901637e-06,0.0,0.0,0.2123106932337571,0.20895670035055705,0.1771112221356173,0.19822057048068906,0.20340082248238692
4,2.4040106623904682,4.8080213247809365,-3.968832040502539e-05,0.20866330551185858,4.171875,-0.2265625,0.2265625,5.896828458993696,-0.5957439221190602,1.60748209667563,0.0311688471895953,-4.9363199157899844e-06,0.0,0.0,0.21171618286478386,0.20866330551185858,0.17809928789009316,0.19853817643632604,0.20298305742637943
5,2.433732446732928,4.867464893465856,-6.568987310219142e-05,0.20680861801898787,4.234375,-0.4609375,0.4609375,6.017390332999639,-0.86976267378846,1.6075773459079081,0.04568807237471143,-5.341083417912766e-06,0.0,0.0,0.21233204991395183,0.20680861801898787,0.17867592436251165,0.19915554480029207,0.20302786903517714
6,2.3849775275728,4.7699550551456,-2.9842335485515856e-05,0.204822841707779,4.3125,0.0546875,-0.0546875,6.065231832966674,-0.8858343446154849,1.607582837343216,0.06074282775322596,-4.914108744221342e-06,0.0,0.0,0.21493995956320694,0.204822841707779,0.1796112224675607,0.2005414192335329,0.2000845641815576
7,2.4085378270816706,4.817075654163341,-0.00028467711913548305,0.20258337168061002,4.2109375,-0.4140625,0.4140625,5.922408624959644,-1.1345339901641647,1.6074217139900504,0.0831414433196187,-3.44773032405025e-06,0.0,0.0,0.2176923761230674,0.20258337168061002,0.18014585792133672,0.20161328101202375,0.1979651233813758
8,2.4172954675029192,4.8345909350058385,4.952976771355656e-05,0.19942627935015203,4.109375,-0.2421875,0.2421875,5.781162915984169,-1.3001522879070202,1.6071756110445174,0.10596189523736636,-2.1219647313349318e-07,0.0,0.0,0.2208836798488867,0.19942627935015203,0.18149431811879344,0.20356800778283818,0.1946277214150465
9,2.434480149780799,4.868960299561598,-0.00024603945970704335,0.196631745747992,4.3046875,-0.8671875,0.8671875,6.134650416963268,-1.9118896094936804,1.606723610805297,0.1291871014982462,5.9671821664627105e-06,0.0,0.0,0.223791126114487,0.196631745747992,0.18247102503876073,0.2055249521931373,0.1915811585319886
10,2.418120692429386,4.836241384858772,2.78499225541443e-05,0.19204286359122333,4.0859375,0.0,0.0,5.809855542029254,-1.5395621139890947,1.6058726561456975,0.14805296870569387,1.5109567812032765e-05,0.0,0.0,0.22838532089845173,0.19204286359122333,0.18347105466498928,0.20706967396900258,0.18903109602217008
11,2.442617436264473,4.885234872528946,0.00012013849467145073,0.1882618655051504,4.265625,-0.796875,0.796875,6.061288375000004,-1.3561723362790905,1.6050279832584955,0.1695767045021057,2.6013022231078747e-05,0.0,0.0,0.23165930067990725,0.1882618655051504,0.18487142959793845,0.20926165744498537,0.18594575591467238
12,2.451542693701729,4.903085387403458,-0.0003817057566155922,0.18208023969051057,4.4140625,-0.4609375,0.4609375,6.338509334018454,-1.3843262301213974,1.6034238583218734,0.18439025556047758,3.7226737276796484e-05,0.0,0.0,0.23659835531648282,0.18208023969051057,0.1866237235544002,0.21182857034480676,0.182869117766355
13,2.44620818304184,4.89241636608368,-0.00017752755457050207,0.1762566103864072,4.1875,0.5078125,-0.5078125,5.918944041011855,-1.367631149818815,1.6014180096672541,0.20022240405281386,4.7622830455414565e-05,0.0,0.0,0.2420680490113906,0.1762566103864072,0.18755071496229564,0.21368790492971443,0.180436729078195
14,2.4315647226379866,4.863129445275973,-0.00010715139894500896,0.1708624805472924,4.390625,-0.703125,0.703125,6.235812791972421,-1.1028978670798109,1.5992380569413889,0.21490569909413657,6.977994725806032e-05,0.0,0.0,0.24670951821413753,0.1708624805472924,0.18853906215934144,0.21612562082734396,0.17776332708122042
15,2.4396142711076942,4.8792285422153885,-0.000598698894242054,0.1643390981937907,3.9765625,-0.625,0.625,5.626470874994993,-1.5285679321984937,1.596183438900646,0.2353106588125229,8.782367361466943e-05,0.0,0.0,0.25255313568358806,0.1643390981937907,0.18960459571339058,0.21859112393645266,0.1749120563385763
16,2.422220878939931,4.844441757879862,3.034751824037936e-05,0.15699264199139862,4.28125,-1.1796875,1.1796875,6.200145750015508,-1.3735324698058466,1.5918479505246572,0.2555096720655759,0.00011459048285663205,0.0,0.0,0.259364756436026,0.15699264199139862,0.19099431789486948,0.2217038903303825,0.17094440622268803
17,2.4094763041091785,4.818952608218357,2.3017682376342097e-05,0.15044725128590716,4.0703125,0.2265625,-0.2265625,5.824031916970853,-1.1552439492782167,1.5872563887923785,0.28083884591857594,0.0001448439943487756,0.0,0.0,0.26578291049388,0.15044725128590716,0.1919086347557533,0.22481055357520274,0.1670506614869936
18,2.401640058348532,4.803280116697064,-6.503314681217488e-05,0.14148926430253733,4.203125,0.046875,-0.046875,6.178540499997325,-1.5022471823996162,1.5797250800416371,0.2988914872209231,0.00017135744928964414,0.0,0.0,0.2751937213329578,0.14148926430253733,0.19308891751176807,0.2288547977251191,0.16137330591346252
19,2.3957603183071674,4.791520636614335,-0.00013502180096389293,0.1357814183259362,4.234375,0.46875,-0.46875,6.063331915996969,-1.7109099039876647,1.5743333121067484,0.3192154715458552,0.00019915258750794843,0.0,0.0,0.28056744043457554,0.1357814183259362,0.19415093221567653,0.23234213547732996,0.15715808710048998
20,2.387990496780939,4.775980993561878,-0.00046926305163201516,0.12733792057594112,4.1484375,0.9140625,-0.9140625,5.871591666014865,-1.6268782998258056,1.5649718311097887,0.34127698714534443,0.0002242469136035652,0.0,0.0,0.2903463288215594,0.12733792057594112,0.19496158141425324,0.2356514189034532,0.15170276002246333
21,2.387041711728256,4.774083423456512,9.552530595426413e-05,0.11849844600154434,4.0703125,-0.1875,0.1875,5.864951999974437,-1.4398389982020272,1.554363636732559,0.3649935374657313,0.0002611988299274041,0.0,0.0,0.299247491554198,0.11849844600154434,0.19546571288136283,0.24084321528158353,0.14594514336215328
22,2.3804556731249003,4.7609113462498005,-0.00016288826592155206,0.10995687582051224,3.859375,-0.5234375,0.5234375,5.5080050000105985,-1.8228698895588096,1.5416874352254366,0.37127502510945004,0.0003187521712485856,0.0,0.0,0.3091718921897865,0.10995687582051224,0.1957819787596884,0.24569984606885717,0.13938941960392692
23,2.377188536383887,4.754377072767774,0.0001341531540806826,0.10004526415214328,4.234375,-1.375,1.375,5.98903037502896,-1.6164275544190374,1.5259748591708082,0.38270138452450436,0.0003936689002633405,0.0,0.0,0.3207745959508023,0.10004526415214328,0.19629896781321382,0.2507522949378429,0.13212888738710943
24,2.380973363369895,4.76194672673979,-2.6326310494044733e-05,0.09115311297976855,4.0234375,-0.140625,0.140625,5.807182332966477,-1.5714837833009299,1.5090166487740082,0.40988074739774066,0.00044225888753620285,0.0,0.0,0.3318356342686033,0.09115311297976855,0.19624587609929947,0.25620636696954374,0.1245590181026644
25,2.3736848220801923,4.7473696441603845,3.1846728152802526e-05,0.08176924086063521,4.015625,-0.390625,0.390625,5.730966124974657,-1.5810637126807197,1.4883184852767084,0.42924489080905914,0.0005086562159704044,0.0,0.0,0.34453109416980227,0.08176924086063521,0.19598300285376463,0.2616552816928593,0.11606138880846566
26,2.3754407256191357,4.750881451238271,-3.239482357750919e-05,0.0720202428328009,4.078125,-0.59375,0.59375,5.834620083973277,-1.378900032203245,1.4628642537127967,0.4444264496366183,0.0005681249555588389,0.0,0.0,0.3597198067040279,0.0720202428328009,0.19479313064580675,0.2667444770534833,0.106722354189532
27,2.3664527412512077,4.7329054825024155,-0.00024241730719912763,0.06314595702298798,4.2265625,-0.6953125,0.6953125,5.999115625047125,-1.75560390578786,1.4360911339356146,0.45833980788787204,0.0006079122395021841,0.0,0.0,0.3742938235594913,0.06314595702298798,0.19354718623342002,0.2716270904444062,0.09738595225949825
28,2.368824095192415,4.73764819038483,0.0005501700229199418,0.05415463755419743,4.1171875,-0.046875,0.046875,5.853079958993476,-1.8536150820970365,1.4061142298935487,0.47531379759311676,0.0006160800324626811,0.0,0.0,0.3891959350973198,0.05415463755419743,0.19180908270420566,0.2768975947002758,0.08794275915119408
29,2.3650935446734804,4.730187089346961,0.0004381536057055721,0.04671121800662799,4.3515625,0.265625,-0.265625,6.2987688750145026,-1.8602342810063779,1.3733343136374783,0.5031926358739535,0.0006654611925114295,0.0,0.0,0.405269714189389,0.04671121800662799,0.18919656408325347,0.2811759700145927,0.07764654544381094
30,2.366184089606063,4.732368179212126,0.000262611559010088,0.038592881390538354,4.0625,-0.3828125,0.3828125,5.792011792014819,-2.1524647457131114,1.337180644273758,0.509446956217289,0.0007216394005808979,0.0,0.0,0.42176288314736804,0.038592881390538354,0.18594072736226597,0.28553295376209115,0.06817056524495665
31,2.363170425805121,4.726340851610242,0.0016379485447440617,0.0320048524555072,4.0234375,-0.28125,0.28125,5.764231208013371,-3.062224154957362,1.301075226589314,0.5331651742259661,0.0007877076471534868,0.0,0.0,0.43799824072319327,0.0320048524555072,0.18251922804753756,0.2884109058426422,0.059066781871816486
32,2.363549595321187,4.727099190642374,0.00029684953488466994,0.026721577927896374,3.9609375,0.3671875,-0.3671875,5.682536750042345,-3.060966033212973,1.2660261693555692,0.5598704144358635,0.0008529396242617319,0.0,0.0,0.4532595485507619,0.026721577927896374,0.17815181083933135,0.2909751399264063,0.05089193624784138
33,2.36973816637994,4.73947633275988,0.00016553942120360173,0.01947581829478531,4.1328125,-0.4140625,0.4140625,5.833374375011772,-3.1059433317114733,1.2153069779192343,0.5818914622068405,0.0009120862378040329,0.0,0.0,0.4752690147587392,0.01947581829478531,0.17114014594000543,0.29329211635265096,0.040822915035689036
34,2.371062027304326,4.742124054608652,-7.20237211858804e-05,0.015476481476798653,3.828125,0.296875,-0.296875,5.4696136669954285,-3.146359529933531,1.177202894249741,0.6087421228488287,0.0009450312730526397,0.0,0.0,0.49256919385219106,0.015476481476798653,0.1653340024303417,0.2928246695776375,0.033795665215928944
35,2.3714425318421846,4.742885063684369,0.0001568219930072629,0.01156736090372416,4.0234375,-0.0234375,0.0234375,5.7220794999739155,-3.093297130916521,1.1370587754018098,0.6229554836948713,0.000950156600448319,0.0,0.0,0.5086106432873069,0.01156736090372416,0.1591973200151064,0.2939838577242731,0.026640829711573794
36,2.36946278603749,4.73892557207498,0.0009366542401209691,0.007941298445234292,4.1171875,-0.09375,0.09375,5.855659040971659,-3.4441453845309096,1.0890635171696628,0.6388575906554858,0.001018491056432443,0.0,0.0,0.5306461716964982,0.007941298445234292,0.14978524843191965,0.2917055805448789,0.019921710586574715
37,2.3696074100704023,4.739214820140805,0.0010083635330735352,0.006042449912037848,3.9375,0.3359375,-0.3359375,5.618434083007742,-2.1703755668944695,1.0557849471058165,0.6446037789185842,0.001049481029137193,0.0,0.0,0.5454386299446462,0.006042449912037848,0.1432425139235362,0.2897706181402244,0.015505797359057598
38,2.3710433913587483,4.742086782717497,2.374047952758038e-05,0.004126197993737292,4.03125,-0.1015625,0.1015625,5.817348290991504,-2.343128454183813,1.0142042139010836,0.6409818927447001,0.0011696279107127339,0.0,0.0,0.5656372082325839,0.004126197993737292,0.13330313449277897,0.28582661457417546,0.011106860649306327
39,2.371855877028649,4.743711754057298,0.0007728821729567457,0.002894736205067749,3.8671875,-0.4765625,0.4765625,5.560231666953769,-2.991401244237116,0.978673647268854,0.6457335402568182,0.0012283615214983001,0.0,0.0,0.5837710528662711,0.002894736205067749,0.12437014606865969,0.2808877659867508,0.008076311853441476
40,2.372480904361625,4.74496180872325,-0.0003053469061380486,0.002018806884239214,4.015625,-0.2421875,0.2421875,5.6926690000109375,-2.897467727909691,0.9477264992457883,0.6687083393335342,0.0013520926343820368,0.0,0.0,0.5993187674520545,0.002018806884239214,0.11605716415532367,0.2769146747452276,0.00569060004650568
41,2.3730323705567864,4.746064741113573,-0.0007937147063362391,0.0014757278771745561,4.203125,0.78125,-0.78125,5.916960958042182,-4.618015710531031,0.9109205768675609,0.6798593079050382,0.0012751663016388193,0.0,0.0,0.6202971097705089,0.0014757278771745561,0.10572017979250743,0.2686260517091113,0.0038809475519687464
42,2.373054999968762,4.746109999937524,0.0006185455495433801,0.0012422299160290884,3.9765625,-0.078125,0.078125,5.607576499984134,-5.399872155602077,0.8784018678843155,0.7154568682114283,0.0011400026766447506,0.0,0.0,0.6397630257316095,0.0012422299160290884,0.09662768722663694,0.2595906543064211,0.0027764233035970413
43,2.3731027665329227,4.7462055330658455,0.00035237612233272517,0.0010390795193705351,4.078125,0.0234375,-0.0234375,5.806236875010654,-7.0772800822795805,0.8415242802365986,0.732839231689771,0.0011651914683170617,0.0,0.0,0.6617602140739046,0.0010390795193705351,0.08614015916783463,0.2491919827073013,0.0018685836518019209
44,2.373237740176786,4.746475480353572,0.0011932096642530406,0.0010057811472982726,4.1796875,0.015625,-0.015625,5.900872250029352,-7.371983199710217,0.8051123821846793,0.7285165910919508,0.0011510889413936336,0.0,0.0,0.6832829991233683,0.0010057811472982726,0.07606777131696728,0.23831143083973466,0.0013320376039003936
45,2.3733365116848777,4.746673023369755,-0.0007874779413697158,0.0009986387554205734,3.9453125,0.3828125,-0.3828125,5.631864040973596,-8.413646954428035,0.7754202141620145,0.7552169735232989,0.0012929103977512568,0.0,0.0,0.7005576465389516,0.0009986387554205734,0.06809627745706257,0.2292737614400316,0.0010736953563951325
46,2.3733483254118095,4.746696650823619,0.0004103708514279152,0.000998418058770767,4,0.0234375,-0.0234375,5.648756416048855,-8.981767914212469,0.7424864968052134,0.7718157817920049,0.0013838105029814567,0.0,0.0,0.7192834159359336,0.000998418058770767,0.06001296044269111,0.21870053128805012,0.001004698048291175
47,2.3732381582358997,4.746476316471799,-0.001038269604328246,0.0009982181559204503,4.2109375,-0.546875,0.546875,5.959342707996257,-8.172401283338065,0.7037168354183049,0.7747785126169523,0.0012287834276018355,0.0,0.0,0.7409514019573332,0.0009982181559204503,0.05117578957582338,0.20587639469162652,0.0009982181559204503
48,2.373354608800921,4.746709217601842,-0.00021805996054716193,0.0009981114790804586,4.1640625,0.0,0.0,5.9203304999973625,-6.862924504080721,0.6590402516594076,0.7722398762901624,0.0012598352598918912,0.0,0.0,0.7647516435574859,0.0009981114790804586,0.04283469133812927,0.19041746858975678,0.0009981114790804586
49,2.373367165128724,4.746734330257448,0.0007452064880448494,0.0009980613763085084,3.9921875,-0.2734375,0.2734375,5.703434957948048,-5.062964241443213,0.6254957437281973,0.7850572119156519,0.0012028147272455196,0.0,0.0,0.7816201267643684,0.0009980613763085084,0.036812279043525985,0.17957149278336076,0.0009980613763085084
50,2.3733166876067067,4.746633375213413,0.0008531512650425094,0.0009980344490613789,3.90625,0.0859375,-0.0859375,5.556356790999416,-7.6253619010271505,0.5933305783867836,0.8132723147670428,0.001191963288874831,0.0,0.0,0.7968081620931625,0.0009980344490613789,0.0316545250788331,0.16954126733541489,0.0009980344490613789
51,2.373270479406443,4.746540958812886,-0.0012611684723630252,0.000998017869081146,4.03125,-0.0625,0.0625,5.700260250014253,-7.8635620872639915,0.5444781710935194,0.8547314951817194,0.0011796699812596974,0.0,0.0,0.8201111736454705,0.000998017869081146,0.025467444308708575,0.15242537435923897,0.000998017869081146
52,2.3734072257741694,4.746814451548339,-0.0001898651317902406,0.0009980097007989662,4.203125,-0.359375,0.359375,6.110607250011526,-6.823906179862859,0.4959627768253305,0.8282897174358368,0.0012629116196573402,0.0,0.0,0.8418682223137427,0.0009980097007989662,0.02004012887341881,0.1360956646335834,0.0009980097007989662
53,2.3733361839765736,4.746672367953147,1.5077563458324783e-05,0.0009980064292224524,4.015625,0.0859375,-0.0859375,5.7122102080029435,-5.863825832602318,0.4572268978109156,0.8516152848800024,0.0014270764028575893,0.0,0.0,0.8589695748883927,0.0009980064292224524,0.016309668737144758,0.1227247658754601,0.0009980064292224524
54,2.3733541042686817,4.746708208537363,-0.0003891817594675556,0.0009980051789700364,4.1328125,0.34375,-0.34375,5.8671133339521475,-9.233126159993727,0.4154854348961031,0.8737542803088824,0.0014402234955923632,0.0,0.0,0.8759710031556271,0.0009980051789700364,0.013022741173008468,0.10901027464348337,0.0009980051789700364
55,2.373506214069247,4.747012428138494,-0.00014992688054549927,0.00099800443847857,4.5546875,0.7109375,-0.7109375,6.46674795798026,-11.179114756095112,0.35758048620579785,0.8757488057017326,0.001251999638043344,0.0,0.0,0.8990313898433339,0.00099800443847857,0.009244056112423705,0.0897285704298095,0.00099800443847857
56,2.373413815072543,4.746827630145086,-0.0005912057884396167,0.000998003151924633,3.9765625,0.0859375,-0.0859375,5.695602749998216,-12.879197403854436,0.3323253575265993,0.9211957727869352,0.0011610941146500409,0.0,0.0,0.9085674049343716,0.000998003151924633,0.007838096912430639,0.08159852535454722,0.000998003151924633
57,2.3734328658814596,4.746865731762919,0.0006308730589209266,0.0009979720853576528,4.0234375,-0.4609375,0.4609375,5.750295208999887,-14.20741951982875,0.28700609469008675,0.935140406092008,0.0012389454495860264,0.0,0.0,0.9249605916078808,0.0009979720853576528,0.005719827271057564,0.0673236553855602,0.0009979720853576528
58,2.3735001537477247,4.747000307495449,-0.00017177582313191746,0.0009979050682850138,3.8828125,-0.65625,0.65625,5.501759541977663,-13.310289852671447,0.2496583571646295,0.9403796369830767,0.0014079058382776566,0.0,0.0,0.9377503626543271,0.0009979050682850138,0.004284727685078529,0.055969134244835475,0.0009979050682850138
59,2.3735209691966825,4.747041938393365,-0.00013351211554867124,0.0009978378053947625,4.0703125,0.2421875,-0.2421875,5.7844056250178255,-18.5607346819499,0.21011124120850022,0.9508125633001328,0.0014746397112806637,0.0,0.0,0.9505327760372418,0.0009978378053947625,0.003086033117449744,0.04438554013823651,0.0009978378053947625
60,2.3735788848164763,4.7471577696329526,0.00037109242991262325,0.0009977677321364126,4.0390625,0.53125,-0.53125,5.782487125019543,-18.94856567922358,0.1771380851834263,0.9681568120916685,0.0015205630916170776,0.0,0.0,0.9605081037580391,0.0009977677321364126,0.00230112973833907,0.035195268343817046,0.0009977677321364126
61,2.373590654509381,4.747181309018762,2.8909419603414867e-05,0.000997712658475112,3.890625,0.0625,-0.0625,5.536342832958326,-25.285725632276158,0.14940386618596005,0.9672287553548813,0.0015115172924803726,0.0,0.0,0.9685102595861657,0.000997712658475112,0.0017423385517656743,0.027752000746881986,0.000997712658475112
62,2.3735139687707445,4.747027937541489,0.0004710088861401266,0.0009976490835188743,3.7890625,0.0703125,-0.0703125,5.413421292032581,-20.823886941137577,0.12255788284171489,1.015775588651498,0.001545004398697832,0.0,0.0,0.9758240068081728,0.0009976490835188743,0.001308489316047083,0.020872244923903615,0.0009976490835188743
63,2.3733549315373024,4.746709863074605,0.0003291187686217701,0.0009974961614105644,4.234375,0.4375,-0.4375,5.963794250041246,-23.18750885567075,0.09992690280602207,1.0401625434557598,0.001456390581248949,0.0,0.0,0.98144903064214,0.0009974961614105644,0.0011264788733479118,0.015429526904032556,0.0009974961614105644
64,2.373346587740309,4.746693175480618,-0.001428436041318002,0.0009973661318578718,3.9765625,-0.3359375,0.3359375,5.693770332960412,-19.56123712643657,0.08077983722119997,1.0655713478724163,0.001519041310530156,0.0,0.0,0.9860723615863702,0.0009973661318578718,0.001021958719701131,0.010910965937275753,0.0009973661318578718
65,2.3734588343176197,4.7469176686352395,0.0013874083739022582,0.0009972328718009466,4.078125,-0.5,0.5,5.773729000007734,-21.847152003134177,0.06715857495921325,1.0574102501074474,0.0017234078792777534,0.0,0.0,0.9891319230370138,0.0009972328718009466,0.0010008379833512293,0.007872781143800295,0.0009972328718009466
66,2.3735037704129502,4.7470075408259005,-0.000407853729018086,0.000997059378407408,4.1796875,0.140625,-0.140625,5.946403915993869,-20.904709061295062,0.055081765625242876,1.0625773593783379,0.00183239315811079,0.0,0.0,0.9916909949801792,0.000997059378407408,0.000997059378407408,0.00531781053140098,0.000997059378407408
67,2.373559471420923,4.747118942841846,-0.0019223847126508702,0.0009969173644938717,4.1328125,-0.25,0.25,5.8488276659627445,-20.893692130073735,0.0469154695960885,1.0538793404897053,0.0017404033133061603,0.0,0.0,0.9933185637109897,0.0009969173644938717,0.0009969173644938717,0.003690646338102272,0.0009969173644938717
68,2.3736664143726576,4.747332828745315,-0.00042547218352193683,0.0009968407438762426,3.953125,-0.140625,0.140625,5.596909124986269,-24.172199672813985,0.04156641819672622,1.0988575319449108,0.0015976751965354197,0.0,0.0,0.994332347933954,0.0009968407438762426,0.0009968407438762426,0.002677082252070278,0.0009968407438762426
69,2.373892778145586,4.747785556291172,-0.0012982306326993272,0.0009967613100605622,3.9296875,-0.0625,0.0625,5.601502375036944,-24.60229237383201,0.03734504663298429,1.12899649143219,0.0016369896135681,0.0,0.0,0.9950596430666641,0.0009967613100605622,0.0009967613100605622,0.0019500015408104327,0.0009967613100605622
70,2.374041130479197,4.748082260958394,-0.0011646764293004746,0.0009966205133556387,4.1171875,0.1875,-0.1875,5.824384374951478,-37.59402928122152,0.033794814802041766,1.11078542470932,0.0017293561104452237,0.0,0.0,0.9956546768517829,0.0009966205133556387,0.0009966205133556387,0.0013553553317855527,0.0009966205133556387
71,2.3741912033014554,4.748382406602911,-0.002319416583295494,0.0009964715113933637,4.140625,0.2578125,-0.2578125,5.90371129201958,-45.13736548845685,0.03235871004608442,1.110167036453883,0.001725883509304064,0.0,0.0,0.9958851993083954,0.0009964715113933637,0.0009964715113933637,0.0011252444722900554,0.0009964715113933637
72,2.3741467380785513,4.7482934761571025,0.001856055859088255,0.0009963371820772783,4.0859375,-0.515625,0.515625,5.875037208024878,-44.87761819668988,0.031718917354855894,1.1278123756249745,0.0018564080746727996,0.0,0.0,0.9959848178960169,0.0009963371820772783,0.0009963371820772783,0.0010260092982680431,0.0009963371820772783
73,2.374217392518645,4.74843478503729,-0.0014404117058819696,0.0009962087623750122,4.09375,0.5859375,-0.5859375,5.796453625021968,-40.68061296623084,0.03152886945185543,1.1378144174814224,0.0017430547098532163,0.0,0.0,0.9960134775583981,0.0009962087623750122,0.0009962087623750122,0.0009977290620547471,0.0009962087623750122
74,2.3744711090938475,4.748942218187695,-0.0008251102583682636,0.0009961247776193462,4.0703125,0.1875,-0.1875,5.772330666019116,-45.88185904586196,0.0315161417747871,1.1757320016622543,0.0014280852543985627,0.0,0.0,0.9960153243592056,0.0009961247776193462,0.0009961247776193462,0.0009961247776193462,0.0009961247776193462
75,2.3745937080419894,4.749187416083979,0.0005498796165662096,0.0009960735849290359,4,-0.3125,0.3125,5.695882082975004,-33.31282360526292,0.03151474188052816,1.204054777820905,0.0013354769709318741,0.0,0.0,0.996015514829196,0.0009960735849290359,0.0009960735849290359,0.0009960735849290359,0.0009960735849290359
76,2.3746552673901293,4.749310534780259,-0.0008446976707582393,0.0009960497477734948,4.0390625,-0.2265625,0.2265625,5.774936333007645,-40.42791843180878,0.031514082449836014,1.2371583133935928,0.0014456736759408766,0.0,0.0,0.9960156103859096,0.0009960497477734948,0.0009960497477734948,0.0009960497477734948,0.0009960497477734948
77,2.3748111897877573,4.749622379575515,-0.0005226888097788924,0.0009960319661508196,4.0234375,-0.171875,0.171875,5.687758249987382,-27.94368644326917,0.03151359474196017,1.2633396983146667,0.0015066938115827118,0.0,0.0,0.9960156772900554,0.0009960319661508196,0.0009960319661508196,0.0009960319661508196,0.0009960319661508196
78,2.37488855237563,4.74977710475126,0.00013217601046769173,0.000996023839661575,4,-0.5390625,0.5390625,5.659186209028121,-27.608554730650482,0.0315133694166434,1.2466461459795635,0.0017031292348595646,0.0,0.0,0.9960157104069367,0.000996023839661575,0.000996023839661575,0.000996023839661575,0.000996023839661575
79,2.3750187252696477,4.7500374505392955,0.0008378865301696031,0.0009960196576221793,4.140625,-0.015625,0.015625,5.8439510830212384,-27.42963006137959,0.0315132580346094,1.2613502989212673,0.0020295556799586243,0.0,0.0,0.9960157224592173,0.0009960196576221793,0.0009960196576221793,0.0009960196576221793,0.0009960196576221793
80,2.374985960985886,4.749971921971772,0.0004108601940135668,0.0009960176899416516,4.1328125,-0.75,0.75,5.847083625034429,-39.59009355760485,0.03151320792833213,1.2641081263621647,0.002000774741948893,0.0,0.0,0.9960157261678988,0.0009960176899416516,0.0009960176899416516,0.0009960176899416516,0.0009960176899416516
81,2.3751088034889025,4.750217606977805,-0.00039365375596667993,0.000996016690351098,4,0.1796875,-0.1796875,5.677527832973283,-56.138848989976395,0.03151318301388528,1.3016302386919658,0.0018612479786194551,0.0,0.0,0.996015727519989,0.000996016690351098,0.000996016690351098,0.000996016690351098,0.000996016690351098
82,2.375153140912018,4.750306281824036,-0.0008529316693373263,0.0009960162254292091,4.09375,-0.203125,0.203125,5.781228709034622,-60.4099451336185,0.0315131719032203,1.3151745796203613,0.0016182363081801061,0.0,0.0,0.996015727519989,0.0009960162254292091,0.0009960162254292091,0.0009960162254292091,0.0009960162254292091
83,2.3752567393152884,4.750513478630577,-6.482850117395597e-05,0.0009960160074102109,4.3203125,0.90625,-0.90625,6.142687875020783,-61.10956432477017,0.03151316655830061,1.3134054591258366,0.001543276658897715,0.0,0.0,0.996015727519989,0.0009960160074102109,0.0009960160074102109,0.0009960160074102109,0.0009960160074102109
84,2.3753716723996248,4.7507433447992495,-0.0006676950359674292,0.0009960159098947607,4.203125,-0.4140625,0.4140625,5.977727457997389,-48.790342340574746,0.03151316381298477,1.3195269952217739,0.001806185623233129,0.0,0.0,0.996015727519989,0.0009960159098947607,0.0009960159098947607,0.0009960159098947607,0.0009960159098947607
85,2.3754752653786464,4.750950530757293,7.434088659224124e-05,0.0009960158697390807,3.9140625,0.2265625,-0.2265625,5.521830542013049,-48.88105367428945,0.03151316260417065,1.3422233512004216,0.002090491357345551,0.0,0.0,0.996015727519989,0.0009960158697390807,0.0009960158697390807,0.0009960158697390807,0.0009960158697390807
86,2.3754930294004613,4.7509860588009225,0.0008016589666177648,0.000996015853975075,4.0859375,-0.6328125,0.6328125,5.736636624962557,-60.24225583946044,0.031513162099722464,1.3443540235360463,0.0019690004373842385,0.0,0.0,0.996015727519989,0.000996015853975075,0.000996015853975075,0.000996015853975075,0.000996015853975075
87,2.375597906101712,4.751195812203424,-0.001783449001870878,0.0009960158495232463,4.140625,-0.3671875,0.3671875,5.841043000051286,-70.0285558082585,0.03151316195726395,1.360040287176768,0.0021191584188879156,0.0,0.0,0.996015727519989,0.0009960158495232463,0.0009960158495232463,0.0009960158495232463,0.0009960158495232463
88,2.3756660297697887,4.751332059539577,-0.0017861100959350514,0.0009960158495232463,3.9453125,0.25,-0.25,5.642376375035383,-65.63480039008773,0.03151316195726395,1.3808929522832234,0.0017804894014261663,0.0,0.0,0.996015727519989,0.0009960158495232463,0.0009960158495232463,0.0009960158495232463,0.0009960158495232463
89,2.375814519302172,4.751629038604344,-0.004260018350827138,0.0009960158495232463,4.09375,0.125,-0.125,5.772876915987581,-60.14596253286564,0.03151316195726395,1.380385234951973,0.0016539798622640471,0.0,0.0,0.996015727519989,0.0009960158495232463,0.0009960158495232463,0.0009960158495232463,0.0009960158495232463
90,2.3759003835846926,4.751800767169385,-0.0006346517977131462,0.0009960158495232463,4.125,0.2890625,-0.2890625,5.860579458007123,-56.910236206978105,0.03151316195726395,1.3944096515576045,0.002008548559388146,0.0,0.0,0.996015727519989,0.0009960158495232463,0.0009960158495232463,0.0009960158495232463,0.0009960158495232463
91,2.3760026572137942,4.7520053144275884,-0.001997177900397261,0.0009960158495232463,3.9296875,-0.0234375,0.0234375,5.532072457950562,-58.62081401171552,0.03151316195726395,1.406033640106519,0.0022606452209098884,0.0,0.0,0.996015727519989,0.0009960158495232463,0.0009960158495232463,0.0009960158495232463,0.0009960158495232463
92,2.376024157677887,4.752048315355774,-0.0016097575279056839,0.0009960158495232463,4.015625,0.140625,-0.140625,5.68197620898718,-54.36933501343087,0.03151316195726395,1.4233232041200001,0.0022932427261063517,0.0,0.0,0.996015727519989,0.0009960158495232463,0.0009960158495232463,0.0009960158495232463,0.0009960158495232463
93,2.376188016489763,4.752376032979526,-0.0009049439581534738,0.0009960158495232463,4.171875,0.421875,-0.421875,5.917155041999649,-62.62318583552757,0.03151316195726395,1.4247719496488571,0.001995566046844033,0.0,0.0,0.996015727519989,0.0009960158495232463,0.0009960158495232463,0.0009960158495232463,0.0009960158495232463
94,2.376223848714461,4.752447697428922,-0.0015679320758924826,0.0009960158495232463,4.0859375,0.4140625,-0.4140625,5.834909167024307,-56.07965577076088,0.03151316195726395,1.4737584789594014,0.0017722344734162714,0.0,0.0,0.996015727519989,0.0009960158495232463,0.0009960158495232463,0.0009960158495232463,0.0009960158495232463
95,2.376497073135063,4.752994146270126,-0.0030948286586579676,0.0009960158495232463,3.96875,0.6171875,-0.6171875,5.637564375007059,-60.53006304413315,0.03151316195726395,1.4830382118622463,0.0018516087608683545,0.0,0.0,0.996015727519989,0.0009960158495232463,0.0009960158495232463,0.0009960158495232463,0.0009960158495232463
96,2.376557039245559,4.753114078491118,-0.0026297914729385067,0.0009960158495232463,4.2265625,-0.6640625,0.6640625,6.028331166016869,-76.48332499344997,0.03151316195726395,1.4323809146881104,0.002021961408900097,0.0,0.0,0.996015727519989,0.0009960158495232463,0.0009960158495232463,0.0009960158495232463,0.0009960158495232463
97,2.3764897591859144,4.752979518371829,-0.0036242754890747917,0.0009960158495232463,4.0234375,0.6171875,-0.6171875,5.851249709026888,-64.84723056682105,0.03151316195726395,1.4201570103565853,0.00210674486197604,0.0,0.0,0.996015727519989,0.0009960158495232463,0.0009960158495232463,0.0009960158495232463,0.0009960158495232463
98,2.376623908091135,4.75324781618227,-0.001606011182994621,0.0009960158495232463,4.0859375,-0.1640625,0.1640625,5.795678791997489,-102.10190540700296,0.03151316195726395,1.4505119075377781,0.002137256155644233,0.0,0.0,0.996015727519989,0.0009960158495232463,0.0009960158495232463,0.0009960158495232463,0.0009960158495232463
99,2.3767623618272298,4.7535247236544595,-0.0012250032608359886,0.0009960158495232463,4.1875,-0.3125,0.3125,5.945306833018549,-87.48313846250079,0.03151316195726395,1.4726983507474263,0.002118514364459164,0.0,0.0,0.996015727519989,0.0009960158495232463,0.0009960158495232463,0.0009960158495232463,0.0009960158495232463
100,2.376895911867834,4.753791823735668,0.0023258310908519358,0.0009960158495232463,4.109375,-0.6328125,0.6328125,5.849549082980957,-99.00959208811643,0.03151316195726395,1.4755661139885585,0.0019870750062788525,0.0,0.0,0.996015727519989,0.0009960158495232463,0.0009960158495232463,0.0009960158495232463,0.0009960158495232463
101,2.3769164649835526,4.753832929967105,-0.0004795430143031217,0.0009960158495232463,4.1953125,0.234375,-0.234375,5.935266292013694,-108.59638651323053,0.03151316195726395,1.5480402410030365,0.001865755080719585,0.0,0.0,0.996015727519989,0.0009960158495232463,0.0009960158495232463,0.0009960158495232463,0.0009960158495232463
102,2.377241375204439,4.754482750408878,-0.0032982136252659522,0.0009960158495232463,4.15625,-0.4609375,0.4609375,5.945776792010292,-103.78074057512265,0.03151316195726395,1.5691245744625728,0.0018509278209724773,0.0,0.0,0.996015727519989,0.0009960158495232463,0.0009960158495232463,0.0009960158495232463,0.0009960158495232463
103,2.3773352912765118,4.7546705825530236,-0.0008075645631166931,0.0009960158495232463,4.0546875,-0.2578125,0.2578125,5.820298750011716,-80.66358338971129,0.03151316195726395,1.5316750158866246,0.002266838362023312,0.0,0.0,0.996015727519989,0.0009960158495232463,0.0009960158495232463,0.0009960158495232463,0.0009960158495232463
104,2.377397395975404,4.754794791950808,-0.00458470517184407,0.0009960158495232463,4.296875,-0.8671875,0.8671875,6.166869833017699,-75.61724041808735,0.03151316195726395,1.5144166201353073,0.0022375689380472372,0.0,0.0,0.996015727519989,0.0009960158495232463,0.0009960158495232463,0.0009960158495232463,0.0009960158495232463
105,2.377451189233997,4.754902378467994,-0.003063493303401611,0.0009960158495232463,4.1171875,-0.125,0.125,5.949388041975908,-131.0555471896673,0.03151316195726395,1.519633521636327,0.0020937236919659576,0.0,0.0,0.996015727519989,0.0009960158495232463,0.0009960158495232463,0.0009960158495232463,0.0009960158495232463
106,2.377422123414523,4.754844246829046,-0.0037459486881241478,0.0009960158495232463,4,-0.5390625,0.5390625,5.837765624979511,-92.96905552479438,0.03151316195726395,1.5324904670317967,0.0021458331151128127,0.0,0.0,0.996015727519989,0.0009960158495232463,0.0009960158495232463,0.0009960158495232463,0.0009960158495232463
107,2.3776176418759993,4.755235283751999,-0.002973706735353626,0.0009960158495232463,4.140625,-0.2578125,0.2578125,5.932521208014805,-119.26441595947968,0.03151316195726395,1.5709900856018066,0.002036162871566679,0.0,0.0,0.996015727519989,0.0009960158495232463,0.0009960158495232463,0.0009960158495232463,0.0009960158495232463
108,2.3777532080278627,4.755506416055725,-0.003869039579468035,0.0009960158495232463,4.078125,-0.3125,0.3125,5.767870832991321,-122.48473240771969,0.03151316195726395,1.6037894189357758,0.0019306665235490073,0.0,0.0,0.996015727519989,0.0009960158495232463,0.0009960158495232463,0.0009960158495232463,0.0009960158495232463
109,2.3778243374981267,4.755648674996253,-0.0014284034758835996,0.0009960158495232463,4.25,-0.046875,0.046875,6.116636291029863,-95.69383209867074,0.03151316195726395,1.6098177582025528,0.00225067352099965,0.0,0.0,0.996015727519989,0.0009960158495232463,0.0009960158495232463,0.0009960158495232463,0.0009960158495232463
110,2.3779147547772923,4.755829509554585,-0.004225804204258189,0.0009960158495232463,3.96875,-0.671875,0.671875,5.714133458037395,-166.25959394825256,0.03151316195726395,1.6261170357465744,0.002306048079238584,0.0,0.0,0.996015727519989,0.0009960158495232463,0.0009960158495232463,0.0009960158495232463,0.0009960158495232463
111,2.3780493465712067,4.756098693142413,-0.0031516665974207925,0.0009960158495232463,4.234375,0.0,0.0,6.050320708018262,-127.37239008504086,0.03151316195726395,1.6421923836072285,0.0024747636363523875,0.0,0.0,0.996015727519989,0.0009960158495232463,0.0009960158495232463,0.0009960158495232463,0.0009960158495232463
112,2.3781123328000673,4.756224665600135,-0.0007833835781491271,0.0009960158495232463,4.109375,0.3203125,-0.3203125,5.9317760419799015,-131.91283476907944,0.03151316195726395,1.6660731236139934,0.0024171016048057936,0.0,0.0,0.996015727519989,0.0009960158495232463,0.0009960158495232463,0.0009960158495232463,0.0009960158495232463
113,2.3780117985515385,4.756023597103077,-0.0001390287287485869,0.0009960158495232463,3.9921875,-0.328125,0.328125,5.660069959005341,-125.61392353227227,0.03151316195726395,1.7031121800343196,0.002546212912420742,0.0,0.0,0.996015727519989,0.0009960158495232463,0.0009960158495232463,0.0009960158495232463,0.0009960158495232463
114,2.3778569219760692,4.7557138439521385,4.852983828829446e-05,0.0009960158495232463,4.1875,-0.3515625,0.3515625,5.9984230840345845,-128.3070114529622,0.03151316195726395,1.7044380158185959,0.002246700552253363,0.0,0.0,0.996015727519989,0.0009960158495232463,0.0009960158495232463,0.0009960158495232463,0.0009960158495232463
115,2.3777778245004573,4.7555556490009145,-0.002268708913637839,0.0009960158495232463,4.09375,0.5859375,-0.5859375,5.86807124997722,-97.26902689585704,0.03151316195726395,1.709839478135109,0.002223957112922411,0.0,0.0,0.996015727519989,0.0009960158495232463,0.0009960158495232463,0.0009960158495232463,0.0009960158495232463
116,2.3776710888614874,4.755342177722975,-0.002603509217574496,0.0009960158495232463,4.140625,-0.0390625,0.0390625,5.918787624977995,-121.30607259700884,0.03151316195726395,1.7030831575393677,0.0025438233569730073,0.0,0.0,0.996015727519989,0.0009960158495232463,0.0009960158495232463,0.0009960158495232463,0.0009960158495232463
117,2.37770715336005,4.7554143067201,-0.0026903694334975696,0.0009960158495232463,4.078125,-0.171875,0.171875,5.848487625014968,-148.71790423247091,0.03151316195726395,1.725552628437678,0.002439193570656547,0.0,0.0,0.996015727519989,0.0009960158495232463,0.0009960158495232463,0.0009960158495232463,0.0009960158495232463
118,2.377713810798793,4.755427621597586,-0.0003650697362503062,0.0009960158495232463,4.265625,-0.390625,0.390625,6.0760817500413395,-130.2201324637993,0.03151316195726395,1.6693049569924672,0.0022756959248605804,0.0,0.0,0.996015727519989,0.0009960158495232463,0.0009960158495232463,0.0009960158495232463,0.0009960158495232463
119,2.3776271493017314,4.755254298603463,0.00010628032346090897,0.0009960158495232463,4.09375,0.1953125,-0.1953125,5.855833499983419,-198.99370412926638,0.03151316195726395,1.7274508078893025,0.002018768009293126,0.0,0.0,0.996015727519989,0.0009960158495232463,0.0009960158495232463,0.0009960158495232463,0.0009960158495232463
120,2.377786893049545,4.75557378609909,-0.006299028479127937,0.0009960158495232463,4.265625,0.59375,-0.59375,6.126020958006848,-182.50106810562775,0.03151316195726395,1.7668530543645222,0.0018318809670745395,0.0,0.0,0.996015727519989,0.0009960158495232463,0.0009960158495232463,0.0009960158495232463,0.0009960158495232463
121,2.377811278575701,4.755622557151402,-0.0035216327533268976,0.0009960158495232463,4.171875,-0.2421875,0.2421875,5.943021583021618,-194.8975578225061,0.03151316195726395,1.7637825161218643,0.0023270530703788004,0.0,0.0,0.996015727519989,0.0009960158495232463,0.0009960158495232463,0.0009960158495232463,0.0009960158495232463
122,2.377912097485538,4.755824194971076,-0.0027642623985158392,0.0009960158495232463,4.09375,-0.015625,0.015625,5.902105875022244,-178.63357774515188,0.03151316195726395,1.758472889661789,0.002501137406701067,0.0,0.0,0.996015727519989,0.0009960158495232463,0.0009960158495232463,0.0009960158495232463,0.0009960158495232463
123,2.377873418907485,4.75574683781497,-0.0033059240515883014,0.0009960158495232463,4.0859375,-0.484375,0.484375,5.917105291038752,-153.59166871361705,0.03151316195726395,1.752140278617541,0.0025248542685100497,0.0,0.0,0.996015727519989,0.0009960158495232463,0.0009960158495232463,0.0009960158495232463,0.0009960158495232463
124,2.377926776273779,4.755853552547558,-0.003695462992136711,0.0009960158495232463,4.2109375,0.578125,-0.578125,6.008541917020921,-165.4521352574644,0.03151316195726395,1.7950354119141896,0.0024913509375134404,0.0,0.0,0.996015727519989,0.0009960158495232463,0.0009960158495232463,0.0009960158495232463,0.0009960158495232463
125,2.3780312903835545,4.756062580767109,-0.0025731344469983146,0.0009960158495232463,4.296875,0.5546875,-0.5546875,6.09547554096207,-243.85451065692035,0.03151316195726395,1.7910454372564952,0.0020195271620953767,0.0,0.0,0.996015727519989,0.0009960158495232463,0.0009960158495232463,0.0009960158495232463,0.0009960158495232463
126,2.378136759801005,4.75627351960201,-0.005178361210718562,0.0009960158495232463,4.0703125,0.046875,-0.046875,5.779196624993347,-203.2955375056349,0.03151316195726395,1.8589900135993958,0.0020773766736965626,0.0,0.0,0.996015727519989,0.0009960158495232463,0.0009960158495232463,0.0009960158495232463,0.0009960158495232463
127,2.3782835820087085,4.756567164017417,-0.0018388221121469477,0.0009960158495232463,4.2421875,0.3046875,-0.3046875,6.083431207982358,-240.80624709669397,0.03151316195726395,1.8226221998532612,0.0021385829604696482,0.0,0.0,0.996015727519989,0.0009960158495232463,0.0009960158495232463,0.0009960158495232463,0.0009960158495232463
128,2.378329249989536,4.756658499979072,-0.0010981463278899623,0.0009960158495232463,4.0234375,-0.0546875,0.0546875,5.8107075419975445,-269.0144785309301,0.03151316195726395,1.8654361069202423,0.002564667956903577,0.0,0.0,0.996015727519989,0.0009960158495232463,0.0009960158495232463,0.0009960158495232463,0.0009960158495232463
129,2.3784595326541726,4.756919065308345,-0.0016555697431088405,0.0009960158495232463,4.1875,0.0625,-0.0625,5.955961959029082,-243.5415137169966,0.03151316195726395,1.8973210354646046,0.002351127644336278,0.0,0.0,0.996015727519989,0.0009960158495232463,0.0009960158495232463,0.0009960158495232463,0.0009960158495232463
130,2.378562299423594,4.757124598847188,-0.005353652074333118,0.0009960158495232463,4.25,-0.578125,0.578125,6.072690000000875,-268.1423468896571,0.03151316195726395,1.9676160961389542,0.0021825503044965444,0.0,0.0,0.996015727519989,0.0009960158495232463,0.0009960158495232463,0.0009960158495232463,0.0009960158495232463
131,2.378569538971984,4.757139077943968,-0.0023348793871701542,0.0009960158495232463,4.171875,0.5234375,-0.5234375,5.959279167000204,-302.1594633897592,0.03151316195726395,1.9577955901622772,0.002308460755254297,0.0,0.0,0.996015727519989,0.0009960158495232463,0.0009960158495232463,0.0009960158495232463,0.0009960158495232463
132,2.3786421876881,4.7572843753762,-0.0034533319796781524,0.0009960158495232463,4.28125,-0.09375,0.09375,6.095396624994464,-257.4289354995219,0.03151316195726395,1.9422116378943126,0.002704376764692521,0.0,0.0,0.996015727519989,0.0009960158495232463,0.0009960158495232463,0.0009960158495232463,0.0009960158495232463
133,2.378686872666214,4.757373745332428,-0.005803885785007217,0.0009960158495232463,4.265625,-0.109375,0.109375,6.074235125037376,-242.49982629547188,0.03151316195726395,1.9000685612360637,0.002535441026945288,0.0,0.0,0.996015727519989,0.0009960158495232463,0.0009960158495232463,0.0009960158495232463,0.0009960158495232463
134,2.378708712936433,4.757417425872866,-0.005094555461252839,0.0009960158495232463,4.171875,0.0390625,-0.0390625,5.958108209015336,-203.0341282839632,0.03151316195726395,1.9557523677746456,0.002855154363108644,0.0,0.0,0.996015727519989,0.0009960158495232463,0.0009960158495232463,0.0009960158495232463,0.0009960158495232463
135,2.378720229991827,4.757440459983654,-0.004507458830229082,0.0009960158495232463,4.3828125,-0.1171875,0.1171875,6.207670875010081,-306.0897539582057,0.03151316195726395,1.9447266161441803,0.0021448534268226163,0.0,0.0,0.996015727519989,0.0009960158495232463,0.0009960158495232463,0.0009960158495232463,0.0009960158495232463
136,2.378724068400974,4.757448136801948,-0.004466056482902724,0.0009960158495232463,4.1015625,-0.2265625,0.2265625,5.892855542013422,-218.10004623867218,0.03151316195726395,1.9760957062244415,0.002103444121833794,0.0,0.0,0.996015727519989,0.0009960158495232463,0.0009960158495232463,0.0009960158495232463,0.0009960158495232463
137,2.37872482614653,4.75744965229306,-0.0018667707671851767,0.0009960158495232463,4.3046875,-0.2421875,0.2421875,6.1283977089915425,-375.5113284734979,0.03151316195726395,1.9424010117848713,0.002358268621416452,0.0,0.0,0.996015727519989,0.0009960158495232463,0.0009960158495232463,0.0009960158495232463,0.0009960158495232463
138,2.378734978582257,4.757469957164514,-0.004814741119200658,0.0009960158495232463,4.0703125,-0.125,0.125,5.824071875016671,-288.08973958533466,0.03151316195726395,1.9310446381568909,0.002689330072219794,0.0,0.0,0.996015727519989,0.0009960158495232463,0.0009960158495232463,0.0009960158495232463,0.0009960158495232463
139,2.3787376046568003,4.757475209313601,-0.0014789404092018072,0.0009960158495232463,4.421875,0.296875,-0.296875,6.328869999968447,-362.223945745731,0.03151316195726395,1.9088771144549053,0.0025753196023288183,0.0,0.0,0.996015727519989,0.0009960158495232463,0.0009960158495232463,0.0009960158495232463,0.0009960158495232463
140,2.3786502205537645,4.757300441107529,-0.005244669237045074,0.0009960158495232463,4.234375,0.953125,-0.953125,6.097785958030727,-425.2588089414188,0.03151316195726395,1.926775614420573,0.0021384007789796065,0.0,0.0,0.996015727519989,0.0009960158495232463,0.0009960158495232463,0.0009960158495232463,0.0009960158495232463
141,2.3786785660869554,4.757357132173911,-0.0023345320458379427,0.0009960158495232463,4.1953125,-0.375,0.375,5.978805124992505,-422.0129994502503,0.03151316195726395,1.9717602829138439,0.0019246632873546332,0.0,0.0,0.996015727519989,0.0009960158495232463,0.0009960158495232463,0.0009960158495232463,0.0009960158495232463
142,2.37865868842157,4.75731737684314,-0.004679477760907432,0.0009960158495232463,4.140625,-0.0234375,0.0234375,5.961270625004545,-356.18145406830985,0.03151316195726395,1.9921416838963826,0.0023513459770280556,0.0,0.0,0.996015727519989,0.0009960158495232463,0.0009960158495232463,0.0009960158495232463,0.0009960158495232463
143,2.3786654978861477,4.757330995772295,-0.004749200178422101,0.0009960158495232463,4.296875,0.1953125,-0.1953125,6.091619167011231,-398.1607813033191,0.03151316195726395,2.0054429868857064,0.002556150207965402,0.0,0.0,0.996015727519989,0.0009960158495232463,0.0009960158495232463,0.0009960158495232463,0.0009960158495232463
144,2.378628351420682,4.757256702841364,-0.0047931871527973745,0.0009960158495232463,4.203125,0.0234375,-0.0234375,6.051404791011009,-369.84109158010733,0.03151316195726395,1.9985392491022747,0.0024708558048587292,0.0,0.0,0.996015727519989,0.0009960158495232463,0.0009960158495232463,0.0009960158495232463,0.0009960158495232463
145,2.37864682896055,4.7572936579211,-0.0008209244676216761,0.0009960158495232463,4.2421875,-0.4296875,0.4296875,6.065005916985683,-369.8540818217051,0.03151316195726395,1.999847004810969,0.002578791138754847,0.0,0.0,0.996015727519989,0.0009960158495232463,0.0009960158495232463,0.0009960158495232463,0.0009960158495232463
146,2.3786712928521063,4.757342585704213,-0.004742339576041367,0.0009960158495232463,4.2109375,-0.3125,0.3125,5.982198707992211,-415.545678590357,0.03151316195726395,2.0887327094872794,0.0024716743294751118,0.0,0.0,0.996015727519989,0.0009960158495232463,0.0009960158495232463,0.0009960158495232463,0.0009960158495232463
147,2.3787337674555835,4.757467534911167,-0.003495474372991365,0.0009960158495232463,4.2421875,-0.703125,0.703125,6.057641624996904,-506.0567941924705,0.03151316195726395,2.151575962702433,0.002322100081073586,0.0,0.0,0.996015727519989,0.0009960158495232463,0.0009960158495232463,0.0009960158495232463,0.0009960158495232463
148,2.378742105700339,4.757484211400678,0.0010477177558435294,0.0009960158495232463,4.40625,0.2265625,-0.2265625,6.21401566703571,-384.97647911014286,0.03151316195726395,2.114353507757187,0.0024340975578525104,0.0,0.0,0.996015727519989,0.0009960158495232463,0.0009960158495232463,0.0009960158495232463,0.0009960158495232463
149,2.378711443397667,4.757422886795334,-0.004025207537250326,0.0009960158495232463,4.140625,0.4375,-0.4375,6.00057116698008,-393.06050789446203,0.03151316195726395,2.088275591532389,0.0028584065027340935,0.0,0.0,0.996015727519989,0.0009960158495232463,0.0009960158495232463,0.0009960158495232463,0.0009960158495232463
150,2.3785299056610514,4.757059811322103,0.00014706061590849743,0.0009960158495232463,4.3671875,-0.03125,0.03125,6.273007792013232,-394.4837495005408,0.03151316195726395,2.0547062853972116,0.0029462277355681485,0.0,0.0,0.996015727519989,0.0009960158495232463,0.0009960158495232463,0.0009960158495232463,0.0009960158495232463
151,2.378453922493469,4.756907844986938,-0.0020733449324639008,0.0009960158495232463,4.40625,0.8125,-0.8125,6.247166166023817,-368.4434107698447,0.03151316195726395,2.023255169391632,0.0028938908847824982,0.0,0.0,0.996015727519989,0.0009960158495232463,0.0009960158495232463,0.0009960158495232463,0.0009960158495232463
152,2.37825225878621,4.75650451757242,-0.003900143727658427,0.0009960158495232463,4.2578125,-0.3046875,0.3046875,6.147193999961019,-487.7538998905672,0.03151316195726395,2.0139604012171426,0.0029784507593528056,0.0,0.0,0.996015727519989,0.0009960158495232463,0.0009960158495232463,0.0009960158495232463,0.0009960158495232463
153,2.378143156268354,4.756286312536708,-0.005909102342990338,0.0009960158495232463,4.171875,-0.21875,0.21875,5.969473042001482,-446.4499924584721,0.03151316195726395,2.058395485083262,0.002902708937957262,0.0,0.0,0.996015727519989,0.0009960158495232463,0.0009960158495232463,0.0009960158495232463,0.0009960158495232463
154,2.3780474506487463,4.756094901297493,-0.0033304922337571105,0.0009960158495232463,4.109375,-0.734375,0.734375,5.939047125051729,-473.9840640559396,0.03151316195726395,2.0940087834993997,0.0028301079000812024,0.0,0.0,0.996015727519989,0.0009960158495232463,0.0009960158495232463,0.0009960158495232463,0.0009960158495232463
155,2.377967397394558,4.755934794789116,-0.007866007840625749,0.0009960158495232463,4.046875,-0.15625,0.15625,5.784104874997865,-570.8494995418203,0.03151316195726395,2.1346352994441986,0.003077804188554486,0.0,0.0,0.996015727519989,0.0009960158495232463,0.0009960158495232463,0.0009960158495232463,0.0009960158495232463
156,2.3779211735302495,4.755842347060499,0.0003207490718173234,0.0009960158495232463,4.421875,1.21875,-1.21875,6.263343084021471,-597.2303712978801,0.03151316195726395,2.0432602067788443,0.002718567324336618,0.0,0.0,0.996015727519989,0.0009960158495232463,0.0009960158495232463,0.0009960158495232463,0.0009960158495232463
157,2.377995055747525,4.75599011149505,-0.00629957450168608,0.0009960158495232463,4.4609375,-0.0234375,0.0234375,6.353851916035637,-590.7380576463589,0.03151316195726395,2.056985398133596,0.002568912250959935,0.0,0.0,0.996015727519989,0.0009960158495232463,0.0009960158495232463,0.0009960158495232463,0.0009960158495232463
158,2.37798438670039,4.75596877340078,-0.0027895695036062405,0.0009960158495232463,4.4375,0.0546875,-0.0546875,6.278569082962349,-460.81026013006624,0.03151316195726395,2.043893277645111,0.0027522720374690834,0.0,0.0,0.996015727519989,0.0009960158495232463,0.0009960158495232463,0.0009960158495232463,0.0009960158495232463
159,2.3777925037433922,4.7555850074867845,-0.0048426273178056155,0.0009960158495232463,4.1015625,-0.3125,0.3125,5.840293292014394,-594.6906129028683,0.03151316195726395,2.0815605223178864,0.0031154254102148116,0.0,0.0,0.996015727519989,0.0009960158495232463,0.0009960158495232463,0.0009960158495232463,0.0009960158495232463
160,2.377676047185174,4.755352094370348,-0.0025345567542235867,0.0009960158495232463,4.203125,-0.203125,0.203125,6.119716957968194,-544.7464384660402,0.03151316195726395,2.178276697794596,0.002880498364296121,0.0,0.0,0.996015727519989,0.0009960158495232463,0.0009960158495232463,0.0009960158495232463,0.0009960158495232463
161,2.377646602636674,4.755293205273348,-0.0058228496152809535,0.0009960158495232463,4.2734375,-0.890625,0.890625,6.055078667006455,-444.07221864346394,0.03151316195726395,2.147676239411036,0.002986759034683928,0.0,0.0,0.996015727519989,0.0009960158495232463,0.0009960158495232463,0.0009960158495232463,0.0009960158495232463
162,2.3776064406768196,4.755212881353639,-0.005242761718844974,0.0009960158495232463,4.078125,0.1875,-0.1875,5.924284125037957,-623.4148027673078,0.03151316195726395,2.156371017297109,0.0029568768150056712,0.0,0.0,0.996015727519989,0.0009960158495232463,0.0009960158495232463,0.0009960158495232463,0.0009960158495232463
163,2.377503648445356,4.755007296890712,-0.00635235402913658,0.0009960158495232463,4.203125,-0.3203125,0.3203125,6.036577457969543,-682.2263410702957,0.03151316195726395,2.153677980105082,0.0030438500301291547,0.0,0.0,0.996015727519989,0.0009960158495232463,0.0009960158495232463,0.0009960158495232463,0.0009960158495232463
164,2.3774412725088627,4.7548825450177254,-0.005802058513530852,0.0009960158495232463,4.328125,-0.28125,0.28125,6.156255791021977,-646.0653999058349,0.03151316195726395,2.2221257785956063,0.00255339398184636,0.0,0.0,0.996015727519989,0.0009960158495232463,0.0009960158495232463,0.0009960158495232463,0.0009960158495232463
165,2.377401136037406,4.754802272074812,-0.006540720533979174,0.0009960158495232463,4.34375,-0.078125,0.078125,6.181045250035822,-793.5308577439768,0.03151316195726395,2.2556224862734475,0.0023140247067203745,0.0,0.0,0.996015727519989,0.0009960158495232463,0.0009960158495232463,0.0009960158495232463,0.0009960158495232463
166,2.377254176240005,4.75450835248001,-0.0025372102784713335,0.0009960158495232463,4.2578125,0.0234375,-0.0234375,6.048889541998506,-938.8091430839048,0.03151316195726395,2.244098405043284,0.0027422349812695757,0.0,0.0,0.996015727519989,0.0009960158495232463,0.0009960158495232463,0.0009960158495232463,0.0009960158495232463
167,2.377074272870982,4.754148545741964,-0.006290327514768012,0.0009960158495232463,4.5390625,0.2421875,-0.2421875,6.445728041988332,-811.9863717494446,0.03151316195726395,2.2622195283571878,0.0029350048813891285,0.0,0.0,0.996015727519989,0.0009960158495232463,0.0009960158495232463,0.0009960158495232463,0.0009960158495232463
168,2.3769042091546577,4.753808418309315,-0.001984896674250334,0.0009960158495232463,4.3671875,-0.4453125,0.4453125,6.216394707967993,-751.6498640125254,0.03151316195726395,2.219147950410843,0.0028527719259727746,0.0,0.0,0.996015727519989,0.0009960158495232463,0.0009960158495232463,0.0009960158495232463,0.0009960158495232463
169,2.376723562248135,4.75344712449627,-0.009741820274219784,0.0009960158495232463,4.515625,0.203125,-0.203125,6.384663707984146,-781.4732753512768,0.03151316195726395,2.2839545011520386,0.0026611032420381284,0.0,0.0,0.996015727519989,0.0009960158495232463,0.0009960158495232463,0.0009960158495232463,0.0009960158495232463
170,2.3765355291358983,4.7530710582717965,-0.007723010474993105,0.0009960158495232463,4.015625,-0.3359375,0.3359375,5.799888333014678,-650.1139305138867,0.03151316195726395,2.3988194465637207,0.002495909372858781,0.0,0.0,0.996015727519989,0.0009960158495232463,0.0009960158495232463,0.0009960158495232463,0.0009960158495232463
171,2.376313140350063,4.752626280700126,-0.0038158968084639868,0.0009960158495232463,4.140625,0.171875,-0.171875,5.914510832983069,-656.6612298803509,0.03151316195726395,2.3219881554444632,0.002493980836637396,0.0,0.0,0.996015727519989,0.0009960158495232463,0.0009960158495232463,0.0009960158495232463,0.0009960158495232463
172,2.376167546560891,4.752335093121782,-0.007054888251214288,0.0009960158495232463,4.21875,0.234375,-0.234375,6.121671208005864,-652.126429325563,0.03151316195726395,2.3502311408519745,0.00301591032378686,0.0,0.0,0.996015727519989,0.0009960158495232463,0.0009960158495232463,0.0009960158495232463,0.0009960158495232463
173,2.376110225159887,4.752220450319774,-0.007630605365924083,0.0009960158495232463,4.421875,-0.2578125,0.2578125,6.310522917017806,-731.758808827653,0.03151316195726395,2.2709120909372964,0.002858656303336223,0.0,0.0,0.996015727519989,0.0009960158495232463,0.0009960158495232463,0.0009960158495232463,0.0009960158495232463
174,2.3760522487119156,4.752104497423831,-0.0031002456724539347,0.0009960158495232463,4.40625,0.125,-0.125,6.256929250026587,-559.8666029221623,0.03151316195726395,2.267620027065277,0.003049134655157104,0.0,0.0,0.996015727519989,0.0009960158495232463,0.0009960158495232463,0.0009960158495232463,0.0009960158495232463
175,2.3759654217535218,4.7519308435070435,-0.0026748147456322198,0.0009960158495232463,4.203125,0.7734375,-0.7734375,5.9907065000152215,-788.0534173502798,0.03151316195726395,2.3840660651524863,0.002851615247588294,0.0,0.0,0.996015727519989,0.0009960158495232463,0.0009960158495232463,0.0009960158495232463,0.0009960158495232463
176,2.375828160144584,4.751656320289168,-0.003979122530932538,0.0009960158495232463,4.2578125,-0.359375,0.359375,6.054955875035375,-953.8899613380432,0.03151316195726395,2.338699916998545,0.002715693203451034,0.0,0.0,0.996015727519989,0.0009960158495232463,0.0009960158495232463,0.0009960158495232463,0.0009960158495232463
177,2.375783239418465,4.75156647883693,-0.008302130631122649,0.0009960158495232463,4.3828125,0.75,-0.75,6.195561833039392,-779.2737634322223,0.03151316195726395,2.274615148703257,0.0027904251922639864,0.0,0.0,0.996015727519989,0.0009960158495232463,0.0009960158495232463,0.0009960158495232463,0.0009960158495232463
178,2.3757031714656884,4.751406342931377,-0.00362325461744001,0.0009960158495232463,4.2421875,-0.125,0.125,6.0961500410339795,-883.7538439669881,0.03151316195726395,2.2792279918988547,0.002899932306415091,0.0,0.0,0.996015727519989,0.0009960158495232463,0.0009960158495232463,0.0009960158495232463,0.0009960158495232463
179,2.3756251235027612,4.7512502470055225,-0.005236571297059648,0.0009960158495232463,4.453125,0.3828125,-0.3828125,6.312450124998577,-871.731202097943,0.03151316195726395,2.2768441438674927,0.002908369749851166,0.0,0.0,0.996015727519989,0.0009960158495232463,0.0009960158495232463,0.0009960158495232463,0.0009960158495232463
180,2.3755775984333365,4.751155196866673,-0.007520518186884129,0.0009960158495232463,4.28125,0.2109375,-0.2109375,6.128945250005927,-814.5790498552532,0.03151316195726395,2.3404441177845,0.00297739272355102,0.0,0.0,0.996015727519989,0.0009960158495232463,0.0009960158495232463,0.0009960158495232463,0.0009960158495232463
181,2.37561654973395,4.7512330994679,-0.004275426468723631,0.0009960158495232463,4.140625,-0.3515625,0.3515625,5.899927292019129,-778.3825703836837,0.03151316195726395,2.4875603020191193,0.002905426730042867,0.0,0.0,0.996015727519989,0.0009960158495232463,0.0009960158495232463,0.0009960158495232463,0.0009960158495232463
182,2.3754819853951763,4.750963970790353,-0.0036132004865704983,0.0009960158495232463,4.3359375,-0.09375,0.09375,6.118754375027493,-858.8928657548921,0.03151316195726395,2.5915334324042,0.0026375762487684065,0.0,0.0,0.996015727519989,0.0009960158495232463,0.0009960158495232463,0.0009960158495232463,0.0009960158495232463
183,2.375380067843768,4.750760135687536,-0.005483775902640011,0.0009960158495232463,4.2421875,0.4609375,-0.4609375,6.0772420419962145,-971.8654471910241,0.03151316195726395,2.538094033797582,0.0022150152653921396,0.0,0.0,0.996015727519989,0.0009960158495232463,0.0009960158495232463,0.0009960158495232463,0.0009960158495232463
184,2.375358262715086,4.750716525430172,-0.0005634950792659306,0.0009960158495232463,4.21875,-0.453125,0.453125,6.064429374993779,-690.1775404691696,0.03151316195726395,2.5004152158896127,0.0028785060664328435,0.0,0.0,0.996015727519989,0.0009960158495232463,0.0009960158495232463,0.0009960158495232463,0.0009960158495232463
185,2.3752370269066194,4.750474053813239,-0.007620537145907277,0.0009960158495232463,4.2578125,-0.078125,0.078125,6.102729707956314,-844.6699107703813,0.03151316195726395,2.4496619005997977,0.0031809086697952202,0.0,0.0,0.996015727519989,0.0009960158495232463,0.0009960158495232463,0.0009960158495232463,0.0009960158495232463
186,2.375002206119836,4.750004412239672,-0.0076428727566119625,0.0009960158495232463,4.3515625,-0.03125,0.03125,6.1912810420035385,-953.0856389811051,0.03151316195726395,2.4000378251075745,0.0031943254580255598,0.0,0.0,0.996015727519989,0.0009960158495232463,0.0009960158495232463,0.0009960158495232463,0.0009960158495232463
187,2.3749255333403445,4.749851066680689,-0.004584353087303387,0.0009960158495232463,4.140625,-0.09375,0.09375,5.875023583008442,-922.7086341668975,0.03151316195726395,2.5487632354100547,0.0028723460382025223,0.0,0.0,0.996015727519989,0.0009960158495232463,0.0009960158495232463,0.0009960158495232463,0.0009960158495232463
188,2.3748633920448343,4.749726784089669,-0.010411300125330189,0.0009960158495232463,4.03125,-0.0390625,0.0390625,5.763830333016813,-981.9400342555009,0.03151316195726395,2.6111787458260856,0.0026053547771880403,0.0,0.0,0.996015727519989,0.0009960158495232463,0.0009960158495232463,0.0009960158495232463,0.0009960158495232463
189,2.374836319516961,4.749672639033922,-0.0054992444912915096,0.0009960158495232463,4.1171875,-0.5859375,0.5859375,5.902286166034173,-871.2707866047998,0.03151316195726395,2.608778844277064,0.002871369222702924,0.0,0.0,0.996015727519989,0.0009960158495232463,0.0009960158495232463,0.0009960158495232463,0.0009960158495232463
190,2.374717379015122,4.749434758030244,0.0011830175668487808,0.0009960158495232463,4.3203125,-0.9140625,0.9140625,6.171652792021632,-1081.3533919939728,0.03151316195726395,2.58941388130188,0.003328840061537145,0.0,0.0,0.996015727519989,0.0009960158495232463,0.0009960158495232463,0.0009960158495232463,0.0009960158495232463
191,2.37455918818849,4.74911837637698,-0.004261745451379491,0.0009960158495232463,4.3828125,-0.25,0.25,6.24229495797772,-1277.2967283449495,0.03151316195726395,2.6077298124631247,0.0032253702053518887,0.0,0.0,0.996015727519989,0.0009960158495232463,0.0009960158495232463,0.0009960158495232463,0.0009960158495232463
192,2.374423503792981,4.748847007585962,-0.004190830903252949,0.0009960158495232463,4.25,-1.0546875,1.0546875,6.0584336669999175,-1318.899107386084,0.03151316195726395,2.5837953090667725,0.002799538441953094,0.0,0.0,0.996015727519989,0.0009960158495232463,0.0009960158495232463,0.0009960158495232463,0.0009960158495232463
193,2.374451697029266,4.748903394058532,-0.001831656645833959,0.0009960158495232463,4.2109375,-0.5703125,0.5703125,6.00028612499591,-1315.679681684179,0.03151316195726395,2.6866594652334848,0.002468296942727951,0.0,0.0,0.996015727519989,0.0009960158495232463,0.0009960158495232463,0.0009960158495232463,0.0009960158495232463
194,2.37437628881265,4.7487525776253,-0.002350668268546157,0.0009960158495232463,4.578125,0.2421875,-0.2421875,6.457825041026808,-1296.091291042725,0.03151316195726395,2.5716741482416787,0.002722912426785721,0.0,0.0,0.996015727519989,0.0009960158495232463,0.0009960158495232463,0.0009960158495232463,0.0009960158495232463
195,2.3742630472288337,4.7485260944576675,-0.005109694973617045,0.0009960158495232463,4.3359375,0.703125,-0.703125,6.231927916989662,-1223.893071580148,0.03151316195726395,2.5234187841415405,0.0030304845131468028,0.0,0.0,0.996015727519989,0.0009960158495232463,0.0009960158495232463,0.0009960158495232463,0.0009960158495232463
196,2.3741635185233303,4.748327037046661,-0.01337736801255172,0.0009960158495232463,4.2734375,0.359375,-0.359375,6.0860754160094075,-1112.5870595266003,0.03151316195726395,2.5446182688077292,0.0033264814264839515,0.0,0.0,0.996015727519989,0.0009960158495232463,0.0009960158495232463,0.0009960158495232463,0.0009960158495232463
197,2.3740792245034106,4.748158449006821,-0.004755801414085923,0.0009960158495232463,4.2890625,-0.4453125,0.4453125,6.146512707986403,-1458.2313317384007,0.03151316195726395,2.5091933210690818,0.003079213861686488,0.0,0.0,0.996015727519989,0.0009960158495232463,0.0009960158495232463,0.0009960158495232463,0.0009960158495232463
198,2.3738217336638687,4.7476434673277375,-0.005830217313723994,0.0009960158495232463,4.1328125,-0.3046875,0.3046875,5.950585167040117,-1464.587917529793,0.03151316195726395,2.5483168760935464,0.003285534323367756,0.0,0.0,0.996015727519989,0.0009960158495232463,0.0009960158495232463,0.0009960158495232463,0.0009960158495232463
199,2.373656892144628,4.747313784289256,-0.002481710621419203,0.0009960158495232463,4.3046875,-0.1015625,0.1015625,6.198460499988869,-1268.5214108814994,0.03151316195726395,2.60339218378067,0.0027399400278227404,0.0,0.0,0.996015727519989,0.0009960158495232463,0.0009960158495232463,0.0009960158495232463,0.0009960158495232463
200,2.3736277166699176,4.747255433339835,-0.0037971448789283595,0.0009960158495232463,4.3203125,-0.1953125,0.1953125,6.12136929098051,-1017.0830310507665,0.03151316195726395,2.6039840082327523,0.002923721012848546,0.0,0.0,0.996015727519989,0.0009960158495232463,0.0009960158495232463,0.0009960158495232463,0.0009960158495232463
201,2.3735926911617966,4.747185382323593,-0.004872064653446245,0.0009960158495232463,4.2578125,0.4921875,-0.4921875,6.067527417035308,-1128.0777570794482,0.03151316195726395,2.607844511667887,0.0032969692411531546,0.0,0.0,0.996015727519989,0.0009960158495232463,0.0009960158495232463,0.0009960158495232463,0.0009960158495232463
202,2.373409305013161,4.746818610026322,-0.006085417704163171,0.0009960158495232463,4.3984375,0.3515625,-0.3515625,6.2034902080195025,-1236.9787508793454,0.03151316195726395,2.628145605325699,0.0031554235489844964,0.0,0.0,0.996015727519989,0.0009960158495232463,0.0009960158495232463,0.0009960158495232463,0.0009960158495232463
203,2.373256618858141,4.746513237716282,-0.00609593480262412,0.0009960158495232463,4.203125,0.0546875,-0.0546875,6.0446946659940295,-1397.7001812945512,0.03151316195726395,2.703165461619695,0.0033214409437884265,0.0,0.0,0.996015727519989,0.0009960158495232463,0.0009960158495232463,0.0009960158495232463,0.0009960158495232463
204,2.3731639597222265,4.746327919444453,-0.0026740629149903184,0.0009960158495232463,4.3359375,-0.40625,0.40625,6.163537791988347,-1186.9291522258036,0.03151316195726395,2.720253715912501,0.0033674323252247027,0.0,0.0,0.996015727519989,0.0009960158495232463,0.0009960158495232463,0.0009960158495232463,0.0009960158495232463
205,2.373122683153298,4.746245366306596,-0.007516353051317587,0.0009960158495232463,4.2109375,-0.625,0.625,5.979497666005045,-1095.8213033180732,0.03151316195726395,2.7771249612172446,0.0033533288543973563,0.0,0.0,0.996015727519989,0.0009960158495232463,0.0009960158495232463,0.0009960158495232463,0.0009960158495232463
206,2.3730145502112823,4.7460291004225645,-0.0010813439548107843,0.0009960158495232463,4.25,0.359375,-0.359375,6.1125074999872595,-1335.709617546376,0.03151316195726395,2.757298549016317,0.0033144772654244057,0.0,0.0,0.996015727519989,0.0009960158495232463,0.0009960158495232463,0.0009960158495232463,0.0009960158495232463
207,2.3729464143644705,4.745892828728941,-0.0006175961171624971,0.0009960158495232463,4.1875,-0.203125,0.203125,5.9858347499975935,-1167.9508376637502,0.03151316195726395,2.725288768609365,0.003385758822939048,0.0,0.0,0.996015727519989,0.0009960158495232463,0.0009960158495232463,0.0009960158495232463,0.0009960158495232463
208,2.37280191159571,4.74560382319142,-0.008235307866400723,0.0009960158495232463,4.25,-0.8984375,0.8984375,6.090838374977466,-1358.46688589629,0.03151316195726395,2.770570089419683,0.003495483862934634,0.0,0.0,0.996015727519989,0.0009960158495232463,0.0009960158495232463,0.0009960158495232463,0.0009960158495232463
209,2.3726871708249497,4.7453743416498995,-0.008364898323439403,0.0009960158495232463,4.2890625,0.4453125,-0.4453125,6.302090750017669,-1629.3364710208498,0.03151316195726395,2.8659693400065103,0.0032853565468637194,0.0,0.0,0.996015727519989,0.0009960158495232463,0.0009960158495232463,0.0009960158495232463,0.0009960158495232463
210,2.3724629433892943,4.744925886778589,-0.0024877849608151807,0.0009960158495232463,4.296875,-0.3203125,0.3203125,6.158286084013525,-1306.9521944271435,0.03151316195726395,2.8027577499548593,0.0031795349592963853,0.0,0.0,0.996015727519989,0.0009960158495232463,0.0009960158495232463,0.0009960158495232463,0.0009960158495232463
211,2.3723726723173817,4.744745344634763,-0.013906235140667526,0.0009960158495232463,4.4296875,-0.0234375,0.0234375,6.312160542001948,-1297.7299776413663,0.03151316195726395,2.7391702234745026,0.0032865649360852935,0.0,0.0,0.996015727519989,0.0009960158495232463,0.0009960158495232463,0.0009960158495232463,0.0009960158495232463
212,2.372326184003726,4.744652368007452,-0.007027473494263259,0.0009960158495232463,4.4609375,-1.1015625,1.1015625,6.2856369580258615,-1388.2587499384704,0.03151316195726395,2.7699024279912314,0.0032825054513523355,0.0,0.0,0.996015727519989,0.0009960158495232463,0.0009960158495232463,0.0009960158495232463,0.0009960158495232463
213,2.3721178852834823,4.744235770566965,-0.006175629969349867,0.0009960158495232463,4.3359375,-0.2890625,0.2890625,6.187504542001989,-1612.5196858277193,0.03151316195726395,2.7594751516977944,0.003282614576164633,0.0,0.0,0.996015727519989,0.0009960158495232463,0.0009960158495232463,0.0009960158495232463,0.0009960158495232463
214,2.3720253432614946,4.744050686522989,-0.0019251512415636534,0.0009960158495232463,4.3203125,0.328125,-0.328125,6.1608973749680445,-1465.1921302250453,0.03151316195726395,2.8124985794226327,0.0030075246080135307,0.0,0.0,0.996015727519989,0.0009960158495232463,0.0009960158495232463,0.0009960158495232463,0.0009960158495232463
215,2.371912079202961,4.743824158405922,-0.003968236561432401,0.0009960158495232463,4.171875,0.7265625,-0.7265625,5.940484624996316,-1409.753405894233,0.03151316195726395,2.7836363216241202,0.003227538982173428,0.0,0.0,0.996015727519989,0.0009960158495232463,0.0009960158495232463,0.0009960158495232463,0.0009960158495232463
216,2.371762221677474,4.743524443354948,-0.0018935173596495247,0.0009960158495232463,4.3515625,-0.2265625,0.2265625,6.22398745798273,-1427.9229457913439,0.03151316195726395,2.781227628389994,0.0032262173317576526,0.0,0.0,0.996015727519989,0.0009960158495232463,0.0009960158495232463,0.0009960158495232463,0.0009960158495232463
217,2.3716741283531384,4.743348256706277,-0.0051604547713927935,0.0009960158495232463,4.1875,0.1640625,-0.1640625,6.004654708027374,-1214.9777330177933,0.03151316195726395,2.812044004599253,0.0032478027690861686,0.0,0.0,0.996015727519989,0.0009960158495232463,0.0009960158495232463,0.0009960158495232463,0.0009960158495232463
218,2.371579180542745,4.74315836108549,-0.005376681883272328,0.0009960158495232463,4.234375,0.2578125,-0.2578125,6.028422459028661,-1508.3456048859882,0.03151316195726395,2.76772470275561,0.002961952443001792,0.0,0.0,0.996015727519989,0.0009960158495232463,0.0009960158495232463,0.0009960158495232463,0.0009960158495232463
219,2.371549870452764,4.743099740905528,0.0019324961463037247,0.0009960158495232463,4.4375,-0.484375,0.484375,6.354460250004195,-1439.2433631638405,0.03151316195726395,2.73728483915329,0.003004301948143014,0.0,0.0,0.996015727519989,0.0009960158495232463,0.0009960158495232463,0.0009960158495232463,0.0009960158495232463
220,2.3715908610934644,4.743181722186929,-0.007833227637156482,0.0009960158495232463,4.3203125,0.1171875,-0.1171875,6.12662499997532,-1283.26291056007,0.03151316195726395,2.7539919217427573,0.003167106105441538,0.0,0.0,0.996015727519989,0.0009960158495232463,0.0009960158495232463,0.0009960158495232463,0.0009960158495232463
221,2.3716401377941314,4.743280275588263,-0.0072648549570256725,0.0009960158495232463,4.2734375,-0.109375,0.109375,6.128757541009691,-1674.2718616883105,0.03151316195726395,2.7884787817796073,0.0029009529231795264,0.0,0.0,0.996015727519989,0.0009960158495232463,0.0009960158495232463,0.0009960158495232463,0.0009960158495232463
222,2.3716198319184714,4.743239663836943,-0.0031843279253881765,0.0009960158495232463,4.3203125,-0.15625,0.15625,6.16048908297671,-1548.3350135016829,0.03151316195726395,2.7752578457196555,0.0033191361192924282,0.0,0.0,0.996015727519989,0.0009960158495232463,0.0009960158495232463,0.0009960158495232463,0.0009960158495232463
223,2.371560479305648,4.743120958611296,-0.006036995066969473,0.0009960158495232463,4.15625,-0.7578125,0.7578125,6.034945167019032,-1442.431121263289,0.03151316195726395,2.7928526302178702,0.0033531574542090916,0.0,0.0,0.996015727519989,0.0009960158495232463,0.0009960158495232463,0.0009960158495232463,0.0009960158495232463
224,2.3714735024969094,4.742947004993819,-0.007132447215562002,0.0009960158495232463,4.296875,-0.3984375,0.3984375,6.149926041951403,-1778.6263354648243,0.03151316195726395,2.777279237906138,0.0030977271283821515,0.0,0.0,0.996015727519989,0.0009960158495232463,0.0009960158495232463,0.0009960158495232463,0.0009960158495232463
225,2.371262024718039,4.742524049436078,-0.005132262474244475,0.0009960158495232463,4.265625,-0.0859375,0.0859375,6.080766499973834,-1820.7208078614958,0.03151316195726395,2.905876805384954,0.002906771784182638,0.0,0.0,0.996015727519989,0.0009960158495232463,0.0009960158495232463,0.0009960158495232463,0.0009960158495232463
226,2.371139837416134,4.742279674832268,-0.008068691951639341,0.0009960158495232463,4.171875,0.40625,-0.40625,6.036160375049803,-1725.1575807810723,0.03151316195726395,2.9478226602077484,0.003021828043832405,0.0,0.0,0.996015727519989,0.0009960158495232463,0.0009960158495232463,0.0009960158495232463,0.0009960158495232463
227,2.3710207182216143,4.742041436443229,-0.001181928655551335,0.0009960158495232463,4.3125,0.4375,-0.4375,6.135843332973309,-2168.2613024124203,0.03151316195726395,2.883799841006597,0.003232977343335127,0.0,0.0,0.996015727519989,0.0009960158495232463,0.0009960158495232463,0.0009960158495232463,0.0009960158495232463
228,2.37078368571263,4.74156737142526,-0.007635377568133798,0.0009960158495232463,4.296875,-0.7890625,0.7890625,6.137894332990982,-1893.2402737998962,0.03151316195726395,2.9035557905832925,0.0034121887171446965,0.0,0.0,0.996015727519989,0.0009960158495232463,0.0009960158495232463,0.0009960158495232463,0.0009960158495232463
229,2.3706398772201256,4.741279754440251,-0.01058556997660002,0.0009960158495232463,4.3203125,0.8984375,-0.8984375,6.164526833046693,-1797.6049577254282,0.03151316195726395,2.910042862097422,0.003521230144542642,0.0,0.0,0.996015727519989,0.0009960158495232463,0.0009960158495232463,0.0009960158495232463,0.0009960158495232463
230,2.3705605908799154,4.741121181759831,-0.006940974449520303,0.0009960158495232463,4.3359375,-0.0234375,0.0234375,6.156538709008601,-1793.28965097204,0.03151316195726395,2.9233782589435577,0.0033777932840166613,0.0,0.0,0.996015727519989,0.0009960158495232463,0.0009960158495232463,0.0009960158495232463,0.0009960158495232463
231,2.370472201096543,4.740944402193086,-0.0038970394345526223,0.0009960158495232463,4.5078125,0.78125,-0.78125,6.38117870799033,-1774.5785988389516,0.03151316195726395,3.000998626152674,0.003351175956292233,0.0,0.0,0.996015727519989,0.0009960158495232463,0.0009960158495232463,0.0009960158495232463,0.0009960158495232463
232,2.3703828169967514,4.740765633993503,-0.00601050378215382,0.0009960158495232463,4.4140625,-0.703125,0.703125,6.346697582979687,-2193.4187386554954,0.03151316195726395,2.9881788889567056,0.003239438713838657,0.0,0.0,0.996015727519989,0.0009960158495232463,0.0009960158495232463,0.0009960158495232463,0.0009960158495232463
233,2.370345740393484,4.740691480786968,-0.004900747985467698,0.0009960158495232463,4.3515625,0.046875,-0.046875,6.1860495419823565,-2305.1140020291723,0.03151316195726395,2.9759402175744376,0.0030760505554402093,0.0,0.0,0.996015727519989,0.0009960158495232463,0.0009960158495232463,0.0009960158495232463,0.0009960158495232463
234,2.3703325029710234,4.740665005942047,-0.004574814279901316,0.0009960158495232463,4.453125,-0.3046875,0.3046875,6.374909000005573,-2158.5272716622603,0.03151316195726395,2.9583197434743247,0.003285223448377413,0.0,0.0,0.996015727519989,0.0009960158495232463,0.0009960158495232463,0.0009960158495232463,0.0009960158495232463
235,2.370292274409336,4.740584548818672,-0.008685986034351613,0.0009960158495232463,4.3203125,-0.578125,0.578125,6.197946749976836,-2013.0853428521596,0.03151316195726395,2.9921536246935525,0.003389994570170529,0.0,0.0,0.996015727519989,0.0009960158495232463,0.0009960158495232463,0.0009960158495232463,0.0009960158495232463
236,2.370253443014905,4.74050688602981,-0.002855078445283239,0.0009960158495232463,4.5390625,0.015625,-0.015625,6.47686579101719,-2239.924188482577,0.03151316195726395,2.983674188454946,0.003534470068795296,0.0,0.0,0.996015727519989,0.0009960158495232463,0.0009960158495232463,0.0009960158495232463,0.0009960158495232463
237,2.3702260120624983,4.7404520241249966,-0.004466053334044858,0.0009960158495232463,4.3671875,-0.3671875,0.3671875,6.273192125023343,-2461.325597752825,0.03151316195726395,2.9861390690008798,0.0032691291359393895,0.0,0.0,0.996015727519989,0.0009960158495232463,0.0009960158495232463,0.0009960158495232463,0.0009960158495232463
238,2.370239984686592,4.740479969373184,-0.008720821517628227,0.0009960158495232463,4.3671875,-0.3046875,0.3046875,6.306255457981024,-2241.9889511251704,0.03151316195726395,2.959695746501287,0.003097532974303855,0.0,0.0,0.996015727519989,0.0009960158495232463,0.0009960158495232463,0.0009960158495232463,0.0009960158495232463
239,2.3701783032098236,4.740356606419647,-0.00738678225826808,0.0009960158495232463,4.2734375,0.4296875,-0.4296875,6.129317624960095,-1376.880446317209,0.03151316195726395,2.9511298537254333,0.0030227171334142136,0.0,0.0,0.996015727519989,0.0009960158495232463,0.0009960158495232463,0.0009960158495232463,0.0009960158495232463
240,2.370048909203182,4.740097818406364,-0.008259988377778138,0.0009960158495232463,4.2734375,0.0,0.0,6.14270020800177,-1652.903650963764,0.03151316195726395,2.9684661825497947,0.0032976053795816065,0.0,0.0,0.996015727519989,0.0009960158495232463,0.0009960158495232463,0.0009960158495232463,0.0009960158495232463
241,2.3698250498425333,4.739650099685067,-0.007995147741448301,0.0009960158495232463,4.3671875,-0.2265625,0.2265625,6.212219709006604,-2007.3021303152996,0.03151316195726395,2.9842407405376434,0.0031450857495656237,0.0,0.0,0.996015727519989,0.0009960158495232463,0.0009960158495232463,0.0009960158495232463,0.0009960158495232463
242,2.369688471753505,4.73937694350701,-0.004445975722121538,0.0009960158495232463,4.5859375,0.171875,-0.171875,6.555636917008087,-2439.903762144774,0.03151316195726395,2.9817954897880554,0.0031373924612125847,0.0,0.0,0.996015727519989,0.0009960158495232463,0.0009960158495232463,0.0009960158495232463,0.0009960158495232463
243,2.3696109853240177,4.739221970648035,-0.00765768648964029,0.0009960158495232463,4.2421875,-0.625,0.625,6.07722245901823,-2383.1106444687257,0.03151316195726395,3.011130710442861,0.003008285248749113,0.0,0.0,0.996015727519989,0.0009960158495232463,0.0009960158495232463,0.0009960158495232463,0.0009960158495232463
244,2.369561829163265,4.73912365832653,-0.005470582733088979,0.0009960158495232463,4.421875,-0.0234375,0.0234375,6.2694377500447445,-2710.4819038074347,0.03151316195726395,3.0102230608463287,0.002989036545235043,0.0,0.0,0.996015727519989,0.0009960158495232463,0.0009960158495232463,0.0009960158495232463,0.0009960158495232463
245,2.369512008619946,4.739024017239892,-0.006410213136948728,0.0009960158495232463,4.484375,-0.03125,0.03125,6.399316290975548,-2542.5740811617115,0.03151316195726395,2.9699465731779733,0.002766061583921934,0.0,0.0,0.996015727519989,0.0009960158495232463,0.0009960158495232463,0.0009960158495232463,0.0009960158495232463
246,2.3694797270108467,4.7389594540216935,-0.00876253812278848,0.0009960158495232463,4.359375,-0.140625,0.140625,6.225733792001847,-2551.996653416678,0.03151316195726395,3.0169784327348075,0.0029902031674282625,0.0,0.0,0.996015727519989,0.0009960158495232463,0.0009960158495232463,0.0009960158495232463,0.0009960158495232463
247,2.369393740535795,4.73878748107159,-0.008929466300383281,0.0009960158495232463,4.3828125,0.6015625,-0.6015625,6.228568249964155,-2337.031112398906,0.03151316195726395,2.9711037278175354,0.0032109845293841013,0.0,0.0,0.996015727519989,0.0009960158495232463,0.0009960158495232463,0.0009960158495232463,0.0009960158495232463
248,2.3693504992881147,4.738700998576229,-0.007699729660158345,0.0009960158495232463,4.5078125,-0.234375,0.234375,6.458657583978493,-2130.551802874851,0.03151316195726395,2.951009511947632,0.0033626435130524137,0.0,0.0,0.996015727519989,0.0009960158495232463,0.0009960158495232463,0.0009960158495232463,0.0009960158495232463
249,2.3693411921697463,4.7386823843394925,-0.009934324150354383,0.0009960158495232463,4.4140625,0.609375,-0.609375,6.263781207962893,-1948.504506777873,0.03151316195726395,3.007294237613678,0.0034470114236076674,0.0,0.0,0.996015727519989,0.0009960158495232463,0.0009960158495232463,0.0009960158495232463,0.0009960158495232463
250,2.369332426655254,4.738664853310508,-0.0068914232411938035,0.0009960158495232463,4.3046875,-0.4375,0.4375,6.218329708033707,-1933.3983693166133,0.03151316195726395,3.0008817116419473,0.0032257126877084374,0.0,0.0,0.996015727519989,0.0009960158495232463,0.0009960158495232463,0.0009960158495232463,0.0009960158495232463
251,2.369337897536208,4.738675795072416,-0.004421500170067516,0.0009960158495232463,4.375,-0.234375,0.234375,6.194977083010599,-2323.394634335382,0.03151316195726395,3.029531568288803,0.003264956525526941,0.0,0.0,0.996015727519989,0.0009960158495232463,0.0009960158495232463,0.0009960158495232463,0.0009960158495232463
252,2.369338490264136,4.738676980528272,-0.019826796114133224,0.0009960158495232463,4.375,-0.765625,0.765625,6.19368108297931,-2486.7329870394296,0.03151316195726395,3.076407184203466,0.0029998945052890726,0.0,0.0,0.996015727519989,0.0009960158495232463,0.0009960158495232463,0.0009960158495232463,0.0009960158495232463
253,2.369446687762853,4.738893375525706,-0.008661446994838715,0.0009960158495232463,4.3515625,0.21875,-0.21875,6.211338834022172,-2689.791653090362,0.03151316195726395,3.051118423541387,0.0029682352712067464,0.0,0.0,0.996015727519989,0.0009960158495232463,0.0009960158495232463,0.0009960158495232463,0.0009960158495232463
254,2.3695280248164607,4.7390560496329215,-0.016521949676590438,0.0009960158495232463,4.4140625,0.0234375,-0.0234375,6.255390292033553,-2694.568556270768,0.03151316195726395,3.049887498219808,0.003557071841593521,0.0,0.0,0.996015727519989,0.0009960158495232463,0.0009960158495232463,0.0009960158495232463,0.0009960158495232463
255,2.3695524195363897,4.7391048390727795,-0.00590862009620863,0.0009960158495232463,4.5625,-0.6953125,0.6953125,6.4450777499587275,-2854.244206226035,0.03151316195726395,3.0490139027436576,0.0036204628801594176,0.0,0.0,0.996015727519989,0.0009960158495232463,0.0009960158495232463,0.0009960158495232463,0.0009960158495232463
256,2.369589275522475,4.73917855104495,-0.013139441759391914,0.0009960158495232463,4.5546875,-0.0234375,0.0234375,6.516213291033637,-2895.6352559084753,0.03151316195726395,2.981947044531504,0.003431029103618736,0.0,0.0,0.996015727519989,0.0009960158495232463,0.0009960158495232463,0.0009960158495232463,0.0009960158495232463
257,2.3696942664118694,4.739388532823739,-0.009336965233743461,0.0009960158495232463,4.5859375,1.2421875,-1.2421875,6.54614395799581,-2270.137679787267,0.03151316195726395,2.9826340079307556,0.0033465721256410084,0.0,0.0,0.996015727519989,0.0009960158495232463,0.0009960158495232463,0.0009960158495232463,0.0009960158495232463
258,2.369787240465266,4.739574480930532,-0.004301582816440355,0.0009960158495232463,4.40625,0.1796875,-0.1796875,6.317077082989272,-1913.0025392829948,0.03151316195726395,3.023395836353302,0.0038165846296275654,0.0,0.0,0.996015727519989,0.0009960158495232463,0.0009960158495232463,0.0009960158495232463,0.0009960158495232463
259,2.3698835404992478,4.7397670809984955,-0.0070013334770511046,0.0009960158495232463,4.203125,-0.1328125,0.1328125,6.032655332994182,-2087.5228731517013,0.03151316195726395,3.039476841688156,0.0037617323105223477,0.0,0.0,0.996015727519989,0.0009960158495232463,0.0009960158495232463,0.0009960158495232463,0.0009960158495232463
260,2.369984767041197,4.739969534082394,-0.009309353981858216,0.0009960158495232463,4.59375,0.078125,-0.078125,6.522608582978137,-2190.980788127095,0.03151316195726395,2.988256593545278,0.003542528924299404,0.0,0.0,0.996015727519989,0.0009960158495232463,0.0009960158495232463,0.0009960158495232463,0.0009960158495232463
261,2.3701139666818403,4.7402279333636805,-0.009872950849432635,0.0009960158495232463,4.703125,-0.0390625,0.0390625,6.699098375043832,-3385.554003902448,0.03151316195726395,2.9448491632938385,0.003204650373542487,0.0,0.0,0.996015727519989,0.0009960158495232463,0.0009960158495232463,0.0009960158495232463,0.0009960158495232463
262,2.3702189078739764,4.740437815747953,-0.004301630898490671,0.0009960158495232463,4.4296875,-0.4140625,0.4140625,6.288670375011861,-3673.7256030094477,0.03151316195726395,2.9954441686471305,0.003284653528377627,0.0,0.0,0.996015727519989,0.0009960158495232463,0.0009960158495232463,0.0009960158495232463,0.0009960158495232463
263,2.3704257570560214,4.740851514112043,-0.008506026873310315,0.0009960158495232463,4.34375,-0.4453125,0.4453125,6.132096792047378,-3072.081656480007,0.03151316195726395,3.1558151046435037,0.0035476267209257153,0.0,0.0,0.996015727519989,0.0009960158495232463,0.0009960158495232463,0.0009960158495232463,0.0009960158495232463
264,2.3705597622499086,4.741119524499817,-0.007660967582921717,0.0009960158495232463,4.3984375,-0.078125,0.078125,6.272705707990099,-3178.3413137635794,0.03151316195726395,3.143651008605957,0.003427901753335997,0.0,0.0,0.996015727519989,0.0009960158495232463,0.0009960158495232463,0.0009960158495232463,0.0009960158495232463
265,2.370637288872214,4.741274577744428,-0.00549438136108859,0.0009960158495232463,4.4296875,-0.21875,0.21875,6.3146915410179645,-3144.0364521302454,0.03151316195726395,3.139240841070811,0.003097407548011688,0.0,0.0,0.996015727519989,0.0009960158495232463,0.0009960158495232463,0.0009960158495232463,0.0009960158495232463
266,2.3707921666191627,4.741584333238325,-0.009964123442491046,0.0009960158495232463,4.4921875,0.265625,-0.265625,6.348305209015962,-2574.22024753073,0.03151316195726395,3.205618679523468,0.003138619381995037,0.0,0.0,0.996015727519989,0.0009960158495232463,0.0009960158495232463,0.0009960158495232463,0.0009960158495232463
267,2.370982611132514,4.741965222265028,-0.008903787777622492,0.0009960158495232463,4.2734375,-0.546875,0.546875,6.142983500030823,-2654.648874247968,0.03151316195726395,3.2433637777964273,0.0032732174586271867,0.0,0.0,0.996015727519989,0.0009960158495232463,0.0009960158495232463,0.0009960158495232463,0.0009960158495232463
268,2.3711753532357784,4.742350706471557,0.0015554095692245269,0.0009960158495232463,4.5234375,-0.609375,0.609375,6.406888625002466,-3102.457042759976,0.03151316195726395,3.146307190259298,0.003101649815410686,0.0,0.0,0.996015727519989,0.0009960158495232463,0.0009960158495232463,0.0009960158495232463,0.0009960158495232463
269,2.371334019988941,4.742668039977882,-0.002677621177810608,0.0009960158495232463,4.46875,-0.21875,0.21875,6.372770875052083,-2959.6243747964604,0.03151316195726395,3.1310775180657706,0.0029058037471259013,0.0,0.0,0.996015727519989,0.0009960158495232463,0.0009960158495232463,0.0009960158495232463,0.0009960158495232463
270,2.371549548753925,4.74309909750785,-0.004707613858435197,0.0009960158495232463,4.5703125,0.0078125,-0.0078125,6.498451165971346,-3626.4823363214477,0.03151316195726395,3.1411159435908,0.003104522576298526,0.0,0.0,0.996015727519989,0.0009960158495232463,0.0009960158495232463,0.0009960158495232463,0.0009960158495232463
271,2.371779174795019,4.743558349590038,-0.012890250287150323,0.0009960158495232463,4.3984375,0.03125,-0.03125,6.260634416015819,-4212.828034887094,0.03151316195726395,3.1585792203744254,0.0031846048950683326,0.0,0.0,0.996015727519989,0.0009960158495232463,0.0009960158495232463,0.0009960158495232463,0.0009960158495232463
272,2.372042593047003,4.744085186094006,-0.0007453263815894513,0.0009960158495232463,4.109375,-0.9765625,0.9765625,6.0761280409642495,-3309.143026464339,0.03151316195726395,3.1793331801891327,0.0033794778816324347,0.0,0.0,0.996015727519989,0.0009960158495232463,0.0009960158495232463,0.0009960158495232463,0.0009960158495232463
273,2.3723025968216116,4.744605193643223,-0.008267377480409382,0.0009960158495232463,4.328125,-0.0703125,0.0703125,6.143563874997199,-3194.5429427322497,0.03151316195726395,3.2255335052808127,0.003762066078100664,0.0,0.0,0.996015727519989,0.0009960158495232463,0.0009960158495232463,0.0009960158495232463,0.0009960158495232463
274,2.3724949181841626,4.744989836368325,-0.010480471427806476,0.0009960158495232463,4.203125,-0.125,0.125,6.022036999987904,-2558.4687298912986,0.03151316195726395,3.229759077231089,0.0033107604504039045,0.0,0.0,0.996015727519989,0.0009960158495232463,0.0009960158495232463,0.0009960158495232463,0.0009960158495232463
275,2.3726930764124656,4.745386152824931,-0.009038851128329988,0.0009960158495232463,4.3125,-0.453125,0.453125,6.129893374978565,-2981.8855118544207,0.03151316195726395,3.332133928934733,0.0035016887268284336,0.0,0.0,0.996015727519989,0.0009960158495232463,0.0009960158495232463,0.0009960158495232463,0.0009960158495232463
276,2.373018977310126,4.746037954620252,-0.010149630915189518,0.0009960158495232463,4.390625,-0.1953125,0.1953125,6.211525874969084,-2693.046053944109,0.03151316195726395,3.318639616171519,0.003306782878098602,0.0,0.0,0.996015727519989,0.0009960158495232463,0.0009960158495232463,0.0009960158495232463,0.0009960158495232463
277,2.3732563185597173,4.746512637119435,-0.011540051443841497,0.0009960158495232463,4.4453125,-1.0546875,1.0546875,6.331859625002835,-2568.4578923793583,0.03151316195726395,3.30356964468956,0.0036992999327291423,0.0,0.0,0.996015727519989,0.0009960158495232463,0.0009960158495232463,0.0009960158495232463,0.0009960158495232463
278,2.3734760654691374,4.746952130938275,-0.004782642445191913,0.0009960158495232463,4.421875,0.1640625,-0.1640625,6.246714125038125,-3350.9056156751544,0.03151316195726395,3.2207265893618264,0.0035632062257112316,0.0,0.0,0.996015727519989,0.0009960158495232463,0.0009960158495232463,0.0009960158495232463,0.0009960158495232463
279,2.373666297197281,4.747332594394562,-0.005626328849433905,0.0009960158495232463,4.46875,0.5390625,-0.5390625,6.3074376250151545,-3410.6597409415076,0.03151316195726395,3.28193207581838,0.0037997808807025044,0.0,0.0,0.996015727519989,0.0009960158495232463,0.0009960158495232463,0.0009960158495232463,0.0009960158495232463
280,2.3737662034122797,4.7475324068245595,-0.007840939024316661,0.0009960158495232463,4.3671875,1.25,-1.25,6.244011584029067,-4576.727573026272,0.03151316195726395,3.2476646502812705,0.003745408192268466,0.0,0.0,0.996015727519989,0.0009960158495232463,0.0009960158495232463,0.0009960158495232463,0.0009960158495232463
281,2.3738974631894516,4.747794926378903,-0.003362938820944788,0.0009960158495232463,4.453125,-0.1640625,0.1640625,6.2901883340091445,-4338.905800695587,0.03151316195726395,3.319788614908854,0.0033208975485952883,0.0,0.0,0.996015727519989,0.0009960158495232463,0.0009960158495232463,0.0009960158495232463,0.0009960158495232463
282,2.3740353889324735,4.748070777864947,-0.009166556961375595,0.0009960158495232463,4.1953125,0.015625,-0.015625,5.968037375016138,-4379.877544168653,0.03151316195726395,3.3601839542388916,0.003608272110189622,0.0,0.0,0.996015727519989,0.0009960158495232463,0.0009960158495232463,0.0009960158495232463,0.0009960158495232463
283,2.374171040144638,4.748342080289276,-0.010867892855950365,0.0009960158495232463,4.4609375,-1.0078125,1.0078125,6.353439415979665,-3700.209077925273,0.03151316195726395,3.326109399398168,0.0035712637181859463,0.0,0.0,0.996015727519989,0.0009960158495232463,0.0009960158495232463,0.0009960158495232463,0.0009960158495232463
284,2.37438473764724,4.74876947529448,-0.01263286789339989,0.0009960158495232463,4.4609375,-0.15625,0.15625,6.319130708987359,-3515.3347979543923,0.03151316195726395,3.335513820250829,0.003606111146912857,0.0,0.0,0.996015727519989,0.0009960158495232463,0.0009960158495232463,0.0009960158495232463,0.0009960158495232463
285,2.3745070022512724,4.749014004502545,-0.010056594233401309,0.0009960158495232463,4.4296875,-0.90625,0.90625,6.33074583299458,-3948.2528737520624,0.03151316195726395,3.364529182513555,0.0036800183758411245,0.0,0.0,0.996015727519989,0.0009960158495232463,0.0009960158495232463,0.0009960158495232463,0.0009960158495232463
286,2.374593337012975,4.74918667402595,-0.011004633668613472,0.0009960158495232463,4.3515625,0.3671875,-0.3671875,6.286814375023823,-3712.768822565541,0.03151316195726395,3.407313346862793,0.00345231549545133,0.0,0.0,0.996015727519989,0.0009960158495232463,0.0009960158495232463,0.0009960158495232463,0.0009960158495232463
287,2.3747482580742787,4.749496516148557,-0.011080206066137455,0.0009960158495232463,4.484375,0.046875,-0.046875,6.3553323749802075,-4053.5814047358176,0.03151316195726395,3.3484087785085044,0.0034587821525443965,0.0,0.0,0.996015727519989,0.0009960158495232463,0.0009960158495232463,0.0009960158495232463,0.0009960158495232463
288,2.3748627078546014,4.749725415709203,-0.012951400093543869,0.0009960158495232463,4.4140625,0.4453125,-0.4453125,6.316756417043507,-3656.8353765166967,0.03151316195726395,3.368513653675715,0.0033721130336440788,0.0,0.0,0.996015727519989,0.0009960158495232463,0.0009960158495232463,0.0009960158495232463,0.0009960158495232463
289,2.375042876574217,4.750085753148434,-0.006587371924204254,0.0009960158495232463,4.390625,-0.6171875,0.6171875,6.236373084015213,-4625.140318168015,0.03151316195726395,3.36801149447759,0.003253634810486498,0.0,0.0,0.996015727519989,0.0009960158495232463,0.0009960158495232463,0.0009960158495232463,0.0009960158495232463
290,2.3752194305260064,4.750438861052013,-0.011118315427697974,0.0009960158495232463,4.4921875,-0.2265625,0.2265625,6.368089499999769,-4703.662330209483,0.03151316195726395,3.3249774674574533,0.0032033363580315686,0.0,0.0,0.996015727519989,0.0009960158495232463,0.0009960158495232463,0.0009960158495232463,0.0009960158495232463
291,2.375492544128558,4.750985088257116,-0.013572605326373612,0.0009960158495232463,4.53125,-0.5625,0.5625,6.423706208996009,-4385.926425210361,0.03151316195726395,3.3892624576886496,0.003144305852401885,0.0,0.0,0.996015727519989,0.0009960158495232463,0.0009960158495232463,0.0009960158495232463,0.0009960158495232463
292,2.375714433669576,4.751428867339152,-0.011332777262358058,0.0009960158495232463,4.390625,0.3359375,-0.3359375,6.268228915985674,-4053.797144872862,0.03151316195726395,3.3391135732332864,0.0032953048212220892,0.0,0.0,0.996015727519989,0.0009960158495232463,0.0009960158495232463,0.0009960158495232463,0.0009960158495232463
293,2.3759943032925164,4.751988606585033,-0.007089506378085672,0.0009960158495232463,4.3359375,-0.484375,0.484375,6.202002833015285,-3807.023289867779,0.03151316195726395,3.4417575299739838,0.003100212063448756,0.0,0.0,0.996015727519989,0.0009960158495232463,0.0009960158495232463,0.0009960158495232463,0.0009960158495232463
294,2.376292654730586,4.752585309461172,-0.0055062961758244764,0.0009960158495232463,4.4140625,-0.453125,0.453125,6.2598979999893345,-4484.513456962383,0.03151316195726395,3.43606635928154,0.00314571193515197,0.0,0.0,0.996015727519989,0.0009960158495232463,0.0009960158495232463,0.0009960158495232463,0.0009960158495232463
295,2.3765618706457836,4.753123741291567,-0.01699009874260674,0.0009960158495232463,4.328125,-0.2421875,0.2421875,6.199437958013732,-3805.9090862411886,0.03151316195726395,3.4432553549607596,0.003408882665098645,0.0,0.0,0.996015727519989,0.0009960158495232463,0.0009960158495232463,0.0009960158495232463,0.0009960158495232463
296,2.376790488418183,4.753580976836366,-0.01936450970315776,0.0009960158495232463,4.515625,-0.546875,0.546875,6.502285499998834,-4234.381270471329,0.03151316195726395,3.4583729902903237,0.0037937919793572896,0.0,0.0,0.996015727519989,0.0009960158495232463,0.0009960158495232463,0.0009960158495232463,0.0009960158495232463
297,2.3770868561484813,4.7541737122969625,-0.011233226842451854,0.0009960158495232463,4.5859375,0.078125,-0.078125,6.54648812499363,-4245.47821833206,0.03151316195726395,3.4395350019137063,0.003688231823616661,0.0,0.0,0.996015727519989,0.0009960158495232463,0.0009960158495232463,0.0009960158495232463,0.0009960158495232463
298,2.3773199940712773,4.7546399881425545,-0.0074126606370729965,0.0009960158495232463,4.3046875,0.171875,-0.171875,6.152656208025292,-4577.003472025295,0.03151316195726395,3.422554165124893,0.003570381610188633,0.0,0.0,0.996015727519989,0.0009960158495232463,0.0009960158495232463,0.0009960158495232463,0.0009960158495232463
299,2.3775517117196534,4.755103423439307,-0.005632782154371986,0.0009960158495232463,4.390625,0.3359375,-0.3359375,6.2751026669866405,-4768.248014986303,0.03151316195726395,3.38367889324824,0.0033946140174521133,0.0,0.0,0.996015727519989,0.0009960158495232463,0.0009960158495232463,0.0009960158495232463,0.0009960158495232463
300,2.377752845670055,4.75550569134011,-0.004146990562303544,0.0009960158495232463,4.4453125,-0.1328125,0.1328125,6.31546262500342,-5219.354541215411,0.03151316195726395,3.3995214303334556,0.00348461582082867,0.0,0.0,0.996015727519989,0.0009960158495232463,0.0009960158495232463,0.0009960158495232463,0.0009960158495232463
301,2.3779946032841743,4.755989206568349,-0.012221617052786675,0.0009960158495232463,4.6171875,0.390625,-0.390625,6.521499374997802,-4667.957434555802,0.03151316195726395,3.3688428898652396,0.0035337332171062976,0.0,0.0,0.996015727519989,0.0009960158495232463,0.0009960158495232463,0.0009960158495232463,0.0009960158495232463
302,2.378208740252626,4.756417480505252,-0.012953768950541625,0.0009960158495232463,4.4609375,-0.125,0.125,6.409052499977406,-4048.191851373729,0.03151316195726395,3.378915766874949,0.003404360525261533,0.0,0.0,0.996015727519989,0.0009960158495232463,0.0009960158495232463,0.0009960158495232463,0.0009960158495232463
303,2.3783988689387536,4.756797737877507,-0.010185685115611024,0.0009960158495232463,4.4453125,-0.6171875,0.6171875,6.307901916035917,-4285.50663031258,0.03151316195726395,3.435606449842453,0.003817745940371727,0.0,0.0,0.996015727519989,0.0009960158495232463,0.0009960158495232463,0.0009960158495232463,0.0009960158495232463
304,2.378579228614342,4.757158457228684,-0.010749932999050905,0.0009960158495232463,4.5078125,-0.7421875,0.7421875,6.458717292000074,-3944.2365915903392,0.03151316195726395,3.420768936475118,0.0036738108149923696,0.0,0.0,0.996015727519989,0.0009960158495232463,0.0009960158495232463,0.0009960158495232463,0.0009960158495232463
305,2.3787740091275382,4.7575480182550764,-0.004943555631771472,0.0009960158495232463,4.46875,-0.1875,0.1875,6.37772870803019,-3529.646396230151,0.03151316195726395,3.4167871276537576,0.0037679369294589074,0.0,0.0,0.996015727519989,0.0009960158495232463,0.0009960158495232463,0.0009960158495232463,0.0009960158495232463
306,2.3789301080893885,4.757860216178777,-0.003519623788631844,0.0009960158495232463,4.515625,-0.6953125,0.6953125,6.400083374988753,-6063.021880714126,0.03151316195726395,3.4381805062294006,0.0033595100685488433,0.0,0.0,0.996015727519989,0.0009960158495232463,0.0009960158495232463,0.0009960158495232463,0.0009960158495232463
307,2.3790934616149553,4.7581869232299105,-0.004732204782636532,0.0009960158495232463,4.3828125,0.328125,-0.328125,6.304823958023917,-5109.816605552633,0.03151316195726395,3.409965475400289,0.003239888870060289,0.0,0.0,0.996015727519989,0.0009960158495232463,0.0009960158495232463,0.0009960158495232463,0.0009960158495232463
308,2.3792904677281874,4.758580935456375,-0.01466124095204696,0.0009960158495232463,4.453125,-0.6953125,0.6953125,6.372411583026405,-5073.324167619672,0.03151316195726395,3.491600592931112,0.003592357531791398,0.0,0.0,0.996015727519989,0.0009960158495232463,0.0009960158495232463,0.0009960158495232463,0.0009960158495232463
309,2.379442230600489,4.758884461200978,-0.013409660888071925,0.0009960158495232463,4.5546875,-0.609375,0.609375,6.556575707974844,-5117.1583847451575,0.03151316195726395,3.5124404231707254,0.0035974122280701217,0.0,0.0,0.996015727519989,0.0009960158495232463,0.0009960158495232463,0.0009960158495232463,0.0009960158495232463
310,2.37960619849523,4.75921239699046,-0.009630590542663872,0.0009960158495232463,4.3984375,0.1640625,-0.1640625,6.255645499972161,-5351.09801741307,0.03151316195726395,3.5076336661974588,0.003479257569172963,0.0,0.0,0.996015727519989,0.0009960158495232463,0.0009960158495232463,0.0009960158495232463,0.0009960158495232463
311,2.3797719480324804,4.759543896064961,-0.015075544636231435,0.0009960158495232463,4.359375,0.6015625,-0.6015625,6.418789999966975,-4065.3096334464235,0.03151316195726395,3.5167481501897178,0.003356555748420457,0.0,0.0,0.996015727519989,0.0009960158495232463,0.0009960158495232463,0.0009960158495232463,0.0009960158495232463
312,2.379944759420162,4.759889518840324,-0.012116126738628533,0.0009960158495232463,4.5234375,0.125,-0.125,10.899552208022214,-4585.441389726234,0.03151316195726395,3.4732536673545837,0.0037601506143497923,0.0,0.0,0.996015727519989,0.0009960158495232463,0.0009960158495232463,0.0009960158495232463,0.0009960158495232463
313,2.380283062185936,4.760566124371872,-0.014809393680408012,0.0009960158495232463,4.6875,-0.265625,0.265625,12.053567583032418,-4734.803440920512,0.03151316195726395,3.4638774693012238,0.003317026981676463,0.0,0.0,0.996015727519989,0.0009960158495232463,0.0009960158495232463,0.0009960158495232463,0.0009960158495232463
314,2.380418313232114,4.760836626464228,-0.007956957227326937,0.0009960158495232463,4.3828125,-0.1796875,0.1796875,10.315314082952682,-5388.517352561475,0.03151316195726395,3.4532206853230796,0.003528838310254893,0.0,0.0,0.996015727519989,0.0009960158495232463,0.0009960158495232463,0.0009960158495232463,0.0009960158495232463
315,2.380638234768762,4.761276469537524,-0.005172792216538008,0.0009960158495232463,4.6171875,0.1640625,-0.1640625,10.87702337501105,-4738.722138677555,0.03151316195726395,3.43395859003067,0.0034660813835216686,0.0,0.0,0.996015727519989,0.0009960158495232463,0.0009960158495232463,0.0009960158495232463,0.0009960158495232463
316,2.3808366648887964,4.761673329777593,-0.006849345035441203,0.0009960158495232463,4.4921875,-0.015625,0.015625,10.792139665980358,-5117.040231714664,0.03151316195726395,3.5545151134332023,0.0033752988189614066,0.0,0.0,0.996015727519989,0.0009960158495232463,0.0009960158495232463,0.0009960158495232463,0.0009960158495232463
317,2.38104413243398,4.76208826486796,-0.006985343100636783,0.0009960158495232463,4.3203125,0.09375,-0.09375,10.212837208993733,-4783.372348364611,0.03151316195726395,3.5665318965911865,0.0036144689098970653,0.0,0.0,0.996015727519989,0.0009960158495232463,0.0009960158495232463,0.0009960158495232463,0.0009960158495232463
318,2.3813100798777174,4.762620159755435,-0.009429441173273172,0.0009960158495232463,4.6171875,0.296875,-0.296875,10.871971667045727,-5270.761915894329,0.03151316195726395,3.5417288541793823,0.0034099798552536718,0.0,0.0,0.996015727519989,0.0009960158495232463,0.0009960158495232463,0.0009960158495232463,0.0009960158495232463
319,2.3815871505828126,4.763174301165625,-0.020331867054567573,0.0009960158495232463,4.40625,0.296875,-0.296875,11.088728250004351,-5087.933367533041,0.03151316195726395,3.569212814172109,0.003259729991744583,0.0,0.0,0.996015727519989,0.0009960158495232463,0.0009960158495232463,0.0009960158495232463,0.0009960158495232463
320,2.3818327640447547,4.7636655280895095,-0.011569641390455859,0.0009960158495232463,4.546875,-0.3125,0.3125,10.827534707961604,-6420.501360686784,0.03151316195726395,3.512521664301554,0.0033898029457001635,0.0,0.0,0.996015727519989,0.0009960158495232463,0.0009960158495232463,0.0009960158495232463,0.0009960158495232463
321,2.38211701895104,4.76423403790208,-0.013154009656328519,0.0009960158495232463,4.3515625,-0.03125,0.03125,10.413237583008595,-6082.371606220677,0.03151316195726395,3.573538134495417,0.003705641555522258,0.0,0.0,0.996015727519989,0.0009960158495232463,0.0009960158495232463,0.0009960158495232463,0.0009960158495232463
322,2.3823798453683693,4.764759690736739,-0.01280173834779892,0.0009960158495232463,4.4375,0.265625,-0.265625,10.49702220899053,-4640.405629822905,0.03151316195726395,3.656146893898646,0.0037685583884012885,0.0,0.0,0.996015727519989,0.0009960158495232463,0.0009960158495232463,0.0009960158495232463,0.0009960158495232463
323,2.382611081989933,4.765222163979866,-0.010499780625125785,0.0009960158495232463,4.4765625,0.7734375,-0.7734375,10.543768708012067,-6668.803212976372,0.03151316195726395,3.6850084364414215,0.0034458870189458444,0.0,0.0,0.996015727519989,0.0009960158495232463,0.0009960158495232463,0.0009960158495232463,0.0009960158495232463
324,2.382896480048119,4.765792960096238,-0.008260519428447693,0.0009960158495232463,4.3046875,0.7109375,-0.7109375,10.91774775000522,-6210.9548621826725,0.03151316195726395,3.6084051032861075,0.0030196749394235667,0.0,0.0,0.996015727519989,0.0009960158495232463,0.0009960158495232463,0.0009960158495232463,0.0009960158495232463
325,2.383078037838641,4.766156075677282,-0.0061764503750850646,0.0009960158495232463,4.421875,-0.1328125,0.1328125,10.361063625023235,-6228.2066416521375,0.03151316195726395,3.6493014295895896,0.003305275871146781,0.0,0.0,0.996015727519989,0.0009960158495232463,0.0009960158495232463,0.0009960158495232463,0.0009960158495232463
326,2.3831886582263904,4.766377316452781,-0.0086333898579804,0.0009960158495232463,4.4765625,-0.1171875,0.1171875,10.5328529169783,-5472.860562336175,0.03151316195726395,3.6998354693253837,0.0036009054783789907,0.0,0.0,0.996015727519989,0.0009960158495232463,0.0009960158495232463,0.0009960158495232463,0.0009960158495232463
327,2.383508737461079,4.767017474922158,-0.012556247941386333,0.0009960158495232463,4.1953125,-0.4921875,0.4921875,9.890599665988702,-6406.238783610822,0.03151316195726395,3.7364153464635215,0.0036267347362202904,0.0,0.0,0.996015727519989,0.0009960158495232463,0.0009960158495232463,0.0009960158495232463,0.0009960158495232463
328,2.383645267289813,4.767290534579626,-0.009052223986046354,0.0009960158495232463,4.34375,-0.2109375,0.2109375,10.233062957995571,-6128.562585967908,0.03151316195726395,3.6695873538653054,0.0036221414435810098,0.0,0.0,0.996015727519989,0.0009960158495232463,0.0009960158495232463,0.0009960158495232463,0.0009960158495232463
329,2.3838146577992707,4.767629315598541,-0.009981810464385508,0.0009960158495232463,4.59375,-0.421875,0.421875,10.701553208986297,-7322.978368045521,0.03151316195726395,3.685448189576467,0.003699007094837725,0.0,0.0,0.996015727519989,0.0009960158495232463,0.0009960158495232463,0.0009960158495232463,0.0009960158495232463
330,2.3840394329439536,4.768078865887907,-0.014767181527627769,0.0009960158495232463,4.359375,0.1640625,-0.1640625,11.088353500002995,-6251.2812816524165,0.03151316195726395,3.6638158361117044,0.0035564028657972813,0.0,0.0,0.996015727519989,0.0009960158495232463,0.0009960158495232463,0.0009960158495232463,0.0009960158495232463
331,2.3842664898514085,4.768532979702817,-0.008511649705081831,0.0009960158495232463,4.5859375,0.6171875,-0.6171875,10.787461333035026,-5478.858753613759,0.03151316195726395,3.7392641802628837,0.0038210583540300527,0.0,0.0,0.996015727519989,0.0009960158495232463,0.0009960158495232463,0.0009960158495232463,0.0009960158495232463
332,2.3844350148319675,4.768870029663935,-0.008769013728124594,0.0009960158495232463,4.4609375,-1.0703125,1.0703125,10.491638125036843,-7795.068755528972,0.03151316195726395,3.668076068162918,0.00369734976751109,0.0,0.0,0.996015727519989,0.0009960158495232463,0.0009960158495232463,0.0009960158495232463,0.0009960158495232463
333,2.384505013954885,4.76901002790977,-0.0052048781454399565,0.0009960158495232463,4.3359375,-0.234375,0.234375,10.478775458992459,-7360.943444535539,0.03151316195726395,3.71166729927063,0.003588001554210981,0.0,0.0,0.996015727519989,0.0009960158495232463,0.0009960158495232463,0.0009960158495232463,0.0009960158495232463
334,2.3845183668701493,4.769036733740299,-0.005812235324442394,0.0009960158495232463,4.5390625,0.2421875,-0.2421875,10.703009291028138,-7794.098971749337,0.03151316195726395,3.6226183076699576,0.0033877880487125367,0.0,0.0,0.996015727519989,0.0009960158495232463,0.0009960158495232463,0.0009960158495232463,0.0009960158495232463
335,2.3846826475100307,4.769365295020061,-0.003501450537099938,0.0009960158495232463,4.65625,-0.9375,0.9375,10.973106292018201,-6172.141052041277,0.03151316195726395,3.654798855384191,0.0035941976918062815,0.0,0.0,0.996015727519989,0.0009960158495232463,0.0009960158495232463,0.0009960158495232463,0.0009960158495232463
336,2.3846932079514507,4.769386415902901,-0.010966736221677029,0.0009960158495232463,4.4140625,0.7578125,-0.7578125,11.100660207972396,-5279.355433857336,0.03151316195726395,3.7020900348822274,0.0037351485807448626,0.0,0.0,0.996015727519989,0.0009960158495232463,0.0009960158495232463,0.0009960158495232463,0.0009960158495232463
337,2.3847811007664896,4.769562201532979,-0.0072651683440719764,0.0009960158495232463,4.390625,-0.0625,0.0625,10.866532999963965,-7214.793811322956,0.03151316195726395,3.727977136770884,0.0036921361897839233,0.0,0.0,0.996015727519989,0.0009960158495232463,0.0009960158495232463,0.0009960158495232463,0.0009960158495232463
338,2.3848128941229736,4.769625788245947,-0.018421073850803778,0.0009960158495232463,4.390625,-0.59375,0.59375,10.459824417019263,-6693.514672751105,0.03151316195726395,3.778926511605581,0.0036176318186183685,0.0,0.0,0.996015727519989,0.0009960158495232463,0.0009960158495232463,0.0009960158495232463,0.0009960158495232463
339,2.384879894674767,4.769759789349534,-0.009813030165881148,0.0009960158495232463,4.3984375,-0.1875,0.1875,10.414861500030383,-8065.954184076502,0.03151316195726395,3.8552372455596924,0.002697703147229428,0.0,0.0,0.996015727519989,0.0009960158495232463,0.0009960158495232463,0.0009960158495232463,0.0009960158495232463
340,2.384866486470111,4.769732972940222,-0.012328576742034004,0.0009960158495232463,4.6953125,-0.8984375,0.8984375,11.54336308297934,-9233.65217908964,0.03151316195726395,3.7914380629857383,0.0027712123410310596,0.0,0.0,0.996015727519989,0.0009960158495232463,0.0009960158495232463,0.0009960158495232463,0.0009960158495232463
341,2.3849579984816742,4.7699159969633484,-0.0045713013883983454,0.0009960158495232463,4.640625,0.9609375,-0.9609375,11.925408667011652,-8140.46939137006,0.03151316195726395,3.773728609085083,0.003294500111223897,0.0,0.0,0.996015727519989,0.0009960158495232463,0.0009960158495232463,0.0009960158495232463,0.0009960158495232463
342,2.385032882842334,4.770065765684668,-0.020707409794635482,0.0009960158495232463,4.5390625,0.484375,-0.484375,11.920097374997567,-7853.064195852887,0.03151316195726395,3.780701140562693,0.003307022045191843,0.0,0.0,0.996015727519989,0.0009960158495232463,0.0009960158495232463,0.0009960158495232463,0.0009960158495232463
343,2.385077501049336,4.770155002098672,-0.014916557313219118,0.0009960158495232463,4.5234375,-0.5,0.5,10.602894124982413,-6827.368996747005,0.03151316195726395,3.7655911445617676,0.003499205859649616,0.0,0.0,0.996015727519989,0.0009960158495232463,0.0009960158495232463,0.0009960158495232463,0.0009960158495232463
344,2.385044475450446,4.770088950900892,-0.014955514405710144,0.0009960158495232463,4.453125,-0.109375,0.109375,16.46425104199443,-8294.402649447793,0.03151316195726395,3.7932192782560983,0.0027919318235944957,0.0,0.0,0.996015727519989,0.0009960158495232463,0.0009960158495232463,0.0009960158495232463,0.0009960158495232463
345,2.3850793164726247,4.770158632945249,-0.006436546194371867,0.0009960158495232463,4.5546875,-0.1484375,0.1484375,11.270482624997385,-7502.334867120811,0.03151316195726395,3.8611828287442527,0.0033177444614314786,0.0,0.0,0.996015727519989,0.0009960158495232463,0.0009960158495232463,0.0009960158495232463,0.0009960158495232463
346,2.385251973012923,4.770503946025846,-0.019506074723050902,0.0009960158495232463,4.3046875,0.6953125,-0.6953125,10.630118958011735,-8126.704650837367,0.03151316195726395,3.8723642329374948,0.003652255363704171,0.0,0.0,0.996015727519989,0.0009960158495232463,0.0009960158495232463,0.0009960158495232463,0.0009960158495232463
347,2.3853642696072486,4.770728539214497,-0.013820560952821557,0.0009960158495232463,4.2890625,-0.75,0.75,11.673465459025465,-7878.378175843174,0.03151316195726395,3.905516564846039,0.003512350911478279,0.0,0.0,0.996015727519989,0.0009960158495232463,0.0009960158495232463,0.0009960158495232463,0.0009960158495232463
348,2.385494406224745,4.77098881244949,-0.01753984431080554,0.0009960158495232463,4.484375,-0.34375,0.34375,10.97782874997938,-8103.095237838266,0.03151316195726395,3.93494842449824,0.0036053822962761237,0.0,0.0,0.996015727519989,0.0009960158495232463,0.0009960158495232463,0.0009960158495232463,0.0009960158495232463
349,2.38567073163171,4.77134146326342,-0.009534785561888017,0.0009960158495232463,4.3828125,-0.171875,0.171875,11.095497749978676,-8747.129213343329,0.03151316195726395,3.9408955772717795,0.003778308925878567,0.0,0.0,0.996015727519989,0.0009960158495232463,0.0009960158495232463,0.0009960158495232463,0.0009960158495232463
350,2.3857917671267015,4.771583534253403,-0.0048722835182161,0.0009960158495232463,4.53125,-0.1015625,0.1015625,11.722435584000777,-9358.873330820017,0.03151316195726395,3.9244720141092935,0.00343794077586305,0.0,0.0,0.996015727519989,0.0009960158495232463,0.0009960158495232463,0.0009960158495232463,0.0009960158495232463
351,2.3859758632935524,4.771951726587105,-0.008882265398586614,0.0009960158495232463,4.3828125,-0.8046875,0.8046875,10.904124083986972,-9705.371277290657,0.03151316195726395,3.900905748208364,0.0034727575742484382,0.0,0.0,0.996015727519989,0.0009960158495232463,0.0009960158495232463,0.0009960158495232463,0.0009960158495232463
352,2.386249552697235,4.77249910539447,-0.015949218195228113,0.0009960158495232463,4.375,-0.1953125,0.1953125,11.017544250003994,-8264.149958583286,0.03151316195726395,3.9938631852467856,0.0037375065633871904,0.0,0.0,0.996015727519989,0.0009960158495232463,0.0009960158495232463,0.0009960158495232463,0.0009960158495232463
353,2.386412237235098,4.772824474470196,-0.01435854149707673,0.0009960158495232463,4.4765625,0.2578125,-0.2578125,11.207254874985665,-7189.976925768361,0.03151316195726395,4.05482417345047,0.003683324059844987,0.0,0.0,0.996015727519989,0.0009960158495232463,0.0009960158495232463,0.0009960158495232463,0.0009960158495232463
354,2.3865370773877883,4.773074154775577,-0.009203804038226838,0.0009960158495232463,4.28125,0.0,0.0,10.570435207977425,-8163.881943445136,0.03151316195726395,3.9880101879437766,0.003568289288523374,0.0,0.0,0.996015727519989,0.0009960158495232463,0.0009960158495232463,0.0009960158495232463,0.0009960158495232463
355,2.3866442905435963,4.773288581087193,-0.004340888458677908,0.0009960158495232463,4.3984375,-0.2890625,0.2890625,11.109502333973069,-7408.023328276341,0.03151316195726395,3.930663049221039,0.0035143827675104453,0.0,0.0,0.996015727519989,0.0009960158495232463,0.0009960158495232463,0.0009960158495232463,0.0009960158495232463
356,2.386872864257594,4.773745728515188,-0.0167239220091226,0.0009960158495232463,4.3671875,-0.4375,0.4375,10.899754166021012,-8579.480447567852,0.03151316195726395,4.063993672529857,0.003640132045802602,0.0,0.0,0.996015727519989,0.0009960158495232463,0.0009960158495232463,0.0009960158495232463,0.0009960158495232463
357,2.387110557156098,4.774221114312196,-0.012344197251728969,0.0009960158495232463,4.4765625,-0.171875,0.171875,11.206257167039439,-10080.745751811988,0.03151316195726395,4.053016304969788,0.003239721755259476,0.0,0.0,0.996015727519989,0.0009960158495232463,0.0009960158495232463,0.0009960158495232463,0.0009960158495232463
358,2.3874046909756927,4.7748093819513855,-0.010546660823512395,0.0009960158495232463,4.53125,0.3671875,-0.3671875,11.281585291959345,-10347.467217373025,0.03151316195726395,3.9683134953180947,0.003194184462093593,0.0,0.0,0.996015727519989,0.0009960158495232463,0.0009960158495232463,0.0009960158495232463,0.0009960158495232463
359,2.3877430726934668,4.7754861453869335,-0.02153602766898186,0.0009960158495232463,4.625,0.1328125,-0.1328125,11.403223917004652,-8550.412236020371,0.03151316195726395,3.7939400672912598,0.0031682895933045074,0.0,0.0,0.996015727519989,0.0009960158495232463,0.0009960158495232463,0.0009960158495232463,0.0009960158495232463
360,2.3879296965470975,4.775859393094195,-0.010557892079580326,0.0009960158495232463,4.6015625,0.15625,-0.15625,11.412919458001852,-9653.737215751298,0.03151316195726395,3.7234199047088623,0.0029683290546624144,0.0,0.0,0.996015727519989,0.0009960158495232463,0.0009960158495232463,0.0009960158495232463,0.0009960158495232463
361,2.388382362279713,4.776764724559426,-0.010023488237958034,0.0009960158495232463,4.3359375,0.5,-0.5,10.815111084026285,-8095.376968397536,0.03151316195726395,3.737588425477346,0.003279585541652826,0.0,0.0,0.996015727519989,0.0009960158495232463,0.0009960158495232463,0.0009960158495232463,0.0009960158495232463
362,2.3885441683725346,4.777088336745069,-0.011248911177846379,0.0009960158495232463,4.375,-0.0546875,0.0546875,10.860729250009172,-9000.155349268232,0.03151316195726395,3.721342215935389,0.003335355329909362,0.0,0.0,0.996015727519989,0.0009960158495232463,0.0009960158495232463,0.0009960158495232463,0.0009960158495232463
363,2.3886684705313947,4.7773369410627895,-0.012472908562435627,0.0009960158495232463,4.640625,-1.21875,1.21875,11.43559374997858,-6970.478229188759,0.03151316195726395,3.8166766266028085,0.00339051087697347,0.0,0.0,0.996015727519989,0.0009960158495232463,0.0009960158495232463,0.0009960158495232463,0.0009960158495232463
364,2.3888641891583147,4.777728378316629,-0.018737308667702707,0.0009960158495232463,4.703125,0.4609375,-0.4609375,11.595768916944508,-8186.403509425167,0.03151316195726395,3.7646852334340415,0.003062706314570581,0.0,0.0,0.996015727519989,0.0009960158495232463,0.0009960158495232463,0.0009960158495232463,0.0009960158495232463
365,2.389197084568317,4.778394169136634,-0.017933475197846185,0.0009960158495232463,4.4609375,0.3125,-0.3125,11.367567916982807,-8765.339998783038,0.03151316195726395,3.837312231461207,0.0027530023352634694,0.0,0.0,0.996015727519989,0.0009960158495232463,0.0009960158495232463,0.0009960158495232463,0.0009960158495232463
366,2.3896908039849447,4.779381607969889,-0.013461290239464546,0.0009960158495232463,4.734375,0.296875,-0.296875,8.846640083997045,-7830.183736165364,0.03151316195726395,3.901476174592972,0.0027315116215807698,0.0,0.0,0.996015727519989,0.0009960158495232463,0.0009960158495232463,0.0009960158495232463,0.0009960158495232463
367,2.3900166159279825,4.780033231855965,-0.01029675862777297,0.0009960158495232463,4.609375,-0.0703125,0.0703125,6.501774166012183,-8338.859701305324,0.03151316195726395,3.9323189556598663,0.0029219474769585454,0.0,0.0,0.996015727519989,0.0009960158495232463,0.0009960158495232463,0.0009960158495232463,0.0009960158495232463
368,2.3903308200823217,4.780661640164643,-0.013339356838023925,0.0009960158495232463,4.40625,-0.0078125,0.0078125,6.198121875000652,-10015.166206156953,0.03151316195726395,3.930469403664271,0.003222883759008255,0.0,0.0,0.996015727519989,0.0009960158495232463,0.0009960158495232463,0.0009960158495232463,0.0009960158495232463
369,2.3905177652308605,4.781035530461721,-0.008690833255329055,0.0009960158495232463,4.390625,-0.2578125,0.2578125,6.3056172910146415,-10228.872559421852,0.03151316195726395,4.0460502703984575,0.0033435888908570632,0.0,0.0,0.996015727519989,0.0009960158495232463,0.0009960158495232463,0.0009960158495232463,0.0009960158495232463
370,2.3908562108952793,4.781712421790559,-0.010500620366482128,0.0009960158495232463,4.5546875,0.96875,-0.96875,6.43775529100094,-6737.47105013813,0.03151316195726395,4.068579872449239,0.0027714377029042225,0.0,0.0,0.996015727519989,0.0009960158495232463,0.0009960158495232463,0.0009960158495232463,0.0009960158495232463
371,2.3912526045381552,4.7825052090763105,-0.01723589650316691,0.0009960158495232463,4.484375,0.0,0.0,6.3113767500035465,-7530.843118727415,0.03151316195726395,4.119096020857493,0.0026237638574760544,0.0,0.0,0.996015727519989,0.0009960158495232463,0.0009960158495232463,0.0009960158495232463,0.0009960158495232463
372,2.3915981206335086,4.783196241267017,-0.0157279932989097,0.0009960158495232463,4.5703125,0.6953125,-0.6953125,6.474194415961392,-8111.230671339768,0.03151316195726395,4.084489087263743,0.00269132932771754,0.0,0.0,0.996015727519989,0.0009960158495232463,0.0009960158495232463,0.0009960158495232463,0.0009960158495232463
373,2.3919236662144825,4.783847332428965,-0.019638275773808292,0.0009960158495232463,4.5703125,0.65625,-0.65625,6.473404958029278,-8696.562136410445,0.03151316195726395,3.991975506146749,0.003184178921704491,0.0,0.0,0.996015727519989,0.0009960158495232463,0.0009960158495232463,0.0009960158495232463,0.0009960158495232463
374,2.3922174231414326,4.784434846282865,-0.013379632642052275,0.0009960158495232463,4.515625,-0.359375,0.359375,6.445883332984522,-8611.40839696178,0.03151316195726395,3.943021774291992,0.003322946256957948,0.0,0.0,0.996015727519989,0.0009960158495232463,0.0009960158495232463,0.0009960158495232463,0.0009960158495232463
375,2.3924734554997538,4.7849469109995075,-0.01285674457875376,0.0009960158495232463,4.46875,0.3359375,-0.3359375,6.364906416973099,-12088.486699044288,0.03151316195726395,3.969243844350179,0.003017709297031009,0.0,0.0,0.996015727519989,0.0009960158495232463,0.0009960158495232463,0.0009960158495232463,0.0009960158495232463
376,2.3928225037723654,4.785645007544731,-0.012700292255082561,0.0009960158495232463,4.578125,0.5234375,-0.5234375,6.565927374991588,-12810.771897976716,0.03151316195726395,4.028604328632355,0.002926249799808526,0.0,0.0,0.996015727519989,0.0009960158495232463,0.0009960158495232463,0.0009960158495232463,0.0009960158495232463
377,2.393118714501315,4.78623742900263,-0.016540369507759212,0.0009960158495232463,4.78125,-0.34375,0.34375,6.8203650420182385,-11017.962397207622,0.03151316195726395,4.037713378667831,0.002947801297220091,0.0,0.0,0.996015727519989,0.0009960158495232463,0.0009960158495232463,0.0009960158495232463,0.0009960158495232463
378,2.3934122468554175,4.786824493710835,-0.012603654118832958,0.0009960158495232463,4.4921875,0.5078125,-0.5078125,6.364590499957558,-12003.733630609928,0.03151316195726395,4.1004728476206465,0.0027649578520746823,0.0,0.0,0.996015727519989,0.0009960158495232463,0.0009960158495232463,0.0009960158495232463,0.0009960158495232463
379,2.393758226127253,4.787516452254506,-0.013635994604427992,0.0009960158495232463,4.5703125,-0.765625,0.765625,6.503829166002106,-9617.71434181409,0.03151316195726395,4.172574162483215,0.002983083618649592,0.0,0.0,0.996015727519989,0.0009960158495232463,0.0009960158495232463,0.0009960158495232463,0.0009960158495232463
380,2.394060483618432,4.788120967236864,-0.014826629572640394,0.0009960158495232463,4.3984375,-0.6640625,0.6640625,6.2757613330031745,-8658.87531848318,0.03151316195726395,4.103892117738724,0.003103517950269937,0.0,0.0,0.996015727519989,0.0009960158495232463,0.0009960158495232463,0.0009960158495232463,0.0009960158495232463
381,2.3943400099185417,4.788680019837083,-0.015436340851550302,0.0009960158495232463,4.2890625,-0.1875,0.1875,6.057198541006073,-8216.63982674854,0.03151316195726395,4.103777229785919,0.003061628341432273,0.0,0.0,0.996015727519989,0.0009960158495232463,0.0009960158495232463,0.0009960158495232463,0.0009960158495232463
382,2.394639152421889,4.789278304843778,-0.015161186282640035,0.0009960158495232463,4.3515625,0.296875,-0.296875,6.16146720899269,-12524.209678677296,0.03151316195726395,4.0513509313265486,0.0031214952080821,0.0,0.0,0.996015727519989,0.0009960158495232463,0.0009960158495232463,0.0009960158495232463,0.0009960158495232463
383,2.3949320350331393,4.789864070066279,-0.018344214609148035,0.0009960158495232463,4.4609375,-0.59375,0.59375,6.326812833023723,-9992.088233961116,0.03151316195726395,4.059729407231013,0.0033256938404520042,0.0,0.0,0.996015727519989,0.0009960158495232463,0.0009960158495232463,0.0009960158495232463,0.0009960158495232463
384,2.395102908218867,4.790205816437734,-0.011402193707261704,0.0009960158495232463,4.4765625,0.5625,-0.5625,6.3372057499946095,-12743.781654158187,0.03151316195726395,3.9006185134251914,0.0029803920236493773,0.0,0.0,0.996015727519989,0.0009960158495232463,0.0009960158495232463,0.0009960158495232463,0.0009960158495232463
385,2.395404867155988,4.790809734311976,-0.02003213597523869,0.0009960158495232463,4.6796875,-0.1875,0.1875,7.141805624996778,-11990.952982066668,0.03151316195726395,4.0135151942571,0.0027712669058625274,0.0,0.0,0.996015727519989,0.0009960158495232463,0.0009960158495232463,0.0009960158495232463,0.0009960158495232463
386,2.395650279176488,4.791300558352976,-0.015946872611110743,0.0009960158495232463,4.5078125,-0.03125,0.03125,6.534364708000794,-12797.517368177814,0.03151316195726395,3.987262745698293,0.0028543388022323293,0.0,0.0,0.996015727519989,0.0009960158495232463,0.0009960158495232463,0.0009960158495232463,0.0009960158495232463
387,2.395844854926497,4.791689709852994,-0.01286900255830818,0.0009960158495232463,4.5,0.015625,-0.015625,6.523603415989783,-13112.209428018994,0.03151316195726395,4.011973222096761,0.0029427551320016696,0.0,0.0,0.996015727519989,0.0009960158495232463,0.0009960158495232463,0.0009960158495232463,0.0009960158495232463
388,2.3961280437696493,4.7922560875392985,-0.021813763417743454,0.0009960158495232463,4.375,0.1953125,-0.1953125,6.28237024997361,-13034.616306141445,0.03151316195726395,4.060572514931361,0.0033120432708528824,0.0,0.0,0.996015727519989,0.0009960158495232463,0.0009960158495232463,0.0009960158495232463,0.0009960158495232463
389,2.3963332893419818,4.7926665786839635,-0.011831747894096844,0.0009960158495232463,4.53125,-0.78125,0.78125,6.447091041947715,-8449.61913396901,0.03151316195726395,4.071209808190663,0.0032362767233280465,0.0,0.0,0.996015727519989,0.0009960158495232463,0.0009960158495232463,0.0009960158495232463,0.0009960158495232463
390,2.3964589317609946,4.792917863521989,-0.01719963984996241,0.0009960158495232463,4.5234375,-0.25,0.25,6.418317625008058,-9537.07827529512,0.03151316195726395,4.048515200614929,0.0031333248310450776,0.0,0.0,0.996015727519989,0.0009960158495232463,0.0009960158495232463,0.0009960158495232463,0.0009960158495232463
391,2.396656820804811,4.793313641609622,-0.008445532390497194,0.0009960158495232463,4.265625,-0.71875,0.71875,6.159574583987705,-10478.216560140198,0.03151316195726395,4.143787205219269,0.003770011336503861,0.0,0.0,0.996015727519989,0.0009960158495232463,0.0009960158495232463,0.0009960158495232463,0.0009960158495232463
392,2.39680082899167,4.79360165798334,-0.013677357394893279,0.0009960158495232463,4.5625,-0.0078125,0.0078125,6.45871754095424,-13126.050212206907,0.03151316195726395,4.07631242275238,0.003180746913434026,0.0,0.0,0.996015727519989,0.0009960158495232463,0.0009960158495232463,0.0009960158495232463,0.0009960158495232463
393,2.3970493400469017,4.7940986800938035,-0.02064590091063504,0.0009960158495232463,4.3828125,0.5234375,-0.5234375,6.224641957960557,-12430.039603819821,0.03151316195726395,4.034747928380966,0.002768515756542911,0.0,0.0,0.996015727519989,0.0009960158495232463,0.0009960158495232463,0.0009960158495232463,0.0009960158495232463
394,2.397220323823937,4.794440647647874,-0.014334292130864842,0.0009960158495232463,4.5390625,-0.078125,0.078125,6.429530749970581,-14551.640234548335,0.03151316195726395,4.106136937936147,0.0025349357829327346,0.0,0.0,0.996015727519989,0.0009960158495232463,0.0009960158495232463,0.0009960158495232463,0.0009960158495232463
395,2.397477520396955,4.79495504079391,-0.012840260540636547,0.0009960158495232463,4.6484375,0.3515625,-0.3515625,6.566514458041638,-14037.752735734186,0.03151316195726395,4.1178595423698425,0.0027618970822610813,0.0,0.0,0.996015727519989,0.0009960158495232463,0.0009960158495232463,0.0009960158495232463,0.0009960158495232463
396,2.397789876233211,4.795579752466422,-0.012424191246662811,0.0009960158495232463,4.3984375,-0.4921875,0.4921875,6.2443427499965765,-11287.251190104238,0.03151316195726395,4.263858497142792,0.003028961753140417,0.0,0.0,0.996015727519989,0.0009960158495232463,0.0009960158495232463,0.0009960158495232463,0.0009960158495232463
397,2.398196941037938,4.796393882075876,-0.015486402518280644,0.0009960158495232463,4.578125,-0.328125,0.328125,6.496000958955847,-11109.948485182415,0.03151316195726395,4.2645777861277265,0.0030719915569837517,0.0,0.0,0.996015727519989,0.0009960158495232463,0.0009960158495232463,0.0009960158495232463,0.0009960158495232463
398,2.398580173412377,4.797160346824754,-0.014957494400326496,0.0009960158495232463,4.3828125,-0.0078125,0.0078125,6.245426499983296,-12694.00415729924,0.03151316195726395,4.258859733740489,0.0020278329854287827,0.0,0.0,0.996015727519989,0.0009960158495232463,0.0009960158495232463,0.0009960158495232463,0.0009960158495232463
399,2.399091148810577,4.798182297621154,-0.019243524840852656,0.0009960158495232463,4.4296875,-0.25,0.25,6.344826665997971,-10948.932537152863,0.03151316195726395,4.311050891876221,0.002503355631536882,0.0,0.0,0.996015727519989,0.0009960158495232463,0.0009960158495232463,0.0009960158495232463,0.0009960158495232463
400,2.399560912373891,4.799121824747782,-0.01194252919281024,0.0009960158495232463,4.4921875,-0.421875,0.421875,6.36729424999794,-11812.07700948964,0.03151316195726395,4.123741825421651,0.002804570370547784,0.0,0.0,0.996015727519989,0.0009960158495232463,0.0009960158495232463,0.0009960158495232463,0.0009960158495232463
401,2.3998614321284135,4.799722864256827,-0.020877268037769268,0.0009960158495232463,4.546875,0.0703125,-0.0703125,6.436356333026197,-13398.601199068155,0.03151316195726395,4.2553794384002686,0.0033975859211447337,0.0,0.0,0.996015727519989,0.0009960158495232463,0.0009960158495232463,0.0009960158495232463,0.0009960158495232463
402,2.4000938892585015,4.800187778517003,-0.012899980157931293,0.0009960158495232463,4.609375,0.265625,-0.265625,6.6838978749583475,-12770.29725628869,0.03151316195726395,4.175590455532074,0.003300059529768381,0.0,0.0,0.996015727519989,0.0009960158495232463,0.0009960158495232463,0.0009960158495232463,0.0009960158495232463
403,2.400383055028258,4.800766110056516,-0.018952981945899457,0.0009960158495232463,4.46875,0.359375,-0.359375,6.345981208025478,-12273.623907315981,0.03151316195726395,4.179182092348735,0.003167191840475425,0.0,0.0,0.996015727519989,0.0009960158495232463,0.0009960158495232463,0.0009960158495232463,0.0009960158495232463
404,2.4005274202352593,4.801054840470519,-0.0172616829215853,0.0009960158495232463,4.5625,0.078125,-0.078125,6.45164270803798,-12189.957635226316,0.03151316195726395,4.1857478221257525,0.0034882106435058327,0.0,0.0,0.996015727519989,0.0009960158495232463,0.0009960158495232463,0.0009960158495232463,0.0009960158495232463
405,2.400847860862105,4.80169572172421,-0.012122267048383343,0.0009960158495232463,4.453125,-0.0703125,0.0703125,6.368331667035818,-13204.442660816929,0.03151316195726395,4.212896267573039,0.0030539137757538506,0.0,0.0,0.996015727519989,0.0009960158495232463,0.0009960158495232463,0.0009960158495232463,0.0009960158495232463
406,2.401138406749266,4.802276813498532,-0.01737889707440333,0.0009960158495232463,4.6171875,0.2734375,-0.2734375,6.575534791976679,-12431.109030218495,0.03151316195726395,4.171764214833577,0.002564554655691609,0.0,0.0,0.996015727519989,0.0009960158495232463,0.0009960158495232463,0.0009960158495232463,0.0009960158495232463
407,2.401418754329175,4.80283750865835,-0.008144384223113742,0.0009960158495232463,4.4140625,-0.34375,0.34375,6.328714750008658,-12956.183590239129,0.03151316195726395,4.143424848715465,0.002510052981961053,0.0,0.0,0.996015727519989,0.0009960158495232463,0.0009960158495232463,0.0009960158495232463,0.0009960158495232463
408,2.4016870647358557,4.803374129471711,-0.018611041325494723,0.0009960158495232463,4.3671875,0.203125,-0.203125,6.241625791997649,-12513.138466550114,0.03151316195726395,4.130062798659007,0.002863493228990895,0.0,0.0,0.996015727519989,0.0009960158495232463,0.0009960158495232463,0.0009960158495232463,0.0009960158495232463
409,2.4020970718454384,4.804194143690877,-0.016067500122420055,0.0009960158495232463,4.421875,-0.109375,0.109375,6.247138208011165,-16758.435727608077,0.03151316195726395,4.277421633402507,0.002972681684695999,0.0,0.0,0.996015727519989,0.0009960158495232463,0.0009960158495232463,0.0009960158495232463,0.0009960158495232463
410,2.402263746162117,4.804527492324234,-0.008675343865686138,0.0009960158495232463,4.7109375,0.234375,-0.234375,6.678942625003401,-11913.40365711927,0.03151316195726395,4.216279904047648,0.003043235888981144,0.0,0.0,0.996015727519989,0.0009960158495232463,0.0009960158495232463,0.0009960158495232463,0.0009960158495232463
411,2.4025363233516757,4.805072646703351,-0.015493065166427164,0.0009960158495232463,4.578125,0.7109375,-0.7109375,6.6205209589679725,-14876.475874917092,0.03151316195726395,4.182849923769633,0.002847975879073298,0.0,0.0,0.996015727519989,0.0009960158495232463,0.0009960158495232463,0.0009960158495232463,0.0009960158495232463
412,2.4027112843368448,4.8054225686736896,-0.015614335512982124,0.0009960158495232463,4.6640625,0.2890625,-0.2890625,7.135677999991458,-13562.187981789237,0.03151316195726395,4.093071500460307,0.003174340122010714,0.0,0.0,0.996015727519989,0.0009960158495232463,0.0009960158495232463,0.0009960158495232463,0.0009960158495232463
413,2.402908896329345,4.80581779265869,-0.014840129739315384,0.0009960158495232463,4.6328125,0.2578125,-0.2578125,6.984161707980093,-13777.150677042506,0.03151316195726395,4.139203826586406,0.003093694823595191,0.0,0.0,0.996015727519989,0.0009960158495232463,0.0009960158495232463,0.0009960158495232463,0.0009960158495232463
414,2.4032184324692683,4.8064368649385365,-0.026802784747235044,0.0009960158495232463,4.421875,-0.3671875,0.3671875,6.369721625000238,-14150.542727386151,0.03151316195726395,4.138598481814067,0.003045547586225439,0.0,0.0,0.996015727519989,0.0009960158495232463,0.0009960158495232463,0.0009960158495232463,0.0009960158495232463
415,2.403520817844319,4.807041635688638,-0.007171726005308458,0.0009960158495232463,4.6171875,-0.2578125,0.2578125,6.725130332983099,-14364.72755579295,0.03151316195726395,4.094912528991699,0.0030060365776686617,0.0,0.0,0.996015727519989,0.0009960158495232463,0.0009960158495232463,0.0009960158495232463,0.0009960158495232463
416,2.4035674360175743,4.8071348720351486,-0.015629143698582183,0.0009960158495232463,4.5859375,-0.078125,0.078125,6.612032749981154,-11819.348682981943,0.03151316195726395,4.176572481791179,0.002959316870449887,0.0,0.0,0.996015727519989,0.0009960158495232463,0.0009960158495232463,0.0009960158495232463,0.0009960158495232463
417,2.403921553307782,4.807843106615564,-0.02219247589050918,0.0009960158495232463,4.625,0.3203125,-0.3203125,6.74448824999854,-14067.373964490118,0.03151316195726395,4.172948439915975,0.003053681051824242,0.0,0.0,0.996015727519989,0.0009960158495232463,0.0009960158495232463,0.0009960158495232463,0.0009960158495232463
418,2.4042816204742445,4.808563240948489,-0.013022768272955487,0.0009960158495232463,4.5546875,-0.4453125,0.4453125,6.94780287501635,-16728.775134758926,0.03151316195726395,4.248042941093445,0.002899975353405656,0.0,0.0,0.996015727519989,0.0009960158495232463,0.0009960158495232463,0.0009960158495232463,0.0009960158495232463
419,2.4046666022874685,4.809333204574937,-0.015208879724565413,0.0009960158495232463,4.5625,-0.0625,0.0625,6.62018262501806,-18475.256715774536,0.03151316195726395,4.272991259892781,0.00259456696039706,0.0,0.0,0.996015727519989,0.0009960158495232463,0.0009960158495232463,0.0009960158495232463,0.0009960158495232463
420,2.4050434599065014,4.810086919813003,-0.014149229835205411,0.0009960158495232463,4.5,-0.28125,0.28125,6.507798874983564,-17729.796787791784,0.03151316195726395,4.254833062489827,0.0026976310667426637,0.0,0.0,0.996015727519989,0.0009960158495232463,0.0009960158495232463,0.0009960158495232463,0.0009960158495232463
421,2.4054345540197346,4.810869108039469,-0.011704554974552034,0.0009960158495232463,4.78125,-0.3203125,0.3203125,6.770190290990286,-19605.140049254973,0.03151316195726395,4.230646073818207,0.0027678090409608558,0.0,0.0,0.996015727519989,0.0009960158495232463,0.0009960158495232463,0.0009960158495232463,0.0009960158495232463
422,2.4057627133161725,4.811525426632345,-0.020239858697706364,0.0009960158495232463,4.609375,0.046875,-0.046875,6.71974070899887,-14192.436016638805,0.03151316195726395,4.194284697373708,0.0028007655685845143,0.0,0.0,0.996015727519989,0.0009960158495232463,0.0009960158495232463,0.0009960158495232463,0.0009960158495232463
423,2.4061054058097064,4.812210811619413,-0.022958843189854947,0.0009960158495232463,4.421875,0.53125,-0.53125,6.4092212920077145,-20676.015414504196,0.03151316195726395,4.199556370576222,0.0030097660722579653,0.0,0.0,0.996015727519989,0.0009960158495232463,0.0009960158495232463,0.0009960158495232463,0.0009960158495232463
424,2.406337026593236,4.812674053186472,-0.01891724131156622,0.0009960158495232463,4.7421875,-0.5,0.5,6.910369666991755,-16734.670978854083,0.03151316195726395,4.246648708979289,0.0019013046791466575,0.0,0.0,0.996015727519989,0.0009960158495232463,0.0009960158495232463,0.0009960158495232463,0.0009960158495232463
425,2.4065541721716004,4.813108344343201,-0.020646621842653902,0.0009960158495232463,4.7265625,0.3828125,-0.3828125,7.022046374971978,-16915.697765356646,0.03151316195726395,4.134411851565043,0.002515779468618954,0.0,0.0,0.996015727519989,0.0009960158495232463,0.0009960158495232463,0.0009960158495232463,0.0009960158495232463
426,2.4067688761721113,4.813537752344223,-0.020494100104866513,0.0009960158495232463,4.5859375,-0.5703125,0.5703125,6.563337999978103,-20847.476601777737,0.03151316195726395,4.091584940751393,0.0029274010157678276,0.0,0.0,0.996015727519989,0.0009960158495232463,0.0009960158495232463,0.0009960158495232463,0.0009960158495232463
427,2.406961427355218,4.813922854710436,-0.012448373493774374,0.0009960158495232463,4.5546875,-0.1484375,0.1484375,6.489238333015237,-17997.596368491955,0.03151316195726395,4.107606242100398,0.003112978024489621,0.0,0.0,0.996015727519989,0.0009960158495232463,0.0009960158495232463,0.0009960158495232463,0.0009960158495232463
428,2.407187220927888,4.814374441855776,-0.01397907306442622,0.0009960158495232463,4.5390625,-0.2421875,0.2421875,6.445431958010886,-16838.68666966975,0.03151316195726395,4.253862043221791,0.00256464028643677,0.0,0.0,0.996015727519989,0.0009960158495232463,0.0009960158495232463,0.0009960158495232463,0.0009960158495232463
429,2.4073437400080286,4.814687480016057,-0.016163923027417107,0.0009960158495232463,4.5859375,0.0625,-0.0625,6.518932166974992,-16134.370540586404,0.03151316195726395,4.3135795791943865,0.0020328296571581936,0.0,0.0,0.996015727519989,0.0009960158495232463,0.0009960158495232463,0.0009960158495232463,0.0009960158495232463
430,2.4076068159140434,4.815213631828087,-0.014828496882608625,0.0009960158495232463,4.4921875,0.15625,-0.15625,6.3669385419925675,-17223.153269361414,0.03151316195726395,4.3217691878477735,0.002343573656010752,0.0,0.0,0.996015727519989,0.0009960158495232463,0.0009960158495232463,0.0009960158495232463,0.0009960158495232463
431,2.4079657843503792,4.8159315687007584,-0.016714155316341007,0.0009960158495232463,4.578125,-0.0625,0.0625,6.495811500004493,-20046.92870737017,0.03151316195726395,4.30373611052831,0.0028947098180651665,0.0,0.0,0.996015727519989,0.0009960158495232463,0.0009960158495232463,0.0009960158495232463,0.0009960158495232463
432,2.4081934702122263,4.816386940424453,-0.027261412091868102,0.0009960158495232463,4.5625,-0.5625,0.5625,6.603798583033495,-20795.41924523654,0.03151316195726395,4.2585472365220385,0.002723644681585332,0.0,0.0,0.996015727519989,0.0009960158495232463,0.0009960158495232463,0.0009960158495232463,0.0009960158495232463
433,2.408336774615046,4.816673549230092,-0.01492669674423167,0.0009960158495232463,4.421875,0.453125,-0.453125,6.306149584008381,-15528.446779096084,0.03151316195726395,4.2258618374665575,0.002825859070677931,0.0,0.0,0.996015727519989,0.0009960158495232463,0.0009960158495232463,0.0009960158495232463,0.0009960158495232463
434,2.408492709396599,4.816985418793198,-0.011576692994646002,0.0009960158495232463,4.3359375,-0.796875,0.796875,6.227159041969571,-15136.83593857224,0.03151316195726395,4.305496871471405,0.003136363501350085,0.0,0.0,0.996015727519989,0.0009960158495232463,0.0009960158495232463,0.0009960158495232463,0.0009960158495232463
435,2.408728736116457,4.817457472232914,-0.018476517257906055,0.0009960158495232463,4.703125,-0.1640625,0.1640625,6.698838249954861,-16315.845512390137,0.03151316195726395,4.330628454685211,0.003121474432797792,0.0,0.0,0.996015727519989,0.0009960158495232463,0.0009960158495232463,0.0009960158495232463,0.0009960158495232463
436,2.4088770776093202,4.8177541552186405,-0.015256849656034433,0.0009960158495232463,4.46875,0.109375,-0.109375,6.330943875014782,-20182.80118624814,0.03151316195726395,4.361599187056224,0.002567604669214537,0.0,0.0,0.996015727519989,0.0009960158495232463,0.0009960158495232463,0.0009960158495232463,0.0009960158495232463
437,2.4091101477071346,4.818220295414269,-0.012220919877278375,0.0009960158495232463,4.5703125,-0.15625,0.15625,6.518676333012991,-20179.755088141024,0.03151316195726395,4.306701600551605,0.0028048124028525003,0.0,0.0,0.996015727519989,0.0009960158495232463,0.0009960158495232463,0.0009960158495232463,0.0009960158495232463
438,2.4092684893928356,4.818536978785671,-0.02444963750830242,0.0009960158495232463,4.5625,0.09375,-0.09375,6.4634365839883685,-21969.087101792637,0.03151316195726395,4.21984726190567,0.002440001381425342,0.0,0.0,0.996015727519989,0.0009960158495232463,0.0009960158495232463,0.0009960158495232463,0.0009960158495232463
439,2.4094567874134505,4.818913574826901,-0.02966331513372004,0.0009960158495232463,4.3515625,0.703125,-0.703125,6.174335375020746,-17869.34752620786,0.03151316195726395,4.261796613534291,0.002738578613692274,0.0,0.0,0.996015727519989,0.0009960158495232463,0.0009960158495232463,0.0009960158495232463,0.0009960158495232463
440,2.409746956587152,4.819493913174304,-0.031152885038869448,0.0009960158495232463,4.484375,-0.265625,0.265625,6.379495417000726,-21262.698612279593,0.03151316195726395,4.347903211911519,0.002824184276202383,0.0,0.0,0.996015727519989,0.0009960158495232463,0.0009960158495232463,0.0009960158495232463,0.0009960158495232463
441,2.4100631300512436,4.820126260102487,-0.026691975427817802,0.0009960158495232463,4.625,-0.4921875,0.4921875,6.528568041976541,-19408.161665736017,0.03151316195726395,4.473339339097341,0.0029206620826395615,0.0,0.0,0.996015727519989,0.0009960158495232463,0.0009960158495232463,0.0009960158495232463,0.0009960158495232463
442,2.410404363061458,4.820808726122916,-0.014142546493251518,0.0009960158495232463,4.53125,0.8125,-0.8125,6.438695083023049,-19897.323399826575,0.03151316195726395,4.529098351796468,0.00286245626436236,0.0,0.0,0.996015727519989,0.0009960158495232463,0.0009960158495232463,0.0009960158495232463,0.0009960158495232463
443,2.410781819971011,4.821563639942022,-0.012152599952884001,0.0009960158495232463,4.7734375,-0.4453125,0.4453125,6.759636832983233,-15859.444279347621,0.03151316195726395,4.398904303709666,0.0029270725087068663,0.0,0.0,0.996015727519989,0.0009960158495232463,0.0009960158495232463,0.0009960158495232463,0.0009960158495232463
444,2.41115557423744,4.82231114847488,-0.023695797870956183,0.0009960158495232463,4.59375,0.3203125,-0.3203125,6.46634758397704,-20719.644797162946,0.03151316195726395,4.436987618605296,0.0026596726092975587,0.0,0.0,0.996015727519989,0.0009960158495232463,0.0009960158495232463,0.0009960158495232463,0.0009960158495232463
445,2.4114505238012205,4.822901047602441,-0.020963710538674105,0.0009960158495232463,4.6015625,-0.265625,0.265625,6.4904671250260435,-24144.64530286805,0.03151316195726395,4.379049340883891,0.002849969011246382,0.0,0.0,0.996015727519989,0.0009960158495232463,0.0009960158495232463,0.0009960158495232463,0.0009960158495232463
446,2.4117755634607745,4.823551126921549,-0.020079183390155582,0.0009960158495232463,4.53125,-0.4375,0.4375,6.43958887498593,-18976.732924546868,0.03151316195726395,4.379855195681254,0.002566480724757033,0.0,0.0,0.996015727519989,0.0009960158495232463,0.0009960158495232463,0.0009960158495232463,0.0009960158495232463
447,2.412219706616222,4.824439413232444,-0.027070740809469918,0.0009960158495232463,4.7109375,0.046875,-0.046875,6.661398541997187,-20307.268281547586,0.03151316195726395,4.281246662139893,0.0022269682049227413,0.0,0.0,0.996015727519989,0.0009960158495232463,0.0009960158495232463,0.0009960158495232463,0.0009960158495232463
448,2.412539771429291,4.825079542858582,-0.015264213936766803,0.0009960158495232463,4.5,-0.0078125,0.0078125,6.4420848749578,-21426.88421946102,0.03151316195726395,4.221559365590413,0.0024073167529460684,0.0,0.0,0.996015727519989,0.0009960158495232463,0.0009960158495232463,0.0009960158495232463,0.0009960158495232463
449,2.412799413035349,4.825598826070698,-0.0196685462787622,0.0009960158495232463,4.4375,0.0,0.0,6.337640832993202,-22145.856524265986,0.03151316195726395,4.1742332975069685,0.0024876059072388066,0.0,0.0,0.996015727519989,0.0009960158495232463,0.0009960158495232463,0.0009960158495232463,0.0009960158495232463
450,2.413070312471329,4.826140624942658,-0.022260139775848377,0.0009960158495232463,4.4296875,-0.265625,0.265625,6.337143958022352,-21435.162822016962,0.03151316195726395,4.20195331176122,0.0025455861953863255,0.0,0.0,0.996015727519989,0.0009960158495232463,0.0009960158495232463,0.0009960158495232463,0.0009960158495232463
451,2.4133416037983286,4.826683207596657,-0.014161171627246378,0.0009960158495232463,4.4140625,0.625,-0.625,6.281632250000257,-24675.044469863755,0.03151316195726395,4.270472407341003,0.0028254397172228587,0.0,0.0,0.996015727519989,0.0009960158495232463,0.0009960158495232463,0.0009960158495232463,0.0009960158495232463
452,2.4135963104841505,4.827192620968301,-0.021186409949759746,0.0009960158495232463,4.609375,0.3359375,-0.3359375,6.544544834003318,-19329.330419378766,0.03151316195726395,4.195142567157745,0.002912238381820013,0.0,0.0,0.996015727519989,0.0009960158495232463,0.0009960158495232463,0.0009960158495232463,0.0009960158495232463
453,2.4139147460665678,4.8278294921331355,-0.006884003684693452,0.0009960158495232463,4.53125,0.265625,-0.265625,6.481256458966527,-13892.050908634581,0.03151316195726395,4.2778961062431335,0.002976652285118083,0.0,0.0,0.996015727519989,0.0009960158495232463,0.0009960158495232463,0.0009960158495232463,0.0009960158495232463
454,2.414227705792627,4.828455411585254,-0.017746646727922918,0.0009960158495232463,4.5390625,-0.578125,0.578125,6.502439457981382,-14111.56493594355,0.03151316195726395,4.348357240358989,0.0031793720942611494,0.0,0.0,0.996015727519989,0.0009960158495232463,0.0009960158495232463,0.0009960158495232463,0.0009960158495232463
455,2.414477131704479,4.828954263408958,-0.02211240480829822,0.0009960158495232463,4.5703125,-0.4140625,0.4140625,6.499296208028682,-14323.446708405323,0.03151316195726395,4.295477052529653,0.0028133555121409395,0.0,0.0,0.996015727519989,0.0009960158495232463,0.0009960158495232463,0.0009960158495232463,0.0009960158495232463
456,2.4148816575507865,4.829763315101573,-0.019324369547685,0.0009960158495232463,4.5078125,-0.125,0.125,6.390653707960155,-13793.828273991365,0.03151316195726395,4.347076793511708,0.0027402911897903928,0.0,0.0,0.996015727519989,0.0009960158495232463,0.0009960158495232463,0.0009960158495232463,0.0009960158495232463
457,2.4152236454152423,4.8304472908304845,-0.014510544345224717,0.0009960158495232463,4.4296875,-0.4765625,0.4765625,6.362126375024673,-24206.6108079806,0.03151316195726395,4.353278557459514,0.0026442147961157994,0.0,0.0,0.996015727519989,0.0009960158495232463,0.0009960158495232463,0.0009960158495232463,0.0009960158495232463
458,2.415598517615535,4.83119703523107,-0.01765697355117413,0.0009960158495232463,4.515625,-0.1015625,0.1015625,6.357194207957946,-23988.691058201774,0.03151316195726395,4.423001368840535,0.002714444702481463,0.0,0.0,0.996015727519989,0.0009960158495232463,0.0009960158495232463,0.0009960158495232463,0.0009960158495232463
459,2.415864310919685,4.83172862183937,-0.012275635236179135,0.0009960158495232463,4.4765625,-0.8125,0.8125,6.30918154201936,-25429.929825175288,0.03151316195726395,4.487948377927144,0.0022132688803443066,0.0,0.0,0.996015727519989,0.0009960158495232463,0.0009960158495232463,0.0009960158495232463,0.0009960158495232463
460,2.4162303637505533,4.832460727501107,-0.016826267110043817,0.0009960158495232463,4.390625,0.3203125,-0.3203125,6.2285822500125505,-21395.55377859747,0.03151316195726395,4.467612832784653,0.0021533662802539766,0.0,0.0,0.996015727519989,0.0009960158495232463,0.0009960158495232463,0.0009960158495232463,0.0009960158495232463
461,2.4164768461273938,4.8329536922547875,-0.013893615543233461,0.0009960158495232463,4.7890625,0.0703125,-0.0703125,6.740943917015102,-20368.573675805943,0.03151316195726395,4.401168177525203,0.0026370846547555025,0.0,0.0,0.996015727519989,0.0009960158495232463,0.0009960158495232463,0.0009960158495232463,0.0009960158495232463
462,2.416708069187366,4.833416138374732,-0.007822506319113213,0.0009960158495232463,4.6015625,-0.2265625,0.2265625,6.522932666004635,-23046.90777717422,0.03151316195726395,4.425423781077067,0.002501603884108287,0.0,0.0,0.996015727519989,0.0009960158495232463,0.0009960158495232463,0.0009960158495232463,0.0009960158495232463
463,2.416959103424412,4.833918206848824,-0.024074331967032993,0.0009960158495232463,4.5546875,-0.3046875,0.3046875,6.451577041996643,-16358.56098479963,0.03151316195726395,4.41183481613795,0.0025009383850071267,0.0,0.0,0.996015727519989,0.0009960158495232463,0.0009960158495232463,0.0009960158495232463,0.0009960158495232463
464,2.41722075932494,4.83444151864988,-0.01930412345401661,0.0009960158495232463,4.4453125,-0.3046875,0.3046875,6.291397124994546,-17006.17930123006,0.03151316195726395,4.558519820372264,0.0019724756457435433,0.0,0.0,0.996015727519989,0.0009960158495232463,0.0009960158495232463,0.0009960158495232463,0.0009960158495232463
465,2.4174728992002876,4.834945798400575,-0.017873924292852734,0.0009960158495232463,4.6875,-0.5859375,0.5859375,6.650768374965992,-18952.965575205486,0.03151316195726395,4.539883116881053,0.0014679725039362286,0.0,0.0,0.996015727519989,0.0009960158495232463,0.0009960158495232463,0.0009960158495232463,0.0009960158495232463
466,2.417747530055423,4.835495060110846,-0.006507607327418577,0.0009960158495232463,4.625,-0.234375,0.234375,6.523521707975306,-15826.382158124768,0.03151316195726395,4.44213451941808,0.0018451061672143017,0.0,0.0,0.996015727519989,0.0009960158495232463,0.0009960158495232463,0.0009960158495232463,0.0009960158495232463
467,2.4181504811446053,4.836300962289211,-0.01616115213047366,0.0009960158495232463,4.7578125,-0.2734375,0.2734375,6.708048166998196,-19872.575407281885,0.03151316195726395,4.399692912896474,0.0021525425399886444,0.0,0.0,0.996015727519989,0.0009960158495232463,0.0009960158495232463,0.0009960158495232463,0.0009960158495232463
468,2.4169682692384287,4.833936538476857,-0.017483808023994733,0.0009960158507401312,4.484375,0.7890625,-0.7890625,6.392289791023359,-22074.66126737694,0.03151316199620426,4.529549698034923,0.0019483467791966784,0.0,0.0,0.996015727519989,0.0009960158507401312,0.0009960158507401312,0.0009960158507401312,0.0009960158507401312
469,2.59569895489528,5.19139790979056,-0.02694958462221894,0.0009964931624307195,4.5078125,-0.4921875,0.4921875,6.447315792029258,-19398.533725661524,0.03419018980354536,4.480419258276622,0.002559376269346103,0.0,0.0,0.99552212461855,0.0009964931624307195,0.0014882543399862209,0.0009964931624307195,0.0009964931624307195
470,2.605087891950987,5.210175783901974,-0.02044957701384703,0.0009969893634228658,4.9765625,0.078125,-0.078125,7.01908174995333,-18492.801268642033,0.1420579618267025,3.636443873246511,-0.0031722423154860735,0.0,0.0,0.02941513558874547,0.0009969893634228658,0.9675938417810473,0.0009969893634228658,0.0009969893634228658
471,2.6061138445258005,5.212227689051601,-0.03549293381139949,0.0009960159659385681,4.75,1.3984375,-1.3984375,6.840115792001598,-20180.27251976415,0.03151305019855499,3.1352334022521973,-0.002933106782923763,0.0,0.0,0.0009960159659385681,0.0009960159659385681,0.9960158467292786,0.0009960159659385681,0.0009960159659385681
472,2.606996748583504,5.213993497167008,-0.028506190656683236,0.0009960159659385681,5.046875,-0.8828125,0.8828125,7.126058124995325,-18670.869618843954,0.03151305019855499,2.911820044120153,-0.002436777574378842,0.0,0.0,0.0009960159659385681,0.0009960159659385681,0.9960158467292786,0.0009960159659385681,0.0009960159659385681
473,2.607779235249494,5.215558470498988,-0.033129493635606355,0.0009960159659385681,4.734375,-0.4765625,0.4765625,6.650269709003624,-18949.243927505544,0.03151305019855499,2.8395471970240274,-0.002010480132109175,0.0,0.0,0.0009960159659385681,0.0009960159659385681,0.9960158467292786,0.0009960159659385681,0.0009960159659385681
474,2.608565977384216,5.217131954768432,-0.017412527606053135,0.0009960159659385681,4.7890625,-0.1484375,0.1484375,6.81610241701128,-14396.377752207622,0.03151305019855499,2.8358349998792014,-0.001810362392764849,0.0,0.0,0.0009960159659385681,0.0009960159659385681,0.9960158467292786,0.0009960159659385681,0.0009960159659385681
475,2.609246778628936,5.218493557257872,-0.03500929248186882,0.0009960159659385681,4.8984375,0.046875,-0.046875,6.966717750008684,-18294.042594800154,0.03151305019855499,2.861229161421458,-0.0016949209772671263,0.0,0.0,0.0009960159659385681,0.0009960159659385681,0.9960158467292786,0.0009960159659385681,0.0009960159659385681
476,2.6100671927249657,5.220134385449931,-0.02224442969060728,0.0009960159659385681,4.9296875,0.0,0.0,6.998556125035975,-14092.514008777454,0.03151305019855499,2.9078867634137473,-0.0016721048547575872,0.0,0.0,0.0009960159659385681,0.0009960159659385681,0.9960158467292786,0.0009960159659385681,0.0009960159659385681
477,2.6110092274472647,5.222018454894529,-0.03839936483831516,0.0009960159659385681,4.8515625,0.28125,-0.28125,6.808435041981284,-19426.94347879161,0.03151305019855499,2.9532595574855804,-0.0018035558690219962,0.0,0.0,0.0009960159659385681,0.0009960159659385681,0.9960158467292786,0.0009960159659385681,0.0009960159659385681
478,2.6117200491580626,5.223440098316125,-0.029509467299484622,0.0009960159659385681,4.859375,0.1484375,-0.1484375,6.910727832990233,-27706.92787077189,0.03151305019855499,3.0441510379314423,-0.0017246926072402857,0.0,0.0,0.0009960159659385681,0.0009960159659385681,0.9960158467292786,0.0009960159659385681,0.0009960159659385681
479,2.6124595243012467,5.2249190486024935,-0.01926325103157863,0.0009960159659385681,4.734375,0.765625,-0.765625,6.747573375003412,-17115.036792666997,0.03151305019855499,3.0487598180770874,-0.001969127632037271,0.0,0.0,0.0009960159659385681,0.0009960159659385681,0.9960158467292786,0.0009960159659385681,0.0009960159659385681
480,2.613197949357578,5.226395898715156,-0.02384406346508065,0.0009960159659385681,4.734375,-0.296875,0.296875,6.632802666979842,-20377.918096611604,0.03151305019855499,3.129115422566732,-0.002169610222457171,0.0,0.0,0.0009960159659385681,0.0009960159659385681,0.9960158467292786,0.0009960159659385681,0.0009960159659385681
481,2.613926419569135,5.22785283913827,-0.0201116793136263,0.0009960159659385681,4.8515625,-0.15625,0.15625,6.80645908403676,-22357.371827842726,0.03151305019855499,3.099867890278498,-0.0022864473333659894,0.0,0.0,0.0009960159659385681,0.0009960159659385681,0.9960158467292786,0.0009960159659385681,0.0009960159659385681
482,2.6145963980222824,5.229192796044565,-0.029232148984207375,0.0009960159659385681,4.7734375,0.2734375,-0.2734375,6.709571416024119,-16543.14061111475,0.03151305019855499,3.0987815062204995,-0.002192413288867101,0.0,0.0,0.0009960159659385681,0.0009960159659385681,0.9960158467292786,0.0009960159659385681,0.0009960159659385681
483,2.6152421173321962,5.2304842346643925,-0.0297465455278349,0.0009960159659385681,5.109375,0.484375,-0.484375,7.169777916977182,-15208.525307191621,0.03151305019855499,3.108468314011892,-0.002308762923348695,0.0,0.0,0.0009960159659385681,0.0009960159659385681,0.9960158467292786,0.0009960159659385681,0.0009960159659385681
484,2.616002367026823,5.232004734053646,-0.01643212429208488,0.0009960159659385681,4.859375,-0.2109375,0.2109375,6.915882667002734,-11942.09819899188,0.03151305019855499,3.0545037984848022,-0.002739416440211547,0.0,0.0,0.0009960159659385681,0.0009960159659385681,0.9960158467292786,0.0009960159659385681,0.0009960159659385681
485,2.616723888226887,5.233447776453774,-0.03824264813011051,0.0009960159659385681,4.7734375,0.3828125,-0.3828125,6.7111269169836305,-26146.851186099888,0.03151305019855499,2.9981830517450967,-0.0029411555296974257,0.0,0.0,0.0009960159659385681,0.0009960159659385681,0.9960158467292786,0.0009960159659385681,0.0009960159659385681
486,2.6174342079560504,5.234868415912101,-0.024358774773551306,0.0009960159659385681,4.7734375,0.03125,-0.03125,6.613101625000127,-24140.407039611116,0.03151305019855499,3.0092765788237252,-0.003402250750999277,0.0,0.0,0.0009960159659385681,0.0009960159659385681,0.9960158467292786,0.0009960159659385681,0.0009960159659385681
487,2.6180914656506475,5.236182931301295,-0.022698211490563648,0.0009960159659385681,4.7890625,0.9453125,-0.9453125,6.740213542012498,-31391.15189589334,0.03151305019855499,3.031387080748876,-0.003298285400281505,0.0,0.0,0.0009960159659385681,0.0009960159659385681,0.9960158467292786,0.0009960159659385681,0.0009960159659385681
488,2.6187636917119743,5.237527383423949,-0.019449360817859508,0.0009960159659385681,4.921875,0.234375,-0.234375,6.968819083995186,-22119.255306861513,0.03151305019855499,3.0412918428579965,-0.003229705835110508,0.0,0.0,0.0009960159659385681,0.0009960159659385681,0.9960158467292786,0.0009960159659385681,0.0009960159659385681
489,2.619367519903318,5.238735039806636,-0.017693785852384646,0.0009960159659385681,4.8515625,0.125,-0.125,6.774885834020097,-18257.410137870655,0.03151305019855499,3.100001553694407,-0.0037135817037778907,0.0,0.0,0.0009960159659385681,0.0009960159659385681,0.9960158467292786,0.0009960159659385681,0.0009960159659385681
490,2.619995735251572,5.239991470503144,-0.023438009133420916,0.0009960159659385681,4.859375,0.0625,-0.0625,6.956260834005661,-19797.40209303485,0.03151305019855499,3.0600698391596475,-0.003687260488125806,0.0,0.0,0.0009960159659385681,0.0009960159659385681,0.9960158467292786,0.0009960159659385681,0.0009960159659385681
491,2.620619618127125,5.24123923625425,-0.020971733626036066,0.0009960159659385681,5.015625,0.125,-0.125,7.007866750005633,-18927.05376916808,0.03151305019855499,2.9123445749282837,-0.0029237717875124267,0.0,0.0,0.0009960159659385681,0.0009960159659385681,0.9960158467292786,0.0009960159659385681,0.0009960159659385681
492,2.6213339342602495,5.242667868520499,-0.016499306565792318,0.0009960159659385681,4.890625,0.265625,-0.265625,6.804921832983382,-22529.999506356235,0.03151305019855499,2.9278932015101113,-0.0026883547943725716,0.0,0.0,0.0009960159659385681,0.0009960159659385681,0.9960158467292786,0.0009960159659385681,0.0009960159659385681
493,2.621871519011666,5.243743038023332,-0.015120320649982985,0.0009960159659385681,4.890625,-0.7578125,0.7578125,6.9103233749629,-18504.441961562672,0.03151305019855499,2.930585424105326,-0.002512901774025522,0.0,0.0,0.0009960159659385681,0.0009960159659385681,0.9960158467292786,0.0009960159659385681,0.0009960159659385681
494,2.622477395217807,5.244954790435614,-0.02818106165668908,0.0009960159659385681,4.90625,0.1484375,-0.1484375,6.946491666953079,-18744.882539542617,0.03151305019855499,2.950636476278305,-0.002442455321822005,0.0,0.0,0.0009960159659385681,0.0009960159659385681,0.9960158467292786,0.0009960159659385681,0.0009960159659385681
495,2.623021168144416,5.246042336288832,-0.018666195172899212,0.0009960159659385681,4.8359375,0.0703125,-0.0703125,6.72887950000586,-19671.786533633032,0.03151305019855499,2.9132019380728402,-0.0024488399794790894,0.0,0.0,0.0009960159659385681,0.0009960159659385681,0.9960158467292786,0.0009960159659385681,0.0009960159659385681
496,2.623651015129904,5.247302030259808,-0.027884683888089193,0.0009960159659385681,5.109375,1.453125,-1.453125,7.139845083002001,-21190.713405690793,0.03151305019855499,2.9979804158210754,-0.0026921090284304228,0.0,0.0,0.0009960159659385681,0.0009960159659385681,0.9960158467292786,0.0009960159659385681,0.0009960159659385681
497,2.624357696098235,5.24871539219647,-0.026502661204321206,0.0009960159659385681,4.8203125,-0.078125,0.078125,6.766964624985121,-30670.58899123626,0.03151305019855499,3.0100956559181213,-0.0025274875903657326,0.0,0.0,0.0009960159659385681,0.0009960159659385681,0.9960158467292786,0.0009960159659385681,0.0009960159659385681
498,2.6250318408764257,5.250063681752851,-0.029077292694361604,0.0009960159659385681,4.9453125,0.21875,-0.21875,6.9635745830019005,-18094.388291007912,0.03151305019855499,3.0438721080621085,-0.002608307908910016,0.0,0.0,0.0009960159659385681,0.0009960159659385681,0.9960158467292786,0.0009960159659385681,0.0009960159659385681
499,2.625699162856134,5.251398325712268,-0.02360140586770003,0.0009960159659385681,4.9765625,0.09375,-0.09375,7.083583167055622,-20728.35813518147,0.03151305019855499,3.095548689365387,-0.002892787456706477,0.0,0.0,0.0009960159659385681,0.0009960159659385681,0.9960158467292786,0.0009960159659385681,0.0009960159659385681
500,2.626251663217415,5.25250332643483,-0.028242070262815683,0.0009960159659385681,4.96875,0.0390625,-0.0390625,7.043083959026262,-22403.10350789964,0.03151305019855499,3.1027682423591614,-0.003138167390716262,0.0,0.0,0.0009960159659385681,0.0009960159659385681,0.9960158467292786,0.0009960159659385681,0.0009960159659385681
